2026-07-10 20:15:56,029 - INFO - 交大法学期刊五轴位置归属度评估启动
2026-07-10 20:15:56,029 - INFO - 模型：deepseek-v4-pro, qwen3.6-plus
2026-07-10 20:15:56,029 - INFO - 论文并发：8
2026-07-10 20:15:56,029 - INFO - 分数阈值：> -1.0
2026-07-10 20:15:56,029 - INFO - R2 策略：auto
2026-07-10 20:15:56,114 - INFO - 论文筛选：149/149 篇满足 final_score > -1.0
2026-07-10 20:15:56,114 - INFO - 待评估论文：149 篇
2026-07-10 20:15:56,118 - INFO - Ontology 节点数：757
2026-07-10 20:15:56,447 - INFO - [R1] PID=111 XSYK2023002008_赖骏楠和景风华_2023_学术月刊_法律儒家化未曾发生？——以家庭法制为中心.md 开始
2026-07-10 20:15:56,450 - INFO - [R1] PID=146 XSYK2025009010_叶会成_2025_学术月刊_比例原则的基本观念及其普遍化.md 开始
2026-07-10 20:15:56,452 - INFO - [R1] PID=88 XSYK2021004010_戴昕_2021_学术月刊_看破不说破 一种基础隐私规范.md 开始
2026-07-10 20:15:56,454 - INFO - [R1] PID=141 XSYK2025006009_万勇和李亚兰_2025_学术月刊_论著作权法中作品独创性的判断方法.md 开始
2026-07-10 20:15:56,457 - INFO - [R1] PID=65 7101182958_雷磊_2020_学术月刊_立法的特性——从阶层构造论到原则权衡理论.md 开始
2026-07-10 20:15:56,459 - INFO - [R1] PID=68 7101497695_苏力_2020_学术月刊_历史中国的分配正义 实践与思想.md 开始
2026-07-10 20:15:56,461 - INFO - [R1] PID=81 88838975504849574850484949_戴昕_2019_学术月刊_重新发现社会规范 中国网络法的经济社会学 开始
2026-07-10 20:15:56,463 - INFO - [R1] PID=100 XSYK2022002009_阎天_2022_学术月刊_中国劳动法学的宪法观 成形、嬗变与展望.md 开始
2026-07-10 20:16:29,747 - INFO - HTTP Request: POST https://dashscope.aliyuncs.com/compatible-mode/v1/chat/completions "HTTP/1.1 200 OK"
2026-07-10 20:16:39,261 - INFO - HTTP Request: POST https://dashscope.aliyuncs.com/compatible-mode/v1/chat/completions "HTTP/1.1 200 OK"
2026-07-10 20:16:52,983 - INFO - HTTP Request: POST https://dashscope.aliyuncs.com/compatible-mode/v1/chat/completions "HTTP/1.1 200 OK"
2026-07-10 20:17:02,801 - INFO - HTTP Request: POST https://dashscope.aliyuncs.com/compatible-mode/v1/chat/completions "HTTP/1.1 200 OK"
2026-07-10 20:17:03,395 - INFO - HTTP Request: POST https://dashscope.aliyuncs.com/compatible-mode/v1/chat/completions "HTTP/1.1 200 OK"
2026-07-10 20:17:07,012 - INFO - HTTP Request: POST https://dashscope.aliyuncs.com/compatible-mode/v1/chat/completions "HTTP/1.1 200 OK"
2026-07-10 20:17:09,360 - INFO - HTTP Request: POST https://dashscope.aliyuncs.com/compatible-mode/v1/chat/completions "HTTP/1.1 200 OK"
2026-07-10 20:17:24,080 - INFO - HTTP Request: POST https://dashscope.aliyuncs.com/compatible-mode/v1/chat/completions "HTTP/1.1 200 OK"
2026-07-10 20:17:24,083 - INFO - [R1] PID=141 完成 (87.6s)
2026-07-10 20:17:24,083 - INFO - [R1] PID=80 88838975504849574850484948_胡凌_2019_学术月刊_从开放资源到基础服务 平台监管的新视角. 开始
2026-07-10 20:17:32,642 - INFO - HTTP Request: POST https://dashscope.aliyuncs.com/compatible-mode/v1/chat/completions "HTTP/1.1 200 OK"
2026-07-10 20:17:32,647 - INFO - [R1] PID=68 完成 (96.2s)
2026-07-10 20:17:32,647 - INFO - [R1] PID=48 676838583_朱冰_2018_学术月刊_自然资源“环境权”在财产法中的理论逻辑.md 开始
2026-07-10 20:17:33,359 - INFO - HTTP Request: POST https://dashscope.aliyuncs.com/compatible-mode/v1/chat/completions "HTTP/1.1 200 OK"
2026-07-10 20:17:33,365 - INFO - [R1] PID=146 完成 (96.9s)
2026-07-10 20:17:33,365 - INFO - [R1] PID=77 7103036693_赖骏楠_2020_学术月刊_清代四川州县的契税治理 以南部县契税诉讼为侧重点.md 开始
2026-07-10 20:17:34,835 - INFO - HTTP Request: POST https://dashscope.aliyuncs.com/compatible-mode/v1/chat/completions "HTTP/1.1 200 OK"
2026-07-10 20:17:34,840 - INFO - [R1] PID=88 完成 (98.4s)
2026-07-10 20:17:34,841 - INFO - [R1] PID=139 XSYK2025005009_何松威_2025_学术月刊_领域法学的理论反思与证成.md 开始
2026-07-10 20:17:38,390 - INFO - HTTP Request: POST https://dashscope.aliyuncs.com/compatible-mode/v1/chat/completions "HTTP/1.1 200 OK"
2026-07-10 20:17:38,392 - INFO - HTTP Request: POST https://dashscope.aliyuncs.com/compatible-mode/v1/chat/completions "HTTP/1.1 200 OK"
2026-07-10 20:17:38,397 - INFO - [R1] PID=111 完成 (101.9s)
2026-07-10 20:17:38,397 - INFO - [R1] PID=59 7003025619_翟志勇_2019_学术月刊_《共同纲领》与新中国的不成文宪法(1949-1954).md 开始
2026-07-10 20:17:39,327 - INFO - HTTP Request: POST https://dashscope.aliyuncs.com/compatible-mode/v1/chat/completions "HTTP/1.1 200 OK"
2026-07-10 20:17:39,333 - INFO - [R1] PID=100 完成 (102.9s)
2026-07-10 20:17:39,333 - INFO - [R1] PID=45 676636432_章永乐_2018_学术月刊_“大国协调”与“大妥协”：条约网络、银行团与辛亥革命的路径.md 开始
2026-07-10 20:17:39,511 - INFO - HTTP Request: POST https://dashscope.aliyuncs.com/compatible-mode/v1/chat/completions "HTTP/1.1 200 OK"
2026-07-10 20:17:39,514 - INFO - [R1] PID=81 完成 (103.1s)
2026-07-10 20:17:39,515 - INFO - [R1] PID=52 7002363983_翟翌_2019_学术月刊_作为特许人的行政主体与“受许人的对象人”之间关系的变迁及价值——一个行政 开始
2026-07-10 20:17:46,775 - INFO - HTTP Request: POST https://dashscope.aliyuncs.com/compatible-mode/v1/chat/completions "HTTP/1.1 200 OK"
2026-07-10 20:17:46,781 - INFO - [R1] PID=65 完成 (110.3s)
2026-07-10 20:17:46,781 - INFO - [R1] PID=79 7103609282_汪洋_2020_学术月刊_民法典无因管理的内外体系与规范呈现.md 开始
2026-07-10 20:18:08,066 - INFO - HTTP Request: POST https://dashscope.aliyuncs.com/compatible-mode/v1/chat/completions "HTTP/1.1 200 OK"
2026-07-10 20:18:08,794 - INFO - HTTP Request: POST https://dashscope.aliyuncs.com/compatible-mode/v1/chat/completions "HTTP/1.1 200 OK"
2026-07-10 20:18:31,159 - INFO - HTTP Request: POST https://dashscope.aliyuncs.com/compatible-mode/v1/chat/completions "HTTP/1.1 200 OK"
2026-07-10 20:18:40,386 - INFO - HTTP Request: POST https://dashscope.aliyuncs.com/compatible-mode/v1/chat/completions "HTTP/1.1 200 OK"
2026-07-10 20:18:44,174 - INFO - HTTP Request: POST https://dashscope.aliyuncs.com/compatible-mode/v1/chat/completions "HTTP/1.1 200 OK"
2026-07-10 20:18:44,184 - INFO - [R1] PID=80 完成 (80.1s)
2026-07-10 20:18:44,184 - INFO - [R1] PID=144 XSYK2025007011_张途_2025_学术月刊_为何法治概念应包含“基本正义要求”.md 开始
2026-07-10 20:18:46,539 - INFO - HTTP Request: POST https://dashscope.aliyuncs.com/compatible-mode/v1/chat/completions "HTTP/1.1 200 OK"
2026-07-10 20:18:51,587 - INFO - HTTP Request: POST https://dashscope.aliyuncs.com/compatible-mode/v1/chat/completions "HTTP/1.1 200 OK"
2026-07-10 20:18:56,196 - INFO - HTTP Request: POST https://dashscope.aliyuncs.com/compatible-mode/v1/chat/completions "HTTP/1.1 200 OK"
2026-07-10 20:19:09,650 - INFO - HTTP Request: POST https://dashscope.aliyuncs.com/compatible-mode/v1/chat/completions "HTTP/1.1 200 OK"
2026-07-10 20:19:12,221 - INFO - HTTP Request: POST https://dashscope.aliyuncs.com/compatible-mode/v1/chat/completions "HTTP/1.1 200 OK"
2026-07-10 20:19:12,227 - INFO - [R1] PID=77 完成 (98.9s)
2026-07-10 20:19:12,227 - INFO - [R1] PID=118 XSYK2023010009_谢晶_2023_学术月刊_清律“财产犯罪”体系的比较法阐释.md 开始
2026-07-10 20:19:14,530 - INFO - HTTP Request: POST https://dashscope.aliyuncs.com/compatible-mode/v1/chat/completions "HTTP/1.1 200 OK"
2026-07-10 20:19:14,536 - INFO - [R1] PID=59 完成 (96.1s)
2026-07-10 20:19:14,536 - INFO - [R1] PID=60 7100212662_强世功_2019_学术月刊_批判法律理论的场域——从《秋菊打官司》看批判法律理论的转向.md 开始
2026-07-10 20:19:15,676 - INFO - HTTP Request: POST https://dashscope.aliyuncs.com/compatible-mode/v1/chat/completions "HTTP/1.1 200 OK"
2026-07-10 20:19:15,682 - INFO - [R1] PID=139 完成 (100.8s)
2026-07-10 20:19:15,683 - INFO - [R1] PID=62 7101006210_薛军_2019_学术月刊_中国法上的行为能力宣告 制度内涵与解释论重塑.md 开始
2026-07-10 20:19:17,241 - INFO - HTTP Request: POST https://dashscope.aliyuncs.com/compatible-mode/v1/chat/completions "HTTP/1.1 200 OK"
2026-07-10 20:19:17,247 - INFO - [R1] PID=48 完成 (104.6s)
2026-07-10 20:19:17,247 - INFO - [R1] PID=30 673776794_张小虎_2017_学术月刊_论刑法上典型异样因果形态的因果关系特别判断.md 开始
2026-07-10 20:19:19,945 - INFO - HTTP Request: POST https://dashscope.aliyuncs.com/compatible-mode/v1/chat/completions "HTTP/1.1 200 OK"
2026-07-10 20:19:19,953 - INFO - [R1] PID=52 完成 (100.4s)
2026-07-10 20:19:19,953 - INFO - [R1] PID=114 XSYK2023006016_李俊强_2023_学术月刊_唐前律典的历史书写与谱系制造.md 开始
2026-07-10 20:19:19,983 - INFO - HTTP Request: POST https://dashscope.aliyuncs.com/compatible-mode/v1/chat/completions "HTTP/1.1 200 OK"
2026-07-10 20:19:30,953 - INFO - HTTP Request: POST https://dashscope.aliyuncs.com/compatible-mode/v1/chat/completions "HTTP/1.1 200 OK"
2026-07-10 20:19:30,961 - INFO - [R1] PID=79 完成 (104.2s)
2026-07-10 20:19:30,961 - INFO - [R1] PID=33 674002486_李宇_2017_学术月刊_新桃换旧符：民法总则上的恶意串通行为无效规范.md 开始
2026-07-10 20:19:33,574 - INFO - HTTP Request: POST https://dashscope.aliyuncs.com/compatible-mode/v1/chat/completions "HTTP/1.1 200 OK"
2026-07-10 20:19:33,579 - INFO - [R1] PID=45 完成 (114.2s)
2026-07-10 20:19:33,580 - INFO - [R1] PID=73 7102601814_李勤通_2020_学术月刊_法律儒家化及其解释力.md 开始
2026-07-10 20:20:02,897 - INFO - HTTP Request: POST https://dashscope.aliyuncs.com/compatible-mode/v1/chat/completions "HTTP/1.1 200 OK"
2026-07-10 20:20:09,472 - INFO - HTTP Request: POST https://dashscope.aliyuncs.com/compatible-mode/v1/chat/completions "HTTP/1.1 200 OK"
2026-07-10 20:20:15,783 - INFO - HTTP Request: POST https://dashscope.aliyuncs.com/compatible-mode/v1/chat/completions "HTTP/1.1 200 OK"
2026-07-10 20:20:17,409 - INFO - HTTP Request: POST https://dashscope.aliyuncs.com/compatible-mode/v1/chat/completions "HTTP/1.1 200 OK"
2026-07-10 20:20:22,736 - INFO - HTTP Request: POST https://dashscope.aliyuncs.com/compatible-mode/v1/chat/completions "HTTP/1.1 200 OK"
2026-07-10 20:20:22,836 - INFO - HTTP Request: POST https://dashscope.aliyuncs.com/compatible-mode/v1/chat/completions "HTTP/1.1 200 OK"
2026-07-10 20:20:31,535 - INFO - HTTP Request: POST https://dashscope.aliyuncs.com/compatible-mode/v1/chat/completions "HTTP/1.1 200 OK"
2026-07-10 20:20:31,542 - INFO - [R1] PID=144 完成 (107.4s)
2026-07-10 20:20:31,542 - INFO - [R1] PID=133 XSYK2025001010_石磊和程金华_2025_学术月刊_超越“东西”之分：中国司法需求的空间演变与类型化.md 开始
2026-07-10 20:20:32,328 - INFO - HTTP Request: POST https://dashscope.aliyuncs.com/compatible-mode/v1/chat/completions "HTTP/1.1 200 OK"
2026-07-10 20:20:50,146 - INFO - HTTP Request: POST https://dashscope.aliyuncs.com/compatible-mode/v1/chat/completions "HTTP/1.1 200 OK"
2026-07-10 20:20:50,152 - INFO - [R1] PID=62 完成 (94.5s)
2026-07-10 20:20:50,152 - INFO - [R1] PID=86 XSYK2021003018_周东平和薛夷风_2021_学术月刊_北朝胡汉融合视域下中古 五刑 刑罚体系形成史新论——兼 开始
2026-07-10 20:20:50,338 - INFO - HTTP Request: POST https://dashscope.aliyuncs.com/compatible-mode/v1/chat/completions "HTTP/1.1 200 OK"
2026-07-10 20:20:50,343 - INFO - [R1] PID=60 完成 (95.8s)
2026-07-10 20:20:50,344 - INFO - [R1] PID=149 XSYK2025011008_彭诚信和李东宇_2025_学术月刊_人格权法自主知识创新的理论基础与制度表达.md 开始
2026-07-10 20:20:55,746 - INFO - HTTP Request: POST https://dashscope.aliyuncs.com/compatible-mode/v1/chat/completions "HTTP/1.1 200 OK"
2026-07-10 20:20:55,751 - INFO - [R1] PID=114 完成 (95.8s)
2026-07-10 20:20:55,751 - INFO - [R1] PID=32 674002484_王文胜_2017_学术月刊_《民法总则》与原有法律司法解释之间的规范竞合及其处理.md 开始
2026-07-10 20:21:00,607 - INFO - HTTP Request: POST https://dashscope.aliyuncs.com/compatible-mode/v1/chat/completions "HTTP/1.1 200 OK"
2026-07-10 20:21:00,614 - INFO - [R1] PID=30 完成 (103.4s)
2026-07-10 20:21:00,614 - INFO - [R1] PID=131 XSYK2024011009_张翅翔和雷磊_2024_学术月刊_法学学术批评的两种形态及其意义.md 开始
2026-07-10 20:21:02,276 - INFO - HTTP Request: POST https://dashscope.aliyuncs.com/compatible-mode/v1/chat/completions "HTTP/1.1 200 OK"
2026-07-10 20:21:02,287 - INFO - [R1] PID=33 完成 (91.3s)
2026-07-10 20:21:02,289 - INFO - [R1] PID=89 XSYK2021004011_谢晶_2021_学术月刊_律贵诛心 清代盗律及实践中的 主观恶性.md 开始
2026-07-10 20:21:04,168 - INFO - HTTP Request: POST https://dashscope.aliyuncs.com/compatible-mode/v1/chat/completions "HTTP/1.1 200 OK"
2026-07-10 20:21:04,173 - INFO - [R1] PID=118 完成 (111.9s)
2026-07-10 20:21:04,173 - INFO - [R1] PID=110 XSYK2023001010_杜文俊和陈超_2023_学术月刊_引入与调适：自然惩罚免刑规则的本土化建构.md 开始
2026-07-10 20:21:15,483 - INFO - HTTP Request: POST https://dashscope.aliyuncs.com/compatible-mode/v1/chat/completions "HTTP/1.1 200 OK"
2026-07-10 20:21:15,492 - INFO - [R1] PID=73 完成 (101.9s)
2026-07-10 20:21:15,492 - INFO - [R1] PID=119 XSYK2023011009_陶南颖_2023_学术月刊_中国涉外法治研究主体性建构的悖论及其超越.md 开始
2026-07-10 20:21:27,264 - INFO - HTTP Request: POST https://dashscope.aliyuncs.com/compatible-mode/v1/chat/completions "HTTP/1.1 200 OK"
2026-07-10 20:21:38,047 - INFO - HTTP Request: POST https://dashscope.aliyuncs.com/compatible-mode/v1/chat/completions "HTTP/1.1 200 OK"
2026-07-10 20:21:45,179 - INFO - HTTP Request: POST https://dashscope.aliyuncs.com/compatible-mode/v1/chat/completions "HTTP/1.1 200 OK"
2026-07-10 20:21:47,437 - INFO - HTTP Request: POST https://dashscope.aliyuncs.com/compatible-mode/v1/chat/completions "HTTP/1.1 200 OK"
2026-07-10 20:21:47,472 - INFO - HTTP Request: POST https://dashscope.aliyuncs.com/compatible-mode/v1/chat/completions "HTTP/1.1 200 OK"
2026-07-10 20:21:51,955 - INFO - HTTP Request: POST https://dashscope.aliyuncs.com/compatible-mode/v1/chat/completions "HTTP/1.1 200 OK"
2026-07-10 20:22:10,300 - INFO - HTTP Request: POST https://dashscope.aliyuncs.com/compatible-mode/v1/chat/completions "HTTP/1.1 200 OK"
2026-07-10 20:22:10,307 - INFO - [R1] PID=133 完成 (98.8s)
2026-07-10 20:22:10,307 - INFO - [R1] PID=11 669262573_刘水林_2016_学术月刊_车辆限行规制的法经济学分析.md 开始
2026-07-10 20:22:10,568 - INFO - HTTP Request: POST https://dashscope.aliyuncs.com/compatible-mode/v1/chat/completions "HTTP/1.1 200 OK"
2026-07-10 20:22:17,285 - INFO - HTTP Request: POST https://dashscope.aliyuncs.com/compatible-mode/v1/chat/completions "HTTP/1.1 200 OK"
2026-07-10 20:22:22,763 - INFO - HTTP Request: POST https://dashscope.aliyuncs.com/compatible-mode/v1/chat/completions "HTTP/1.1 200 OK"
2026-07-10 20:22:22,772 - INFO - [R1] PID=131 完成 (82.2s)
2026-07-10 20:22:22,772 - INFO - [R1] PID=138 XSYK2025004009_罗维鹏_2025_学术月刊_证据分析的叙事方法及其运用.md 开始
2026-07-10 20:22:26,695 - INFO - HTTP Request: POST https://dashscope.aliyuncs.com/compatible-mode/v1/chat/completions "HTTP/1.1 200 OK"
2026-07-10 20:22:26,702 - INFO - [R1] PID=149 完成 (96.4s)
2026-07-10 20:22:26,702 - INFO - [R1] PID=5 663564065_李莉和石伟_2015_学术月刊_论登记型与占有型动产担保物权的冲突及其消解.md 开始
2026-07-10 20:22:27,628 - INFO - HTTP Request: POST https://dashscope.aliyuncs.com/compatible-mode/v1/chat/completions "HTTP/1.1 200 OK"
2026-07-10 20:22:27,629 - INFO - [R1] PID=110 完成 (83.5s)
2026-07-10 20:22:27,629 - INFO - [R1] PID=43 676037574_郭亮_2018_学术月刊_村级组织的土地控制：功能及其弱化——理解地权冲突的一个视角.md 开始
2026-07-10 20:22:27,645 - INFO - HTTP Request: POST https://dashscope.aliyuncs.com/compatible-mode/v1/chat/completions "HTTP/1.1 200 OK"
2026-07-10 20:22:27,646 - INFO - [R1] PID=32 完成 (91.9s)
2026-07-10 20:22:27,646 - INFO - [R1] PID=67 7101492303_吴义龙_2020_学术月刊_集体经营性建设用地入市的现实困境与理论误区——以“同地同权”切入.md 开始
2026-07-10 20:22:33,254 - INFO - HTTP Request: POST https://dashscope.aliyuncs.com/compatible-mode/v1/chat/completions "HTTP/1.1 200 OK"
2026-07-10 20:22:33,259 - INFO - [R1] PID=86 完成 (103.1s)
2026-07-10 20:22:33,260 - INFO - [R1] PID=112 XSYK2023003009_章永乐_2023_学术月刊_“大国协调”的重负与近代中国的“旧邦新造”.md 开始
2026-07-10 20:22:36,908 - INFO - HTTP Request: POST https://dashscope.aliyuncs.com/compatible-mode/v1/chat/completions "HTTP/1.1 200 OK"
2026-07-10 20:22:36,913 - INFO - [R1] PID=89 完成 (94.6s)
2026-07-10 20:22:36,913 - INFO - [R1] PID=120 XSYK2024001010_熊丙万和何娟_2024_学术月刊_论数据要素市场的基础制度体系.md 开始
2026-07-10 20:22:46,323 - INFO - HTTP Request: POST https://dashscope.aliyuncs.com/compatible-mode/v1/chat/completions "HTTP/1.1 200 OK"
2026-07-10 20:22:46,326 - INFO - [R1] PID=119 完成 (90.8s)
2026-07-10 20:22:46,326 - INFO - [R1] PID=98 XSYK2021011010_武飞_2021_学术月刊_论经验法则在刑事司法裁判中的论证.md 开始
2026-07-10 20:22:59,360 - INFO - HTTP Request: POST https://dashscope.aliyuncs.com/compatible-mode/v1/chat/completions "HTTP/1.1 200 OK"
2026-07-10 20:23:00,658 - INFO - HTTP Request: POST https://dashscope.aliyuncs.com/compatible-mode/v1/chat/completions "HTTP/1.1 200 OK"
2026-07-10 20:23:19,647 - INFO - HTTP Request: POST https://dashscope.aliyuncs.com/compatible-mode/v1/chat/completions "HTTP/1.1 200 OK"
2026-07-10 20:23:24,770 - INFO - HTTP Request: POST https://dashscope.aliyuncs.com/compatible-mode/v1/chat/completions "HTTP/1.1 200 OK"
2026-07-10 20:23:32,854 - INFO - HTTP Request: POST https://dashscope.aliyuncs.com/compatible-mode/v1/chat/completions "HTTP/1.1 200 OK"
2026-07-10 20:23:34,397 - INFO - HTTP Request: POST https://dashscope.aliyuncs.com/compatible-mode/v1/chat/completions "HTTP/1.1 200 OK"
2026-07-10 20:23:47,610 - INFO - HTTP Request: POST https://dashscope.aliyuncs.com/compatible-mode/v1/chat/completions "HTTP/1.1 200 OK"
2026-07-10 20:23:47,615 - INFO - [R1] PID=138 完成 (84.8s)
2026-07-10 20:23:47,616 - INFO - [R1] PID=42 676037573_陈柏峰_2018_学术月刊_村务民主治理的类型与机制.md 开始
2026-07-10 20:23:48,988 - INFO - HTTP Request: POST https://dashscope.aliyuncs.com/compatible-mode/v1/chat/completions "HTTP/1.1 200 OK"
2026-07-10 20:23:48,991 - INFO - [R1] PID=43 完成 (81.4s)
2026-07-10 20:23:48,992 - INFO - [R1] PID=54 7002655982_王利明_2019_学术月刊_论民法典物权编中居住权的若干问题.md 开始
2026-07-10 20:23:59,961 - INFO - HTTP Request: POST https://dashscope.aliyuncs.com/compatible-mode/v1/chat/completions "HTTP/1.1 200 OK"
2026-07-10 20:24:03,659 - INFO - HTTP Request: POST https://dashscope.aliyuncs.com/compatible-mode/v1/chat/completions "HTTP/1.1 200 OK"
2026-07-10 20:24:03,664 - INFO - [R1] PID=11 完成 (113.4s)
2026-07-10 20:24:03,664 - INFO - [R1] PID=63 7101182876_陈景良和王小康_2020_学术月刊_宋代司法中的事实认知与法律推理.md 开始
2026-07-10 20:24:05,387 - INFO - HTTP Request: POST https://dashscope.aliyuncs.com/compatible-mode/v1/chat/completions "HTTP/1.1 200 OK"
2026-07-10 20:24:05,392 - INFO - [R1] PID=67 完成 (97.7s)
2026-07-10 20:24:05,392 - INFO - [R1] PID=122 XSYK2024003009_翟翌和金龙君_2024_学术月刊_比例原则目的正当性审查方法新论——一个融合法经济学、商谈 开始
2026-07-10 20:24:09,579 - INFO - HTTP Request: POST https://dashscope.aliyuncs.com/compatible-mode/v1/chat/completions "HTTP/1.1 200 OK"
2026-07-10 20:24:13,094 - INFO - HTTP Request: POST https://dashscope.aliyuncs.com/compatible-mode/v1/chat/completions "HTTP/1.1 200 OK"
2026-07-10 20:24:13,098 - INFO - [R1] PID=98 完成 (86.8s)
2026-07-10 20:24:13,098 - INFO - [R1] PID=136 XSYK2025003009_季卫东和赵泽睿_2025_学术月刊_法律如何实现动态治理——人工智能不确定性的立法应对.m 开始
2026-07-10 20:24:20,888 - INFO - HTTP Request: POST https://dashscope.aliyuncs.com/compatible-mode/v1/chat/completions "HTTP/1.1 200 OK"
2026-07-10 20:24:20,896 - INFO - [R1] PID=5 完成 (114.2s)
2026-07-10 20:24:20,896 - INFO - [R1] PID=66 7101182959_汪雄_2020_学术月刊_寻找失落的“精神”——从《刑法》第20条第3款的适用范围反思刑法的立法价 开始
2026-07-10 20:24:23,977 - INFO - HTTP Request: POST https://dashscope.aliyuncs.com/compatible-mode/v1/chat/completions "HTTP/1.1 200 OK"
2026-07-10 20:24:23,984 - INFO - [R1] PID=120 完成 (107.1s)
2026-07-10 20:24:23,984 - INFO - [R1] PID=56 7002846475_赖骏楠_2019_学术月刊_清末四川财政的 集权 与 分权 之争 以经征局设立及其争议为切入点.m 开始
2026-07-10 20:24:26,003 - INFO - HTTP Request: POST https://dashscope.aliyuncs.com/compatible-mode/v1/chat/completions "HTTP/1.1 200 OK"
2026-07-10 20:24:26,014 - INFO - [R1] PID=112 完成 (112.8s)
2026-07-10 20:24:26,014 - INFO - [R1] PID=94 XSYK2021008009_杨东和李子硕_2021_学术月刊_监管技术巨头 技术力量作为市场支配地位认定因素之再审视. 开始
2026-07-10 20:24:51,608 - INFO - HTTP Request: POST https://dashscope.aliyuncs.com/compatible-mode/v1/chat/completions "HTTP/1.1 200 OK"
2026-07-10 20:24:52,362 - INFO - HTTP Request: POST https://dashscope.aliyuncs.com/compatible-mode/v1/chat/completions "HTTP/1.1 200 OK"
2026-07-10 20:25:03,725 - INFO - HTTP Request: POST https://dashscope.aliyuncs.com/compatible-mode/v1/chat/completions "HTTP/1.1 200 OK"
2026-07-10 20:25:19,945 - INFO - HTTP Request: POST https://dashscope.aliyuncs.com/compatible-mode/v1/chat/completions "HTTP/1.1 200 OK"
2026-07-10 20:25:23,025 - INFO - HTTP Request: POST https://dashscope.aliyuncs.com/compatible-mode/v1/chat/completions "HTTP/1.1 200 OK"
2026-07-10 20:25:23,326 - INFO - HTTP Request: POST https://dashscope.aliyuncs.com/compatible-mode/v1/chat/completions "HTTP/1.1 200 OK"
2026-07-10 20:25:23,332 - INFO - [R1] PID=54 完成 (94.3s)
2026-07-10 20:25:23,332 - INFO - [R1] PID=49 7001738926_尤陈俊_2019_学术月刊_“讼师恶报”话语模式的力量及其复合功能.md 开始
2026-07-10 20:25:23,838 - INFO - HTTP Request: POST https://dashscope.aliyuncs.com/compatible-mode/v1/chat/completions "HTTP/1.1 200 OK"
2026-07-10 20:25:26,181 - INFO - HTTP Request: POST https://dashscope.aliyuncs.com/compatible-mode/v1/chat/completions "HTTP/1.1 200 OK"
2026-07-10 20:25:26,186 - INFO - [R1] PID=42 完成 (98.6s)
2026-07-10 20:25:26,186 - INFO - [R1] PID=53 7002363985_岳林_2019_学术月刊_论隐私的社会生成机制——以习俗和法律关系为视角.md 开始
2026-07-10 20:25:30,099 - INFO - HTTP Request: POST https://dashscope.aliyuncs.com/compatible-mode/v1/chat/completions "HTTP/1.1 200 OK"
2026-07-10 20:25:32,290 - INFO - HTTP Request: POST https://dashscope.aliyuncs.com/compatible-mode/v1/chat/completions "HTTP/1.1 200 OK"
2026-07-10 20:25:32,295 - INFO - [R1] PID=63 完成 (88.6s)
2026-07-10 20:25:32,296 - INFO - [R1] PID=55 7002655983_汪洋_2019_学术月刊_从用益权到居住权 罗马法人役权的流变史.md 开始
2026-07-10 20:25:37,196 - INFO - HTTP Request: POST https://dashscope.aliyuncs.com/compatible-mode/v1/chat/completions "HTTP/1.1 200 OK"
2026-07-10 20:25:37,201 - INFO - [R1] PID=122 完成 (91.8s)
2026-07-10 20:25:37,201 - INFO - [R1] PID=132 XSYK2024012008_郭春镇和勇琪_2024_学术月刊_从嵌入到融合：技术治理与法律治理的关系及其优化.md 开始
2026-07-10 20:25:42,074 - INFO - HTTP Request: POST https://dashscope.aliyuncs.com/compatible-mode/v1/chat/completions "HTTP/1.1 200 OK"
2026-07-10 20:25:52,531 - INFO - HTTP Request: POST https://dashscope.aliyuncs.com/compatible-mode/v1/chat/completions "HTTP/1.1 200 OK"
2026-07-10 20:25:52,538 - INFO - [R1] PID=94 完成 (86.5s)
2026-07-10 20:25:52,539 - INFO - [R1] PID=12 669459536_许小亮_2016_学术月刊_纯粹理性的法律构造——《纯粹理性批判》的法哲学意蕴.md 开始
2026-07-10 20:25:53,932 - INFO - HTTP Request: POST https://dashscope.aliyuncs.com/compatible-mode/v1/chat/completions "HTTP/1.1 200 OK"
2026-07-10 20:25:53,946 - INFO - [R1] PID=56 完成 (90.0s)
2026-07-10 20:25:53,947 - INFO - [R1] PID=85 XSYK2021003012_程金华_2021_学术月刊_事实的法律规范化——从农业社会到信息革命.md 开始
2026-07-10 20:25:58,905 - INFO - HTTP Request: POST https://dashscope.aliyuncs.com/compatible-mode/v1/chat/completions "HTTP/1.1 200 OK"
2026-07-10 20:25:58,924 - INFO - HTTP Request: POST https://dashscope.aliyuncs.com/compatible-mode/v1/chat/completions "HTTP/1.1 200 OK"
2026-07-10 20:25:58,932 - INFO - [R1] PID=66 完成 (98.0s)
2026-07-10 20:25:58,932 - INFO - [R1] PID=29 673379229_马洪_2017_学术月刊_绿色原则何以入民法典.md 开始
2026-07-10 20:26:00,829 - INFO - HTTP Request: POST https://dashscope.aliyuncs.com/compatible-mode/v1/chat/completions "HTTP/1.1 200 OK"
2026-07-10 20:26:00,834 - INFO - [R1] PID=136 完成 (107.7s)
2026-07-10 20:26:00,835 - INFO - [R1] PID=143 XSYK2025007008_黄伟等_2025_学术月刊_平等与效率的兼顾——《慈善法》的激励与分配效应.md 开始
2026-07-10 20:26:14,932 - INFO - HTTP Request: POST https://dashscope.aliyuncs.com/compatible-mode/v1/chat/completions "HTTP/1.1 200 OK"
2026-07-10 20:26:27,836 - INFO - HTTP Request: POST https://dashscope.aliyuncs.com/compatible-mode/v1/chat/completions "HTTP/1.1 200 OK"
2026-07-10 20:26:29,254 - INFO - HTTP Request: POST https://dashscope.aliyuncs.com/compatible-mode/v1/chat/completions "HTTP/1.1 200 OK"
2026-07-10 20:26:34,252 - INFO - HTTP Request: POST https://dashscope.aliyuncs.com/compatible-mode/v1/chat/completions "HTTP/1.1 200 OK"
2026-07-10 20:26:49,050 - INFO - HTTP Request: POST https://dashscope.aliyuncs.com/compatible-mode/v1/chat/completions "HTTP/1.1 200 OK"
2026-07-10 20:26:51,820 - INFO - HTTP Request: POST https://dashscope.aliyuncs.com/compatible-mode/v1/chat/completions "HTTP/1.1 200 OK"
2026-07-10 20:26:58,029 - INFO - HTTP Request: POST https://dashscope.aliyuncs.com/compatible-mode/v1/chat/completions "HTTP/1.1 200 OK"
2026-07-10 20:27:05,915 - INFO - HTTP Request: POST https://dashscope.aliyuncs.com/compatible-mode/v1/chat/completions "HTTP/1.1 200 OK"
2026-07-10 20:27:05,919 - INFO - [R1] PID=12 完成 (73.4s)
2026-07-10 20:27:05,919 - INFO - [R1] PID=6 663983549_许小亮_2015_学术月刊_从国家理性到公共理性——康德政治哲学的革命.md 开始
2026-07-10 20:27:07,699 - INFO - HTTP Request: POST https://dashscope.aliyuncs.com/compatible-mode/v1/chat/completions "HTTP/1.1 200 OK"
2026-07-10 20:27:07,704 - INFO - [R1] PID=53 完成 (101.5s)
2026-07-10 20:27:07,704 - INFO - [R1] PID=145 XSYK2025008008_马洪和赖德斌_2025_学术月刊_应对气候变化的生态环境法典化表达.md 开始
2026-07-10 20:27:10,252 - INFO - HTTP Request: POST https://dashscope.aliyuncs.com/compatible-mode/v1/chat/completions "HTTP/1.1 200 OK"
2026-07-10 20:27:10,258 - INFO - [R1] PID=49 完成 (106.9s)
2026-07-10 20:27:10,258 - INFO - [R1] PID=61 7100212663_王启梁_2019_学术月刊_法治的社会基础——兼对“本土资源论”的新阐释.md 开始
2026-07-10 20:27:14,827 - INFO - HTTP Request: POST https://dashscope.aliyuncs.com/compatible-mode/v1/chat/completions "HTTP/1.1 200 OK"
2026-07-10 20:27:14,833 - INFO - [R1] PID=55 完成 (102.5s)
2026-07-10 20:27:14,834 - INFO - [R1] PID=16 670014762_高全喜_2016_学术月刊_卡尔霍恩的州人民主权论以及美国宪制结构的历史变革.md 开始
2026-07-10 20:27:17,490 - INFO - HTTP Request: POST https://dashscope.aliyuncs.com/compatible-mode/v1/chat/completions "HTTP/1.1 200 OK"
2026-07-10 20:27:17,496 - INFO - [R1] PID=132 完成 (100.3s)
2026-07-10 20:27:17,496 - INFO - [R1] PID=41 675668486_李斯特_2018_学术月刊_坏声明与好法治——社会主义中国文艺法律政策中的权利书写.md 开始
2026-07-10 20:27:24,916 - INFO - HTTP Request: POST https://dashscope.aliyuncs.com/compatible-mode/v1/chat/completions "HTTP/1.1 200 OK"
2026-07-10 20:27:29,301 - INFO - HTTP Request: POST https://dashscope.aliyuncs.com/compatible-mode/v1/chat/completions "HTTP/1.1 200 OK"
2026-07-10 20:27:29,306 - INFO - [R1] PID=143 完成 (88.5s)
2026-07-10 20:27:29,307 - INFO - [R1] PID=101 XSYK2022004010_石冠彬_2022_学术月刊_民法典精神损害赔偿制度的规范构造与价值定位.md 开始
2026-07-10 20:27:37,047 - INFO - HTTP Request: POST https://dashscope.aliyuncs.com/compatible-mode/v1/chat/completions "HTTP/1.1 200 OK"
2026-07-10 20:27:37,052 - INFO - [R1] PID=29 完成 (98.1s)
2026-07-10 20:27:37,053 - INFO - [R1] PID=105 XSYK2022006013_魏磊杰_2022_学术月刊_新时代中国国际法观的理论构成与多元实践.md 开始
2026-07-10 20:27:37,218 - INFO - HTTP Request: POST https://dashscope.aliyuncs.com/compatible-mode/v1/chat/completions "HTTP/1.1 200 OK"
2026-07-10 20:27:40,590 - INFO - HTTP Request: POST https://dashscope.aliyuncs.com/compatible-mode/v1/chat/completions "HTTP/1.1 200 OK"
2026-07-10 20:27:47,369 - INFO - HTTP Request: POST https://dashscope.aliyuncs.com/compatible-mode/v1/chat/completions "HTTP/1.1 200 OK"
2026-07-10 20:27:47,377 - INFO - [R1] PID=85 完成 (113.4s)
2026-07-10 20:27:47,378 - INFO - [R1] PID=117 XSYK2023008012_刘安迪和周东平_2023_学术月刊_宋代流人量移考.md 开始
2026-07-10 20:27:49,033 - INFO - HTTP Request: POST https://dashscope.aliyuncs.com/compatible-mode/v1/chat/completions "HTTP/1.1 200 OK"
2026-07-10 20:28:01,676 - INFO - HTTP Request: POST https://dashscope.aliyuncs.com/compatible-mode/v1/chat/completions "HTTP/1.1 200 OK"
2026-07-10 20:28:04,921 - INFO - HTTP Request: POST https://dashscope.aliyuncs.com/compatible-mode/v1/chat/completions "HTTP/1.1 200 OK"
2026-07-10 20:28:04,925 - INFO - [R1] PID=6 完成 (59.0s)
2026-07-10 20:28:04,925 - INFO - [R1] PID=57 7002846476_谢晶_2019_学术月刊_儒法之间的刑罚根据论 清律窃盗罚则的古今之维.md 开始
2026-07-10 20:28:13,784 - INFO - HTTP Request: POST https://dashscope.aliyuncs.com/compatible-mode/v1/chat/completions "HTTP/1.1 200 OK"
2026-07-10 20:28:22,280 - INFO - HTTP Request: POST https://dashscope.aliyuncs.com/compatible-mode/v1/chat/completions "HTTP/1.1 200 OK"
2026-07-10 20:28:22,284 - INFO - [R1] PID=16 完成 (67.4s)
2026-07-10 20:28:22,284 - INFO - [R1] PID=27 673240183_涂永前_2017_学术月刊_论法外选法——瑞士国际私法的实践与启示.md 开始
2026-07-10 20:28:37,746 - INFO - HTTP Request: POST https://dashscope.aliyuncs.com/compatible-mode/v1/chat/completions "HTTP/1.1 200 OK"
2026-07-10 20:28:37,754 - INFO - [R1] PID=145 完成 (90.0s)
2026-07-10 20:28:37,754 - INFO - [R1] PID=92 XSYK2021006012_陈洪杰_2021_学术月刊_司法公正的象征建构 在认知与规范之间.md 开始
2026-07-10 20:28:40,786 - INFO - HTTP Request: POST https://dashscope.aliyuncs.com/compatible-mode/v1/chat/completions "HTTP/1.1 200 OK"
2026-07-10 20:28:40,792 - INFO - [R1] PID=61 完成 (90.5s)
2026-07-10 20:28:40,792 - INFO - [R1] PID=102 XSYK2022005009_黄锫_2022_学术月刊_行政执法中声誉制裁的法律性质与规范形态.md 开始
2026-07-10 20:28:46,733 - INFO - HTTP Request: POST https://dashscope.aliyuncs.com/compatible-mode/v1/chat/completions "HTTP/1.1 200 OK"
2026-07-10 20:28:50,947 - INFO - HTTP Request: POST https://dashscope.aliyuncs.com/compatible-mode/v1/chat/completions "HTTP/1.1 200 OK"
2026-07-10 20:28:52,691 - INFO - HTTP Request: POST https://dashscope.aliyuncs.com/compatible-mode/v1/chat/completions "HTTP/1.1 200 OK"
2026-07-10 20:28:55,324 - INFO - HTTP Request: POST https://dashscope.aliyuncs.com/compatible-mode/v1/chat/completions "HTTP/1.1 200 OK"
2026-07-10 20:28:57,694 - INFO - HTTP Request: POST https://dashscope.aliyuncs.com/compatible-mode/v1/chat/completions "HTTP/1.1 200 OK"
2026-07-10 20:28:57,702 - INFO - [R1] PID=41 完成 (100.2s)
2026-07-10 20:28:57,702 - INFO - [R1] PID=70 7102038023_陈柏峰_2020_学术月刊_面向水利供给的农地制度模式选择.md 开始
2026-07-10 20:29:02,872 - INFO - HTTP Request: POST https://dashscope.aliyuncs.com/compatible-mode/v1/chat/completions "HTTP/1.1 200 OK"
2026-07-10 20:29:02,879 - INFO - [R1] PID=105 完成 (85.8s)
2026-07-10 20:29:02,880 - INFO - [R1] PID=75 7102609323_章永乐_2020_学术月刊_“门罗主义”话语的跨洋旅行——亚洲主义、省域空间与“旧邦新造”进程.m 开始
2026-07-10 20:29:05,925 - INFO - HTTP Request: POST https://dashscope.aliyuncs.com/compatible-mode/v1/chat/completions "HTTP/1.1 200 OK"
2026-07-10 20:29:05,930 - INFO - [R1] PID=101 完成 (96.6s)
2026-07-10 20:29:05,931 - INFO - [R1] PID=135 XSYK2025002009_吴文芳和王瑞宏_2025_学术月刊_作为用户的平台劳动者：保护机制及其构建.md 开始
2026-07-10 20:29:05,968 - INFO - HTTP Request: POST https://dashscope.aliyuncs.com/compatible-mode/v1/chat/completions "HTTP/1.1 200 OK"
2026-07-10 20:29:28,888 - INFO - HTTP Request: POST https://dashscope.aliyuncs.com/compatible-mode/v1/chat/completions "HTTP/1.1 200 OK"
2026-07-10 20:29:33,580 - INFO - HTTP Request: POST https://dashscope.aliyuncs.com/compatible-mode/v1/chat/completions "HTTP/1.1 200 OK"
2026-07-10 20:29:33,586 - INFO - [R1] PID=57 完成 (88.7s)
2026-07-10 20:29:33,587 - INFO - [R1] PID=18 671047880_刘碧波和李一达_2017_学术月刊_从教派之争到文化战争——美国政教分离的宪法实践.md 开始
2026-07-10 20:29:35,616 - INFO - HTTP Request: POST https://dashscope.aliyuncs.com/compatible-mode/v1/chat/completions "HTTP/1.1 200 OK"
2026-07-10 20:29:35,626 - INFO - [R1] PID=117 完成 (108.2s)
2026-07-10 20:29:35,626 - INFO - [R1] PID=76 7103036692_尤陈俊_2020_学术月刊_法治建设的国家能力基础 从国族认同建构能力切入.md 开始
2026-07-10 20:29:40,941 - INFO - HTTP Request: POST https://dashscope.aliyuncs.com/compatible-mode/v1/chat/completions "HTTP/1.1 200 OK"
2026-07-10 20:29:49,775 - INFO - HTTP Request: POST https://dashscope.aliyuncs.com/compatible-mode/v1/chat/completions "HTTP/1.1 200 OK"
2026-07-10 20:29:53,360 - INFO - HTTP Request: POST https://dashscope.aliyuncs.com/compatible-mode/v1/chat/completions "HTTP/1.1 200 OK"
2026-07-10 20:29:53,366 - INFO - [R1] PID=27 完成 (91.1s)
2026-07-10 20:29:53,367 - INFO - [R1] PID=91 XSYK2021006011_刘忠_2021_学术月刊_革命的保卫者 — 大公安 格局发生的历史缘起.md 开始
2026-07-10 20:29:57,989 - INFO - HTTP Request: POST https://dashscope.aliyuncs.com/compatible-mode/v1/chat/completions "HTTP/1.1 200 OK"
2026-07-10 20:30:15,816 - INFO - HTTP Request: POST https://dashscope.aliyuncs.com/compatible-mode/v1/chat/completions "HTTP/1.1 200 OK"
2026-07-10 20:30:15,820 - INFO - [R1] PID=102 完成 (95.0s)
2026-07-10 20:30:15,820 - INFO - [R1] PID=99 XSYK2022001011_霍政欣和陈锐达_2022_学术月刊_文化主权视域下流失文物追索的法理思考——基于石窟寺流失 开始
2026-07-10 20:30:26,939 - INFO - HTTP Request: POST https://dashscope.aliyuncs.com/compatible-mode/v1/chat/completions "HTTP/1.1 200 OK"
2026-07-10 20:30:29,672 - INFO - HTTP Request: POST https://dashscope.aliyuncs.com/compatible-mode/v1/chat/completions "HTTP/1.1 200 OK"
2026-07-10 20:30:29,677 - INFO - [R1] PID=70 完成 (92.0s)
2026-07-10 20:30:29,678 - INFO - [R1] PID=71 7102601812_郑少华和王慧_2020_学术月刊_环境法的定位及其法典化.md 开始
2026-07-10 20:30:34,028 - INFO - HTTP Request: POST https://dashscope.aliyuncs.com/compatible-mode/v1/chat/completions "HTTP/1.1 200 OK"
2026-07-10 20:30:34,032 - INFO - [R1] PID=92 完成 (116.3s)
2026-07-10 20:30:34,032 - INFO - [R1] PID=3 6100204231_刘磊_2019_学术月刊_中国土地制度的宪法解释 问题、争议及权衡.md 开始
2026-07-10 20:30:35,212 - INFO - HTTP Request: POST https://dashscope.aliyuncs.com/compatible-mode/v1/chat/completions "HTTP/1.1 200 OK"
2026-07-10 20:30:36,980 - INFO - HTTP Request: POST https://dashscope.aliyuncs.com/compatible-mode/v1/chat/completions "HTTP/1.1 200 OK"
2026-07-10 20:30:36,985 - INFO - [R1] PID=135 完成 (91.1s)
2026-07-10 20:30:36,986 - INFO - [R1] PID=126 XSYK2024005012_房慧颖_2024_学术月刊_数字资产属性的界定及其证成.md 开始
2026-07-10 20:30:42,547 - INFO - HTTP Request: POST https://dashscope.aliyuncs.com/compatible-mode/v1/chat/completions "HTTP/1.1 200 OK"
2026-07-10 20:30:42,552 - INFO - [R1] PID=18 完成 (69.0s)
2026-07-10 20:30:42,552 - INFO - [R1] PID=116 XSYK2023008007_孙万怀_2023_学术月刊_一种“甜蜜的错觉”：自由意志是刑事责任的基础.md 开始
2026-07-10 20:30:54,407 - INFO - HTTP Request: POST https://dashscope.aliyuncs.com/compatible-mode/v1/chat/completions "HTTP/1.1 200 OK"
2026-07-10 20:31:04,627 - INFO - HTTP Request: POST https://dashscope.aliyuncs.com/compatible-mode/v1/chat/completions "HTTP/1.1 200 OK"
2026-07-10 20:31:04,633 - INFO - [R1] PID=75 完成 (121.8s)
2026-07-10 20:31:04,633 - INFO - [R1] PID=140 XSYK2025005010_孙道萃_2025_学术月刊_论“协商式” 刑事责任.md 开始
2026-07-10 20:31:11,692 - INFO - HTTP Request: POST https://dashscope.aliyuncs.com/compatible-mode/v1/chat/completions "HTTP/1.1 200 OK"
2026-07-10 20:31:12,509 - INFO - HTTP Request: POST https://dashscope.aliyuncs.com/compatible-mode/v1/chat/completions "HTTP/1.1 200 OK"
2026-07-10 20:31:12,515 - INFO - [R1] PID=76 完成 (96.9s)
2026-07-10 20:31:12,515 - INFO - [R1] PID=125 XSYK2024005011_沈伟和苏可桢_2024_学术月刊_新型反补贴规则是优化还是异化——基于保护市场经济的视角. 开始
2026-07-10 20:31:19,473 - INFO - HTTP Request: POST https://dashscope.aliyuncs.com/compatible-mode/v1/chat/completions "HTTP/1.1 200 OK"
2026-07-10 20:31:35,320 - INFO - HTTP Request: POST https://dashscope.aliyuncs.com/compatible-mode/v1/chat/completions "HTTP/1.1 200 OK"
2026-07-10 20:31:39,931 - INFO - HTTP Request: POST https://dashscope.aliyuncs.com/compatible-mode/v1/chat/completions "HTTP/1.1 200 OK"
2026-07-10 20:31:44,305 - INFO - HTTP Request: POST https://dashscope.aliyuncs.com/compatible-mode/v1/chat/completions "HTTP/1.1 200 OK"
2026-07-10 20:31:53,575 - INFO - HTTP Request: POST https://dashscope.aliyuncs.com/compatible-mode/v1/chat/completions "HTTP/1.1 200 OK"
2026-07-10 20:31:53,579 - INFO - [R1] PID=99 完成 (97.8s)
2026-07-10 20:31:53,579 - INFO - [R1] PID=2 6100043435_刘晗_2018_学术月刊_国内公法的外部维度 美国地缘宪制的深层逻辑.md 开始
2026-07-10 20:31:56,676 - INFO - HTTP Request: POST https://dashscope.aliyuncs.com/compatible-mode/v1/chat/completions "HTTP/1.1 200 OK"
2026-07-10 20:31:56,679 - INFO - [R1] PID=91 完成 (123.3s)
2026-07-10 20:31:56,679 - INFO - [R1] PID=20 671609379_钟宁桦等_2017_学术月刊_经理人权力与员工工资——来自五百家非上市公司的证据.md 开始
2026-07-10 20:32:02,269 - INFO - HTTP Request: POST https://dashscope.aliyuncs.com/compatible-mode/v1/chat/completions "HTTP/1.1 200 OK"
2026-07-10 20:32:06,671 - INFO - HTTP Request: POST https://dashscope.aliyuncs.com/compatible-mode/v1/chat/completions "HTTP/1.1 200 OK"
2026-07-10 20:32:12,941 - INFO - HTTP Request: POST https://dashscope.aliyuncs.com/compatible-mode/v1/chat/completions "HTTP/1.1 200 OK"
2026-07-10 20:32:12,947 - INFO - [R1] PID=126 完成 (96.0s)
2026-07-10 20:32:12,947 - INFO - [R1] PID=108 XSYK2022007011_房慧颖_2022_学术月刊_刑法谦抑性原则的价值定位与规范化构造——以刑民关系为切入点.m 开始
2026-07-10 20:32:13,845 - INFO - HTTP Request: POST https://dashscope.aliyuncs.com/compatible-mode/v1/chat/completions "HTTP/1.1 200 OK"
2026-07-10 20:32:13,851 - INFO - [R1] PID=71 完成 (104.2s)
2026-07-10 20:32:13,852 - INFO - [R1] PID=130 XSYK2024010009_郑今轶_2024_学术月刊_超越对立：英美契约理论下的身份观.md 开始
2026-07-10 20:32:15,424 - INFO - HTTP Request: POST https://dashscope.aliyuncs.com/compatible-mode/v1/chat/completions "HTTP/1.1 200 OK"
2026-07-10 20:32:15,431 - INFO - [R1] PID=3 完成 (101.4s)
2026-07-10 20:32:15,432 - INFO - [R1] PID=121 XSYK2024002010_吴思远_2024_学术月刊_从“权力主导”到“权利本位”：刑事在线诉讼的法治悖反与归位.m 开始
2026-07-10 20:32:15,449 - INFO - HTTP Request: POST https://dashscope.aliyuncs.com/compatible-mode/v1/chat/completions "HTTP/1.1 200 OK"
2026-07-10 20:32:16,418 - INFO - HTTP Request: POST https://dashscope.aliyuncs.com/compatible-mode/v1/chat/completions "HTTP/1.1 200 OK"
2026-07-10 20:32:16,424 - INFO - [R1] PID=140 完成 (71.8s)
2026-07-10 20:32:16,424 - INFO - [R1] PID=134 XSYK2025001011_于龙刚_2025_学术月刊_社会知识在司法中的运用及其优化.md 开始
2026-07-10 20:32:17,641 - INFO - HTTP Request: POST https://dashscope.aliyuncs.com/compatible-mode/v1/chat/completions "HTTP/1.1 200 OK"
2026-07-10 20:32:18,699 - INFO - HTTP Request: POST https://dashscope.aliyuncs.com/compatible-mode/v1/chat/completions "HTTP/1.1 200 OK"
2026-07-10 20:32:18,708 - INFO - [R1] PID=116 完成 (96.2s)
2026-07-10 20:32:18,708 - INFO - [R1] PID=36 675009937_高全喜_2018_学术月刊_新制起于南国：烫治宪法学视野下的“东南互保”.md 开始
2026-07-10 20:32:37,220 - INFO - HTTP Request: POST https://dashscope.aliyuncs.com/compatible-mode/v1/chat/completions "HTTP/1.1 200 OK"
2026-07-10 20:32:42,618 - INFO - HTTP Request: POST https://dashscope.aliyuncs.com/compatible-mode/v1/chat/completions "HTTP/1.1 200 OK"
2026-07-10 20:32:42,624 - INFO - [R1] PID=125 完成 (90.1s)
2026-07-10 20:32:42,624 - INFO - [R1] PID=147 XSYK2025010009_陈婉玲_2025_学术月刊_区域权利谱系及其构造论——区域经济法本体论的视域.md 开始
2026-07-10 20:32:58,141 - INFO - HTTP Request: POST https://dashscope.aliyuncs.com/compatible-mode/v1/chat/completions "HTTP/1.1 200 OK"
2026-07-10 20:33:13,531 - INFO - HTTP Request: POST https://dashscope.aliyuncs.com/compatible-mode/v1/chat/completions "HTTP/1.1 200 OK"
2026-07-10 20:33:13,536 - INFO - [R1] PID=2 完成 (80.0s)
2026-07-10 20:33:13,536 - INFO - [R1] PID=96 XSYK2021009011_李晟_2021_学术月刊_社会与历史语境中的法律修辞 共同体建构视角下的宏观功能.md 开始
2026-07-10 20:33:15,913 - INFO - HTTP Request: POST https://dashscope.aliyuncs.com/compatible-mode/v1/chat/completions "HTTP/1.1 200 OK"
2026-07-10 20:33:19,301 - INFO - HTTP Request: POST https://dashscope.aliyuncs.com/compatible-mode/v1/chat/completions "HTTP/1.1 200 OK"
2026-07-10 20:33:20,121 - INFO - HTTP Request: POST https://dashscope.aliyuncs.com/compatible-mode/v1/chat/completions "HTTP/1.1 200 OK"
2026-07-10 20:33:31,973 - INFO - HTTP Request: POST https://dashscope.aliyuncs.com/compatible-mode/v1/chat/completions "HTTP/1.1 200 OK"
2026-07-10 20:33:31,978 - INFO - [R1] PID=20 完成 (95.3s)
2026-07-10 20:33:31,979 - INFO - [R1] PID=72 7102601813_魏磊杰_2020_学术月刊_我国国际法研究的主体性缺失问题 反思与祛魅.md 开始
2026-07-10 20:33:37,276 - INFO - HTTP Request: POST https://dashscope.aliyuncs.com/compatible-mode/v1/chat/completions "HTTP/1.1 200 OK"
2026-07-10 20:33:37,282 - INFO - [R1] PID=134 完成 (80.9s)
2026-07-10 20:33:37,282 - INFO - [R1] PID=83 XSYK2021001009_何志鹏和申天娇_2021_学术月刊_国际软法在全球治理中的效力探究.md 开始
2026-07-10 20:33:40,880 - INFO - HTTP Request: POST https://dashscope.aliyuncs.com/compatible-mode/v1/chat/completions "HTTP/1.1 200 OK"
2026-07-10 20:33:40,887 - INFO - [R1] PID=121 完成 (85.5s)
2026-07-10 20:33:40,887 - INFO - [R1] PID=90 XSYK2021005010_郭亮_2021_学术月刊_家国关系 理解近代以来中国基层治理变迁的一个视角.md 开始
2026-07-10 20:33:44,265 - INFO - HTTP Request: POST https://dashscope.aliyuncs.com/compatible-mode/v1/chat/completions "HTTP/1.1 200 OK"
2026-07-10 20:33:44,268 - INFO - [R1] PID=108 完成 (91.3s)
2026-07-10 20:33:44,268 - INFO - [R1] PID=35 674665054_周东平和姚周霞_2018_学术月刊_论佛教对中国传统法律中罪观念的影响.md 开始
2026-07-10 20:33:45,110 - INFO - HTTP Request: POST https://dashscope.aliyuncs.com/compatible-mode/v1/chat/completions "HTTP/1.1 200 OK"
2026-07-10 20:33:45,115 - INFO - [R1] PID=130 完成 (91.3s)
2026-07-10 20:33:45,116 - INFO - [R1] PID=26 672684086_尹成波_2017_学术月刊_子孙“自置财产权”研究——以律令和判例为中心.md 开始
2026-07-10 20:33:50,300 - INFO - HTTP Request: POST https://dashscope.aliyuncs.com/compatible-mode/v1/chat/completions "HTTP/1.1 200 OK"
2026-07-10 20:33:59,209 - INFO - HTTP Request: POST https://dashscope.aliyuncs.com/compatible-mode/v1/chat/completions "HTTP/1.1 200 OK"
2026-07-10 20:34:04,382 - INFO - HTTP Request: POST https://dashscope.aliyuncs.com/compatible-mode/v1/chat/completions "HTTP/1.1 200 OK"
2026-07-10 20:34:16,436 - INFO - HTTP Request: POST https://dashscope.aliyuncs.com/compatible-mode/v1/chat/completions "HTTP/1.1 200 OK"
2026-07-10 20:34:16,441 - INFO - [R1] PID=36 完成 (117.7s)
2026-07-10 20:34:16,441 - INFO - [R1] PID=123 XSYK2024004002_徐宏_2024_学术月刊_问题与愿景：中国刑法学转型发展的省思.md 开始
2026-07-10 20:34:19,379 - INFO - HTTP Request: POST https://dashscope.aliyuncs.com/compatible-mode/v1/chat/completions "HTTP/1.1 200 OK"
2026-07-10 20:34:19,385 - INFO - [R1] PID=147 完成 (96.8s)
2026-07-10 20:34:19,385 - INFO - [R1] PID=95 XSYK2021008010_吴文芳和刘洁_2021_学术月刊_新技术变革时代 人 的变迁与社会法回应.md 开始
2026-07-10 20:34:36,583 - INFO - HTTP Request: POST https://dashscope.aliyuncs.com/compatible-mode/v1/chat/completions "HTTP/1.1 200 OK"
2026-07-10 20:34:36,588 - INFO - [R1] PID=96 完成 (83.0s)
2026-07-10 20:34:36,588 - INFO - [R1] PID=82 88838975504849574852484949_刘艳红_2019_学术月刊_以科学立法促进刑法话语体系发展.md 开始
2026-07-10 20:34:36,765 - INFO - HTTP Request: POST https://dashscope.aliyuncs.com/compatible-mode/v1/chat/completions "HTTP/1.1 200 OK"
2026-07-10 20:34:46,996 - INFO - HTTP Request: POST https://dashscope.aliyuncs.com/compatible-mode/v1/chat/completions "HTTP/1.1 200 OK"
2026-07-10 20:34:48,562 - INFO - HTTP Request: POST https://dashscope.aliyuncs.com/compatible-mode/v1/chat/completions "HTTP/1.1 200 OK"
2026-07-10 20:34:48,640 - INFO - HTTP Request: POST https://dashscope.aliyuncs.com/compatible-mode/v1/chat/completions "HTTP/1.1 200 OK"
2026-07-10 20:35:04,850 - INFO - HTTP Request: POST https://dashscope.aliyuncs.com/compatible-mode/v1/chat/completions "HTTP/1.1 200 OK"
2026-07-10 20:35:04,856 - INFO - [R1] PID=72 完成 (92.9s)
2026-07-10 20:35:04,857 - INFO - [R1] PID=137 XSYK2025003010_陶南颖_2025_学术月刊_再论中国国际法知识体系的早期生成——对《万国公法》的溯源考察. 开始
2026-07-10 20:35:07,587 - INFO - HTTP Request: POST https://dashscope.aliyuncs.com/compatible-mode/v1/chat/completions "HTTP/1.1 200 OK"
2026-07-10 20:35:07,810 - INFO - HTTP Request: POST https://dashscope.aliyuncs.com/compatible-mode/v1/chat/completions "HTTP/1.1 200 OK"
2026-07-10 20:35:07,818 - INFO - [R1] PID=26 完成 (82.7s)
2026-07-10 20:35:07,818 - INFO - [R1] PID=127 XSYK2024006012_李汉松_2024_学术月刊_哲人入丛林：国际关系与政治哲学共同转型的可能.md 开始
2026-07-10 20:35:27,079 - INFO - HTTP Request: POST https://dashscope.aliyuncs.com/compatible-mode/v1/chat/completions "HTTP/1.1 200 OK"
2026-07-10 20:35:27,088 - INFO - [R1] PID=83 完成 (109.8s)
2026-07-10 20:35:27,089 - INFO - [R1] PID=47 676838582_蔡守秋_2018_学术月刊_环境权实践与理论的新发展.md 开始
2026-07-10 20:35:27,868 - INFO - HTTP Request: POST https://dashscope.aliyuncs.com/compatible-mode/v1/chat/completions "HTTP/1.1 200 OK"
2026-07-10 20:35:27,874 - INFO - [R1] PID=90 完成 (107.0s)
2026-07-10 20:35:27,875 - INFO - [R1] PID=1 6100043434_李晟_2018_学术月刊_美国宪制中的军政关系 传统与变迁.md 开始
2026-07-10 20:35:37,227 - INFO - HTTP Request: POST https://dashscope.aliyuncs.com/compatible-mode/v1/chat/completions "HTTP/1.1 200 OK"
2026-07-10 20:35:37,235 - INFO - [R1] PID=35 完成 (113.0s)
2026-07-10 20:35:37,236 - INFO - [R1] PID=39 675438273_叶榅平_2018_学术月刊_完善自然资源国家所有权行使人大监督立法的法理思考.md 开始
2026-07-10 20:35:38,575 - INFO - HTTP Request: POST https://dashscope.aliyuncs.com/compatible-mode/v1/chat/completions "HTTP/1.1 200 OK"
2026-07-10 20:35:41,602 - INFO - HTTP Request: POST https://dashscope.aliyuncs.com/compatible-mode/v1/chat/completions "HTTP/1.1 200 OK"
2026-07-10 20:35:48,783 - INFO - HTTP Request: POST https://dashscope.aliyuncs.com/compatible-mode/v1/chat/completions "HTTP/1.1 200 OK"
2026-07-10 20:35:58,700 - INFO - HTTP Request: POST https://dashscope.aliyuncs.com/compatible-mode/v1/chat/completions "HTTP/1.1 200 OK"
2026-07-10 20:36:13,707 - INFO - HTTP Request: POST https://dashscope.aliyuncs.com/compatible-mode/v1/chat/completions "HTTP/1.1 200 OK"
2026-07-10 20:36:13,712 - INFO - [R1] PID=123 完成 (117.3s)
2026-07-10 20:36:13,713 - INFO - [R1] PID=148 XSYK2025010010_沈伟和陈徐安黎_2025_学术月刊_人工智能国际法与国内法的双向互动.md 开始
2026-07-10 20:36:14,934 - INFO - HTTP Request: POST https://dashscope.aliyuncs.com/compatible-mode/v1/chat/completions "HTTP/1.1 200 OK"
2026-07-10 20:36:15,752 - INFO - HTTP Request: POST https://dashscope.aliyuncs.com/compatible-mode/v1/chat/completions "HTTP/1.1 200 OK"
2026-07-10 20:36:15,894 - INFO - HTTP Request: POST https://dashscope.aliyuncs.com/compatible-mode/v1/chat/completions "HTTP/1.1 200 OK"
2026-07-10 20:36:15,898 - INFO - [R1] PID=82 完成 (99.3s)
2026-07-10 20:36:15,899 - INFO - [R1] PID=104 XSYK2022006012_何志鹏_2022_学术月刊_国际法治中的“大国不可能三角”.md 开始
2026-07-10 20:36:24,997 - INFO - HTTP Request: POST https://dashscope.aliyuncs.com/compatible-mode/v1/chat/completions "HTTP/1.1 200 OK"
2026-07-10 20:36:25,003 - INFO - [R1] PID=95 完成 (125.6s)
2026-07-10 20:36:25,003 - INFO - [R1] PID=128 XSYK2024008009_廖奕_2024_学术月刊_老年权利话语的法律知识生成.md 开始
2026-07-10 20:36:25,846 - INFO - HTTP Request: POST https://dashscope.aliyuncs.com/compatible-mode/v1/chat/completions "HTTP/1.1 200 OK"
2026-07-10 20:36:25,852 - INFO - [R1] PID=127 完成 (78.0s)
2026-07-10 20:36:25,853 - INFO - [R1] PID=44 676037575_李娜_2018_学术月刊_基层社会的秩序生产能力——从计划性与自发性秩序的关系切入.md 开始
2026-07-10 20:36:34,030 - INFO - HTTP Request: POST https://dashscope.aliyuncs.com/compatible-mode/v1/chat/completions "HTTP/1.1 200 OK"
2026-07-10 20:37:00,553 - INFO - HTTP Request: POST https://dashscope.aliyuncs.com/compatible-mode/v1/chat/completions "HTTP/1.1 200 OK"
2026-07-10 20:37:01,228 - INFO - HTTP Request: POST https://dashscope.aliyuncs.com/compatible-mode/v1/chat/completions "HTTP/1.1 200 OK"
2026-07-10 20:37:01,235 - INFO - [R1] PID=137 完成 (116.4s)
2026-07-10 20:37:01,236 - INFO - [R1] PID=107 XSYK2022007010_郭亮_2022_学术月刊_法律之外的秩序：土地的“习惯性利益”及其治理——基于两个社区的讨 开始
2026-07-10 20:37:01,797 - INFO - HTTP Request: POST https://dashscope.aliyuncs.com/compatible-mode/v1/chat/completions "HTTP/1.1 200 OK"
2026-07-10 20:37:01,806 - INFO - [R1] PID=1 完成 (93.9s)
2026-07-10 20:37:01,806 - INFO - [R1] PID=21 671609382_朱圆_2017_学术月刊_脆弱性理论与国家治理责任新解.md 开始
2026-07-10 20:37:10,172 - INFO - HTTP Request: POST https://dashscope.aliyuncs.com/compatible-mode/v1/chat/completions "HTTP/1.1 200 OK"
2026-07-10 20:37:12,268 - INFO - HTTP Request: POST https://dashscope.aliyuncs.com/compatible-mode/v1/chat/completions "HTTP/1.1 200 OK"
2026-07-10 20:37:12,274 - INFO - [R1] PID=47 完成 (105.2s)
2026-07-10 20:37:12,274 - INFO - [R1] PID=4 663320596_梁清华_2015_学术月刊_论中国私募基金管理人注册制度的完善.md 开始
2026-07-10 20:37:12,890 - INFO - HTTP Request: POST https://dashscope.aliyuncs.com/compatible-mode/v1/chat/completions "HTTP/1.1 200 OK"
2026-07-10 20:37:12,891 - INFO - [R1] PID=39 完成 (95.7s)
2026-07-10 20:37:12,891 - INFO - [R1] PID=142 XSYK2025007002_周东平和刘安迪_2025_学术月刊_论中华条标传统的话语构建与创造性转化.md 开始
2026-07-10 20:37:39,177 - INFO - HTTP Request: POST https://dashscope.aliyuncs.com/compatible-mode/v1/chat/completions "HTTP/1.1 200 OK"
2026-07-10 20:37:43,142 - INFO - HTTP Request: POST https://dashscope.aliyuncs.com/compatible-mode/v1/chat/completions "HTTP/1.1 200 OK"
2026-07-10 20:37:45,176 - INFO - HTTP Request: POST https://dashscope.aliyuncs.com/compatible-mode/v1/chat/completions "HTTP/1.1 200 OK"
2026-07-10 20:37:45,182 - INFO - [R1] PID=104 完成 (89.3s)
2026-07-10 20:37:45,182 - INFO - [R1] PID=115 XSYK2023007009_张伟和吕铖钢_2023_学术月刊_从不完整财产权到完整财产权的诠释：在归属和流转之间.md 开始
2026-07-10 20:37:48,502 - INFO - HTTP Request: POST https://dashscope.aliyuncs.com/compatible-mode/v1/chat/completions "HTTP/1.1 200 OK"
2026-07-10 20:37:52,675 - INFO - HTTP Request: POST https://dashscope.aliyuncs.com/compatible-mode/v1/chat/completions "HTTP/1.1 200 OK"
2026-07-10 20:37:52,694 - INFO - [R1] PID=148 完成 (99.0s)
2026-07-10 20:37:52,694 - INFO - [R1] PID=9 666611439_吴旭阳_2015_学术月刊_“第三方裁判被收买”对司法公正的影响.md 开始
2026-07-10 20:37:52,858 - INFO - HTTP Request: POST https://dashscope.aliyuncs.com/compatible-mode/v1/chat/completions "HTTP/1.1 200 OK"
2026-07-10 20:38:02,943 - INFO - HTTP Request: POST https://dashscope.aliyuncs.com/compatible-mode/v1/chat/completions "HTTP/1.1 200 OK"
2026-07-10 20:38:02,948 - INFO - [R1] PID=44 完成 (97.1s)
2026-07-10 20:38:02,948 - INFO - [R1] PID=78 7103609281_周尚君_2020_学术月刊_中国立法体制的组织生成与制度逻辑.md 开始
2026-07-10 20:38:13,251 - INFO - HTTP Request: POST https://dashscope.aliyuncs.com/compatible-mode/v1/chat/completions "HTTP/1.1 200 OK"
2026-07-10 20:38:13,255 - INFO - [R1] PID=128 完成 (108.3s)
2026-07-10 20:38:13,256 - INFO - [R1] PID=50 7001738927_杜金_2019_学术月刊_故事、图像与法律宣传——以清代《圣谕像解》为素材.md 开始
2026-07-10 20:38:24,542 - INFO - HTTP Request: POST https://dashscope.aliyuncs.com/compatible-mode/v1/chat/completions "HTTP/1.1 200 OK"
2026-07-10 20:38:24,546 - INFO - [R1] PID=107 完成 (83.3s)
2026-07-10 20:38:24,546 - INFO - [R1] PID=23 671862082_张才琴和邱本_2017_学术月刊_“主客体理论”与环保法治建设.md 开始
2026-07-10 20:38:26,353 - INFO - HTTP Request: POST https://dashscope.aliyuncs.com/compatible-mode/v1/chat/completions "HTTP/1.1 200 OK"
2026-07-10 20:38:26,356 - INFO - [R1] PID=21 完成 (84.5s)
2026-07-10 20:38:26,356 - INFO - [R1] PID=103 XSYK2022005010_程雪阳_2022_学术月刊_从家国到人民共和国 天下-中国 转型的历史逻辑.md 开始
2026-07-10 20:38:28,077 - INFO - HTTP Request: POST https://dashscope.aliyuncs.com/compatible-mode/v1/chat/completions "HTTP/1.1 200 OK"
2026-07-10 20:38:32,806 - INFO - HTTP Request: POST https://dashscope.aliyuncs.com/compatible-mode/v1/chat/completions "HTTP/1.1 200 OK"
2026-07-10 20:38:38,949 - INFO - HTTP Request: POST https://dashscope.aliyuncs.com/compatible-mode/v1/chat/completions "HTTP/1.1 200 OK"
2026-07-10 20:38:41,921 - INFO - HTTP Request: POST https://dashscope.aliyuncs.com/compatible-mode/v1/chat/completions "HTTP/1.1 200 OK"
2026-07-10 20:38:43,250 - INFO - HTTP Request: POST https://dashscope.aliyuncs.com/compatible-mode/v1/chat/completions "HTTP/1.1 200 OK"
2026-07-10 20:38:43,256 - INFO - [R1] PID=4 完成 (91.0s)
2026-07-10 20:38:43,256 - INFO - [R1] PID=58 7003025618_常安_2019_学术月刊_缔造社会主义的中华民族大家庭——新中国民族区域自治制度的奠基历程.md 开始
2026-07-10 20:38:43,935 - INFO - HTTP Request: POST https://dashscope.aliyuncs.com/compatible-mode/v1/chat/completions "HTTP/1.1 200 OK"
2026-07-10 20:38:56,772 - INFO - HTTP Request: POST https://dashscope.aliyuncs.com/compatible-mode/v1/chat/completions "HTTP/1.1 200 OK"
2026-07-10 20:38:56,774 - INFO - [R1] PID=142 完成 (103.9s)
2026-07-10 20:38:56,774 - INFO - [R1] PID=84 XSYK2021003010_侯猛_2021_学术月刊_法律的经验研究范式 以规范研究为参照.md 开始
2026-07-10 20:38:59,121 - INFO - HTTP Request: POST https://dashscope.aliyuncs.com/compatible-mode/v1/chat/completions "HTTP/1.1 200 OK"
2026-07-10 20:39:06,975 - INFO - HTTP Request: POST https://dashscope.aliyuncs.com/compatible-mode/v1/chat/completions "HTTP/1.1 200 OK"
2026-07-10 20:39:25,129 - INFO - HTTP Request: POST https://dashscope.aliyuncs.com/compatible-mode/v1/chat/completions "HTTP/1.1 200 OK"
2026-07-10 20:39:26,745 - INFO - HTTP Request: POST https://dashscope.aliyuncs.com/compatible-mode/v1/chat/completions "HTTP/1.1 200 OK"
2026-07-10 20:39:26,751 - INFO - [R1] PID=115 完成 (101.6s)
2026-07-10 20:39:26,751 - INFO - [R1] PID=51 7002154030_罗梁波_2019_学术月刊_行政理性场景的演变格局 传统、现实与未来.md 开始
2026-07-10 20:39:27,677 - INFO - HTTP Request: POST https://dashscope.aliyuncs.com/compatible-mode/v1/chat/completions "HTTP/1.1 200 OK"
2026-07-10 20:39:27,683 - INFO - [R1] PID=9 完成 (95.0s)
2026-07-10 20:39:27,684 - INFO - [R1] PID=97 XSYK2021010010_朱林方_2021_学术月刊_中国共产党党章的百年变迁——主题与变奏.md 开始
2026-07-10 20:39:31,740 - INFO - HTTP Request: POST https://dashscope.aliyuncs.com/compatible-mode/v1/chat/completions "HTTP/1.1 200 OK"
2026-07-10 20:39:39,977 - INFO - HTTP Request: POST https://dashscope.aliyuncs.com/compatible-mode/v1/chat/completions "HTTP/1.1 200 OK"
2026-07-10 20:39:39,983 - INFO - [R1] PID=78 完成 (97.0s)
2026-07-10 20:39:39,984 - INFO - [R1] PID=64 7101182877_侯猛_2020_学术月刊_新中国政法话语的流变.md 开始
2026-07-10 20:39:50,842 - INFO - HTTP Request: POST https://dashscope.aliyuncs.com/compatible-mode/v1/chat/completions "HTTP/1.1 200 OK"
2026-07-10 20:40:02,782 - INFO - HTTP Request: POST https://dashscope.aliyuncs.com/compatible-mode/v1/chat/completions "HTTP/1.1 200 OK"
2026-07-10 20:40:02,786 - INFO - [R1] PID=23 完成 (98.2s)
2026-07-10 20:40:02,786 - INFO - [R1] PID=87 XSYK2021004008_曹海和军梁赛_2021_学术月刊_理解 中国之治 的密钥 协同优势 与 优势协同.md 开始
2026-07-10 20:40:09,192 - INFO - HTTP Request: POST https://dashscope.aliyuncs.com/compatible-mode/v1/chat/completions "HTTP/1.1 200 OK"
2026-07-10 20:40:09,198 - INFO - [R1] PID=103 完成 (102.8s)
2026-07-10 20:40:09,198 - INFO - [R1] PID=19 671047881_吴旭阳_2017_学术月刊_涪审团模式之行为实验比较研究.md 开始
2026-07-10 20:40:12,534 - INFO - HTTP Request: POST https://dashscope.aliyuncs.com/compatible-mode/v1/chat/completions "HTTP/1.1 200 OK"
2026-07-10 20:40:12,538 - INFO - [R1] PID=58 完成 (89.3s)
2026-07-10 20:40:12,539 - INFO - [R1] PID=129 XSYK2024009002_田继江_2024_学术月刊_集体心灵的物理还原性问题.md 开始
2026-07-10 20:40:15,164 - INFO - HTTP Request: POST https://dashscope.aliyuncs.com/compatible-mode/v1/chat/completions "HTTP/1.1 200 OK"
2026-07-10 20:40:15,169 - INFO - [R1] PID=50 完成 (121.9s)
2026-07-10 20:40:15,170 - INFO - [R1] PID=8 666246173_许章润_2015_学术月刊_论“家国天下”——对于这一伟大古典汉语修辞义理内涵的文化政治学阐发.md 开始
2026-07-10 20:40:15,629 - INFO - HTTP Request: POST https://dashscope.aliyuncs.com/compatible-mode/v1/chat/completions "HTTP/1.1 200 OK"
2026-07-10 20:40:19,092 - INFO - HTTP Request: POST https://dashscope.aliyuncs.com/compatible-mode/v1/chat/completions "HTTP/1.1 200 OK"
2026-07-10 20:40:24,272 - INFO - HTTP Request: POST https://dashscope.aliyuncs.com/compatible-mode/v1/chat/completions "HTTP/1.1 200 OK"
2026-07-10 20:40:24,834 - INFO - HTTP Request: POST https://dashscope.aliyuncs.com/compatible-mode/v1/chat/completions "HTTP/1.1 200 OK"
2026-07-10 20:40:24,839 - INFO - [R1] PID=84 完成 (88.1s)
2026-07-10 20:40:24,839 - INFO - [R1] PID=34 674370112_孟于群和杨署东_2018_学术月刊_国际公共产品供给：加总技术下的制度安排与全球治理.md 开始
2026-07-10 20:40:26,576 - INFO - HTTP Request: POST https://dashscope.aliyuncs.com/compatible-mode/v1/chat/completions "HTTP/1.1 200 OK"
2026-07-10 20:40:49,194 - INFO - HTTP Request: POST https://dashscope.aliyuncs.com/compatible-mode/v1/chat/completions "HTTP/1.1 200 OK"
2026-07-10 20:40:49,199 - INFO - [R1] PID=51 完成 (82.4s)
2026-07-10 20:40:49,200 - INFO - [R1] PID=109 XSYK2022009009_沈国明_2022_学术月刊_中国社会主义法治文化的历史回溯和进路.md 开始
2026-07-10 20:40:53,729 - INFO - HTTP Request: POST https://dashscope.aliyuncs.com/compatible-mode/v1/chat/completions "HTTP/1.1 200 OK"
2026-07-10 20:41:01,548 - INFO - HTTP Request: POST https://dashscope.aliyuncs.com/compatible-mode/v1/chat/completions "HTTP/1.1 200 OK"
2026-07-10 20:41:01,552 - INFO - [R1] PID=129 完成 (49.0s)
2026-07-10 20:41:01,552 - INFO - [R1] PID=24 672116083_宋远升_2017_学术月刊_法治国视阈下司法压力的发生机制及法律规制.md 开始
2026-07-10 20:41:02,839 - INFO - HTTP Request: POST https://dashscope.aliyuncs.com/compatible-mode/v1/chat/completions "HTTP/1.1 200 OK"
2026-07-10 20:41:08,618 - INFO - HTTP Request: POST https://dashscope.aliyuncs.com/compatible-mode/v1/chat/completions "HTTP/1.1 200 OK"
2026-07-10 20:41:18,898 - INFO - HTTP Request: POST https://dashscope.aliyuncs.com/compatible-mode/v1/chat/completions "HTTP/1.1 200 OK"
2026-07-10 20:41:18,904 - INFO - [R1] PID=97 完成 (111.2s)
2026-07-10 20:41:18,905 - INFO - [R1] PID=14 669769034_马胜强和吴群芳_2016_学术月刊_当代中国利益表达机制的结构转型——基于国家与社会关系的理论视域. 开始
2026-07-10 20:41:22,165 - INFO - HTTP Request: POST https://dashscope.aliyuncs.com/compatible-mode/v1/chat/completions "HTTP/1.1 200 OK"
2026-07-10 20:41:22,170 - INFO - [R1] PID=64 完成 (102.2s)
2026-07-10 20:41:22,171 - INFO - [R1] PID=113 XSYK2023004017_宋亚辉等_2023_学术月刊_法学学科十年发展综述及评价（2009-2018年）——基于人 开始
2026-07-10 20:41:25,438 - INFO - HTTP Request: POST https://dashscope.aliyuncs.com/compatible-mode/v1/chat/completions "HTTP/1.1 200 OK"
2026-07-10 20:41:25,444 - INFO - [R1] PID=87 完成 (82.7s)
2026-07-10 20:41:25,444 - INFO - [R1] PID=25 672684080_王云霞_2017_学术月刊_论税法的合作治理机制.md 开始
2026-07-10 20:41:31,795 - INFO - HTTP Request: POST https://dashscope.aliyuncs.com/compatible-mode/v1/chat/completions "HTTP/1.1 200 OK"
2026-07-10 20:41:35,574 - INFO - HTTP Request: POST https://dashscope.aliyuncs.com/compatible-mode/v1/chat/completions "HTTP/1.1 200 OK"
2026-07-10 20:41:40,888 - INFO - HTTP Request: POST https://dashscope.aliyuncs.com/compatible-mode/v1/chat/completions "HTTP/1.1 200 OK"
2026-07-10 20:41:40,894 - INFO - [R1] PID=24 完成 (39.3s)
2026-07-10 20:41:40,895 - INFO - [R1] PID=93 XSYK2021007002_沈国明_2021_学术月刊_重大改革于法有据 习近平法治思想的重要论断.md 开始
2026-07-10 20:41:47,864 - INFO - HTTP Request: POST https://dashscope.aliyuncs.com/compatible-mode/v1/chat/completions "HTTP/1.1 200 OK"
2026-07-10 20:41:47,870 - INFO - [R1] PID=8 完成 (92.7s)
2026-07-10 20:41:47,871 - INFO - [R1] PID=22 671862081_孙丽岩_2017_学术月刊_行政执法中的非强制行为分析.md 开始
2026-07-10 20:41:48,583 - INFO - HTTP Request: POST https://dashscope.aliyuncs.com/compatible-mode/v1/chat/completions "HTTP/1.1 200 OK"
2026-07-10 20:41:50,776 - INFO - HTTP Request: POST https://dashscope.aliyuncs.com/compatible-mode/v1/chat/completions "HTTP/1.1 200 OK"
2026-07-10 20:42:03,530 - INFO - HTTP Request: POST https://dashscope.aliyuncs.com/compatible-mode/v1/chat/completions "HTTP/1.1 200 OK"
2026-07-10 20:42:03,538 - INFO - [R1] PID=19 完成 (114.3s)
2026-07-10 20:42:03,538 - INFO - [R1] PID=7 665987994_杨俊一_2015_学术月刊_依法执政：法治现代化的模型分析与路径选择.md 开始
2026-07-10 20:42:04,300 - INFO - HTTP Request: POST https://dashscope.aliyuncs.com/compatible-mode/v1/chat/completions "HTTP/1.1 200 OK"
2026-07-10 20:42:04,305 - INFO - [R1] PID=34 完成 (99.5s)
2026-07-10 20:42:04,305 - INFO - [R1] PID=74 7102609322_黄宗智_2020_学术月刊_中国的新综合性视野和远瞻性愿景 “一带一路”倡议与亚投行.md 开始
2026-07-10 20:42:22,430 - INFO - HTTP Request: POST https://dashscope.aliyuncs.com/compatible-mode/v1/chat/completions "HTTP/1.1 200 OK"
2026-07-10 20:42:23,140 - INFO - HTTP Request: POST https://dashscope.aliyuncs.com/compatible-mode/v1/chat/completions "HTTP/1.1 200 OK"
2026-07-10 20:42:23,146 - INFO - [R1] PID=109 完成 (93.9s)
2026-07-10 20:42:23,146 - INFO - [R1] PID=38 675245371_张淑芳_2018_学术月刊_论行政规避法律.md 开始
2026-07-10 20:42:24,914 - INFO - HTTP Request: POST https://dashscope.aliyuncs.com/compatible-mode/v1/chat/completions "HTTP/1.1 200 OK"
2026-07-10 20:42:27,003 - INFO - HTTP Request: POST https://dashscope.aliyuncs.com/compatible-mode/v1/chat/completions "HTTP/1.1 200 OK"
2026-07-10 20:42:44,483 - INFO - HTTP Request: POST https://dashscope.aliyuncs.com/compatible-mode/v1/chat/completions "HTTP/1.1 200 OK"
2026-07-10 20:42:44,489 - INFO - [R1] PID=14 完成 (85.6s)
2026-07-10 20:42:44,489 - INFO - [R1] PID=17 671047877_杨俊锋_2017_学术月刊_“人地钱”挂钩之后——中国城市化的体制性障碍与出路.md 开始
2026-07-10 20:42:49,213 - INFO - HTTP Request: POST https://dashscope.aliyuncs.com/compatible-mode/v1/chat/completions "HTTP/1.1 200 OK"
2026-07-10 20:42:58,405 - INFO - HTTP Request: POST https://dashscope.aliyuncs.com/compatible-mode/v1/chat/completions "HTTP/1.1 500 Internal Server Error"
2026-07-10 20:42:58,406 - INFO - Retrying request to /chat/completions in 0.423400 seconds
2026-07-10 20:42:59,074 - INFO - HTTP Request: POST https://dashscope.aliyuncs.com/compatible-mode/v1/chat/completions "HTTP/1.1 200 OK"
2026-07-10 20:42:59,084 - INFO - [R1] PID=25 完成 (93.6s)
2026-07-10 20:42:59,084 - INFO - [R1] PID=40 675668482_文军和林茂_2018_学术月刊_知识分子：一个概念的社会学考评——基于“德雷福斯事件”的话语权分析. 开始
2026-07-10 20:43:00,778 - INFO - HTTP Request: POST https://dashscope.aliyuncs.com/compatible-mode/v1/chat/completions "HTTP/1.1 200 OK"
2026-07-10 20:43:01,896 - INFO - HTTP Request: POST https://dashscope.aliyuncs.com/compatible-mode/v1/chat/completions "HTTP/1.1 200 OK"
2026-07-10 20:43:03,635 - INFO - HTTP Request: POST https://dashscope.aliyuncs.com/compatible-mode/v1/chat/completions "HTTP/1.1 200 OK"
2026-07-10 20:43:06,403 - INFO - HTTP Request: POST https://dashscope.aliyuncs.com/compatible-mode/v1/chat/completions "HTTP/1.1 200 OK"
2026-07-10 20:43:06,411 - INFO - [R1] PID=113 完成 (104.2s)
2026-07-10 20:43:06,411 - INFO - [R1] PID=124 XSYK2024004012_崔永东_2024_学术月刊_社会治理及其对企业合规治理的切入和渗透.md 开始
2026-07-10 20:43:24,115 - INFO - HTTP Request: POST https://dashscope.aliyuncs.com/compatible-mode/v1/chat/completions "HTTP/1.1 200 OK"
2026-07-10 20:43:24,120 - INFO - [R1] PID=22 完成 (96.2s)
2026-07-10 20:43:24,121 - INFO - [R1] PID=13 669459539_吴鹏森_2016_学术月刊_新中国刑释人员社会政策的历史演变.md 开始
2026-07-10 20:43:24,805 - INFO - HTTP Request: POST https://dashscope.aliyuncs.com/compatible-mode/v1/chat/completions "HTTP/1.1 200 OK"
2026-07-10 20:43:34,521 - INFO - HTTP Request: POST https://dashscope.aliyuncs.com/compatible-mode/v1/chat/completions "HTTP/1.1 200 OK"
2026-07-10 20:43:34,525 - INFO - [R1] PID=93 完成 (113.6s)
2026-07-10 20:43:34,525 - INFO - [R1] PID=46 676636433_王鸿铭和马佳昌_2018_学术月刊_中国革命和世界政治视野下的民主集中制.md 开始
2026-07-10 20:43:37,021 - INFO - HTTP Request: POST https://dashscope.aliyuncs.com/compatible-mode/v1/chat/completions "HTTP/1.1 200 OK"
2026-07-10 20:43:42,134 - INFO - HTTP Request: POST https://dashscope.aliyuncs.com/compatible-mode/v1/chat/completions "HTTP/1.1 200 OK"
2026-07-10 20:43:43,616 - INFO - HTTP Request: POST https://dashscope.aliyuncs.com/compatible-mode/v1/chat/completions "HTTP/1.1 200 OK"
2026-07-10 20:43:43,622 - INFO - [R1] PID=7 完成 (100.1s)
2026-07-10 20:43:43,622 - INFO - [R1] PID=106 XSYK2022006020_何志鹏和宋瑞琛_2022_学术月刊_国际法的四重意象与中国国际法建设——何志鹏教授访谈.m 开始
2026-07-10 20:44:09,179 - INFO - HTTP Request: POST https://dashscope.aliyuncs.com/compatible-mode/v1/chat/completions "HTTP/1.1 200 OK"
2026-07-10 20:44:09,183 - INFO - [R1] PID=38 完成 (106.0s)
2026-07-10 20:44:09,183 - INFO - [R1] PID=15 670014753_郑戈_2016_学术月刊_学术主体意识与国际化：中国人文社会科学评价规则往何处去？.md 开始
2026-07-10 20:44:11,221 - INFO - HTTP Request: POST https://dashscope.aliyuncs.com/compatible-mode/v1/chat/completions "HTTP/1.1 200 OK"
2026-07-10 20:44:11,225 - INFO - [R1] PID=40 完成 (72.1s)
2026-07-10 20:44:11,226 - INFO - [R1] PID=28 673240185_钭晓东和黄秀蓉_2017_学术月刊_利益博弈-文化征服-身份认同：遗传资源知识产权的深层解读.md 开始
2026-07-10 20:44:22,485 - INFO - HTTP Request: POST https://dashscope.aliyuncs.com/compatible-mode/v1/chat/completions "HTTP/1.1 200 OK"
2026-07-10 20:44:30,090 - INFO - HTTP Request: POST https://dashscope.aliyuncs.com/compatible-mode/v1/chat/completions "HTTP/1.1 200 OK"
2026-07-10 20:44:30,096 - INFO - [R1] PID=17 完成 (105.6s)
2026-07-10 20:44:30,096 - INFO - [R1] PID=31 673776795_关保英_2017_学术月刊_恶法非法论.md 开始
2026-07-10 20:44:30,190 - INFO - HTTP Request: POST https://dashscope.aliyuncs.com/compatible-mode/v1/chat/completions "HTTP/1.1 200 OK"
2026-07-10 20:44:33,375 - INFO - HTTP Request: POST https://dashscope.aliyuncs.com/compatible-mode/v1/chat/completions "HTTP/1.1 200 OK"
2026-07-10 20:44:38,615 - INFO - HTTP Request: POST https://dashscope.aliyuncs.com/compatible-mode/v1/chat/completions "HTTP/1.1 200 OK"
2026-07-10 20:44:50,013 - INFO - HTTP Request: POST https://dashscope.aliyuncs.com/compatible-mode/v1/chat/completions "HTTP/1.1 200 OK"
2026-07-10 20:44:50,018 - INFO - [R1] PID=74 完成 (165.7s)
2026-07-10 20:44:50,018 - INFO - [R1] PID=69 7101497703_苏力和于明_2020_学术月刊_基于中国经验的学术创造——苏力教授访谈.md 开始
2026-07-10 20:44:50,601 - INFO - HTTP Request: POST https://dashscope.aliyuncs.com/compatible-mode/v1/chat/completions "HTTP/1.1 200 OK"
2026-07-10 20:44:50,606 - INFO - [R1] PID=124 完成 (104.2s)
2026-07-10 20:44:50,606 - INFO - [R1] PID=37 675009945_彭国翔和王硕_2018_学术月刊_在世界学术的整体中推进中国的人文学-彭国翔教授访谈.md 开始
2026-07-10 20:44:58,618 - INFO - HTTP Request: POST https://dashscope.aliyuncs.com/compatible-mode/v1/chat/completions "HTTP/1.1 200 OK"
2026-07-10 20:44:58,623 - INFO - [R1] PID=46 完成 (84.1s)
2026-07-10 20:44:58,623 - INFO - [R1] PID=10 668194135_莫湘益_2016_学术月刊_检察建议用于刑事个案监督论要.md 开始
2026-07-10 20:45:13,484 - INFO - HTTP Request: POST https://dashscope.aliyuncs.com/compatible-mode/v1/chat/completions "HTTP/1.1 200 OK"
2026-07-10 20:45:13,490 - INFO - [R1] PID=13 完成 (109.4s)
2026-07-10 20:45:18,346 - INFO - HTTP Request: POST https://dashscope.aliyuncs.com/compatible-mode/v1/chat/completions "HTTP/1.1 200 OK"
2026-07-10 20:45:21,483 - INFO - HTTP Request: POST https://dashscope.aliyuncs.com/compatible-mode/v1/chat/completions "HTTP/1.1 200 OK"
2026-07-10 20:45:23,697 - INFO - HTTP Request: POST https://dashscope.aliyuncs.com/compatible-mode/v1/chat/completions "HTTP/1.1 200 OK"
2026-07-10 20:45:23,703 - INFO - [R1] PID=106 完成 (100.1s)
2026-07-10 20:45:38,482 - INFO - HTTP Request: POST https://dashscope.aliyuncs.com/compatible-mode/v1/chat/completions "HTTP/1.1 200 OK"
2026-07-10 20:45:40,139 - INFO - HTTP Request: POST https://dashscope.aliyuncs.com/compatible-mode/v1/chat/completions "HTTP/1.1 200 OK"
2026-07-10 20:45:40,147 - INFO - [R1] PID=28 完成 (88.9s)
2026-07-10 20:45:43,273 - INFO - HTTP Request: POST https://dashscope.aliyuncs.com/compatible-mode/v1/chat/completions "HTTP/1.1 200 OK"
2026-07-10 20:45:43,278 - INFO - [R1] PID=37 完成 (52.7s)
2026-07-10 20:45:43,595 - INFO - HTTP Request: POST https://dashscope.aliyuncs.com/compatible-mode/v1/chat/completions "HTTP/1.1 200 OK"
2026-07-10 20:45:43,600 - INFO - [R1] PID=15 完成 (94.4s)
2026-07-10 20:45:50,139 - INFO - HTTP Request: POST https://dashscope.aliyuncs.com/compatible-mode/v1/chat/completions "HTTP/1.1 200 OK"
2026-07-10 20:46:08,026 - INFO - HTTP Request: POST https://dashscope.aliyuncs.com/compatible-mode/v1/chat/completions "HTTP/1.1 200 OK"
2026-07-10 20:46:13,385 - INFO - HTTP Request: POST https://dashscope.aliyuncs.com/compatible-mode/v1/chat/completions "HTTP/1.1 200 OK"
2026-07-10 20:46:13,390 - INFO - [R1] PID=31 完成 (103.3s)
2026-07-10 20:46:39,067 - INFO - HTTP Request: POST https://dashscope.aliyuncs.com/compatible-mode/v1/chat/completions "HTTP/1.1 200 OK"
2026-07-10 20:46:39,069 - INFO - [R1] PID=69 完成 (109.1s)
2026-07-10 20:46:48,591 - INFO - HTTP Request: POST https://dashscope.aliyuncs.com/compatible-mode/v1/chat/completions "HTTP/1.1 200 OK"
2026-07-10 20:46:48,597 - INFO - [R1] PID=10 完成 (110.0s)
2026-07-10 20:46:48,598 - INFO - [R1] 完成 149/149
2026-07-10 20:46:48,636 - INFO - [R2:skip] PID=111 R1 完全一致，写入跳过标记
2026-07-10 20:46:48,636 - INFO - [R2:full] PID=146 XSYK2025009010_叶会成_2025_学术月刊_比例原则的基本观念及其普遍化.md 开始
2026-07-10 20:46:48,639 - INFO - [R2:full] PID=88 XSYK2021004010_戴昕_2021_学术月刊_看破不说破 一种基础隐私规范.md 开始
2026-07-10 20:46:48,643 - INFO - [R2:full] PID=141 XSYK2025006009_万勇和李亚兰_2025_学术月刊_论著作权法中作品独创性的判断方法.md 开始
2026-07-10 20:46:48,646 - INFO - [R2:full] PID=65 7101182958_雷磊_2020_学术月刊_立法的特性——从阶层构造论到原则权衡理论.md 开始
2026-07-10 20:46:48,649 - INFO - [R2:skip] PID=68 R1 完全一致，写入跳过标记
2026-07-10 20:46:48,649 - INFO - [R2:full] PID=81 88838975504849574850484949_戴昕_2019_学术月刊_重新发现社会规范 中国网络法的经济社会学 开始
2026-07-10 20:46:48,652 - INFO - [R2:full] PID=100 XSYK2022002009_阎天_2022_学术月刊_中国劳动法学的宪法观 成形、嬗变与展望.md 开始
2026-07-10 20:46:48,654 - INFO - [R2:full] PID=80 88838975504849574850484948_胡凌_2019_学术月刊_从开放资源到基础服务 平台监管的新视角. 开始
2026-07-10 20:46:48,657 - INFO - [R2:light] PID=48 676838583_朱冰_2018_学术月刊_自然资源“环境权”在财产法中的理论逻辑.md 开始
2026-07-10 20:46:48,658 - INFO - [R2:skip] PID=139 R1 完全一致，写入跳过标记
2026-07-10 20:46:48,658 - INFO - [R2:skip] PID=59 R1 完全一致，写入跳过标记
2026-07-10 20:46:48,659 - INFO - [R2:skip] PID=118 R1 完全一致，写入跳过标记
2026-07-10 20:46:48,659 - INFO - [R2:skip] PID=60 R1 完全一致，写入跳过标记
2026-07-10 20:46:48,660 - INFO - [R2:skip] PID=33 R1 完全一致，写入跳过标记
2026-07-10 20:46:48,660 - INFO - [R2:skip] PID=86 R1 完全一致，写入跳过标记
2026-07-10 20:46:48,661 - INFO - [R2:skip] PID=149 R1 完全一致，写入跳过标记
2026-07-10 20:46:48,661 - INFO - [R2:skip] PID=89 R1 完全一致，写入跳过标记
2026-07-10 20:46:48,662 - INFO - [R2:skip] PID=5 R1 完全一致，写入跳过标记
2026-07-10 20:46:48,662 - INFO - [R2:skip] PID=43 R1 完全一致，写入跳过标记
2026-07-10 20:46:48,663 - INFO - [R2:skip] PID=67 R1 完全一致，写入跳过标记
2026-07-10 20:46:48,663 - INFO - [R2:skip] PID=42 R1 完全一致，写入跳过标记
2026-07-10 20:46:48,664 - INFO - [R2:skip] PID=63 R1 完全一致，写入跳过标记
2026-07-10 20:46:48,664 - INFO - [R2:skip] PID=12 R1 完全一致，写入跳过标记
2026-07-10 20:46:48,665 - INFO - [R2:skip] PID=6 R1 完全一致，写入跳过标记
2026-07-10 20:46:48,665 - INFO - [R2:skip] PID=61 R1 完全一致，写入跳过标记
2026-07-10 20:46:48,665 - INFO - [R2:skip] PID=16 R1 完全一致，写入跳过标记
2026-07-10 20:46:48,666 - INFO - [R2:skip] PID=102 R1 完全一致，写入跳过标记
2026-07-10 20:46:48,666 - INFO - [R2:skip] PID=70 R1 完全一致，写入跳过标记
2026-07-10 20:46:48,667 - INFO - [R2:skip] PID=18 R1 完全一致，写入跳过标记
2026-07-10 20:46:48,667 - INFO - [R2:skip] PID=3 R1 完全一致，写入跳过标记
2026-07-10 20:46:48,668 - INFO - [R2:skip] PID=126 R1 完全一致，写入跳过标记
2026-07-10 20:46:48,668 - INFO - [R2:skip] PID=140 R1 完全一致，写入跳过标记
2026-07-10 20:46:48,669 - INFO - [R2:skip] PID=2 R1 完全一致，写入跳过标记
2026-07-10 20:46:48,669 - INFO - [R2:skip] PID=134 R1 完全一致，写入跳过标记
2026-07-10 20:46:48,670 - INFO - [R2:skip] PID=90 R1 完全一致，写入跳过标记
2026-07-10 20:46:48,670 - INFO - [R2:skip] PID=26 R1 完全一致，写入跳过标记
2026-07-10 20:46:48,670 - INFO - [R2:skip] PID=137 R1 完全一致，写入跳过标记
2026-07-10 20:46:48,671 - INFO - [R2:skip] PID=127 R1 完全一致，写入跳过标记
2026-07-10 20:46:48,671 - INFO - [R2:skip] PID=1 R1 完全一致，写入跳过标记
2026-07-10 20:46:48,672 - INFO - [R2:skip] PID=44 R1 完全一致，写入跳过标记
2026-07-10 20:46:48,672 - INFO - [R2:skip] PID=107 R1 完全一致，写入跳过标记
2026-07-10 20:46:48,672 - INFO - [R2:skip] PID=142 R1 完全一致，写入跳过标记
2026-07-10 20:46:48,673 - INFO - [R2:skip] PID=78 R1 完全一致，写入跳过标记
2026-07-10 20:46:48,673 - INFO - [R2:skip] PID=103 R1 完全一致，写入跳过标记
2026-07-10 20:46:48,674 - INFO - [R2:skip] PID=51 R1 完全一致，写入跳过标记
2026-07-10 20:46:48,674 - INFO - [R2:skip] PID=97 R1 完全一致，写入跳过标记
2026-07-10 20:46:48,675 - INFO - [R2:skip] PID=64 R1 完全一致，写入跳过标记
2026-07-10 20:46:48,675 - INFO - [R2:skip] PID=129 R1 完全一致，写入跳过标记
2026-07-10 20:46:48,676 - INFO - [R2:skip] PID=25 R1 完全一致，写入跳过标记
2026-07-10 20:46:48,676 - INFO - [R2:skip] PID=40 R1 完全一致，写入跳过标记
2026-07-10 20:46:48,676 - INFO - [R2:skip] PID=69 R1 完全一致，写入跳过标记
2026-07-10 20:46:48,677 - INFO - [R2:skip] PID=37 R1 完全一致，写入跳过标记
2026-07-10 20:47:28,617 - INFO - HTTP Request: POST https://dashscope.aliyuncs.com/compatible-mode/v1/chat/completions "HTTP/1.1 200 OK"
2026-07-10 20:47:42,057 - INFO - HTTP Request: POST https://dashscope.aliyuncs.com/compatible-mode/v1/chat/completions "HTTP/1.1 200 OK"
2026-07-10 20:47:42,374 - INFO - HTTP Request: POST https://dashscope.aliyuncs.com/compatible-mode/v1/chat/completions "HTTP/1.1 200 OK"
2026-07-10 20:47:44,206 - INFO - HTTP Request: POST https://dashscope.aliyuncs.com/compatible-mode/v1/chat/completions "HTTP/1.1 200 OK"
2026-07-10 20:47:47,743 - INFO - HTTP Request: POST https://dashscope.aliyuncs.com/compatible-mode/v1/chat/completions "HTTP/1.1 200 OK"
2026-07-10 20:47:49,316 - INFO - HTTP Request: POST https://dashscope.aliyuncs.com/compatible-mode/v1/chat/completions "HTTP/1.1 200 OK"
2026-07-10 20:47:50,733 - INFO - HTTP Request: POST https://dashscope.aliyuncs.com/compatible-mode/v1/chat/completions "HTTP/1.1 200 OK"
2026-07-10 20:47:50,739 - INFO - [R2:light] PID=48 完成 (62.1s)
2026-07-10 20:47:50,739 - INFO - [R2:full] PID=77 7103036693_赖骏楠_2020_学术月刊_清代四川州县的契税治理 以南部县契税诉讼为侧重点.md 开始
2026-07-10 20:48:00,219 - INFO - HTTP Request: POST https://dashscope.aliyuncs.com/compatible-mode/v1/chat/completions "HTTP/1.1 200 OK"
2026-07-10 20:48:06,893 - INFO - HTTP Request: POST https://dashscope.aliyuncs.com/compatible-mode/v1/chat/completions "HTTP/1.1 200 OK"
2026-07-10 20:48:06,897 - INFO - [R2:full] PID=80 完成 (78.2s)
2026-07-10 20:48:06,898 - INFO - [R2:full] PID=45 676636432_章永乐_2018_学术月刊_“大国协调”与“大妥协”：条约网络、银行团与辛亥革命的路径.md 开始
2026-07-10 20:48:09,434 - INFO - HTTP Request: POST https://dashscope.aliyuncs.com/compatible-mode/v1/chat/completions "HTTP/1.1 200 OK"
2026-07-10 20:48:24,892 - INFO - HTTP Request: POST https://dashscope.aliyuncs.com/compatible-mode/v1/chat/completions "HTTP/1.1 200 OK"
2026-07-10 20:48:24,897 - INFO - [R2:full] PID=81 完成 (96.2s)
2026-07-10 20:48:24,898 - INFO - [R2:full] PID=52 7002363983_翟翌_2019_学术月刊_作为特许人的行政主体与“受许人的对象人”之间关系的变迁及价值——一个行政 开始
2026-07-10 20:48:36,369 - INFO - HTTP Request: POST https://dashscope.aliyuncs.com/compatible-mode/v1/chat/completions "HTTP/1.1 200 OK"
2026-07-10 20:48:36,375 - INFO - [R2:full] PID=141 完成 (107.7s)
2026-07-10 20:48:36,375 - INFO - [R2:full] PID=79 7103609282_汪洋_2020_学术月刊_民法典无因管理的内外体系与规范呈现.md 开始
2026-07-10 20:48:36,857 - INFO - HTTP Request: POST https://dashscope.aliyuncs.com/compatible-mode/v1/chat/completions "HTTP/1.1 200 OK"
2026-07-10 20:48:36,863 - INFO - [R2:full] PID=88 完成 (108.2s)
2026-07-10 20:48:36,863 - INFO - [R2:full] PID=144 XSYK2025007011_张途_2025_学术月刊_为何法治概念应包含“基本正义要求”.md 开始
2026-07-10 20:48:38,209 - INFO - HTTP Request: POST https://dashscope.aliyuncs.com/compatible-mode/v1/chat/completions "HTTP/1.1 200 OK"
2026-07-10 20:48:38,214 - INFO - [R2:full] PID=100 完成 (109.6s)
2026-07-10 20:48:38,215 - INFO - [R2:light] PID=62 7101006210_薛军_2019_学术月刊_中国法上的行为能力宣告 制度内涵与解释论重塑.md 开始
2026-07-10 20:48:38,609 - INFO - HTTP Request: POST https://dashscope.aliyuncs.com/compatible-mode/v1/chat/completions "HTTP/1.1 200 OK"
2026-07-10 20:48:38,614 - INFO - [R2:full] PID=65 完成 (110.0s)
2026-07-10 20:48:38,614 - INFO - [R2:full] PID=30 673776794_张小虎_2017_学术月刊_论刑法上典型异样因果形态的因果关系特别判断.md 开始
2026-07-10 20:48:40,228 - INFO - HTTP Request: POST https://dashscope.aliyuncs.com/compatible-mode/v1/chat/completions "HTTP/1.1 200 OK"
2026-07-10 20:48:40,237 - INFO - [R2:full] PID=146 完成 (111.6s)
2026-07-10 20:48:40,237 - INFO - [R2:full] PID=114 XSYK2023006016_李俊强_2023_学术月刊_唐前律典的历史书写与谱系制造.md 开始
2026-07-10 20:49:06,227 - INFO - HTTP Request: POST https://dashscope.aliyuncs.com/compatible-mode/v1/chat/completions "HTTP/1.1 200 OK"
2026-07-10 20:49:07,107 - INFO - HTTP Request: POST https://dashscope.aliyuncs.com/compatible-mode/v1/chat/completions "HTTP/1.1 200 OK"
2026-07-10 20:49:07,440 - INFO - HTTP Request: POST https://dashscope.aliyuncs.com/compatible-mode/v1/chat/completions "HTTP/1.1 200 OK"
2026-07-10 20:49:09,624 - INFO - HTTP Request: POST https://dashscope.aliyuncs.com/compatible-mode/v1/chat/completions "HTTP/1.1 200 OK"
2026-07-10 20:49:12,405 - INFO - HTTP Request: POST https://dashscope.aliyuncs.com/compatible-mode/v1/chat/completions "HTTP/1.1 200 OK"
2026-07-10 20:49:17,308 - INFO - HTTP Request: POST https://dashscope.aliyuncs.com/compatible-mode/v1/chat/completions "HTTP/1.1 200 OK"
2026-07-10 20:49:23,662 - INFO - HTTP Request: POST https://dashscope.aliyuncs.com/compatible-mode/v1/chat/completions "HTTP/1.1 200 OK"
2026-07-10 20:49:23,669 - INFO - [R2:full] PID=77 完成 (92.9s)
2026-07-10 20:49:23,669 - INFO - [R2:light] PID=73 7102601814_李勤通_2020_学术月刊_法律儒家化及其解释力.md 开始
2026-07-10 20:49:28,158 - INFO - HTTP Request: POST https://dashscope.aliyuncs.com/compatible-mode/v1/chat/completions "HTTP/1.1 200 OK"
2026-07-10 20:49:53,133 - INFO - HTTP Request: POST https://dashscope.aliyuncs.com/compatible-mode/v1/chat/completions "HTTP/1.1 200 OK"
2026-07-10 20:49:53,139 - INFO - [R2:light] PID=62 完成 (74.9s)
2026-07-10 20:49:53,139 - INFO - [R2:full] PID=133 XSYK2025001010_石磊和程金华_2025_学术月刊_超越“东西”之分：中国司法需求的空间演变与类型化.md 开始
2026-07-10 20:49:54,035 - INFO - HTTP Request: POST https://dashscope.aliyuncs.com/compatible-mode/v1/chat/completions "HTTP/1.1 200 OK"
2026-07-10 20:49:54,036 - INFO - [R2:full] PID=144 完成 (77.2s)
2026-07-10 20:49:54,036 - INFO - [R2:full] PID=32 674002484_王文胜_2017_学术月刊_《民法总则》与原有法律司法解释之间的规范竞合及其处理.md 开始
2026-07-10 20:49:58,012 - INFO - HTTP Request: POST https://dashscope.aliyuncs.com/compatible-mode/v1/chat/completions "HTTP/1.1 200 OK"
2026-07-10 20:49:58,764 - INFO - HTTP Request: POST https://dashscope.aliyuncs.com/compatible-mode/v1/chat/completions "HTTP/1.1 200 OK"
2026-07-10 20:49:58,768 - INFO - [R2:full] PID=52 完成 (93.9s)
2026-07-10 20:49:58,769 - INFO - [R2:full] PID=131 XSYK2024011009_张翅翔和雷磊_2024_学术月刊_法学学术批评的两种形态及其意义.md 开始
2026-07-10 20:50:07,803 - INFO - HTTP Request: POST https://dashscope.aliyuncs.com/compatible-mode/v1/chat/completions "HTTP/1.1 200 OK"
2026-07-10 20:50:07,807 - INFO - [R2:full] PID=45 完成 (120.9s)
2026-07-10 20:50:07,807 - INFO - [R2:full] PID=110 XSYK2023001010_杜文俊和陈超_2023_学术月刊_引入与调适：自然惩罚免刑规则的本土化建构.md 开始
2026-07-10 20:50:23,106 - INFO - HTTP Request: POST https://dashscope.aliyuncs.com/compatible-mode/v1/chat/completions "HTTP/1.1 200 OK"
2026-07-10 20:50:23,112 - INFO - [R2:full] PID=79 完成 (106.7s)
2026-07-10 20:50:23,112 - INFO - [R2:full] PID=119 XSYK2023011009_陶南颖_2023_学术月刊_中国涉外法治研究主体性建构的悖论及其超越.md 开始
2026-07-10 20:50:25,082 - INFO - HTTP Request: POST https://dashscope.aliyuncs.com/compatible-mode/v1/chat/completions "HTTP/1.1 200 OK"
2026-07-10 20:50:25,280 - INFO - HTTP Request: POST https://dashscope.aliyuncs.com/compatible-mode/v1/chat/completions "HTTP/1.1 200 OK"
2026-07-10 20:50:25,285 - INFO - [R2:full] PID=30 完成 (106.7s)
2026-07-10 20:50:25,285 - INFO - [R2:full] PID=11 669262573_刘水林_2016_学术月刊_车辆限行规制的法经济学分析.md 开始
2026-07-10 20:50:25,902 - INFO - HTTP Request: POST https://dashscope.aliyuncs.com/compatible-mode/v1/chat/completions "HTTP/1.1 200 OK"
2026-07-10 20:50:44,004 - INFO - HTTP Request: POST https://dashscope.aliyuncs.com/compatible-mode/v1/chat/completions "HTTP/1.1 200 OK"
2026-07-10 20:50:44,009 - INFO - [R2:light] PID=73 完成 (80.3s)
2026-07-10 20:50:44,009 - INFO - [R2:full] PID=138 XSYK2025004009_罗维鹏_2025_学术月刊_证据分析的叙事方法及其运用.md 开始
2026-07-10 20:50:48,597 - INFO - HTTP Request: POST https://dashscope.aliyuncs.com/compatible-mode/v1/chat/completions "HTTP/1.1 200 OK"
2026-07-10 20:50:49,432 - INFO - HTTP Request: POST https://dashscope.aliyuncs.com/compatible-mode/v1/chat/completions "HTTP/1.1 200 OK"
2026-07-10 20:50:58,056 - INFO - HTTP Request: POST https://dashscope.aliyuncs.com/compatible-mode/v1/chat/completions "HTTP/1.1 200 OK"
2026-07-10 20:50:58,062 - INFO - [R2:full] PID=114 完成 (137.8s)
2026-07-10 20:50:58,062 - INFO - [R2:full] PID=112 XSYK2023003009_章永乐_2023_学术月刊_“大国协调”的重负与近代中国的“旧邦新造”.md 开始
2026-07-10 20:51:01,141 - INFO - HTTP Request: POST https://dashscope.aliyuncs.com/compatible-mode/v1/chat/completions "HTTP/1.1 200 OK"
2026-07-10 20:51:07,475 - INFO - HTTP Request: POST https://dashscope.aliyuncs.com/compatible-mode/v1/chat/completions "HTTP/1.1 200 OK"
2026-07-10 20:51:08,856 - INFO - HTTP Request: POST https://dashscope.aliyuncs.com/compatible-mode/v1/chat/completions "HTTP/1.1 200 OK"
2026-07-10 20:51:17,585 - INFO - HTTP Request: POST https://dashscope.aliyuncs.com/compatible-mode/v1/chat/completions "HTTP/1.1 200 OK"
2026-07-10 20:51:22,635 - INFO - HTTP Request: POST https://dashscope.aliyuncs.com/compatible-mode/v1/chat/completions "HTTP/1.1 200 OK"
2026-07-10 20:51:22,641 - INFO - [R2:full] PID=32 完成 (88.6s)
2026-07-10 20:51:22,642 - INFO - [R2:light] PID=120 XSYK2024001010_熊丙万和何娟_2024_学术月刊_论数据要素市场的基础制度体系.md 开始
2026-07-10 20:51:40,798 - INFO - HTTP Request: POST https://dashscope.aliyuncs.com/compatible-mode/v1/chat/completions "HTTP/1.1 200 OK"
2026-07-10 20:51:40,803 - INFO - [R2:full] PID=131 完成 (102.0s)
2026-07-10 20:51:40,804 - INFO - [R2:light] PID=98 XSYK2021011010_武飞_2021_学术月刊_论经验法则在刑事司法裁判中的论证.md 开始
2026-07-10 20:51:40,860 - INFO - HTTP Request: POST https://dashscope.aliyuncs.com/compatible-mode/v1/chat/completions "HTTP/1.1 200 OK"
2026-07-10 20:51:40,867 - INFO - [R2:full] PID=133 完成 (107.7s)
2026-07-10 20:51:40,867 - INFO - [R2:light] PID=54 7002655982_王利明_2019_学术月刊_论民法典物权编中居住权的若干问题.md 开始
2026-07-10 20:51:43,668 - INFO - HTTP Request: POST https://dashscope.aliyuncs.com/compatible-mode/v1/chat/completions "HTTP/1.1 200 OK"
2026-07-10 20:51:51,201 - INFO - HTTP Request: POST https://dashscope.aliyuncs.com/compatible-mode/v1/chat/completions "HTTP/1.1 200 OK"
2026-07-10 20:51:51,208 - INFO - [R2:full] PID=119 完成 (88.1s)
2026-07-10 20:51:51,208 - INFO - [R2:full] PID=122 XSYK2024003009_翟翌和金龙君_2024_学术月刊_比例原则目的正当性审查方法新论——一个融合法经济学、商谈 开始
2026-07-10 20:51:51,730 - INFO - HTTP Request: POST https://dashscope.aliyuncs.com/compatible-mode/v1/chat/completions "HTTP/1.1 200 OK"
2026-07-10 20:51:51,736 - INFO - [R2:full] PID=110 完成 (103.9s)
2026-07-10 20:51:51,736 - INFO - [R2:full] PID=136 XSYK2025003009_季卫东和赵泽睿_2025_学术月刊_法律如何实现动态治理——人工智能不确定性的立法应对.m 开始
2026-07-10 20:52:01,820 - INFO - HTTP Request: POST https://dashscope.aliyuncs.com/compatible-mode/v1/chat/completions "HTTP/1.1 200 OK"
2026-07-10 20:52:01,826 - INFO - [R2:full] PID=11 完成 (96.5s)
2026-07-10 20:52:01,826 - INFO - [R2:full] PID=66 7101182959_汪雄_2020_学术月刊_寻找失落的“精神”——从《刑法》第20条第3款的适用范围反思刑法的立法价 开始
2026-07-10 20:52:07,196 - INFO - HTTP Request: POST https://dashscope.aliyuncs.com/compatible-mode/v1/chat/completions "HTTP/1.1 200 OK"
2026-07-10 20:52:29,216 - INFO - HTTP Request: POST https://dashscope.aliyuncs.com/compatible-mode/v1/chat/completions "HTTP/1.1 200 OK"
2026-07-10 20:52:29,221 - INFO - [R2:full] PID=112 完成 (91.2s)
2026-07-10 20:52:29,222 - INFO - [R2:full] PID=56 7002846475_赖骏楠_2019_学术月刊_清末四川财政的 集权 与 分权 之争 以经征局设立及其争议为切入点.m 开始
2026-07-10 20:52:30,623 - INFO - HTTP Request: POST https://dashscope.aliyuncs.com/compatible-mode/v1/chat/completions "HTTP/1.1 200 OK"
2026-07-10 20:52:30,627 - INFO - [R2:full] PID=138 完成 (106.6s)
2026-07-10 20:52:30,628 - INFO - [R2:full] PID=94 XSYK2021008009_杨东和李子硕_2021_学术月刊_监管技术巨头 技术力量作为市场支配地位认定因素之再审视. 开始
2026-07-10 20:52:33,949 - INFO - HTTP Request: POST https://dashscope.aliyuncs.com/compatible-mode/v1/chat/completions "HTTP/1.1 200 OK"
2026-07-10 20:52:37,736 - INFO - HTTP Request: POST https://dashscope.aliyuncs.com/compatible-mode/v1/chat/completions "HTTP/1.1 200 OK"
2026-07-10 20:52:39,423 - INFO - HTTP Request: POST https://dashscope.aliyuncs.com/compatible-mode/v1/chat/completions "HTTP/1.1 200 OK"
2026-07-10 20:52:39,427 - INFO - [R2:light] PID=54 完成 (58.6s)
2026-07-10 20:52:39,427 - INFO - [R2:light] PID=49 7001738926_尤陈俊_2019_学术月刊_“讼师恶报”话语模式的力量及其复合功能.md 开始
2026-07-10 20:52:44,190 - INFO - HTTP Request: POST https://dashscope.aliyuncs.com/compatible-mode/v1/chat/completions "HTTP/1.1 200 OK"
2026-07-10 20:52:44,196 - INFO - [R2:light] PID=120 完成 (81.6s)
2026-07-10 20:52:44,196 - INFO - [R2:full] PID=53 7002363985_岳林_2019_学术月刊_论隐私的社会生成机制——以习俗和法律关系为视角.md 开始
2026-07-10 20:52:44,424 - INFO - HTTP Request: POST https://dashscope.aliyuncs.com/compatible-mode/v1/chat/completions "HTTP/1.1 200 OK"
2026-07-10 20:52:57,150 - INFO - HTTP Request: POST https://dashscope.aliyuncs.com/compatible-mode/v1/chat/completions "HTTP/1.1 200 OK"
2026-07-10 20:52:57,154 - INFO - [R2:light] PID=98 完成 (76.3s)
2026-07-10 20:52:57,155 - INFO - [R2:full] PID=55 7002655983_汪洋_2019_学术月刊_从用益权到居住权 罗马法人役权的流变史.md 开始
2026-07-10 20:52:59,971 - INFO - HTTP Request: POST https://dashscope.aliyuncs.com/compatible-mode/v1/chat/completions "HTTP/1.1 200 OK"
2026-07-10 20:53:07,487 - INFO - HTTP Request: POST https://dashscope.aliyuncs.com/compatible-mode/v1/chat/completions "HTTP/1.1 200 OK"
2026-07-10 20:53:07,691 - INFO - HTTP Request: POST https://dashscope.aliyuncs.com/compatible-mode/v1/chat/completions "HTTP/1.1 200 OK"
2026-07-10 20:53:08,544 - INFO - HTTP Request: POST https://dashscope.aliyuncs.com/compatible-mode/v1/chat/completions "HTTP/1.1 200 OK"
2026-07-10 20:53:24,457 - INFO - HTTP Request: POST https://dashscope.aliyuncs.com/compatible-mode/v1/chat/completions "HTTP/1.1 200 OK"
2026-07-10 20:53:30,603 - INFO - HTTP Request: POST https://dashscope.aliyuncs.com/compatible-mode/v1/chat/completions "HTTP/1.1 200 OK"
2026-07-10 20:53:30,609 - INFO - [R2:full] PID=66 完成 (88.8s)
2026-07-10 20:53:30,609 - INFO - [R2:full] PID=132 XSYK2024012008_郭春镇和勇琪_2024_学术月刊_从嵌入到融合：技术治理与法律治理的关系及其优化.md 开始
2026-07-10 20:53:39,130 - INFO - HTTP Request: POST https://dashscope.aliyuncs.com/compatible-mode/v1/chat/completions "HTTP/1.1 200 OK"
2026-07-10 20:53:39,135 - INFO - [R2:full] PID=122 完成 (107.9s)
2026-07-10 20:53:39,136 - INFO - [R2:full] PID=85 XSYK2021003012_程金华_2021_学术月刊_事实的法律规范化——从农业社会到信息革命.md 开始
2026-07-10 20:53:41,731 - INFO - HTTP Request: POST https://dashscope.aliyuncs.com/compatible-mode/v1/chat/completions "HTTP/1.1 200 OK"
2026-07-10 20:53:45,267 - INFO - HTTP Request: POST https://dashscope.aliyuncs.com/compatible-mode/v1/chat/completions "HTTP/1.1 200 OK"
2026-07-10 20:53:45,272 - INFO - [R2:full] PID=136 完成 (113.5s)
2026-07-10 20:53:45,273 - INFO - [R2:full] PID=29 673379229_马洪_2017_学术月刊_绿色原则何以入民法典.md 开始
2026-07-10 20:53:46,044 - INFO - HTTP Request: POST https://dashscope.aliyuncs.com/compatible-mode/v1/chat/completions "HTTP/1.1 200 OK"
2026-07-10 20:53:50,578 - INFO - HTTP Request: POST https://dashscope.aliyuncs.com/compatible-mode/v1/chat/completions "HTTP/1.1 200 OK"
2026-07-10 20:53:50,583 - INFO - [R2:light] PID=49 完成 (71.2s)
2026-07-10 20:53:50,583 - INFO - [R2:full] PID=143 XSYK2025007008_黄伟等_2025_学术月刊_平等与效率的兼顾——《慈善法》的激励与分配效应.md 开始
2026-07-10 20:53:59,820 - INFO - HTTP Request: POST https://dashscope.aliyuncs.com/compatible-mode/v1/chat/completions "HTTP/1.1 200 OK"
2026-07-10 20:53:59,823 - INFO - [R2:full] PID=53 完成 (75.6s)
2026-07-10 20:53:59,823 - INFO - [R2:light] PID=145 XSYK2025008008_马洪和赖德斌_2025_学术月刊_应对气候变化的生态环境法典化表达.md 开始
2026-07-10 20:54:04,376 - INFO - HTTP Request: POST https://dashscope.aliyuncs.com/compatible-mode/v1/chat/completions "HTTP/1.1 200 OK"
2026-07-10 20:54:04,382 - INFO - [R2:full] PID=94 完成 (93.8s)
2026-07-10 20:54:04,382 - INFO - [R2:light] PID=41 675668486_李斯特_2018_学术月刊_坏声明与好法治——社会主义中国文艺法律政策中的权利书写.md 开始
2026-07-10 20:54:11,082 - INFO - HTTP Request: POST https://dashscope.aliyuncs.com/compatible-mode/v1/chat/completions "HTTP/1.1 200 OK"
2026-07-10 20:54:11,088 - INFO - [R2:full] PID=56 完成 (101.9s)
2026-07-10 20:54:11,089 - INFO - [R2:full] PID=101 XSYK2022004010_石冠彬_2022_学术月刊_民法典精神损害赔偿制度的规范构造与价值定位.md 开始
2026-07-10 20:54:27,775 - INFO - HTTP Request: POST https://dashscope.aliyuncs.com/compatible-mode/v1/chat/completions "HTTP/1.1 200 OK"
2026-07-10 20:54:34,603 - INFO - HTTP Request: POST https://dashscope.aliyuncs.com/compatible-mode/v1/chat/completions "HTTP/1.1 200 OK"
2026-07-10 20:54:36,289 - INFO - HTTP Request: POST https://dashscope.aliyuncs.com/compatible-mode/v1/chat/completions "HTTP/1.1 200 OK"
2026-07-10 20:54:41,490 - INFO - HTTP Request: POST https://dashscope.aliyuncs.com/compatible-mode/v1/chat/completions "HTTP/1.1 200 OK"
2026-07-10 20:54:46,900 - INFO - HTTP Request: POST https://dashscope.aliyuncs.com/compatible-mode/v1/chat/completions "HTTP/1.1 200 OK"
2026-07-10 20:54:47,790 - INFO - HTTP Request: POST https://dashscope.aliyuncs.com/compatible-mode/v1/chat/completions "HTTP/1.1 200 OK"
2026-07-10 20:55:10,266 - INFO - HTTP Request: POST https://dashscope.aliyuncs.com/compatible-mode/v1/chat/completions "HTTP/1.1 200 OK"
2026-07-10 20:55:10,276 - INFO - [R2:full] PID=55 完成 (133.1s)
2026-07-10 20:55:10,277 - INFO - [R2:full] PID=105 XSYK2022006013_魏磊杰_2022_学术月刊_新时代中国国际法观的理论构成与多元实践.md 开始
2026-07-10 20:55:15,479 - INFO - HTTP Request: POST https://dashscope.aliyuncs.com/compatible-mode/v1/chat/completions "HTTP/1.1 200 OK"
2026-07-10 20:55:28,287 - INFO - HTTP Request: POST https://dashscope.aliyuncs.com/compatible-mode/v1/chat/completions "HTTP/1.1 200 OK"
2026-07-10 20:55:28,293 - INFO - [R2:full] PID=143 完成 (97.7s)
2026-07-10 20:55:28,293 - INFO - [R2:full] PID=117 XSYK2023008012_刘安迪和周东平_2023_学术月刊_宋代流人量移考.md 开始
2026-07-10 20:55:34,492 - INFO - HTTP Request: POST https://dashscope.aliyuncs.com/compatible-mode/v1/chat/completions "HTTP/1.1 200 OK"
2026-07-10 20:55:34,498 - INFO - [R2:full] PID=132 完成 (123.9s)
2026-07-10 20:55:34,499 - INFO - [R2:light] PID=57 7002846476_谢晶_2019_学术月刊_儒法之间的刑罚根据论 清律窃盗罚则的古今之维.md 开始
2026-07-10 20:55:35,990 - INFO - HTTP Request: POST https://dashscope.aliyuncs.com/compatible-mode/v1/chat/completions "HTTP/1.1 200 OK"
2026-07-10 20:55:35,996 - INFO - [R2:full] PID=85 完成 (116.9s)
2026-07-10 20:55:35,997 - INFO - [R2:full] PID=27 673240183_涂永前_2017_学术月刊_论法外选法——瑞士国际私法的实践与启示.md 开始
2026-07-10 20:55:40,805 - INFO - HTTP Request: POST https://dashscope.aliyuncs.com/compatible-mode/v1/chat/completions "HTTP/1.1 200 OK"
2026-07-10 20:55:40,810 - INFO - [R2:light] PID=145 完成 (101.0s)
2026-07-10 20:55:40,811 - INFO - [R2:full] PID=92 XSYK2021006012_陈洪杰_2021_学术月刊_司法公正的象征建构 在认知与规范之间.md 开始
2026-07-10 20:55:43,727 - INFO - HTTP Request: POST https://dashscope.aliyuncs.com/compatible-mode/v1/chat/completions "HTTP/1.1 200 OK"
2026-07-10 20:55:43,733 - INFO - [R2:light] PID=41 完成 (99.3s)
2026-07-10 20:55:43,734 - INFO - [R2:full] PID=75 7102609323_章永乐_2020_学术月刊_“门罗主义”话语的跨洋旅行——亚洲主义、省域空间与“旧邦新造”进程.m 开始
2026-07-10 20:56:01,471 - INFO - HTTP Request: POST https://dashscope.aliyuncs.com/compatible-mode/v1/chat/completions "HTTP/1.1 200 OK"
2026-07-10 20:56:01,479 - INFO - [R2:full] PID=29 完成 (136.2s)
2026-07-10 20:56:01,479 - INFO - [R2:full] PID=135 XSYK2025002009_吴文芳和王瑞宏_2025_学术月刊_作为用户的平台劳动者：保护机制及其构建.md 开始
2026-07-10 20:56:12,628 - INFO - HTTP Request: POST https://dashscope.aliyuncs.com/compatible-mode/v1/chat/completions "HTTP/1.1 200 OK"
2026-07-10 20:56:17,923 - INFO - HTTP Request: POST https://dashscope.aliyuncs.com/compatible-mode/v1/chat/completions "HTTP/1.1 200 OK"
2026-07-10 20:56:21,536 - INFO - HTTP Request: POST https://dashscope.aliyuncs.com/compatible-mode/v1/chat/completions "HTTP/1.1 200 OK"
2026-07-10 20:56:21,541 - INFO - [R2:full] PID=101 完成 (130.4s)
2026-07-10 20:56:21,541 - INFO - [R2:light] PID=76 7103036692_尤陈俊_2020_学术月刊_法治建设的国家能力基础 从国族认同建构能力切入.md 开始
2026-07-10 20:56:25,390 - INFO - HTTP Request: POST https://dashscope.aliyuncs.com/compatible-mode/v1/chat/completions "HTTP/1.1 200 OK"
2026-07-10 20:56:35,722 - INFO - HTTP Request: POST https://dashscope.aliyuncs.com/compatible-mode/v1/chat/completions "HTTP/1.1 200 OK"
2026-07-10 20:56:56,687 - INFO - HTTP Request: POST https://dashscope.aliyuncs.com/compatible-mode/v1/chat/completions "HTTP/1.1 200 OK"
2026-07-10 20:57:02,940 - INFO - HTTP Request: POST https://dashscope.aliyuncs.com/compatible-mode/v1/chat/completions "HTTP/1.1 200 OK"
2026-07-10 20:57:02,945 - INFO - [R2:light] PID=57 完成 (88.4s)
2026-07-10 20:57:02,945 - INFO - [R2:light] PID=91 XSYK2021006011_刘忠_2021_学术月刊_革命的保卫者 — 大公安 格局发生的历史缘起.md 开始
2026-07-10 20:57:07,921 - INFO - HTTP Request: POST https://dashscope.aliyuncs.com/compatible-mode/v1/chat/completions "HTTP/1.1 200 OK"
2026-07-10 20:57:14,988 - INFO - HTTP Request: POST https://dashscope.aliyuncs.com/compatible-mode/v1/chat/completions "HTTP/1.1 200 OK"
2026-07-10 20:57:23,698 - INFO - HTTP Request: POST https://dashscope.aliyuncs.com/compatible-mode/v1/chat/completions "HTTP/1.1 200 OK"
2026-07-10 20:57:39,880 - INFO - HTTP Request: POST https://dashscope.aliyuncs.com/compatible-mode/v1/chat/completions "HTTP/1.1 200 OK"
2026-07-10 20:57:39,885 - INFO - [R2:light] PID=76 完成 (78.3s)
2026-07-10 20:57:39,885 - INFO - [R2:light] PID=99 XSYK2022001011_霍政欣和陈锐达_2022_学术月刊_文化主权视域下流失文物追索的法理思考——基于石窟寺流失 开始
2026-07-10 20:57:43,162 - INFO - HTTP Request: POST https://dashscope.aliyuncs.com/compatible-mode/v1/chat/completions "HTTP/1.1 200 OK"
2026-07-10 20:57:43,170 - INFO - [R2:full] PID=105 完成 (152.9s)
2026-07-10 20:57:43,171 - INFO - [R2:full] PID=71 7102601812_郑少华和王慧_2020_学术月刊_环境法的定位及其法典化.md 开始
2026-07-10 20:57:43,971 - INFO - HTTP Request: POST https://dashscope.aliyuncs.com/compatible-mode/v1/chat/completions "HTTP/1.1 200 OK"
2026-07-10 20:57:43,979 - INFO - [R2:full] PID=27 完成 (128.0s)
2026-07-10 20:57:43,979 - INFO - [R2:full] PID=116 XSYK2023008007_孙万怀_2023_学术月刊_一种“甜蜜的错觉”：自由意志是刑事责任的基础.md 开始
2026-07-10 20:57:47,558 - INFO - HTTP Request: POST https://dashscope.aliyuncs.com/compatible-mode/v1/chat/completions "HTTP/1.1 200 OK"
2026-07-10 20:57:47,564 - INFO - [R2:full] PID=135 完成 (106.1s)
2026-07-10 20:57:47,565 - INFO - [R2:full] PID=125 XSYK2024005011_沈伟和苏可桢_2024_学术月刊_新型反补贴规则是优化还是异化——基于保护市场经济的视角. 开始
2026-07-10 20:57:47,703 - INFO - HTTP Request: POST https://dashscope.aliyuncs.com/compatible-mode/v1/chat/completions "HTTP/1.1 200 OK"
2026-07-10 20:58:01,273 - INFO - HTTP Request: POST https://dashscope.aliyuncs.com/compatible-mode/v1/chat/completions "HTTP/1.1 200 OK"
2026-07-10 20:58:01,279 - INFO - [R2:full] PID=117 完成 (153.0s)
2026-07-10 20:58:01,279 - INFO - [R2:full] PID=20 671609379_钟宁桦等_2017_学术月刊_经理人权力与员工工资——来自五百家非上市公司的证据.md 开始
2026-07-10 20:58:06,244 - INFO - HTTP Request: POST https://dashscope.aliyuncs.com/compatible-mode/v1/chat/completions "HTTP/1.1 200 OK"
2026-07-10 20:58:06,249 - INFO - [R2:full] PID=92 完成 (145.4s)
2026-07-10 20:58:06,249 - INFO - [R2:full] PID=108 XSYK2022007011_房慧颖_2022_学术月刊_刑法谦抑性原则的价值定位与规范化构造——以刑民关系为切入点.m 开始
2026-07-10 20:58:21,706 - INFO - HTTP Request: POST https://dashscope.aliyuncs.com/compatible-mode/v1/chat/completions "HTTP/1.1 200 OK"
2026-07-10 20:58:21,713 - INFO - [R2:light] PID=91 完成 (78.8s)
2026-07-10 20:58:21,713 - INFO - [R2:full] PID=130 XSYK2024010009_郑今轶_2024_学术月刊_超越对立：英美契约理论下的身份观.md 开始
2026-07-10 20:58:22,886 - INFO - HTTP Request: POST https://dashscope.aliyuncs.com/compatible-mode/v1/chat/completions "HTTP/1.1 200 OK"
2026-07-10 20:58:25,659 - INFO - HTTP Request: POST https://dashscope.aliyuncs.com/compatible-mode/v1/chat/completions "HTTP/1.1 200 OK"
2026-07-10 20:58:25,665 - INFO - [R2:full] PID=75 完成 (161.9s)
2026-07-10 20:58:25,665 - INFO - [R2:light] PID=121 XSYK2024002010_吴思远_2024_学术月刊_从“权力主导”到“权利本位”：刑事在线诉讼的法治悖反与归位.m 开始
2026-07-10 20:58:38,855 - INFO - HTTP Request: POST https://dashscope.aliyuncs.com/compatible-mode/v1/chat/completions "HTTP/1.1 200 OK"
2026-07-10 20:58:43,714 - INFO - HTTP Request: POST https://dashscope.aliyuncs.com/compatible-mode/v1/chat/completions "HTTP/1.1 200 OK"
2026-07-10 20:58:46,629 - INFO - HTTP Request: POST https://dashscope.aliyuncs.com/compatible-mode/v1/chat/completions "HTTP/1.1 200 OK"
2026-07-10 20:58:48,279 - INFO - HTTP Request: POST https://dashscope.aliyuncs.com/compatible-mode/v1/chat/completions "HTTP/1.1 200 OK"
2026-07-10 20:58:57,268 - INFO - HTTP Request: POST https://dashscope.aliyuncs.com/compatible-mode/v1/chat/completions "HTTP/1.1 200 OK"
2026-07-10 20:59:02,469 - INFO - HTTP Request: POST https://dashscope.aliyuncs.com/compatible-mode/v1/chat/completions "HTTP/1.1 200 OK"
2026-07-10 20:59:04,895 - INFO - HTTP Request: POST https://dashscope.aliyuncs.com/compatible-mode/v1/chat/completions "HTTP/1.1 200 OK"
2026-07-10 20:59:32,787 - INFO - HTTP Request: POST https://dashscope.aliyuncs.com/compatible-mode/v1/chat/completions "HTTP/1.1 200 OK"
2026-07-10 20:59:32,793 - INFO - [R2:light] PID=99 完成 (112.9s)
2026-07-10 20:59:32,793 - INFO - [R2:full] PID=36 675009937_高全喜_2018_学术月刊_新制起于南国：烫治宪法学视野下的“东南互保”.md 开始
2026-07-10 20:59:38,413 - INFO - HTTP Request: POST https://dashscope.aliyuncs.com/compatible-mode/v1/chat/completions "HTTP/1.1 200 OK"
2026-07-10 20:59:38,418 - INFO - [R2:full] PID=20 完成 (97.1s)
2026-07-10 20:59:38,419 - INFO - [R2:full] PID=147 XSYK2025010009_陈婉玲_2025_学术月刊_区域权利谱系及其构造论——区域经济法本体论的视域.md 开始
2026-07-10 20:59:40,345 - INFO - HTTP Request: POST https://dashscope.aliyuncs.com/compatible-mode/v1/chat/completions "HTTP/1.1 200 OK"
2026-07-10 20:59:40,348 - INFO - [R2:full] PID=130 完成 (78.6s)
2026-07-10 20:59:40,349 - INFO - [R2:full] PID=96 XSYK2021009011_李晟_2021_学术月刊_社会与历史语境中的法律修辞 共同体建构视角下的宏观功能.md 开始
2026-07-10 20:59:47,170 - INFO - HTTP Request: POST https://dashscope.aliyuncs.com/compatible-mode/v1/chat/completions "HTTP/1.1 200 OK"
2026-07-10 20:59:47,176 - INFO - [R2:full] PID=125 完成 (119.6s)
2026-07-10 20:59:47,177 - INFO - [R2:full] PID=72 7102601813_魏磊杰_2020_学术月刊_我国国际法研究的主体性缺失问题 反思与祛魅.md 开始
2026-07-10 21:00:13,744 - INFO - HTTP Request: POST https://dashscope.aliyuncs.com/compatible-mode/v1/chat/completions "HTTP/1.1 200 OK"
2026-07-10 21:00:19,203 - INFO - HTTP Request: POST https://dashscope.aliyuncs.com/compatible-mode/v1/chat/completions "HTTP/1.1 200 OK"
2026-07-10 21:00:26,581 - INFO - HTTP Request: POST https://dashscope.aliyuncs.com/compatible-mode/v1/chat/completions "HTTP/1.1 200 OK"
2026-07-10 21:00:26,587 - INFO - [R2:light] PID=121 完成 (120.9s)
2026-07-10 21:00:26,587 - INFO - [R2:full] PID=83 XSYK2021001009_何志鹏和申天娇_2021_学术月刊_国际软法在全球治理中的效力探究.md 开始
2026-07-10 21:00:35,696 - INFO - HTTP Request: POST https://dashscope.aliyuncs.com/compatible-mode/v1/chat/completions "HTTP/1.1 200 OK"
2026-07-10 21:00:35,702 - INFO - [R2:full] PID=108 完成 (149.5s)
2026-07-10 21:00:35,702 - INFO - [R2:full] PID=35 674665054_周东平和姚周霞_2018_学术月刊_论佛教对中国传统法律中罪观念的影响.md 开始
2026-07-10 21:00:41,125 - INFO - HTTP Request: POST https://dashscope.aliyuncs.com/compatible-mode/v1/chat/completions "HTTP/1.1 200 OK"
2026-07-10 21:00:41,129 - INFO - [R2:full] PID=71 完成 (178.0s)
2026-07-10 21:00:41,130 - INFO - [R2:full] PID=123 XSYK2024004002_徐宏_2024_学术月刊_问题与愿景：中国刑法学转型发展的省思.md 开始
2026-07-10 21:00:43,886 - INFO - HTTP Request: POST https://dashscope.aliyuncs.com/compatible-mode/v1/chat/completions "HTTP/1.1 200 OK"
2026-07-10 21:00:43,890 - INFO - [R2:full] PID=116 完成 (179.9s)
2026-07-10 21:00:43,890 - INFO - [R2:full] PID=95 XSYK2021008010_吴文芳和刘洁_2021_学术月刊_新技术变革时代 人 的变迁与社会法回应.md 开始
2026-07-10 21:00:45,272 - INFO - HTTP Request: POST https://dashscope.aliyuncs.com/compatible-mode/v1/chat/completions "HTTP/1.1 200 OK"
2026-07-10 21:00:56,176 - INFO - HTTP Request: POST https://dashscope.aliyuncs.com/compatible-mode/v1/chat/completions "HTTP/1.1 200 OK"
2026-07-10 21:00:59,250 - INFO - HTTP Request: POST https://dashscope.aliyuncs.com/compatible-mode/v1/chat/completions "HTTP/1.1 200 OK"
2026-07-10 21:01:10,459 - INFO - HTTP Request: POST https://dashscope.aliyuncs.com/compatible-mode/v1/chat/completions "HTTP/1.1 200 OK"
2026-07-10 21:01:20,032 - INFO - HTTP Request: POST https://dashscope.aliyuncs.com/compatible-mode/v1/chat/completions "HTTP/1.1 200 OK"
2026-07-10 21:01:32,317 - INFO - HTTP Request: POST https://dashscope.aliyuncs.com/compatible-mode/v1/chat/completions "HTTP/1.1 200 OK"
2026-07-10 21:01:32,322 - INFO - [R2:full] PID=96 完成 (112.0s)
2026-07-10 21:01:32,323 - INFO - [R2:light] PID=82 88838975504849574852484949_刘艳红_2019_学术月刊_以科学立法促进刑法话语体系发展.md 开始
2026-07-10 21:01:33,446 - INFO - HTTP Request: POST https://dashscope.aliyuncs.com/compatible-mode/v1/chat/completions "HTTP/1.1 200 OK"
2026-07-10 21:01:46,450 - INFO - HTTP Request: POST https://dashscope.aliyuncs.com/compatible-mode/v1/chat/completions "HTTP/1.1 200 OK"
2026-07-10 21:01:46,456 - INFO - [R2:full] PID=147 完成 (128.0s)
2026-07-10 21:01:46,457 - INFO - [R2:full] PID=47 676838582_蔡守秋_2018_学术月刊_环境权实践与理论的新发展.md 开始
2026-07-10 21:01:51,562 - INFO - HTTP Request: POST https://dashscope.aliyuncs.com/compatible-mode/v1/chat/completions "HTTP/1.1 200 OK"
2026-07-10 21:01:51,567 - INFO - [R2:full] PID=83 完成 (85.0s)
2026-07-10 21:01:51,568 - INFO - [R2:full] PID=39 675438273_叶榅平_2018_学术月刊_完善自然资源国家所有权行使人大监督立法的法理思考.md 开始
2026-07-10 21:01:53,960 - INFO - HTTP Request: POST https://dashscope.aliyuncs.com/compatible-mode/v1/chat/completions "HTTP/1.1 200 OK"
2026-07-10 21:01:53,966 - INFO - [R2:full] PID=72 完成 (126.8s)
2026-07-10 21:01:53,966 - INFO - [R2:full] PID=148 XSYK2025010010_沈伟和陈徐安黎_2025_学术月刊_人工智能国际法与国内法的双向互动.md 开始
2026-07-10 21:01:57,289 - INFO - HTTP Request: POST https://dashscope.aliyuncs.com/compatible-mode/v1/chat/completions "HTTP/1.1 200 OK"
2026-07-10 21:01:57,297 - INFO - [R2:full] PID=36 完成 (144.5s)
2026-07-10 21:01:57,297 - INFO - [R2:full] PID=104 XSYK2022006012_何志鹏_2022_学术月刊_国际法治中的“大国不可能三角”.md 开始
2026-07-10 21:02:12,221 - INFO - HTTP Request: POST https://dashscope.aliyuncs.com/compatible-mode/v1/chat/completions "HTTP/1.1 200 OK"
2026-07-10 21:02:12,226 - INFO - [R2:full] PID=123 完成 (91.1s)
2026-07-10 21:02:12,226 - INFO - [R2:light] PID=128 XSYK2024008009_廖奕_2024_学术月刊_老年权利话语的法律知识生成.md 开始
2026-07-10 21:02:27,204 - INFO - HTTP Request: POST https://dashscope.aliyuncs.com/compatible-mode/v1/chat/completions "HTTP/1.1 200 OK"
2026-07-10 21:02:29,888 - INFO - HTTP Request: POST https://dashscope.aliyuncs.com/compatible-mode/v1/chat/completions "HTTP/1.1 200 OK"
2026-07-10 21:02:35,510 - INFO - HTTP Request: POST https://dashscope.aliyuncs.com/compatible-mode/v1/chat/completions "HTTP/1.1 200 OK"
2026-07-10 21:02:35,517 - INFO - [R2:full] PID=35 完成 (119.8s)
2026-07-10 21:02:35,517 - INFO - [R2:full] PID=21 671609382_朱圆_2017_学术月刊_脆弱性理论与国家治理责任新解.md 开始
2026-07-10 21:02:37,980 - INFO - HTTP Request: POST https://dashscope.aliyuncs.com/compatible-mode/v1/chat/completions "HTTP/1.1 200 OK"
2026-07-10 21:02:37,985 - INFO - [R2:full] PID=95 完成 (114.1s)
2026-07-10 21:02:37,986 - INFO - [R2:full] PID=4 663320596_梁清华_2015_学术月刊_论中国私募基金管理人注册制度的完善.md 开始
2026-07-10 21:02:46,398 - INFO - HTTP Request: POST https://dashscope.aliyuncs.com/compatible-mode/v1/chat/completions "HTTP/1.1 200 OK"
2026-07-10 21:02:53,728 - INFO - HTTP Request: POST https://dashscope.aliyuncs.com/compatible-mode/v1/chat/completions "HTTP/1.1 200 OK"
2026-07-10 21:02:53,734 - INFO - [R2:light] PID=82 完成 (81.4s)
2026-07-10 21:02:53,734 - INFO - [R2:full] PID=115 XSYK2023007009_张伟和吕铖钢_2023_学术月刊_从不完整财产权到完整财产权的诠释：在归属和流转之间.md 开始
2026-07-10 21:02:58,234 - INFO - HTTP Request: POST https://dashscope.aliyuncs.com/compatible-mode/v1/chat/completions "HTTP/1.1 200 OK"
2026-07-10 21:03:01,199 - INFO - HTTP Request: POST https://dashscope.aliyuncs.com/compatible-mode/v1/chat/completions "HTTP/1.1 200 OK"
2026-07-10 21:03:11,033 - INFO - HTTP Request: POST https://dashscope.aliyuncs.com/compatible-mode/v1/chat/completions "HTTP/1.1 200 OK"
2026-07-10 21:03:13,825 - INFO - HTTP Request: POST https://dashscope.aliyuncs.com/compatible-mode/v1/chat/completions "HTTP/1.1 200 OK"
2026-07-10 21:03:14,926 - INFO - HTTP Request: POST https://dashscope.aliyuncs.com/compatible-mode/v1/chat/completions "HTTP/1.1 200 OK"
2026-07-10 21:03:23,441 - INFO - HTTP Request: POST https://dashscope.aliyuncs.com/compatible-mode/v1/chat/completions "HTTP/1.1 200 OK"
2026-07-10 21:03:23,446 - INFO - [R2:full] PID=39 完成 (91.9s)
2026-07-10 21:03:23,446 - INFO - [R2:full] PID=9 666611439_吴旭阳_2015_学术月刊_“第三方裁判被收买”对司法公正的影响.md 开始
2026-07-10 21:03:33,050 - INFO - HTTP Request: POST https://dashscope.aliyuncs.com/compatible-mode/v1/chat/completions "HTTP/1.1 200 OK"
2026-07-10 21:03:33,056 - INFO - [R2:full] PID=47 完成 (106.6s)
2026-07-10 21:03:33,057 - INFO - [R2:full] PID=50 7001738927_杜金_2019_学术月刊_故事、图像与法律宣传——以清代《圣谕像解》为素材.md 开始
2026-07-10 21:03:35,327 - INFO - HTTP Request: POST https://dashscope.aliyuncs.com/compatible-mode/v1/chat/completions "HTTP/1.1 200 OK"
2026-07-10 21:03:35,333 - INFO - [R2:full] PID=104 完成 (98.0s)
2026-07-10 21:03:35,333 - INFO - [R2:full] PID=23 671862082_张才琴和邱本_2017_学术月刊_“主客体理论”与环保法治建设.md 开始
2026-07-10 21:03:41,597 - INFO - HTTP Request: POST https://dashscope.aliyuncs.com/compatible-mode/v1/chat/completions "HTTP/1.1 200 OK"
2026-07-10 21:03:41,604 - INFO - [R2:light] PID=128 完成 (89.4s)
2026-07-10 21:03:41,605 - INFO - [R2:light] PID=58 7003025618_常安_2019_学术月刊_缔造社会主义的中华民族大家庭——新中国民族区域自治制度的奠基历程.md 开始
2026-07-10 21:03:43,168 - INFO - HTTP Request: POST https://dashscope.aliyuncs.com/compatible-mode/v1/chat/completions "HTTP/1.1 200 OK"
2026-07-10 21:03:43,172 - INFO - [R2:full] PID=148 完成 (109.2s)
2026-07-10 21:03:43,172 - INFO - [R2:full] PID=84 XSYK2021003010_侯猛_2021_学术月刊_法律的经验研究范式 以规范研究为参照.md 开始
2026-07-10 21:04:05,939 - INFO - HTTP Request: POST https://dashscope.aliyuncs.com/compatible-mode/v1/chat/completions "HTTP/1.1 200 OK"
2026-07-10 21:04:05,945 - INFO - [R2:full] PID=21 完成 (90.4s)
2026-07-10 21:04:05,945 - INFO - [R2:full] PID=87 XSYK2021004008_曹海和军梁赛_2021_学术月刊_理解 中国之治 的密钥 协同优势 与 优势协同.md 开始
2026-07-10 21:04:18,790 - INFO - HTTP Request: POST https://dashscope.aliyuncs.com/compatible-mode/v1/chat/completions "HTTP/1.1 200 OK"
2026-07-10 21:04:22,986 - INFO - HTTP Request: POST https://dashscope.aliyuncs.com/compatible-mode/v1/chat/completions "HTTP/1.1 200 OK"
2026-07-10 21:04:26,913 - INFO - HTTP Request: POST https://dashscope.aliyuncs.com/compatible-mode/v1/chat/completions "HTTP/1.1 200 OK"
2026-07-10 21:04:26,918 - INFO - [R2:full] PID=4 完成 (108.9s)
2026-07-10 21:04:26,918 - INFO - [R2:light] PID=19 671047881_吴旭阳_2017_学术月刊_涪审团模式之行为实验比较研究.md 开始
2026-07-10 21:04:28,372 - INFO - HTTP Request: POST https://dashscope.aliyuncs.com/compatible-mode/v1/chat/completions "HTTP/1.1 200 OK"
2026-07-10 21:04:31,927 - INFO - HTTP Request: POST https://dashscope.aliyuncs.com/compatible-mode/v1/chat/completions "HTTP/1.1 200 OK"
2026-07-10 21:04:34,078 - INFO - HTTP Request: POST https://dashscope.aliyuncs.com/compatible-mode/v1/chat/completions "HTTP/1.1 200 OK"
2026-07-10 21:04:34,084 - INFO - [R2:full] PID=115 完成 (100.3s)
2026-07-10 21:04:34,085 - INFO - [R2:full] PID=8 666246173_许章润_2015_学术月刊_论“家国天下”——对于这一伟大古典汉语修辞义理内涵的文化政治学阐发.md 开始
2026-07-10 21:04:40,502 - INFO - HTTP Request: POST https://dashscope.aliyuncs.com/compatible-mode/v1/chat/completions "HTTP/1.1 200 OK"
2026-07-10 21:04:42,381 - INFO - HTTP Request: POST https://dashscope.aliyuncs.com/compatible-mode/v1/chat/completions "HTTP/1.1 200 OK"
2026-07-10 21:04:42,648 - INFO - HTTP Request: POST https://dashscope.aliyuncs.com/compatible-mode/v1/chat/completions "HTTP/1.1 200 OK"
2026-07-10 21:04:48,515 - INFO - HTTP Request: POST https://dashscope.aliyuncs.com/compatible-mode/v1/chat/completions "HTTP/1.1 200 OK"
2026-07-10 21:04:48,521 - INFO - [R2:light] PID=58 完成 (66.9s)
2026-07-10 21:04:48,522 - INFO - [R2:full] PID=34 674370112_孟于群和杨署东_2018_学术月刊_国际公共产品供给：加总技术下的制度安排与全球治理.md 开始
2026-07-10 21:05:10,019 - INFO - HTTP Request: POST https://dashscope.aliyuncs.com/compatible-mode/v1/chat/completions "HTTP/1.1 200 OK"
2026-07-10 21:05:10,022 - INFO - HTTP Request: POST https://dashscope.aliyuncs.com/compatible-mode/v1/chat/completions "HTTP/1.1 200 OK"
2026-07-10 21:05:10,026 - INFO - [R2:full] PID=50 完成 (97.0s)
2026-07-10 21:05:10,027 - INFO - [R2:light] PID=109 XSYK2022009009_沈国明_2022_学术月刊_中国社会主义法治文化的历史回溯和进路.md 开始
2026-07-10 21:05:10,030 - INFO - [R2:full] PID=9 完成 (106.6s)
2026-07-10 21:05:10,031 - INFO - [R2:light] PID=24 672116083_宋远升_2017_学术月刊_法治国视阈下司法压力的发生机制及法律规制.md 开始
2026-07-10 21:05:21,492 - INFO - HTTP Request: POST https://dashscope.aliyuncs.com/compatible-mode/v1/chat/completions "HTTP/1.1 200 OK"
2026-07-10 21:05:26,467 - INFO - HTTP Request: POST https://dashscope.aliyuncs.com/compatible-mode/v1/chat/completions "HTTP/1.1 200 OK"
2026-07-10 21:05:28,619 - INFO - HTTP Request: POST https://dashscope.aliyuncs.com/compatible-mode/v1/chat/completions "HTTP/1.1 200 OK"
2026-07-10 21:05:35,858 - INFO - HTTP Request: POST https://dashscope.aliyuncs.com/compatible-mode/v1/chat/completions "HTTP/1.1 200 OK"
2026-07-10 21:05:35,864 - INFO - [R2:light] PID=19 完成 (68.9s)
2026-07-10 21:05:35,864 - INFO - [R2:full] PID=14 669769034_马胜强和吴群芳_2016_学术月刊_当代中国利益表达机制的结构转型——基于国家与社会关系的理论视域. 开始
2026-07-10 21:05:36,382 - INFO - HTTP Request: POST https://dashscope.aliyuncs.com/compatible-mode/v1/chat/completions "HTTP/1.1 200 OK"
2026-07-10 21:05:36,387 - INFO - [R2:full] PID=84 完成 (113.2s)
2026-07-10 21:05:36,387 - INFO - [R2:light] PID=113 XSYK2023004017_宋亚辉等_2023_学术月刊_法学学科十年发展综述及评价（2009-2018年）——基于人 开始
2026-07-10 21:05:39,044 - INFO - HTTP Request: POST https://dashscope.aliyuncs.com/compatible-mode/v1/chat/completions "HTTP/1.1 200 OK"
2026-07-10 21:05:39,048 - INFO - [R2:full] PID=23 完成 (123.7s)
2026-07-10 21:05:39,048 - INFO - [R2:full] PID=93 XSYK2021007002_沈国明_2021_学术月刊_重大改革于法有据 习近平法治思想的重要论断.md 开始
2026-07-10 21:05:54,304 - INFO - HTTP Request: POST https://dashscope.aliyuncs.com/compatible-mode/v1/chat/completions "HTTP/1.1 200 OK"
2026-07-10 21:05:54,312 - INFO - [R2:full] PID=87 完成 (108.4s)
2026-07-10 21:05:54,312 - INFO - [R2:light] PID=22 671862081_孙丽岩_2017_学术月刊_行政执法中的非强制行为分析.md 开始
2026-07-10 21:06:08,892 - INFO - HTTP Request: POST https://dashscope.aliyuncs.com/compatible-mode/v1/chat/completions "HTTP/1.1 200 OK"
2026-07-10 21:06:11,544 - INFO - HTTP Request: POST https://dashscope.aliyuncs.com/compatible-mode/v1/chat/completions "HTTP/1.1 200 OK"
2026-07-10 21:06:17,619 - INFO - HTTP Request: POST https://dashscope.aliyuncs.com/compatible-mode/v1/chat/completions "HTTP/1.1 200 OK"
2026-07-10 21:06:21,587 - INFO - HTTP Request: POST https://dashscope.aliyuncs.com/compatible-mode/v1/chat/completions "HTTP/1.1 200 OK"
2026-07-10 21:06:21,593 - INFO - [R2:light] PID=24 完成 (71.6s)
2026-07-10 21:06:21,594 - INFO - [R2:full] PID=7 665987994_杨俊一_2015_学术月刊_依法执政：法治现代化的模型分析与路径选择.md 开始
2026-07-10 21:06:30,201 - INFO - HTTP Request: POST https://dashscope.aliyuncs.com/compatible-mode/v1/chat/completions "HTTP/1.1 200 OK"
2026-07-10 21:06:30,207 - INFO - [R2:full] PID=34 完成 (101.7s)
2026-07-10 21:06:30,207 - INFO - [R2:full] PID=74 7102609322_黄宗智_2020_学术月刊_中国的新综合性视野和远瞻性愿景 “一带一路”倡议与亚投行.md 开始
2026-07-10 21:06:37,038 - INFO - HTTP Request: POST https://dashscope.aliyuncs.com/compatible-mode/v1/chat/completions "HTTP/1.1 200 OK"
2026-07-10 21:06:43,822 - INFO - HTTP Request: POST https://dashscope.aliyuncs.com/compatible-mode/v1/chat/completions "HTTP/1.1 200 OK"
2026-07-10 21:06:43,828 - INFO - [R2:light] PID=109 完成 (93.8s)
2026-07-10 21:06:43,828 - INFO - [R2:light] PID=38 675245371_张淑芳_2018_学术月刊_论行政规避法律.md 开始
2026-07-10 21:06:44,229 - INFO - HTTP Request: POST https://dashscope.aliyuncs.com/compatible-mode/v1/chat/completions "HTTP/1.1 200 OK"
2026-07-10 21:06:48,325 - INFO - HTTP Request: POST https://dashscope.aliyuncs.com/compatible-mode/v1/chat/completions "HTTP/1.1 200 OK"
2026-07-10 21:06:48,330 - INFO - [R2:full] PID=8 完成 (134.2s)
2026-07-10 21:06:48,330 - INFO - [R2:full] PID=17 671047877_杨俊锋_2017_学术月刊_“人地钱”挂钩之后——中国城市化的体制性障碍与出路.md 开始
2026-07-10 21:06:48,475 - INFO - HTTP Request: POST https://dashscope.aliyuncs.com/compatible-mode/v1/chat/completions "HTTP/1.1 200 OK"
2026-07-10 21:06:48,479 - INFO - [R2:light] PID=113 完成 (72.1s)
2026-07-10 21:06:48,480 - INFO - [R2:full] PID=124 XSYK2024004012_崔永东_2024_学术月刊_社会治理及其对企业合规治理的切入和渗透.md 开始
2026-07-10 21:06:58,564 - INFO - HTTP Request: POST https://dashscope.aliyuncs.com/compatible-mode/v1/chat/completions "HTTP/1.1 200 OK"
2026-07-10 21:07:02,418 - INFO - HTTP Request: POST https://dashscope.aliyuncs.com/compatible-mode/v1/chat/completions "HTTP/1.1 200 OK"
2026-07-10 21:07:08,268 - INFO - HTTP Request: POST https://dashscope.aliyuncs.com/compatible-mode/v1/chat/completions "HTTP/1.1 200 OK"
2026-07-10 21:07:08,275 - INFO - [R2:full] PID=14 完成 (92.4s)
2026-07-10 21:07:08,275 - INFO - [R2:full] PID=13 669459539_吴鹏森_2016_学术月刊_新中国刑释人员社会政策的历史演变.md 开始
2026-07-10 21:07:09,780 - INFO - HTTP Request: POST https://dashscope.aliyuncs.com/compatible-mode/v1/chat/completions "HTTP/1.1 200 OK"
2026-07-10 21:07:10,751 - INFO - HTTP Request: POST https://dashscope.aliyuncs.com/compatible-mode/v1/chat/completions "HTTP/1.1 200 OK"
2026-07-10 21:07:10,756 - INFO - [R2:light] PID=22 完成 (76.4s)
2026-07-10 21:07:10,756 - INFO - [R2:full] PID=46 676636433_王鸿铭和马佳昌_2018_学术月刊_中国革命和世界政治视野下的民主集中制.md 开始
2026-07-10 21:07:16,271 - INFO - HTTP Request: POST https://dashscope.aliyuncs.com/compatible-mode/v1/chat/completions "HTTP/1.1 200 OK"
2026-07-10 21:07:16,273 - INFO - [R2:full] PID=93 完成 (97.2s)
2026-07-10 21:07:16,273 - INFO - [R2:full] PID=106 XSYK2022006020_何志鹏和宋瑞琛_2022_学术月刊_国际法的四重意象与中国国际法建设——何志鹏教授访谈.m 开始
2026-07-10 21:07:34,073 - INFO - HTTP Request: POST https://dashscope.aliyuncs.com/compatible-mode/v1/chat/completions "HTTP/1.1 200 OK"
2026-07-10 21:08:02,136 - INFO - HTTP Request: POST https://dashscope.aliyuncs.com/compatible-mode/v1/chat/completions "HTTP/1.1 200 OK"
2026-07-10 21:08:05,794 - INFO - HTTP Request: POST https://dashscope.aliyuncs.com/compatible-mode/v1/chat/completions "HTTP/1.1 200 OK"
2026-07-10 21:08:07,254 - INFO - HTTP Request: POST https://dashscope.aliyuncs.com/compatible-mode/v1/chat/completions "HTTP/1.1 200 OK"
2026-07-10 21:08:07,258 - INFO - [R2:full] PID=7 完成 (105.7s)
2026-07-10 21:08:07,258 - INFO - [R2:full] PID=15 670014753_郑戈_2016_学术月刊_学术主体意识与国际化：中国人文社会科学评价规则往何处去？.md 开始
2026-07-10 21:08:10,094 - INFO - HTTP Request: POST https://dashscope.aliyuncs.com/compatible-mode/v1/chat/completions "HTTP/1.1 200 OK"
2026-07-10 21:08:10,098 - INFO - [R2:light] PID=38 完成 (86.3s)
2026-07-10 21:08:10,098 - INFO - [R2:full] PID=28 673240185_钭晓东和黄秀蓉_2017_学术月刊_利益博弈-文化征服-身份认同：遗传资源知识产权的深层解读.md 开始
2026-07-10 21:08:11,949 - INFO - HTTP Request: POST https://dashscope.aliyuncs.com/compatible-mode/v1/chat/completions "HTTP/1.1 200 OK"
2026-07-10 21:08:13,132 - INFO - HTTP Request: POST https://dashscope.aliyuncs.com/compatible-mode/v1/chat/completions "HTTP/1.1 200 OK"
2026-07-10 21:08:13,137 - INFO - [R2:full] PID=74 完成 (102.9s)
2026-07-10 21:08:13,137 - INFO - [R2:full] PID=31 673776795_关保英_2017_学术月刊_恶法非法论.md 开始
2026-07-10 21:08:21,096 - INFO - HTTP Request: POST https://dashscope.aliyuncs.com/compatible-mode/v1/chat/completions "HTTP/1.1 200 OK"
2026-07-10 21:08:29,389 - INFO - HTTP Request: POST https://dashscope.aliyuncs.com/compatible-mode/v1/chat/completions "HTTP/1.1 200 OK"
2026-07-10 21:08:39,344 - INFO - HTTP Request: POST https://dashscope.aliyuncs.com/compatible-mode/v1/chat/completions "HTTP/1.1 200 OK"
2026-07-10 21:08:39,351 - INFO - [R2:full] PID=124 完成 (110.9s)
2026-07-10 21:08:39,351 - INFO - [R2:full] PID=10 668194135_莫湘益_2016_学术月刊_检察建议用于刑事个案监督论要.md 开始
2026-07-10 21:08:43,792 - INFO - HTTP Request: POST https://dashscope.aliyuncs.com/compatible-mode/v1/chat/completions "HTTP/1.1 200 OK"
2026-07-10 21:08:43,799 - INFO - [R2:full] PID=17 完成 (115.5s)
2026-07-10 21:08:56,829 - INFO - HTTP Request: POST https://dashscope.aliyuncs.com/compatible-mode/v1/chat/completions "HTTP/1.1 200 OK"
2026-07-10 21:08:56,835 - INFO - [R2:full] PID=13 完成 (108.6s)
2026-07-10 21:09:05,234 - INFO - HTTP Request: POST https://dashscope.aliyuncs.com/compatible-mode/v1/chat/completions "HTTP/1.1 200 OK"
2026-07-10 21:09:07,135 - INFO - HTTP Request: POST https://dashscope.aliyuncs.com/compatible-mode/v1/chat/completions "HTTP/1.1 200 OK"
2026-07-10 21:09:07,215 - INFO - [R2:full] PID=106 完成 (110.9s)
2026-07-10 21:09:08,709 - INFO - HTTP Request: POST https://dashscope.aliyuncs.com/compatible-mode/v1/chat/completions "HTTP/1.1 200 OK"
2026-07-10 21:09:08,715 - INFO - [R2:full] PID=46 完成 (118.0s)
2026-07-10 21:09:19,259 - INFO - HTTP Request: POST https://dashscope.aliyuncs.com/compatible-mode/v1/chat/completions "HTTP/1.1 200 OK"
2026-07-10 21:09:25,812 - INFO - HTTP Request: POST https://dashscope.aliyuncs.com/compatible-mode/v1/chat/completions "HTTP/1.1 200 OK"
2026-07-10 21:09:37,798 - INFO - HTTP Request: POST https://dashscope.aliyuncs.com/compatible-mode/v1/chat/completions "HTTP/1.1 200 OK"
2026-07-10 21:09:37,803 - INFO - [R2:full] PID=15 完成 (90.5s)
2026-07-10 21:09:42,577 - INFO - HTTP Request: POST https://dashscope.aliyuncs.com/compatible-mode/v1/chat/completions "HTTP/1.1 200 OK"
2026-07-10 21:09:42,785 - INFO - HTTP Request: POST https://dashscope.aliyuncs.com/compatible-mode/v1/chat/completions "HTTP/1.1 200 OK"
2026-07-10 21:09:42,791 - INFO - [R2:full] PID=28 完成 (92.7s)
2026-07-10 21:10:17,387 - INFO - HTTP Request: POST https://dashscope.aliyuncs.com/compatible-mode/v1/chat/completions "HTTP/1.1 200 OK"
2026-07-10 21:10:17,394 - INFO - [R2:full] PID=31 完成 (124.3s)
2026-07-10 21:10:40,603 - INFO - HTTP Request: POST https://dashscope.aliyuncs.com/compatible-mode/v1/chat/completions "HTTP/1.1 200 OK"
2026-07-10 21:10:40,607 - INFO - [R2:full] PID=10 完成 (121.3s)
2026-07-10 21:10:40,608 - INFO - [R2] 完成 149/149
2026-07-10 21:10:40,772 - INFO - [Merge] 合并 149 篇
2026-07-10 21:10:40,805 - INFO - 摘要 Markdown：results/xueshuyuekan-position-assessment/merged/summary.md
2026-07-10 21:10:40,806 - INFO - 摘要 JSON：results/xueshuyuekan-position-assessment/merged/summary.json
