id,title,author,first_author_org,year,issue,page_start,page_end,abstract,keywords,clc_code,cite_count,doi,pdf_path
1,AIGC版权判定的认知经济性分析,蒋舸[1],清华大学法学院,2025,2,127,147,迄今为止，关于用户AIGC版权主张的讨论集中在本体论层面，有必要从认知经济性视角出发，增强人们对“最低限度创造性标准”在AI时代仍然适用的信心。从认识论角度来看，区分高独创性AIGC与低独创性AIGC的认知成本过高而认知收益过低。以“独立创作不侵权”为核心的一系列排他权限制性规则，足以确保低独创性AIGC的版权不会过度侵害公众行动自由。在版权法之外通过原则条款或者新增邻接权等方式来追求利益平衡的做法在认知层面极为低效。版权法的合理策略是在权利客体环节保持“理性无知”，承认做出最低限度创造性贡献的用户有权禁止原样照抄。只有在用户主张禁止非原样照抄和高额赔偿的极少量案件中，法院才需要通过权利内容、限制和救济等后续环节的规范来评估用户贡献的具体程度。法院需要通过动态评估执法效果来确保用户贡献程度与救济水平相当，尤其应当重视排他范围和损害赔偿这两项因素对于潜在诉讼双方行为的引导效果。,人工智能生成内容;最低限度创造性标准;认知经济性;独立创作;邻接权,D913,,,法学三大刊论文/中国法学/AIGC版权判定的认知经济性分析.pdf
2,APEC成员合作反腐司法一体化机制构建,楼伯坤,浙江工商大学法学院,2016,2,184,203,"APEC是内部联系较为紧密的区域经济组织,具有共同的遏制腐败犯罪的必要性。《联合国反腐败公约》对各缔约国提出的反腐败要求是APEC成员间合作反腐的基本依据。但由于区域结构的特征与成员体各方的政治模式、法律制度和现实状况不同,深度合作的基础还存在一定障碍。这种困境,一方面使一些跨国腐败犯罪案件因相关成员体在合作条件上缺乏共识而未能得到及时处理;另一方面,对于正在被调查、处理的腐败犯罪案件,也因各司法区管辖权的独立性和执法机制的刚性而面临＂双重追责＂或刑罚失度等不公平待遇的危险。文章提出,APEC成员应当在依照《联合国反腐败公约》对腐败行为实行一体化预防和追查的基础上,践行《北京反腐败宣言》达成的共识,创新建立惩治腐败犯罪的一体化机制。通过APEC会议协商,确定一套统一的处理涉外腐败案件规则,由其中一个国家（或其独立司法区）对案件行使司法管辖权,负责侦查（包括共同调查）、起诉和审判。除司法协助外,侦查、起诉和审判案件的程序适用法院地法;对犯罪人判处刑罚的实体规定适用犯罪行为地法;对犯罪行为地处于多个国家（或其独立司法区）的情形,以选择对犯罪人相对有利的法律予以适用。",APEC成员合作反腐;司法一体化机制;《联合国反腐败公约》,D997.9,18,,法学三大刊论文/中国法学/APEC成员合作反腐司法一体化机制构建.pdf
3,CISG在中国国际商事仲裁中的适用,韩世远,清华大学法学院,2016,5,218,238,"《联合国国际货物销售合同公约》作为国际货物贸易领域的统一法,要求统一解释和适用。本文以贸仲委2008-2011年涉《公约》的67份裁决书为研究素材,尝试一种经验研究,揭示中国国际商事仲裁中适用《公约》的经验与问题,包括对于《公约》的可适用性理解的偏差、在裁判说理及法条引用方面存在的不足等。在适用《公约》时关注国际同行的做法,甚至在裁判中参引他国裁判,将是未来的一个发展方向。裁判者在避免对《公约》作“政治解释”的同时,也要理性看待中外当事人胜诉比例。中国撤回对于《公约》第1条第（1）款（b）项的保留,正当其时。港澳台是中国大陆的重要贸易伙伴,最高人民法院应在适当时机出台司法解释,为此类涉外合同纠纷“准用”《公约》,积极开辟道路。",联合国国际货物销售合同公约;国际商事仲裁;法源,D997.4,33,,法学三大刊论文/中国法学/CISG在中国国际商事仲裁中的适用.pdf
4,ESG对董事义务的改造：从商业判断到社会判断的进化,蒋大兴[1],北京大学法学院,2024,4,88,109,从企业社会责任（CSR）到环境、社会和公司治理（ESG），都要求公司在从事营利性经营时，要关注环境、社会和公司治理的改善。ESG试图将公司内部治理与环境和社会改善衔接起来，使社会责任直接融入公司的商业决策中，从而建立起社会利益与公司商业利益之间的融通渠道。当然，不同国家、不同公司在不同阶段所关注的ESG议题存在差异。各国为推进ESG所采取的法律机制主要有组织法、交易法和规制法三种机制。其中，核心是改造董事的义务结构，让社会判断原则正式步入董事会的商业决策过程，社会判断将与商业判断共同构成董事义务履行正当性的内核标准。社会判断义务在履行主体、履行场景、履行时间的具体构造上，均有其特殊性。董事会要尽可能避免商业判断与社会判断的冲突，在商业决策方法上，应采取“交错考量”的方式，平衡商业判断与社会判断的关系，让二者互为“安全港”。,CSR;ESG;公司法;董事义务;商业判断;社会判断,D922.291.91,,,法学三大刊论文/中国法学/ESG对董事义务的改造：从商业判断到社会判断的进化.pdf
5,“一带一路”争端解决制度研究,王贵国,浙江大学,2017,6,56,71,“一带一路”倡议是一项涉及面极广的跨世纪工程。制订一套与之相适应的争端解决机制能为中国实际主导并参与制订相关规则提供强力支撑。现有解决商事争议、国家间经贸争议和投资争议的争端解决机制均有其各自的不足，且多体现普通法诉讼程序和技巧，不大符合“一带一路”倡议大部分参与国的实际情况。作为“一带一路”倡议的提出国，中国应引领制订、完善“一带一路”争端解决机制，包括争端解决机构的设立。应在充分分析国际上现有机制运作情况的基础上，提出一套涵盖斡旋、调解与仲裁的制度，既充分反映中国传统文化的大智慧，又对国际上的现行制度有所扬弃。,一带一路 争端解决 调解 仲裁,F744,0,,法学三大刊论文/中国法学/“一带一路”争端解决制度研究.pdf
6,“一带一路”多元争端解决中心构建的当下与未来,初北平,大连海事大学法学院,2017,6,72,90,我国国际争端解决机制尚未在“一带一路”沿线国间自然形成中心地位，构建调解、仲裁、司法三位一体的“一带一路”争端解决中心应从当下和未来两个层面进行价值考量：调解、仲裁和司法三位一体模式的争端解决中心是国家海外贸易及投资权益维护举措的应急与补缺；是推动相关争端争端交由“一带一路”沿线国家共同参与的争端解决机构进行裁判的试验场。以此为近期目标，“一带一路”争端解决中心建设需要理性地接纳境外仲裁机构进入中国并与中国争端解决机构合作；需要改变司法主权过度扩张的观念以促进司法协助和合作；需要推进调解机制的国际协调及“软法规制”。“一带一路”多元争端解决中心的近期功能受制于沿线国的信任度以及当事方的意思自治，而其承载的诚信文化沟通、“一带一路”区域仲裁机构形成以及国际化人才培养的三大远期功能将是建设该中心的核心价值所在。,一带一路 争端解决 仲裁 司法协助,D996,0,,法学三大刊论文/中国法学/“一带一路”多元争端解决中心构建的当下与未来.pdf
7,“一带一路”建设与公司准据法的确定,邢钢,北京师范大学法学院,2017,6,91,109,公司准据法确定的根本思路在于，将公司内部事务主义作为其基本规范立场以实现公司自治和投资自由化，通过非结论式正面清单合理界定内部事务主义的规范范围，同时在特定的条件下保留对内部事务主义的规范例外，形成对公司自治的限制和维护投资安全和利益。《中华人民共和国涉外民事关系法律适用法》相关规定的设计和表达未能完整体现这一思路，当文本表现出规范立场的摇摆不定和规范范围的模糊不清时，司法实践呈现出的就是裁判的乱象丛生。这也难以为“一带一路”建设提供公正高效权威的法律保障。解决上述问题的具体路径是，提炼公司准据法规范范围中所列举事项的内在关联性和分类标准，将现有的客观标准主观化，合理设定公司准据法的规范范围；在坚持将内部事务主义作为公司准据法确定的基本规范立场的同时，为防止法律的滥用和应对虚假外国公司，应明确针对内部事务主义的适用作出旨在保护第三方利益或者社会公共利益的限制性规定。,一带一路 公司准据法 内部事务主义《涉外民事关系法律适用法》,D922.291.91,0,,法学三大刊论文/中国法学/“一带一路”建设与公司准据法的确定.pdf
8,“一带一路”背景下铁路提单与铁路运单的协同创新机制,杨临萍[1],重庆市高级人民法院,2019,6,66,85,"铁路提单是我国国内贸易主体参照海运提单创制,并应用于中欧班列的新型国际铁路运输单证,它具备物权凭证功能,是完善国际陆上贸易规则,推动""一带一路""互联互通建设的重要制度工具。鉴于现行国际铁路货运制度是围绕铁路运单设计的,铁路运单属于国际铁路货运必备单证,铁路提单与铁路运单的协同运作成为了当前阶段推进铁路提单制度创新的唯一选择。铁路提单与铁路运单的协同运作需要以国际铁路货运公约为基本遵循,合理利用铁路运单规则,确保铁路提单与铁路运单在铁路运输合同层面的统一性,实现铁路提单签发人、铁路运单发货人、收货人三者的同一性。此等架构虽有重大的实践价值,但仍属权宜之计。铁路提单制度创新的最终目标是形成一套新的国际铁路货运单证规则,故下一阶段应着力推动铁路提单制度的规则化和国际化。",铁路提单;铁路运单;物权凭证;运输凭证;协同创新,F53,0,,法学三大刊论文/中国法学/“一带一路”背景下铁路提单与铁路运单的协同创新机制.pdf
9,“五湖四海”：政法系统干部交流机制的发生与形态,刘忠[1],,2023,6,123,141,“五湖四海”是当代中国干部选任的一项基本原则。干部交流任职是该原则的重要内容。在政法领域，先从法院院长、检察院检察长“两长”开始，再扩大到包括公安机关负责人的“三长”，政法干部交流在中央和地方不同层级展开。1982年《宪法》与1979年《刑事诉讼法》规定的一项基本诉讼原则为分工负责、互相配合、互相制约。制度经验验证，作为政治治理原则的干部交流并未与该诉讼原则冲突，而是有助于该原则的实现。干部交流因此扩展到党委政法委、司法行政、国家安全、法学会等部门，并进一步扩展到人大常委会相关部门、监察委、法学院校之间。这一干部交流方式成为中国当代政法体制的一个基础特征。,干部交流;五湖四海;政法系统,D926,,,法学三大刊论文/中国法学/“五湖四海”：政法系统干部交流机制的发生与形态.pdf
10,“人格物”的司法困境与理论突围,冷传莉,贵州大学法学院,2018,5,141,159,"以首例冷冻人体胚胎继承案为代表的诸多司法案件凸显出,民法所调整的人身关系与财产关系已不再泾渭分明。人格权与财产权的融合、联动乃至冲突日趋频繁并渐进为民法发展的重要趋势。＂人格物＂的提出不但彰显了此类物的特定价值与保护要求,同时揭示出现行民法规范所无法协调的物上并存物权与人格利益的现实状况。基于此,区分民事权利客体与民事权利对象,在理论上重新界定民事权利客体,在立法上适度突破传统民法语境下人格权与财产权的形式二分结构,以此寻求＂人格物＂上双重利益保护的民法机理与法律适用进路,对有效弥补传统民法对物权现象观察不足、突破民法传统思维体系中人与物二元分立理论的局限、修正人格与财产之间的割裂关系、并进而彰显我国民法的时代性与创新性具有重要意义。",人格物;人格利益;财产利益;人与物的二分模式;民事权利客体,D923.1,0,,法学三大刊论文/中国法学/“人格物”的司法困境与理论突围.pdf
11,“以刑制罪”视阈下财产罪保护法益的再认识,徐光华,江西财经大学法学院,2016,6,108,132,对81个“非法取回本人所有而被他人合法占有的财物”样本案例的定罪、量刑、犯罪数额认定的考察发现，原则上只有造成占有人财产损失的才会以财产罪定罪，而若判处财产罪会导致量刑畸重，所以，样本判决限制财产罪的适用和犯罪数额的认定以实现量刑轻缓。本文认为，优先考虑量刑合理的“以刑制罪”忽略了定罪的准确性，易消弥财产罪之间、财产罪与其他罪之间的界限；部分判决量刑畸轻、犯罪数额认定混乱、判决书说理不一；样本判决“以刑制罪”有其实践理性，但缺乏必要的规范约束易导致乱象。由此反思我国刑法对财产罪的定量立法模式，较重的法定刑是导致“以刑制罪”的根本原因。立法赋予量刑更大的裁量空间将有助于缓解司法上的“以刑制罪”，也有助于对包括占有权在内的财产法益的全面保护并实现罪刑均衡。,以刑制罪;所有权;占有权;量刑均衡,D924.1,0,,法学三大刊论文/中国法学/“以刑制罪”视阈下财产罪保护法益的再认识.pdf
12,“但书”出罪运行机制实证研究,夏伟[1],,2023,4,240,262,囿于立法规定的模糊性，刑法理论有关“但书”出罪的研究已经陷入了瓶颈，在司法层面探明“但书”出罪的运行机制，对于反思立法和验证理论尤为必要。实证研究表明，“但书”在轻微犯罪中形成了较为稳定的出罪运行机制，从宽情节与行为人犯罪后的表现成为出罪与否的重要考量因素。受类型性有罪司法推定的影响，“但书”出罪机制在抽象危险犯中无法顺畅运行，加上定罪免刑机制与之相互竞争，挤占了原本属于“但书”出罪机制的适用空间，使轻微犯罪的出罪体系存在漏洞。基于“但书”在出罪体系中的应然定位，应当在立法上增补新型出罪事由，以分流“但书”溢出的出罪压力，在司法上构建抽象危险犯“但书”出罪的类型化规则，并细化规定“情节显著轻微”与“情节轻微”之间的差异性与梯度关系，从而充分释放“但书”的出罪潜力并有效防止其被“善意滥用”。,“但书”;出罪机制;罪量因素;轻微犯罪;定罪免刑,D924.3,,,法学三大刊论文/中国法学/“但书”出罪运行机制实证研究.pdf
13,“南海仲裁案”后续法律应对的关键问题研究,管建强,华东政法大学,2016,5,51,71,"南海仲裁庭先后作出的“管辖权裁决”和“最终裁决”均反映出仲裁庭滥用职权,肆意扩大自身管辖范围。仲裁庭的裁决严重违背《联合国海洋法公约》有关强制仲裁的前置程序和排除性例外的规定,并歪曲解释该公约的受案范围。如此严重背离《联合国海洋法公约》程序性规则的裁决当属无效。为捍卫国际法治秩序和《联合国海洋法公约》框架下争端解决机制的公正性和权威性,为维护南海地区的和平与稳定和中国南海海域的合法权益,中国应继续以法理为基础,谴责仲裁庭违反程序行为,并通过外交活动推动《联合国海洋法公约》缔约国公开支持中国立场;同时,结合有区别的原则,遏制菲律宾破坏国际法治的行为。",南海仲裁案;强制仲裁;管辖权;领土争端,D993.5,42,,法学三大刊论文/中国法学/“南海仲裁案”后续法律应对的关键问题研究.pdf
14,“南海仲裁案”最终裁决研判与我国的对策,邹立刚,海南大学,2016,5,41,46,"一、最终裁决对我国海洋权益具有重大不利影响_x000D_
整体颠覆我国在南海断续线的权益主张。仲裁法庭通过“解释”沿海国海洋权益的“国际法依据”，否定我国南海断续线及其历史性权利主张。通过“解释”高潮高地、低潮高地的认定标准及其法律地位，否定我国在南海断续线的岛屿主权主张，并认定南海低潮高地不是领土。通过上述认定，",仲裁案;南海;裁决;研判;海洋权益;权利主张;国际法依据;不利影响,D993.5,0,,法学三大刊论文/中国法学/“南海仲裁案”最终裁决研判与我国的对策.pdf
15,“南海仲裁案”有关岛礁的裁决与法律和事实不符,吴慧,国际关系学院,2016,5,36,41,2013年1月22日菲律宾单方面提起南海争端强制仲裁程序。2015年10月29日仲裁庭就管辖权和可受理性作出初步裁决，就菲律宾的第7项诉求裁定有管辖权，认定其是有关《公约》第121条解释和适用的争端。2016年7月12日仲裁庭就实体问题作出最终裁决，仲裁庭对上述诉求不但完全支持，还“得出结论，,南海争端;裁决;仲裁案;法律;关岛;仲裁庭;仲裁程序;《公约》,D993.5,4,,法学三大刊论文/中国法学/“南海仲裁案”有关岛礁的裁决与法律和事实不符.pdf
16,“南海仲裁案”裁决缘何非法无效,马新民,外交部条约法律司,2016,5,29,36,南海仲裁案仲裁庭2015年10月和2016年7月分别就管辖权问题和实体问题所作的两个裁决，不仅在认定事实和适用法律方面充满错误，而且在政策取向和运作程序方面也存在严重偏颇。中国政府坚持不接受、不承认裁决的立场，具有充分的事实和法律依据。,仲裁案;裁决;南海;适用法律;中国政府;法律依据;管辖权;仲裁庭,D993.5,0,,法学三大刊论文/中国法学/“南海仲裁案”裁决缘何非法无效.pdf
17,“印证”证明模式反思与重塑：基于中国刑事错案的反思,左卫民,四川大学法学院,2016,1,162,176,"近年来频繁曝光的刑事错案表明,根植于我国侦查中心主义与书面处理模式上的＂印证＂证明模式正面临严重的挑战。无论是从外部机制还是内部结构上看,这种模式都存在着严重的缺陷。在推进以审判为中心的刑事诉讼制度改革背景下,亟需建立一种具有正当程序和精细化操作机制作为支撑的新型证明模式。",证明模式;“印证”模式;正当程序,D915.13,25,,法学三大刊论文/中国法学/“印证”证明模式反思与重塑：基于中国刑事错案的反思.pdf
18,“合宪性解释”理论辨析及其可能前景,夏正林,华南理工大学法学院,2017,1,288,302,国内一些学者提出的“合宪性解释”理论，主张法院在作出裁判前应先对相关法律进行合乎宪法的解释，以把宪法的精神在司法审判中得以贯彻，也保证了相关法律在宪法下运行。该理论致力于解决实践中宪法效力虚置的问题，并为实现以宪法为统帅的统一的国家法秩序提供理论支撑。然而，该理论毕竟是在借鉴德国和美国的相关理论基础上形成的，中国与相关国家的宪法实践的实际情况并不相同，法院不享有违宪审查权，不能简单套用，否则就会出现“泛化”的危险。但引进合宪解释理论有其必要性，把其与全国人大常委会的解释互相补充、互相配合，可以形成一个完整的宪法解释制度。,合宪性解释;违宪审查;独立审判;宪法价值实现,D911.05,42,,法学三大刊论文/中国法学/“合宪性解释”理论辨析及其可能前景.pdf
19,“土地属于集体所有”的规范属性,刘连泰,厦门大学法学院,2016,3,106,124,"宪法规定,农村和城市郊区的土地属于集体所有。将土地集体所有的概念放置在时间之流中考量,先后经历了作为国家权力的土地集体所有、作为国家政策的土地集体所有和作为基本权利的土地集体所有。作为基本权利的土地集体所有正在成型。作为国家权力的土地集体所有与农民土地所有对应,目的是改造农民土地所有权;作为国家政策的土地集体所有服务于公共目标,即农民的社会保障、国家的城市化和粮食安全;作为基本权利的土地集体所有防御国家权力。作为基本权利的土地集体所有不冲击宪法文本中的公有制条款。",土地集体所有;土地承包经营权;建设用地使用权,D921,103,,法学三大刊论文/中国法学/“土地属于集体所有”的规范属性.pdf
20,“契约＋非要式＋任意撤销权”：赠与的理论模式与规范分析,李永军,中国政法大学,2018,4,160,177,"我国《合同法》第185条及第186条规定的赠与合同的效力,可以理解为＂无偿＋诺成＋非要式＋任意撤销权＂模式,以区别于《德国民法典》和《法国民法典》上的＂无偿＋诺成＋要式＂模式。但从理论上说,这种模式并非唯一可行的模式,且存在与《民法总则》第16条规定衔接不畅的问题。而＂任意撤销权＂与合同基本原理的冲突还引发了对＂任意撤销权＂理解上的争议。本文认为,应将任意撤销的对象解释为＂赠与人关于赠与的意思表示＂而非赠与合同本身,从而为撤销人之缔约过失责任奠定理论和规范基础;对赠与合同究竟是负担行为还是处分行为问题的争议仅是一个解释视角的问题,仍可解释为负担行为。",赠与合同;要物合同;任意撤销权;债因;缔约过失责任,D923.6,0,,法学三大刊论文/中国法学/“契约＋非要式＋任意撤销权”：赠与的理论模式与规范分析.pdf
21,“审执分离”本质与路径的再认识,张卫平[1],,2023,6,81,101,就“审执分离”的原旨而言，审判权与执行权分离的核心是各自权力行使对象的区分和剥离，不抓住这一实质就难以做到真正的“审执分离”。审判权的行使对象是实体权利义务争议以及附带事项；执行权的行使对象是在实现执行根据所确定的实体请求权的过程中的执行程序性事项争议。但“审执分离”的实践存在偏离其原旨的问题。受审执“外分”与“内分”之争的影响，“审执分离”被引入了执行权范畴下的“内分”路径，即执行裁决权与其他执行权能的分离，将执行裁决权与审判权等同。但执行裁决权处置的执行程序事项争议并非审判权的行使对象。执行裁决中的执行程序性事项争议涉及的是执行行为和执行程序，与执行权的行使有关，而与审判权的行使无涉。故此，“审执分离”的改革应当在其原旨意义上推进和深化，对现行民事执行制度进行相应的调整，进而实现我国民事执行制度的现代转型。,审执分离;民事执行;民事审判权;执行裁决权;执行实施权,D926.2,,,法学三大刊论文/中国法学/“审执分离”本质与路径的再认识.pdf
22,“居住权”之定位与规则设计,"鲁晓明[1,2]",广东财经大学法学院,2019,3,223,239,"我国学者从居住权创设之初衷出发,执念于居住权的人役性,混淆了居住权本体与外在条件。以之指导居住权立法,必然使其偏离现实,进而丧失正当性。居住权之意义不应在于为极端萎缩的狭窄主体提供权利支持,而在于适应建筑物多元利用趋势,改变单纯以土地为对象的不动产用益物权格局,形成以土地物权为主、辅之以房屋物权的不动产用益物权新格局。唯有走出人役执念,专注于房屋的用益性,居住权方具有现实价值。基于物权定位之居住权不应限于满足生活需要,应以可出租、转让和继承为原则,期限亦得自由约定。",居住权;人役性;用益性,D923.2,0,,法学三大刊论文/中国法学/“居住权”之定位与规则设计.pdf
23,"""应税所得""的法律建构与所得税法现代化",施正文[1],中国政法大学民商经济法学院,2021,6,162,182,"""应税所得""是对所得税的征税对象的理论提炼和专门概念,包括积极层面的""毛所得""和消极层面的""扣除""两个核心要素,具有综合所得、已实现所得、净所得、法定所得等特征,反映了所得税的征税范围和税基确定,对所得税法的制度建构和功能作用产生基础性影响,是所得税法的基石概念和核心理论.应当重视将应税所得分为劳动所得、资本所得、经营所得的类型划分,并考虑对资本利得等实行差异化税收待遇,更好地发挥税收激励创新发展、调节收入分配的关键作用;应当借鉴国际立法例,充分吸收增值说理论、可税性理论、生存权保障理论、扩大再生产理论中的合理成份,在个人所得税法和企业所得税法上科学、准确和统一界定""应税所得""""毛所得""和""应税所得额""等概念,为我国所得税制度现代化奠定坚实基础.",应税所得;毛所得;所得;所得税;税法现代化,D922.22,0,,法学三大刊论文/中国法学/“应税所得“的法律建构与所得税法现代化.pdf
24,“开元六典”的继受传播及对中华法系的影响,胡兴东[1],云南大学法学院,2020,3,70,88,"开元六典是指唐玄宗开元二十五年(737年)前后修撰而成的律、令、格、式及《唐六典》《开元礼》等六部法律性质的典章。开元六典是唐朝之后中华大地上诸王朝的法制,特别是法典法建设、发展的基石。从规范渊源看,开元六典在五代、辽、宋、大理、西夏、金、元、明诸王朝和政权中都是重要渊源,很多时候被直接作为法律渊源适用,或者作为法典修撰、典章制度建设时的""损益""对象。8-14世纪,开元六典在中华大地各民族政权中的全面继受和适用,对""中华民族""""中国""等近代主权民族国家概念的形成产生了积极作用;在日本、朝鲜、越南等国的移植和传播,为中华法系形成提供了核心载体。开元六典的继受和传播体现出法制文明在国家认同、法律移植、国家软实力形成上的作用。总结开元六典的继受和传播历史,对实现中华民族复兴及""一带一路""倡议等都具有重要借鉴意义。",开元六典;中华法系;法制文明,D92,0,,法学三大刊论文/中国法学/“开元六典”的继受传播及对中华法系的影响.pdf
25,“技术—组织”互动论视角下的中国智慧司法,郑智航[1],,2023,3,103,121,对于信息技术与组织运作关系的分析主要有技术决定论、技术社会建构论和互动论三种研究进路。技术与组织互动论非常强调技术实践概念。技术实践性主要包括技术对于组织目标实现的重要程度、组织的科层结构与技术的科层结构之间的互动关系、技术自身的结构弹性等内容。从具体结构来看，智慧司法主要包括以技术治理为核心的信息技术结构和以科层制为核心的司法组织结构。信息技术凭借其独特的技术刚性在一定范围内重塑着司法的组织结构，影响着司法组织的复杂性、规范性和决策权。信息技术的运用不断受到当下中国司法组织结构的影响和塑造，并不断从组织既有环境中获得赖以生存的物质性资源和嵌入的合法性。信息技术与司法组织的复杂互动是一个历时性的过程，在不同阶段具有不同的特点。,互动机制;信息技术;智慧司法;组织结构;人工智能,D926,,,法学三大刊论文/中国法学/“技术—组织”互动论视角下的中国智慧司法.pdf
26,“数字枫桥”的法治原理、模式与机制,杨力[1],上海交通大学凯原法学院、智慧司法研究院,2024,5,39,60,数字化拓展了对社会改造的可能性，已对纠纷解决产生深刻影响，其中既有纠纷的数字化治理，也有数字化带来的挑战。作为纠纷解决的新形态，“数字枫桥”聚焦的不是简单发挥数字本身的禀赋，而是把纠纷解决的要素转化进入社会性、法律性的相互关系，是对纠纷解决的结构、资源和规则的数字化重组，重新界定了“枫桥经验”的法治内涵、定位和功能。在此基础上，引入行为动力理论可以进一步解释“数字枫桥”何以能成为推动纠纷解决范式从“硬性干预”到“柔性干预”转型的动力机制，塑造新型的法治模式。“数字枫桥”需要推动法治机制创新，树立多元规则择优的标准，构建嵌入规则的平台体系以及建立稳定预期的信任规则。,枫桥经验;数字枫桥;纠纷解决;源头治理,D926,,,法学三大刊论文/中国法学/“数字枫桥”的法治原理、模式与机制.pdf
27,“无效行政行为”制度的追溯与认定标准的完善,胡建淼[1],,2022,4,135,155,“无效行政行为”是行政违法理论发展的一种必然结果。早期的行政法控制行政违法的普遍手段以“撤销”为主，而撤销则建立在狭隘的“行政违法”概念基础之上。以德国为代表的大陆法系国家则将行政违法（瑕疵）区分为一般违法与重大而明显的违法两类，为后者建立了确认“无效”制度。中国也有类似的历史轨迹和制度理论。2014年《行政诉讼法》的修正在确立“无效行政行为”前提下，于“撤销”制度之外补充了“确认无效”的司法手段。但在“确认无效”之诉普遍确立的今天，认定“无效行政行为”的标准尚未周全。为此，有必要立足全球视野，全面而深入地揭示无效行政行为的具体情形，推进无效行政行为认定标准的完善。,无效行政行为;可撤销行政行为;越权行为;重大且明显违法;无效确认之诉,D925.3,,,法学三大刊论文/中国法学/“无效行政行为”制度的追溯与认定标准的完善.pdf
28,“最高国家权力机关”的权力边界,黄明涛[1],武汉大学法学院,2019,1,104,121,"《宪法》第62条第16项对全国人民代表大会作了兜底式授权。鉴于全国人大在我国的特殊优越地位,如何在宪法框架内为其划定权力边界,是理论上与实践上的重大议题。宪法上所称的'最高国家权力机关'应当作为一个规范概念予以把握,以判断全国人民代表大会的权限。第一,最高国家权力机关的'最高'是指在公权力机关序列中的相对优越,而不是绝对无限;第二,最高国家权力机关在行使监督权时,不应损及被监督者依据宪法而享有的职权的完整性与独立性;第三,最高国家权力机关的实际'行动能力'决定了'应当由其行使的职权'是有限的。",《宪法》第62条;最高国家权力机关;权力边界;权力监督,D921,0,,法学三大刊论文/中国法学/“最高国家权力机关”的权力边界.pdf
29,“枫桥经验”与当代中国纠纷解决机制结构变迁,彭小龙[1],,2023,6,23,44,随着纠纷多元化解理念渐成共识，各种纠纷解决机制的结构性关系已成为当前法治实践和理论研究的焦点。“枫桥经验”60年的发展始终着眼于纠纷解决机制整体构造，为理解这些结构性关系提供了基本轮廓和丰富素材。以“枫桥经验”为基础，结合社会理论的发展，可以提炼出一种纠纷解决机制结构理论。这种理论主张纠纷解决机制结构是国家干预、社会自给及其与各种机制互动的结果，不仅可以解释我国纠纷解决机制结构的形成变迁、近年来的结构紧张以及新时代以来结构调整的整体思路和深化调整的策略重点，同时也能说明“枫桥经验”何以历久弥新、具有广泛适用性并从一种局部经验上升为全局性要求，展示出坚持和发展新时代“枫桥经验”的重大意义。,枫桥经验;纠纷多元化解;纠纷解决机制结构;国家干预;社会治理,D926,,,法学三大刊论文/中国法学/“枫桥经验”与当代中国纠纷解决机制结构变迁.pdf
30,“枫桥经验”视野下的基层社会治理制度供给研究,汪世荣[1],西北政法大学,2018,6,5,22,"基层社会治理现代化需要遵守基层社会治理的内在逻辑,并从制度供给的角度,提供充足资源。“枫桥经验”的基本做法是完善中央立法、地方立法和社会规范的三层治理制度体系,形成自上而下和自下而上相结合的基层社会制度供给状态。“枫桥经验”健全完善的各类社团组织章程、村规民约(社区公约)、风俗习惯等社会规范,在基层社会治理中扮演着不可替代的角色。在“枫桥经验”的治理实践中,充分发挥了社会规范的作用,实现最大限度整体性预防化解矛盾纠纷的效果。“枫桥经验”在制度供给方面的启示,一是充分发挥村规民约在社会规范中的主体地位,二是发挥各类社团章程作用,三是进行习惯调查,推动社会规范显性化。",村规民约;制度供给;基层治理;枫桥经验;制度体系,D631,0,,法学三大刊论文/中国法学/“枫桥经验”视野下的基层社会治理制度供给研究.pdf
31,“法律脱嵌治理”：中国式邻避纠纷的制度成因及治理,何艳玲[1],,2022,4,213,231,对住房物权及其衍生的人格权、相邻权等权利的保护成为中国式邻避纠纷的基础动力。与物权逐步赋归相伴随的是，由物权而衍生的其他权利并未得到及时关注，相适配的法律制度也并未及时调整和配套，导致了某种程度的物权空置。治理过程中的物权空置是邻避纠纷的制度成因并塑造了中国式邻避纠纷的特质。这具体表现在：赋予财产权和人格权，但保障该权利的法律建设滞后；赋予诉讼权等程序性权利，但保留有效行使这一权利的组织进入权；赋予相邻污染救济权，但法律关系认定相对混乱。物权空置同时反映了在中国法治发展和转型过程中，存在“法律脱嵌治理”现象。,中国式邻避纠纷;物权;物权空置;法律脱嵌治理;住房,D923,,,法学三大刊论文/中国法学/“法律脱嵌治理”：中国式邻避纠纷的制度成因及治理.pdf
32,“法治中国”命题的理论逻辑及其展开,王旭,中国人民大学法学院,2016,1,87,104,"＂法治中国＂命题是对新中国法治实践集大成的概括。它的理论逻辑以中国法治的实践（问题）为前提和中心,首先是一种历史与实践统一的逻辑,隐藏着＂实现主权结构与治权结构双重法治化＂的线索;其次是一种道义与实践统一的逻辑,＂法治中国＂要实现的治理格局必然具有明确的价值目标,包含着特定的价值意象,是一种经过法律治理而呈现的现代＂价值中国＂,寄托着国人对正派国家与良序社会的道义期望。同时,法治中国命题在理论上也面临局限与挑战：包括双重代表制下的半契约主权结构内部如何有效实现问责、如何避免例外政治;多元价值带来的法治实用主义诱惑;实践的多元引发法治整合能力的下降。建立一个以宪法解释为核心的合宪性控制机制是妥善应对挑战的重要思路。",法治;主权;治权;代表制;合宪性,D920.0,65,,法学三大刊论文/中国法学/“法治中国”命题的理论逻辑及其展开.pdf
33,“特区租管地”：一种区域合作法律制度创新模式,董皞[1],广州大学,2015,1,152,168,"澳门大学横琴校区“特区租管地”的尝试是“一国两制”的突破性创新,为我国现行法律制度下探索粤港澳合作新模式提供了可行的路径导向。归因于“特区租管地”租赁与管辖的双重法律属性,特别行政区对其的治理须以全国人大常委会的授权为前提,适用特别行政区法律为原则,并以租赁合同约定为依据。故而其设立也当经由议案的“提出”、“审查”、“批准”,遵循严格的程序。以澳门政府横琴用地为代表的这一新型区域合作模式有助于推动内陆与港澳地区实现双赢、互惠、多元参与的开发与合作,具有继续推广的理论与现实意义。",特区租管地;区域合作;中央与地方关系法治化,D922.29,6,,法学三大刊论文/中国法学/“特区租管地”：一种区域合作法律制度创新模式.pdf
34,“犯罪所得投资收益”追缴的影响因素与判断规则,庄绪龙[1],苏州大学王健法学院,2019,5,158,177,"""犯罪所得投资收益""是行为人将经由犯罪取得的赃款赃物通过置业、理财或者创业等投资手段获取的经济利益,在本质上是一种资产增值。理论上,""犯罪所得投资收益""是否属于我国《刑法》第64条规定的""违法所得的一切财物""存在""违法所得说""与""合法财产说""的学说争议,二者虽各有道理,但却均属""片面的深刻""。事实上,""犯罪所得投资收益""是""非法与合法""耦合的结果,对其法律评价存在复杂的影响因素,需要全面分析并综合把控。司法机关在""犯罪所得投资收益""追缴的问题上,应综合考量以下三个因素:其一,""投资收益""的获取途径,对于纯粹资本主导的""资本投机""收益与""资本+生产要素""共同主导的""组合投资""收益应予以实质区分;其二,行为人先前获利的犯罪行为是否可以评价为""法益可恢复性犯罪"",犯罪行为所侵害的法益及其属性的判断以及行为方式是否违背社会公众普遍认同的伦理禁忌;其三,坚持利益衡量原则,综合考量""犯罪所得投资收益""追缴与民营企业稳定发展的关系,坚持惩罚犯罪与人权(产权)保障以及经济社会稳定发展的有机平衡。",犯罪所得;投资收益;资本投机;组合投资;层次性判断,D925.2,0,,法学三大刊论文/中国法学/“犯罪所得投资收益”追缴的影响因素与判断规则.pdf
35,“社会主义公共财产”的宪法定位:“合理利用”的规范内涵,李忠夏[1],山东大学法学院,2020,1,86,105,"实践中围绕""国家所有""和""集体所有""所产生的争议都指向了《宪法》中的""社会主义公共财产""条款。这就需要探寻马克思理论中关于""公有财产""的定性,并嵌入到新中国成立-改革开放的政治转型中,理解""公有制""在中国的独特实现路径以及""公共财产""的功能变迁,从而更深入地理解马克思理论在中国的创造性转换。新中国成立-改革开放的政治转型意味着对""社会主义""的理解变迁,意味着新中国成立以来中国社会发展逻辑和相关制度的发展演进,同时也意味着宪法的发展演进。只有在宪法变迁的基础上,在""社会主义初级阶段""的规范框架内,才能理解""八二宪法""中""社会主义公共财产""所经历的功能变迁以及今天语境中的功能定位:从""不可侵犯""向""合理利用""的转变。",公共财产;社会主义初级阶段;公私并存;合理利用,D92,0,,法学三大刊论文/中国法学/“社会主义公共财产”的宪法定位_“合理利用”的规范内涵.pdf
36,“绿色原则”在民法典中的贯彻论纲,吕忠梅[1];竺效[2];巩固[3];刘长兴[4];刘超[5],清华大学法学院,2018,1,5,27,内容提要民法基本原则是民法回应环境问题的有效机制。《民法总则》第9条属于限制性原则，具有在民法中确立绿色发展、生态安全、生态伦理价值理念，协调发展与环保、交易安全与生态安全、代内公平与代际公平之关系的功能，应贯彻到民法典各分则立法中。为此，民法典物权编应确立物权行使的环保原则，对相邻关系和地役权进行绿色改造，增加添附条款，创设资源利用权，明确生态环境的公共财产地位；合同编应将合同法一般规则绿色化，把环保相关交易行为纳入有名合同，实现其类型化；侵权责任编应厘清环境侵权的原因行为并进行类型化，层次性地扩大环境侵权的救济范围，增加与环境公益诉讼制度和生态损害赔偿制度的衔接机制。,民法典;绿色原则;民法分则;民法基本原则,D923,0,,法学三大刊论文/中国法学/“绿色原则”在民法典中的贯彻论纲.pdf
37,“蛋壳脑袋”规则之反思与解构,孙鹏,西南政法大学民商法学院,2017,1,268,287,“蛋壳脑袋”规则在道德上并非天然正当，在经济上未必充分合理，其作为普适性的规则大有疑问。面对素因竞合时之“异常损害”，应立足于类型化思维，斟酌素因之程度、当事人对素因信息之支配状态以及统御素因的能力等要素，理性解构“蛋壳脑袋”规则。,蛋壳脑袋;侵权责任;素因竞合;异常损害,D925.1,69,,法学三大刊论文/中国法学/“蛋壳脑袋”规则之反思与解构.pdf
38,“裁执一体化”财产保全的逻辑与改革,刘君博,中央财经大学法学院,2017,5,237,257,财产保全“裁执一体化”程序操作模式的直接目的是有效查控财产保全对象。“裁执一体化”模式更加侧重于审理财产保全案件有无执行到位的可能性，财产保全立案、审判、执行程序的结构也因此更为密切和集中。“裁执一体化”模式虽然能够较好地契合既有的制度条件，也能够对个案处理表现出一定的调适性，但所形成的财产保全制度“低水平”均衡运行状态仍然必须打破。技术革新与司法体制改革形成了打破“低水平”均衡状态、改革“裁执一体化”模式的外部条件。通过合理界定法院内设机构的职能和人员的权责分工，拓展财产信息查明途径以及充实财产保全案件审理的正当性基础，可以促进财产保全制度司法实践向规范目的回归。,财产保全 “裁执一体化” “低水平”均衡 执行难,D925.1,0,,法学三大刊论文/中国法学/“裁执一体化”财产保全的逻辑与改革.pdf
39,"""认""与""缴""二分视角下公司催缴出资制度研究",袁碧华[1],广州大学法学院,2019,2,202,220,"资本认缴制存在“认”与“缴”两个阶段。与“认”的阶段遵循股东自治不同,在“缴”的阶段,应以公司自治为主。如果股东认而不缴,公司可以“催”。然而,我国出资催缴制度缺陷较多,亟须完善。首先,是否必须“催”,应区分公司内外关系,如涉公司外部第三人利益,则公司必须催缴;如仅为公司内部关系,则完全交由公司自治。其次,谁来“催”,应由公司意志决定,若不能就此形成公司意志,则将董事会确定为催缴执行主体。再次,对于期限未届至的出资,若不涉公司外部第三人利益,公司不得提前催缴;对于未约定期限或期限届至的出资,公司可随时催缴。最后,应分别在合同法和组织法视角下完善股东催而不缴的法律责任,确保公司催缴的效果。",认缴制;股东出资;催缴制度;公司自治,D922.291.91,0,,法学三大刊论文/中国法学/“认“与“缴“二分视角下公司催缴出资制度研究.pdf
40,“诉讼爆炸”的中国应对：基于W区法院近三十年审判实践的实证分析,左卫民,四川大学法学院,2018,4,238,260,"在中国改革开放四十年之际,考察与研究＂诉讼爆炸＂及其中国应对在学术上具有相当价值。以一个都会区为样本的实证研究显示,民事案件的诉讼量经历一个暴增的过程,这与中国社会转型时期的经济发展、社会观念与公共政策紧密相关,法院也因此承受着较重的案件负荷。为了应对暴增的诉讼,法院除了采用增人、加班等传统方式外,亦采取了诸如强化审判管理、简化程序、转移非审判事务等措施,并取得了相当效果。这充分显示中国法院系统具有强大的适应性、调整性与创新性。当然,这些措施在缓解人案矛盾上实际所起的作用存在差异。鉴于未来中国民事案件仍将处于上升趋势,甚至可能迎来新一轮的诉讼爆炸,法院系统应该根据既有经验,未雨绸缪地做好案件数量增加的应对准备。",民事案件;案多人少;应对策略;体制的适应性,D926.2,0,,法学三大刊论文/中国法学/“诉讼爆炸”的中国应对：基于W区法院近三十年审判实践的实证分析.pdf
41,“超期申请行政复议”的形成逻辑与体系化应对,范伟[1],中国政法大学法律硕士学院,2024,6,204,225,“超期申请行政复议”是在行政复议申请期限和行政诉讼起诉期限均已届满的情况下，当事人寻求行政救济的实用理性策略，其以“申请行政复议→收到不予受理或者驳回行政复议决定→提起行政诉讼”为基本结构。这种实用理性表现为仰赖行政诉讼解决纠纷的公正性和实效性，以先复议后诉讼的方式，规避原行政行为的起诉期限。既有司法实践基于解释论的“裁定不予立案”与“判决驳回诉讼请求”方案均存在对程序问题的不当处理并伴随衍生风险。“超期申请行政复议”亟需立法论的体系化回应。一方面，通过行政诉讼程序的三阶段改良和权利保护必要性审查机制的构建，在诉讼内部以“裁定驳回起诉”优化一般性应对方案；另一方面，通过设置合理有效的行政程序重开制度和行政违法行为检察监督制度，于诉讼外部补阙例外性的应对方案，在确保普遍正义与个案正义相统一的基础上推进相关争议的实质性解决。,超期申请行政复议;起诉期限;诉的利益;行政争议实质性解决,D925.3,,,法学三大刊论文/中国法学/“超期申请行政复议”的形成逻辑与体系化应对.pdf
42,“长臂管辖权”的法理分析与对策研究,肖永平[1],武汉大学国际法研究所,2019,6,39,65,"""长臂管辖权""是域外管辖权的美国表达,一般包括立法管辖权、司法管辖权和执法管辖权,这三者的行使基础既有联系又有区别。""长臂管辖权""同时面向国际社会和国内社会,常常涉及国家之间的主权平等关系、法院与私人当事人之间的诉讼关系和私人之间的平等关系。美国法院先后从权力论、联系论或者方便、公平和正义论中寻找其法理基础。在实践中,起源于解决州际问题的""长臂管辖权""同时在民商事和刑事领域不断向域外立法管辖权与执法管辖权扩张,其适用深受美国政治和外交政策的影响,经常违反美国承担的国际义务、侵犯其他国家的主权,毫不顾及国际礼让和国际法上的""合理性""要求。随着中美关系的变化,加上""长臂管辖权""基础本身的模糊性,美国对涉中国事项滥用""长臂管辖权""的倾向愈发明显。我国应根据国际法规则,从借鉴与应对两个视角以及立法、司法、执法三个层面构建我国法的域外适用法律体系。",“长臂管辖权”;立法管辖权;司法管辖权;执法管辖权;域外适用,D92,0,,法学三大刊论文/中国法学/“长臂管辖权”的法理分析与对策研究.pdf
43,“预防性”反恐刑事立法思考,何荣功,武汉大学法学院,2016,3,145,163,"我国新近的反恐刑事立法明显呈现出预防性特征,它体现的是国家对恐怖主义犯罪政治宽容度的降低和刑法对秩序和安全价值保护的强化,在当下的我国,其不失为国家的理性选择。但刑法必须维护法律基本价值在反恐领域的有序而合理的组合关系。国家要警惕幽暗而缺乏宽容的刑事政策借反恐之名进一步扩张,＂敌人刑法＂的观念是一种危险的思考和解决问题的方法。我国未来反恐国家战略与刑事政策现代化之路,在刑法领域,有赖于合理平衡安全价值与公民自由的关系;在社会政策的整体性方面,需要国家妥善处理刑法与其他社会政策的有效合作。",恐怖主义;预防性刑法;反恐国家战略,D924,34,,法学三大刊论文/中国法学/“预防性”反恐刑事立法思考.pdf
44,《中华人民共和国民法总则》的制定,"张鸣起[1,2,3]",十二届全国人民代表大会法律委员会 中国法学会 中国法学会民法典起草研究领导小组,2017,2,5,24,"《民法总则》的制定过程可以从政治决定与政治推动、立法进程、学者和公众参与三方面进行阐述。《民法总则》在承继《民法通则》相关制度的基础上,又有重大的理论创新,其规定具备体系性与合理性。《民法通则》以来的中国民事立法,曾受到德国民法和前苏俄民法的影响,但是探索和走出了一条具有鲜明中国特色的道路。《民法总则》的制定是我国全面推进依法治国、建设社会主义法治国家的总体战略的重要组成部分,注重对民事权利的保护,提升了公民的人身权地位,实现了维护公有制的经济基础与财产权平等保护之间的合理平衡,充分体现了保护个人信息数据和网络虚拟财产的时代特征、巩固社会主义制度与发展市场经济的历史任务、践行社会主义核心价值观的基本要求以及节约资源、保护生态的发展理念。",《民法总则》;《民法总则》的立法过程;《民法总则》的主要特色,D923,37,,法学三大刊论文/中国法学/《中华人民共和国民法总则》的制定.pdf
45,《刑事诉讼法》再修改之证据制度完善,张保生[1],中国政法大学证据科学教育部重点实验室、司法文明协同创新中心、重罪检察证据分析研究基地,2024,4,5,24,证据法是规制证据运用与事实认定的法律规范。我国刑事诉讼法有关证据规定目前已具备了现代刑事证据制度的基本要素和体系框架，但还存在内容陈旧和结构失衡的问题。《刑事诉讼法》再修改宜采用“软件升级”的方法，从确立以相关性原则为主线的逻辑理念和以基本权利保障为取向的价值理念入手，以证据理念更新推动现代刑事证据制度发展。在制度层面，应完善举证、质证和认证制度，为庭审实质化创造条件；在规则层面，应完善证据排除规则，促进刑事证据法从合法性“一枝独秀”到可采性“春色满园”的结构性转变，贯彻直接言词原则或借鉴传闻排除规则，推动非法证据排除规则进一步完善。,《刑事诉讼法》再修改;刑事证据制度;证据排除规则;庭审实质化,D925.2,,,法学三大刊论文/中国法学/《刑事诉讼法》再修改之证据制度完善.pdf
46,《大清律例》条标的运用与启示,王立民[1],华东政法大学,2019,1,46,63,"《大清律例》继承了《唐律疏议》《宋刑统》和《大明律》等律典设立条标的传统,也设置了条标。《大清律例》的条标被广泛适用,时间上纵贯古代、近代和当代三大历史时期。运用形式包括了官方与民间的诸多领域。在司法官的判词,司法参与人员撰写的司法经验总结,官吏奏折,学者的论文、著作等研究成果中,都运用过这一条标。《大清律例》条标的广泛运用证明,条标有其独特的作用,而且具有不可替代性。在当今中国的立法中,有些地方人大与政府制定的地方性法规与政府规章里,设置过条标。最高人民法院在其司法解释中,为1997年刑法典设置过条标,而且还在判决书里运用过其中的条标。当前,有必要扩大设置条标的范围,使其广泛被运用,助力于中国的立法、行政执法、司法、守法、法学教育与研究、法治宣传与传播等,大力推进全面依法治国。",《大清律例》;条标;法典结构,D929,0,,法学三大刊论文/中国法学/《大清律例》条标的运用与启示.pdf
47,《民法典》背景下劳动法与民法的关系,王全兴[1],,2023,3,25,45,劳动交换关系法律调整中，劳动法与民法以劳动者保护为主题的分工合作，在我国迄今仍存缺口。劳动法与民法关系依托背景的中西差异表明，我国这种缺口的成因在于公法私法化/社会化过程中生成的劳动法与民法分立格局不足以应对劳动力市场灵活化。尽管背景不同，私法社会化理论对解释和解决我国这种缺口问题仍有参考意义。基于《民法典》的安排，立法上解决劳动者保护盲区不断扩大等问题，应当分类型、分层次地安排劳动法与民法分工合作，并完善与《民法典》相关规定对接的私法社会化立法。为弥补法律规范供给的不足，法律适用上应当对劳动争议案件适度补充适用民法规范，对非典型劳动关系适度从宽认定并有选择地参照适用劳动法规范，对民事雇用或准从属性劳务则作为无名合同参照适用最相类似的劳动法规范。,劳动法;民法;私法社会化;一般法与特别法,D923,,,法学三大刊论文/中国法学/《民法典》背景下劳动法与民法的关系.pdf
48,《民法典》视域下的一般人格权,温世扬[1],,2022,4,232,249,中国民法中“一般人格权”的规范基础在于《民法典》第990条第2款。该款既系《宪法》第33条第3款“尊重和保障人权”规定的转介条款，也是以“人身自由、人格尊严”为基础的一般条款和“非典型人格法益”的兜底保护条款。“人身自由”和“人格尊严”之间并无位阶差异，二者构成整体性教义，旨在保障社会交往背景下主体人格的自由发展和平等主体之间的相互承认和尊重。第990条第2款中的“非典型人格法益”与同条第1款中“等权利”在发挥补充功能时存在位序差异，其类型化可进一步从自决地位、人格平等性和人格完整性三个方面予以展开。,民法典;一般人格权;非典型人格法益;人身自由;人格尊严,D923,,,法学三大刊论文/中国法学/《民法典》视域下的一般人格权.pdf
49,《民法总则》民商合一中国模式之检讨,李建伟[1],中国政法大学民商经济法学院,2019,3,283,302,"民商合一的民法典设置商法规范面临诸多挑战,不仅涉及民法规范体系与商法规范体系的科学性建构,更关涉到二元结构的统一私法体系的科学性实现。《民法总则》贯彻落实民商合一立法体例的立法举止备受关注,不仅因为在世界范围内采用潘德克顿体系的民法典总则未有民商合一的立法传统,面临前无古人的开创性难题,更因为作为民法典的开篇之作,其确立的民商合一立法体例与思路,对民法典分则各编的民商合一走向具有决定性影响。检讨《民法总则》中商法规范体系的立法得失成败,对确立适应我国民商立法现实需求的民法典编纂方案具有重要价值,也有助于实现民商事法律的现代化。",民法总则;民商合一;民商分立;商法规范体系;商法独立性,D923.1,0,,法学三大刊论文/中国法学/《民法总则》民商合一中国模式之检讨.pdf
50,《行政处罚法》主观过错条款适用展开,熊樟林[1],,2023,2,109,128,《行政处罚法》中的主观过错条款，应被解释为一种定罚规定，直接决定应受行政处罚行为是否成立。故意与过失的区分评价并不单单只发生在定罚阶段，还可以被二次评价至量罚之中，但它不宜作为行政机关的法定义务。在“过失”认定上，需区分对待“重大过失”“一般过失”和“具体过失”。对立法文本写明的“重大过失”，宜采用与故意类似的判断规则，但仅在立法文本中以“过失”加以表述者，则需行政机关在“一般过失”与“具体过失”之间加以权衡。基于法的安定性与平等性等方面的考量，应借鉴刑法学上的行为人标准对行政处罚上的过失加以认定。从文义上看，主观过错条款中的“另有规定”，存在“从宽解释”和“从严解释”两种面向，应采用目的性限缩解释方法，将之向从严方面延展，从而将我国行政处罚活动限定在责任主义框架之内。,行政处罚;主观过错;一般过失;具体过失;另有规定,D922.11,,,法学三大刊论文/中国法学/《行政处罚法》主观过错条款适用展开.pdf
51,三权分置下农地流转权利体系重构研究,宋志红,中共中央党校（国家行政学院）法学部,2018,4,282,302,"基于改革目标之实现和重大制度创新定位的考虑,土地经营权必须被定性为用益物权;德国次地上权理论和实践为我国土地经营权的创设提供了法理依据;土地经营权分置的法权结构应表达为＂土地所有权—土地承包经营权—土地经营权＂;承包地＂三权分置＂开创了新的农地流转方式并细分出了新的权利类型,由此对＂两权分离＂下的农地流转权利体系带来了系统性影响,并提出了重构该体系的要求。基于方式丰富、体系清晰、＂物—债并存＂等考虑,＂三权分置＂下的农地流转权利配置可整合为＂土地所有权—土地承包经营权—土地经营权＂＂土地所有权—土地承包经营权—土地租赁权＂＂土地所有权—土地经营权＂＂土地所有权—土地租赁权＂四种类型。",三权分置;土地经营权;农地流转;权利体系,F812.8,0,,法学三大刊论文/中国法学/三权分置下农地流转权利体系重构研究.pdf
52,上市公司私有化的监管逻辑与路径选择,李文莉,上海对外经贸大学法学院,2016,1,194,209,"绝对禁止与受损者合理补偿的法理之辩、投资者保护与公司自由兼顾之监管逻辑,为我国上市公司私有化监管提供理论基础。上市公司私有化监管从＂实质审查＂到＂法定披露＂之演变,体现了投资者保护与公司自由之间的利益平衡。通过考察中美上市公司私有化的实证数据,探索数据背后我国资本市场生态破坏、私有化需求不足深层次的原因是总量控制之证券发行制度。应借鉴域外以信息披露为核心的类型化证券监管与公平性司法审查并重之路径,确立公司退市自由与投资者利益合理补偿兼顾之理念,联动修改《证券法》和《公司法》的相关规定。",上市公司私有化;主动退市;上市公司监管,F279.246,41,,法学三大刊论文/中国法学/上市公司私有化的监管逻辑与路径选择.pdf
53,上市公司虚假陈述行政处罚内部责任人认定逻辑之改进,邢会强[1],中央财经大学法学院,2022,1,244,261,"在近30年的证券行政处罚实践中,我国目前已经形成了对上市公司虚假陈述内部责任人认定的全体负责逻辑和全部受处罚模式.这具有一定的合理性,但也存在改进的空间.在新《证券法》大幅度提高处罚额度的背景下,这种内部责任人认定逻辑应予改变.包含主观状态测试、义务主体测试、内部控制义务履行测试和实时监控义务履行测试的四步测试法,能很好地判断上市公司虚假陈述中董监高何者为责任人员.这是一种更具逻辑性、科学性、操作性、适用性,并包含有一定发展空间和弹性空间的理论主张,可以用来改进上市公司虚假陈述内部责任人认定的逻辑.",虚假陈述;信息披露;证券行政处罚;注意义务;勤勉尽责,D922.287,0,,法学三大刊论文/中国法学/上市公司虚假陈述行政处罚内部责任人认定逻辑之改进.pdf
54,不动产被征收人参与权的价值定位与制度重构,渠滢,华东政法大学中国法治战略研究中心,2018,1,225,244,内容提要目前，我国不动产被征收人的参与权既无法在制度层面获得充分支撑，在具体落实中更面临来自地方政府的重重阻力，导致实践中被征收人参与程度弱，参与效果差。被征收人参与权的实现不仅关乎于个人私益，也与征收所欲追求之公共利益密切相关。因此，对被征收人参与权的价值定位需立足于宏观上的价值平衡和微观上的成本效益分析两个层面。从被征收人参与权所欲实现之价值入手，我国应当对当前的不动产征收参与程序实现一元化构建，通过增加征前协购程序、设置专项征收委员会等途径赋予被征收入在征收决定、实施等各个阶段充分、有效的参与权利，并明确参与权的义务主体和范围，确立履行义务的方式，规范政府行为，确保各项参与权落到实处。,不动产征收;参与权;价值定位;制度重构,D913,0,,法学三大刊论文/中国法学/不动产被征收人参与权的价值定位与制度重构.pdf
55,不当联结禁止原则的重述与应用,金成波[1],中共中央党校(国家行政学院)政治和法律教研部,2024,6,185,203,不当联结禁止原则是行政法上的一项基本原则。不当联结禁止原则，具有深厚的历史逻辑，体现为株连制度的废弃和株连思想历史惯性的摆脱；具有科学的理论逻辑，体现为法治精神的要求与普遍正义的捍卫；具有鲜明的实践逻辑，体现为公共行政的多元手段必须予以厘清的要求。不当联结禁止原则由依法行政原则、比例原则以及平等原则推导而来，但是在行政法的基本原则群中，不当联结禁止原则依然具有独特价值，尤其是与意涵相近的法律保留原则、适当性原则和禁止恣意原则存在适用上的区分。在加快构建中国自主的行政法学知识体系的大背景下，不当联结禁止原则必须坚持守正创新，要进一步明确该原则的内涵和外延、细化不当联结的分类、明晰不当联结的判定以及规范不当联结的审查。,不当联结禁止;行政法基本原则;连坐;行政行为;多元行政,D922.1,,,法学三大刊论文/中国法学/不当联结禁止原则的重述与应用.pdf
56,不正当竞争行为认定中的实用主义批判,焦海涛,安徽大学法学院,2017,1,150,169,“竞争关系”应当作为不正当竞争行为认定的前置标准，只有直接或间接损害了竞争对手利益，进而损害了正当竞争秩序的行为才宜认定为不正当竞争行为。我国现行《反不正当竞争法》列举的不正当竞争行为，有些属于其他性质的违法行为；2016年《反不正当竞争法》（修订草案送审稿）剔除了一些非不正当竞争行为的内容，但保留并增加了一些非不正当竞争行为的类型。反不正当竞争是维护市场公平竞争秩序之法，无关公平竞争秩序的违法行为不宜在本法中规定；即便不正当竞争行为与其他违法行为发生竞合，也应根据不同的行为性质来选择相应的责任追究与权利救济模式。,不正当竞争行为;实用主义;竞争关系;公平竞争秩序,D922.294,25,,法学三大刊论文/中国法学/不正当竞争行为认定中的实用主义批判.pdf
57,不确定鉴定意见的证据属性及功能,郭华[1],,2023,5,289,304,鉴定意见作为证据应当符合“明确”的证据要求。现实中的不确定鉴定意见因与司法对证据要求的“明确”或者“确定”存在表达上的冲突，致使实践衍生出鉴定和司法之间实然关系的供需紧张。鉴定意见基于科学不确定性、鉴定技术局限性以及鉴定人主观性等特点，具有不同于其他证据的判断性特征。不确定鉴定意见因包含了特定程度的确定性，具有帮助法官理解专门性问题的功能或者协助其他证据证明事实存在（不）可能性的专家证言属性，发挥着审查判断其他证据和佐证等证明作用。其中，经验型和检验型不确定意见、倾向肯定和倾向否定的意见以及不同主体（控辩双方）提供的不确定意见具有不同的证明分量。区分不确定鉴定意见不同的证明功能，并附加作出不确定鉴定意见的鉴定人特有的说明、解释与论证义务，不仅能发挥不确定鉴定意见佐证以及强化或者弱化其他证据的作用，也能够消解其适用风险。,不确定鉴定意见;倾向性鉴定意见;证据属性;佐证功能,D918.9,,,法学三大刊论文/中国法学/不确定鉴定意见的证据属性及功能.pdf
58,不阻止他人犯罪的刑事责任,黎宏[1],清华大学法学院,2020,4,201,221,"现实当中发生的不阻止他人犯罪案件,有相当部分可以认定为作为共犯。在行为人以言语、动作、眼神乃至默示等方式指示、放任正犯犯罪时,都可以作为共犯论处。在判断不阻止行为到底是作为还是不作为时,必须结合不阻止行为实施当时的特定时空环境,考虑行为人与未被阻止的他人、行为人与被害人之间的亲密关系等因素,从物理和心理的两个方面进行。只有在难以将不阻止行为处理为作为共犯的时候,才可以将其认定为不作为共犯;判断不阻止行为是否成立不作为共犯时,必须从行为人是否具有法益保护义务和危险源监视义务入手,根据结果回避可能性的要求,判断其不阻止行为是否具有成立不作为共犯的实行行为性,然后才能将不阻止行为论以相关犯罪的共犯即帮助犯。",不阻止他人犯罪;作为共犯;作为义务;结果回避可能性;行为支配,D92,0,,法学三大刊论文/中国法学/不阻止他人犯罪的刑事责任.pdf
59,世界刑事诉讼的四次革命,"冀祥德[1,2]",,2024,1,44,64,随着人类社会经济的逐步发展和社会分工的不断细化，刑事诉讼活动也开始了横向整合和纵向深入的演变过程。通过对大量的事实进行价值分析和规范衡量，可以发现在刑事诉讼制度的演进发展过程中，国家干预正逐步向社会自治过渡，世界范围内的刑事诉讼制度随之也经历了四次根本性转折：司法权与行政权的分离、控审分离、控辩平等、控辩合作。以“国家—社会”为基点，以分权制衡为工具进行观察，可以发现这四次革命在保障人权和惩罚犯罪的过程中，逐步实现正当性、均衡性与规范性，促进刑事司法权力和权利场域日臻善治，并不断实现保障人权和惩罚犯罪的平衡。,刑事诉讼;司法权行政权分离;控审分离;控辩平等;控辩合作,D915.3,,,法学三大刊论文/中国法学/世界刑事诉讼的四次革命.pdf
60,东京审判与追究侵略之罪责,朱文奇,中国人民大学法学院,2015,4,5,24,70年前反法西斯战争胜利，催生了纽伦堡与东京国际审判。取缔战争是这两个国际军事法庭的重要使命；用法律来清算国际罪行，在人类历史上则是第一次。国家是否具有发动战争的权利？侵略行为是否应受到法律的惩治？这在科技先进且摧毁力巨大的现代社会，其实是关乎人类文明能否继续存在的关键问题。东京国际法庭经过审理，最后郑重宣布：侵略战争属于国际罪行；惩治侵略行为已成为一条国际法准则。东京审判为维护世界和平做出了贡献，它是中国、日本乃至全人类的一份宝贵遗产。,东京审判;反和平罪;侵略罪,D995,66,,法学三大刊论文/中国法学/东京审判与追究侵略之罪责.pdf
61,个人信息国家保护义务及展开,王锡锌,教育部人文社会科学重点研究基地北京大学宪法与行政法研究中心,2021,1,145,166,"个人信息保护法体系建构的基础是国家在宪法上所负有的保护义务,该义务对应着""个人信息受保护权"",而不是""个人信息权"".将个人信息作为私权客体的权利保护模式,在规范逻辑、制度功能等方面存在局限;应以""个人信息受保护权—国家保护义务""框架建构个人信息的权力保护模式.在数字时代,个人信息国家保护义务意味着国家不仅应履行尊重私人生活、避免干预个人安宁的消极义务,还应通过积极保护,支援个人对抗个人信息处理中尊严减损的风险.基于控制""数据权力""这一侵害风险源的需要,国家一方面应避免过度侵入个人信息领域;另一方面应通过制度性保障、组织与程序保障以及侵害防止义务的体系化,营造个人信息保护的制度生态.",个人信息受保护权;国家保护义务;工具性权利;个人信息保护,D923;D922.16,0,,法学三大刊论文/中国法学/个人信息国家保护义务及展开.pdf
62,"个人信息处理中的""同意""与""同意撤回""",万方,北京外国语大学法学院,2021,1,167,188,"告知同意是个人信息处理中对个人信息权益的基本保护模式.告知属于兼具公法及私法性质的行为,而同意属于私主体对自己个人信息权益的处分.由于告知同意存在诸多问题,引入同意撤回制度是我国个人信息保护体系的应有之义.同意撤回权与消费者撤回权不同,同意撤回权属于人格权体系下的撤销权,其撤销行为不具有溯及力也不应适用除斥期间,除个人信息主体存在故意或重大过失外,不应令其承担损害赔偿责任.另外,在适用中应当注意厘清主体行使同意撤回权后与受托人及第三方的关系,充分借鉴和吸收其他国家在同意撤回权上的经验,构建我国的同意撤回权体系.",告知同意;同意撤回权;个人信息保护;撤销权;人格权,D923,0,,法学三大刊论文/中国法学/个人信息处理中的“同意“与“同意撤回“.pdf
63,个人信息处理者过错推定责任研究,王道发[1],,2022,5,103,121,个人信息处理者承担过错推定责任的实质基础在于处理行为引起的作为义务，而不仅仅是为了强化保护个人信息权益。《个人信息保护法》中的过错推定责任与《民法典》侵权责任编没有体系衔接冲突问题，但与人格权编所确立的“隐私权”和“个人信息”并行体例存在张力关系。处理私密信息造成损害的，应承担过错推定责任，而不适用有关隐私权规定。处理者的过错推定责任不是一种普遍性责任，其适用范围具有限定性，适用要件也有特殊性。此过错推定责任救济的是侵害人格权益的财产损失，不包括精神损害，其过错判断主要限于违反法定义务的违法行为及比例原则下的实质违法行为，其因果关系要件的特殊性则在于采取“高度盖然性”证明标准，而非实行举证责任倒置。,个人信息保护法;民法典;个人信息处理者;过错推定责任,D922.16,,,法学三大刊论文/中国法学/个人信息处理者过错推定责任研究.pdf
64,个人信息权作为民事权利之证成:以知识产权为参照,吕炳斌[1],南京大学法学院,2019,4,44,65,"个人信息有别于数据,也不同于隐私。它以个人敏感隐私信息为内核,往外扩散,其边界处于相对确定的状态。以知识产权为参照,相对确定的边界并不影响个人信息的权利化保护。以尊重人格尊严和自由为理念,以个人信息的自我决定或自我控制为理论基础,个人信息权宜定性为人格权。无形的人格特征具有财产利益,在原理上亦接近于以知识产权为代表的无形财产权。个人信息与知识产权的客体类似,均是特定的信息,其权利不能架构在占有的基础上,不是对客体的圆满状态的控制。可借鉴知识产权的'行为规制权利化'的构建路径,以同意、访问、查阅、抄录、复制、更正、删除等具体行为为支点,形成包含个人信息利用的知情权、个人信息利用的决定权以及保护个人信息完整准确权这三方面内容的个人信息权。个人信息权可以满足绝对权的特征,融入民事权利体系中的绝对权大家庭。",个人信息;知识产权;行为规制权利化;民事权利体系,D923.4,0,,法学三大刊论文/中国法学/个人信息权作为民事权利之证成_以知识产权为参照.pdf
65,个人所得税纳税义务的法律建构,叶姗[1],北京大学法学院,2020,1,221,240,"现代宪法规定国民有依照法律纳税的基本义务,而财产权的行使应同时有益于公共福祉,据此,个人所得税法建制侧重于设定纳税义务的成立要件和确定程序。个人所得税纳税义务是在所得分项基础上经由法律创设的,分为税款缴纳的主给付义务和纳税申报的从给付义务,可能由支付所得者或取得所得者履行。分类税制下,纳税义务主要由负有扣缴义务的支付所得者代为履行,取得所得者则负有根本性的纳税义务,充分体现税收稽征效率。综合所得范畴的引入,使得核心课税要素由所得这一征税客体转向纳税人,更能实现量能课税原则。纳税人有依照法律纳税的权利和义务,由此,重构纳税义务如下:其一,横向的并行结构,包括综合课征和分类课征等模式下的纳税义务,后者可能包含税收负担从轻权;其二,纵向的递进结构,包括预扣预缴和汇算清缴等阶段中的纳税义务,可能包含补税义务或申请退税权。",量能课税原则;综合所得;所得分项;纳税义务发生;重构纳税义务,F81,0,,法学三大刊论文/中国法学/个人所得税纳税义务的法律建构.pdf
66,个人数据交易的私法制度构造研究,夏庆锋[1],安徽大学法学院,2024,5,144,164,个人数据交易是新兴技术服务于个人的必要活动之一，只有进行个人数据的收集与分析，网络服务商等数据处理者才能提供更加符合个人需求的产品与服务。然而实践中由于当事人缔约地位存在差距等原因，个人数据失控与公正价值丧失等问题时有发生，而现行私法无法有效规制。前述问题的解决需以构造个人数据交易的私法制度为基础，具体包括主客体明确、权利配置与规则设置等。个人数据交易的主体应区分初级交易和次级交易确认，初级交易的主体包括个人与数据处理者，次级交易则发生于不同数据处理者之间；就客体而言，应明确的是，个人信息包含于个人数据，两者并非等同关系；在权利配置中，应确认个人享有数据交易全过程知情权、有限的不受自动化决策支配权等基于个人信息保护法的各项权利，数据处理者享有三权分置的数据产权以及与个人共同享有收益分配权；而在规则设置上，应协调与完善相关法律规则，包括合同法规则平衡交易主体的当事人地位、个人信息保护法规则保护个人知情同意权利与物权法规则保护处理者数据产品权益等。,个人数据;交易主体;交易客体;权利配置;规则设置,D923,,,法学三大刊论文/中国法学/个人数据交易的私法制度构造研究.pdf
67,个人破产免责的理论基础与规范构建,徐阳光[1],中国人民大学法学院,2021,4,201,220,"个人破产免责是现代国家个人破产制度不可或缺的内容,其正当性依据主要来自多元免责理论的支撑.免责立法理念最早源于债务人合作理论,但现代个人破产免责制度已经融合了债务宽恕理念、人道主义理论和社会效用理论,体现了个人破产立法本位的转变.我国个人破产立法应当基于多元免责理论融合,并考虑传统文化观念和现实国情的影响,在立法上选择许可免责的法律路径,弱化""债权人同意""要素,并辅之以""清偿比例""要件,以便在保护债务人和打击逃废债行为之间取得平衡;个人破产免责规范构建的核心在于免责范围的界定,不予免责的债务类型应当主要包括税收债务、罚款和其他制裁、婚姻家庭债务,学生教育贷款不应当排除在免责范围之外;不予免责的法定情形限于债务人的欺诈和不合作情形,同时对二次破产和后续破产免责施加必要的限制,合理定位法院在免责程序中的地位和作用.",个人破产立法;债务人合作;免责理论;免责路径;免责例外,D922.291.92,0,,法学三大刊论文/中国法学/个人破产免责的理论基础与规范构建.pdf
68,中华法律文化之起源考,魏琼[1],,2024,2,165,183,中华法律文化源远流长，按照传世文献的记叙，早在黄帝时期就已经有了法律生活。《诗经》《周易》《左传》《国语》《史记》《汉书》等典籍记载的中国上古时期的法律叙事，能否从最近100年丰硕的考古出土遗存和文献中获得支持呢？就此从文化、法律文化和中华法律文化的内涵入手，全方位探寻当时人们的政治与法律生活，从社会不平等的出现、早期复杂社会的兴起、统一国家的形成等方面勾画中华法律文化起源的萌发概貌，从城市、文字及原始宗教等层面还原中华法律文化起源的孕育场景，并考证构成中华法律文化起源的三大因子即国家事务、民事和刑事等规范的诞生和成长轨迹。中华法律文化的起源具有原创性、多元性、渐进性、连续性、经典性等鲜明特征。中华传世文献中关于国家与法律的起源之记载基本上是可靠的，中华民族有着巨大的创造力，中华法律文化是人类法律文化中的重要一极。,中华法律文化;起源;传世文献;考古遗存,D909.2,,,法学三大刊论文/中国法学/中华法律文化之起源考.pdf
69,"中国""宪法实施""的话语体系与演变脉络",苗连营[1],郑州大学法学院,2021,3,70,89,"""宪法实施""作为各种原理、规则、制度、实践交织叠加的""概念群""与""问题域"",几乎涵摄了认识和解释中国宪法问题的所有视域及议题.学术话语中的宪法实施在追求方法自觉和理论建构的过程中,也在积极回应着政治现实并不断凸显出深沉的政治情怀;政治话语中的宪法实施在主导真实世界的宪法实践的同时,也在认真吸纳着理论研究的有益成果并日益展现出深厚的法理意涵.只有从学术话语和政治话语的良性互动及其演变脉络中,才能深刻理解我国宪法实施的内在机理与运作逻辑,并凝练出真正属于中国的""宪法实施""话语体系.",宪法实施;话语体系;演变脉络,D921,0,,法学三大刊论文/中国法学/中国“宪法实施“的话语体系与演变脉络.pdf
70,中国与“一带一路”国家税收协定优惠安排与适用争议研究,崔晓静,武汉大学法学院国际法所,2017,2,194,214,"＂走出去＂企业在＂一带一路＂国家投资过程中可能面临企业的同一笔所得被重复征税、未能在东道国享受本应该享受的税收待遇或税收优惠,存在受到税收歧视或者不公平待遇等多种税收风险,以及在投资过程中与当地税务机关发生的税务争议如何解决等问题。企业在＂一带一路＂沿线国家进行投资时,要注意了解投资东道国与我国签订的税收协定的内容,主动利用利息、股息、特许权使用费等协定优惠安排,降低企业涉税风险和成本。在与投资东道国发生税务争议时,要注意向我国税务主管当局申请启动相互协商程序寻求救济,以维护自身的合法权益。",一带一路;税收协定优惠;国际避税;相互协商程序,D03,22,,法学三大刊论文/中国法学/中国与“一带一路”国家税收协定优惠安排与适用争议研究.pdf
71,"中国人权法学""三大体系""论纲",刘志强[1],,2022,2,45,63,"中国人权法学""三大体系""一体化的逻辑是,以学科体系为统领,学术体系、话语体系依次推论展开.从人权法学学科体系来看,需要突破人权法学学科体系的范式藩篱,寻找沟通人权法内外视角的渠道,由此构建人权法学元学科、一般学科、具体学科三类学科体系.从人权法学学术体系来看,在人权法学学科体系的建构工程初步完成时,需在此基础上提炼出全新的人权法学命题,包括人权代际革新命题、合作权命题、融贯模式命题,并将其系统化为人权法学学术体系.从人权法学话语体系来看,应在完成人权法学学术体系向话语体系的逻辑转换过程中,形成具有新时代中国特色的法律型人权话语、法治型人权话语和法理型人权话语,全面提升我国人权法学话语体系的感召力与说服力.",人权法学;学科体系;学术体系;话语体系,D922.1,,,法学三大刊论文/中国法学/中国人权法学“三大体系“论纲.pdf
72,中国传统司法中的察狱以情及其现代价值,蒋铁初[1],,2022,5,143,161,察狱以情是中国传统司法的一个重要特色。其语义源头为《左传》所载鲁庄公之言，实质源头则为《周礼》中的“以情讯之”。“察狱以情”中的情有广义与狭义两种。察狱以情既有入罪功能，亦有出罪功能。入罪之情必须满足发生在争议事实之后与违反常理两个条件。出罪之情则有通过判断事实出罪与判断证据出罪两种表现。察情入罪与出罪在标准、对象、主体与结果四个方面都存在差异。传统的司法理论更重视察情的出罪功能。察狱以情与当代的经验法则相比既有相同之处亦有区别。相同之处在于两者都以日常生活经验为判断事实的依据。不同之处有三：一是经验法则只能判断证据事实，不能判断案件事实；而察狱以情两者都可以判断。二是依经验法则判断的事实为确定性事实，而察狱以情判断的事实为可能性事实。三是依经验法则倾向于对事实作出肯定性判断，而察狱以情倾向于对事实做出否定性判断。当代司法借鉴察狱以情，应当做到慎用入罪之情，重视出罪之情，如此可有效避免冤狱形成并能为已形成的冤狱平反。,古代司法;察狱以情;入罪;出罪;经验法则,D929,,,法学三大刊论文/中国法学/中国传统司法中的察狱以情及其现代价值.pdf
73,中国传统司法如何处置“真伪不明”,胡学军[1],,2022,5,162,181,客观证明责任问题存在于任何国家任何时期的诉讼制度中，这一论断并不适合古代中国。宋代相关判例中，法官在案件事实不清时存在着依道德规范来辅助事实判断的倾向。面对疑难案件，中国古代司法并不严格按形式逻辑思维得出最终结论，而往往将事实认定与法律适用混同于最后的裁判之中。欲理解中西对事实疑难案件迥异的处置方式及各自内在逻辑，唯有将目光投射到更广阔的制度背景上。现代证明责任理论的底流是实证主义法学思潮，而中国古代社会是一个功能未分化的社会，法律的儒家化及司法与行政一体化的特点使中国古代处置事实疑难案件的方法与西方近代证明责任制度存在隔膜。证明责任制度是一定社会发展阶段及特定法制模式与司法裁判模式下的产物。在证明责任制度本土化过程中，尤应注意其与现代司法理念及整体现代司法制度的协同发展。,证明责任;疑案处置;真伪不明;法律儒家化;法律实证主义,K22,,,法学三大刊论文/中国法学/中国传统司法如何处置“真伪不明”.pdf
74,中国传统生态环境法文化及当代价值研究,柴荣[1],北京师范大学法学院,2021,3,287,304,"以农为本是中国历朝历代奉行的基本国策,国家对生态环境高度依赖,形成了以""天人合一""为伦理基础的传统生态环境法文化.从思想维度分析,中国古代重农敬天、崇拜自然,儒、道、法等各派思想在回答人与自然关系时,都持有人是自然一部分的整体生态观;在解释人与自然互动问题时,均持有人应遵守自然规律的观点.从规范维度观察,中国古代形成了以礼法、律典、敕令为主要形式的生态环境保护法律体系.中国古代生态环境法文化与马克思主义生态观具有较高的契合性:马克思主义唯物辩证法思想在发展过程中形成了整体生态观,认为应该在遵循自然规律的基础上保护生态环境,这与""重农敬天""""人与天和""""顺时立政""""节用止欲""等中国传统生态环境法文化高度契合.两者共同构成了""人与自然生命共同体""的理论基础,为新时代生态环境法律体系的完善提供了宝贵的文化资源.",传统生态环境法文化;马克思主义生态观;生态环境法律体系,D922.68,0,,法学三大刊论文/中国法学/中国传统生态环境法文化及当代价值研究.pdf
75,中国减刑程序公平性的实证研究,林喜芬,上海交通大学凯原法学院,2016,6,133,152,通过对我国A市B法院减刑程序的运行实践（以1702份减刑裁定书为样本）进行实证研究及针对减刑实务人员的深度访谈得到具体数据。2013年以前数据显示，因职务犯罪、金融类犯罪等被定罪的三类罪犯的减刑系数较大，即在较短的时间内能获得较长时间的减刑。该发现一定程度上符合当事人能力理论，即在法律程序中，那些有钱人或有权人由于可以调动更多的社会资源，因此更容易在法律程序中胜出或占据优势。此外，减刑规范的模糊性和减刑程序的非公开性也一定程度上解释了“减刑阿富贵”的实证现象。2014-2015年的数据显示，在中央司法政策、规则修订及地方试点的合力作用下，针对三类罪犯的减刑系数反而表现出陡然下降的趋势，且低于非三类罪犯的减刑系数。我国严格控制三类罪犯减刑的实践效果一定程度上挑战了当事人能力理论的普适性，也启发研究者进一步关注中国司法理性化的模式及其可持续性问题。而要走出运动式治理的框架，需寄希望于技术监测进路，而非资源配给进路或单纯的程序机制改良。,减刑;“三类罪犯”;司法公平运动式治理;正当程序,D926.7,0,,法学三大刊论文/中国法学/中国减刑程序公平性的实证研究.pdf
76,中国刑法学自主知识体系的内涵阐释与建构路径,姚建龙[1],上海社会科学院法学研究所,2025,2,65,85,建构中国刑法学自主知识体系是当代刑法学研究者的重要使命。中国刑法学研究的发展呈现出理论移植的特征，现有的刑法学知识体系存在主体意识有待进一步增强、理论与实践结合不够紧密、理论体系化水平有待提升等问题。“中国刑法学自主知识体系”实际上已经明确指明了中国刑法学研究该往何处去的问题。“中国自主”即指，在中国特色社会主义的根本立场下，立足中国法治实践建构刑法学知识；“知识体系”则是对自主知识成熟化、体系化的更高层次整合与发展的要求。中国刑法学自主知识体系的建构，需要在法治文明互鉴与优秀刑事法律文化赓续的双重维度中探索创新路径。一方面，应当立足当代中国刑事法治实际对域外刑法理论进行批判性审视与本土化重构；另一方面，激活中华法系积淀千年的刑事治理智慧，推动中华优秀传统刑事法律文化的创造性转化，由此建构起既符合中国国情又具科学性的刑法学知识体系。,习近平法治思想;刑法学自主知识体系;主体意识;刑法学研究,D924.1,,,法学三大刊论文/中国法学/中国刑法学自主知识体系的内涵阐释与建构路径.pdf
77,中国刑法立法晚近20年之回眸与前瞻,赵秉志,北京师范大学刑事法律科学研究院暨法学院,2017,5,47,68,97年刑法典颁行以来，我国刑法立法经历了一个立法政策由单一从严到宽严相济、立法数量由少到多、立法内容由单一到综合的过程。我国刑法修法总体上坚持了刑法修正案模式，刑法立法的民主性得到了较大提升，刑法立法日趋科学，刑事法网愈加严密。未来我国刑法发展应当坚持理性的立法观，合理回应重大社会关切，坚持适度犯罪化与适度非犯罪化相结合，坚持刑事制裁的轻缓化与刑事制裁措施的多元化。在立法模式上，我国刑法立法应当继续坚持统一的刑法典模式，适当限制全国人大常委会的修法职权，实行相对严格的法律案三审制，并进一步完善刑法的结构、制度和立法技术。,刑法立法 刑法修正案 刑事制裁措施 适度犯罪化,D924,0,,法学三大刊论文/中国法学/中国刑法立法晚近20年之回眸与前瞻.pdf
78,中国参与国际气候治理的法律立场和策略：以气候正义为视角,曹明德,中国政法大学民商经济法学院,2016,1,29,48,"中国在参与国际气候治理的过程中,应秉承气候正义的理念并坚持如下法律立场：确立公平合理的减排标准,实现分配正义;完善气候变化公约的履约机制;发达国家应当制定支持发展中国家的时间表和路线图,实现矫正正义。为落实以上立场,中国应继续积极参与国际气候谈判,与美国、欧盟一起引领国际气候治理,并切实履行至今已达成的包括《巴黎协定》在内的一系列国际气候法律文件。与此同时,在国内应加大温室气体减排力度,制定应对气候变化法、碳排放交易法规和环境税法,运用碳排放交易和碳税等市场工具,从法律、市场、政策等方面确保气候正义的实现。",气候正义;巴黎气候大会;国家自主贡献;碳排放交易;碳税,F112.1,33,,法学三大刊论文/中国法学/中国参与国际气候治理的法律立场和策略：以气候正义为视角.pdf
79,中国参与极地全球治理的法治构建,杨华[1],上海政法学院,2020,6,205,224,"极地全球治理是指包括国家、国际组织等在内的多元主体,根据各种极地治理规则并通过各种机制对极地利用、保护和改善等行为进行规范和管理的统称。我国作为国际法主体参与全球极地治理的法治构建,既是参与极地全球治理的必要前提,也是参与极地全球治理能力的重要体现。我国在参与极地全球治理过程中,既受到极地全球治理国际规则不统一、不完善等普遍性问题的制约,也受到根据西方国家价值偏好设置的规则阻碍和极地国家管辖权的限制;同时,还存在极地国内立法缺失、参与极地全球治理的管理机构设置不完善等特殊性问题。因此,在国际层面,我国应当通过推进完善现有极地全球治理的规则体系,倡导以人类命运共同体为理念的规则之治,以多元方式参与推动极地区域治理等途径,全面提升参与极地全球治理的能力;在国内层面,应当以法治思维引领参与极地全球治理国家规划,依法确立并完善极地管理机构,统分结合推进极地国内立法,增强我国参与极地全球治理的能力。",极地全球治理;人类共同继承财产;极地法治;极地立法,G63,0,,法学三大刊论文/中国法学/中国参与极地全球治理的法治构建.pdf
80,中国反腐败立法的战略转型及其体系化构建,"刘艳红[1,2]",东南大学反腐败法治研究中心 东南大学法学院,2016,4,218,244,"中国正处于现代化转型以来腐败治理的重要转折点与战略机遇期,积极推进国家反腐败立法战略转型与体系化构建,实现反腐败立法由形式治理向实质治理功能的转化,是破解当下＂中国式＂腐败治理困局之关键。科学评估反腐败立法治理能力的状况,确立＂积极治理主义＂理念在国家腐败治理体系中的首要地位,创新由国家法与政党法＂二元＂规范体系与衔接机制,创立国家腐败治理基本法、分步推进体系完善,是推进中国反腐败立法战略转型的必然选择。明确立法原则,实施功能立法,公布立法清单,实施重点化构建、系统化推进、协同化衔接,形成以《反腐败法》为中心,重点预防性立法为支撑、控权性法律相配合的多层次、立体化、综合化的反腐立法体系,是中国反腐败立法之体系化构建的核心。",腐败治理;反腐败立法;体系化,D630.9,60,,法学三大刊论文/中国法学/中国反腐败立法的战略转型及其体系化构建.pdf
81,中国在南海的历史性权利,贾宇[1],国家海洋局海洋发展战略研究所,2015,3,179,203,历史性权利是国际法上的基本理论问题之一，产生于确定领海基线的国家实践之中。历史性权利的内涵主要包括历史性所有权、传统捕鱼权和历史性航行权。沿海国对历史性水域的历史性所有权是一种主权性质的权利，传统捕鱼权和历史性航行权是历史性权利的题中之义。对大陆架非生物资源一般不能主张和取得历史性权利。中国开发、管控南海的历史以及中国的实践表明：中国对南海诸岛享有领土主权，在南海断续线内海域享有历史性权利，主要包括对琼州海峡等历史性水域的历史性所有权、传统捕鱼权和历史性航行权。南海断续线代表了中国对南海诸岛的领土主权和在南海的历史性权利。,南海断续线;历史性水域;历史性权利;历史性所有权,D924.34,91,,法学三大刊论文/中国法学/中国在南海的历史性权利.pdf
82,中国基层法院财政制度实证研究,左卫民[1],四川大学法学院,2015,1,257,271,"在当下的司法改革中,省统管地方法院财政已成为重要方向。毫无疑义,充分、有效的财政支持是法院正常运作的物质基础。长期以来,受到国家财政能力和财政结构、中央对地方司法工作的认识和定位的影响,中国基层法院的财政收入在经费来源上呈现以同级财政负担为主的地方性色彩;在收入性质上,从社会主体直接汲取的诉讼费、罚没收入等预算外收入成为法院经费的组成部分;在财政保障水平上,曾长期呈现一种保基本、保运转的吃饭型状态;在财政保障体制上,地方党政机构对基层法院的经费预算和支出具有控制权。尽管这些长期存在的结构性特征有其必然性和现实合理性,但对司法公正高效、法制统一目标实现带来的弊端不可忽视。有鉴于此,当下正在进行的司法改革应当以实现法院财政的充分化、非外部化为基本目标,关照和解决这些实践问题。",基层法院;财政制度;实证研究;司法改革,D926.2,32,,法学三大刊论文/中国法学/中国基层法院财政制度实证研究.pdf
83,中国基本法文化的特征及其当代变迁,陈晓枫[1],武汉大学法学院,2015,1,117,133,"中西方社会在由血缘组织走向地缘组织的过程中,分别确立了共尊一权权威和共尊统一规则的不同秩序,由此奠定了中西基本法的始基。两者在后续发展中形成了迥异的权力来源观、法律层级观和权利保障观,这些文化基因决定了基本法能否走进近现代宪法。中国基本法文化在近代重构了西方宪法文化,由此形成民族化的、保留着一定非立宪主义趋向的中国宪法文化,进而决定、引导和型塑着中国宪法和法律的变迁。",中国基本法;一元权力文化;文化冲突;整合重构,D921,29,,法学三大刊论文/中国法学/中国基本法文化的特征及其当代变迁.pdf
84,中国大众平等观念评析,张永和,,2015,4,104,122,在对一份问卷中有关平等内容的分析后发现，虽然大众的平等观念已经有了很大进步，但中国大众平等观念样态却呈现出了别样的问题，暴露了大众在抽象平等观与现实平等观、法律上的平等观与道德上的平等观、公民的平等观与身份的平等观问题上的矛盾以及冲突。这些矛盾以及冲突不可避免。大众的平等观是多元的，特别是人格的平等观念很难达成一致。平等的观念是相互感染的，也可以通过教育形成一部分，但并不能完全一致。所以，过度矫大众平等观只会伤及社会．也会伤及平等本身。,平等观念;道德平等观;法律平等观;公民平等观;身份平等观,D081,14,,法学三大刊论文/中国法学/中国大众平等观念评析.pdf
85,"中国宪法上""社会主义市场经济""的规范结构",韩大元[1],中国人民大学法学院,2019,2,5,26,"实行社会主义市场经济体制是我国改革开放取得的重要成果,也是一场深刻的革命。在探索中国特色社会主义道路的伟大进程中,我们党不断总结经验,解放思想,提出并实践“市场经济与计划经济并不是社会主义与资本主义本质区别”的论断,结束了经济体制发展中长期存在的""姓资姓社”的争论。随着1993年“社会主义市场经济”入宪,社会主义市场经济的宪法基础更加明确,为完善社会主义基本经济制度提供了宪法依据。以社会主义市场经济入宪背景与过程的分析为基础,可以发现其规范结构与特点,以此为基础进一步完善社会主义市场经济体制。",社会主义市场经济;中国宪法;非公有制经济,D921,0,,法学三大刊论文/中国法学/中国宪法上“社会主义市场经济“的规范结构.pdf
86,中国宪法的环境观及其规范表达,张震,西南政法大学,2018,4,5,22,"环境问题倒逼环境治理。面对环境保护及生态文明建设,应细致地剖析在宪法现象的逻辑结构中处于核心地位的宪法规范之环境条款本身,并围绕环境规范以及入宪等背景知识提炼出特定的宪法环境观,进而以环境观来诠释环境规范,最终实践于围绕环境规范与环境保护及治理制度的宪法关系。作为核心概念的宪法环境观表达了宪法对国家、人与环境关系的最基本、最核心的看法。既包括结构环境观,也包括规范环境观。在当下,环境治理的概念可以很好契合特定的＂宪法环境现象的逻辑结构＂。既包括宪法对环境治理的内部规制,也包括外部规制。但环境治理的法治化必须打破部门法的藩篱,构建以宪法为核心跨部门法协同的法律机制,并探索新的研究范式。从制度实施的角度看,环境治理需要理论支撑,除了治理理论、国家权力理论,环境权也是应有之义。",中国宪法;环境观;环境权;环境治理,D921,0,,法学三大刊论文/中国法学/中国宪法的环境观及其规范表达.pdf
87,中国式影子银行的风险溯源与监管创新,郭雳,北京大学法学院,2018,3,206,227,"我国的＂影子银行＂实践并不具有脱媒性,而是代替银行成为投资者和融资者之间的信用中介;其风险形态因此也与传统银行近似,突出体现为金融机构层面上的期限错配。与美国不同,我国形成上述风险特征的制度性根源主要不在金融机构和金融市场的二元监管结构,而更多归因于长期以来的金融抑制策略、路径偏好及思维定式。就法律政策选择而言,一方面确有必要强化银行的信用中介专营权及相应规则,抑制监管套利、防范系统性风险;另一方面要考虑对现有监管制度进行盘整,使影子银行活动更加有效地与银行信贷业务形成互补,实现＂服务实体经济、防控金融风险、深化金融改革＂等三项任务。",影子银行;信用中介;脱媒性;期限错配;金融抑制;资产管理,F830.49,0,,法学三大刊论文/中国法学/中国式影子银行的风险溯源与监管创新.pdf
88,中国式现代化之党规回应,宋功德[1],中共中央办公厅法规局,2025,1,5,28,中国式现代化是中国共产党领导的社会主义现代化，必须坚持依规治党、强化党规之治，为党总揽全局、协调各方提供有力制度保障。党的二十届三中全会要求“完善党内法规，增强党内法规权威性和执行力”，这要通过深化党内法规制度建设改革来落实。新征程党规之治提质增效赋能，必须紧紧围绕推进中国式现代化这一时代主题，紧扣“聚焦提高党的领导水平和长期执政能力”这一改革目标任务，紧贴党内法规制度建设要与管党治党、执政治国实践发展同频共振这一良规善治需求。兴须强“治”、治须重“规”、规须高“能”、能须释“效”等四个问题环环相扣，勾勒出回应型党规之治的逻辑闭环，构成优化党规之治的路径选择。,中国式现代化;强治图兴;党内法规制度建设改革;依规治党,D262.6,,,法学三大刊论文/中国法学/中国式现代化之党规回应.pdf
89,中国式现代化背景下社会法体系的完善,"林嘉[1,2]",中国人民大学法学院,2025,1,49,69,中国式现代化对我国社会法体系的完善提出了更高的要求。我国社会法根植于中国特色社会主义建设的伟大实践，其体系演进历程与我国改革开放、人权保护、法治社会建设的步调一致，其价值目标充分体现了以人民为中心的发展理念，展现出鲜明的时代特征与中国特色。社会法体系主要包括劳动法、社会保障法、社会福利法、特殊群体权益保障法、卫生健康法、社会组织法、公益慈善法、公共安全法与社会治理法。在中国式现代化背景下，我国社会法体系的完善应当紧密围绕党中央的战略部署，着力完成建设社会主义现代化强国的各项关键任务，重点解决当前社会中显著、多发的社会问题，不断推动社会法体系向全面化、系统化、精细化迈进，为推进中国式现代化提供更为强有力的制度支撑与法治保障。,中国式现代化;保障和改善民生;社会法体系,D922.5,,,法学三大刊论文/中国法学/中国式现代化背景下社会法体系的完善.pdf
90,中国式现代化视域下民事诉权的反思与重塑,任重[1],清华大学法学院,2024,4,208,228,诉权是我国民事诉讼现代化的原点和主线。1982年《民事诉讼法（试行）》建立起扁平化的起诉条件，这不仅动摇了起诉权的权利属性，使民事诉权向私法诉权模式偏移，而且在结果上筑高起诉门槛，引发“起诉难”。2014年《中共中央关于全面推进依法治国若干重大问题的决定》为民事诉权的深刻变革提供了基本思路与科学方法，即将扁平化的起诉条件重塑为阶层化的诉权要件。起诉行为成立要件（第一层）和起诉权构成要件（第二层）实质简化了起诉条件，大幅降低起诉门槛，也为立案登记制改革的再深化提供了理论基础；判决请求权构成要件（第三层）和胜诉权构成要件（第四层）彰显出开庭审理对诉权保障的决定性作用。为有效应对案件数量激增和诉权滥用问题，还应建立健全配套机制，以实现民事诉权的中国式现代化。,民事诉权;中国式现代化;起诉权;胜诉权;立案登记制,D925.1,,,法学三大刊论文/中国法学/中国式现代化视域下民事诉权的反思与重塑.pdf
91,中国律例统编的传统与现代民法体系中的指导性案例,张生[1],中国社会科学院法学研究所,2020,3,29,48,"中国古代逐渐确立了律典简约化的理念与条例成文化的技术,并在此基础上实行律例统编,形成了""律为正文,例为附注""的兼具稳定性与灵活性的法律体系。中国近代在移植大陆法系国家民法制度的过程中,经过二十余年的探索建立了简约化的民法典与判例要旨共构的民法体系。中国古代与近代律例统编的经验教训,对我国当代建构稳定性与灵活性兼备的民法体系,完善指导性案例制度不无借鉴意义。为了更好发挥指导性案例的作用,在简约化民法典的体系下,我国民事指导性案例应当成文化,与民法典统编;同时创建指导性案例的整理与变更制度,完善""民法典为纲,指导性案例为目""的民法体系。",法典简约化;判例成文化;律例统编;民法体系;指导性案例,D92,0,,法学三大刊论文/中国法学/中国律例统编的传统与现代民法体系中的指导性案例.pdf
92,中国最高审判体制的刑民分立——传统与现代化,聂鑫[1],,2022,4,270,287,当代最高人民法院刑事审判部门与以民事为代表的其他审判部门呈现出明显分立。中国最高审判体制的刑民分立由来已久，从先秦发生刑民区分后，刑事审判与民事审判逐渐走向分流；“重情”案件与“细故”案件在审判程序上截然两分，死刑复核成为最高审判机关的核心职能。清末以来，近代中国移植了德日司法制度，最高审判机关的刑民审判体制走向合流；在清末“就地正法”制度与民国“惩治盗匪”特别立法下，死刑核准权先后部分“下放”给地方。1949年以来的最高人民法院的审判体制逐渐从“刑重民轻”走向“刑民并重”；在收回死刑复核权与改革民事再审制度后，刑民案件数量先后膨胀；最近启动的完善四级法院职能定位改革，可能会加剧最高审判机关的刑民分立。未来司法改革应考虑最高审判体制的刑民平衡，以及传统与现代的协调问题。,最高审判体制;刑民分流;刑民合流;死刑复核;传统与现代,D926.2,,,法学三大刊论文/中国法学/中国最高审判体制的刑民分立——传统与现代化.pdf
93,中国比较宪法学的重新定位与方法论重构,刘晗[1],,2022,2,64,81,"在强调法学本土化的背景下,比较宪法研究仍具有重要价值,但须进行重新定位和方法论迭代.研究定位方面,须适度改变以往的借鉴式研究,着重理解式研究,更新有关域外宪法的知识体系.方法论层面,应在功能主义路径上补足文化主义路径,将宪法制度放到不同文化语境中予以深描,不但求同,而且存异;在司法中心主义之上补足政体视角,关注宏观政制结构和决策机制;在专题研究中扩大国别案例范围,克服""留学国别主义""和""西方中心主义""倾向.由此,比较宪法学可以在深入比较中凸显中国宪法体系的独特性和普遍性,从而加强中国宪法学自主性建构,也可与国别和区域研究进行融合,增强比较研究在涉外法治斗争中的实务价值.",域外宪法;法律移植;比较宪法学;涉外法治,D921,,,法学三大刊论文/中国法学/中国比较宪法学的重新定位与方法论重构.pdf
94,中国民法典编纂：观念、愿景与思路,薛军,,2015,4,41,65,中国民法典编纂工作的进行取决于对法典观念的合理定位。大陆法系从罗马法以来，出现了两种不同的法典观念。中国民法典编纂应遵循汇编式、重述式的法典观念。中国的民事立法需要通过法典编纂来实现民事立法的科学化，补充制度缺漏。民法典编纂还有助于建构合理的中国民法的法源体系，清晰界定立法与司法之间的界限。民法典编纂对于体系的考虑，需要服务于实践的考虑，不宜为了追求体系建构而破坏已经形成的法律体制的基本框架。民法典编纂对于总则编的内容安排应当以服务于司法实务为主要考虑因素，注重提供具体规范。民法典编纂在思路上，应采取整体推进，一次性编纂完毕。,民法典;法律重述;民法总则;债法总则,D923,71,,法学三大刊论文/中国法学/中国民法典编纂：观念、愿景与思路.pdf
95,中国民法学的效率意识,"熊丙万[1,2]",中国人民大学民商事法律科学研究中心;中国人民大学未来法治研究院,2018,5,82,101,"对经济效率的追求是中国当代民法得以发生的主要动因。当代民法学从一开始就明确表达了浓厚的效率意识。然而,不少事例表明,经济效率观念常常被民法学说、道德观念、计划经济惯性思维或长官意志等因素所稀释、掩盖或替代,一直未能获得中国当代民法学的系统关注和精细表达,以至于在不少情形出现不经济的经济判断。新世纪民法学有必要树立更加明确、精细的效率意识,对民事法律规则的行为激励效应和社会经济效果开展更直接的讨论和更精细的评估,以降低社会交往成本,促进私人之间更深层次的合作与共赢。",中国民法学;私人自治;效率意识;公平观念;比例原则,F272.91,0,,法学三大刊论文/中国法学/中国民法学的效率意识.pdf
96,中国法史及法史学研究反思——兼论学术研究的规律,马小红[1],中国人民大学法学院,2015,2,220,233,"中国法史及法史学的研究自上世纪初形成以来,在法学界或为炙手可热的＂学科＂,或为可有可无的＂冷门＂。这种冷热两极现象的背后,反映的是对学术目标的多种误读。比如,盲目地主张＂创新＂,单纯地强调学术服务于＂时势＂,本末倒置地将＂学科＂完善视为学术的目的等等。正是这种学术目标的误读,导致中国法史研究长期纠缠于方法的争论而忽视基础问题的研究。纠正学术目标误读的方式在于充分认识并尊重学术研究的规律,对基础问题的研究应在＂传承＂中创新;培养学人的独立品格,逐渐改善人云亦云的学风;将学科视为学术研究的途径而不是目的,以促进而不是桎梏学术研究的发展。",法史研究;学术传承;学术规律,D913,53,,法学三大刊论文/中国法学/中国法史及法史学研究反思——兼论学术研究的规律.pdf
97,中国法域外适用法律体系:现状、问题与完善,廖诗评[1],北京师范大学法学院,2019,6,20,38,"近年来,美国频繁通过具有域外效力的国内法,采取国内法域外适用措施,使得国内法的域外效力和域外适用问题再次成为国际社会的焦点。国家采取不符合国际法的国内法域外适用措施,以及滥用国内法域外适用措施,都会构成对国际秩序和国际法治的冲击和破坏。赋予国内法域外效力并适度进行国内法域外适用,不仅能够保护本国公民和企业的利益,也能够为国际秩序和国际法的发展提供契机。但现行中国法域外适用法律体系的指导思想并不明确,重要领域的立法缺失并导致执法缺位,法律责任规定则过于模糊,基本无法实现上述目标。因此,在现有国际法规则框架下,完善中国法域外适用法律体系,适度进行国内法域外适用,既是深化国内法治改革的需要,也是履行大国责任和深度参与国际治理的需要。",域外适用;域外效力;域外管辖;连接点;法律体系,D92,0,,法学三大刊论文/中国法学/中国法域外适用法律体系_现状、问题与完善.pdf
98,中国法治主体性的文化向度,李拥军,吉林大学法学院,2018,5,21,40,"党中央在治国理政方面的战略安排与决策部署的科学性源于对中国与世界、现代与传统关系的正确把握,而十九大报告则生动地体现了对这些关系的把握。十九大报告对这些关系的把握体现在对＂弘扬中华传统文化＂和＂推进全面依法治国＂的强调上。中国要在未来发展中找回自我,就必须弘扬传统;中国要在未来发展中融入世界,就必须厉行法治。现代法治是＂人＂的法治,而人又是生活在文化传统中的,所以法治离不开传统。中华文化的个性注定了中国的法治必然有其独特性,当下中国必须重塑中国法治的主体性。传统中的＂天下＂观念、＂天人合一＂理念、＂中庸和合＂思想、性善论和强调教化以及亲伦传统、民本思想等构成了支撑中国法治主体性的要素。传统与现代法治对接的途径是传统文化的创造性转化和创新性发展,而人类的共同价值则是这种创造性转化、创新性发展的方向。",传统文化;依法治国;法治;主体性,D621,0,,法学三大刊论文/中国法学/中国法治主体性的文化向度.pdf
99,中国法院“案多人少”的实证评估与应对策略,程金华[1],,2022,6,238,261,“案多人少”以及由此造成的司法能力危机，是当今世界各国法院普遍面临的问题。基于统计和问卷调查数据的实证研究发现，当前中国法院系统“案多人少”问题日益突出。虽然中国法官的人均案件量低于日本和美国法官，但是中国法官普遍感到较大的工作负荷和压力，部分原因在于其同时承担比较繁重的审判与非审判工作任务。当前中国法院的“案多人少”虽还没有对司法效率造成明显的损害，但影响了法官的工作积极性和队伍的稳定性。为了避免问题趋于严重，应当从诉讼需求和司法供给两侧同时发力，合理布局程序调节、社会治理、法院增员和管理增效四种途径，展开全方位的系统改革。其中，改革重点是优化法院管理效能，尽力减免法官的非审判工作时间支出以提高司法生产率，并通过法院组织体系的改造来建构符合信息时代需求的现代化中国法院治理体系。,案多人少;司法能力危机;诉讼需求;司法供给;法院管理,D926.2,,,法学三大刊论文/中国法学/中国法院“案多人少”的实证评估与应对策略.pdf
100,中国特色刑法域外适用规则的问题与完善,蒋娜[1],,2022,6,219,237,近年来，西方个别国家频繁利用其刑法追诉外国公民或实体，使刑法的域外适用和效力问题成为焦点，也凸显出我国刑法域外效力规则不足、管辖范围过窄、责任模糊等问题。同时，我国已缔结或加入的国际条约之域外效力条款在本土刑法中转化滞后，远未满足国内日益增长的依托刑法调整对外关系之需，还导致刑法效力范围拓展受阻或域外执行缺位、错位等后果。对此，我国亟需立足国情“对症下药”，加快完善中国特色的刑法域外适用规则，在联合国文件框架下，基于国际法规则，适度扩张刑法的域外效力范围，以利于依法惩治域外侵犯我国国家利益和公民权益之犯罪，切实履行我国承诺的国际条约义务。,刑法域外适用;域外效力范围;域外犯罪;多重管辖;增设连接点,D924,,,法学三大刊论文/中国法学/中国特色刑法域外适用规则的问题与完善.pdf
101,中国特色反腐败制度框架下贿赂犯罪法益的确定,陈金林[1],,2024,3,184,203,当前，我国贿赂犯罪法益学说深受德国理论的影响，而后者是迎合德国贿赂犯罪立法和实用主义需求的产物。回顾19世纪至今的德国贿赂犯罪立法史可知，德国逐渐抛弃了精细立法的传统，不再区分诸多影响不法内容与损益关系的细节，立法日趋道德化、形式化、口袋化，与刑事法治的要求相悖。以此为基础的贿赂犯罪法益学说，不具有法益应有的品格。我国的反腐败制度具有恤民、深究最终损益关系的传统，源自德国的法益学说与我国的反腐败制度并不兼容，难以合理说明立法的诸多处罚限制。根据贿赂触及的现实利益及损益关系，可将贿赂区分为以下三类：第三人利益侵犯型贿赂，即通过职务行为为行贿人谋取不正当利益的贿赂，其法益内容是职务行为直接损害的第三人利益；敲诈勒索型贿赂，即利用职权对相对人正当利益的制约索取或收受财物，其法益是“行贿人”的财产和意志活动自由，这种情形下的“行贿人”系被害人；纪律违反型贿赂，即与职务行为不具有充分关联的贿赂，这种贿赂只影响不具有法益品格的廉洁性，应以纪律处分等刑法之外的方式回应。,贿赂犯罪;法益;敲诈勒索;谋取不正当利益;紧急避险,D924.392,,,法学三大刊论文/中国法学/中国特色反腐败制度框架下贿赂犯罪法益的确定.pdf
102,中国特色社会主义法治体系的理论基础、指导思想和基本构成,李龙,武汉大学法学院,2015,5,14,28,党的十八届四中全会在理论上的重大贡献之一，就是科学提出与阐明依法治国的总目标——中国特色社会主义法治体系。作者认为，其首要问题就是要明确其理论基础与指导思想。理论基础是以唯物史观为理论武器的马克思主义法学；指导思想是马克思主义法学中国化、时代化、大众化的里程碑式成果。在当前和今后一段时期，主要是学习和运用习近平关于依法治国的科学论述。,中国特色社会主义法治体系;马克思主义法学;习近平关于依法治国的论述,D616,18,,法学三大刊论文/中国法学/中国特色社会主义法治体系的理论基础、指导思想和基本构成.pdf
103,中国特色社会主义法治道路的时代进程,公丕祥,南京师范大学法学院,2015,5,29,52,1949年中国人民大革命的胜利开启了旨在创设新型国家与法律制度的当代中国第一次法律革命，为中国特色社会主义法治道路之形成奠定了基础。以中共十一届三中全会为标志，当代中国法治发展进入第二次法律革命的新时代，形成了中国特色社会主义法治道路。经过30多年广泛而深刻的社会与法治变革，其间中共十五大提出依法治国基本方略，2011年初宣告中国特色社会主义法律体系如期形成等标志意义的重大法治事件，充分展示了中国特色社会主义法治道路的蓬勃生机和活力。以中共十八大和十八届三中全会、四中全会为标志，中国特色社会主义法治道路进入了新的历史阶段。把全面依法治国放在“四个全面”战略布局中来把握，精心谋划全面推进依法治国的顶层设计方案，坚定不移推进法治领域改革，成为当代中国法治发展进入新的历史阶段的显著特征。,法治发展;中国道路;社会主义法治;依法治国,D92,77,,法学三大刊论文/中国法学/中国特色社会主义法治道路的时代进程.pdf
104,中国环境司法的能动协同现象与形成发展逻辑,"张忠民[1,2]",,2023,5,149,170,中国环境司法守正创新，须归纳其表层现象、挖掘深层逻辑。作为中国环境法治异常活跃的板块，中国环境司法显现出审前有限能动、审理适度能动和审后积极能动的能动现象；同时它镶嵌在具有中国特色的政法体制中，又呈现出政治引领、行政观照和法院主导的程度各异的协同现象。两大样态共同存在于环境司法专门化体系之中。中国环境司法能动协同现象形成于中国特色的党政逻辑，发展于中国社会的改革逻辑。其中，党政逻辑包括党对政法工作绝对领导的理论逻辑、政法体制执行党的意志的历史逻辑和环境司法体现党政体制创新的实践逻辑；改革逻辑包括增进公益福祉要求环境司法能动协同的社会逻辑、优化制度安排支撑环境司法能动协同的制度逻辑以及促生软硬合力增进环境司法能动协同的文化逻辑。,环境司法;政法协同;司法能动主义;党政逻辑;改革逻辑,D922.68,,,法学三大刊论文/中国法学/中国环境司法的能动协同现象与形成发展逻辑.pdf
105,中国知识产权制度现代化的实践与发展,吴汉东[1],,2022,5,24,43,中国知识产权制度现代化建设，存在着“非均衡性发展”“跨越式转型”“超大型崛起”的问题导向。围绕着什么是本土现代化的知识产权制度、知识产权制度现代化发展与国家现代化建设有什么关系、如何实现知识产权制度现代化的价值目标等重大问题，习近平法治思想和新发展理念提供了重要的理论基石和实践导向。改革开放以来，中国知识产权制度实践展现了“中国式现代化”的法治经验和发展理念：坚持知识产权制度创新与知识创新；塑造知识产权治理主体与创新主体；构建知识产权法律规范和公共政策；推行知识产权法治机制和发展机制。以制度创新推动知识创新、以法治建设保障创新发展，走出了一条中国特色知识产权事业发展之路。在全面建设社会主义现代化国家、实现中华民族伟大复兴的新征程，我们应深刻把握知识产权制度现代化的新目标新任务新要求：建设知识产权强国（目标向度），完善知识产权制度体系（现代法度），深度参与知识产权全球治理（世界维度），不断拓展知识产权现代化治理和现代化发展的中国道路。,知识产权;制度现代化;思想遵循;中国道路,D923.4,,,法学三大刊论文/中国法学/中国知识产权制度现代化的实践与发展.pdf
106,中国语境下的“宪法实施”：一项概念史的考察,翟国强,中国社会科学院法学研究所,2016,2,105,120,"＂宪法实施＂是一个具有中国特色的宪法学基本范畴。从概念的源流与演变来看,民国时期的宪法学说和苏联国家法学说是两个重要的理论渊源。回顾近代以来的宪法学说史,＂宪法实施＂概念整体上体现了一种变法思维,即通过实施宪法来建立新的法律和政治秩序。受此观念影响,宪法实施也是一个具有高度政治性的概念,宪法实施更多的是依靠政治化的方式。即,通过政治动员提高民众的宪法观念,进而实施宪法。这种＂宪法实施＂概念不仅可以追溯到民国时期的宪法理论,同时与社会主义新宪法秩序的建构也有暗合之处。",宪法实施;变法思维;政治化,D921,63,,法学三大刊论文/中国法学/中国语境下的“宪法实施”：一项概念史的考察.pdf
107,中国语境下的“检察权”概念考察,王海军[1],,2022,6,262,281,“检察权”是我国《宪法》上一项由检察机关独立行使的国家权力。从概念流变来看，清末变法构建了现代“检察权”概念中的职权维度，在民国时期不断扩展。在新中国成立前的人民检察制度建设中，“检察权”概念术语首现，并与苏联检察立法一并影响了新中国成立初期的检察立法，其内涵为具有法律监督属性的检察职权。1954年《宪法》将“检察权”概念宪法化后，拓展出了国家权力的意涵，确定了行使职权的独立性，并延续了法律监督属性。改革开放后，1982年《宪法》明确“检察权”为独立行使且具有法律监督属性的国家权力，在刑事检察方面行使职权。在现今中国立法中，“检察权”为独立行使、蕴含极强的法律监督属性、包含多项职权的国家权力，发挥对中国特色社会主义法治建设的保障功能。,检察制度;检察权;法律监督;概念史,D926.3,,,法学三大刊论文/中国法学/中国语境下的“检察权”概念考察.pdf
108,主任检察官制度研究,"最高人民检察院2013年重点课题组[1,2]",最高人民检察院2013年重点课题组,2015,1,67,83,"主任检察官制度,是指主任检察官与多名检察官组成的办案组在检察长及检委会领导下,对授权范围内的案件依法独立行使决定权并承担相应办案责任的制度。它是为了弥补当前检察活动和检察制度中的诸多不足与缺陷而开展的一项改革试点工作。经过近几年的探索,打破了原有的行政审批办案模式,建立了全新的办案组织和工作机制。该项制度的推行,需要实现检察管理的扁平化、集约化和专业化,需要从法律上形成主任检察官资格准入、管理监督、考核评价及执业保障机制。",主任检察官制;“闵检模式”;制度构建;路径完善,D926.3,3,,法学三大刊论文/中国法学/主任检察官制度研究.pdf
109,主权原则在中国宪法中的展开,王理万[1],,2023,6,142,161,主权概念用于描述政治共同体的内部关系时，强调主权的最高性；用于调整政治共同体之间关系时，推崇主权的独立性。这种内外双重面向在近代发展为人民主权和国家主权，二者同源同质并统一于宪法。宪法既是保障人民主权的根本法，也是捍卫国家主权的最高法，联结起主权的双重面向。主权原则深嵌于中国宪法制定和实施的全过程。《共同纲领》涵盖领土、政治、经济和文化等多层面的主权内涵，使主权原则成为新中国的立国原则。“五四宪法”以过渡时期总任务为体，以人民主权和国家主权为两翼，使得主权原则在宪法文本中得到系统展开与有效落实。现行宪法丰富和发展了主权原则，拓宽了主权的内容和形式，廓清了人民和国家概念的内涵。主权原则指明了建设“强大的人民民主国家”的宪法目标，要求积极发展全过程人民民主，坚定不移贯彻总体国家安全观。,人民主权;国家主权;全过程人民民主;总体国家安全观,D921,,,法学三大刊论文/中国法学/主权原则在中国宪法中的展开.pdf
110,主渠道目标导向下行政复议与行政诉讼衔接关系研究,曹鎏[1],中国政法大学法治政府研究院,2025,1,228,244,行政复议作为化解行政争议的主渠道目标定位的法定化是新修订的《行政复议法》的一大亮点。主渠道目标意味着行政复议具有行政司法的属性，行政复议之化解争议、行政监督与行政救济的多元功能由此得以重塑。主渠道目标涉及行政争议化解格局调整，对行政复议与行政诉讼衔接关系提出了新的要求。行政复议与行政诉讼在差异化定位基础上的协同共进，以及行政诉讼对行政复议监督模式的回应性发展，应成为主渠道目标导向下两者实现衔接耦合的基本路径。基于行政解纷的整体主义系统观，行政复议与行政诉讼应分工科学、互补互洽、相互配合制约，以彰显中国特色行政争议化解法治体系的独特优势和强大生命力。,主渠道目标;行政复议;行政诉讼;衔接耦合;监督模式,D925.3,,,法学三大刊论文/中国法学/主渠道目标导向下行政复议与行政诉讼衔接关系研究.pdf
111,习近平互联网法治思想研究,周汉华,中国社会科学院法学研究所,2017,3,5,21,"习近平针对网络时代突出问题,高度重视互联网法治建设,强调在认识和把握互联网发展规律的基础上,推动各项工作创新,全面推进网络空间法治化,维护网络安全和国家根本利益。习近平互联网法治思想既突出互联网法治建设的重点和主要任务,又强调互联网法治建设的全面性和系统性。互联网法治建设关键有两点,一是要求全面规划,重点推进,二是要求互联网法治建设实现全覆盖,各方都要遵守法律。",习近平互联网法治思想;网络空间法治化;互联网法,D909.2,9,,法学三大刊论文/中国法学/习近平互联网法治思想研究.pdf
112,习近平全球治理与国际法治思想研究,黄进,中国政法大学,2017,5,5,22,习近平全球治理与国际法治思想，是习近平治国理政思想的重要组成部分，是世界各国共同应对全球性挑战与国际性问题的有力思想工具，也是中国参与国际秩序与国际体系创新发展的先进理论指导。其中，构建人类命运共同体、走和平发展道路、构建以合作共赢为核心的新型国际关系、维护以联合国宪章宗旨和原则为核心的国际秩序和国际体系、推动国际秩序与全球治理体系朝着更加公正合理的方向发展、加强国际法治工作等深刻思想的有机结合、辩证统一，共同构成习近平全球治理与国际法治思想的丰富内容。在中国的国际影响力与日俱增、中国走上世界舞台中心的当下，学习领会并贯彻落实这些思想，具有重大的理论价值和现实意义。,全球治理 国际法治 人类命运共同体,D80,0,,法学三大刊论文/中国法学/习近平全球治理与国际法治思想研究.pdf
113,习近平总书记全面依法治国新理念新思想新战略:发展脉络、核心要义和时代意义,付子堂[1],西南政法大学,2019,6,105,117,"党的十八大以来,以习近平总书记为核心的党中央在治国理政的历程中,高屋建瓴、总揽全局,对法治问题进行了一系列战略性思考和历史性探索,形成了习近平总书记全面依法治国新理念新思想新战略。其丰富的科学内涵集中体现为""十个坚持"",而党的领导、法治体系和信仰法治三个关键词贯穿始终。习近平总书记全面依法治国新理念新思想新战略作为新时代中国特色社会主义思想的重要组成部分,是全面依法治国的指导思想和根本遵循,是新时代法治中国建设实践的思想旗帜和行动纲领,是对马克思主义法治思想的全面继承和创新发展,是对世界法治文明进步作出的中国原创性理论贡献。在全面建成小康社会之际,站在新时代新起点,系统阐释、认真研究习近平总书记全面依法治国新理念新思想新战略这一重要科学命题和重大理论范畴,深入学习和深刻把握其发展脉络、核心要义和时代意义,必将为新时代中国特色社会主义现代化法治强国建设、为坚定制度自信,提供更加坚强有力、更加科学系统的理论支撑,助推""中国之治""进入新境界。",全面依法治国新理念新思想新战略;党的领导;法治体系;信仰法治;“中国之治”;马克思主义法治思想,D92,0,,法学三大刊论文/中国法学/习近平总书记全面依法治国新理念新思想新战略_发展脉络、核心要义和时代意义.pdf
114,习近平文物事业法治思想研究,张舜玺,中国社会科学院法学研究所,2017,4,5,22,"法治是人类文明的重要成果之一,文物事业的健康发展离不开法治的引领和保障。习近平高度重视文物事业发展,对文物事业法治化的重大意义、基本规律、重要抓手进行了深入思考,做出了一系列重要讲话和批示,形成了具有时代特色和历史担当的文物事业法治思想,丰富了中国特色社会主义法治理论,为依法科学开展文物工作和处理涉文物问题提供了理论指南。",习近平文物事业法治思想;文物事业权利体系;文物事业法治化,D909.2,22,,法学三大刊论文/中国法学/习近平文物事业法治思想研究.pdf
115,习近平法治思想中的构建新型诉讼格局理论,程琥[1],,2022,5,5,23,构建新型诉讼格局理论是习近平法治思想的原创性成果和开创性贡献，是新时代为解决影响司法公正和制约司法能力的深层次问题而进行的重要司法体制和机制创新，目的在于构建普通案件在行政区划法院审理、特殊案件在跨行政区划法院审理的诉讼格局。地方各级人民法院是行政区划法院，重在审理辖区内占绝大多数、不易受到地方保护和行政干预影响的普通案件，推动矛盾纠纷就地公正解决。跨行政区划法院是综合性专门法院，是对传统专门法院的坚持与发展，重在审理占少数、容易受到地方保护和行政干预影响的特殊案件，推动特殊案件跨行政区划集中管辖和公正审判，有效防止诉讼“主客场”现象，维护社会公平正义。跨行政区划法院按省域内和跨省域两级设置。设置跨行政区划法院离不开司法资源投入保障，应当建立与跨行政区划法院职能定位相适应的综合配套司法保障体系。,习近平法治思想;新型诉讼格局;行政区划法院;跨行政区划法院;专门法院,D920.0,,,法学三大刊论文/中国法学/习近平法治思想中的构建新型诉讼格局理论.pdf
116,习近平法治思想中的社会公平正义理论研究,胡玉鸿[1],,2024,1,5,24,公平正义观经历了由个人应得向社会公平理念的转变。习近平法治思想中的社会公平正义理论则是统合个人与社会、超越个人应得与社会公平的复合正义观，是面向全体社会成员的共享正义；它以个人奋斗、经济社会发展为基础、以共同富裕为根本目标，代表着社会主义制度的终极价值追求。习近平法治思想中的社会公平正义理论，突破了以往单纯的利益和资源分配的公平、公正，将触角延伸到社会生活的方方面面，并内嵌于法律制度的实践之中。在推进法治中国建设过程中，立法应以社会公平正义为旨归，保障社会成员拥有同等的权能和资格，并注重对弱者的倾斜保护；执法须以公平正义为准绳，在行政行为中公平、公正地对待全体社会成员；司法公正是维护社会公平正义的最后一道关口，要让人民群众在每一个案件中都能感受到公平正义。,习近平法治思想;社会公平正义;法治中国建设,D920.0,,,法学三大刊论文/中国法学/习近平法治思想中的社会公平正义理论研究.pdf
117,习近平法治思想关于“坚持抓住领导干部这个‘关键少数’”的若干原创性贡献,陈训秋[1],,2022,4,11,25,领导干部具体行使党的执政权和国家立法权、行政权、监察权、司法权，是全面依法治国的重要组织者、推动者、实践者，是全面依法治国的关键。习近平法治思想围绕“坚持抓住领导干部这个‘关键少数’”，提出了一系列具有原创性、时代性的概念、判断、范畴、理论，为发展马克思主义法治理论作出了重大原创性贡献，为更好发挥领导干部在法治建设中的“关键少数”作用明确了政治要求、确立了行为准则。本文在深入学习和认真梳理习近平总书记重要讲话基础上，从领导干部是全面依法治国的关键、领导干部要做尊法学法守法用法的模范、用制度保证领导干部发挥“关键少数”作用三个方面，对习近平法治思想关于“坚持抓住领导干部这个‘关键少数’”的原创性贡献进行了阐释。,习近平法治思想;原创性贡献;领导干部;关键少数,D920.0,,,法学三大刊论文/中国法学/习近平法治思想关于“坚持抓住领导干部这个‘关键少数’”的若干原创性贡献.pdf
118,习近平法治思想是马克思主义法治理论中国化的新发展新飞跃,"王晨[1,2,3]",中共中央政治局,2021,2,5,19,"习近平法治思想是在全面依法治国的伟大实践中创立的,是马克思主义法治理论中国化的新发展新飞跃.本文坚持政理、法理和学理相结合,从四个方面对这一命题进行了阐释,即习近平法治思想是内涵丰富、系统完备的科学理论体系;习近平法治思想是马克思主义法治理论中国化的最新成果;习近平法治思想是习近平新时代中国特色社会主义思想的重要组成部分;习近平法治思想是全面依法治国的根本遵循和行动指南.",习近平新时代中国特色社会主义思想;习近平法治思想;中国化;全面依法治国,D920.0,0,,法学三大刊论文/中国法学/习近平法治思想是马克思主义法治理论中国化的新发展新飞跃.pdf
119,习近平法治思想的司法理论,游劝荣[1],,2023,4,5,25,司法理论是习近平法治思想的重要组成部分，是我国司法建设、司法改革、司法工作的根本遵循。习近平法治思想的司法理论博大精深，其核心要义和实践要求可概括为“八个明确提出”，即明确提出坚持党对司法工作的绝对领导；明确提出坚持以人民为中心的司法理念；明确提出加快建设公正高效权威的社会主义司法制度；明确提出司法权是对案件事实和法律的判断权和裁决权，是中央事权；明确提出以司法责任制为牛鼻子，全面推进司法体制改革；明确提出加强对司法权的制约监督；明确提出建设德才兼备的高素质司法队伍；明确提出奋力推进政法工作现代化。,习近平法治思想;司法理论;司法改革;司法工作现代化,D926,,,法学三大刊论文/中国法学/习近平法治思想的司法理论.pdf
120,习近平法治思想的法治文明论,郭晔[1],北京师范大学法学院,2024,6,5,23,法治文明是人类在生产生活和社会治理实践中，基于政治文明、社会文明、精神文明而形成的特殊文明形态。习近平法治思想以历史为镜、以文明为观，从政治文明、社会文明、精神文明等维度证成了法治文明概念，它考察了世界法治文明和中华法治文明的发展道路，提出了在现代化、全球化、数字化背景下创新法治文明的路径方法，形成了广博渊综、自成体系、意境深远的法治文明论。这一理论是习近平法治思想和习近平文化思想共同的、交互的理论成果，包含着法治文明概念论、世界法治文明论、中华法治文明论、法治文明创新论四个理论板块。,习近平法治思想;习近平文化思想;法治文明;中国式现代化;中华传统法律文化,D920.0,,,法学三大刊论文/中国法学/习近平法治思想的法治文明论.pdf
121,习近平法治思想的生态文明法治理论,吕忠梅,清华大学法学院,2021,1,48,64,"习近平法治思想的生态文明法治理论是马克思主义法治理论结合中国国情在推进生态文明建设过程中的理论创新,是植根于中华传统文化、从中国法律传统中汲取智慧和力量的理论创造,是借鉴世界文明发展和国际可持续发展研究的新成果、并在中国生态文明建设实践中实现扩展与升级的理论贡献.生态文明法治理论以""生命共同体""为核心,创新生态文明法治建设价值论;以""整体观""为要旨,创新生态文明建设法治方法论;以""协同推进""为目标,创新生态文明建设法学理论.生态文明法治理论的实现路径包括完善生态文明法律规范体系、完善生态文明法治实施体系、严密生态文明法治监督体系、健全生态文明法治保障体系.",习近平法治思想;生态文明;生态法治;生态治理,D920.0,0,,法学三大刊论文/中国法学/习近平法治思想的生态文明法治理论.pdf
122,习近平法治思想要义的法理解读,卓泽渊,中共中央党校(国家行政学院),2021,1,15,28,"习近平法治思想是一个内涵丰富、逻辑严谨、系统完备的科学思想体系,其核心要义就是习近平总书记在中央全面依法治国工作会议上提出的""十一个坚持"":坚持党对全面依法治国的领导;坚持以人民为中心;坚持中国特色社会主义法治道路;坚持依宪治国、依宪执政;坚持在法治轨道上推进国家治理体系和治理能力现代化;坚持建设中国特色社会主义法治体系;坚持依法治国、依法执政、依法行政共同推进,法治国家、法治政府、法治社会一体建设;坚持全面推进科学立法、严格执法、公正司法、全民守法;坚持统筹推进国内法治和涉外法治;坚持建设德才兼备的高素质法治工作队伍;坚持抓住领导干部这个""关键少数"".","习近平法治思想;""十一个坚持"";全面依法治国;法治道路;法治体系",D920.0,0,,法学三大刊论文/中国法学/习近平法治思想要义的法理解读.pdf
123,争议专属经济区内适度性执法研究,熊勇先,海南大学法学院,2016,5,92,109,"争议专属经济区因国家间权利主张冲突而产生,维权行政执法具有强化行政管辖权、维护海洋权益等积极意义,但为了履行国际义务、适应海洋战略以及服务周边外交政策,在考量违法行为主体、性质与程度等因素的基础上,我国海上执法主体应在争议专属经济区内对执法方式和强度进行自我克制和约束以开展适度性执法。而适度性执法需要遵循比例、平等以及对等原则,并从限定主体、选择方式、降低强度以及避免武力使用等方面加以实施。我国在争议专属经济区内的维权行政执法实践体现了适度性,但应继续推进适度性执法,并开展与其他当事国间的海上行政执法合作。",争议专属经济区;维权行政执法;适度性执法;执法合作,D993.5,35,,法学三大刊论文/中国法学/争议专属经济区内适度性执法研究.pdf
124,事实因果与刑法中的结果归责,劳东燕[1],清华大学法学院,2015,2,131,159,"刑法的结果归责中,＂归因—归责＂二分说框架对归因的简单定位,扭曲了归因与归责之间的关系。由归因层面存在论基础的差异入手,有必要从支配与义务两大维度去把握刑法中的结果归责类型。除主流理论认可的造成型因果、引起型因果与义务型因果的类型外,由疫学因果与风险升高代表的概率提升型因果,应视为新的归责类型。应当引入类型思维,借助支配力、支配可能性与归责的有效性的参数,对结果归责的类型展开考察。区分不同的结果归责类型在规范层面有重要意义,对实务中疑难案件的处理也有助益。事实因果的判断中,有必要引入NESS（即充分原因中的必要要素）标准与概率提升标准,以弥补条件公式之不足。",因果关系;结果归责;客观归责;风险升高;疫学因果,D913,84,,法学三大刊论文/中国法学/事实因果与刑法中的结果归责.pdf
125,事实认定“难题”与法官独立审判责任落实,侣化强,重庆大学法学院,2015,6,282,300,受基督教“血罪”观念影响，中世纪及近代普通法法院的英国法官与欧洲大陆的刑事法官一样，往往为了避免地狱之灾而遵循“规则依赖”的行为逻辑，“依证据裁判”而不是“依良心或确信的真相裁判”。当下中国的法官，在遇有压力和涉及到职业风险的案件中，也往往遵循“规则依赖”、“机构依赖”和“制度依赖”的行为逻辑进行裁判，这不仅造成人为的错案，还导致审委会制度、上诉制度扭曲。十八大以来实施的司法改革措施，有助于克服和消解法官的“依赖惰性”。但是，三大诉讼中大量的证明力规则和最高人民法院近期制定的《关于完善人民法院司法责任制的若干意见》的两个条款，不仅构成了“谁裁判谁负责”的制度性障碍，还可能让法官重回“规则依赖”的旧途。因此，废止或改造证明力规则、修改司法责任制中的相关条款就成为当务之急。,证据裁判主义;自由心证;司法责任证明力规则,D926.2,66,,法学三大刊论文/中国法学/事实认定“难题”与法官独立审判责任落实.pdf
126,二审上诉问题重述:以认罪认罚案件为例,郭烁[1],北京交通大学法学院,2020,3,244,260,"认罪认罚从宽制度实践中,有公诉机关以""抗诉加刑""应对被告人""反悔上诉"",此种变相剥夺被告人上诉权的做法于法无据,且有违""上诉不加刑""等基本原理。""应否限制认罪认罚被告人上诉权""的问题,需要在考量我国上诉审运作逻辑和认罪认罚从宽制度的实施状况基础上得出结论。结合上诉权理论以及若干比较法经验,应明确认罪协商之基石在于""对抗基础上的合意"",需有一系列制度安排予以保障;而认真观察我国认罪认罚从宽制度的立法渊源及司法实践,不难发现该制度运行充斥着职权主义,甚至强职权主义色彩。在完全实现审前正当程序保障、一审庭审实质化之前,我国二审程序功能的发挥,将仍遵循""职权主义自我修正""的逻辑主线--全面保障被追诉人的上诉权是题中之义。",认罪认罚从宽;上诉权;二审程序;职权主义;对抗制,D92,0,,法学三大刊论文/中国法学/二审上诉问题重述_以认罪认罚案件为例.pdf
127,互构关系中社区矫正对象与性质定位研究,郑丽萍[1],北京航空航天大学法学院,2020,1,149,165,"社区矫正对象和性质是社区矫正制度中的两个基础问题。当今学界有关这两个基础问题的争议呈现的几近陷入僵局和死结状态,是因为他们或者仅在各自范畴内进行独立地研究,或者没有厘清研究的逻辑顺序造成的。社区矫正对象和性质具有互构关系,应从对象入手进行整体的系统研究。当今社区矫正在对象上面临的主要问题是所依附的法律相关规定不尽合理,对象仅限制在四类罪犯上,对于从理论和现实角度出发可以纳入矫正对象的剥夺政治权利罪犯及附条件不起诉人未予规定。因此,应以发展的眼光和从刑事一体化的角度出发,将社区矫正性质定位为更具有开放性的非监禁性的刑事处遇方法。",社区矫正对象;社区矫正性质;互构关系;非监禁性,D92,0,,法学三大刊论文/中国法学/互构关系中社区矫正对象与性质定位研究.pdf
128,互联网司法的正义体系,王福华[1],,2024,1,124,144,互联网司法的正义性是司法现代化的一个重要方面。互联网法院、在线诉讼与人工智能司法构成当代互联网司法的基本面貌，互联网司法的多样化样态带来了差异性正义诉求，以及进行合理融贯性论证的要求。首先，互联网司法改变的是司法公共服务资源供给方式，其分配既要在工具角色上贯彻需求原则与比例原则，提升互联网司法的效率与便利度，又要在功能角色上贯彻平等原则与贡献原则，实现新型司法资源的分配正义，并借助互联网法院的行政司法职能实现互联网治理。其次，以互联网技术为主导的在线诉讼改变了司法场所，相应地改变了当事人程序参与和程序控制的方式，在线诉讼一方面需要遵循传统程序正义的规范标准，另一方面尚需借助主观程序正义所蕴含的社会评价机制，以增进社会对诉讼程序与结果的信任。最后，人工智能司法中算法和区块链的司法运用使特定事项的自动化判断成为可能，在复制人类法官“外观”辅助或替代司法判断的同时，应设置纠偏系统和事后审查机制，以确保判断的准确、透明和公平。,互联网司法;在线诉讼;人工智能司法;数字正义,D926,,,法学三大刊论文/中国法学/互联网司法的正义体系.pdf
129,互联网法院的时代创新与中国贡献,景汉朝[1],,2022,4,49,73,互联网法院是我国原创性概念，是世界司法史上信息化背景下具有时代意义的创举，是人类法治文明的最新组成部分。它开辟了司法的新境界，在司法制度、司法原则、诉讼程序、法庭形态、审理模式、裁判规则等方面，有一系列适应互联网时代特点的重大创新，不能简单以具有工业文明特征、物理空间特点的传统司法理论为窠臼评判是与非。应当将“双线诉讼”模式与“单线诉讼”模式相区别，秉持“调适论”理念，使互联网法院的“双线诉讼”模式符合直接审理、亲历性、言词辩论等原则的内在实质要求和互联网纠纷审判规律。建议系统推进互联网法院“三步走”发展战略，进一步完善制度设计：总结改革经验，把握其基本规律；依法授权试点，确保改革于法有据；健全体制体系，实现互联网法院高质量发展，为世界贡献未来司法模式的中国智慧、中国方案。,互联网法院;“双线诉讼”;司法理论;“调适论”;中国贡献,D926.2,,,法学三大刊论文/中国法学/互联网法院的时代创新与中国贡献.pdf
130,互联网金融风险规制路径,"杨东[1,2]",中国人民大学法学院,2015,3,80,97,互联网金融对金融风险结构的创新，在缔造以金融消费者为中心的竞争型融资市场的同时，也让金融消费者在金融风险分散与利用中首当其冲。符合市场理性、回归金融本质的交易结构变革，引发了实现金融消费者风险吸收能力与金融资产风险匹配的金融风险规制路径。金融消费者保护对我国互联网金融之风险暴露、风险分散和鼓励竞争的新型风险规制范式的作用机制，亦折射并检验了依循法律规则的金融消费者风险吸收能力是否合乎投融资便利和公正价格形成的理性，这也成为互联网金融消费者保护之风险规制进路的逻辑中枢，并有利于实现形成公正价格的金融法目标。,互联网金融;金融消费者;金融风险,D813,43,,法学三大刊论文/中国法学/互联网金融风险规制路径.pdf
131,交易性贬值损失之赔偿,张红,武汉大学法学院,2021,1,105,123,"交易可优化资源分配,更好发挥物之价值,法律对物之交易价值应予保护.房屋、机动车及其他财物受损均可能产生交易性贬值损失,但我国法律未规定明确的赔偿规则,判例学说亦存在分歧.交易性贬值损失系交易价值之降低,属直接损失、附随经济损失,符合可预见规则.在违约责任与侵权责任中,交易性贬值损失如满足各自的构成要件即可赔偿,不应增设额外的赔偿条件.交易性贬值损失之计算,应在正确理解适用《民法典》第1184条及法发〔2009〕40号第10条基础上,选择合理的评估方法.计算时点应视受害人是否将受损财物转卖及选择的评估方法而定,不应局限于某一固定的计算时点.修理过程中的以新换旧导致受害人额外获利可能引发损益相抵问题.损益相抵规则之适用,应肯认贬值损失与以新换旧之获益间具有相当因果关系,并综合考虑财物受损情况、受损部分等因素.",交易性贬值损失;可赔性;损失计算;以新换旧;损益相抵,D923,0,,法学三大刊论文/中国法学/交易性贬值损失之赔偿.pdf
132,人口老龄化背景下监护人承担侵权责任的体系解释,李国强[1],大连海事大学法学院,2024,6,67,85,在人口老龄化背景下，监护制度的创新性变革具有体系效应，虽然《民法典》中关于监护人承担侵权责任的规范未作实质性改进，但其体系解释逻辑必须重新梳理。在《民法典》总则编放弃广义民事行为能力的表述后，解释论需要通过民事行为能力的条件关联到民事责任能力来解决责任主体问题，进而确定监护人履行监护职责过程中承担法定监督义务的情形，明确监护人承担侵权责任应统一适用过错责任归责原则。在教唆、帮助侵权的场合，监护人依过错承担相应责任，并与教唆人、帮助人承担部分连带责任。在委托监护的场合，受托人未履行监护职责仅对委托人（监护人）承担违约责任，只有存在履行约定义务之外的过错行为导致被监护人的损害时，才与监护人依据各自过错承担按份责任。基于体系的动态性考量，被监护人“有财产”作为规范要素是对监护人承担侵权责任构成要件简单类型化缺陷的补正，在救济被侵权人和保护监护关系之间进行平衡。,成年监护;民事行为能力;民事责任能力;法定监督义务,D923,,,法学三大刊论文/中国法学/人口老龄化背景下监护人承担侵权责任的体系解释.pdf
133,人工智能歧视的法律治理,李成[1],四川大学法学院,2021,2,127,147,"人工智能在我国的大规模部署带来了歧视数字化的法律风险.个体层面由内隐偏见驱动的无意识歧视和社会层面由结构性不平等驱动的系统性歧视,或影响人工智能的开发设计,或干预数据生成、采集和利用,在问题建构、数据理解、特征选择等环节将偏见和结构性不平等嵌入人工智能,诱导其输出歧视性结果.面对数字时代更加隐蔽且广泛的歧视,我国基于责任规则、信息约束和平权行动构建的既有禁止歧视法律体系陷入归责不能、约束失效等困境.治理人工智能的歧视需要实现反歧视法律数字化转型,以算法解释化解信息单向透明趋势,以算法审核抑制代码歧视风险,以非歧视准则规范人工智能开发、利用行为.此外,还需借助数字平权行动,推动社会权力结构变迁,消除滋长歧视的结构性不平等.",人工智能;歧视;结构性不平等;算法;数字平权,TP18;D920.0,0,,法学三大刊论文/中国法学/人工智能歧视的法律治理.pdf
134,人格权侵害民事责任认定条款适用论,朱晓峰[1],中央财经大学法学院,2021,4,44,62,"作为不完全法条的《民法典》第998条在作用于人格权侵害民事责任的认定过程中,并未完全摆脱构成要件论全有或全无的立场,而是依然在《民法典》第1165条第1款的框架内作为辅助性规范发挥作用.由于第998条既承认法官的自由裁量权,又对其予以限制,因此法官在依据本条规定的考量因素作用于相应人格权侵害民事责任的认定时,可以通过合法性原则、价值位阶原则、比例原则和权利适当限制原则的综合运用,将作用于法律效果评价的诸考量因素的协动过程以可视化的方式呈现出来,使相应的法律论证具有可反驳性且能经受得住反驳,增强相应法律效果评价结果的说服力和可接受度,助益于平衡处理法秩序的安定性和开放性二者关系这一目的的实现.",人格权侵害;民事责任;动态体系论;利益权衡论;自由裁量权,D923,0,,法学三大刊论文/中国法学/人格权侵害民事责任认定条款适用论.pdf
135,人格权确认与构造的法律依据,韩强[1],华东政法大学,2015,3,138,158,抽象的人格整体以及承载人格的若干具体要素，如生命、身体、健康、姓名、隐私、肖像等，因其伦理价值而应受法律保护，成为法秩序的组成部分，被称之为法益。对人格法益应以侵权责任法加以保护。作为主观权利的人格权，须满足权利客体确定、权能明确的要求。人格权作为支配权、绝对权，只能对身体、姓名、肖像、声音、个人信息资料等人格要素加以支配利用，或者可许可他人使用。由此，人格权便可能具有财产权的属性，也因而获得可继承性。在这一理念下，具体人格权仅有身体权、姓名权、肖像权、声音权和个人信息资料权。其他受保护的人格法益没有成为主观权利的素质。所谓一般人格权也仅是对无限多样的人格法益的概括性保护，并不是一项主观权利。很多新类型人格权均难以成立。既然具体人格权类型很少，且各类人格法益已经获得侵权责任法的保护，故在未来民法典中人格权法不宜独立成编。,人格法益;具体人格权;一般人格权,D923,73,,法学三大刊论文/中国法学/人格权确认与构造的法律依据.pdf
136,人格权编的中国范式与中国式现代化的实现,石佳友[1],,2023,3,63,81,中国《民法典》设置独立的人格权编，是新时代下基于满足人民群众日益增长的美好生活需要所作出的重大创新，是《民法典》中国特色、实践特色、时代特色的集中体现，对构建中国民法学的自主知识体系具有标志性意义。人格权编的体系价值在于，以“编”这一具有最大包容度的框架为人格权未来的发展提供充分的空间。通过内部体系与外部体系的创新，人格权编构建起了中国范式的人格权保护体系。通过对人格尊严、人格平等、人格自由发展和人格权利保护的全面立法肯认，以及在新的社会经济条件下针对科技革新挑战的法律回应，人格权编有效地应对了主体客体化的风险，抵御了一切物化人的企图，展现了中国在新时代坚持全面推进依法治国、在法治轨道上全面建设社会主义现代化国家的全新探索，为中国式现代化的实现提供了有力保障，并为世界法律发展贡献了“中国智慧”。,民法典;人格权;人格尊严;自主知识体系;中国式现代化,D923,,,法学三大刊论文/中国法学/人格权编的中国范式与中国式现代化的实现.pdf
137,人格标识的“他为性”及其规范影响,曹相见[1],,2023,4,126,144,通说认为民事主体对其人格标识享有专用权，但其在人格标识的合理使用、许可使用以及公开等问题上均遇到了解释难题。实际上，民事主体对自己不享有识别利益。作为符号世界中人的符号化的必然结果，人格标识具有“他为性”。必须对作为权利对象的人格标识进行利益分割，由此形成标表型人格权、隐私权和人格标识商业使用权三种权利。其中，标表型人格权的内容包含人格标识的形成、变更自由，对已确定人格标识的表达利益，以及避免与他人之物发生关联的个性化利益。在解释上，人格标识的合理使用除基于公共利益和本人利益的情形外，还包含为他人利益的情形。人格标识许可使用合同的有利解释规则仅在当事人存在强弱差别时有意义，许可人的正当理由解除权之行使权限于严重损害或不利于个性化利益的情形。,人格标识;他为性;隐私权;有利解释;解除权,D923,,,法学三大刊论文/中国法学/人格标识的“他为性”及其规范影响.pdf
138,人民团体规章：概念、体系和效力,屠凯[1],,2023,3,142,161,人民团体规章是中华全国总工会、中国共产主义青年团、中华全国妇女联合会等人民团体制定的专门规章制度。除下辖各级各类组织的产生和职责外，人民团体规章主要规定人民团体的履职和活动。相应地，各人民团体规章可划分为履行职责规章制度、自身建设规章制度、团体组织规章制度三个子集。人民团体规章的效力整体低于国家法律和党内法规。在某些具体领域，人民团体可以制定发挥实定法作用的规章制度，并在不违反基本法律原则的条件下被司法机关接受。人民团体规章不仅能够规范本人民团体组织和成员的行为和活动，也可能规范其他组织和个人的行为和活动。部分实定法化和具有对外效力是人民团体规章不同于一般社会组织内部规范的特征。,人民团体规章;团内规章;人民团体;群团组织;党内法规,D252,,,法学三大刊论文/中国法学/人民团体规章：概念、体系和效力.pdf
139,人民调解员的制度角色考,吴元元[1],西南财经大学法学院,2021,4,267,287,"人民调解是我国政法治理重大战略的有机构成之一,而作为人民调解制度实践的主导者与行动者,人民调解员的制度角色若何,如何塑造公共意象,则是从主体性的维度影响人民调解队伍组织建设、进而影响基层社会治理技术创新的关键性问题.基于制度角色的内在规定性,人民调解员应当具备相应的社会资本,为人民调解的社会信任奠定价值理性、技术理性基石.在此基础上,人民调解员展开调解技艺的实践运作,在法治框架下顺利实现依法调处、濡化情理、彻底化解矛盾纷争等制度职能.由于各地经济、社会、文化发展不平衡以及制度变迁中的螺旋式发展,部分人民调解员的制度角色塑造出现了实践之失.以声誉效应为核心,构筑社会资本—调解技艺的再生产激励机制,可以为人民调解员的制度角色塑造实现良好的公共意象提供充分的制度推力.",人民调解员;制度角色;社会资本;调解技艺;再生产激励机制,D926,0,,法学三大刊论文/中国法学/人民调解员的制度角色考.pdf
140,人身损害赔偿请求权的分级与整合,张平华[1],山东大学法学院,2024,6,45,66,在复杂案件中，作为整体性生活事实的损害可能划分为多个阶段、多种类型、多个项目，人身损害赔偿请求权可作“框架—具体—项目”三级之分：框架请求权以侵权责任一般条款为基础，覆盖损害的整体生活事实；具体请求权要求有明确的侵害客体、要件事实和赔偿范围；项目请求权以人身损害之具体项目为赔偿对象，并可派生下位项目群。三级请求权又可以按照“原理—手段”“整体—局部”“优先—劣后”关系进行优化整合。诉讼救济属于终极整合手段，框架请求权、项目请求权分别对应宏观或微观诉讼标的，并依托诉讼合并、既判力发挥整合作用。人身损害赔偿并非单纯的民法问题，需要诉讼机制的协同；也并非纯粹的事实问题，离不开法律评价、规范指引和程序运行。,人身损害赔偿请求权;框架请求权;具体请求权;项目请求权;损害赔偿,D923,,,法学三大刊论文/中国法学/人身损害赔偿请求权的分级与整合.pdf
141,从合理原则走向统一的比例原则,杨登峰,南京师范大学法学院,2016,3,88,105,"我国行政法学先后引介了英国的合理原则和德国的比例原则作为制约行政裁量权的基本原则,但如何协调两者之间的适用关系,却始终未予讨论。长期采用合理原则的英国,在涉及人权的案件中,已引入比例原则作为司法审查的依据,成此消彼长之势。其根源在于,合理原则立基于禁止越权原则,以确保行政行为的合法性为宗旨,不能完全胜任人权保障的时代使命;而比例原则则在确保行政行为合法性的基础上,进一步把人权保障作为其主要目的,对人权的保护更为有力。从当下我国人民法院所担负的基本权利保障任务和采行的积极主动司法政策来看,统一采用比例原则为评价基准更符合我国法治建设和人权保障的需要。",裁量行政行为;合理原则;比例原则,D912.1,57,,法学三大刊论文/中国法学/从合理原则走向统一的比例原则.pdf
142,从同一性到相似性：法律解释的结构转向与体系重构,陈辉[1],南京师范大学法学院,2024,4,170,187,我国当前的法律解释论以封闭概念体系和体系型法典的构建为基础，以绝对性、封闭性规范为目标，将法律适用过程视为以同一性为基础的涵摄过程，将解释限制为服务于同一性过程的具体化手段，而将类推作为漏洞填补的方法。但是以同一性为基础的类推与解释分离结构不仅无法解决解释的具体化程度问题，也限制和约束了类推功能。当作为同一性前提的概念封闭被消解之后，法律解释和类推之间的界限不再存在，类推解释成为法律解释的根本方法，法律解释的目标是以相似性为基础的开放性概念和相对性规范。以相似性为基础的类推解释体系不仅是必要的，也能获得理性化证立。,法律解释;同一性;相似性;类推解释;法律概念,D90,,,法学三大刊论文/中国法学/从同一性到相似性：法律解释的结构转向与体系重构.pdf
143,从基础司改到综配司改:“内卷化”效应纾解,"杨力[1,2]",上海交通大学中国法与社会研究院,2020,4,147,166,"随着司法体制改革的加快推进,改革的持续复杂性逐步被认识。如果不能进一步深化司法体制改革,持续的治理成本投入所产生增益的速度将会逐步放缓乃至停滞,进而出现""内卷化""效应。为此,党的十八大以后,我国改变了以前""修补式""的改革模式,推动新一轮""结构性""的司法体制改革,主要包括基础司改和综配司改两个阶段。全国范围内的基础司改已经完成,但在司法主体体系化建设、优化司法职权配置、健全司法管理运行机制、综合法律服务供应体系、智慧司法和司法行政等领域存在的短板,需要综配司改""锚定""并加以体系化应对和解决。同时,为了防止综配司改在更高水平上出现的""内卷化""效应,仍需不断深化推动""全局性""的政法改革,从更高层次上系统谋划、统筹推进政法机构改革和司法体制改革,形成全方位、深层次的政法改革新格局。",司法体制改革;综合配套改革;政法改革;内卷化,D92,0,,法学三大刊论文/中国法学/从基础司改到综配司改_“内卷化”效应纾解.pdf
144,从相邻权到空间利益公平分配权：规划许可诉讼中“合法权益”的内涵扩张,成协中[1],,2022,4,156,174,规划许可对空间利益的分配，既关涉许可相对人的财产性利益，也直接影响许可项目周边区域居民的居住环境和公共生活。以私法上的相邻权作为规划许可诉讼的权利保护基础，在理论上和实践中面临诸多困境。随着空间利益调整由私法上的产权法让位于以规划许可为核心的公法机制，空间利益也从反射利益演变为一种独立的值得法律保护的合法权益。因应城市空间的复合空间属性，规划许可诉讼的保护法益，应当超越私法上的相邻权，迈向公法上的空间利益公平分配权。与保护法益的此种扩张相适应，规划许可的司法审查，在制度功能、保护对象、保护内容、纠纷预防解决等方面，都应做相应调整，推动城市空间利益分配从“权利模式”向“利益调整模式”的转变。,规划许可;相邻权;合法权益;空间利益;分配行政,D925.3,,,法学三大刊论文/中国法学/从相邻权到空间利益公平分配权：规划许可诉讼中“合法权益”的内涵扩张.pdf
145,从立案审查到立案登记：法院在社会转型中的司法角色,陆永棣,浙江省高级人民法院,2016,2,204,224,"立案登记制的确立,标志着选择性司法的终结。但转型期人民法院通过立案审查对纠纷进行选择性司法又有其深刻的政治、社会和法律原因。以立案登记制取代立案审查制,首先体现为法院在立案程序上已从职权模式转向诉权保障模式,更深层意义在于法院的司法角色或说职能应该有一个很大的变化。但在通过立案审查制采取选择性司法的三大因素仍然存在,在我国社会仍将处于较长时期的社会转型这一大背景下,平衡好立案登记制有诉必理、有案必立与受理＂依法应该受理的案件＂之间的关系,必须处理好几个方面问题：第一,把握好立案过程中登记与审查的关系;第二,确立司法有限的理念,明确受案范围;第三,倡导纠纷多元化解,尽快建立诉前强制调解程序;第四,规制与防范不当行使诉权特别是滥诉行为。",立案审查;选择性司法;立案登记,D925.2,49,,法学三大刊论文/中国法学/从立案审查到立案登记：法院在社会转型中的司法角色.pdf
146,从隐私到个人信息：利益再衡量的理论与制度安排,张新宝,,2015,3,38,59,传统隐私权保护法主要考虑的是隐私权人与其他人（义务主体）在隐私保护与言论表达自由、知情权实现等方面的利益衡量问题，尽管公共利益是重要的制约因素，但国家尚未以利益主体的身份登场，立法政策倾向于对个人隐私提供“绝对”的保护。在个人信息保护法治中，尽管这组利益关系仍存在，但国家不再单纯以超然利益关系的治理者出现，它同时也是最大的个人信息收集、处理、储存和利用者。更重要的是，信息业者作为独立的主体出现。个人信息保护法需要衡量更多的利益关系。在新的利益衡量格局下，我国的个人信息保护法应以“两头强化，三方平衡”理论为基础，并为实现该理论设计一组相互关联的制度方案。,个人信息保护;隐私权;利益衡量“两头强化;三方平衡”,D90-051,68,,法学三大刊论文/中国法学/从隐私到个人信息：利益再衡量的理论与制度安排.pdf
147,以买卖合同担保借贷的解释路径与法效果,陈永强,中国计量大学法学院,2018,2,228,247,"以买卖合同担保借贷债务的,《民间借贷司法解释》第24条规定应按借贷审理,其隐含的解释路径是＂名为买卖,实为借贷＂,似未肯定买卖合同的效力。＂汤龙案＂及之后的一些案例提出了不同于第24条的裁判路径,并限制了该条的适用。学理上,买卖型担保是一种契约担保,不能解释为传统的＂代物清偿预约＂＂附条件代物清偿＂＂债之更改＂等,亦有别于物权性的让与担保。其契约担保方式并不违反法律强制性规定,应为有效。解释论上,买卖型担保有别于以物抵债,兼具债法效力和担保效力,须综合适用借贷、买卖、担保之相关规定。借贷合同与买卖合同之间,两债并存,买受人享有履行选择权。立法论上,应建立清算规则,于所有权移转请求权得以实现时对标的物进行评估与清算。买卖型担保无优先效力,不能对抗第三人,但若已经预告登记,则其所有权移转请求权应具有优先效力,且仍应对标的物价额与债务额进行清算,并将超出债务额部分返还债务人。",买卖型担保;代物清偿;清算;民间借贷,D923,0,,法学三大刊论文/中国法学/以买卖合同担保借贷的解释路径与法效果.pdf
148,以危险方法危害公共安全罪认定规则研究,江溯[1],北京大学法学院,2021,4,221,246,"由于既有理论规则存在的明显缺陷,以危险方法危害公共安全罪在立法和司法上有沦为""口袋罪""的嫌疑,因此,从理论上建构该罪的认定规则尤为必要.本文以2010-2020年中级以上人民法院对以危险方法危害公共安全的相关判决为样本,利用回归分析、实践与理论契合关系分析来把握经验裁判规则与理论改善的应然方向,提出能有效影响司法的认定规则.通过综合分析发现:中级以上人民法院对于以危险方法危害公共安全罪的认定表现出相当审慎的态度,并且形成了可类型化的裁判规则;在此基础上,可以从理论上对司法裁判规则进行完善.完善后的认定规则如果得到普遍适用,将显著提高以危险方法危害公共安全罪适用的可控性,从而有效防止其沦为""口袋罪"".",以危险方法危害公共安全罪;认定规则;回归分析;契合关系分析,D924.3,0,,法学三大刊论文/中国法学/以危险方法危害公共安全罪认定规则研究.pdf
149,以古代中国与日本为中心的中华法系之律家考,何勤华,华东政法大学法律文明史研究院,2017,5,196,215,美国著名比较法学家威格摩尔在《世界法系概览》一书中曾说，一个法系的兴衰存亡，就看是否有一个职业的法学家阶层。中华法系虽然没有形成如大陆法系、英美法系的纯粹职业法学家阶层，但形成了一个律家群体，这一群体包括了政治家、行政与司法官吏以及士大夫阶层。由于他们围绕着立法、执法、司法和法律解释所付出的辛勤劳动，才使中华法系不断成长、壮大，并生存、延续了1300多年。从律家的主要学说与理论以及律家的贡献上能够看到，在中华法系的运行框架内，律家在推动律（也包括令、格、式等其他法律形式）和律学的发展方面已经做到了极致。,中华法系 律家,D929,0,,法学三大刊论文/中国法学/以古代中国与日本为中心的中华法系之律家考.pdf
150,以大协同格局加强涉外法治建设,郭雳[1],北京大学法学院,2024,5,33,38,党的二十届三中全会通过的《中共中央关于进一步全面深化改革 推进中国式现代化的决定》将法治作为中国式现代化的重要保障加以强调，将“加强涉外法治建设”作为完善中国特色社会主义法治体系的重点任务加以部署。在进一步全面深化改革、推进中国式现代化的全新征程和关键时期，我们必须全面贯彻落实党的二十届三中全会精神，准确认识百年未有之大变局加速演进下推进涉外法治工作的使命任务，牢牢把握新时代加快涉外法治建设的基本路径，始终坚持系统观念，以大协同格局加强涉外法治建设。,,D,,,法学三大刊论文/中国法学/以大协同格局加强涉外法治建设.pdf
151,以审判为中心背景下的刑事辩护突出问题研究,顾永忠,中国政法大学诉讼法学研究院,2016,2,65,85,"以审判为中心的诉讼制度的核心是庭审实质化,因此它也是充分保障辩护权的诉讼制度。应当处理好以审判为中心的诉讼制度的应然要求与实然需要的关系。按照应然要求,完善刑事法律援助制度是当务之急;正确理解律师向犯罪嫌疑人、被告人核实证据的权利,落实控方的举证责任非常重要;实行直接言词原则,看似是对庭审活动的要求,但对被告人及其辩护人最迫切、最有利,应当充分保障辩方对控方证人、鉴定人、侦查人员质证的权利;为此还需要完善交叉询问制度,重点适用于被告人不认罪的案件,科学设立交叉询问规则;加强对控辩双方交叉询问技能的培训。",以审判为中心;辩护;质证;交叉询问,D926.5,20,,法学三大刊论文/中国法学/以审判为中心背景下的刑事辩护突出问题研究.pdf
152,企业合规不起诉改革的实体法障碍及其消除,黎宏[1],,2022,3,246,265,最高人民检察院等部门大力推行的企业合规不起诉改革试点，为检视我国刑法中单位犯罪规定及其实践提供了一个绝佳的机会。从比较法的角度看，各国在企业自身责任的判断上，除通过特定从业人员认定企业的行为和意思之外，还根据现代企业的特点，从其政策、制度、文化、特别是合规计划判断企业自身的意思，这也是企业合规不起诉的合法性根据。虽然我国现行刑法在有关单位犯罪的规定上采用了单位自身犯罪的观念，但由于实务中将单位犯罪理解为单位法定代表人决定或者单位集体决定的犯罪，使得单位犯罪事实上成为一个“放大版”的单位特定人员的个人犯罪或者共同犯罪;同时，由于在单位犯罪的处理中，没有考虑单位自身所具有的可能导致其成员犯罪的组织特性，使得单位被笼罩在其组成人员的违法行为的阴影之下，没有自我救赎的可能。这种结局，不仅与单位犯罪的现实不符，也无法为当前进行的企业合规不起诉改革提供立锥之地。从组织责任的视角出发，修改单位犯罪的相关立法，加入企业合规不起诉的内容，在司法上贯彻企业自身犯罪的理念成为当务之急。,企业合规不起诉;单位犯罪;组织责任论;双罚制,D924.3,,,法学三大刊论文/中国法学/企业合规不起诉改革的实体法障碍及其消除.pdf
153,企业犯罪预防中合规计划制度的借鉴,"李本灿[1,2]",山东大学法学院,2015,5,177,205,基于对传统企业犯罪预防模式的反思，国外出现了通过合规管理进行企业犯罪预防的立法实践。具体讲，主要是赋予企业合规以量刑意义，促进企业自我管理的推行。通过对我国企业犯罪惩治的效果考察发现，虽然刑事法网日渐严密，刑罚结构总体较为严厉，但并未收到良好的企业犯罪预防效果。而合规计划在企业犯罪预防中的有效性以及《萨班斯法案》404条款对企业内控的要求，为我们提供了很好的借鉴模本。具体到如何借鉴，首先可以通过量刑激励推动企业合规；其次，借鉴合规计划中蕴含的企业犯罪惩治的刑罚理念，进一步严密刑事法网，严厉个别犯罪的刑罚，尤其是对财务欺诈、虚假评估等犯罪的惩处，以推动企业自觉实施自我管理。,合规计划;企业犯罪;自我管理,D917.6,71,,法学三大刊论文/中国法学/企业犯罪预防中合规计划制度的借鉴.pdf
154,优先购买权中转让人的利益失衡与校正,"梁上上[1,2]",,2024,2,226,246,我国民商法规范中存在多种不同类型的优先购买权。这些优先购买权制度中出现了转让人与优先权人之间利益关系的失衡，需要从整体上进行价值反思，并从单方视角转向双方视角，不仅要关注优先权人的利益，更要关注转让人的利益。从转让人权利与义务的区分构造看，其负担的义务主要为程序性义务，实体性权利则没有发生增减变化，蕴含着转让人权益不受损害的基本立场。基于合同订立与合同履行二阶段区分的法理，同等条件不足以保护转让人利益，加入同等履约能力才能使转让人利益不受损害。同时，基于债务人变更不应损害债权人利益的法理，转让人有权要求优先权人提前清偿债务或者提供相应担保。在多数权利人行使优先购买权时的场合，转让人享有选择合同相对人的权利，多数优先权人对转让人应该承担连带责任。优先购买权是为权利人提供优先于第三人的交易机会，转让人未履行通知义务或者有其他妨碍优先权人行使购买权情形的，可能导致强制缔约责任或者损害赔偿责任。,优先购买权;利益衡量;不受损害原则;同等履约能力,D923,,,法学三大刊论文/中国法学/优先购买权中转让人的利益失衡与校正.pdf
155,传销犯罪的司法限缩与立法完善,"印波[1,2]",北京师范大学刑事法律科学研究院,2020,5,243,262,"《刑法修正案(七)》增设了组织、领导传销活动罪,并通过列明行为方式以及""骗取财物""的要件设定,将本罪的适用情形限定于诈骗型传销。传销之团队计酬具有复杂性、多样性的特点,可根据人员层级关系和奖金计酬方式划分类型。根据司法解释性文件,应将以销售商品为目的的真正的团队计酬完全除罪。团队计酬既不宜定组织、领导传销活动罪,也不宜定非法经营罪。团队计酬所产生的风险具有行政可控性,禁止团队计酬行为是一种权宜的立法行为。可以通过在解释中实现团队计酬非罪化完成传销犯罪的适度司法限缩,并根据其诈骗本质完善组织、领导传销活动罪的构成要件。",传销犯罪;组织、领导传销活动罪;诈骗;团队计酬;非罪化,D92,0,,法学三大刊论文/中国法学/传销犯罪的司法限缩与立法完善.pdf
156,作为利害调整法的行政法,王贵松[1],中国人民大学法学院,2019,2,90,109,"从功能上而言,传统行政法通过依法律行政原理和行政救济的保障机制来防止行政权侵犯个人的自由,可谓自由防御型行政法。但随着社会变迁和国家任务的变化,行政机关越来越多地与行政相对人、利害关系人形成三方乃至多方行政法关系,就其间的个人利益、集体利益和公共利益依法展开调整。与此相伴而生的行政法可谓利害调整型行政法。这种新型功能下的行政法以公益私益共存论为基础,通过对传统行政实体法、程序法、救济法等制度的深刻变革,在复杂的利害关系中实现对第三人公权利的保护。这种行政法可以充分整合行政信息,优化行政的决策与执行,实现秩序性和持续性的调整,可以提前解决纠纷,同时也能将行政法与行政现实、政策需要、行政法各论有效地衔接起来,增强行政法的灵活性、动态性、广域性和实效性。如此复合型的行政法方可谓现代化了的行政法。",利害调整型行政法;自由防御型行政法;利害关系;三方行政法关系,D922.1,0,,法学三大刊论文/中国法学/作为利害调整法的行政法.pdf
157,作为化解行政争议主渠道的行政复议:功能反思及路径优化,曹鎏[1],中国政法大学法治政府研究院,2020,2,168,187,"新时代行政复议的功能定位应有新的认识。片面的功能定位不足以反映全面依法治国背景下行政复议在助推法治政府建设、实现行政救济、培育法治社会方面所具有的不可替代的重要作用。行政复议化解行政争议的天然优势、我国行政争议的特殊性以及域外国家和地区的经验都决定了行政复议应当成为新时代化解行政争议的主渠道。然而,行政复议的央地改革未能实现同频共振、行政复议质效评价体系科学性差、双被告制度引发复议和诉讼之间出现内耗和空转、法治未能及时为改革保驾护航等因素影响并制约了我国行政复议的良性发展。尊重行政复议行政司法属性的规律和特点,充分弥补行政复议的天然劣势,通过充分的制度供给以实现行政复议公正高效、便民为民的天然优势为宗旨,并以有效处理好行政复议和行政诉讼的差异化发展为目标,进行修法,这既是实现行政复议成为化解行政争议主渠道的必由之路,亦是助力于行政复议良法善治的应然之需。",行政复议;良法善治;实现路径,D92,0,,法学三大刊论文/中国法学/作为化解行政争议主渠道的行政复议_功能反思及路径优化.pdf
158,作为方法论的“地方法制”,葛洪义,浙江大学法学院,2016,4,111,126,"我国法学研究长期以来倾向于总体性的思维方式,导致习惯于自上而下的视角观察研究法律问题,体现了一种本质主义的立场。作为方法论的地方法制,则强调在处理统一与分散、权力与权利、中央与地方、中心与边缘、法治与法制、自上而下与自下而上6组概念的关系中,给予分散、权利、地方、边缘、法制、自下而上等更为积极的关注,从中挖掘法治发展的细节因素。基于这一方法,可以观察到中国40年的法治发展,一直植根于中国的改革开放进程,逐步形成了公权与私权、中央与地方、国家与社会之间分工、合作及博弈关系基础上的规则意识、权利意识与责任意识。这是中国法治发展最显著的成就与最坚实的基础。尽管中央的积极推动对中国法治发展具有关键性作用,但是,决定性的成果几乎都来自于社会成员、社会组织以及相互竞争的地方国家机关的创造性实践。基于此,中国法治发展的未来,或许同样取决于如何保持和发挥地方层面法治实践的积极性。",方法论;规则意识;权利意识;责任意识;地方法制,D927,7,,法学三大刊论文/中国法学/作为方法论的“地方法制”.pdf
159,"作为行政处罚一般种类的""通报批评""",朱芒[1],上海交通大学凯原法学院,2021,2,148,165,"在我国行政法制度中,""通报批评""属于适用对象零星且适用范围极窄的处罚形式.2021年修订的《行政处罚法》直接将""通报批评""规定入""行政处罚的种类""中,这意味着其摆脱名称等形式的限制,成为了行政处罚的一般种类.从法解释的角度而言,能够从实质意义上将""通报批评""置于统括""公开谴责""""列入失信名单""""公布违法事实""等所有发生名誉减损和社会评价降低为法律效果的行政处罚行为的地位,从而将这些行政处罚行为都纳入法律制度统一规范的范围之内.",名誉罚;声誉罚;通报批评;行政处罚种类,D922.11,0,,法学三大刊论文/中国法学/作为行政处罚一般种类的“通报批评“.pdf
160,依法治国和依规治党有机统一研究,韩春晖[1],中共中央党校(国家行政学院)政治和法律教研部,2021,4,145,164,"""依法治国和依规治党有机统一""这一论断,拓宽了从严治党管党的新路径,形成了对中国特色党政关系的新认知,指明了中国特色社会主义法治道路的前进方向,遵循了国家治理体系和治理能力现代化的发展大势.二者有机统一是一种""求同存异""的过程,蕴藉着""和而不同""的共治之道.""异""是""有机统一""的前提,""同""是""有机统一""的基础,即""统一性"".""统一性""表现为二者的""共同性""""关联性""和""交融性"".治国理政和治党管党两种公权力相互联系、相互作用构成了二者有机统一的权力结构,并致力于实现""1+1>2""的治理效能.二者有机统一的路径包含主体的嵌入、功能的互补、形态的完备和机制的整合等方面.",依法治国;依规治党;有机统一;国家治理体系现代化,D920.0;D262.6,0,,法学三大刊论文/中国法学/依法治国和依规治党有机统一研究.pdf
161,依法治国语境下检察机关的性质与职权,魏晓娜,中国人民大学刑事法律科学研究中心,2018,1,284,302,内容提要随着国家监察体制改革试点的开展，职务犯罪侦查部门的整体转隶，检察机关又一次被推向重大改革的当口。中国检察机关在宪法上被定性为法律监督机关，但如何实现法律监督，却是1979年人民检察院组织法遗留的一个历史性难题。在新的依法治国语境下，检察机关必须寻找行使法律监督的新的切入点，成为公民基本权利的守护者、宪法法律的守护者。为了实现上述职能，必须对检察机关的组织结构和职权配置进行重大改革。,垂直领导;诉讼职权;监督职权,D926.3,0,,法学三大刊论文/中国法学/依法治国语境下检察机关的性质与职权.pdf
162,侵害企业数据权益的民事责任,王叶刚[1],中央财经大学法学院,2024,6,127,147,企业数据的来源、内容以及取得方式等具有复杂性，对行为人侵害企业数据权益民事责任的认定以及责任承担方式等有着重要影响。行为人侵害企业合法取得的数据时，企业有权依法请求行为人承担违约责任、侵权责任或者基于绝对权请求权产生的民事责任。企业对其非法取得的数据不享有数据权益，但行为人破坏企业对数据的持有状态的，企业也有权请求行为人承担停止侵害、排除妨碍、赔偿损失等责任。行为人侵害企业数据的，个人数据来源者虽不享有数据权益，但可以其个人信息权益受侵害为由请求行为人承担侵权责任或者基于人格权请求权请求行为人承担停止侵害、排除妨碍等民事责任。行为人侵害非个人数据来源者的著作权、商业秘密等在先权利的，受害人有权依据在先权利的保护规则请求行为人承担民事责任。非个人数据来源者对企业所享有的数据查阅权、可携带权等属于相对权，原则上不受侵权法保护；但在行为人恶意侵权时，受害人也应有权请求行为人承担侵权责任。,数据权益;企业数据;个人数据;数据来源者;民事责任,D923,,,法学三大刊论文/中国法学/侵害企业数据权益的民事责任.pdf
163,侵权责任编:在承继中完善和创新,"张新宝[1,2]","中国人民大学法学院,中国人民大学民商事法律科学中心",2020,4,109,129,"《民法典》侵权责任编承继了《侵权责任法》部分条文,也有不少修改,增加了较多新条文并删除一些条文,在立法结构和体系上有所调整。侵权责任编的主要创新在于:贯彻社会主义核心价值观,提供更明确的行为规范,夯实侵权责任的公平正义基础,更精准保护和救济民事权益与保障行为自由;贯彻生态文明理念和""绿色原则"",规定更为严格的环境污染和生态破坏侵权责任制度;完善网络侵权责任制度;吸收司法实践和法学研究成果,完善了侵权责任的若干具体制度和规范。正确理解和实施侵权责任编,要把理论研究和司法实践统一到新的法律规定上来,要充分发挥体系解释等法学方法的积极作用,清理旧的司法解释、制定新的司法解释和颁布相关指导案例。侵权责任编将接受法治实践的检验并不断完善发展。",民法典侵权责任编;自甘风险;自助;网络侵权责任;生态破坏责任,D92,0,,法学三大刊论文/中国法学/侵权责任编_在承继中完善和创新.pdf
164,保护规范理论的误解澄清与本土适用,赵宏[1],中国政法大学法学院,2020,4,167,185,"保护规范理论在被纳入我国行政审判后,为行政诉讼利害关系人的判定提供了全新参考,但也同样引发质疑和争议。除常见的因解释规则的芜杂导致的适用不确定、因强调个人利益保护指向导致的适用严苛,以及因""一般法依赖""所引发的立法专断外,保护规范理论在我国所遭受的质疑还包括是否与行政诉讼整体定位相匹配,是否适应行政诉讼的现实发展等考量。这些争议的产生部分是因为未充分体察其变化演替所导致的对这一理论的误解,部分是因为这一理论背后的法学思考与我国既有制度间的差异。但这些差异却促使我们对由行政诉权所辐射的核心公法问题重新进行思考,并在此基础上通过对学理和制度的重新整序来优化这一理论的本土适用。",保护规范理论;主观公权利;一般法依赖,D92,0,,法学三大刊论文/中国法学/保护规范理论的误解澄清与本土适用.pdf
165,保险人撤销权:保险法中的一个制度选择及其合理性追问,"于海纯[1,2]",对外经济贸易大学,2020,4,283,302,"投保人故意违反如实告知义务,在法定抗辩期间经过之后,保险人能否行使撤销权的问题,涉及保险法上解除权制度与民法上撤销权制度的适用选择。投保人欺诈行为之下保险人是否可以行使撤销权的争议因保险法上不可抗辩条款的出现而产生,不可抗辩条款在法理上具有相当的正当性并被普遍法定化。允许保险人行使撤销权将空置化或废弃不可抗辩制度,进而否定不可抗辩制度的规范意义、目的及其背后的价值判断。且不可抗辩条款乃是保险人自愿引入保单之中并受其约束,表明其是自愿放弃抗辩权。两相权衡,保险人解除权制度在整体上具有更大的合理性、正当性、历史性和法秩序价值,应为我国保险法所选择。",保险合同;撤销权;解除权;不可抗辩条款;权利放弃,D92,0,,法学三大刊论文/中国法学/保险人撤销权_保险法中的一个制度选择及其合理性追问.pdf
166,保险损失补偿原则适用范围思考,任自力[1],北京航空航天大学法学院,2019,5,117,136,"损失补偿原则仅适用于财产保险之观点在保险法著述中广为传播,在保险法实践中亦有深远影响。然而,损失补偿是保险的本质与保险业产生发展之基础,也是保险业经济补偿功能之集中体现,损失补偿原则适用于包括人身保险之保险全领域实为其应有之义。人身保险非损失保险观点或是大陆法系国家损害赔偿理论及其限制非财产损害赔偿规定向保险法不当扩张之结果。在现代社会,定值保险等损失补偿原则适用于财产保险之例外已不复成立,人身保险的损失补偿性也已为生命价值理论与第三领域保险的丰富实践所证实。保险损失补偿原则在中国的准确适用有赖于对其民商法理论基础之厘清、对其仅适用于财产保险观点之矫正、对人身保险损失计算标准之明晰,以及对现行保险法下保险定义等条款之完善。",损失补偿;财产保险;人身保险;生命价值;定值保险,D922.284,0,,法学三大刊论文/中国法学/保险损失补偿原则适用范围思考.pdf
167,信用、法治与现代经济增长的制度基础,王若磊[1],中央党校政法部,2019,2,73,89,"信用是行为期待可能性的外在公共性评价信息,起到社会交往理性化的功能。它与法治的结合,走出了传统剩余物偶然交换的自然经济,成为现代经济增长与市场发展的制度基础。回溯西欧商业革命兴起的历史,商人法的统一规则与执行保证了交易本身的信用,而以信用机制为基础的商业技术创新,创设了新的法律关系,最终带来了行为模式和生产关系的根本转变。二者的结合稳定了交易预期、扩大了市场范围、提升了融资能力、降低了交易成本,具有巨大的经济价值。信用法律关系和市场机制是现代经济秩序的基础,其也有利于走出中国传统的关系信任,建构普遍信任。它本质上是一种具有现代性的“非人格化”治理方式,逐步塑造平等而非差序的现代社会关系。",信用;信任;法治;经济增长;现代社会,F124,0,,法学三大刊论文/中国法学/信用、法治与现代经济增长的制度基础.pdf
168,修复、矫治与分控：社区矫正机能三重性辩证及其展开,李川[1],东南大学法学院,2015,5,158,176,社区矫正机能存在矫正理论一元化与实践需求多元化的脱节而亟需辩证更新。传统的教育矫正论有发生学合理性，但效果不彰，并引发公正性危机而引起理论批判。经反思后形成恢复性司法与被害保护需求下的正义修复以及处遇规制化影响下的规范矫治和风险管理推动下的分流监控相结合的复合机能论，该理论对我国社区矫正问题形成借鉴。机能辩证关系中，修复与矫治存在应报与防范的互补，而分控有风险管理的独立意义。在广义的风险语境下，三机能各具特色应当兼顾；而在机能竞争时，根据风险紧迫性形成分控、矫治、修复的先后择序。制度展开中，复合机能对社区矫正关键机制起决定作用，因此，风险评估具有外控内矫的双重目标；禁止令需考虑防范、改善与被害保护的择一或复合标准；中间刑的借鉴基于机能导向，应保证多元方案与动态适用。,社区矫正;正义修复;规范矫治;分流监控,D926.7,35,,法学三大刊论文/中国法学/修复、矫治与分控：社区矫正机能三重性辩证及其展开.pdf
169,债务人合法权益平等保护制度论纲,谭启平[1],西南政法大学民商法学院,2024,4,66,87,受时代背景、立法理念、文化传统、理论供给等多种因素影响，我国立法、司法、执法等层面长期存在偏重债权人利益保障、轻视债务人合法权益保护的倾向。这不仅限制甚至损害了债务人的生存发展权，在一定程度上也有悖于《民法典》确立的民事主体平等原则，不利于民法典的全面实施，不利于在法治轨道上推进国家治理体系和治理能力现代化，不利于实现高质量发展。健全平等保护债务人合法权益制度，需要系统检视不利于债务人合法权益平等保护的法律、法规与司法解释，在立法层面明确平等保护债务人合法权益的价值取向与规则体系；强化债权人与债务人平等保护的司法理念与举措，坚持能动履职，在审判中平衡债权人与债务人之间的权利义务；在强制执行中坚持善意文明执行理念，在实现债权的同时兼顾债务人的生存发展权；进一步严格规范行政执法行为，防止公权力无端损害债务人合法权益；坚持和发展新时代“枫桥经验”，充分发挥和运用社会矛盾纠纷多元预防调处化解综合机制的作用，推动诉源治理，健全诉讼之外的纠纷解决机制，前移下沉解纷资源，推动债权人与债务人之间的矛盾纠纷止于未发、解于萌芽。,债务人保护;平等原则;生存发展权;纠纷多元化解;善意文明执行,D923,,,法学三大刊论文/中国法学/债务人合法权益平等保护制度论纲.pdf
170,债权转让中对债务人的延续性保护,"朱虎[1,2]",中国人民大学民商事法律科学研究中心,2020,5,146,162,"债权转让中,为保护债务人利益,禁止债权转让和维持债权同一性应相互衔接。受让人不得要求债务人在其他地点履行债务,但在金钱债权中存在一定例外,同时,债务人有权请求让与人或受让人负担因债权转让而增加的履行费用。债务人对让与人的所有实体和程序抗辩都可以向受让人主张,该抗辩的产生时点不受限制;即使受让人不知道仲裁协议或者管辖协议的存在,该协议仍能约束受让人。债务人基于其接到转让通知前的法律原因取得对让与人的反对债权,且反对债权先于转让债权到期或与之同时到期的,债务人可以主张抵销;反对债权与转让债权基于同一合同或者同一交易产生的,债务人的抵销权不受反对债权产生时间和履行期先后的限制。债务人对抗辩和抵销的放弃或确认不存在能够切断这种延续性保护,但有疑义时应当作限制性解释。",债权转让;债权同一性;债务人抗辩;债务抵销,D92,0,,法学三大刊论文/中国法学/债权转让中对债务人的延续性保护.pdf
171,健全保证宪法全面实施制度体系,韩大元[1],中国人民大学法学院,2024,5,5,10,党的十八大以来，宪法实施成为统筹推进“四个全面”战略布局的重要命题。2012年12月4日，习近平总书记在首都各界纪念现行宪法公布施行30周年大会上的讲话中指出，“全面贯彻实施宪法，是建设社会主义法治国家的首要任务和基础性工作”①。为进一步完善宪法实施和监督制度，党的二十届三中全会通过的《中共中央关于进一步全面深化改革 推进中国式现代化的决定》（以下简称《决定》）明确提出：“完善以宪法为核心的中国特色社会主义法律体系，健全保证宪法全面实施制度体系，建立宪法实施情况报告制度。”,,D,,,法学三大刊论文/中国法学/健全保证宪法全面实施制度体系.pdf
172,健全公正执法司法体制机制,贺小荣[1],最高人民法院党组,2024,5,17,22,党的十八大以来，在以习近平同志为核心的党中央坚强领导下，司法体制改革取得一系列重大进展，公正执法司法体制机制更加成熟定型。但是，与经济社会快速发展和人民群众对美好生活期待相比，与中国式现代化内在要求相比，执法司法的体制机制还存在一些不相适应的地方，需要进一步健全完善。党的二十届三中全会通过的《中共中央关于进一步全面深化改革 推进中国式现代化的决定》就“健全公正执法司法体制机制”重点任务作出专门部署、提出明确要求，对于进一步深化执法司法体制机制改革、以高质量执法司法支撑和服务中国式现代化具有十分重要的意义。,,D,,,法学三大刊论文/中国法学/健全公正执法司法体制机制.pdf
173,健康权的规范构造,陈云良[1],广东外语外贸大学广东法治研究院,2019,5,64,79,"当前健康权研究缺乏对健康权规范模式的整体把握,缺乏系统的、从规范分析角度展开的讨论。从规范分析视角出发,以宪法基本权利的结构为分析框架,可以阐明健康权的规范构造,进一步说明健康权的权利属性和相应的治理对策。考察宪法基本权利体系理论的发展历程,基本权利构造经历了从二分到复合的变迁。健康权成为消极权利规范模式与积极权利规范模式共同作用的场域,因此健康权规范构造也必然呈现出复杂的结构。以复合结构为基本框架,以有效选择原则为权利复合结构的区分界限,对健康权的消极权利和积极权利进行规范构造,并明确健康权的限制机制。健康权的复合规范构造可以更合理地解决健康权规范构造的立法和司法应用,构建科学的健康权规范体系,明确公立医院的双重职能,正确定位民营医院的发展方向。",健康权;消极权利;积极权利,D923.8,0,,法学三大刊论文/中国法学/健康权的规范构造.pdf
174,儒家民族观影响下的中国古代民族法制,邵方,中国政法大学法律史学研究院,2018,3,188,205,"中国古代民族法制受到儒家民族观的深远影响。儒家民族观具有华夷有别、大一统、尊王攘夷、用夏变夷和因俗而治等内容。儒家认为华夷之间的本质区别在于是否具有礼乐文明,而夷人在接受了华夏的礼乐文明之后,则可以由夷入华。儒家民族观,其发展变化与适应以儒家为代表的华夏文明相一致。历代王朝制定治边政策时,主要遵循两种原则,一是＂用夏变夷＂,一是＂因俗而治＂,其目的均为实现儒家倡导的＂王者无外＂＂华夷一体＂的大一统。儒家坚持＂天下大同＂的家国观,坚持＂有教无类＂,将教化与仁、义、礼相结合,构成儒家民族观的基本要义。历代统治者制定针对汉地与四周少数民族的政策与法制时,都不同程度体现了儒家民族观的思想内涵。",儒家思想;民族法制;华夷之辨;用夏变夷;因俗而治,D920.0,0,,法学三大刊论文/中国法学/儒家民族观影响下的中国古代民族法制.pdf
175,元宇宙治理法治化的理论定位与基本框架,王奇才[1],,2022,6,156,174,元宇宙是人类以技术手段为自己构筑的虚拟世界。元宇宙兴起在延续数字治理部分议题的同时，也引发了新的治理难题。技术主导型的元宇宙治理模式，其局限性主要体现在技术架构非中立性、虚拟身份不平等性和智能执法并非最优等方面。以法治化方式实施和推进元宇宙治理，应当重视体系性整合、法治主导、合法性思维优先。基于元宇宙的事物性质和构筑元宇宙良好秩序的目标，元宇宙治理法治化的基本框架应分类型、分层次立体展开，区分元宇宙治理中的内容和行为、对现实的弱干涉和强干涉、公共品和私人品，在技术层、商业层、社会层采取不同法治化治理策略。在治理的要素构成方面，元宇宙治理法治化意味着在治理目的上强化法律干预正当性论证，在治理主体上政府与平台协同治理，在治理规则上技术性规则与法律性规则有序衔接。,元宇宙治理;法治化;理论定位;基本框架;治理策略,TP391.9,,,法学三大刊论文/中国法学/元宇宙治理法治化的理论定位与基本框架.pdf
176,元宇宙的行政规制路径：一个框架性分析,黄锫[1],,2022,6,175,196,元宇宙是新一代全真互联网形态，用户、数据、算法是元宇宙时代社会经济活动的三个重要支点，三者之中都存在着诸多风险，包括：因元宇宙用户身份匿名化导致阻碍人们之间深入合作的风险，因元宇宙数据集聚化导致对用户个人信息与隐私、市场主体创新动力、国家数据安全的侵害风险，因元宇宙算法权力化导致的信息数据再中心化、经济活动垄断化、社会观念操控化的风险。这些风险难以通过市场力量自行化解，需要行政规制的力量予以防范。具体的行政规制路径包括搭建统一的元宇宙身份认证平台、组织类用户实行准入与单一身份认证制、个体类用户实行多元身份认证制等身份真实性规制，实施强制性用户数据脱敏、限制元宇宙平台企业利用商业数据从事同业竞争、规范跨境数据流动等数据安全性规制，以及算法透明规制、算法伦理规制及算法问责规制等算法向善性规制。,元宇宙;行政规制;身份匿名化;数据集聚化;算法权力化,D912.1,,,法学三大刊论文/中国法学/元宇宙的行政规制路径：一个框架性分析.pdf
177,先公司合同问题研究,方斯远,最高人民法院中国应用法学研究所,2015,3,222,243,围绕发起人在公司设立阶段签订的先公司合同，各国的立法与司法实践采取了不同的规制方式，力求在既存规则、商业需求以及交易安全之间实现平衡。从我国的实际情况出发，宜借鉴大陆法系做法，承认设立中公司的特定主体地位，并将先公司合同分为设立必要合同以及非必要合同分别规制。对于前者，应当承认其得直接对成立后的公司产生约束力；对于后者，则需要在司法实践中应当对案情进行更为全面的考察，探寻当事人内心真意并在此基础上适用相应的默认规则。,先公司合同;发起人;设立中公司;违约责任,D922.29,160,,法学三大刊论文/中国法学/先公司合同问题研究.pdf
178,免罚清单的实证与法理,张淑芳[1],,2022,2,243,263,"免罚清单既是行政法治实践的创新,又与《行政处罚法》密切关联.其在营造宽松营商环境、促进监管领域良性互动、提升执法效能等方面都产生了良好的实际效果和社会影响.然而,从行政法治理论的角度审视,它与现行立法体制、与《行政处罚法》还有某种程度的不契合,潜藏着纵容行政违法、限缩行政处罚自由裁量权等法律风险.为此,必须在行政法体系中合理定位免罚清单,提升其规范层级,使之与《行政处罚法》高度融合,这是免罚清单规范化的必经之路,也是进一步拓展免罚清单适用范围的基础和保障.建议免罚清单在内容设计上采取负面清单文本模式,食品药品等领域事项应附条件免罚,确定免罚的判定标准.",免罚清单;行政处罚法;法理逻辑;契合路径,D922.11,,,法学三大刊论文/中国法学/免罚清单的实证与法理.pdf
179,党内法规制定技术规范论纲,管华[1],西北政法大学行政法学院,2019,6,118,138,"党内法规制定技术规范是制定党内法规过程中应遵循的技术规则,对解决其与国法难区分、结构不完整、语言不规范、与宪法法律和上位党规相抵触、活动技术缺失等问题具有重要意义。党内法规具有思想性、政治性和道德性,其技术规范必须反映并规训这种特质。党内法规制定技术规范的体系包括统筹技术规范、语言技术规范、结构技术规范、活动技术规范和公文技术规范五方面。统筹技术规范解决党规与国法之间的选择与分工、衔接与协调;语言技术规范既反映党内法规的特质,又应区分原则与规则、高标与底线、思想与行为;结构技术规范要解决标题、题注和正文中的突出问题;活动技术规范主要包括公布技术和完善技术。",党内法规;统筹技术规范;语言技术规范;结构技术规范;活动技术规范,D26,0,,法学三大刊论文/中国法学/党内法规制定技术规范论纲.pdf
180,党内法规的概念分析,朱林方[1],,2024,3,164,183,党内法规是什么，是党内法规研究的首要问题。分类学概念试图通过重构分类体系来容纳作为“不规则事物”的党内法规，发展出了论证“党内法规是法”的多种学说，但也面临意义稀薄化和范式依附性的难题。诠释性概念进路则主张，对于负荷价值的概念，关于“是什么”的回答恰恰蕴藏在“应该是什么”的最佳诠释中。党内法规是以先进性原则和领导权原则为价值统领的一套制度体系，对先进性原则与领导权原则内涵要求的诠释要能够达成相互支持的融贯关系，才能为整体的党内法规实践提供最佳证立。诠释性概念以一种内含推理规则的概念进路，为科学地理解和实践党内法规提供了内在的基准和方法论保障，因而是一种更优的概念主张。,党内法规;概念分析;语义学概念;分类学概念;诠释性概念,D262.6,,,法学三大刊论文/中国法学/党内法规的概念分析.pdf
181,党内法规的百年演进与治理之道,宋功德[1],中共中央办公厅法规局,2021,5,5,38,"党内法规制度建设史是党史的重要一维.回望党的百年征程,坚持依规治党、在制度建设上一以贯之,坚持继往开来、在制度变革上一脉相承,坚持系统观念、在制度框架上一体布局,坚持正确方向、在制度保障上一纲二目,走出了特色鲜明的党内法规制度建设之路,形成了卓有成效的政党治理之道.党规之治是""中国之治""的一个独特治理密码,是呈现中国特色社会主义制度优势的一张金色名片,也为世界政党治理贡献了中国智慧和中国方案.",依规治党;制度治党;党内法规;党内法规体系;党内法规保障逻辑,D262.6,0,,法学三大刊论文/中国法学/党内法规的百年演进与治理之道.pdf
182,党政联合发文的信息公开困境与规则重塑:基于司法裁判的分析,张力[1],中国政法大学法学院,2020,1,67,85,"由于具有横跨两个系统的多个制作主体,党政联合发文具有双重属性,并在实践中具有多种表现形态。在政府信息公开的制度实践中,该双重属性给党政联合发文的信息公开带来不小的困境,法院常因此类信息的制作主体包括党组织,因而具有党务信息属性而否定其作为""政府信息""的法律地位。该思路实际上是将双重属性简化为单一属性,最终促成了当前司法裁判中占据主导的形式化审查逻辑与规则,塑造了法院的退避立场。在依法推动党政联合发文信息公开过程中,法院应摒弃仅以主体要素作为识别标准的形式化审查,采用党务和政务标准来细化对职责要素的判断,再用内部性和外部性标准识别豁免规则,重塑此类信息的公开规则体系。",政府信息;党政联合发文;双重属性;形式化审查;职责要素,D92,0,,法学三大刊论文/中国法学/党政联合发文的信息公开困境与规则重塑_基于司法裁判的分析.pdf
183,党领导立法的规范原理与构造,封丽霞[1],,2024,1,25,43,党与立法的关系是中国特色党法关系中最具标识性和典型意义的规范性范畴，也是党领导全面依法治国过程中首先要处理好的重大关系。习近平法治思想深刻揭示了党领导立法的基本原理，也为完善党领导立法的方式与路径提供了根本遵循。党领导立法的规范构造大致可以分解为三个方面的内容：一是党领导立法的主体，即谁能代表党领导立法；二是党领导立法的内容与方式，即党怎么领导立法；三是党领导立法的对象和事项，即党领导立法意味着党领导谁以及领导什么。上述三个方面问题的内涵、形式及其相互关系，共同构成了党领导立法的制度框架与规范逻辑。,党的领导;党领导立法;党委;党组;党法关系,D920.0,,,法学三大刊论文/中国法学/党领导立法的规范原理与构造.pdf
184,全国人大常委会授权的宪法定位及合宪性展开,秦小建[1],,2023,1,162,180,全国人大常委会授权产生了职权转移的效果，引发职权主体、职能、程序和责任形式的变化，可谓是一种隐蔽的宪制变动，因此要从权力配置视角来审视其影响。宪法把权力配置给特定国家机关，既有权力性质的要求，亦有功能适当的考虑。如若随意转移职权，就会破坏权力配置背后的对应关系。但为满足实践需要，宪法权力结构预留了权宜调整的空间，授权构成宪法进行权宜调整的规范机制。根据功能适当原则的指引，授权确定了最适合实现职能的机关，促进民主正当和有效治理在特定事务上的功能耦合。必要而负责任的授权，须考虑其与权力结构的契合，从“所授之权为自身之权”“所授之权为可授之权”“授权具有明确性”“所授之权适合被授权机关行使”“授权机关设置民主控制机制”等展开“阶层式”的合宪性分析。,授权改革试点;权力配置;权力混合;功能适当原则;合宪性,D921,,,法学三大刊论文/中国法学/全国人大常委会授权的宪法定位及合宪性展开.pdf
185,全球治理背景下人类命运共同体的阐释与构建,"廖凡[1,2]",中国社会科学院国际法研究所;最高人民法院＂一带一路＂司法研究基地,2018,5,41,60,"人类命运共同体是中国在新时代向国际社会贡献的全球治理新方案。在思想渊源上,人类命运共同体植根于以世界大同为一致追求的世界主义理念和中华传统文化,以及以＂自由人的联合体＂为终极目标的马克思主义共同体思想。在理念传承上,人类命运共同体与和平共处五项原则、建立国际新秩序主张、第三代人权、人类共同继承财产原则等理论、原则和主张一脉相承。人类命运共同体理念为糅合国际关系和国际秩序中的利益与价值、现实主义与理想主义这两个维度提供了一种新的可能性,可以从利益共同体、价值共同体和责任共同体这三个维度加以理解和阐释。应当从深化对外开放提供＂中国方案＂、坚持共商共建形成＂共同方案＂这两个层面,推动构建人类命运共同体。",人类命运共同体;一带一路;全球治理;中国方案,D815,0,,法学三大刊论文/中国法学/全球治理背景下人类命运共同体的阐释与构建.pdf
186,全球治理背景下国际税收秩序的挑战与变革,张泽平,华东政法大学,2017,3,184,201,"国际税收秩序是全球治理的重要组成部分。当前的国际税收秩序正面临全球化和数字化经营模式所带来的技术挑战以及国际政治经济格局演变所带来的规则主导权挑战。G20和OECD主导的＂税基侵蚀和利润转移行动＂标志着传统的国际税收秩序迎来了自其形成近百年以来的首次重大变革,此次变革从应对数字经济挑战、加强各国所得税制协调、修订传统税收规则、提高税收信息透明度和完善税收争端解决机制等五个方面重塑国际税收秩序。我国须客观评估此轮国际税改带来的挑战和机遇,立足于我国当前兼具居住地国和来源地国双重身份这一税收地位,从国内法和税收协定两个层面完善我国的国际税收管理体系,同时积极参与和充分利用现有的双边和多边税务合作平台,发挥金砖国家税务合作机制和中国国际税收政策研究中心在国际税收秩序形成过程中的协调作用,推动建立公正合理的国际税收新秩序。",全球治理;数字经济;国际税收秩序;税基侵蚀与利润转移,D815,33,,法学三大刊论文/中国法学/全球治理背景下国际税收秩序的挑战与变革.pdf
187,全球经贸关系演变中的国际法治危机及其应对,刘敬东[1],,2023,3,285,304,由于地缘政治冲突不断蔓延、渗透到国际经贸领域，全球经贸关系日益呈现出地缘经贸关系特征。地缘政治冲突与地缘经贸关系相互叠加、交织的影响，已不限于对跨国贸易、投资活动产生政治性干扰，更突出体现为对现行国际贸易投资规则体系的冲击，致使作为国际公共产品的国际法治根基不断被侵蚀。应当从国际经贸格局调整的趋势、影响全球经贸关系稳定性和确定性的变量因素、全球经贸关系面临的机遇和挑战三个维度来考察地缘经贸关系及其对国际法治的深刻影响，全面、辩证地认识和把握国际法在地缘经贸关系中的作用。在此基础上，本着构建人类命运共同体的理念，以寻求包括中美在内的各主要经济体在国际经贸规则方面的最大共识为核心目标，提出应对当前全球经济治理中国际法治危机的中国方案。,全球经贸关系;国际经贸规则;国际法治;中国方案,D996.1,,,法学三大刊论文/中国法学/全球经贸关系演变中的国际法治危机及其应对.pdf
188,全面深化改革中的民法典编纂,王利明,,2015,4,25,40,内容提要《中共中央关于全面推进依法治国若干重大问题的决定》明确提出，加强市场法律制度建设，编纂民法典。这一决定为我国民法典的编纂注入了强大动力。依中外民事立法经验看，民法典编纂是推进并保障改革的强力工具。全面深化改革和全面推进依法治国为民法典的编纂提供了千载难逢的良好机遇。在全面深化改革的历史背景下，民法典的编纂必须处理好稳定性与开放性、自治与管制、继承与借鉴、守成与创新、一般法与特别法等几种关系。同时，民法典编纂应当积极反映改革成果、引领改革发展。,全面深化改革;法典编纂;民法典,D923,34,,法学三大刊论文/中国法学/全面深化改革中的民法典编纂.pdf
189,公共健康危机的知识产权法应对,万勇[1],,2022,5,44,62,知识产权与公共健康在制度层面可以概括为促进与阻碍双重关系，在权利层面可以类型化为承认、冲突与合作三种形态。传统观点或者认为知识产权与公共健康权是承认关系，主张不得以公共健康权为由限制知识产权；或者认为二者是冲突关系，继而提出反药品专利模式、强制许可模式、知识产权豁免模式三种应对公共健康危机的方案。但这些方案均只能治标。中国应辩证看待知识产权与公共健康的关系，采用标本兼治型方案，构建体系化的药品专利链接制度与科学化的药品专利强制许可制度，依此，既可回应知识产权正当性危机，也可应对公共健康危机。中国方案以分配正义为基本底色，以治标为先、治本为要为基本思路；对之可从理论基础、制度根基、实践路径三个维度进一步予以完善。,新冠肺炎疫情;公共健康危机;分配正义;强制许可;知识产权豁免,D923.4,,,法学三大刊论文/中国法学/公共健康危机的知识产权法应对.pdf
190,公共卫生预警原则和机制建构研究,解志勇[1],中国政法大学比较法学研究院,2021,5,224,246,"公共卫生预警原则以保障生命健康权、风险防控、效率和正当程序为价值取向,具备良好的适法性,应当确立为《传染病防治法》的基本原则.科学不确定性原理是预警原则的核心依据,是构建预警机制的基本遵循.质言之,预警本身不需要以扎实、充分的科学依据为支撑,而是基于概率性预测,即可发布预测信息.预警机制与常规疫情监测机制在属性上有本质差别.建构和完善预警机制,需要独立设置专业性预警机构,制定严密高效的信息搜集、风险评估、信息发布程序.同时,需要把握时间窗口,及时发布预警,防患于未然或避免损害扩大.",传染病防治法;突发公共卫生事件;预警原则;预警机制;科学不确定性原理,D922.16,0,,法学三大刊论文/中国法学/公共卫生预警原则和机制建构研究.pdf
191,公共服务供给权责配置研究,李蕊[1],中国政法大学民商经济法学院,2019,4,128,144,"我国公共服务供给体制厘革历经从政府垄断供给到市场主导的民营化改革再到公共性回归的嬗变演进,一直难以契合人民日益增长的公共服务需求,滞碍了改革成果共享和人民群众获得感提升。掩藏于制度流变背后的逻辑,不应是政府与市场的二元对立,也不是政府给付责任的市场化,而是政府、市场、社会合作供给体制的完备以及公私权责分配谱系的重塑。着眼于多元协同合作供给体制的构建,当务之急是彰显公共性根柢,实现公共权力的有效共享。不仅要基于契约治理框架,强化政府合同治理责任,更要回归公民权利,眷注公共服务消费者的权益保障。",公共服务供给;公共服务民营化;公共化约束;权责配置,D630,0,,法学三大刊论文/中国法学/公共服务供给权责配置研究.pdf
192,公司利益范式下的董事义务改革,傅穹[1],,2022,6,197,218,作为提升公司长期价值的公司利益，保障着公司多方参与者的整体利益实现，是平衡公司各主体利益冲突的价值工具。公司利益最大化作为董事的行为准则，有助于全体股东和其他利益相关者共同获益。董事角色“机构说”最利于实现公司利益，董事之间相互监督不意味着承担横向义务。董事勤勉义务改革应凸显理性人假定的差异化标准，矫正董事催缴连带责任的不当扩张，填补授权资本制下董事公平对待义务的缺失，增加董事合规监督义务，允许章程豁免或适度限缩勤勉责任。董事忠实义务改革应从严格的禁止模式转向缓和的利益冲突平衡模式，完善自我交易、公司机会、同业竞争与高管薪酬的规则，提供违反忠实义务的多元化救济路径。公司利益范式不仅提供了董事义务改革的全新解释框架，而且重塑了面向本土商事特质的董事义务规则体系。,公司利益;勤勉义务;忠实义务;授权资本制;公司治理,D922.291.91,,,法学三大刊论文/中国法学/公司利益范式下的董事义务改革.pdf
193,公司法定代表人越权签署的担保合同效力规则的反思与重构,刘俊海[1],中国人民大学法学院,2020,5,223,242,"公司对外担保制度蕴含着公司生存权与发展权、公司善治、股权文化、契约精神与信托义务等公序良俗,为效力性规范。私法规范中的所有强制性规范皆为效力性规范。法定代表人越权签署的担保合同无效,除非由公司决议予以追认或善意相对人主张表见代表制度保护。公司法创设的债权人审查章程与决议的注意义务深度影响着《民法典》第504条的解释与适用。已登记章程对法定代表权的限制可对抗债权人。债权人若已尽合理审慎的形式审查义务,即为善意。履行注意义务以理性人标准为主,主观标准为辅。越权担保合同无效时,相对人可请求法定代表人履约或赔偿,但与公司无涉。建议新《公司法》原则禁止公司对外作保。要根除同案不同判现象,既需推动立法精准化、可诉化与可裁化,更要消除法律解释碎片化;要破除法律部门藩篱,扭转""重合同法、轻公司法""现象;要终结公章至上论和法定代表人至上论,区分法定代表人代表行为和公司决议行为。",法定代表人;越权代表;公司决议;效力性规范;善意相对人;中小股东,D92,0,,法学三大刊论文/中国法学/公司法定代表人越权签署的担保合同效力规则的反思与重构.pdf
194,公司法改革的文化拘束,蒋大兴[1],北京大学法学院,2021,2,84,106,"虽然经济是法律发展的原动力,但文化才可能最终决定公司法的实际表现和边界,中国文化对公司法的影响是多方面的.首先,熟人交易模式表明,公司法应从关注物的信用与合同信用转向关注人格信用,重视股东信用要素的公示.其次,儒家传统所宣扬的集权文化、家长制、等级制等无不暗示着适合我国的有效率的公司治理不是""集体会议、决议制"",而是""精英决定制"",应取消强制设立集体董事会的规定.虑及""面子文化""的影响,还可考虑减缩或取消董事会的决策权,让其回归民主讨论的场所.再次,""法人格否认泛化""可能激发股东无限责任危机,促使法人制度死亡.虑及家族企业传统,关系企业内部相互支持符合交易理性,应缓和集团内部法人格否认之运用.最后,公司法还应简化强制性规范的效力识别规则,以""违反即无效/不生效""取代""违反可能无效/生效""的裁判理路,这可能是交易成本最小、尊重法律最多的方式,也更符合我国民众""简化规则""的心理需求.",公司法;中国文化;人格信用;公司治理;法人格,D922.291.91,0,,法学三大刊论文/中国法学/公司法改革的文化拘束.pdf
195,公司解散纠纷的司法实践和裁判规则改进,耿利航,山东大学法学院,2016,6,213,235,在我国公司解散纠纷的司法实践中，最高人民法院倾向于以公司内部人合性障碍为裁判考量核心因素，实际上给了原告股东无理由退出公司的权利（力），这有悖于有限公司本质内控特征，侵害了公司和其他股东的合法权益。而下级法院倾向于以公司对外经营情况为裁判考量核心因素，又没有充分考虑给予正常经营的公司里受到严重压制的股东应当的解散救济，少数股东拥有真实的退出权利是抑制多数股东各种机会主义行为的更有效工具，是公司解散制度的核心功能所在，法院判决公司解散从不意味着运营正常的公司必定会被强制清算。为谨慎起见，我国法院应将公司解散救济原则上应用于多数股东存在侵吞、转移公司资产等严重违反忠实义务行为的公司解散纠纷案件。,公司解散;股东压制;人合性障碍,D922.29,0,,法学三大刊论文/中国法学/公司解散纠纷的司法实践和裁判规则改进.pdf
196,公司资本制度改革的正当性：基于债权人保护功能的法经济学分析,黄辉,香港中文大学法学院,2015,6,159,178,我国2013年公司资本制度改革主要包括取消最低注册资本额，废除法定的验资程序，采用完全认缴规则，工商登记不记载实缴出资等。此次改革的直接动因是降低公司设立成本，改善营商环境，但引发了关于债权人保护问题的激烈争论。对于2013改革前后债权人保护机制的成本收益分析表明，2013改革引入了债权人保护机制的新范式，而且比改革前的公司资本制度可能更为有效。从新制度经济学的制度变迁和法律改革理论的角度看，2013改革在债权人保护方面提供了法律净收益，在方向和内容上具有正当性，符合“让市场在资源配置中起决定性作用”的总体改革精神，但改革过程付出变法成本，特别是由于一些争议问题而导致的间接变法成本，建议及时处理这些问题，以后公司法改革应提供成本收益分析的评估报告。,公司资本制度;债权人保护;认缴制改革;成本收益分析,D922.29,49,,法学三大刊论文/中国法学/公司资本制度改革的正当性：基于债权人保护功能的法经济学分析.pdf
197,公司软法定位及其与公司法的衔接,王兰[1],厦门大学法学院,2021,5,266,283,"公司治理现代化运动对社会力量参与治理越来越重视,公司软法作为其主要行动指南且不以国家强制力为后盾,在多元性主体、协商性程序、选择性运行等维度上获得其规范效力的正当性,并通过在主体行为度量、冲突利益调和与守法激励等面向上有效应对公司法运行中的结构性缺陷,确立了其在公司规范体系中的价值定位.然而,囿于自身有限拘束力和选择性适用所带来的实施效力不足与适用不确定,公司软法还应衔接公司法以形塑金字塔式梯次执法,培植公司自愿守法文化,并在公司司法中涵摄允诺禁反言机制,从而在软硬法有机协同下推动现代公司规范体系的统合性构筑.",公司法;公司软法;公司规范体系;公司治理,D912.29,0,,法学三大刊论文/中国法学/公司软法定位及其与公司法的衔接.pdf
198,公平公正待遇条款的法方法困境及出路,梁开银,浙江师范大学法政学院,2015,6,179,199,公平公正待遇条款语义抽象，作为条约规则直接适用，既容易一引发适用分歧和裁决矛盾，也容易导致私人投资者滥诉，从而损害东道国经济发展主权。国际社会试图通过“习惯国际法最低待遇标准”之限制和“例外条款”之排除等立法技术厘清公平公正待遇内涵以达到限制滥诉和化解裁决不一致的目的，但却陷入了条约规则适用的法方法困境。回归公平公正待遇条款的条约原则地位，并用“立法和司法”、“原则＋规则”的法方法，不仅可以避免投资者直接依据公平公正待遇条款的起诉和滥诉，而且保留了司法、仲裁机构在保证缔约方原意的前提下合理解释或适用条约的空间，平衡了私人投资者权利与东道国经济管理主权之间的关系，最终达到化解公平公正待遇适用风险和法方法困境的目的。,公平公正待遇;条约规则;条约原则;法方法论,D996,56,,法学三大刊论文/中国法学/公平公正待遇条款的法方法困境及出路.pdf
199,公平竞争原则与政府规制变革,孙晋[1],武汉大学法学院,2021,3,186,207,"传统的政府规制易产生阻碍市场公平竞争、制度成本高等规制外部性问题.正确处理市场自治与政府规制的关系,是现代市场经济体系建设中政府规制变革的肯綮.奠基于可竞争市场理论的""后规制"",强调政府规制与市场竞争均是增进社会福利的工具,不是非此即彼的价值目标.""后规制""要求政府遵循公平竞争原则、确立竞争政策基础地位,不仅需要将市场竞争主体和规制机构纳入到政府规制中,而且规制过程本身亦应受到竞争机制的评价和约束,从而切实优化规制.公平竞争原则引入规制与公平竞争审查制度覆盖规制,是克服规制外部性问题的最佳方案,旨在矫正政府不当干预市场行为,促成政府规制模式由""政府主导型""传统规制转向""市场回应型""的后规制,实现经济发展模式由""产业政策外驱型发展""转向""竞争机制内驱型发展"".",可竞争市场理论;公平竞争原则;政府规制;政府主导型规制;市场回应型规制,D922.294,0,,法学三大刊论文/中国法学/公平竞争原则与政府规制变革.pdf
200,公序良俗在我国的司法适用研究,蔡唱,湖南大学法学院,2016,6,236,257,公序良俗在裁判中的运用自2013年起增加迅速，涉及法律行为、侵权行为和不当得利等各领域。司法适用中存在以一般道德标准替代公序良俗、概念混用和割裂公共秩序与善良风俗等公序良俗界定问题，也包括判断对象错误、向一般条款逃逸等适用不规范问题。公序良俗司法适用问题之应对策略包括两大方面：一是要实现民法外部与内部价值有效沟通，具体包括界定公序良俗原则以增加确定性、充分发挥其引致作用、加强原则在民法内部区分控制。二是保障公序良俗原则之科学适用，具体包括明确适用条件、采取类型化适用方法、总结裁判中成熟类型和关注债务人超出自己预计给付能力、基本权利维护等我国裁判中尚未涉及之类型。,公序良俗;司法适用;类型化方法,D913,0,,法学三大刊论文/中国法学/公序良俗在我国的司法适用研究.pdf
201,公民遵守劳动纪律义务的宪法变迁与启示,"阎天[1,2]",北京大学宪法与行政法研究中心,2021,4,165,182,"遵守劳动纪律被现行宪法规定为公民的一项基本义务.该义务与宪法上的诸多制度和目标存在密切联系,其发展演进的动力是国家、企业与个人三者利益关系的变迁.遵守劳动纪律义务的原初含义主要是劳动者要接受国家教育以提高觉悟,从而同时实现巩固政治、发展经济和改善民生的目标.现行宪法颁布后,遵守劳动纪律义务淡化政治目标而突出经济目标,重点转向要求劳动者接受企业惩罚以加强服从,引发经济目标与民生目标之间的张力.21世纪以来,国家一方面为劳动者的服从设定法律限制,另一方面以敬业价值为核心重塑纪律教育,促进了政治目标的复归和经济与民生目标的协调.遵守劳动纪律义务的演进过程表明,公民基本义务并不因为带有道德内容或介入私人关系而不宜入宪,针对其过度膨胀的风险也有应对之道.宪法要求公民遵守劳动纪律不仅正当而且可行.",劳动纪律;基本义务;宪法变迁;宪法解释,D921;D922.5,0,,法学三大刊论文/中国法学/公民遵守劳动纪律义务的宪法变迁与启示.pdf
202,公私关系的认识论重建与国际法发展,蔡从燕[1],厦门大学法学院,2015,1,187,206,"认识论根本上决定了国际法实践和人们对于国际法实践的理解。国际法传统上被认为是作为公法人的主权国家创设并适用的处理彼此间关系的法律体系,它体现了公—公关系认识论的思维模式。20世纪中期,尤其90年代以来,私人参与或影响国际关系的能力获得实质性提高,国际法的公—私关系认识论得以形成,据此国际法发展应当被理解为包括国家和国际组织在内的国际公法人与私人进行多维度、多层次、多形式以及多主体间的互动过程。虽然公私关系认识论并不能完全取代公—公关系认识论,但在国际社会日益重视“人”的时代背景下,二者的结构性关系将朝着强化前者的方向发展,并且前者更具有基础性。由于中国和平发展进程的特殊性,比如国际关系日益迈向法治化、私人空前地参与或影响国际关系、特殊的公私关系传统与当代转型,积极接受并准确理解公—私关系认识论对于中国在实现和平发展的历史性进程中发挥国际法的积极作用、减少其消极作用,尤其具有重要意义。",国际法认识论;公私关系;和平发展,D99,78,,法学三大刊论文/中国法学/公私关系的认识论重建与国际法发展.pdf
203,共享经济财产容他权研究,付大学[1],,2023,5,248,268,容他权是与排他权相对应的一种财产权。共享经济下财产容他权得到广泛应用，成为共享经济的财产权理论基础。排他权中心主义受到质疑后，容他权受到财产法学者的高度重视，在共享经济财产权中居于核心地位。共享经济财产容他权具有商业性、有偿性和正式性等特点，能够产生福利功能、互助功能和分配功能等社会价值。在我国物权法理论中，容他权与排他权一样可定位为物权的效力范畴，是产生共有权、用益物权、临时占有和使用权的基础，利用合同自由定制来实现。作为治理性财产，共享经济下财产容他时可能会产生各种各样的问题，需要以当事人自我规制为主体、政府规制为主导的各方共同治理，以实现符合社会主义核心价值观的公共目标。,共享经济;财产权;容他权;排他权;共同治理,D923.2,,,法学三大刊论文/中国法学/共享经济财产容他权研究.pdf
204,共同市场支配地位制度拓展适用于算法默示共谋研究,"时建中[1,2]",中国政法大学,2020,2,89,107,"在数字经济条件下,算法不仅加剧了传统的寡头垄断问题,而且简化了共同市场支配地位的构成要件。因此,将共同市场支配地位制度拓展适用于算法默示共谋具有必要性和可行性。该制度能够预防共同市场支配地位的形成,破解认定垄断协议在证明要求上的障碍,制止卡特尔的""第二阶段行为"",具有难以替代的制度价值。我国应适时修改《反垄断法》第19条关于推定共同市场支配地位相关规定的不足。",共同市场支配地位;寡头垄断;算法默示共谋,D92,0,,法学三大刊论文/中国法学/共同市场支配地位制度拓展适用于算法默示共谋研究.pdf
205,共同市场支配地位的理论基础与规则构造,张晨颖[1],清华大学法学院,2020,2,108,128,"为解决寡头市场中的垄断问题,我国《反垄断法》提供了""滥用共同市场支配地位""的路径,但法律规定有缺陷并导致实践中难以适用或错误适用。以美国、欧盟为代表的理论和法律实践均表明这种认定思路是行之有效的,但其难点在于如何通过间接证据证明市场寡头不具合理性的一致性行为不是由于客观市场结构造成的,而是基于主观意图,因此具有可责性。分析美国、欧盟的执法、司法案例,通过各自演进过程论证其内在逻辑,发现两种路径殊途同归。我国反垄断执法认定共同市场支配地位时应该将结构、行为因素并举。",共同市场支配地位;寡头垄断;平行行为;寡头依赖,D92,0,,法学三大刊论文/中国法学/共同市场支配地位的理论基础与规则构造.pdf
206,共犯处罚根据论的反思与修正:新混合惹起说的提出,王昭武[1],云南大学法学院,2020,2,238,255,"混合惹起说虽然是共犯处罚根据论的通说,但是其最大不足在于,无法有效应对新型网络共同犯罪。造成这种问题的根本原因是,混合惹起说以限制从属性说作为理论基础,主张只有犯罪结果对正犯与共犯而言均具有违法性,才可能处罚共犯。然而,既然共同犯罪的本质是行为的共同而非犯罪的共同,成立共犯理应只需从属于正犯的实行行为,而且,对正犯的违法性评价未必连带作用于共犯,因而可以采取最小从属性说,无须采取限制从属性说。如此,就需要对混合惹起说进行修正:处罚共犯,只要求犯罪结果对共犯而言具有违法性即可,无需对正犯也具有违法性。这样既可以有效地应对新型网络共同犯罪等问题,也可以对共犯故意创造""利益冲突状态""的行为作出准确评价。",共犯处罚根据;混合惹起说;行为共同说;违法的相对性;最小从属性说,D92,0,,法学三大刊论文/中国法学/共犯处罚根据论的反思与修正_新混合惹起说的提出.pdf
207,内幕交易违法所得司法判断规则研究,刘宪权,华东政法大学,2015,6,239,262,违法所得是影响内幕交易定罪量刑的重大要素，但法律与司法解释规定的原则性、判例的实践争议性及资本市场刑法理论解释能力的有限性，共同决定了内幕交易违法所得司法判断规则亟须完善。内幕信息公开后，市场价格客观出现了与信息内涵相应方向的价格波动，应推定信息与价格具有相当因果关系，以内幕交易者实际实施的相关平仓价格水平作为计算违法所得的基准价格；内幕信息与平仓价格水平无关，交易所得是受外部市场介入因素影响的，应当排除内幕交易违法所得的认定或者扣除相应数额；未完成平仓或者意图规避损失的内幕交易，其违法所得属于法律拟制的犯罪结果，应根据内幕信息与市场价格关联性、持仓水平、规避损失等具体要素进行司法核定。内幕信息传递的违法所得，应当根据信息价值是否通过他人金融商品交易行为转化为信息传递者的个人经济利益予以核定。,内幕交易犯罪;违法所得;信息价值;实际成交差额;选择性披露,F832.5,41,,法学三大刊论文/中国法学/内幕交易违法所得司法判断规则研究.pdf
208,再论建设用地使用权出让合同的民事属性,屈茂辉[1],,2023,6,201,221,建设用地使用权出让合同的基本属性是民事性，即出让合同为民事合同，不应“改性”为行政协议。出让制度的目的在于以市场手段配置资源，其本质是平等有偿设立建设用地使用权。在现行法体系中，出让合同主要受《民法典》调整，是重要的民事合同类型；出让合同在行政法规中也是以民事性为本位；《土地管理法》等公法对该合同的规定旨在辅助建设用地使用权的出让而不会改变其法律性质。出让合同行为中并无行政权的实施或转移，也不具有行政协议的构成要件，无论是从法理还是法规范上，皆不能算作行政协议。出让合同行政协议说谬误的根源，在于混淆了行政法上的权利义务、行政优益权与行政管理三者之间的关系。如果将出让合同“改性”为行政协议，不仅有害合同正义与救济效果，会造成裁判与诉源治理的司法困境，还违背了现代法治精神，有损中国特色社会主义法律体系。,建设用地使用权出让合同;民事合同;行政协议,D922.3,,,法学三大刊论文/中国法学/再论建设用地使用权出让合同的民事属性.pdf
209,再论行政应急性原则:内涵、证立与展开,彭錞[1],北京大学法学院,2021,6,61,79,"行政应急性原则是中国行政法学罕见的原创性概念,但也一直被批评为不利于应急法治.这是对该原则的误解.其内涵是:为应对紧急事件,基于公共利益的必要,应在事前制定法律规范,突破日常法律授予行政机关应急权力,促进有效应急,但仍须尽量持守法治价值,避免无限授权;若按照既定法律还不足以应急,则应采取违法应急措施,但事后须接受并通过立法机关、司法机关的审查,方可获得追认和免责.行政应急性原则具有法律原则的特征,亦符合我国行政法基本原则的标准,能为完善事前应急立法的程序、内容和效力以及应急行为事后审查的渠道和逻辑提供规范性指引.这一由中国学者首倡的概念,理应作为行政法基本原则,指导下一阶段的应急法治建设.",行政应急性原则;行政法基本原则;事前立法;事后免责;应急法治,D922.1,0,,法学三大刊论文/中国法学/再论行政应急性原则_内涵、证立与展开.pdf
210,再论辩护律师向犯罪嫌疑人、被告人核实证据,朱孝清,中国法学会,2018,4,44,64,"文章从立法机关态度、阅卷权来源、犯罪嫌疑人被告人特点、阅卷或告知证据可能导致的消极后果、法律对全面示证规定的时机等六个方面,对律师核实证据＂等于认可了犯罪嫌疑人、被告人阅卷权＂＂表明律师可以将案内不同证据告知犯罪嫌疑人、被告人＂的观点,进一步提出了质疑。从核实证据的目的、主体、范围、方式等方面,对＂核实证据＂的含义作了解读。同时认为,从应然角度来看,为了使无辩护人的犯罪嫌疑人、被告人实现＂平等武装＂,提高＂控辩协商＂或自行辩护质量,减少言词笔录和＂打包＂举证对公正审判可能带来的消极影响,节约司法资源、提高诉讼效率,建议法律赋予无辩护人的认罪认罚嫌疑人和不认罪认罚的被告人以有限制的阅卷权。",核实证据;实然与应然;有限制阅卷权,D925.2,0,,法学三大刊论文/中国法学/再论辩护律师向犯罪嫌疑人、被告人核实证据.pdf
211,农村土地流转的合宪性分析,李忠夏,,2015,4,123,141,农村土地流转问题在今天中国的理论与实践中饱受争议。有学者主张放开农村土地的自由流转，改变国家垄断土地一级市场的现状，使农民从土地增值中获益，进而彻底废除集体所有制，实现土地私有；有学者则认为需要认清农村的现实和农民的需要，正视“土地财政”的积极作用，主张“土地发展权”国有。所有这些主张都未从宪法角度对现行《土地管理法》所设立的相关制度进行分析，也并未从宪法角度分析农村土地制度中集体与个体的权利属性与权利边界，因此有必要对宪法第10条所确立的农村土地制度以及“集体所有制”进行规范上的分析，结合土地制度的历史演进、现状与宪法的变迁，对“集体所有制”中国家、集体、个体之间的相互关系进行重新界定，并对《土地管理法》所确立的农村土地流转制度进行合宪性分析。,土地流转;集体所有制;《土地管理法》;土地发展权;土地财政,D921,67,,法学三大刊论文/中国法学/农村土地流转的合宪性分析.pdf
212,农民集体成员权、农民集体决议与乡村治理体系的健全,王雷[1],中国政法大学民商经济法学院,2019,2,128,147,"农民集体所有权的规范目的是实现农民集体成员权,经由民主决策程序实现村民自治。农民集体成员权是农民对集体所享有权利的总称,其行使的重要价值目标之一是实现对集体财产的分配正义。农民集体决议行为是农民集体成员权的主要行使方式和村民自治的民法体现,其法理基础在于根据程序正义的要求基于民主多数决的意思表示形成机制实现农民集体的公共选择。本文提出乡村治理体系“一体两翼”的理论:以乡村治理体系为“一体”,以农民集体成员权和农民集体决议行为为“两翼”;其中,健全乡村治理体系和完善农民集体决议行为规则的根本目的是保障农民集体成员权的实现。应妥当界定农民集体决议行为的成立和效力,区分农民集体决议行为的不成立与农民集体对外合同行为的法律效力,并在民法典物权编对农民集体决议行为的规定做相应完善。",农民集体成员权;农民集体决议;村民委员会组织法;乡村治理;村民自治,D923.2,0,,法学三大刊论文/中国法学/农民集体成员权、农民集体决议与乡村治理体系的健全.pdf
213,减税、减负与预算法变革,陈治[1],西南政法大学经济法学院,2019,3,163,185,"减税是当前我国税制变迁的重要议题。然而,与不断推陈出新的减税措施形成对照的是纳税人获得感与减税目标期待之间仍然存在一定距离。其中缺乏从支出对税收征收的影响、税收征收相对于支出获得的适度性、税收征收后的使用绩效等收支统合的维度对纳税人负担进行全面考量,在相当程度上抑制了减税减负的实践效果。需要通过对预算权力与税收调控权力的兼容协调、预算权力与预算权利的二元构造、预算权力自身的放权激励与责任约束的机制匹配,降低纳税人实际负担税收的水平,进一步优化税收规模的适度性,提升税收使用绩效,实现减税减负的法治化目标。",减税;减负;预算权力;税收调控权力;纳税人预算权利,D922.21,0,,法学三大刊论文/中国法学/减税、减负与预算法变革.pdf
214,减负与转型的经济法推进,张守文,北京大学法学院,2017,6,187,202,“减负与转型”是贯穿我国经济改革与法治发展的一条重要逻辑主线。运用经济法推进减负与转型，有助于整体经济系统的优化，实现“减负增效”和“转型升级”；有助于通过经济法上的职权与职责、权利与义务的合理配置，促进主体负担的公平分配，实现市场主体与政府的“双向减负”和各自转型，从而促进经济和社会的有效发展。实践中，应改变既往对政策的过度倚重，推进“制度转型”、构建“包容性制度”，实现法治框架下持久的“制度性减负”。,市场主体减负 制度转型 主体负担 经济法治,F752.68,0,,法学三大刊论文/中国法学/减负与转型的经济法推进.pdf
215,分层土地利用中的强制地役权研究,林旭霞[1],,2023,5,191,210,在土地分层利用的情形中，现有民法体系中由“法定相邻关系”与“意定地役权”组合而成的“双轨制”呈现出局限性。既有解决思路无法为调整分层土地利用中的利益关系提供充分的制度方案。解决问题的进路是：基于公序良俗原则，类推适用强制缔约制度，设立强制地役权。强制地役权在分层土地利用中有充分的适用空间，可与民法体系相融合。基于原则冲突理论，在“土地合理利用原则”与“合同意思自治原则”之间，应优先适用“土地合理利用原则”，并以裁判强制缔结地役权合同为原则具体化后的规则。强制地役权合同内容应符合分层土地利用规划、建设工程技术标准的要求。强制地役权合同定价由第三方评估机构以专业评估方法加以确定，并通过程序控制克服评估方法的不足。,分层土地利用;强制缔约;强制地役权;法律原则冲突,D923.2,,,法学三大刊论文/中国法学/分层土地利用中的强制地役权研究.pdf
216,刑事司法实证研究：以数据及其运用为中心的探讨,何挺,北京师范大学刑事法律科学研究院,2016,4,198,217,"实证研究数据的核心内涵在于研究者基于自身经验的直接发现,其外延应基于这一核心内涵延展,而不受形式、载体等外在表现的过多限制。用数据进行测量是实证研究的基本观念,测量的实施需要经由概念化、操作化。刑事司法领域的测量具有自身的特点,如何在纷繁复杂的刑事司法实践中开展科学有效地直接测量,是实证研究的核心环节和难点。依据不同的标准将刑事司法实证研究涉及的数据划分为不同的类别,能够提供很多观察不同种类数据特征、优劣与运用规则的视角。刑事司法实证研究中数据的运用应当遵循寻求较佳数据、量力而行、组合运用以及不迷信数据的原则。我国刑事司法实证研究的数据运用亦存在多方面的问题值得反思。现阶段大数据尚未对刑事司法实证研究产生质的影响,但却能提供多方面的有益启示与思考。",刑事司法;实证研究;数据;测量;大数据,D920.4,34,,法学三大刊论文/中国法学/刑事司法实证研究：以数据及其运用为中心的探讨.pdf
217,刑事司法应坚持罪责实质评价,阮齐林,中国政法大学刑事司法学院,2017,4,57,68,"王力军无许可证收购玉米改判无罪案的启示是：刑事司法应当坚持罪责的实质评价,充分体现国法、天理、人情的统一。应当依据《刑法》第13条规定的犯罪概念三特征,建立＂三要件二层级＂的犯罪构成体系,行为成立犯罪必须具备刑事违法性、社会危害性、应受惩罚性三要件。刑事违法性是行为触犯刑罚法规,具有构成要件符合性,是法条文本层面的评价;社会危害性是行为实质违法的评价;应受刑罚惩罚性是行为人对其触犯刑律的危害行为可谴责性的评价。危害性和可谴责性是在刑事违法性基础上的实质评价,认定的犯罪不仅违法而且有害、有责,方能合乎天理人情。",王力军案;罪责实质评价;非法经营罪;犯罪概念;犯罪构成,D924,11,,法学三大刊论文/中国法学/刑事司法应坚持罪责实质评价.pdf
218,刑事对物之诉的初步研究,陈瑞华[1],北京大学法学院,2019,1,204,223,"在被告人逃匿或死亡案件中确立违法所得没收制度,标志着一种刑事对物之诉机制在我国得到确立。而在被告人到场案件中引入对物之诉机制,不仅可以有效地限制法院在涉案财物追缴方面的自由裁量权,为被告人、被害人及其他利害关系人参与诉讼活动创造条件,而且符合审判中心主义改革的理念,可以提高司法裁判的公信力。要构建刑事对物之诉机制,就要调整对物之诉与对人之诉的关系,确定对物之诉的程序模式。与此同时,在引入一种'有独立请求权的第三人'理论的基础上,需要对被害人参与对物之诉的方式作出恰当的制度设计,对其他利害关系人的诉讼地位给予适当的安排。在刑事诉讼中引入对物之诉机制,将使涉案财物追缴成为独立的诉讼标的,促成司法裁判形态的多元化,并使得涉案财物追缴程序被纳入诉讼化的轨道。",涉案财物追缴程序;对人之诉;对物之诉;独立性对物之诉;附带性对物之诉,D925.2,0,,法学三大刊论文/中国法学/刑事对物之诉的初步研究.pdf
219,刑事庭审实质化的维度与机制探讨,陈实,中南财经政法大学法学院,2018,1,190,206,内容提要庭审实质化是“以审判为中心”的诉讼制度改革的重要内容。当前对于庭审实质化的理论研讨尚有一些盲点，相关的改革举措也存在较大局限。推进庭审实质化并非是刑事庭审制度局部的技术性改良，而是刑事审判方式转型的系统性工程。首先应当从确定案件类型、审理层级、审理内容三个维度上对庭审实质化予以推进。其次，要重塑以抗辩制为内核的庭审事实发现机制，构建庭审内外部的裁判心证约束机制，规范合议决策和法院案管决策的案件裁断审决机制。,庭审实质化;以审判为中心;司法改革;审判制度转型,D925.2,0,,法学三大刊论文/中国法学/刑事庭审实质化的维度与机制探讨.pdf
220,刑事强制医疗解除程序实证研究,王迎龙[1],,2022,2,184,203,"强制医疗的解除程序对于保障精神病人的人身自由至关重要.""依法不负刑事责任的精神病人的强制医疗程序""实施至今已近十年,解除程序的实践适用亟需进行总结与反思.刑事强制医疗解除程序的实践难题并不在于解除,而在于解除适用的不统一.影响法官裁量的因素中,专家意见与家属意见最为关键,实践中解除程序呈现一种唯""医学+家庭""模式.该模式以被强制医疗人的人身危险性评估为核心,过于注重防卫社会而忽视基本权利的保障.在医学领域,强制医疗解除评估机制并不规范,对后续法官认证造成了困难.在法律领域,法官欠缺强制医疗相关证据的认证手段与能力,强制医疗解除的审理贯彻""行政化""逻辑.并且,受到报应刑观念的影响,强制医疗在一定程度上仍然带有惩罚色彩.刑事强制医疗解除程序应当向权利保障模式转变,通过强制医疗解除评估机制的规范化与强制医疗解除程序的法治化,在医学与法律领域内共同推动予以完善.",刑事强制医疗解除程序;司法精神病鉴定;人身危险性;定量分析,D925.2,,,法学三大刊论文/中国法学/刑事强制医疗解除程序实证研究.pdf
221,刑事案件的差异化判决及其合理性,周少华[1],广州大学法学院,2019,4,145,164,"司法的本质在于实现个案公正。在刑事司法中,面临的真正问题不是'同案同判',而是对案件作出区分。由于绝对的'同案'并不存在,即使存在也很难判定,因此,差异化的判决不仅无可避免,也具有相当的合理性。与形式化的'同案同判'相比,合理的差异化判决更有利于个案公正的实现。当然,在差异化判决中,刑罚均衡仍然存在,它和欠缺均衡性的'同案异判'有着根本性的区别。差异化判决的正当性与合法性,需要通过具体的判决理由进行证明,它只能存在于法律所提供的裁量范围之内。",刑事司法;个案公正;同案同判;差异化判决,D926.2,0,,法学三大刊论文/中国法学/刑事案件的差异化判决及其合理性.pdf
222,刑事涉案虚拟财产强制处分论,田力男[1],,2023,5,111,127,伴随科技发展，数字时代虚拟货币类物拓展了涉案财物的形态。以比特币为典型的虚拟货币属于新型涉案虚拟财产。我国刑事司法实践中强制处分虚拟财产存在困境，包括本体手段界定不清、实践运用欠规范，强制处分探索中四种不同模式均有局限，强制处分后的延续性状态和效力无法确保。对于新型虚拟财产的强制处分，传统法律治理理论适配性较弱，相应理论供给也不足，故技术性正当程序与过程性监督融合论应被提倡。未来，刑事涉案虚拟财产强制处分应走向新型技术性过程监督下的综合模式。,虚拟财产;比特币;强制处分;技术性过程监督,D925.2,,,法学三大刊论文/中国法学/刑事涉案虚拟财产强制处分论.pdf
223,刑事职能管辖错位的程序规制,谢小剑,江西财经大学法学院,2021,1,269,284,"对于侦查机关之间的职能管辖错位,现行法律在查办阶段采取""直接移送规则"",审查起诉阶段采取""实体判断+及时移送模式"",审判阶段采取""单一审查地域管辖模式"",并未形成完备的程序规制规则.监察体制改革后,职能管辖错位可能对被调查人的辩护权产生较大影响,损害监察体制改革目标.2019年《人民检察院刑事诉讼规则》第357条采取""二元论"",对涉监察委员会管辖的案件创设了""实体+听取意见双重审查模式"",以监察机关的意志决定程序走向,不利于司法制约以及保障被调查人权利.实际上,职能管辖错位是否需要程序制裁应当权衡诉讼效率、实体错误与否、违法程度、权利损害程度四个方面.如果监察委员会查办了侦查机关管辖的案件,对于恶意违法的应当否定该职能管辖错位行为的法律效力,而不是以办案机关的意见作为后续程序处理的标准.我国应当完善制裁职能管辖错位的程序,对于恶意的职能管辖错位应当退回办案机关,否定阶段性终结决定的效力,之前取得的实物证据作为瑕疵证据处理,否定言词证据的证据能力.",职能管辖;监察委员会;程序性制裁;管辖错位,D925.2,0,,法学三大刊论文/中国法学/刑事职能管辖错位的程序规制.pdf
224,刑事裁判中法律学说的运用困境及其解决路径,梁健[1],浙江大学光华法学院,2024,4,188,207,刑事案件裁判说理难题为法律学说的司法适用提供了契机。合理运用法律学说既有助于强化刑事裁判文书的说理，也有利于法律学说的创新发展。但目前法律学说在刑事裁判中存在不被法官重视、援引的必要性和关联性不足、援引的规范性标准不清等困境，还潜藏着论证不周延、引发同案不同判、造成裁判说理对象错位等风险。为此，有必要探明刑事裁判中运用法律学说的困局之因与正当性所在，进而系统构建其具体运用机制：一是法律学说的司法适用应当遵从必要性、关联性、合理性三项基本原则；二是明确法律学说在刑事裁判中的运用条件、程序、方式等制度标准；三是通过援引法学通说、借鉴法律评注机制、创新运用法律学说、发布指导性案例等方式，全面拓宽法律学说与刑事裁判的沟通机制。未来，法律学说与刑事司法实践需进一步加强沟通互动，法律学说需要更加聚焦于司法现实问题，并将学术创新成果及时投入司法实践予以检验；司法实践也要更加倚重法律学说的论证支撑，并实质性助推法律学说创新发展。,法律学说;刑事裁判;司法实践;制度标准;沟通机制,D925.2,,,法学三大刊论文/中国法学/刑事裁判中法律学说的运用困境及其解决路径.pdf
225,刑事证据“生命流程”的理论阐释,冯俊伟[1],,2023,1,263,282,如何理解刑事证据是刑事证据法的核心问题之一。传统研究认为刑事证据法主要作用于审判阶段的定罪问题，对刑事证据的理解也更多从结果角度、静态角度进行，忽视了对证据生成、收集、保存、提出等过程的整体关注。刑事证据的“生命流程”从整体刑事诉讼程序出发，关注证据生成、收集、保存、提出、运用等整个过程，展现证据流转的动态变化，强调证据的可追溯性。从过程视角审视刑事证据，强化了审前证据与审判证据的连接，将证据法置于一个更宽阔的发展平台，有助于促进我国证据法理论体系的发展与变革。,刑事证据;审前程序;审判证据;证据可追溯,D925.2,,,法学三大刊论文/中国法学/刑事证据“生命流程”的理论阐释.pdf
226,刑事证据审查的基本制度结构,吴洪淇,中国政法大学证据科学教育部重点实验室,2017,6,167,186,现代刑事证据审查体系是以“证据准入一证据评估相分离”为核心特征，由术语范畴、审查主体、审查标准与程序保障等多个维度构成的一个立体制度结构体系。多层次的立体制度结构体系有利于保障证据准入与证据评估的相对分离，从而确保刑事证据规则的有效实施。我国最新的刑事证据立法已经通过“材料一证据一定案根据”这三个基本范畴确立起证据准入的两道审查门槛。证据审查规范与相关审查范畴的对接彰显了在新形势下对刑事证据审查的进一步强化。我国证据审查制度还仅仅是一种相对扁平化的线性制度构建，审查范畴上的区分缺乏来自主体分离、程序设置和适用标准层面的支撑与保障。随着以审判为中心的诉讼制度改革的推进，我国刑事证据审查的制度体系也需要作出相应的调适。,证据准入 证据审查 定案根据 证明力 印证,D915.13,0,,法学三大刊论文/中国法学/刑事证据审查的基本制度结构.pdf
227,"刑事诉讼中的""人"":一种主体性研究",左卫民[1],四川大学法学院,2021,5,86,101,"法律机制的自主运行俨然成为当前刑事司法程序中的突出现象之一.问题的根源在于理论与立法往往忽视或回避执法者的人性因素,欠缺对现实执法环境的深刻洞察,并要求其扮演没有感情色彩的""理想人""角色,但执法者具有自然人所拥有的特征与品格,更多扮演的是一种""社会人""的角色.他们的利益、能力以及价值观每时每刻都在影响着执法行为.未来,刑事诉讼理论应当向主体性研究迈进,注重对实证研究范式的使用;立法应当正视执法者的利益与价值观,打造能够为执法者所接受的立法产品,建立一体化的刑事诉讼体系.",诉讼实践;主体性研究;刑事诉讼;执法者,D925.2,0,,法学三大刊论文/中国法学/刑事诉讼中的“人“_一种主体性研究.pdf
228,刑事诉讼中程序惯性的反思与规制,郑曦[1],北京外国语大学法学院,2021,3,248,264,"刑事诉讼在程序惯性的作用下沿着追诉和定罪的方向加速发展,程序惯性阻抗着后续程序对先前程序的审查,使得欲改变程序或推翻先前结论变得十分困难.程序惯性的作用造成刑事诉讼中权力制约机制失效、权利保障措施虚置,导致刑事诉讼结构变形,甚至可能引发实体上的错案.程序惯性是由刑事诉讼的""质量""决定的,其影响因素包括刑事司法权力配置、社会控制成本考量、办案人员心理作用和刑事诉讼具体制度等.因此需从优化配置刑事司法中的权力关系、重新核算刑事案件处理的成本、引导办案人员进行心理调整、完善刑事诉讼具体制度等方面着力,规制程序惯性,从而保障刑事诉讼实现公平正义.",程序惯性;刑事诉讼质量;程序正义;实体公正,D925.2,0,,法学三大刊论文/中国法学/刑事诉讼中程序惯性的反思与规制.pdf
229,刑事诉讼主体理论的扬弃与超越,谢澍[1],,2023,3,264,284,刑事诉讼主体面对认知偏差，需要将其控制在可接受的程度范围之内，但这超出了传统诉讼原理和哲学知识的解释范畴，需要认知科学的介入提供智识资源。刑事诉讼认知主体可以区分为“认知决策主体”与影响其认知决策的“认知提示主体”和“认知监控主体”，但各主体可能存在交叉甚至在特定诉讼环节会出现角色互换的情况。为了避免刑事诉讼中的“主体”之权利（力）与义务的界限模糊，刑事诉讼程序设计应当给予“自主性”与“可控性”特别关照，使其呈现二阶递进的关系，进而兼顾认知的自由与认知的控制。在“自主性”层面，需要确保刑事诉讼认知主体具有独立的诉讼地位，通过“主体性”带动“自主性”的兑现，并在程序设计上体现内化的“自主性”；在“可控性”层面，需要确保履行不同职能之刑事诉讼主体的认知决策过程不得简化、合并甚至混同，其认知决策过程中应当得到充分的程序提示和监控，并对直接影响诉讼进程和结果的认知决策进行充分说理。,刑事诉讼主体;认知主体;认知决策;自主性;可控性,D925.2,,,法学三大刊论文/中国法学/刑事诉讼主体理论的扬弃与超越.pdf
230,刑事诉讼事实形成机理探究,杨波[1],,2022,2,163,183,"以往的事实发现理论将裁判事实看成是单方反映和发现的结果,追求诉讼认识与客观实在的符合,是一种结果性事实观的体现.在现代刑事诉讼中,认识活动不能被简单地化约为主客体间的关系,法律事实是在诉讼活动主体间的行为和交互作用中生成的,是各诉讼认识主体共同建构的产物,建构性诠释了法律事实的形成机理.通过开放的程序建构出来的法律事实是一种程序性共识,以其作为裁判的基础,能够重建司法裁判的正当性.未来,我国刑事司法应打破结果性事实观的束缚,以理性、开放的程序性事实观为指引,进一步区分对抗式司法模式下的博弈性事实与合作式司法模式下的合意性事实在形成机理上的差异性,最终实现事实理论对刑事程序改革实践的引领.",程序性事实观;程序性共识;博弈性事实;合意性事实,D925.2,,,法学三大刊论文/中国法学/刑事诉讼事实形成机理探究.pdf
231,刑事诉讼数据处理的全流程监管,郑曦[1],北京外国语大学法学院,2024,5,185,203,数字时代的刑事诉讼越来越倚重于数据处理，而数据处理涉及重大法益，应对其进行全流程监管。为实现此种监管，应以数据处理活动为监管内容、以检察机关为监管主体、以具有公权力属性的数据处理者为监管对象，勾勒出刑事诉讼数据处理全流程监管的基本架构。刑事诉讼数据处理全流程监管应以权力行使与权利保障平衡为价值取向、以数据流动与数据安全兼顾为监管目标，采用“面”“线”“点”相结合的监管方式，为数据监管工作提供指引。在具体实施层面，应围绕数据的收集、使用与加工、存储与传输、删除与销毁四个数据处理的核心阶段展开监管，以保护公民权利，并保障数据的安全和有序流动。,刑事诉讼;数据处理;数据安全;数据流动;全流程监管,D925.2,,,法学三大刊论文/中国法学/刑事诉讼数据处理的全流程监管 (1).pdf
232,刑事诉讼数据处理的全流程监管,郑曦[1],北京外国语大学法学院,2024,5,185,203,数字时代的刑事诉讼越来越倚重于数据处理，而数据处理涉及重大法益，应对其进行全流程监管。为实现此种监管，应以数据处理活动为监管内容、以检察机关为监管主体、以具有公权力属性的数据处理者为监管对象，勾勒出刑事诉讼数据处理全流程监管的基本架构。刑事诉讼数据处理全流程监管应以权力行使与权利保障平衡为价值取向、以数据流动与数据安全兼顾为监管目标，采用“面”“线”“点”相结合的监管方式，为数据监管工作提供指引。在具体实施层面，应围绕数据的收集、使用与加工、存储与传输、删除与销毁四个数据处理的核心阶段展开监管，以保护公民权利，并保障数据的安全和有序流动。,刑事诉讼;数据处理;数据安全;数据流动;全流程监管,D925.2,,,法学三大刊论文/中国法学/刑事诉讼数据处理的全流程监管.pdf
233,刑事诉讼法与监察法的衔接难题与破解之道,程雷[1],中国人民大学刑事法律科学研究中心,2019,2,167,182,"2018年10月立法机关对《刑事诉讼法》进行了第三次修正,旨在实现职务犯罪案件办理过程中《刑事诉讼法》与《监察法》的顺畅衔接,但遗憾的是此次修正对若干衔接问题采取了回避的态度,半年多来的《监察法》实施实践亦表明,法法衔接仍然存在着三项难题:监察案件是否应当办理刑事立案手续;退回补充调查期间强制措施的衔接;监察证据是否适用非法证据排除规则。回应上述中国式问题,需要理论创新,作为破解之道应当确立形式性立案审查制度、坚持“人事合一”的诉讼客体理论、从监察调查系取证行为的本质出发,践行《联合国反酷刑公约》的国际义务,明确非法证据排除规则的适用。",监察法;刑事诉讼法;监察机关;法法衔接,D925.2,0,,法学三大刊论文/中国法学/刑事诉讼法与监察法的衔接难题与破解之道.pdf
234,刑事陪审中法律问题与事实问题的区分,陈学权,对外经济贸易大学法学院,2017,1,53,70,事实问题具有法律性，法律问题具有事实性，因此在理论上很难找到清晰而明确的标准准确地区分刑事陪审中的法律问题与事实问题。境外刑事陪审实践中对法律问题与事实问题之区分，主要是通过程序机制的方法明确法官和陪审员的具体职责，由此形成了一般裁定和问题清单两种不同的模式。我国刑事陪审中法律问题与事实问题的区分，既要遵循法哲学上有关诉讼中区分法律问题与事实问题的基本规律，又要充分考虑我国法律传统和司法实践等因素。,人民陪审员制度;法律问题;事实问题,D926,49,,法学三大刊论文/中国法学/刑事陪审中法律问题与事实问题的区分.pdf
235,刑民界分视野下诈骗罪成立范围的实质认定,陈少青,对外经济贸易大学法学院,2021,1,285,304,"关于诈骗罪成立范围的实质认定,现有理论主要从""欺骗""""错误""以及""损失""三个方面对诈骗罪构成要件进行实质解释,形成""限缩行为""与""限缩结果""两种路径.结合我国财产犯罪的立法特色,财产损失的实质化会导致对损失的有无与具体数额等难以进行精确判断,并破坏财产犯罪的整体一致性,因此,限缩结果路径不具有合理性.对于诈骗罪宜采取限缩行为路径,将非法占有目的的内核——民事救济可能的基本丧失,纳入欺骗行为的认定中,以此区分民事欺诈与刑事诈骗.行为人针对""财产给付的基础事实""""民事救济的重要事实""进行虚构、隐瞒,导致被害人陷入失去民事救济可能的高度风险的行为,属于刑法上的欺骗行为,有构成诈骗罪的可能.",诈骗罪;民事欺诈;财产损失;欺骗行为,D924.35,0,,法学三大刊论文/中国法学/刑民界分视野下诈骗罪成立范围的实质认定.pdf
236,刑法中行为论的新展开,李世阳,浙江大学光华法学院,2018,2,147,166,"行为论的演进历史就是犯罪论的发展历史,然而,过分注重行为论对于犯罪论的演绎作用并赋予行为论过多的功能,反而使行为论本身走向萎缩与崩溃。行为论中应当完成的主要任务是将值得纳入刑法评价范围的行为从案件事实中选取出来,以作为犯罪论的判断对象,即发挥作为界限要素的功能。当被选取的行为数量为复数时,还必须进而考察应当将其作分断处理还是统合处理。据此,行为论就可以通过行为特定论以及一体的行为论被重新激活。行为的特定论承担着发挥行为作为界限要素的功能;一体的行为论承担着在体系性思考与问题性思考之间切换的功能。本文尝试以规范的社会行为论选定刑法中的行为,以实现行为的特定化,进而探讨一体的行为论对于构成要件该当性、违法性、有责性、罪数论的辐射意义。",规范的社会行为论;行为的特定论;一体的行为论;犯罪论;罪数论,D914,0,,法学三大刊论文/中国法学/刑法中行为论的新展开.pdf
237,刑法再法典化的法理与蓝图,姜涛[1],,2023,5,27,48,我国现行刑法典及修正案在内在体系与外在体系上都存在问题，需要通过再法典化予以消解。刑法再法典化应以刑法法理为根本遵循，制定兼具实质理性与形式理性的永续模式的刑法典。这不仅需要从实质理性上实现法典编纂的系统性，坚守合宪性刑法立法观，正确处理禁止过度侵害与禁止保护不足所面临的重大争议，警惕和预防过度犯罪化悖论，而且需要从形式理性上确保法典编纂的多元性，形成“刑法、附属刑法、特别刑法”的三元结构。刑法总则再法典化涉及价值体系、定罪体系、犯罪分类体系、刑罚体系等四大体系的完善，后三大体系均在价值体系下统一塑造成为一个融贯的整体。刑法分则再法典化需要重点关注四类关键问题：借助刑法解法典化形成刑法渊源的多元存在；按照“人前物后”原则设置刑法分则结构体系；立足于时间刑法学实现罪刑关系的合理配置；改进“章少节多”“同质分立”的体系。,刑法典;刑法再法典化;刑法法理;永续模式;刑法立法观,D924.3,,,法学三大刊论文/中国法学/刑法再法典化的法理与蓝图.pdf
238,刑法干预前置化的理性反思,王强军[1],南开大学法学院,2021,3,229,247,"针对特定犯罪刑法干预前置化的表面预防效果容易诱使人们夸大其立法效果,推动其从零星的个别立法行为升级为得到立法机关概念性界定的立法政策.刑法干预前置化不仅容易出现由于对行为造成危害后果的严重性和高度盖然性评估不足导致的适用不当并进一步造成刑法的滥用,其积极一般预防效果也无法得到证实.故此,应当限制刑法干预前置化无节制的扩张适用.适用原则方面:坚守刑法的最后手段性,遏制刑法干预前置化成为常态化的立法政策.适用范围方面:限定其所可能适用的领域和保护法益的类型.适用后果方面:限制其可能给公民个人自由造成的伤害.即便是必须采取刑法干预前置化,也要精准评估行为的危害性,科学确立""刑法最后有效干预点"",建构配套出罪机制、刑罚制度、附随后果限制机制,实现刑法干预前置化的""入罪出罪""兼顾以及""罪刑两端""均衡.",刑法干预前置化;刑法最后有效干预点;积极一般预防;刑法谦抑性,D924.3,0,,法学三大刊论文/中国法学/刑法干预前置化的理性反思.pdf
239,刑法立法阻却事由的理论界定与制度前景,姜涛[1],南京师范大学法学院,2015,2,160,183,"刑法立法阻却事由是指可以阻却刑法修正的各种事由。立足于立法面向的刑法教义学,立法者必须把刑法的明确性原则、人权原则、比例原则、效益原则等作为判断刑法立法阻却事由的标准。当一种行为已为刑法分则之罪名所涵摄、抽象性概念经由刑法解释或指导性案例可以明确、设罪违背比例原则要求的＂无先而后＂的逻辑规则存在、行使宪法规定的公民基本权利或立法效益明显低于立法成本时,即存在刑法立法阻却事由,立法者应停止这种刑法修正。",立法阻却事由;法教义学;立法刑法学;比例原则;明确性原则,D924,48,,法学三大刊论文/中国法学/刑法立法阻却事由的理论界定与制度前景.pdf
240,制度型对外开放的支点:私法关系涉外性之界定及重构,张春良[1],西南政法大学,2019,6,86,104,"国际私法是我国规范涉外私法关系、建构私法领域对外开放秩序的基本法律,私法关系的涉外性是其发挥功效的支点。私法关系涉外与否,将在程序与实体上产生体系化的法律效力差异。我国迄今采取法律关系要素涉外的方式界定私法关系的涉外性,这在涉外民商事交往相对简单、法律关系较为传统的历史形势下较好地发挥了建构涉外私法秩序的功效。自贸区(港)、深圳前海、外商投资、共建""一带一路""倡议下""一站式""争端解决机制等对外开放的创新安排和实践,对现行涉外私法关系界定规则造成了新的冲击。我国应积极回应新形势下制度型对外开放的要求,顺势革新涉外私法关系界定规则,对外协调民法等周边规范,对内融贯法律适用法的内在安排,引入实质关联标准,设立矫正规则,创建""非内域私法关系""特别规则,为我国更高水平对外开放的创新安排与实践探索预留空间,为我国从政策型开放向制度型开放转变奠定基石。",私法关系;涉外性;制度型对外开放;全球私法治理,D92,0,,法学三大刊论文/中国法学/制度型对外开放的支点_私法关系涉外性之界定及重构.pdf
241,制度角色与制度能力：论刑事证明标准的降格适用,陈虎,中南财经政法大学法学院,2018,4,105,123,"我国刑事诉讼证明标准在实践中往往会被降格适用,法律制度上的＂高标准＂并没有在实践中做到＂严要求＂,造成这一悖反现象的根本原因在于裁判者制度角色和制度能力之间的矛盾。一方面,人们期待裁判者能够严格掌握证明标准,以防止错判无辜,另一方面,裁判者的制度能力又无力实现这一制度角色期待。提高死刑案件证明标准等改革方案进一步拉大了这种制度角色和制度能力之间的鸿沟,从而可能加大刑事司法错判无辜的风险。司法改革应重视制度角色和制度能力的互动关系,以避免表达与实践的悖反现象,真正实现改革的目标。",制度角色;制度能力;证明标准;降格适用,D925.2,0,,法学三大刊论文/中国法学/制度角色与制度能力：论刑事证明标准的降格适用.pdf
242,加快推进新时代区域法治发展,公丕祥[1],南京师范大学法学院,2024,5,28,33,在当代中国，区域法治是治国理政的区域性依法治理模式，是推动中国式法治现代化的区域实践活动。党的二十届三中全会通过的《中共中央关于进一步全面深化改革推进中国式现代化的决定》从全面推进强国建设、民族复兴伟业的战略高度，对把握新时代区域法治发展的时代主题、深化以行政区域为基础的区域法治发展、推进以跨行政区划为基础的区域法治发展，作出了新的重要部署，提出了一系列改革举措，主旨深远，内涵丰厚，指向鲜明，意义重大，是加快推进新时代中国区域法治发展的纲领性文献。,,D,,,法学三大刊论文/中国法学/加快推进新时代区域法治发展.pdf
243,劳动法上“合理”的多重意蕴及其应用,冯彦君,吉林大学法学院,2018,5,181,197,"＂合理＂是法学乃至整个人文社会科学领域较为常见的表达语词,也是在法律条文中高频出现的词汇。＂合理＂究竟是无法量化、含糊不清的生活化概念,抑或是有着多重意蕴、明确内涵的法律语言,这是学理与实践需要厘清的重要问题。解读＂合理＂在法世界中的多重意蕴不仅具有法律解释功能,而且具有法学方法论层面的特殊意义。从语义、语境、渊源等多方面解构＂合理＂一词,可得出＂合理＂在法学领域应用中的四种意涵：形式合理、实质合理、习惯合理、权衡合理,进而明确在何种条件下应适用何种解释框架,以期达致法律语言之严谨、学术话语之通达、法律适用之精准。",劳动法;“合理”;文义解释,D922.5,0,,法学三大刊论文/中国法学/劳动法上“合理”的多重意蕴及其应用.pdf
244,劳动法典编纂的重大意义与体例结构,谢增毅[1],,2023,3,5,24,编纂劳动法典有利于坚持和完善中国特色社会主义制度，回应数字时代劳动用工灵活化、新就业形态蓬勃发展面临的挑战，健全我国劳动法律体系、促进法制统一。劳动法典应采取体系型编纂模式，包含总则编和分则各编。劳动法典的体例结构应以劳动者权利类型和劳动法调整机制为理论逻辑，综合考虑现有规范基础、法典编纂目标和域外普遍经验。劳动法典应包括总则、劳动合同、劳动基准、特殊劳动关系、集体协商、企业民主管理、劳动监察和劳动争议处理等八编。,劳动法;法典化;劳动法典;体例结构,D922.5,,,法学三大刊论文/中国法学/劳动法典编纂的重大意义与体例结构.pdf
245,劳动者个人信息处理中同意的适用与限制,吴文芳[1],上海财经大学法学院,2022,1,221,243,"劳动者个人信息处理中同意的内在困境比其他社会关系都更为鲜明.应打破劳动法、民法与个人信息保护法的理论藩篱,重视对劳动者同意的适用及体系性限制.劳动者信息处理的合法性来源存在两种替代个人同意的适用,分别为""订立或履行合同所必需""的默示同意及以集体合同或劳动规章制度为载体的集体合意.为促进信息利用,应允许雇主在超越""订立或履行劳动合同所必需""时,以劳动者明示同意作为信息处理的合法性来源.无论同意的性质为默示同意、集体合意或明示同意,均应强调对同意自治性的审查,利用""目的限制""与比例原则,丰富""合法、正当、必要""体系性限制的内涵,平衡劳动者个人信息权益保护与信息利用,从而纾解劳动关系下同意的困境.",劳动者个人信息;同意;体系性限制;审查要素,D922.5;D922.16;D923,0,,法学三大刊论文/中国法学/劳动者个人信息处理中同意的适用与限制.pdf
246,区分制理论解释共同过失犯罪之弊端及应然选择,刘明祥,中国人民大学刑事法律科学研究中心,2017,3,202,225,"二人以上共同过失犯罪能否成立共同正犯,是中外刑法理论界颇有争议的问题。过失的共同正犯肯定说与否定说是区分正犯与共犯的区分制体系的产物;肯定说不仅难以自圆其说,而且与区分制的体系相冲突,会动摇区分制的根基;否定说视共同过失犯罪为同时犯,不仅与同时犯和单独犯的理论不符,而且存在无视犯罪的共同性的明显缺陷。我国刑法采取单一正犯体系,不能用德、日的过失共同正犯肯定说或否定说来解释我国刑法中的共同过失犯罪。按单一正犯的解释论,不仅能克服过失共同正犯肯定说与否定说的弊病,而且能更好地适应司法实践的需要,更合理地处理共同过失犯罪案件。对我国有关司法解释中＂以交通肇事罪的共犯论处＂的规定,按单一正犯理论不难做出合理的说明。",区分制;解释;共同过失犯罪;单一正犯;共同正犯,D914,56,,法学三大刊论文/中国法学/区分制理论解释共同过失犯罪之弊端及应然选择.pdf
247,区际利益补偿权利生成与基本构造,"陈婉玲[1,2]",华东政法大学科学研究院,2020,6,142,159,"长期以来,对因区域利益外溢造成的利益减损和发展贫困,主要采用财政转移支付等纵向调控手段给予直接扶持与救助,忽略互有损益关系的区域间的横向利益补偿问题。区际利益补偿权以特殊功能区的行为外部性为逻辑起点,以制度性剥夺导致区域利益外溢为直接原因,以受损区与受益区明确的损益关系为基本前提,不仅赋予权利主体明确的支配力,在法律上排除了补偿义务的选择性,也为补偿行为指明了方向,能从根本上解决受益区与受损区之间补偿的不确定性问题。从权利生成与价值视角探寻区际利益补偿权的正当性基础,并明晰其关系范畴和基本构造,是利益受损区从法权上获得发展权保障,实现区域利益合理归属所亟需的理论准备。",区际利益;利益外溢;损益关系;补偿权,D92,0,,法学三大刊论文/中国法学/区际利益补偿权利生成与基本构造.pdf
248,医疗损害赔偿中原因力减责的法理及适用,郑永宽[1],厦门大学法学院,2020,6,84,102,"医疗损害赔偿纠纷中,若患者疾病对于损害具有相当性,可依过失相抵的类推适用,仅使医方就其过失行为致害原因力负责。原因力规则的适用须以多因致害构成为前提,不应使原因力取代因果关系要件的分析,亦不应使其混同于比例因果关系。原因力乃某原因对损害事实作用力的定量分析,纯粹用以解决多因致害构成基础上的责任分担。",医疗损害;患者自身伤病;原因力;因果关系;比例因果关系,D92,0,,法学三大刊论文/中国法学/医疗损害赔偿中原因力减责的法理及适用.pdf
249,单位的反性骚扰义务与相关侵权责任研究,张新宝[1],,2022,3,60,81,《民法典》第1010条第2款对单位的反性骚扰义务作出了规定。单位的反性骚扰义务贯穿于性骚扰的事前预防、事中制止与事后处置三个阶段，以防止和制止利用职权关系、从属关系实施性骚扰为重点，在性质上属于积极作为义务和安全保障义务。单位未尽到反性骚扰义务造成他人损害的，应当承担过错侵权责任。单位的侵权责任属于单独的侵权责任，与行为人的侵权责任不发生连带责任、按份责任或者补充责任等共同责任关系。实践中应当正确认定单位的侵权责任，并综合适用消除影响、恢复名誉、赔礼道歉、恢复原状、赔偿损失等责任方式。在更广泛的意义上，明确单位的反性骚扰义务可以使劳动者的劳动安全卫生权以及平等就业权等合法权益得到更好的保护，促进性别平等并引导所有社会成员在充分尊重他人的基础上进行社会交往。,性骚扰;反性骚扰义务;积极作为义务;安全保障义务;过错责任;劳动者保护,D923,,,法学三大刊论文/中国法学/单位的反性骚扰义务与相关侵权责任研究.pdf
250,单边制裁是否具有合法性：一个框架性分析,张辉[1],,2022,3,283,304,单边制裁的合法性历来存在很大争议。从安理会制裁决议角度来看，某些执行性制裁超越了安理会授权，其合法性无法从安理会决议中获得。从特别国际法(条约为主)和一般国际法(习惯为主)等初级规则角度来看，许多单边制裁可能违反条约以及立法管辖、不干涉原则的习惯法，但条约例外条款和习惯法规则又为部分制裁留下了一定合法空间。从国家责任法这一次级规则角度来看，反措施规则为单边制裁提供了解除不法性的抗辩依据。因此，单边制裁难以截然地被认定为合法或非法，而是应结合具体制裁规定、相关国际法规则来进行分析和判断。我国可以从法律角度应对域外单边制裁，也应当认真考虑对外制裁立法和实践中的合法性问题。,单边制裁;安全例外;立法管辖权;不干涉原则;反措施,D992,,,法学三大刊论文/中国法学/单边制裁是否具有合法性：一个框架性分析.pdf
251,印证的证明原理与理论塑造,栗峥[1],中国政法大学诉讼法学研究院,2019,1,264,283,"印证是中国司法证明的传统模式,具有独特的制度生命力。印证不同于完备的证明,是一种非饱和性、进阶性论证。印证最基本的运行方式是'相互',其对立面是孤证。证据间相互印证的前提是'非同一来源',其理论基础是'概率叠列'。在司法实践中,如果'口供印证勘验笔录'的证明方式使用不当,就会出现实践偏差,应予以重视。印证理论的发展不必与自由心证相纠缠,而应以信念理性为心理认知基础,印证调控外在,信念理性规划内在,两者彼此契合、相互支撑。印证与信念理性的哲学教义是可靠主义。可靠主义是对工具理性、价值理性以及非理性的兼容与调和,它为印证与信念理性提供了一系列基础性答案。从印证到信念理性再到可靠主义,这是司法证明科学化进程中的一条有效路径。",印证;相互印证;信念理性;可靠主义,D925.2,0,,法学三大刊论文/中国法学/印证的证明原理与理论塑造.pdf
252,双重社会转型下中国环境法的挑战与因应,秦天宝[1],,2024,2,126,143,中国的现代化进程贯穿于工业化与后工业化双重社会转型中，虽然在这一历史进程中经济、政治、文化、社会等各领域都取得了显著成就，但传统环境问题与现代风险性环境问题却交织并存，给处于这一历史阶段的环境法带来了诸多挑战。究其根本，中国环境法面临的挑战是历史方位的特定性、迭代形态的复杂性与现实利益的多元性所致。其破解之道在于，将从中国传统哲学、比较法方法论和国际法基本原则中所凝练出的“差异性一体化”理论，运用于中国环境法的央地立法协同、事权财权配置与环境政策下沉。申言之，处于双重社会转型中的中国环境法要秉持“差异性一体化”的基本思路进行系统性构建。在前端，从央地关系中环境立法的权限与领域两个方面展开制度协调；在中端，从环境法规范体系的时空两条主线展开体系弥合；在末端，从优化生态保护补偿机制和完善争端解决协同机制等方面展开机制保障。,双重社会转型;风险社会;环境法;差异性一体化;央地关系,D922.68,,,法学三大刊论文/中国法学/双重社会转型下中国环境法的挑战与因应.pdf
253,反不正当竞争法中“一定影响”的语义澄清与意义验证,刘继峰[1],中国政法大学,2020,4,186,200,"修订的《反不正当竞争法》从商标先用权制度中引入了一个概念——""一定影响""。该概念有其特殊的制度基础——商标法。语境学上,反不正当竞争法和商标法是两种不同的语言环境,包括作为体系性制度的命题系统语境和""一定影响""所处上下文形成的命题语境。语境不同,概念发挥作用的基础、方式等也会发生变化。在新的语境下,在商业标识混淆认定中作为认定标准的""一定影响""的适用,既需要在内涵上进行语义澄清,也需要验证语义时适用特殊的方法。",反不正当竞争法;“一定影响”;语境分析,D92,0,,法学三大刊论文/中国法学/反不正当竞争法中“一定影响”的语义澄清与意义验证.pdf
254,反不正当竞争法对未注册商标的有效保护及其制度重塑,黄汇[1],,2022,5,83,102,商标法以注册取得机制为基石，对未注册商标的保护却并不完备。反不正当竞争法和商标法之间既联系又分工，只有坚持“平行保护”的基本理念，方可厘清二者的逻辑关系与本质，也才能给予未注册商标所有人以充分有效的救济。当前，我国《反不正当竞争法》对未注册商标的保护无论是在规范建构技术、制度完备性抑或价值坚守方面都尚有不足。为更好保护未注册商标，宜以“平行保护”理念为统领，兼采商标法内循环和反不正当竞争法外循环之双循环系统，并从重构“反混淆”条款、引入“阻碍竞争”条款和创新中国特色“反仿冒”条款三个维度进行制度重塑，最终实现《反不正当竞争法》和《商标法》对未注册商标最有效的协同保护。,未注册商标;平行保护理论;反不正当竞争法;商标法;协同保护,D923.43,,,法学三大刊论文/中国法学/反不正当竞争法对未注册商标的有效保护及其制度重塑.pdf
255,司法中的社会科学判断,侯猛,北京大学法学院,2015,6,42,59,在司法裁判过程中，法律人需要法律逻辑推理，也需要社会科学判断。在事实认定阶段，社会科学主要通过转化成为证据来认定事实。但如果证据规则不发达，社会科学只能作为证明材料成为法官心证的来源，就会增加裁判的不确定性。在法律适用阶段，法官在审理有潜在影响的案件时，遵循先做后果判断再找法条解释的过程。社会科学的引入，有助于提高法官对后果预测的准确程度。总体而言，法律说理和社会科学理由同时存在，会增强裁判的说服力。在司法中进行社会科学判断，有助于减少法律与社会之间的隔阂，实现法律效果和社会效果的统一。,事实问题;裁判事实;法官心证;后果判断,D926,58,,法学三大刊论文/中国法学/司法中的社会科学判断.pdf
256,司法人员职务犯罪双重管辖制度的多维思考,吴建雄[1],湘潭大学法学院,2020,6,245,261,"修改后的《刑事诉讼法》在《监察法》规定公职人员职务犯罪由监察委员会调查管辖的前提下,赋予检察机关对司法工作人员相关职务犯罪立案侦查的管辖权。这一双重管辖的制度设计,蕴含着监察体制改革和司法体制改革过程中""补短板、强弱项""的价值取向,同时也引发了如何认识和解决监察机关与检察机关职能管辖中的竞合问题。要实现双重管辖的制度初衷,就应从理论逻辑、多元功能入手,正确把握双重管辖制度的科学要义,确立检察优先管辖原则,解决管辖中影响效能发挥的若干问题,实现侦查权运行的理念重塑、策略改进和机制重构。",司法人员;职务犯罪;双重管辖;检察优先,D92,0,,法学三大刊论文/中国法学/司法人员职务犯罪双重管辖制度的多维思考.pdf
257,司法体制综合配套改革的路径和重点,"姜伟[1,2]",最高人民法院;中国法学会,2017,6,39,44,习近平总书记所作的党的十九大报告将“坚持全面依法治国”作为新时代坚持和发展中国特色社会主义的基本方略之一，强调“全面依法治国是中国特色社会主义的本质要求和重要保障”，明确要求“深化司法体制改革”，并对“深化依法治国实践”作出战略部署，指出：“深化司法体制综合配套改革，全面落实司法责任制，努力让人民群众在每一个司法案件中感受到公平正义。”综合配套改革是事关司法体制改革全局和成败的重大举措，是党中央要求司法体制改革落地见效、全面决胜的集结号和动员令，对于建设公正高效权威的社会主义司法制度，推进国家治理体系和治理能力现代化，具有十分重要的意义。,司法体制改革 综合配套改革 中国特色社会主义 社会主义司法制度 社会主义的本质 路径 依法治国 司法责任制,D926,0,,法学三大刊论文/中国法学/司法体制综合配套改革的路径和重点.pdf
258,司法判决中的指导性案例,彭中礼,中南大学法学院,2017,6,129,148,案例指导制度是我国针对法治发展的现实需要而创新的一种法律制度。经验研究发现，指导性案例的采纳适用与案件类型、案由、指导性案例的提供主体、律师代理、提供指导性案例的方式、审理程序和法院级别等有显著相关性，但与判决书的制作午份等不存在相关性。从司法适用可以看出，指导性案例进入司法判决既缺乏必要的程序保障，也缺乏有效的法律方法支持。从运作的效果来看，案例指导制度尚未有效解决制度设计与法律理念、制度运行与适用方法之间的深刻鸿沟。实证研究和法理反思均表明，任何制度的设计，不仅需要有制度运作的程序安排，也需要有娴熟的法律方法训练，更需要有成熟的理念沉淀，才能真正实现制度创新的目标和价值。从未来发展的角度看，增强指导性案例的实效，需要从程序、方法和理念等层面着手，实现案例指导制度的中国化和本土化。,指导性案例 法律适用 法律方法,D920.5,0,,法学三大刊论文/中国法学/司法判决中的指导性案例.pdf
259,司法判决对正当程序原则的发展,周佑勇[1],东南大学法学院,2019,3,26,45,"正当程序作为行政法上的一项基本原则,已得到我国理论界的普遍认同。然而理论的发展并不意味着法院在司法审查中可以直接适用正当程序原则判案。面对法无明文规定时,法院在司法裁判中适用正当程序原则的正当性难题在所难免,且经常性地面临着审查程度的困境。但是,透过从'田永案''张成银案'到新近'于艳茹案'等典型个案裁判的观察,可以看到近30年来,通过一次次司法判决的重大推动,正当程序原则在我国得以新的不断发展。不仅法院适用正当程序原则的正当性基础经由'程序法定'发展到'程序正义'的新表达,而且司法适用的程度也已从形式审查迈向实质审查,同时其适用方式也从单纯的'法官造法'步入案例指导制度,从而极大地推动了正当程序原则适用的制度化发展。",正当程序原则;正当性基础;司法审查程度;案例指导制度,D925.3,0,,法学三大刊论文/中国法学/司法判决对正当程序原则的发展.pdf
260,司法大数据在中国法院的应用与前景展望,孙晓勇[1],国家法官学院,2021,4,123,144,"人民法院积极适应信息技术革命,推动建立司法大数据管理和服务平台,在服务司法审判实践、提升审判管理质效、建立阳光司法机制、深化应用法学研究、助力科学决策等方面进行了积极有益探索.同时,司法大数据的应用也面临一些挑战,应进一步加强对数据的利用和管理,提升数据处理能力和数据质量,重视法律和数据技术复合型人才培养.未来的司法大数据应用,将秉持""服务司法实践、服务公众需求、服务社会发展""的理念,立足于提升司法大数据应用效能,朝着""使法院更健康,使法官更健康,使社会更健康""的趋势发展,在助力提升审判体系和审判能力现代化水平以及社会协同治理能力、优化社会治理模式方面发挥更大作用.",大数据;司法大数据;智慧法院;人工智能,D926.2,0,,法学三大刊论文/中国法学/司法大数据在中国法院的应用与前景展望.pdf
261,司法审查图景中行政协议主体的适格,陈无风,浙江财经大学,2018,2,131,146,"审查行政协议行政机关方的权利能力和行为能力主要视其是否有相应的订约权。对订约权的判断分两个层次进行：有无对订约权的直接规定;是否有协议事项上的行政管理职权,容许性如何。实务中对行政协议适格主体的判断因立法不一等原因存有争议,须注意不能因行政主管部门的主管权而否认一级政府的订约权。行政协议诉讼中依传统的被告确定规则,往往出现被告与协议签约方分离,与合同相对性原理不符,并有以被告转换技术消解协议行为主体资格缺陷问题,宜引入民法上事后追认等观念作为缓解理论与实务紧张关系的解释进路。",行政协议;主体资格;诉讼主体;法律效力,D922.29,0,,法学三大刊论文/中国法学/司法审查图景中行政协议主体的适格.pdf
262,司法改革与法律职业激励环境的变化,吴洪淇[1],中国政法大学证据科学教育部重点实验室,2019,4,165,185,"改善我国当前的法律职业激励环境应该成为司法改革的一个重要目标。基于在31个省级地区对法律职业群体的问卷调查,可以从职业待遇、职业晋升前景、职业安全保障、职业压力等多个方面系统展现我国法律职业群体当前所处的职业激励环境状态。调查问卷统计显示,我国法律职业群体对于所处的激励环境因不同年度、入额与否、职业群体、年龄层次等方面呈现出差异化的基本格局。通过对比2015-2017三年的数据可以看到,司法改革对于不同职业群体的法律职业激励环境产生了非均衡性的影响。进一步深化司法改革过程中必须兼顾我国法律职业激励环境的差异化格局,针对存在的短板来相应地调整政策。",司法改革;法律职业;激励机制,D926,0,,法学三大刊论文/中国法学/司法改革与法律职业激励环境的变化.pdf
263,司法改革背景下逮捕的若干问题研究,孙谦,最高人民检察院,2017,3,22,48,"逮捕,是由法律指定的执法机构,依照正当的法律程序,针对可能判处一定刑罚的犯罪嫌疑人、被告人采取的有时限羁押、剥夺其人身自由的最严厉的刑事强制措施。逮捕源自宪法,主要规定在刑事诉讼法。其根本宗旨是保障诉讼顺利进行和保障人权,它直接关乎公民的基本自由,直接关乎刑事诉讼法治,直接关乎社会秩序与和谐稳定。犯罪态势、刑事政策、司法体制、执法素质等因素均影响着逮捕制度的实施。在全面深化司法体制改革的背景下,多维度审视和系统研究逮捕及相关问题很有必要。",逮捕;社会危险性条件;证明标准;诉讼化转型,D926,82,,法学三大刊论文/中国法学/司法改革背景下逮捕的若干问题研究.pdf
264,司法改革试点再认识：与实验研究方法的比较与启示,何挺,北京师范大学刑事法律科学研究院,2018,4,65,83,"试点对于推动我国司法改革具有独特的功能。近年来司法改革试点进入＂活跃期＂,呈现出从自发分散试点到整体规划授权试点的变化。试点与社会科学实验都建立在实证经验的基础之上,共享＂改变带来效果＂的基本逻辑,通过适用于多数对象实现可重复性,并都具有将局部结论外推到更大范围的强烈倾向。但试点并不仅仅是实验研究的一种表现形式,两者之间存在显著差异：试点内容的整体复合性明显有别于实验研究内容的单一性,试点难以达到实验的严格规范要求,试点还具有实验所不具备的功能等。应当借鉴实验研究方法,理性对待试点的验证功能,全面认识试点的其他功能,建立试点的实证数据基础与开展第三方循证评估,并从多方面改进试点的具体操作。",司法改革;试点;社会科学实验研究;循证评估;试错,F326.11,0,,法学三大刊论文/中国法学/司法改革试点再认识：与实验研究方法的比较与启示 (1).pdf
265,司法改革试点再认识：与实验研究方法的比较与启示,何挺,北京师范大学刑事法律科学研究院,2018,4,65,83,"试点对于推动我国司法改革具有独特的功能。近年来司法改革试点进入＂活跃期＂,呈现出从自发分散试点到整体规划授权试点的变化。试点与社会科学实验都建立在实证经验的基础之上,共享＂改变带来效果＂的基本逻辑,通过适用于多数对象实现可重复性,并都具有将局部结论外推到更大范围的强烈倾向。但试点并不仅仅是实验研究的一种表现形式,两者之间存在显著差异：试点内容的整体复合性明显有别于实验研究内容的单一性,试点难以达到实验的严格规范要求,试点还具有实验所不具备的功能等。应当借鉴实验研究方法,理性对待试点的验证功能,全面认识试点的其他功能,建立试点的实证数据基础与开展第三方循证评估,并从多方面改进试点的具体操作。",司法改革;试点;社会科学实验研究;循证评估;试错,F326.11,0,,法学三大刊论文/中国法学/司法改革试点再认识：与实验研究方法的比较与启示.pdf
266,司法裁判中的意义分歧及其消解路径,王林清[1],最高人民法院,2015,1,207,223,"事实与规范虽是法律讼争的消解基础,但事实往往需要“建构”,而规范则赖以“阐释”方能完成。在这方面,法律纠纷诚如特定场域中的意义纷争。为了洞悉意义的生成与阐释的分歧,本文通过对意义阐释模式的理论探究、意义阐释分歧的实践分析,探索了意义阐释脉络的演变历程,诠释了意义阐释分歧的类型与原因,最终在实然层面形成了消解意义分歧的方法与路径。",司法裁判;意义阐释;法律解释;法律方法,D926,24,,法学三大刊论文/中国法学/司法裁判中的意义分歧及其消解路径.pdf
267,司法规律层次论,江国华,武汉大学法学院,2016,1,5,28,"司法规律属于社会规律之范畴。它内在地包括构造论规律、运行论规律和生成论规律三个基本层次。其中,构造论规律揭示出司法的构成单元及其相互关系和基本属性;运行论规律揭示出司法的运行方式及其基本法则和价值趋向;生成论规律则揭示出司法的生成和进化的历史过程和深层本质。借助于由构造论规律和运行论规律所构成的司法客体规律,可以认识和把握司法现象,唯借助于生成论规律方能认识和把握司法之本质。在生成论规律看来,司法规律并非在先给定,也非司法本身所固有,而是在司法实践的历史过程中生成的。因此,由司法体制及其构造与运行模式等所构成的司法客体形式,并不是司法本质的决定性因素,而仅仅是认识司法本质的一种媒介。欲认识和把握司法的本质,必须从客体规律转向实践规律,转向主观见之于客观的司法实践的历史过程之中,转向支配司法实践的司法社会关系之中。",司法结构规律;司法运行规律;司法实践规律;司法社会关系,D915.1,77,,法学三大刊论文/中国法学/司法规律层次论.pdf
268,司法视域下夫妻财产制的价值转向,赵玉,国家检察官学院,2016,1,210,227,"夫妻财产制的认知,表象是民法共同共有原理,实质蕴含夫妻甘苦与共的婚姻家庭的伦理期许。我国离婚诉讼的实施效果,呈现出＂重确权、轻分割、忽视矫正补偿＂的倾向。从功利主义哲学出发,夫妻财产归属确认的清晰便捷、财产分割的实质正义与弱势一方的矫正补偿,是评价一国夫妻财产制度带给家庭成员稳定安全感的权衡尺度。在个人主义理念强大的当下,财产法中大量的制度直接延伸至婚姻法,模糊了家庭生活与商业生活的差异。我国夫妻财产制度的精神气质应回归至以家庭命运共同体伦理性为依归,立法价值取向应从形式平等向实质正义转向,司法视域下夫妻财产制度应充分彰显婚姻法的伦理关怀,夫妻财产制的构造应致力于财产分配的公正与创造婚姻家庭的幸福。",夫妻财产制;分配正义;伦理关怀,D923.9,60,,法学三大刊论文/中国法学/司法视域下夫妻财产制的价值转向.pdf
269,司法解释中的出罪规范:类型、依据与完善方向,刘科[1],北京师范大学刑事法律科学研究院,2021,6,244,263,"司法解释中的出罪规范普遍存在着基本类型不清、法理依据不明、出罪后果表述混乱、出罪事由与出罪后果""错配""等问题,亟需深入研究.出罪规范虽种类繁多,但基本类型是""无罪""和""有罪归为无罪"".""有罪归为无罪""类型的出罪规范的法理依据是""需罚性""的丧失.完善司法解释中的出罪规范,应优先采用体系内的出罪事由,限制体系外的出罪事由;尽可能明晰出罪事由,限制模糊的出罪事由;规范出罪后果的表述方式,可以分别采用""不认为是犯罪""""不予追究刑事责任"";合理配置出罪事由与出罪后果,将部分""不认为是犯罪""修改为""不予追究刑事责任"",将部分""不作为犯罪处理""修改为""不认为是犯罪"".",出罪规范;出罪事由;出罪后果;无罪;有罪归为无罪,D924.3,0,,法学三大刊论文/中国法学/司法解释中的出罪规范_类型、依据与完善方向.pdf
270,司法解释权限的界定与行使,刘风景,华东政法大学法律方法研究院,2016,3,207,225,"《立法法》修改新增加的第104条,对司法解释的制定主体、启动因由、解释对象、除外情形、解释标准和监督机制等问题作出规定,对司法解释权限重新做了界定。《立法法》第104条蕴含的价值目标主要有坚持和维护人民代表大会制度,确保司法公正,保障审判独立和严守司法解释权限。最高人民法院应以贯彻实施立法法为契机,依据《立法法》第104条规定,提高司法解释工作的法治化程度。在司法解释的诸形式中,对＂规定＂来说,实体性的应予废除,程序性的可以保留;＂批复＂应逐步被指导性案例所替代;＂解释＂可以保留,但其内容与体例都需改变。全国人大常委会应明确《立法法》第104条与《关于加强法律解释工作的决议》的关系,强化对司法解释的备案审查,加强法律解释,提高立法质量。",司法解释权限;立法法;司法公正;法律解释,D925.2,42,,法学三大刊论文/中国法学/司法解释权限的界定与行使.pdf
271,司法认定无效行政协议的标准,王敬波[1],中国政法大学法治政府研究院,2019,3,64,83,"行政诉讼法明确将行政协议纳入受案范围。行政协议效力以及无效行政协议的认定涉及法院审理行政协议案件的法律适用。公私法规则在关于合同效力的价值取向上存在对极冲突,因此,无论是同时还是单独适用行政诉讼法或者民事法律,均无法搭建逻辑周延的行政协议的效力框架。与此同时,公法和私法在法律原则、法律规范等方面仍然存在相互融通并具备提取效力认定的公因式提供可能性。以违法作为无效的起点,无效行政协议的标准介于单方行政行为无效标准和民事合同无效标准之间。以列举形式在行政主体资格、私方合同当事人资格、协议内容、协议程序方面建构无效行政协议的标准,是解决理论和实践难题的出路。",行政协议;效力模型;无效标准,D925.3,0,,法学三大刊论文/中国法学/司法认定无效行政协议的标准.pdf
272,司法认知偏差与量化裁判中的锚定效应,杨彪,中山大学法学院,2017,6,240,261,锚定效应是司法认知偏差的一种重要表现形式，受此影响法官会在量化决策时给予初始信息过多的重视，将某些随机的锚位值作为估测的起始值，导致裁判结果很不稳定，严重损害司法形象。利用广东省2015年四种代表性损害赔偿案件的统计数据，对司法情境因素、精神损害赔偿和裁判锚定效应的关系进行了实证检验。研究发现，锚定效应的确是中国民事司法实践中一种非常普遍的现象，当前裁判锚定效应的发生呈现出内外有别的总体格局，影响显著的外生锚点和作用微弱的内生锚点形成强烈反差，反映出当代中国法官的尴尬处境。法官群体对外界压力和风险的系统性回应是诱发裁判锚定效应的关键因素。未来的司法体制建设应将有限的资源投入到对外生锚点的控制上，并建立有效的法官决策信息供给机制。,司法认知偏差 量化裁判 锚定效应 精神损害赔偿 抚偿比,D916,0,,法学三大刊论文/中国法学/司法认知偏差与量化裁判中的锚定效应.pdf
273,合宪性、合法性、适当性审查的区别与联系,王锴[1],北京航空航天大学法学院,2019,1,5,24,"成立全国人大宪法和法律委员会为推进合宪性审查工作提供了组织保障,并将问题转向'如何开展合宪性审查工作'。长期以来,我国针对规范性文件的审查存在三种模式,即合宪性审查、合法性审查、适当性审查。从审查实践来看,三者界限的模糊已经严重影响了合宪性审查功能的发挥,因此有必要对三者的区别进行厘清。合宪性审查、合法性审查、适当性审查最主要的不同体现在审查内容上。一方面,合宪性审查的本质是对下位的初级规则是否违反作为初级规则效力基础的次级规则进行审查,合法性审查的本质则是审查下位的初级规则是否抵触上位的初级规则;另一方面,合宪性审查是审查下位法是否违反宪法中规定的'什么是有效的立法'的标准,包括形式标准和实质标准,而合法性审查则主要审查下位法是否符合上位法的立法目的。同时,与合宪性审查和合法性审查都针对下位法是否超越上位法设定的框架不同,适当性审查是在上位法的框架内针对下位法的立法裁量是否适当进行审查,过度禁止、不足禁止和恣意禁止分别构成了立法裁量权行使的上限、下限和边限。合宪性审查、合法性审查、适当性审查三者虽然存在不同,但也具有联系。在实际操作中,应当遵循'先合法性审查、再合宪性审查、最后适当性审查'的阶层性审查次序。",合宪性审查;合法性审查;适当性审查;初级规则;次级规则;立法裁量空间,D921,0,,法学三大刊论文/中国法学/合宪性、合法性、适当性审查的区别与联系.pdf
274,"合宪性审查中""相抵触""标准之建构",王旭[1],中国人民大学法学院,2021,6,120,139,"法规范层级结构理论是下位法不能抵触宪法的法理原因.但我国的实践和理论将传统层级结构理论里上位法作为下位法的效力根据变成了效力与内容的双重根据.然而,层级结构理论作为一种形式渊源理论无法提供内容相抵触的统一标准.在坚持层级结构理论确立的宪法优先地位前提下,应将""事物的本质""作为合宪性审查判断的内容标准,在宪法规范具体化和个别化两个场景中分别展开法教义学体系建构,最终提炼出这种判断标准运用的一般思维框架.",层级结构;合宪性审查;相抵触;法教义学,D921,0,,法学三大刊论文/中国法学/合宪性审查中“相抵触“标准之建构.pdf
275,合宪性审查中的宪法精神,左亦鲁[1],,2024,3,23,41,宪法精神已经成为我国法律上的一个正式概念和审查标准。对宪法精神有三种不同的理解，分别是尊重宪法的意识、宪法的宗旨以及与宪法规定、宪法原则并列的宪法精神，其中只有第三种理解属于合宪性审查中具体、规范的宪法精神。全国人大及其常委会目前主要是在“弘扬”“符合”“宪法规定、宪法原则”和“受人民监督”等表述和语境中使用宪法精神，此外还曾在一些具体个案中间接处理宪法精神，这都为最终确定宪法精神的内容提供了有益参考。在推进合宪性审查的实践中，适用宪法精神应注意平衡稳定性与开放性、确保体系性与序列性以及坚持唯一性与激励性。,宪法精神;宪法原则;合宪性审查;宪法实施,D921,,,法学三大刊论文/中国法学/合宪性审查中的宪法精神.pdf
276,合规制度的公司法设计及其实现路径,赵万一[1],西南政法大学民商法学院,2020,2,69,88,"公司法作为合规制度的最重要载体,对整个合规制度的构建具有基础和核心作用。为此,既需要对国外涉及合规要求的制度进行必要的甄别和借鉴,又需要对我国现有的涉及合规要求的规则和制度进行提炼、归集和升华。在兼收并蓄的基础上制定出一部既能满足公司的营利性和道德性双重需要,又能对世界公司法发展起一定引领作用的模范公司法典。具体的实现路径是:首先以塑造公司的良好道德品格为基点,从基本原则层面将合规要求作为公司组织和相关成员的基本义务;然后从具体制度设计层面将其规定为公司组织、公司负责人和公司工作人员的基本行为准则;最后通过缜密的法律责任制度,强化公司的合规意识和道德担当意识。促成公司在成为先进生产力践行者的同时,还要成为社会责任的积极承担者和公序良俗的模范遵守者。",合规制度;公司法理;公司法;制度设计,D92,0,,法学三大刊论文/中国法学/合规制度的公司法设计及其实现路径.pdf
277,员额法官遴选机制改革实证研究:以A省为样板,左卫民[1],四川大学法学院,2020,4,261,282,"截至2017年初,作为新一轮司法改革重点任务的法官员额制改革试点工作基本完成。实证研究揭示,A省法院构建了""笔试测评+素能考核+民主评议""三位一体的遴选机制,促进了法官遴选机制的革新,具有相当程度的科学性、民主性,基本实现了员额制改革所预设的目标。但与此同时,员额制改革也存在一些问题,例如,遴选政策的地方化、差别化;遴选指标指向不一致;民主测评方案的非充分性以及遴选程序头重脚轻等。对此,未来应进一步增强遴选政策的统一性、遴选标准的协调性以及遴选程序的科学性等。",司法体制改革;员额法官;遴选机制,D92,0,,法学三大刊论文/中国法学/员额法官遴选机制改革实证研究_以A省为样板.pdf
278,商业反腐的结构性治理和模式,杨力,上海交通大学凯原法学院,2016,5,110,131,"近年来,商业反腐的结构性治理出现了新的特点、格局和问题意识。围绕打击和预防商业腐败,在“供给侧”的相关立法和执法策略上,国际商业反腐的责任规则、基本立场和制度供应都产生了令人瞩目的重要转变和新动向,也对中国的改革和发展产生了非常深远的影响。基于这些转变和动向,更全面、更深入的商业反腐研究,不仅应从微观层面谋取政府与企业之间合法化的利益交换,还应从宏观层面进一步深究社会支持系统之上的结构性治理之道,构建起一套商业反腐的模式。其中,中国商业反腐的结构性治理实际上更为复杂和微妙,它有着跨境移植难以应对的本土化特定议题和立场;同时,中国商业反腐的模式不仅应有制度改革等基本应对的治标之策,还要留下足够的空间,为商业反腐更高目标的实现和深层治本之道的获取,做出更全面、更精密的架构和设计。",商业反腐;结构性治理;利益交换;社会支持,D26,51,,法学三大刊论文/中国法学/商业反腐的结构性治理和模式.pdf
279,商业秘密保护中默示保密义务研究,黎华献[1],北京理工大学法学院,2024,4,131,150,在当前商业秘密的传播环境中，默示保密义务的重要性日益凸显，其规范功能在于平衡商业秘密保护中的所有者利益和社会利益。实务中，默示保密义务适用存在泛化的趋势，原因包括认定方法不科学、商业道德内涵不确定和保密性要件依附于秘密性要件等。这使得适用者以封闭式思维看待商业秘密保护，客观上导致了对所有者利益的过度保护，并引致变相承认“不可避免披露”原则、提高商业道德的适用标准、“架空”商业秘密的保护规则、破坏商业秘密的财产性基础等后果。基于商业秘密保护中的利益平衡，默示保密义务适用范围的认定应以公平原则为指引；默示保密义务存在的认定，以公平告知为前提；默示保密义务的内容划定，以可预见性使用为标准。如此，可防止默示保密义务适用范围的不合理扩张。,商业秘密;默示保密义务;保密关系;注意义务;可预见性使用,D922.294,,,法学三大刊论文/中国法学/商业秘密保护中默示保密义务研究.pdf
280,商主体资格形成机制的革新,季奎明[1],华东政法大学经济法学院,2019,3,144,162,"商主体资格的形成机制是营商环境的核心内容,比照世界银行'营商环境'评估的经济学方法论,无不凸显革新商主体资格形成机制的必要性。就法理而言,利他的'公共利益'与利己的'父爱主义'都无法证成以登记手段赋予商主体资格的正当性,'异化'的行政促成式登记需要重构。建议由国务院制定以商主体登记为核心内容的统一'商事登记条例',作为新的'外源'规范,促使政府从行政干预者逐渐转向公共服务者:设立商主体可以自愿登记而形成对抗效力,而未经登记的出资人不能获得有限责任的保护;充分保障商主体的一般经营资格,作为商主体资格的自然延伸;废止因社会管理的目的而设置的商主体登记,划清市场干预与社会管理的界限。",营商环境;商主体资格;设立登记;行政干预;公共服务,D923.1,0,,法学三大刊论文/中国法学/商主体资格形成机制的革新.pdf
281,商事信用：商法的内在逻辑与体系化根本,赵磊,中国社会科学院法学研究所,2018,5,160,180,"商事交易的基础是当事人之间相互信任。一项交易达成、履行与完成的过程,充满着许多不确定性因素,对当事人来说蕴含着交易目的不能实现的风险。完备的信用制度可以减少不确定性,降低交易风险。商事信用是商事活动的根基：一般等价物以及货币的产生基于信用;交易维护信用而形成商事规则;商事信用贯穿商事交易的全过程。商事主体是商事信用制度化的集中体现,是信用主体在商事交易领域的表现形式。商事信用的发展推动着商事主体制度的演进,商事主体制度的构成是由商事信用的需要决定的。商行为是商事信用在商事活动中的外在化,其制度设计直接受到商事信用的影响。商事信用是商法的灵魂,藉此搭建商法＂大厦＂,构建商法的规范性体系,是新时期商事立法的必由之路。",商事交易;信用;商法独立性,D923.99,0,,法学三大刊论文/中国法学/商事信用：商法的内在逻辑与体系化根本.pdf
282,商标使用地域性原理的理解立场及适用逻辑,黄汇[1],西南政法大学,2019,5,80,96,"法律全球化的今天,地域性仍然是各国商标立法和司法的根本原则。使用地域性问题是商标法中的难点问题。对注册维持使用,因其系商标注册赋权的反面表达,原则上必须在注册保护国的境内完成。对在先使用而言,则应区分积极和消极的在先使用,前者因其同样具有一定赋权性质,基于一国知识产权收益最大化的考量,这种使用也必须在本国境内完成;而后者更多体现对公平竞争秩序的维护,应平等地开放给境内外所有符合条件的在先使用者。侵权使用更多强调的是对境内相关公众混淆误认行为的遏制,为境内的商标权人创造商誉的劳动努力提供激励。在标准的定牌加工情形下,当贴牌加工产品全部销往境外时,不会引致商标法激励功能制度性失灵,所以不将其作为侵权来对待不至影响我国商标法功能的实现。",商标使用地域性;注册维持使用;在先使用;侵权使用,D923.43,0,,法学三大刊论文/中国法学/商标使用地域性原理的理解立场及适用逻辑.pdf
283,商标本质基础观念的重构,余俊[1],,2023,5,211,228,商标恶意注册等问题一直无法根治，与认知商标本质的基础观念存在偏差不无关联。以标记为基础观念的认知范式，偏离了商标诞生的逻辑理路，容易造成商标制度运行偏位。因此，需要重构认知商标本质的基础观念。以市场为基础观念理解商标本质，与商标的内生逻辑更为契洽，也更有利于在制度运行中最大限度地激发出商标的经济潜力。从商标的起源看，它由标记在市场关系中质变而来。现代商标法之所以成为一个独立的范畴，源于商标内生的市场力量获得了独立的财产地位。在市场经济中，商标是市场力量的可视化表述机制、市场信任的程序化建构机制以及消费欲望和市场的再生性机制。根据以市场为基础观念的认知范式，在商标制度的运行中，通过商标产权制度确认“商”的财产地位，并由商标注册制度以“标”的形式对“商”进行标准化表述。据此，在对商标制度进行调适时，应凸显以“商”为中心的商标产权制度，并信守以“标”为界限的商标注册制度。,商标本质;标记主义;市场范式;产权制度;注册制度,D923.43,,,法学三大刊论文/中国法学/商标本质基础观念的重构.pdf
284,商标权行使与姓名权保护的冲突与规制,马一德,中南财经政法大学知识产权研究中心,2018,4,178,194,"商标权行使与姓名权保护的冲突,不仅关涉个人权利的范围,而且事关私权和公共领域的划定。使用具有一定知名度的自然人姓名作商标使用,难以通过＂商品化权＂对被侵权人姓名的自由使用利益、个性化利益甚至同一性利益的损害进行救济。为了维持社会公众利益与名人独占利益之间的平衡,需通过＂直接商业性身份＂测试来界定法律上的名人范围。而当自然人将与具有一定知名度相同之自己姓名作商标使用时,涉及商标权与姓名权间的权利衡量。比例原则适用的扩张,使得运用其对相冲突之个人权利予以权衡成为可能。通过适用比例原则得出,双方权利在力量对比上并无任何一方处于优势地位,剥夺自然人围绕相同之姓名而生的商标权不具有理性基础,基于个案具体情形,赋予义务承担者混淆避免义务是唯一可行之方案。",个性化利益;商品化权;商业行为;比例原则;诚信原则,D923.9,0,,法学三大刊论文/中国法学/商标权行使与姓名权保护的冲突与规制.pdf
285,商标法律制度的失衡及其理性回归,杜颖[1],中央财经大学法学院,2015,3,120,137,商标法律制度不断扩大商标权人的权利，使得商标权保护的基础从防止消费者混淆向保护生产经营者标记权转移，这导致商标法律制度的失衡。在数字网络化时代，商标的公共产品属性更加强化，消费者在品牌塑造过程中发挥的缔造者作用愈加突出。因此，商标法律制度设计中应该科学界定商标保护中的公共领域，完善商标权利限制制度，重申消费者混淆在制度中的灵魂地位，强调对消费大众的公共利益关怀，实现商标法律制度的理性回归。,消费者混淆;商业信誉;公共领域,D922.294,73,,法学三大刊论文/中国法学/商标法律制度的失衡及其理性回归.pdf
286,商标注册“不良影响”条款的适用,马一德,中南财经政法大学知识产权研究中心,2016,2,225,237,"＂不良影响＂条款规定在我国《商标法》第10条第1款第8项,是商标标识＂禁止使用＂情形的兜底,所保护的法益是公众利益。由于＂不良影响＂的内涵外延不明确,对其调整范围、保护法益的认识存在不足,以及法律制度的缺位,导致＂不良影响＂条款法律适用上的越位和错位。＂不良影响＂条款是禁止商标注册和使用的绝对理由,判断＂不良影响＂需结合多种因素,＂造成公众误导＂的案件并非一律适用＂不良影响＂条款,当仅侵犯公众利益不涉及特定主体利益时才可适用。",不良影响;在先权利;公众误导,D924.1,25,,法学三大刊论文/中国法学/商标注册“不良影响”条款的适用.pdf
287,商法独立的逻辑和体系：基于组织化交易论,段丙华[1],中南财经政法大学法学院,2024,4,270,288,商法是否具有独立的逻辑和体系，是商法发展的关键命题。在民法典时代，完成以市场和商事交易为内核的自主性建构，是商法走向独立的根本任务。组织化交易是要素通过组织化联合参与市场而促使其外部性改善的交易模式，其具有特定的交易目标、确定的交易结构和连贯的意识协调机制，包括突破熟人交际的资本联合、超越个体的组织秩序以及追求持续稳定的价值增长三个方面的市场内涵。组织化交易论为观察市场中独特的商法现象提供两个基本视角：生产要素组织化获得主体性和交易组织化形成市场，是对市场“从身份到契约”的经济认知转向“从契约到组织”的法学认知的范式革新。围绕组织化交易的理论逻辑，商法对传统商主体和商行为的规范逻辑得以体系性展开，进而展现其具有独立地位的融贯性和统一性。,组织化交易;商事交易;市场理论;商法独立,D923.99,,,法学三大刊论文/中国法学/商法独立的逻辑和体系：基于组织化交易论.pdf
288,国家所有的法律表达及其解释,谢海定,中国社会科学院法学研究所法学研究杂志社,2016,2,86,104,"我国宪法规定了作为公有制形式之一的国家所有制,却并没有确立其具体的法律实现机制。为满足发展市场经济的现实需要,物权法以国家所有权概念为基础初步建立了国家所有制的物权实现机制。然而,参照私有制-私人所有权模式而从国家所有制导出国家所有权的法学原理并未真正形成。建立在国家所有权概念基础上的物权实现机制,既表现出与国家所有制的疏离,又受宪法国家所有制规范的牵引而犹豫踟蹰,难以全面满足市场经济的实际需要。物权实现机制的尴尬处境,直接或间接地反映了两组要素之间的张力：旨在消灭剥削的社会主义理论-公有制-宪法规范-国家所有制-历史;重在发展生产力的社会主义理论-市场经济-物权法规范-国家所有权-现实和未来。这些张力所固有及由其所引发的制度矛盾和社会问题,需要通过全面深化改革和全面推进依法治国予以解决,当然也需要学术研究提供相关智识支持。",国家所有制;国家所有权;物权实现机制,F121.2,46,,法学三大刊论文/中国法学/国家所有的法律表达及其解释.pdf
289,国家治理体系视角下党内法规研究的基础概念辨析,王伟国,中国法学会党内法规研究中心,2018,2,269,285,"随着党的建设新的伟大工程深入推进,党内法规学日益成为一门显学。但是,与传统的法学学科相比,党内法规学仍处于起步阶段,党内法规理论研究还主要在浅层次徘徊。围绕党内法规研究存在着认识混乱甚至误读或曲解,这不仅阻碍了党内法规研究的进展,也在一定程度上影响了对党内法规制度建设和依法治国成效的认识与评价。对党内法规研究涉及的基础概念进行辨析,不仅有助于澄清模糊认识,也有助于领会中国共产党治党治国的实践逻辑、制度逻辑。为此,必须以准确把握国家治理体系中以党的主张为统领的政策制度体系、以党章为统领的党内法规制度体系和以宪法为统领的国家法律制度体系等三套关键性制度体系为理论前提,以党内法规制度建设的发展状况为实践依据,厘清党的主张、党内法规、党内规范性文件、党规、党内规矩、党的纪律等基础概念。",国家治理体系;党内法规;规范性文件;党的主张,D262,0,,法学三大刊论文/中国法学/国家治理体系视角下党内法规研究的基础概念辨析.pdf
290,国家治理现代化下的知识产权行政执法,董涛[1],,2022,5,63,82,中国知识产权行政执法为知识产权提供一种类似于“治安行政权”的保护，四十年来，为健全知识产权治理体系、强化知识产权保护作出了巨大贡献。知识产权行政执法与司法保护并行运作的模式被称为独具中国特色的知识产权保护“双轨制”，但这一模式在实践中还面临着正当性依据争论依然激烈、执法效能未能充分发挥及如何针对新领域、新业态进行适应性调整三方面的问题与挑战。党的十九大提出要“推动有效市场和有为政府更好结合”，知识产权行政执法契合国家治理现代化改革的大方向，是确保知识产权领域中“私法自治”原则实现的重要保障。为进一步优化与完善知识产权行政执法，要准确界定知识产权行政执法与司法保护的关系，完善知识产权行政执法相关法律法规，破解知识产权行政执法体制机制障碍。在数字化时代，要从技术层面与制度层面提升知识产权数字行政执法能力，以应对网络技术、数据技术等新业态、新模式对知识产权行政执法提出的挑战。,知识产权;知识产权治理;行政执法;双轨制;司法保护,D923.4,,,法学三大刊论文/中国法学/国家治理现代化下的知识产权行政执法.pdf
291,国家符号的刑法保护,高巍[1],云南大学法学院,2022,1,182,202,"国家符号是一种特定的符号类型,可表现为文字、图案、人物形象等形式.国家符号附着于物质载体而存在,兼具社会事实属性和规范属性.社会事实属性表现为客观性、外在性、普遍性;规范属性可从重要性、积极性、法定性三方面进行判断.国家符号的社会事实结构形成于前国家的人与人的合作关系,并参与了国家的形成和运行条件的形塑,因此,侵害国家符号犯罪的保护法益为国家运行条件.国家运行条件是一种集体法益,对其刑法保护的范围受到两个方面的限制:一为基本权利的限制;二为最后手段性的限制.在国家符号犯罪的具体解释上,首先,应当恪守刑法条文的文义边界,准确界定条文文义;其次,在文义边界之内,可对侵害国家符号的不同犯罪类型进行目的性限缩.目的性限缩可从公共性、主观要素、行为方式三个方面展开.",国家符号;国家运行条件;基本权利;最后手段性;目的性限缩,D924.3,0,,法学三大刊论文/中国法学/国家符号的刑法保护.pdf
292,国有土地出让缔约关系的界定路径,伏创宇[1],,2023,2,149,168,在公私法二元划分的框架下，司法实践针对国有土地出让缔约关系主要采用概念涵摄与关系推定的形式归类方法，这不足以应对公私法交织下的行为定性，更忽略了行为定性的目的。最高人民法院答复、司法实践以及学理上虽然在缔约关系定性中展开了一定的功能性思考，但在原则、标准与方法的运用上还模糊不清。行为定性的功能性思考旨在弥补形式定性的不足，增强形式定性的可接受性而非保障其正确性，应当遵循制定法拘束与国家权力配置原则。司法应当首先确定立法与行政是否已作出行为定性，并保留对行政定性的司法审查，进而在后果选择上遵循功能法定与定性相关性要求，最后运用判断、衡量与关联分析方法展开功能分析并选择定性。基于功能性思考，将国有土地出让缔约关系界定为民事关系更具可接受性。在行为定性中嵌入功能性思考，对行政协议与民事合同的界分亦具有积极意义。,国有土地出让;缔约;行政行为;民事合同;行政协议,D922.33,,,法学三大刊论文/中国法学/国有土地出让缔约关系的界定路径.pdf
293,国际商事仲裁强制性规定适用问题研究,高薇[1],北京大学法学院,2024,6,283,302,强制性规定的适用是国际商事仲裁中最普遍和最复杂的问题之一。这源自当事人意思自治原则、强制性规定所体现的国家公权力，以及仲裁员平衡二者以作出具有可执行性裁决义务三者间的紧张关系。在国际仲裁理论和实践中，对于仲裁庭应当如何适用强制性规定，尚缺乏统一做法和理论共识，但强制性规定普遍存在于合同准据法、仲裁地法及除二者之外的第三国法律中，并能直接威胁仲裁的效力，必须予以关注。我国法律欠缺对仲裁实体法律适用的详细规定，各仲裁机构对强制性规定的适用规则差异较大。法律适用规则上欠缺确定性和可预见性，不利于当事人选择中国仲裁，也与我国当前大力发展国际仲裁事业的总体要求脱节。建议从国际商事仲裁的特性出发，参考国际仲裁实践和理论，不直接在《仲裁法》和仲裁规则中体现强制性规定的内容，而由仲裁庭在裁量范围内斟酌决定强制性规定的适用。,国际商事仲裁;强制性规定;优先性强制条款;公共政策,D997.4,,,法学三大刊论文/中国法学/国际商事仲裁强制性规定适用问题研究.pdf
294,国际条约适用于国内无涉外因素的民事关系探析,万鄂湘[1];余晓汉[2],国家高端智库武汉大学国际法研究所,2018,5,5,20,"国际条约在国内直接适用的范围和程度取决于两大条件：一是主权国家基于利益考量的自主决定;二是条约本身设定的适用范围。国家对每一具体国际条约可否适用于国内无涉外因素的民事关系具有自主选择权,国家决定直接适用国际条约的范围与程度主要取决于对其（国家）自身利益的综合考量,不能一概认为国际条约不能适用于国内无涉外因素的民事关系;司法机关在无涉外因素的民事关系中决定是否适用国际条约时,应当慎重考察国家缔结或者参加国际条约的意图和立法机关的意见。",国际条约;民事关系;条约自执性;条约适用,D923.6,0,,法学三大刊论文/中国法学/国际条约适用于国内无涉外因素的民事关系探析.pdf
295,国际民事诉讼管辖权的基础构造,宋晓[1],,2024,1,265,285,一般管辖与特别管辖构成国际民事诉讼管辖权的基础构造，其对立结构及其在同一体系中的互动纠葛，是国际民事诉讼管辖权体系建构的关键。尽管历史源流和具体实践仍存在诸多差异，两大法系迄今都发展出一般管辖和特别管辖的基础构造。一般管辖侧重案件当事人和特定地域的普遍联系，各国的一般管辖规则已然趋同。特别管辖则强调事件或行为和特定地域的特别联系，其类型建构因应实践需求，不以体系化为目标。一般管辖和特别管辖在一国法律体系中平行展开，常呈现出此消彼长的互动过程。将一般管辖限制在合理范围内，然后根据实践需要优先发展特别管辖规则，是一国管辖权体系发展的应然之道。国际管辖和国内管辖共享一般管辖和特别管辖的基础构造，因而无需构建独立的国际管辖权体系，但仍需根据国际民事诉讼的特别情势制定相应的例外规则，以不方便法院原则和禁诉令制度作为政策调适工具。,国际民事诉讼;一般管辖;特别管辖;合理联系,D997.3,,,法学三大刊论文/中国法学/国际民事诉讼管辖权的基础构造.pdf
296,国际法视野下的中国国有企业改革,韩立余[1],中国人民大学法学院,2019,6,161,183,"国际法在国有企业问题上遵循主体和行为相统一的标准,是否行使政府职能是分析国有企业身份和行为性质等问题的基本出发点。多边国际经贸投资规则采取所有制中性做法,聚焦商业活动。近期发达经济体采取的一系列措施对现行国有企业规则提出了挑战。中国在推进国有企业改革时既要符合自身实际需求,又要顾及国际规范,并通过实践影响国际法规则的发展。中国目前在国有企业性质和职能认识上还不尽统一,下一步的国有企业改革应国资国企改革两手抓,继续坚持政企分开原则,采取国有企业分类和分级制度,加快政资分开,建立相应的中国特色现代企业治理制度,促进公平竞争。",国有企业;政府职能;商业活动;非歧视;公平竞争,F27,0,,法学三大刊论文/中国法学/国际法视野下的中国国有企业改革.pdf
297,国际海上班轮货物运输合同中强制性规则的适当性,胡绪雨,南开大学法学院,2016,6,197,212,当法律需要实现的目标是对公共利益的维护时，强制性规则是必要的，但当法律试图调整承托双方之间的利益公平时，就产生了强制性是否需要和进行干预程度的问题。强制性规则虽然对国际海上班轮货物运输合同责任的公平性分配、保护货方利益发挥了重要的作用，但其整体效果仍有待进一步研究。强制性规则的缺陷集中体现在责任的固定上，这会削弱效率价值的发挥，而是否取消强制性干预主要是由船货双方谈判势力的平等性所决定的。目前的航运事实未能证明承运人继续和长期拥有这种优势的谈判地位，承托双方谈判势力趋向平等，从而为契约自由提供了基础。基于国际班轮运输的部分长期合作性合同中承托双方谈判势力趋向平等，《鹿特丹规则》中制定了批量合同，回归契约自由原则，以构建一个整体上有实效的，但应受到一种最低限度的航运安全、公共利益与公序良俗限制的航运秩序。这代表了当今国际海上班轮货物运输合同中强制性的干预程度、强制性规则与任意性规则平衡发展的趋势。,运输合同;契约自由;契约正义;强制规则;批量合同,F552,0,,法学三大刊论文/中国法学/国际海上班轮货物运输合同中强制性规则的适当性.pdf
298,国际犯罪管辖和审理的制度建构与完善,于阜民,中国海洋大学,2018,3,288,302,"在国际法场合,一国当局就国际犯罪案件行使管辖权,由本国法院审理而作出裁判,具有维护公民权益且彰显国家主权之双重功效。然而,我国怠于公海上刑事司法维权的现象屡见不鲜。倘以法律视角考量,其原因在于我国刑法效力范围狭窄,且诉讼管辖制度设计之疏漏。本文遂由《刑法》第9条拓展解释开始,进而提出扩充刑法的效力范围、弥合涉外刑事诉讼管辖制度的疏漏,以完善国际犯罪案件间接审理制度的方案和建议。",国际犯罪;管辖权;一国审理;制度完善,D997.9,0,,法学三大刊论文/中国法学/国际犯罪管辖和审理的制度建构与完善.pdf
299,"在""生活事实""与""法律要件""之间:证明责任分配对象的误识与回归",胡学军[1],南昌大学法学院,2019,2,239,259,"我国证明责任研究长期以来聚焦于证明责任在主体间的分配,而忽略了证明责任分配客体的具体指涉,因此常在现实案件中陷入误区。证明责任并非为解决证据短缺导致的生活事实“模糊不清”,生活事实“模糊不清”亦不宜作证明责任裁判。本质上,证明责任针对的是抽象规范对应具体案件事实的法律适用困境。证明责任的对象应从生活事实重新回归定位为法律要件事实。相应地,证明责任的主观涵义应从对生活事实的举证证明,转向作为法律适用核心环节的案件事实与规范要件相连接的归属论证。",证明责任;生活事实;法律要件;要件事实;真伪不明,D925.1,0,,法学三大刊论文/中国法学/在“生活事实“与“法律要件“之间_证明责任分配对象的误识与回归.pdf
300,在全面依法治国实践中担当尽责沿着中国特色社会主义法治道路阔步前进,"王晨[1,2]",全国人大常委会,2019,6,6,15,"习近平总书记全面依法治国新理念新思想新战略是马克思主义法治思想中国化的最新成果,是习近平新时代中国特色社会主义思想的重要组成部分,是全面依法治国的指导思想和根本遵循。习近平总书记全面依法治国新理念新思想新战略是习近平总书记基于马克思主义法学的基本原理,紧密结合现阶段中国国情和全面依法治国的丰富实践而创立的,具有鲜明的时代特征、实践导向和理论风格,是历史逻辑、实践逻辑和理论逻辑的有机统一。我们要认真学习、深刻把握习近平总书记全面依法治国新理念新思想新战略的科学内涵,贯彻落实""十个坚持"",不忘初心、牢记使命,以强烈的责任感和使命感,为不断发展中国特色社会主义法治理论,为全面推进依法治国、加快建设法治中国作出新的更大贡献。",全面依法治国;新理念新思想新战略;中国特色社会主义法治,D92,0,,法学三大刊论文/中国法学/在全面依法治国实践中担当尽责沿着中国特色社会主义法治道路阔步前进.pdf
301,"在法治轨道上有序推进""全过程人民民主""",莫纪宏[1],中国社会科学院法学研究所,2021,6,5,24,"""全过程人民民主""深刻反映了中国特色社会主义民主政治的特征,全面和系统地揭示了""人民民主""作为国家治理和社会治理重要治理机制的治理特点.基于民主作为""多数人统治""的传统民主价值,""全过程人民民主""强调了民主治理主体的普遍性和广泛性,但同时也具有民主价值本身所带有的天然的价值缺陷.为此,必须要将民主与法治、人权等价值有机结合起来,才能构建起科学的基于人民民主价值而形成的治理秩序.""全过程人民民主""中的""全过程"",真正解决了西方资本主义民主体制下过于强调选举的民主性所造成的国家权力运行的诸多环节人民""不在场""的情形,通过人民的广泛参与和有效监督,来保证基于根本政治制度——人民代表大会制度所形成的国家权力运行机制始终处于人民民主治理的框架中,从而有效地实现宪法所规定的""中华人民共和国一切权力属于人民""的人民主权和人民民主原则.而要在实践中提高""全过程人民民主""的治理效能,则必须将""全过程人民民主""治理机制纳入法治轨道,运用法治思维和法治方式来科学和有效地解决在实践""全过程人民民主""中所遇到的各种理论和实践问题.",全过程人民民主;民主治理机制;国家治理;社会治理;民主法律化,D920.0,0,,法学三大刊论文/中国法学/在法治轨道上有序推进“全过程人民民主“.pdf
302,地方人大常委会在合宪性审查中的作用及其展开,"温泽彬[1,2]",,2024,1,206,225,合宪性审查是宪法赋予全国人大常委会的职权，这正是基于全国人大常委会享有宪法解释权，而不具备宪法解释权的地方人大常委会可以在依据不同类型宪法规范开展备案审查时对合宪性审查发挥一定作用。省级人大常委会在根据宪法积极规范实施的备案审查中发挥辅助审查作用，通过考察立法事实来确定被审查规范是否充分执行了宪法意旨，为全国人大常委会开展合宪性审查提供依据；地方各级人大常委会在根据宪法消极规范实施的备案审查中发挥初步审查作用，通过考察被审查规范是否抵触宪法的价值判断，初步筛选出合宪性疑虑后提请全国人大常委会进行合宪性审查。为了保证地方人大常委会在全国人大常委会合宪性审查工作中发挥实效，应当在程序和实质上确立一些审查要件，并为这些审查要件设计配套的审查判断和报告机制。,合宪性审查;字面审查;地方人大常委会;备案审查,D921,,,法学三大刊论文/中国法学/地方人大常委会在合宪性审查中的作用及其展开.pdf
303,地方政府双重负责的宪法内涵,于文豪[1],中央财经大学法学院,2021,3,90,113,"《宪法》第110条规定,地方政府分别对本级人大和上一级国家行政机关负责并报告工作,地方各级政府都服从国务院.该规定是处理国家统一权威与有效治理这一重大问题的关键规则,但其内涵的模糊给理论和实践带来困惑.构造其内涵的核心目标是使自上而下的行政意志与自下而上的民主意志得到恰当平衡.地方政府双重负责是我国作为超大型国家的独特治理规则,它是一种既重视地方也强调中央的混合权力关系,旨在维护中央权威和统一领导的前提下,充分容许地方自主.地方政府双重负责不是同等或者同时负责,其内涵具有差异性:在两种""负责""方面,应当区分负责的主次顺序;在两种""报告工作""方面,应当区分报告的性质、内容和形式;""都服从国务院""的重点在于形成以责任一体为核心的行政一体.以该条款的规范内涵为依据,应当进一步实现上下级政府事权分配的法定化,充实地方人大的主体地位,避免上级政府工作部门直接领导下级政府,并建立行政统一领导的程序机制和外部化规则.",人民代表大会制度;地方政府双重负责;分工负责;议行关系;中央与地方关系,D921,0,,法学三大刊论文/中国法学/地方政府双重负责的宪法内涵.pdf
304,地方法治竞争范式及其制度约束,周尚君,西南政法大学行政法学院,2017,3,87,101,"高成本制度体系不利于地方政府在新一轮竞争格局中胜出,传统压力型发展模式和激励机制已出现明显＂负效应＂。要让地方在推行法治、提供善治、提高社会治理水平和公共服务质量等方面充分发挥作用,必须尊重和有益于地方可持续发展、促进制度正向激励,并大力创新具备实践解释力的地方竞争范式和分析框架。只有逐步将压力型治理结构转变为规则型治理结构,形成统一的司法权治理体制与运行机制,＂条条块块＂权力制约规范有力,地方发展模式尤其是竞争模式才能逐步实现良性运转。作为地方,被动或者主动的制度调适将成为本轮改革的＂竞优＂选择,法治需求将在＂诱致型＂和＂倒逼型＂社会变迁进程中更加凸显。",地方法治;国家治理;竞争范式;诱致型,D920.0,54,,法学三大刊论文/中国法学/地方法治竞争范式及其制度约束.pdf
305,地方立法行政许可设定权之法律解释：基于鲁潍案的分析,金自宁,北京大学,2017,1,249,267,我国地方立法行政许可设立权相关条文之解释存在不同见解，鲁潍案裁判要点1及其引发的相关讨论，即围绕地方立法行政许可设立权之法律解释问题展开。但是，对该案及相关法条的已有讨论，无论是“领域说”与“事项说”之争，还是“积极抵触”与“消极抵触”之辩，均未就地方立法行政许可设立权提供融贯的解释。应当引入体系视角重述与上位法相抵触，承认地方立法在上位法所确定的框架秩序下享有一定的选择空间，并由此超越“领域说”与“事项说”之争，从宪法-组织法-行政许可法三个层次、授权与限制两个方面整体把握我国地方立法行政许可设定权之规范体系。将这种体系解释应用于鲁潍案，显示它可提供一种比该案原判更为全面的解释框架。,地方立法;行政许可设定权;体系解释,D922.1,50,,法学三大刊论文/中国法学/地方立法行政许可设定权之法律解释：基于鲁潍案的分析.pdf
306,坚持以习近平法治思想为指导 谱写新时代全面依法治国新篇章,王晨,全国人大常委会,2021,1,5,10,"伟大时代诞生伟大理论,伟大理论引领伟大征程.2020年11月召开的中央全面依法治国工作会议最重要的成果,就是确立了习近平法治思想在全面依法治国中的指导地位,这在马克思主义法治理论发展史和中国社会主义法治建设史上具有里程碑意义.习近平法治思想是顺应实现中华民族伟大复兴时代要求应运而生的重大理论创新成果,是马克思主义法治理论中国化的最新成果,是习近平新时代中国特色社会主义思想的重要组成部分,是新时代全面依法治国的根本遵循和行动指南.",,D920.0,0,,法学三大刊论文/中国法学/坚持以习近平法治思想为指导 谱写新时代全面依法治国新篇章.pdf
307,坚持依规治党,宋功德,中央办公厅法规局,2018,2,5,27,"坚持依规治党,事关党长期执政和国家长治久安。在新时代中国特色社会主义战略布局中,依规治党是党的领导与党的建设、管党治党与制度建设、治理与法治、党内法规与国家法律等若干重大主题的交汇点,一通百顺、一堵百塞。坚持依规治党,要学习贯彻习近平依规治党思想,治党必依党规、党规必成体系、立规必重质量、执规必动真格,全方位推进党内法规制度建设。",习近平依规治党思想;依法执政;党内法规;从严治党,D261.3,0,,法学三大刊论文/中国法学/坚持依规治党.pdf
308,坚持和发展中国特色社会主义法治理论,王乐泉[1],中国法学会,2015,5,5,13,党的十八届四中全会把贯彻中国特色社会主义法治理论与坚持党的领导、坚持中国特色社会主义制度共同作为中国特色社会主义法治道路的核心要义。中国特色社会主义法治理论的科学定位可以从三个方面来把握：第一，中国特色社会主义法治理论是中国特色社会主义理论体系的重要组成部分；第二，中国特色社会主义法治理论是人类法治文明的最新成果、最高成就；第三，中国特色社会主义法治理论是对中国法治实践的理论表达。中国特色社会主义法治理论博大精深、内涵丰富，可以概括为社会主义民主制度化、法律化、程序化的理论等十四个重大理论观点。随着中国特色社会主义法治建设事业的纵深推进，法治理论体系的内涵还会不断丰富，但一些基本的东西必须长期坚持。,中国特色社会主义法治理论;依法治国;法治中国,D261,0,,法学三大刊论文/中国法学/坚持和发展中国特色社会主义法治理论.pdf
309,"坚持抓住领导干部这个""关键少数""",陈训秋[1],中国法学会,2021,3,5,17,"习近平法治思想深刻回答了领导干部在法治中国建设中肩负的重要责任,强调领导干部是全面依法治国的关键、全面依法治国必须抓住领导干部这个""关键少数"".本文在深入学习和认真梳理习近平总书记系列重要讲话的基础上,从四个方面对这一重要论述的基本精神、丰富内涵、工作要求等进行了阐释,即领导干部是全面依法治国的关键;领导干部要做尊法学法守法用法的模范;领导干部要提高运用法治思维和法治方式深化改革、推动发展、化解矛盾、维护稳定、应对风险的能力;用制度保障领导干部发挥""关键少数""作用.",习近平法治思想;全面依法治国;领导干部;关键少数,D920.0;D262.3,0,,法学三大刊论文/中国法学/坚持抓住领导干部这个“关键少数“.pdf
310,城乡融合发展视域下农村土地权利制度优化的实现路径,"蔡立东[1,2]",吉林大学法学院,2025,1,70,90,改革开放以来，特别是进入新时代以来，农民集体、农村集体经济组织及其成员享有的农村土地权利不断丰富、权能不断充实，农村土地权利制度不断优化，不仅巩固了中国式农村土地集体所有权，而且创设了层级多元、类型丰富的农村土地使用权，畅通了农村土地权利的流转渠道，有效促进了城乡要素的双向流动。当前，推动城乡融合发展，必须增加农村的要素供给，赋予农民更加充分的财产权益，提升农村土地权利的要素化、财产化程度，在法治轨道上保障进城落户农民合法土地权益，依法维护进城落户农民的土地承包权、宅基地使用权、集体收益分配权；巩固和完善农村基本经营制度，有序推进“二轮延包”三十年试点；深化土地制度改革，盘活利用农户住房及其立基的宅基地；健全土地增值收益分配机制，推动农村集体经营性建设用地入市。,城乡融合发展;农村土地权利要素化;农村土地权利财产化;城乡要素双向流动,F321.1,,,法学三大刊论文/中国法学/城乡融合发展视域下农村土地权利制度优化的实现路径.pdf
311,城管柔性执法：非强制框架下的效益考虑与路径选择,刘福元,东北财经大学法学院,2018,3,167,187,"为系统性地拆解＂执法-抗法＂这一双输格局,各地方城管普遍采用了比较温和的柔性或非强制执法手段;由于其在实践中呈现出鲜明的灵活性和多样性特征,使得＂城管柔性执法＂存在着＂多重面相＂,主要包括：行政指导等常规手段及作为其变种的花样执法、信用机制的基础形态和高级形态、居于执法边缘的＂和谐共处＂,以及为相对人＂根本解决问题＂等。通过对诸面相分别进行案例分析和效益量化可知,任何一种面相都未呈现出完美的效益曲线并存在着明显的实践困境,因此在城管的具体执法情景中,应当根据综合效益、特殊指标、执法领域等因素对诸面相进行＂优先级＂设置。",城市管理;柔性执法;效益考量;优先级设置,D631.1,0,,法学三大刊论文/中国法学/城管柔性执法：非强制框架下的效益考虑与路径选择.pdf
312,域外取得的刑事证据之可采性,冯俊伟,山东大学法学院,2015,4,247,265,在打击跨境犯罪及犯罪分子的跨国流动中，域外取得的刑事证据在本国刑事审判中具有重要意义。域外取得的刑事证据之可采性判断遭遇的最大难题是各国刑事司法主权的隔阂，具体立法层面牵涉法律依据重叠、证据规则多元、权利保障差异等多重因素。从国际刑事司法协助的演进来看，对这一问题的解决存在程序优先于实体、实体优先于程序、“程序一实体”二元分立、替代性解决方式四种立法思路。我国立法、司法中采取的真实性审查方式忽略了对被追诉人的权利保障。为了促进对跨境犯罪的打击和跨境追逃工作高效、有序的展开，我国相关立法应予完善。,域外刑事证据;证据可采性;证据排除;司法协助,D925.2,56,,法学三大刊论文/中国法学/域外取得的刑事证据之可采性.pdf
313,基于“相似性”本质的行政特许界定及其应用,翟翌,重庆大学法学院,2016,1,144,161,"从与现代行政特许有渊源的中世纪封建特许、近代特许公司、公务特许、公产使用特许、民商事特许、规制经济学特许中,可以提炼出＂相似性＂的特许共有本质。在此基础上经由法律关系框架界定行政特许。与普通许可相比,行政特许之＂特＂在于：被特许人所为的是相似于行政主体的活动,享有的与行政主体＂相似的权利＂是＂本不属于被特许人＂且＂源于行政主体＂的权利,被特许人往往还须负担类似于政府的义务。本界定的应用价值在于：既往行政特许定义实际上大多只是个别＂特征＂,基于＂相似性＂本质的界定可对它们进行完满统合;＂相似性＂意味着行政特许内容可随行政主体权利义务变化而发展,是开放性的界定;行政主体虽不直接参与但承担间接潜在义务,这种＂若即若离＂的关系不仅解决了规制经济学揭示的问题,也克服了其他完成行政任务方式的各种缺陷。",行政特许;相似性;规制经济学;行政任务委外方式,D922.1,58,,法学三大刊论文/中国法学/基于“相似性”本质的行政特许界定及其应用.pdf
314,基于信任的自动化决策:算法解释权的原理反思与制度重构,丁晓东[1],中国人民大学法学院,2022,1,99,118,"基于个人信息的算法自动化决策越来越普遍,我国《个人信息保护法》和相关国内外法律都引入算法解释权加以应对.但由于算法具有黑箱性、不确定性与复杂性,算法解释权是否应理解为一般性权利还是限定性权利,要求系统性解释还是个案性解释、事前解释还是事后解释、人工解释还是机器解释,都存在解释争议与适用困境.在原理层面,这一争议与困境源于个人算法控制论.应以沟通信任原则重构算法解释权,将算法解释权的性质视为一种程序性权利,而非实体性权利.算法解释权制度也应进行重构,建议根据自动化决策所处的行业领域、市场化程度、个案影响、企业能力而对其内容、程度、时间和方式作不同要求.",算法;自动化决策;算法黑箱;算法解释权;个人信息,D922.16,0,,法学三大刊论文/中国法学/基于信任的自动化决策_算法解释权的原理反思与制度重构.pdf
315,基于学术不端撤销学位的程序制度建构,高俊杰[1],深圳大学法学院,2019,5,47,63,"学位撤销权的行使应遵循同行专家评审委员会和学位评定委员会两级审查制,前者对学术问题进行实质审查,后者对同行专家评审委员会的审查过程和审查结果进行形式审查;学位评定委员会的表决方式应实行两个过半数原则,即学位评定委员会会议应由全体委员1/2以上出席会议方可举行,其决定必须经全体委员过半数方为有效,同时委员投票采记名制且不被允许投弃权票;学位撤销权行使过程中应保障当事人的程序性权利,并通过回避、告知、听取当事人陈述和申辩、说明理由和送达等制度实现当事人对学位撤销过程的有效参与;最后,学位撤销权的行使应遵守必要的时限。",学位撤销;学术不端;同行评审,D923.6,0,,法学三大刊论文/中国法学/基于学术不端撤销学位的程序制度建构.pdf
316,基于领域性支配的保证人义务：反思与重塑,张梓弦[1],北京大学法学院,2024,6,226,244,我国司法实务往往倾向于无条件认为，当行为人对特定空间领域有着实质性的支配权限时，其应对发生于该领域内的所有法益侵害事态担负保证人义务。但一方面，基于空间领域的权利属性而直接推导出国家给付职能的让渡并不可取；另一方面，空间领域封闭且排他的物理属性不能使之一概被视为在犯罪的具体因果流程中发挥了决定性作用。从消极义务的三重维度内涵出发，行为人因领域性支配而可能担负保证人义务的情形有二：其一，被支配的空间领域本为危险源或内含危险源的场合，行为人应确保自身管辖领域不外溢风险；其二，若被保护者所处空间不存在任意的脱离机制，进而导致其必须将自己的部分权利领域让渡至行为人处，并由此放弃自行保护措施以致防御能力大幅减退时，行为人应基于此让渡而履行尊重他人权利领域之不可侵性的义务。在此，“支配”仅为用以推断被害人之于行为人的权利让渡的下位素材，而非保证人义务的普适性法理基础。,领域性支配;保证人义务;危险源;权利让渡;不作为犯,D914,,,法学三大刊论文/中国法学/基于领域性支配的保证人义务：反思与重塑.pdf
317,基本原则与概括条款的区分:我国诚实信用与公序良俗的解释论构造,于飞[1],中国政法大学民商经济法学院,2021,4,25,43,"《民法典》首章集中规定基本原则的立法例,使我国在诚实信用、公序良俗领域中形成了前有基本原则、后有概括条款的特色立法构造.特色立法呼唤与之相适应的解释论.通过汲取比较法上的区分经验与理论资源,我们可以对基本原则与概括条款作出合理区分.《民法典》第7、8条是诚实信用原则与公序良俗原则,其后诸多包含有诚实信用、公序良俗的条文为概括条款.观念上可以认为,诚实信用原则、公序良俗原则是从相关概括条款之中整体类推产生的,而我国民法将这些基本原则制定法化了.概括条款是一种特殊的规则,是裁判依据;基本原则不是规则,不能直接作为裁判依据充当司法三段论大前提,法官基于基本原则裁判时有提出规则的义务.基本原则虽非裁判依据,但在司法裁判中具有解释功能、补充功能及修正功能,仍具重要实践意义.",基本原则;概括条款;诚实信用;公序良俗;裁判依据,D923,0,,法学三大刊论文/中国法学/基本原则与概括条款的区分_我国诚实信用与公序良俗的解释论构造.pdf
318,基本权利对民事法律行为效力的影响及其限度,刘志刚,复旦大学法学院,2017,2,88,102,"基本权利对民事法律行为效力的影响是基本权利进入民法场域的重要管道。这种影响不是通过基本权利对民事法律行为的直接适用实现的,而是通过公法性强制规范和公序良俗原则发挥其影响。违反公法性强制规范不足以对民事法律行为效力产生绝对否定性的影响,法院审查和判断的准则是：否认违反公法性强制规范之民事法律行为的效力,是否会构成对相关基本权利的过当侵害。是否构成过当侵害的判断标准是比例原则。违反公序良俗是导致民事法律行为无效的一个重要原因。法官在适用公序良俗原则判断民事法律行为效力的时候必须借助基本权利对其进行客观化塑造,但必须对注入私法场域的基本权利进行流量控制。",基本权利;民事法律行为;公法性强制规范;私法自治,D913,37,,法学三大刊论文/中国法学/基本权利对民事法律行为效力的影响及其限度.pdf
319,基本权利私人间效力法理基础的澄清与重构,杨登杰[1],,2023,2,209,228,基本权利的价值内涵是证成基本权利私人间效力的起点。此一证成过程是对基本权利的目的解释。中国宪法下基本权利的价值与目的是社会主义所追求的人的全面解放，是体现中道权利观的全面的、实际的、群己平衡的自由。不应以私法自治作为评判基本权利私人间效力的决定性标准，而是应在完整意义的自主理念的宏观视野中，寻求私法自治的定位，理解基本权利私人间效力的价值。宪法不只是公法，它是包括国家与社会在内的整个共同体的根本法。基本权利具有公法、私法双重规范属性与操作框架。基本权利针对国家时是公法规范，但在私人间生效时是私法规范。基本权利价值辐射的全面性不等于全能性。宪法作为发挥法秩序整合功能的共同体根本法，仍然可以是留给部门法充分填充空间的框架秩序。,基本权利;第三人效力;客观价值;私法自治;公法与私法,D921,,,法学三大刊论文/中国法学/基本权利私人间效力法理基础的澄清与重构.pdf
320,境外追赃中犯罪资产分享制度研究,商浩文[1],,2022,5,286,304,我国在境外追赃中确立犯罪资产分享制度，不仅具有现实必要性，而且还具备充分的理论基础和明确的法律依据。从域外法治来看，犯罪资产分享的模式包括固定协议模式和个案协定模式；被没收的犯罪资产优先返还被害人或合法所有人，资产分享前需扣除合理费用；主要依据协助国的贡献大小确定分享的比例，并综合考量犯罪性质、请求国受损害大小等因素。犯罪资产分享已成为国际境外追赃的惯常做法，呈现出较为明显的国际合作性与激励性特点。基于涉外法治的实践，我国可考虑以个案合作的成功案例为基础，逐步将资产分享的经验固定于双边协议中；应当注意根据案件的不同性质，采取不同的分享策略，确定合理的资产分享份额标准；明确资产分享的对外联系机关和主管机关；建立完善的犯罪资产分享的提出、审查决定、执行的程序机制。,涉外法治;境外追赃;资产分享;个案协定,D997.9,,,法学三大刊论文/中国法学/境外追赃中犯罪资产分享制度研究.pdf
321,境外追逃中的量刑承诺制度研究,张磊,北京师范大学刑事法律科学研究院,2017,1,71,88,引渡请求国针对被请求国的要求作出量刑承诺，并保证承诺的顺利实现，是保障境外追逃顺利进行的关键性措施。反思我国量刑承诺制度，还存在以下问题：在上下级法院是监督与被监督关系的前提下，当前保障案件审理法院遵守最高人民法院作出的量刑承诺的机制并非无懈可击；在案件判决书没有明确提及最高人民法院已经作出的量刑承诺的前提下，难以保障判决书既实现量刑的充分说理，又实现量刑承诺的具体内容，并体现量刑承诺对于最终判决的直接约束力。对此可以考虑通过以下方式完善：建立法定的量刑承诺程序，将最高人民法院量刑承诺的决定权赋予一审法院，并逐级上报至最高人民法院核准，为量刑承诺的兑现奠定制度基础；在判决书中明确引用之前作出的量刑承诺，从而既实现量刑的充分说理，又体现量刑承诺对于判决的直接约束力，提升国际社会对于我国量刑承诺制度的认可与信心，从而推动境外追逃的良性循环。,境外追逃;量刑承诺;引渡,D914,45,,法学三大刊论文/中国法学/境外追逃中的量刑承诺制度研究.pdf
322,备案审查实施法制统一原则的必要性、可能性及其难点,秦前红[1],武汉大学法学院,2024,6,167,184,维护法制统一是开展备案审查工作必须坚持的基本原则之一。从一般性角度来说，通过备案审查制度贯彻法制统一原则是厉行法治、发展经济和维护政治稳定的必然要求。马克思主义法制统一思想的影响、维护党中央的集中统一领导以及对不重视法制的历史的反思等因素则是备案审查实施法制统一原则的特殊必要性根据。法制统一原则的核心内容包括宪法至上、法律面前人人平等、权力制约和监督以及人权保障。落实这一原则要求法律体系的建立健全、法律解释的统一性和法律监督的统一性。备案审查在统一法律监督的同时，恰能促进法律解释统一性的达成和法律体系的实质性优化，因而能有效维护法制统一。未来在备案审查中实施法制统一原则应注意协调央地利益配置关系、健全多元多级备案审查体系衔接联动机制和探索统一的审查方法及程序。,备案审查;法制统一;人权保障;规范审查;个案审查,D921,,,法学三大刊论文/中国法学/备案审查实施法制统一原则的必要性、可能性及其难点.pdf
323,大变局下中国式民主的制度优势与宪法保障,周佑勇[1],,2023,1,46,64,面对世界百年未有之大变局，中国共产党带领中国人民成功开辟了与西方民主相区别的中国式民主发展新道路，为人类文明历史性重建贡献了中国方案。中国式民主以人民当家作主为本质，以全过程人民民主为特征，创造了一种超越于西方自由主义民主的新型政治文明形态，彰显出与之对比鲜明的制度优势。宪法是国家的根本大法，是人民权利的保障书，是民主政治的根本制度安排。为使中国式民主进一步增强优势、稳定发展，必须坚持依宪治国，更好地夯实其宪法基础，为其提供根本的宪法保障，在法治轨道上有序推进全过程人民民主。,世界大变局;文明新形态;中国式民主;依宪治国,D921,,,法学三大刊论文/中国法学/大变局下中国式民主的制度优势与宪法保障.pdf
324,大数据时代的隐私危机及其侵权法应对,徐明,武汉工商学院,2017,1,130,149,Web2．0标志着大数据时代的到来，也意味着隐私危机的到来：隐私侵权变得十分容易、普遍，行为方式变得更加隐秘，性质更难以确定，后果多样化且程度更严重，行为与结果之间的因果关系更松散。我国传统的间接保护隐私权的方式已远远落后于时代。为扩大隐私侵权救济之可能性，有必要重新构筑侵权规则：明确以隐私权保护而非个人数据保护为基点的路线；采取形式的隐私权定义加实质判断标准相结合的方法判定隐私利益的存在；扩张隐私损害结果的范围；适用过错推定原则以增加被侵权人胜诉之可能性。,大数据;隐私权;侵权法;责任扩张;过错推定,D923.8,83,,法学三大刊论文/中国法学/大数据时代的隐私危机及其侵权法应对.pdf
325,大数据预测警务的运作机理、风险与法律规制,陈永生[1],北京大学法学院,2024,5,165,184,大数据预测警务的出现使警方侦查破案、预防和打击犯罪的能力获得突破性提升，但同时也会产生一些风险，须对其予以规制。域外预测警务已经过1.0、2.0、3.0三个阶段，预测能力不断提升，运作机理逐步优化。大数据预测警务的发展面临双重风险：一是数据的准确性、完整性和新鲜性难以保证；二是算法的错误、歧视难以避免和纠正。应当从三个方面对大数据预测警务进行规范：一是规范数据采集和处理的程序，确保数据的质量；二是建立算法审核机制，对算法的准确性和风险进行监督和评估；三是规制预测警务系统的设置与使用，确保对公民权利的保障。,大数据;预测警务;算法;法律规制,D631.2,,,法学三大刊论文/中国法学/大数据预测警务的运作机理、风险与法律规制.pdf
326,大规模侵害个人信息高额罚款研究,孙莹[1],西南政法大学人工智能法学院,2020,5,106,126,"遏制大规模侵害个人信息是保障自然人个人信息权益、维护公共利益和社会秩序、调整失衡的企业和个人力量、规制互联网竞争生态的需要。对于遏制大规模侵害个人信息,民事追责与刑事定罪均有局限;强化行政执法有必要性,其关键是实施高额罚款。基于贝叶斯纳什均衡等经济分析可知,高额罚款对遏制大规模侵害个人信息是有效的。鉴于欧盟和美国的实践,我国宜对中外企业平等适用高额罚款,以顺应全球个人信息保护的强监管趋势。在现有体制下,赋予网信办实施高额罚款的行政处罚权,并由其负责建立联合执法机制,符合新时代党和国家机构改革面向和依法治国要求。罚款的具体数额应在参考受害人数量、损害大小及侵害公共利益的严重程度等因素基础上,根据大、中、小、微四种不同规模企业的年度平均营业收入进行计算。为保护行政相对人的基本权利,还应规定相应的听证与复议程序。",大规模侵害个人信息;行政执法;高额罚款,D92,0,,法学三大刊论文/中国法学/大规模侵害个人信息高额罚款研究.pdf
327,夫妻团体债务的认定及清偿,冉克平,武汉大学法学院,2017,5,111,132,夫妻团体与个体行为的主要财产基础分属夫妻共同财产与个人财产。夫妻团体不同于“经济团体”，《婚姻法》第41条规定的“夫妻共同生活”，因具有伦理、情感与私密性的特征，在法技术上难以区分个人债务与夫妻团体债务；法释[2003]19号第24条的“利益共享”虽符合法定婚后所得共同制，但是仅具有形式正当性，引发了夫妻团体取代个人的经济自主与人格独立的实质非正当结果。在强调人格独立与意思自治的背景之下，立法上应该以“家庭利益”作为界分夫妻团体债务与个人债务的法技术标准，通过日常家事代理权、共同财产管理、合理证明责任以及债务清偿、补偿规则等制度的构造，达到既维系和增进夫妻团体关系，同时保护个人的独立人格与市场交易安全的社会目标。,夫妻团体 共同债务 夫妻财产制 家庭利益 个人主义,D923.9,0,,法学三大刊论文/中国法学/夫妻团体债务的认定及清偿.pdf
328,夫妻财产归属约定的法理明晰及规则适用,陈永强[1],,2022,2,103,123,"夫妻财产归属约定是夫妻对财产归属的分配与安排,其虽发生在具有身份关系的夫妻之间,但非属身份契约,而属财产契约,应由《民法典》第1065条进行规范.从意思表示上看,夫妻财产归属约定不同于赠与,亦非以婚姻为条件的给予,也不能用清算协议予以解释,而应采以家事伦理为基础的""家事补偿说"".夫妻财产归属约定是夫妻双方在综合考虑感情付出、子女养育、家庭协作等因素后作出的归属分配意思,该归属分配意思的核心是物权效果意思,且依法对双方具有拘束力,因而可产生物权效果,而不仅仅是债的拘束力.学理上,可以采负担行为与处分行为之""混合说"",该说能够解决标的物瑕疵及救济问题.只要夫妻财产归属约定早于债务发生的时间,且不存在逃避债务或其他无效情形的,应赋予其排除强制执行的效力.规则适用上,《民法典》第1065条构成第209条第1款之但书条款,即夫妻财产归属约定为物权公示原则之例外,这样解释才符合第1065条之文义.",夫妻财产归属约定;物权变动;夫妻财产制;夫妻财产契约,D923.9,,,法学三大刊论文/中国法学/夫妻财产归属约定的法理明晰及规则适用.pdf
329,央地关系中的法律保留,"俞祺[1,2]",,2023,2,189,208,传统法律保留理论无法合理解释为何罪刑法定、税收法定、组织法定、物权法定等原则应在立法权配置的纵向维度适用，法律保留的理论基础应结合央地关系框架加以拓展。纵向法律保留是央地立法权配置的一种特殊模式，存在于单一制国家，在内容和形式上均不同于联邦制下的分权制度。我国纵向法律保留的规范依据包括个别规范和一般规范两个层面，一般规范依据形成了对个别规范依据的总结和补充。根据对这些规范含义的解释，我国纵向法律保留的范围涉及社会主义政治统一和市场统一两个维度。另外，从世界范围内观察，纵向法律保留存在严格与不严格两种模式，社会主义制度必然要求在部分领域采用严格的法律保留模式。综合纵向法律保留的范围和程度两个方面的考虑，具体保留规范的适用可进一步精确化。,法律保留;纵向分权;立法权;法制统一;单一制,D921,,,法学三大刊论文/中国法学/央地关系中的法律保留.pdf
330,央地关系视角下的司法改革：动力与挑战,姜峰,山东大学法学院,2016,4,127,142,"对1994年分税制改革及其后果的举例分析表明,大量上访和群体性事件显示的公共治理危机既是地方人大制度运转不良的结果,也源于央地关系失衡对地方政府形成的逆向激励。新一轮司法改革的根本动力,是击碎司法地方保护主义的硬壳,以诉讼方式将涌入上访渠道的社会矛盾解决重新地方化。由此,虽然司法改革会被强力推进,但基于对司法功能的过度期待而设计的改革措施既与法理规律存在紧张,也将加重法院本已沉重的案件压力和功能负荷,削弱其赖以安身立命的独立、专业和稳定品质,长远来看反而不利于既定改革目标的实现。回应治理困境的权宜之计,一方面是凭借中央权威平衡央地人、事、财权关系以减少滋生社会矛盾的外部激励,另一方面是将＂矛盾回应型＂司法改革转向＂规则确认型＂司法改革以促进央地关系的优化。",央地关系;司法改革;上访困局;民主过程;司法过程,D926,59,,法学三大刊论文/中国法学/央地关系视角下的司法改革：动力与挑战.pdf
331,奋力建设法治政府,"袁曙宏[1,2]",国务院法制办公室党组;中国法学会,2017,6,34,38,习近平总书记所作的党的十九大报告，根据“决胜全面建成小康社会、夺取新时代中国特色社会主义伟大胜利”的新形势和新任务，按照“深化依法治国实践”的新要求，明确对“建设法治政府，推进依法行政，严格规范公正文明执法”作出重要部署，吹响了奋力建设法治政府的冲锋号，开启了建设社会主义法治政府的新征程。我们一定要从中国特色社会主义进入新时代的历史方位和战略高度，深刻认识、准确把握建设法治政府的重大意义、本质要求和主要任务，坚定不移地把法治政府建设加快向前推进。,法治政府建设 中国特色社会主义 全面建成小康社会 公正文明执法 依法治国 依法行政 历史方位 总书记,D922.11,0,,法学三大刊论文/中国法学/奋力建设法治政府.pdf
332,契约文明起源考:以古代西亚为中心,魏琼[1],华东政法大学,2020,3,89,109,"契约文明是人类关于契约的认识和实践的所有成果的总和,其核心是契约以及签署契约的条件、主客体、履行和违反契约之救济的规范体系。为了更好地理解契约及其各种关系所蕴含的文明、进步因子,以古代西亚为中心,缕陈契约文明产生过程中的债务关系为起点,探寻早期商业贸易的兴起轨迹,追溯契约的诞生历程,梳理早期契约的类型,凸现早期契约成文化和法典化的遗存,大体勾勒出人类社会早期法律文明之一--契约文明的远古图景,揭示契约之治系人类社会法治化状态的起点。随着法治成为现代国家治理理念、治理依据与治理范式的理性选择,契约关系及契约文明成为人类社会法治文明的基石。以2020年颁布的《民法典》等为核心,我国业已建立了一个比较完备的契约法体系,但坚持不懈地追求契约之治,推动契约文明的进步,对推进法治中国建设仍是大有裨益的。",契约;契约法;契约文明;私法史,D92,0,,法学三大刊论文/中国法学/契约文明起源考_以古代西亚为中心.pdf
333,婚姻家庭编的创新和发展,"夏吟兰[1,2]",中国政法大学,2020,4,66,87,"婚姻法完成回归民法典之路,婚姻家庭编成为民法典中的重要组成部分。我国民法典婚姻家庭编弘扬社会主义核心价值观,在立法价值上体现了维护婚姻家庭的伦理属性及团体价值,进一步强化对弱者利益的保护,实现法律的实质正义。婚姻家庭编在体例上纳入了收养法,完成了婚姻家庭编内部体系的完整统一;在一般规定中增加了家庭应当树立优良家风、弘扬家庭美德、重视家庭文明建设的倡导性规定,取消计划生育原则,增加亲属、近亲属与家庭成员的概括性规定;在具体制度中修改禁止结婚条件,完善婚姻无效与可撤销制度,增加日常家事代理、婚内析产、夫妻共同债务的认定、登记离婚冷静期、亲子关系的确认与否认、离婚损害赔偿的兜底性规定,取消家务劳动经济补偿制度的适用前提,修改和完善了收养条件等社会上有需求有呼声、司法实践中有判例有解释的规定。",民法典婚姻家庭编;可撤销婚姻;夫妻共同债务;登记离婚冷静期;亲子关系确认收养,D92,0,,法学三大刊论文/中国法学/婚姻家庭编的创新和发展.pdf
334,存款占有的归属与财产犯罪的界限,钱叶六[1],华东师范大学法学院,2019,2,221,238,"对于存款占有的归属,应区分“存款指向的现金”和“存款债权”两种不同意义进行讨论:根据“现金占有即所有”的一般法则,存入银行的现金归银行占有(所有),存款人依据存款合同取得对银行债权的占有。在错误汇款的场合,错误进入收款人账户中的存款,性质上属于不当得利,应返还给错误汇款人。拒不返还、数额较大的,构成对汇款人所有的财产的侵占。借用他人账户存入存款的场合,存款名义人系该存款债权的占有人,存款名义人基于非法占有的目的,通过挂失、补办新卡的手段取出存款的,成立对实际存款人的财产之侵占;在保管他人银行卡过程中,未经他人授权或者超越授权额度取款,属于冒用他人信用卡的行为,视情形成立信用卡诈骗罪或者盗窃罪。微信、支付宝等用户对作为第三方支付平台的微信、支付宝公司或微信、支付宝绑定的银行账户所属银行享有债权。行为人非法转移他人微信零钱、支付宝余额资金及所绑定银行账户中资金的,应认定为行为人窃取了他人对第三方支付平台的债权或者对银行的存款债权,构成盗窃罪。",现金;存款债权;存款名义人;占有;第三方支付;盗窃;侵占,D923.6,0,,法学三大刊论文/中国法学/存款占有的归属与财产犯罪的界限.pdf
335,存疑有利于被告原则及司法适用,龙宗智[1],,2024,1,65,84,存疑有利于被告原则有深厚的中外法史渊源及比较法上的根据，体现无罪推定，彰显司法人权保障，是证明责任及证明标准规范的应有之义，在我国现行法中有充分依据。适用该原则应秉持无罪推定理念，同时维系打击犯罪与保障人权的平衡。该原则的适用以穷尽取证手段为前提，事实存疑是指证明未达到证据确实、充分程度，控诉性事实因存在合理怀疑而应作出有利被告的认定，疑案除“疑罪从无”等基本处理方式外，在限制条件下可适用协商性司法方式。辩护性事实即使因证明不足而存疑点，但只要达到优势证明标准，亦应适用有利被告原则予以认定。就存在利益冲突的“对合性犯罪”、“多个致害行为一个危害后果但具体因果关系不清的案件”，以及某些程序法事实等，亦可有条件地适用有利被告原则。该原则的适用存在例外情形，包括“纯正例外”与“非纯正例外”。为指导司法操作，对司法实践中有争议问题应作出更为明确的司法解释及判例指导，同时该原则应被确认为我国刑事诉讼法及刑事证据法的基本原则。,存疑有利于被告;事实存疑;有利被告;无罪推定;司法适用,D925.2,,,法学三大刊论文/中国法学/存疑有利于被告原则及司法适用.pdf
336,完善推进法治社会建设机制,李林[1],中国社会科学院法学研究所,2024,5,22,27,党的二十届三中全会擘画了进一步全面深化改革、推进中国式现代化的宏伟蓝图，对“完善中国特色社会主义法治体系”作出专门部署，明确提出“完善推进法治社会建设机制”等法治领域改革任务，为新征程加快建设现代化法治社会提出新要求、注入新动力。,,D,,,法学三大刊论文/中国法学/完善推进法治社会建设机制.pdf
337,定罪与量刑证明一分为二论,吕泽华,青岛大学法学院,2015,6,96,115,量刑证明与定罪证明同属于以证据为基础的证明活动，在证据属性、证据规则、证明模式、证明标准、证明责任等方面呈现一体同生的遗传因子，共生于证据法学体系中。以“一分为二”的哲学理念探析量刑证明与定罪证明统一与分离的证明关系、严格与自由的证明模式套用之争、标准与差异的证据规则之议、一维与多元的证明责任之疑以及单一与分层的证明标准之惑，有助于明确量刑证明在证据法学体系中的特殊地位，推动量刑证明与定罪证明理论体系的协同发展，促进量刑证明的规范化。,量刑证明;定罪证明;证明标准;规范证明,D915.13,43,,法学三大刊论文/中国法学/定罪与量刑证明一分为二论.pdf
338,实体与程序互动视野下的刑事合规立法,李本灿[1],,2023,5,69,89,刑事合规制度具有显著的实体与程序互动特征，实体一元与整体诉讼、实体二元与分离诉讼存在逻辑上的联动关系。无论从学术史的角度，还是从现实操作以及合规推动力的角度讲，实体二元制都不值得提倡；无限制的程序分离方案不仅理论基础薄弱，而且可能过分干预市场经济自然运行，使市场丧失资源重新配置的机会，更可能导致替罪羊现象泛滥等诸多问题。倡导组织体责任论并不意味着对实体一元制的放弃，在坚持一元制的前提下，也可以沿着组织体责任论的方向理解单位刑事责任。关于完善刑事合规立法，在坚持实体一元制的前提下，可以适度修订刑法，将“合规影响定罪和量刑”作为注意规定写入刑法；在坚持程序整体诉讼的前提下，可以适度修订刑事诉讼法，设立轻罪范围内的涉单位附条件不起诉制度，而严重犯罪的附条件不起诉可以作为例外。与此同时，未成年人附条件不起诉等关联性制度也应同时调整，以维持立法的原定价值。,刑事合规;单位犯罪;一元制;二元制;分离诉讼,D925.2,,,法学三大刊论文/中国法学/实体与程序互动视野下的刑事合规立法.pdf
339,实行犯的对象错误与教唆犯的归责问题,柏浪涛,华东师范大学法学院,2018,2,286,302,"我国通说认为,实行犯因对象错误而制造的错误结果一概能够归责于教唆犯,这种结论过于绝对。该问题需从客观归责与主观归责两个维度审查。客观归责的实现不等于主观归责的实现。在主观归责领域,传统错误论的分析路径存在＂绕路＂之嫌,教唆犯不构成对象错误;＂遵守指示＂标准难以证立;数量错误说不能合理回应屠杀说。关于故意归责,计划实现理论与风险故意理论均存在不足。故意归责的实现,不仅要求认识到危险的创设,还要求认识到危险的实现。前者属于＂知晓＂,后者属于＂设想＂。教唆犯虽然对预定目标之外的不特定人创设了伴随危险,但采取了消除危险的措施,导致教唆犯在＂知晓＂与＂设想＂层面不符合故意要求,那么错误结果不能归责于教唆犯。",对象错误;打击错误;教唆犯;实行犯;故意归责,D922.296,0,,法学三大刊论文/中国法学/实行犯的对象错误与教唆犯的归责问题.pdf
340,实质法益保护理念下行政犯行刑反向衔接机制的展开,刘艳红[1],中国政法大学刑事司法学院,2025,2,264,283,在行政犯时代，行刑反向衔接机制可以限缩行政犯处罚范围并提升治理质效，但也面临着治理理念不统一、具体程序缺失以及审查监督失衡的问题。行政犯的行刑反向衔接应该在实体机制、程序机制与审查监督机制中贯彻实质法益保护理念。实体机制的构建应落实刑法谦抑性原则，对是否不起诉及适用行政处罚进行实质审查，并对不起诉案件设置与实质法益损失相均衡的行政处罚。程序机制的构建应围绕实质法益认定来协调不同检察部门的职责，设置行刑反向衔接审批程序以防止“双重处罚”，还须完善证据反向移送程序，并以构成要件为核心来塑造基于行为要件、罪量要件与结果要件的反向移送标准。审查监督机制要结合不同语境来设置，着重分析是否存在实质法益的保护疏漏与具体行为情节的误判。在相对不起诉后展开双部门双审查模式的必要性审查，在存疑不起诉与绝对不起诉后推动信息共享、强化行政监督。,行政犯;行刑反向衔接;实质法益保护;审查监督机制;行政处罚,D922.1,,,法学三大刊论文/中国法学/实质法益保护理念下行政犯行刑反向衔接机制的展开.pdf
341,实验法院：近代中国司法改革的一次地方试点,刘昕杰[1],四川大学法学院,2015,5,206,222,设立实验法院是近代中国以地方试点为特点的司法改革。这场司法改革以提高诉讼效率为目标，先后选择了璧山和重庆两地法院试行《实验办法》。实验法院通过整顿法警队伍并设立职员值日、审检联席会议等制度，革新行政风纪；通过增强法院职权、便利当事人诉讼，提高诉讼效率。实验成果大多被采纳，《实验办法》中的许多制度成为修订新诉讼法的依据。由于地方司法改革涉及到中央立法、司法和行政权的交界，实验法院匆匆终止。厘清和分析实验法院这段历史，可以展现许多诉讼制度在中国吸收、演进的历史细节，实验法院所体现的从地方试点到中央立法这一司法改革思路也对当下有所裨益。,实验法院;司法改革;民国法制,D926.2,59,,法学三大刊论文/中国法学/实验法院：近代中国司法改革的一次地方试点.pdf
342,审判委员会制度改革路径实证研究,无,徐向华课题组,2018,2,28,55,"审委会＂讨论案件并决议＂的类审判职能因其非亲历性和不可追责性等缺陷而饱受争议并成为历次司法改革的重点攻坚对象。规范分析表明,由于法律设计和司法解释未能一以贯之,该项职能在实践中渐趋泛化和错位。实证研究显示,人员组成的高行政性与讨论议题的重影响性,使得审委会更倾向于保障政治安全和社会稳定;而大量讨论个案,不仅影响其宏观职能的发挥,易成为司法责任的黑洞,而且把控案件质量的实际作用并非如愿。长远看,改革路径在于还权赋能,通过逐步取消审判职权,全面强化指导功能,实现审判权完整回归合议庭和独任庭,重塑审委会作为审判中的咨询者和规则制定中的决策者两大角色。这一变革应在法制框架下分＂三步走＂平稳实现,再通过修法予以固化并推广。",审判委员会;司法体制改革;审判权,D926.2,0,,法学三大刊论文/中国法学/审判委员会制度改革路径实证研究.pdf
343,宪法个案解释基准的证成逻辑及其法律控制,汪进元,东南大学法学院,2016,6,55,72,何为宪法解释基准？广义上包括既定规范、技术规范和个案规范，狭义上就是个案规范。其中，个案规范潜藏于既定规范与案件事实之中，是解释者通过技术规范选择甚至续造的个案基准。在个案规范的证成中，案件事实给定了求证的起点和目标，既定规范预设了求证的方向和边界，技术规范指明了求证的路径与方法。宪法原则是一个多位阶、网状式的价值体系和规范体系，在逻辑推论中，上位原则涵摄下位原则、原则涵摄规则。权利（职权）关系的主体、行为和法益，是法律拟制事实与案件事实的基本元素，也是宪法规范涵摄法律规范和案件事实的桥梁和纽带。个案规范的选择和续造，解释者说了算。因此，提高宪法规范的可适用性、推进技术规范的法律化以及释宪程序的民主化等，是控制恣意释宪的主要途径。,宪法解释;宪法个案基准;宪法审查;恣意释宪的控制,D924,0,,法学三大刊论文/中国法学/宪法个案解释基准的证成逻辑及其法律控制.pdf
344,宪法实施情况报告制度的理论阐释和体系构建,李云霖[1],湘潭大学法学院,2025,2,5,23,党的二十届三中全会首次提出的“建立宪法实施情况报告制度”，是健全保证宪法全面实施的重要制度创新，是我国宪法实施和监督制度发展的重要体现。宪法实施情况报告制度立基于宪法全面实施，具有坚实的政治基础、理论基础和实践基础。在监测反馈、教育指引、制度调适等功能定位下，宪法实施情况报告制度需要秉持系统观念，从报告谱系、由谁报告、向谁报告、报告什么和如何报告等五个方面进行体系性构建。具言之，需按照以全国人大及其常委会为主体、其他国家机关参与的原则，在由宪法实施情况专项报告和以国家机关工作报告为载体的宪法实施情况报告构成的报告谱系的基础上，确定报告主体和接受报告主体，明晰报告内容及其表达等关键点，明确专项报告的时段选择、内容获取、审议发布等程序规范。,宪法实施情况报告制度;宪法实施情况专项报告;宪法全面实施;全过程人民民主;制度体系,D921,,,法学三大刊论文/中国法学/宪法实施情况报告制度的理论阐释和体系构建.pdf
345,宪法的全球化：历史起源、当代潮流与理论反思,刘晗[1],清华大学法学院,2015,2,108,130,"全球化的进程已经推进到传统的国内宪法领域。近些年来,世界各国的宪法发展呈现出趋同的态势,各国司法审查的活动也开始相互借鉴和援引各自的法律资源和司法判决,各国高等法院法官之间的交流逐渐增多。宪法全球化肇始于二战之后世界范围内传统议会主权的衰落以及对于行政权扩张的反思,同时也受到了经济全球化的极大促进。宪法的全球化同时也在实践上受到了以美国为代表的宪法民族主义的抵制,在理论上带来了问题：司法审查的全球化使得各国高等法院逐渐脱离本国的民主过程和特殊的宪法文化,呈现出国际的反多数难题。",宪法全球化;司法审查;成文宪法;反多数难题;宪法文化,D920.0,204,,法学三大刊论文/中国法学/宪法的全球化：历史起源、当代潮流与理论反思.pdf
346,家庭法介入家庭关系的界限及其对婚姻家庭编实施的启示,夏江皓[1],中国政法大学,2022,1,55,76,"家庭法与家庭生活存在一定的意义分野,家庭生活的亲密性和伦理性决定了家庭法介入家庭关系存在一定的界限,法律应当为家庭的自我管理保留足够的空间.基于家庭法和家庭生活的互动关系,家庭法对家庭关系的介入应当采用""目的性弃权模式"",使国家有针对性地对公民的家庭生活进行法律层面的干预.当家庭关系陷入危机甚至破裂,或者影响到第三人,或者违反保护家庭中弱势群体等底线道德时,家庭生活的亲密环境就让位于当事人权利义务界分的需求,家庭法方可有的放矢地介入.家庭法介入家庭关系的界限为《民法典》婚姻家庭编的具体制度提供了理论渊源,婚姻家庭编应当以之为指引,促进自身规范的解释与适用,并在处理与其他各编关系时保持坚守与张力,以共同推动《民法典》为人民群众提供坚实的权益保障.",家庭法;家庭关系;界限;目的性弃权;婚姻家庭编,D923.9,0,,法学三大刊论文/中国法学/家庭法介入家庭关系的界限及其对婚姻家庭编实施的启示.pdf
347,宽容原则之上：法律解释与存疑有利于被告,郭烁[1],中国政法大学诉讼法学研究院,2025,1,285,304,传统刑法解释学预设唯一且正确的解释结论是可欲的，但该预设无论从逻辑抑或实践都站不住脚。如果真正坚持罪刑法定原则和事前法裁判原则，就很可能出现“解释僵局”，即任一解释方案均欠缺合理性比较优势，进而产生存疑有利于被告原则在法律解释领域的适用余地。于英美法，盖因宽容原则之存在，此点并无疑义。由严格解释原则发展出的宽容原则，要求法律解释的疑点利益归于被告，不仅在方法论上革新传统刑法解释学，为解释僵局提供化解方法，还在价值论上贯彻罪刑法定原则，推进罪刑法定原则的司法化。考虑到当前我国积极刑法观的立法实践，承认刑法解释亦可适用存疑有利于被告原则对防止过度犯罪化不可或缺。,存疑有利于被告;宽容原则;解释僵局;法律适用;严格解释,D914,,,法学三大刊论文/中国法学/宽容原则之上：法律解释与存疑有利于被告.pdf
348,对“南海仲裁案”的反思：中国如何为国际法治做出贡献,傅崐成,厦门大学南海研究院,2016,5,46,50,"一、南海仲裁案是中国为国际法治做出贡献的机会_x000D_
2016年7月12日南海争端临时仲裁庭就菲律宾指控中国的多项涉及《公约》的解释案，做出了裁决。5位仲裁员采取一致同意的方式，全面同意菲律宾所有的主张，给出了令全球国际法学界都非常讶异的“一面倒式”裁决。",国际法治;南海争端;仲裁案;中国;反思;《公约》;菲律宾;仲裁庭,D921,0,,法学三大刊论文/中国法学/对“南海仲裁案”的反思：中国如何为国际法治做出贡献.pdf
349,对我国民事诉判关系的再思考,王杏飞[1],西南政法大学,2019,2,279,302,"基于当事人主义的法理、尊重程序主体性的需要与保持法院中立性之要求,法院的审理对象和范围应该与当事人的诉讼请求保持一致,既不能超判,也不应漏判。当事人的诉讼请求、诉讼理由与法院的认定不一致时,我国民事诉讼法及司法解释要求法院告知当事人可以变更诉讼请求,但对法院未告知、当事人不变更的处置尚缺乏明确的规范。当前司法实践中存在三种优劣互见的处理方式。回归民事诉讼公正、有效率地解决纠纷的目的,尤其是扩大一审解纷机能之需要,遵循民事诉判关系的基本法理,从健全与完善诉讼请求的合并规则并辅以法院的释明两个方面来合理构建民事诉判关系的规则体系。",诉讼请求;法律关系;释明;诉判关系,D925.1,0,,法学三大刊论文/中国法学/对我国民事诉判关系的再思考.pdf
350,对民事二审中撤回起诉的再认识,王杏飞,西南政法大学高等研究院,2017,3,267,285,"在第二审程序中原审原告能否撤回起诉,是民事诉讼立法没有明确规定的问题,学理上有不同的观点,实务中也有不同的处理方式。民事诉讼法司法解释第338条从尊重当事人处分权的角度出发,允许原告在征得其他当事人同意且不损害国家利益、社会公共利益与他人合法权益的前提下撤回起诉。但同时规定原告撤回起诉后重复起诉的,不予受理。遵循民事诉讼法理与有效解决纠纷的现实需要,应依据案件类型来分设不同的规则,即禁止原告对财产性质的案件再行起诉,对人身关系的案件,则允许原告再次起诉。无条件地允许原审被告另行起诉也不尽合理,应斟酌具体情况来决定。",民事诉讼;二审;撤回起诉;另行起诉,D295.1,84,,法学三大刊论文/中国法学/对民事二审中撤回起诉的再认识.pdf
351,对民事判决书结构与说理的重塑,曹志勋,,2015,4,226,246,裁判文书、特别是其中的判决书，在法律实务和司法改革中十分重要。由于我国既有判决书的结构和说理存在诸多不足，有必要依据诉讼法理加以改造与重构。我国判决书中的事实部分不应以事实判断和认定为功能，而应当借鉴德国法经验，从功能上转换为强调记载和证明的本案事实部分，并且更加注重对程序性事项的记载。判决书的理由部分应当同时包括事实认定和法律适用的内容，加强事实说理和回应争点，并且考虑在必要时引用其他说理资料。,判决书;裁判说理;本案事实;裁判理由;裁判技术,D926.13,155,,法学三大刊论文/中国法学/对民事判决书结构与说理的重塑.pdf
352,寻衅滋事罪的法教义学形象：以起哄闹事为中心展开,陈兴良[1],北京大学法学院,2015,3,265,283,寻衅滋事罪是我国刑法中一个51人注目的罪名，近年来本罪存在着口袋化的倾向，因此，对本罪的法教义学研究十分必要。本文以我国《刑法》第293条以及司法解释关于寻衅滋事罪的规定为根据，对起哄闹事型寻衅滋事罪的规范构造、司法认定以及网络传谣等问题进行了理论探究。本文从保护法益、行为类型和主观违法要素三个方面，对起哄闹事型寻衅滋事罪进行了规范考察；结合案例，从刑法教义学出发对起哄闹事型寻衅滋事罪的具体行为类型进行了分析；并对网络寻衅滋事罪的司法解释进行了研究；对网络传谣行为不能等同于起哄闹事，因此不能以寻衅滋事罪论处的结论进行了论证。,寻衅滋事罪;保护法益;行为类型;主观违法要素,D924.36,17,,法学三大刊论文/中国法学/寻衅滋事罪的法教义学形象：以起哄闹事为中心展开.pdf
354,工伤排除规则重构:从过错到因果,侯玲玲[1],深圳大学法学院,2019,5,195,212,"《工伤保险条例》第14条第6项以及第16条均以劳动者过错因素作为直接的工伤排除规则,最高人民法院公布的40号指导案例亦采用以无过失为起点的推理逻辑,从而形成了以劳动者过错替代工伤因果关系的刚性规则。工伤排除规则中的过错责任是工伤保险演变的""胎记"",与工伤定义并不协调。为防止个人行为或自愿行为具有可责难性成为排除工伤认定的一般规则,进一步周延工伤定义的理论以及完善工伤法律制度,应在因果关系判断中考虑劳动者过错。当劳动者过错足以改变行为(不再是工作行为)的性质时,方可排除工伤认定。在逻辑上,工伤认定规则中的因果关系应该具有周延而完整的解释力。",工伤;劳动者过错;工伤排除;因果关系,D922.55,0,,法学三大刊论文/中国法学/工伤排除规则重构_从过错到因果.pdf
355,市场与政府关系的法学解构,侯利阳[1],上海交通大学凯原法学院,2019,1,186,203,"党的十八届三中全会确立了'使市场在资源配置中起决定性作用和更好发挥政府作用'的基本原则,迫切需要明确市场与政府在法学层面的具体建构。我国法学界多以'市场失灵导致政府干预'来突出二者之间的补充关系。但若以市场主体、市场客体、交易条件、竞争关系等因素解构市场经济法律体系,依赖市场内力协调的民法与竞争法也蕴含着政府的干预,基于政府外力干预的市场规制法同时也暗含着市场机制的重现。因此,市场与政府不只是补充关系,更有互为支撑、相互转化的交叉关系。循此逻辑,方能建立张弛有度、与时俱进、尽如所期的社会主义市场经济法律体系。",市场机制;政府干预;部门法边界,D923,0,,法学三大刊论文/中国法学/市场与政府关系的法学解构.pdf
356,市场主体规则平等的理论阐释与法律制度构建,"刘大洪[1,2]",湖北经济学院法学院,2019,6,184,201,"市场主体规则平等是指在市场经济运行过程中,任何一类市场主体的法律地位平等、竞争机会均等、权利与义务关系对等,国家的经济干预不得违背和破坏市场公平竞争,不给予任何一类市场主体不正当的竞争优势或劣势。目前实践中的市场主体规则平等将国有企业作为主要规制对象,忽视、淡化了其他类型企业可能存在的竞争不公问题。应当重塑市场主体规则平等理念,使其不再局限于规制国有企业的竞争问题,而应扩散至不同控制力、资本来源、空间区位、产业组织的企业形态之间的整体公平竞争问题,令市场主体规则平等的内涵从狭义走向广义。在广义市场主体规则平等的理论指引下,中国经济法律制度应予以深切变革,落实国企运行平等、税收规则平等、融资规则平等、监管规则平等、外商投资规则平等五大法律规范。",市场主体规则平等;国有企业;国家干预,F27,0,,法学三大刊论文/中国法学/市场主体规则平等的理论阐释与法律制度构建.pdf
357,平台用工的“劳动三分法”治理模式,王天玉[1],,2023,2,266,284,平台用工治理争论的实质是现行劳动法的知识体系和制度构造能否涵盖平台信息技术推动的劳动变革。考察域外主要立法例发现，各国依托自身法律框架在司法裁判和立法修订上形成了差异化的治理目标和实践逻辑，显示出“第三类劳动形态”平衡劳动灵活性与规范性的弹性优势。我国平台用工突破了劳动二分的法律抽象，平台化灵活就业政策组合已经开拓了“第三类劳动形态”的制度空间，平台用工治理应着眼于“类雇员权益保障清单”，基于“民法做加法”的立法进路，通过任务计量型劳动基准、突破劳动关系的集体协商、新业态职业伤害保障等配套制度实现底线保障，并随着劳动形态演进增设权益规范，逐步实现全方位保障和系统性治理。,平台用工;新就业形态;类雇员;劳动三分法,D922.5,,,法学三大刊论文/中国法学/平台用工的“劳动三分法”治理模式.pdf
358,平台组织内网络企业对个人信息保护的信义义务,吴伟光[1],清华大学法学院,2021,6,45,60,"平台组织是一种新型基本社会组织,平台组织内的个人信息保护问题本质上是网络企业与网络用户在平台组织内的关系问题.由于网络企业的强势地位以及平台组织的封闭性和变化性,直接依赖网络用户的私权利和政府公权力来保护个人信息都很难对抗网络企业.网络企业的强势地位决定了网络用户对其具有信义利益,网络企业应该承担保护网络用户个人信息的信义义务.政府主管部门承担从外部监督网络企业履行其信义义务的职责,与社会舆论监督共同形成对网络企业的综合治理.政府主管部门和网络企业共同合作排除非法的平台组织.将个人信息中的法益视为网络用户对网络企业的信义利益,避免了网络用户和政府部门由于信息失灵造成的个人信息保护的各种困境,符合网络经济动态变化特征对法律规范既要灵活又要有效的特殊要求.",个人信息保护;平台组织;网络企业;信义利益;信义义务,F49;D922.16,0,,法学三大刊论文/中国法学/平台组织内网络企业对个人信息保护的信义义务.pdf
359,平台金融化规制路径的反思与重构：以长租平台为例,冯辉[1],,2024,2,247,265,金融化是平台经济的重要特征，其扩大了平台商业模式的效用与风险。长租平台通过参与租赁交易并引入金融机制重构了交易基础，满足了社会对高品质且可支付的租赁服务的需求，但也滋生了负外部性和风险。以去金融化为核心的结果主义规制路径减损了社会福利、遗留了交易纠纷，应基于整体主义理念和方法予以重构。在指向社会福利的规则治理层面，应合理扩张长租平台的权利能力、设置类型化的准入标准与行为规范、引入违约责任保险和赔偿基金，以强化风险控制。在当前去金融化的政策限定下，要允许长租平台开展助贷业务，激励其补贴承租人购买违约责任保险；加强对长租平台高进低出、长收短付等行为的风险监测，但不宜直接认定为违法；落实对长租平台的融资支持政策，激励其维持住房投入。在配套制度完善层面，应加强合同解除限制与租金稳定在长租平台金融化规制中的适用。,平台金融化;长租平台;住房租赁金融;结果主义规制;整体主义规制,D922.28,,,法学三大刊论文/中国法学/平台金融化规制路径的反思与重构：以长租平台为例.pdf
360,应对灵活用工的劳动法制度重构,涂永前,中国人民大学劳动人事学院,2018,5,216,234,"经济发展与科技进步带来了生产组织方式和用工方式的变革,在工厂制下的全日制用工形式之外,出现了大量的＂非全职、非全时、非典型＂的灵活用工现象。灵活用工的各种形式对全日制用工形式的劳动法制产生了冲击和挑战,传统的劳动法体系应该进行制度重构：扩大劳动法的调整范围;对各类灵活用工形式分类规制;对劳动法中的强制性规范和自治性规范进行合理配置;进一步优化劳动法三层调整模式;重构劳动法与民法的功能分工。",灵活用工;非标准劳动关系;劳动法,D922.5,0,,法学三大刊论文/中国法学/应对灵活用工的劳动法制度重构.pdf
361,庭审中心视域下的民事审前准备程序研究,段文波,西南政法大学,2017,6,203,220,从1982年民事诉讼法到2012年民事诉讼法，我国审前准备程序的改革经历了以公正为名的虚化到以效率为指向的弱化，尽管在外观上逐渐呈现出独立化样态，但却深陷公正与效率的矛盾而致功能丧失。从充实庭审的现实需要出发，有必要对我国审前准备程序进行重构。从庭审中心论立场而言，我国应当建构期日型审前准备程序，而非现行两阶段分置式的审前准备程序。因此，完善我国审前准备程序的核心内容，绝非止于现有认识上的重置法官与当事人的权限配置关系，赋予当事人争点决定权并限缩法官权限即可，而是要遵循当事人事实主张的规制原理，以有理性评价为指针整理、限缩、深化并确认双方当事人的争议焦点。藉此，庭审始能高效地实施集中证据调查以发现真实。,庭审中心 审前准备程序 口头辩论主义 争点整理,D925.1,0,,法学三大刊论文/中国法学/庭审中心视域下的民事审前准备程序研究.pdf
362,建设中国特色社会主义法治文化,张苏军,中国法学会党组,2017,6,44,48,党的十九大是在全面建成小康社会决胜阶段、中国特色社会主义进入新时代的关键时期召开的一次十分重要的大会，在我们党和国家发展进程中具有极其重大的历史意义。习近平总书记在大会上作的报告，全面总结了党的十八大以来党和国家各项事业所取得的巨大成就，深刻分析了我们党当前所面临的复杂的国内外形势，全面阐述了习近平新时代中国特色社会主义思想和基本方略，从开创中国特色社会主义事业全局和战略的高度，就全面建设社会主义现代化国家描绘了宏伟蓝图、作出了全面部署，提出了一系列新思想、新观点、新论断、新部署、新要求。报告特别提出了建设中国特色社会主义法治体系和法治国家的法治建设总目标，强调要深化依法治国实践，加大全民普法力度，建设社会主义法治文化。这为弘扬社会主义法治精神，建设中国特色社会主义法治文化指明了方向。,中国特色社会主义思想 社会主义法治文化 中国特色社会主义事业 建设中国特色社会主义 全面建成小康社会 社会主义法治精神 国家发展 国内外形势,D092.7,0,,法学三大刊论文/中国法学/建设中国特色社会主义法治文化.pdf
363,张居正改革中的考成法考论,陈国平[1],中国社会科学院法学研究所,2020,4,130,146,"明朝中后期吏治腐败非常严重,其突出而普遍的表现是""姑息之弊"",即我们今天所讲的官僚主义。为治理""姑息之弊"",张居正在改革中强力推行考成法。考成法由考成事例、加以补充和完善的事例、六部的相关规定组成,构成了一个严密的系统。考成法得到了切实的贯彻执行,比较成功地克服了""姑息之弊"",并推动其他改革措施落到实处,为实现富国强兵的目标提供了有力的保证。但考成法自身也有局限,导致在张居正死后被终止。考成法的实施情况对我们今天克服官僚主义具有重要的参考借鉴价值。",张居正改革;考成法;姑息之政;官僚主义,R73,0,,法学三大刊论文/中国法学/张居正改革中的考成法考论.pdf
364,强制预防接种补偿责任的性质与构成,伏创宇,中国青年政治学院法学院,2017,4,143,157,"强制预防接种的国家补偿应当属于公法上的危险责任,既不同于国家赔偿法确立的以违法为前提的行政赔偿,也难以归入征收征用补偿与衡平补偿的范围。其以公平负担理念为基础,在具体构成上包括＂欠缺目的性侵害＂、＂构成特别牺牲＂与＂公权力措施形成特定的危险状态＂三要件。强制预防接种的国家补偿责任、民事侵权责任与国家赔偿责任具有各自的逻辑基础与构成要件,相互之间并非互相排斥的关系。从制度上考察,我国强制预防接种的国家补偿责任的构成要件、范围与标准都应当予以检讨并完善。",预防接种;危险责任;特别牺牲,D920.0,21,,法学三大刊论文/中国法学/强制预防接种补偿责任的性质与构成.pdf
365,当代中国的法律实证研究,程金华,华东政法大学国际金融法律学院、法律实证研究中心,2015,6,60,78,通过对1979-2015年间中国法学核心期刊所发表论文及相关事实的实证研究，本文发现，法律实证研究已经在目前中国法学界获得了一席之地。研究者群体在壮大，成果在增加，问题意识已经辐射到法学研究的很多领域，关注点已经逐步向微观问题转移，影响面在扩大，并形成了一个相对较大的知识市场。知识的供给和需求共同作用推动了法律实证研究在当代中国的兴起，也造成了一定的“知识泡沫”。为了法律实证研究的长期健康发展，并对中国法学研究和法治建设做出更大贡献，本文主张法律实证研究者应该努力推动一个开放的学术共同体的建设，保持开放、多元、互补、合作的心态来对待其他类型的法学研究，以回应发现中国法治建设的真实问题、提供有效解决方案的历史使命。,法律实证研究;社科法学;法社会学;法学方法论,D920.0,50,,法学三大刊论文/中国法学/当代中国的法律实证研究.pdf
366,形式与实质之争：税法视域的检讨,汤洁茵,中国社会科学院大学政法学院,2018,2,248,268,"实质课税原则引发的税法形式与实质之争包括三个层面,即抽象税收构成要件基于经济价值还是法律形式予以确立、税法应当作形式抑或实质解释以及经济活动的私法形式还是经济实质将作为税收构成要件符合性判断的事实基础。实质的探求固然可以在一定程度上实现个案的正义,但脱离形式束缚的实质正义必定是随机和偶然的,不符合税收法定主义的要求。形式主义在税法上依然有其独有的价值,是确保税法的确定性和可预测性价值实现的逻辑前提,也是确保税法权威的必然要求。立法者在确立抽象税收构成要件时,尽管把握用以评价税收负担能力的经济活动的事实核心可以与私法有所不同,但确立＂事实要件＂仍应当最大限度地承接私法形式,以确保＂法统一秩序＂的实现。",法律形式主义;实质课税;税收构成要件;税法解释;事实判定,D922.22,0,,法学三大刊论文/中国法学/形式与实质之争：税法视域的检讨.pdf
367,恶意串通法律规范的合理性,张平华,烟台大学法学院,2017,4,207,226,"只有实现＂生活事实规范化＂＂法律规范体系化＂,恶意串通法律规范才称得上合理。在＂生活事实规范化＂上,传统民法按照虚假行为规范生活中的恶意串通,容易成立一般条款,却忽略了后者所具备的＂手段＋结果＂相联动的结构,难免较高的片面性。《民法总则》没有以虚假行为替代恶意串通,其做法总体上值得肯定。如果恶意串通能承认主客观结合的法律构成、多样化的法律效果,会更好地克服片面性,却将不利于形成一般条款。采用立法论与解释论、局部和整体等不同的视角,有助于厘清恶意串通与相关制度的关系,实现＂法律规范体系化＂。恶意串通作为局部存在时,其无效不应直接导致整体行为的无效。恶意串通与其他制度存在法条竞合、制度竞合或聚合等典型模式。",恶意串通;构成要件;民法总则;虚假行为,D90,36,,法学三大刊论文/中国法学/恶意串通法律规范的合理性.pdf
368,成年监护制度的现代转向,李霞[1],华东政法大学,2015,2,199,219,"从世界范围看,成年监护制度目前清晰地呈现出以下发展趋势：从医疗监护模式转向人权监护模式,从全面监护转向部分监护,制度利用者扩大化,保护与支援措施多元化,意定监护为主法定监护为辅。我国成年监护制度立法尚滞后于现代世界主流成年监护制度发展趋势,作为《联合国残疾人权利宣言》的签署国,我国应结合老龄化社会的发展实际,顺应当前国际趋势,确立人权监护模式的成年监护制度,以尊重自我决定、最小限制和能力推定为原则,并扩张制度的利用者范围,以意定监护契约为监护主要设定方式。在法定监护中确立有限监护的中心地位,并在此基础上新设监护、保佐与辅助三种措施。同时完善《老年法》第26条,建立起以吸收《精神卫生法》和相关行政规范为重要组成部分的监护监督体系。",人权监护;部分监护;意定监护;监护监督,D90-52,65,,法学三大刊论文/中国法学/成年监护制度的现代转向.pdf
369,我国《证券法》上证券概念的扩大及其边界,邢会强[1],不详,2019,1,244,263,"证券法上'证券'的定义问题是证券法的第一问题。证券是投资者为了获取利润而取得的代表投资性权利的凭证或合同,投资者之间共同进行了投资或者它允许投资者对外拆分转让该证券,它具有损失本金的风险且该风险未受其他专门法律的有效规制。换言之,证券具有投资性、横向共同性和风险未受规制性(或风险裸露性)三大本质特征。简言之,证券的特征可以概括为'共同投资,风险裸露'八个字。凡是符合该定义的凭证、产品或合同都是证券,都应该纳入《证券法》的调整范围,这就意味着我国《证券法》上证券概念应扩大。但证券概念的扩大是有边界的,它不能涵盖所有的金融投资商品。证券是具有横向共同性特征的金融投资商品,但并非所有的金融投资商品都具有横向共同性。",证券;金融商品;金融投资商品;投资合同;豪威测试,D922.287,0,,法学三大刊论文/中国法学/我国《证券法》上证券概念的扩大及其边界.pdf
370,我国专利制度现代化的自主逻辑体系建构,马一德[1],中国科学院大学知识产权学院,2025,1,131,149,为更好地指引我国专利法的未来修订和实施，满足国家治理制度现代化的需要，有必要探究我国专利制度现代化的构建逻辑。我国专利法制定实施初期，主要遵循的是西方专利制度的生成和运行逻辑，即以最大限度地服务市场经济为主、以实现国家意志为辅、尽量减少国家和政府的干预。基于我国跨越式转型、非均衡发展和超大规模崛起等特殊国情，移植而来的专利制度产生了不适应的问题，使得我国专利制度转向独立自主的本土化和现代化，并形成了独特的中国式逻辑：立足中国共产党的全面领导和国家意志的全维整合，以中国特色社会主义市场经济体制不断激发专利制度的内生力量。依托强大的国家意志整合机制，我国专利制度创造性地融合了一般性逻辑和中国式逻辑，推动社会主义市场经济体制改革，形成了独特的结构性竞争力。在新型举国体制下，我国专利制度承担着从国内国际两个维度进一步深化产业分工和资源整合、最大限度释放出全社会的创新潜能的任务。专利制度应为我国开放式创新模式的建构提供最大程度支持，并在人类命运共同体的理念下统筹规划，实现完善国内法律制度与推进全球治理改革的同步。,专利制度现代化;市场机制;新型举国体制;开放式创新,D923.42,,,法学三大刊论文/中国法学/我国专利制度现代化的自主逻辑体系建构.pdf
371,我国个人敏感信息界定之构想,胡文涛,上海海事大学法学院,2018,5,235,254,"个人敏感信息在我国规范性文件中已有体现,但规定间存在一定冲突。公众对不同信息敏感度存在差异,通知同意规则也已引发诸多质疑,我国未来个人信息保护法有必要对个人信息进行类型化区分,以实现信息保护与信息利用的更好平衡。敏感信息界定方法,宜在现行定义加列举的基础上,增加信息处理的情境和目的为考量因素。具体种类方面,应结合对泄露该信息是否会导致重大伤害、给信息主体带来伤害的几率、社会大多数人对某类信息的敏感度三个因素的综合考量,立足于中国国情,回应技术的发展,将健康信息、性生活和性取向、身份证件号码、金融信息、政治意见、通讯信息、基因信息、生物特征信息和精确地理位置列为个人敏感信息。",个人敏感信息;个人信息安全规范;个人信息保护,G271,0,,法学三大刊论文/中国法学/我国个人敏感信息界定之构想.pdf
372,我国保险法因果关系判断路径与规则,初北平[1],大连海事大学保险法研究中心,2020,5,263,283,"我国保险法因果关系判断规则的分歧根源在于对保险法与侵权法中的因果关系的混同及对合同解释功能的忽略。因果关系规则考察或构建方法论中的不同概念表达,导致""效果""和""结果""的原因与""纯粹条件""和""背景因素""的概念区分始终没有达成共识。我国保险司法实践中应采用""原因概念""统一、事实原因发现、合同解释与""实质作用""标准相结合来发现法律原因的逐级递进的因果关系判断理论,并警惕引入""比例因果关系""标准的弊端。可在司法解释以及指导性案例中对""实质作用原因""的概念进行诠释,确立合同解释以及复合原因选择的基本规则,鼓励在保险条款中约定更为详尽的比例因果关系规则。",因果关系;实质作用原因;比例因果关系;复合原因;合同解释,D92,0,,法学三大刊论文/中国法学/我国保险法因果关系判断路径与规则.pdf
373,我国公共卫生法治的理论坐标与制度构建,李广德[1],中国社会科学院法学研究所,2020,5,25,43,"公共卫生法作为维护公众健康这一""共同善""的规则体系,既是规范国家公共卫生权力行使的规制法,也是保障公众健康利益和个人生命自由的权利法。权力羁束与权利保障构成公共卫生法治的两大主题。现代公共卫生法治的实施依赖于包括税收、信息环境改变、经济差异处置、直接规制、间接侵权机制等在内的规制工具,并随着公共卫生模式的变迁而逐渐扩大国家权力干预的范围和边界,形成了""紧急公共卫生法治""和""常规公共卫生法治""并存的二元格局。我国公共卫生法治体系在规范创制、行政执法、司法运行和守法机制等方面既形成和积累了一定的制度资源,但也存在一定的短板与不足,应通过规划公共卫生法典的方式协同规范体系建设,贯彻""将健康融入所有政策""的执法机制,强化以裁判功能为中心的司法保障体系,构建以健康促进机制为核心的公共卫生守法体制,最终实现公共卫生治理的现代化和法治化目标。",公共卫生法;公共卫生法理;公共卫生法治;健康权利保障,D92,0,,法学三大刊论文/中国法学/我国公共卫生法治的理论坐标与制度构建.pdf
374,我国养老基金投资的审慎投资人规则,张春丽,中国政法大学民商经济法学院,2016,5,239,259,"我国养老基金采机构集合型投资,在受托机构及投资管理机构的审慎投资人规则及责任缺失的前提下,受益人及地方政府对养老基金投资风险的承担,为养老基金投资风险规制提供了逆向激励。养老基金的机构集合型投资与受益人自治型投资相比,受益人选择权弱化、投资机构控制权增强、投资过程透明度降低。审慎投资人规则由投资人行为规范到投资风险量化控制的演进,勾勒出养老基金投资风险规制由对受益人的代理投资人的规制,到对集合型投资机构投资行为审慎性的激励的演变。因而我国养老基金投资的法律规则,应重新厘定受托机构及投资管理机构的集合型金融服务机构的法律地位、重构其审慎投资人规则、完善投资风险治理结构及外部监管,为养老基金投资的风险规制及投资安全提供正向激励。",养老基金;投资风险;审慎投资人规则,F832.48,28,,法学三大刊论文/中国法学/我国养老基金投资的审慎投资人规则.pdf
375,我国农村集体养老的法律制度供给,李蕊[1],中国政法大学民商经济法学院,2025,2,45,64,农村养老问题的纾解是我国有效应对人口老龄化的关键所在。农村集体养老以农民集体作为核心组织协同者，同时注重政府履职尽责，集合农民家庭、营利组织、非营利组织等多元主体结成农村养老共同体，协同履行农村养老供给义务。它是在国家养老兜底保障的基础上，与家庭养老协调联动的农村社区嵌入式综合型养老模式，具有集体保障性、集合协同性和资源集聚性。为解决农村集体养老面临的财力、人力资源配置问题，亟待依托农村集体经济组织和村民委员会，通过集体土地养老、集体养老年金、集体互助养老、集体养老志愿服务等法律制度创设和法律规则拓补，有效发掘利用农村内生资源，同时引入农村外部资源，实现其向农村集体养老领域的集聚，并促进优化配置。,农村养老;农村集体养老;集体所有权;农村集体经济组织,D922.1,,,法学三大刊论文/中国法学/我国农村集体养老的法律制度供给.pdf
376,我国刑事缺席审判程序中的异议权,邵劭[1],杭州师范大学沈钧儒法学院,2021,5,102,123,"2018年《刑事诉讼法》增设缺席审判程序,赋予外逃型缺席审判的罪犯要求法院重新审理的异议权,以满足引渡的需求,并弥补可能的公正性缺失.事实上,异议权的设置虽然对引渡有一定的积极作用,但引渡的需要并不足以单独说明异议权设置的正当性.异议权的正当性更多的是源于其权利救济功能、对裁判可接受性的促进作用以及与出庭的""权利+义务""属性的契合性.异议权的设置应遵循一些基本规则,包括恪守异议权作为权利救济途径的根本定位、坚守公正与效率动态平衡的底线.我国有关异议权的内容不尽合理,可从异议权适用的案件范围、异议的理由、异议权的行使期限、效力、异议后的重新审理程序等方面进一步完善.",刑事缺席审判;异议权;重新审理;救济,D925.2,0,,法学三大刊论文/中国法学/我国刑事缺席审判程序中的异议权.pdf
377,我国刑事证据推理模式的转型：从日常思维到精密论证,封利强,浙江工商大学法学院,2016,6,153,176,我国传统的刑事证据推理模式属于日常思维模式，存在着自发性、粗放性和跳跃性等弊端。威格莫尔分析法和图尔敏模型是西方学者提出的两种分析工具，有助于推动刑事证据推理实现从日常思维模式到精密论证模式的转型。我们应当批判地吸收威格莫尔分析法和图尔敏模型的合理之处，并结合我国国情加以本土化改造。具体思路是：将刑事证据推理分为目标事实版本的确立、证据推理模型的建构以及证据总体分量的评估等三个步骤，依次递进、环环相扣地展开。,司法证明;证据推理;威格莫尔分析法;图尔敏模型,D925.2,0,,法学三大刊论文/中国法学/我国刑事证据推理模式的转型：从日常思维到精密论证.pdf
378,我国刑法制裁体系的反思与完善,彭文华[1],,2022,2,124,143,"刑法制裁体系对实现刑法目的至关重要.基于犯罪治理能力和治理体系现代化需要,我国刑法制裁体系需要与时俱进,完成由工具主义制裁观到目的主义制裁观的锐变.刑事制裁体系应当迎合情势变更与刑事政策变化需要,立足于刑事一体化,强化不同制裁方法与制度的协同性与功能性,从强调结果正义过渡到侧重分配正义.完善刑法制裁体系,应当以分配正义理论为指导,充分发挥刑法制裁的体系性功能,实现刑法制裁体系的内部沟通与外部协调.为此,需要在宏观层面上构建二元化刑法制裁方法体系和双轨制刑法制裁制度体系.对于具体的刑法制裁方法和制度,需要打破它们之间的藩篱,并在结构上加以类型化和优化.针对单位犯罪范畴的拓展、网络犯罪的泛起以及轻微犯罪发案率的不断攀升等,刑法制裁方法应实现多元化、专业化与开放化.为制衡刑罚权的运用,应当强化当事人权益保护,完善刑法制裁的程序保障.",刑法制裁体系;刑法制裁方法;刑法制裁制度;分配正义,D924.1,,,法学三大刊论文/中国法学/我国刑法制裁体系的反思与完善.pdf
379,我国刑法的新发展,"郎胜[1,2]",全国人大常委会 全国人大法律委员会,2017,5,23,46,1997年刑法颁行20年来，国家立法机关历次修正刑法，使我国刑法在减少死刑、调整刑罚结构、及时修改补充罪刑规定和不断完善刑法立法技术等方面发展显著、成绩斐然。20年来，我国刑法修改体现出鲜明的时代特征和注重立法创新的主要特点，其立法经验主要是坚持正确的立法方向、坚持从国情出发、以问题为导向。,1997年刑法 刑法修正案 刑法立法 刑法谦抑性,D924.393.5,0,,法学三大刊论文/中国法学/我国刑法的新发展.pdf
380,我国受贿罪量刑地区差异问题实证研究,王剑波,首都经济贸易大学法学院,2016,4,245,265,"模型回归结果显示,我国部分地区对受贿罪的量刑存在显著差异。进一步检验发现,这种差异的存在不能完全归结于受贿数额和量刑情节的不同,而是既与各地区对相同受贿数额的危害性评价不同有关,又与各地区对从轻、减轻处罚功能的选择不同有关,还与各地区对从轻、减轻处罚幅度的计算不同有关;且不能排除是由其他因素所导致。研究结论表明,《刑法修正案（九）》和＂两高＂最新司法解释确立的＂数额＋情节＂的弹性定罪量刑标准亦难以消减受贿罪量刑的地区差异。所以,需要因地而异地调整受贿罪的具体数额标准,明确从轻、减轻处罚功能的选择依据,统一量刑情节调节基准刑的具体比例,以尽可能地消减受贿罪量刑的地区差异。",受贿罪;量刑差异;实证研究,D924.13,24,,法学三大刊论文/中国法学/我国受贿罪量刑地区差异问题实证研究.pdf
381,我国成文法体制下不同属性判例的功能定位,顾培东[1],四川大学法学院,2021,4,5,24,"依据法源属性,我国判例可分为指导性案例、示范性案例以及一般性判例三种类型,其法源属性分别为约束性法源、引导性法源和智识性法源.作为约束性法源的指导性案例,其功能主要体现为丰富司法规范体系结构,完善司法规范体系;作为引导性法源的示范性案例,其功能主要设定于重构司法见解控制体系,保障法律适用统一;作为智识性法源的一般性判例,其功能应定位于通过泛在的司法经验与智慧的流动,推动司法经验与智慧的共享.这种功能定位格局,使得我国判例运用既不同于英美判例法国家的制度与实践,也与法、德等欧陆成文法国家具有重要差异.",判例运用;指导性案例;示范性案例;一般性判例,D920.0,0,,法学三大刊论文/中国法学/我国成文法体制下不同属性判例的功能定位.pdf
382,我国政府架构下的权力配置模式及其定型化,门中敬[1],山东大学法学院(威海),2021,6,140,161,"权力配置模式是政府架构的核心.根据""相对地位""的形式标准与""立法权限配置""的实质标准,可将不同政府架构下的权力配置模式类型化为""分立制衡""""行政臣服于立法""""分工制衡""""议行合一""四种典型模式.按照上述类型化标准,我国政府架构下的权力配置模式并不属于上述任何一种典型模式.基于责任政治的二元化,在对我国政府架构下的权力配置模式定型化时,应综合采纳宪制和政制的双重标准,将我国政府架构下的权力配置模式定型化为""统分结合""模式.该模式下,""党的领导""规范为""分工协作""注入了新的内涵,即在党的领导原则统摄下,权力机关与行政机关目标一致、使命共同、协调运作.该模式的定型化,应综合考虑民主、责任和效能三个功能要素,并坚持以下完善路径:一是完善人民代表大会制度,加快建设责任政府;二是科学配置立法权限,尊重行政权的自主空间.","国家权力配置;党的领导;责任政治;""统分结合""模式;定型化",D922.1,0,,法学三大刊论文/中国法学/我国政府架构下的权力配置模式及其定型化.pdf
383,我国权责清单制度质效研究,刘启川[1],东南大学法学院,2025,2,227,246,通过对权责清单制度实施以来涉及行政裁判文书的实证考察，可以发现行政相对人、行政机关和法院在适用主动性、适用方式、适用目的及适用效果上出现态度迥异等情形，实际运行效果并不理想，这与“权责清单制度的基础性制度效用”功能预设和价值目标相差甚远。化解该问题的逻辑起点在于明确权责清单的法律性质和制度功能。在我国法治体系中，权责清单隶属于内部行政规范性文件，但其法律效果具有外溢性。在功能定位上，行政相对人可以藉由权责清单的规范性实现权利保护；行政机关应当恪守权责清单的自制性；法院应当就权责清单的规范性进行回应。因此，未来应当尊重行政相对人无条件适用权责清单，行政机关应当补正权责清单“正确性效力”并予以法治化适用，法院应当从基本理念、审查或援引规则、工作衔接机制等方面构建司法回应型体系，由此，在推进中国式现代化进程中进一步实现权责清单制度提质增效。,权责清单;权力清单;责任清单;制度效用;提质增效,D922.1,,,法学三大刊论文/中国法学/我国权责清单制度质效研究.pdf
384,我国民事司法多元化改革的现状与未来,周翠,浙江大学光华法学院,2018,1,53,76,内容提要为促进程序正义的实现，我国亟待对级别管辖、审限、举证期限、鉴定、诉讼义务等规范进行修订，并在此基础之上进行司法多元化、电子化和专业化的改革。有效的司法管理可以促进民事司法高效运转。但民事司法不是服务。为了实现十九大提出的“全面落实司法责任制”的要求，未来应当反思“司法服务论”的观点，并调整诉讼效率、当事人满意等考核指标，转而维护法官法定、武器平等、直接与言词等诉讼原则。尽管发展替代性纠纷解决尤其是在线调解机制具有积极意义，但司法的未来仍取决于诉讼而非调解。司法多元化的改革，仅意味着司法由两大支柱体系转向由诉讼、公证和调解构成的三大支柱体系。在“纠纷预防胜于纠纷解决”的政策指引下．对我国公证进行申．子化改革亦刻不容缓。,司法多元化;民事司法;审限;在线调解;大数据,D921,0,,法学三大刊论文/中国法学/我国民事司法多元化改革的现状与未来.pdf
385,我国民事庭审阶段化构造再认识,段文波[1],西南政法大学,2015,2,81,107,"我国民事庭审结构大致可分为法庭调查与法庭辩论前后两个阶段。在我国诉讼模式从职权主义转向辩论主义的情形下,这种以苏联为样本进行阶段性划分的庭审构造致使庭审各阶段功能重复与界限不清,并且在争点不明的情况下贸然进入证据调查容易肇致无的放矢等问题。观诸两大法系庭审设计,英美法系因陪审制而实行集中审理,故将审理分为审前和庭审两个阶段;又因采用证据分离主义,从而将事实主张与证据调查的功能分置于前述两个阶段。相反,大陆法系之德日由于采用口头审理方式之证据结合主义,因此诉讼程序整体上并未区别事实主张与证据调查两个阶段;又因实行辩论主义,从而将庭审区分为口头辩论与证据调查两个阶段以区别诉讼资料与证据资料。鉴于我国民事诉讼模式已经从职权主义转向辩论主义,加之采用并行审理方式,又因法律传统等因素,宜参照德日民事诉讼法庭审构造,对调我国现行庭审两阶段,激活法庭辩论并提高以争点为中心的法庭调查的效能。",庭审结构;辩论主义;口头辩论;证据调查,D9,73,,法学三大刊论文/中国法学/我国民事庭审阶段化构造再认识.pdf
386,我国民事案件开庭审理程序与方式之检讨与重塑,章武生[1],复旦大学法学院,2015,2,66,80,"我国民事案件庭审中存在的突出问题主要是法庭调查和法庭辩论两阶段的不当划分,许多复杂案件的审理没有确定争点且查清案件疑点的手段欠缺,直接导致了法官在争点模糊的情况下审查了大量没有必要审查的证据,法庭辩论的宝贵时间被挤占,造成相当比重的复杂案件审理终结后事实仍然不清等不良后果。此外,上诉审法院纠错功能无法正常发挥也是造成生效裁判错案比重较大的重要原因。改革落后的庭审方式,用现代诉讼理念和先进的庭审方式重塑我国的庭审制度是我国理论与实务界面临的一项重大的课题,改革的成功将会使我国的庭审水平产生质的飞跃。",开庭审理;法庭辩论;争点确定;疑点排除,D925.1,22,,法学三大刊论文/中国法学/我国民事案件开庭审理程序与方式之检讨与重塑.pdf
387,我国民事管辖审查程序的反思与修正,段文波[1],西南政法大学,2019,4,186,206,"对于管辖权审查,我国采用了立案庭前置审查为主,业务庭后置审查为辅的复式混合结构。由于原告和被告可以各自通过起诉与管辖权异议启动审查程序,这种审查启动权的时空错位导致了管辖权审查程序的割裂与繁复。基于司法政策考量设立的管辖权异议制度又进一步加剧了管辖权审查程序的繁杂性。而出于尊重当事人在管辖权方面意思自治所新设的应诉管辖制度,则因与复式混合审查构造无法衔接而近乎闲置。为使管辖审查程序更为简便高效、通畅协调,宜以单一后置审查模式取代复式混合审查构造,即仅由业务庭根据案情裁量开庭审寻双方当事人以增强程序保障,并增设非因错误而旨在避免迟延的移送。",复式混合审查;管辖权异议;应诉管辖;口头辩论;程序保障,D925.1,0,,法学三大刊论文/中国法学/我国民事管辖审查程序的反思与修正.pdf
388,我国民法典中的成年人自主监护:理念与规则,费安玲[1],中国政法大学比较法研究院,2019,4,106,127,"监护制度中的核心内容是监护人的确定。双方通过意定产生监护人,充分彰示出未来的被监护成年人的自由主动之意愿,宜称之为'成年人自主监护'。成年人自主监护制度远承罗马法'法是为人而设'之理念,近展我国本土'关注未来的被监护成年人意愿'之理念。从罗马法的成年人非自主'监护和保佐'模式到20世纪以来成年人自主监护的多种模式,揭示了立法对被监护成年人意愿的日渐尊重。我国民法典有关成年人自主监护的规则亟需体系化,成年人自主监护的缔约双方资格、监护人的条件、监护人主观同意与客观可能、双方合意的形式等规则应当细化。监护约定内容的限制规则、成年人自主监护登记备案规则、监护监督人规则、监护人报告规则、有偿监护规则等成年人自主监护规则的完善,不仅是理论研究的对象而且是立法完善的重要内容。",成年人自主监护;意定监护;监护规则,D923,0,,法学三大刊论文/中国法学/我国民法典中的成年人自主监护_理念与规则.pdf
389,我国海洋法权的宪法规范构建,杨华[1],,2024,1,286,304,海洋法权涵盖国家海洋主权、海洋防卫权、海洋管理权、海洋资源开发利用权、海洋通道安全利用权等方面的权力（利）和利益。通过对海洋法权属性与宪法规范属性的一致性、宪法的功能及其规范海洋法权的法理逻辑、世界各国海洋法权宪法规范的事实逻辑，以及我国海洋法权宪法规范构建的现实逻辑的分析，可归纳出海洋法权宪法规范的基本逻辑和重点内容。海洋法权宪法规范对实施国家海洋强国战略、维护海洋权益、完善我国海洋法律体系具有重要作用，我国应在《宪法》中确立海洋法权，通过《宪法》序言和具体条款适度建构海洋法权规范，进而为推进国家海洋强国建设提供根本法保障。,海洋法权;宪法规范;海洋法治;海洋强国战略,D993.5,,,法学三大刊论文/中国法学/我国海洋法权的宪法规范构建.pdf
390,我国环境公益诉讼制度的建构问题与解决对策,罗丽,北京理工大学法学院,2017,3,244,266,"新制度的建构,需要保证制度内部逻辑一贯,并处理好与已有制度间的衔接。我国环境公益诉讼制度的建构,在制度内部关系上,需要完善人民检察院提起环境民事公益诉讼的对象范围要件、解决人民检察院提起环境民事公益诉讼程序的冲突问题、设置社会组织提起环境民事公益诉讼的前置条件等;在制度外部关系上,需要充分发挥刑事附带民事诉讼制度的功能,协调新旧制度之间的关系,并根据环境行政主管部门、人民检察院、社会组织等在维护环境公共利益方面的职责顺序,确立相关环境行政主管部门、人民检察院、社会组织等在环境公益诉讼制度中的主体地位,妥善处理环境公益诉讼制度与已有制度外部间的功能重叠问题。",环境民事公益诉讼;环境行政公益诉讼;刑事附带民事诉讼,D922.68,58,,法学三大刊论文/中国法学/我国环境公益诉讼制度的建构问题与解决对策.pdf
391,我国电子商务法调整的社会关系范围,刘颖,暨南大学法学院,2018,4,195,216,"制定电子商务法首先应分析电子商务涉及的社会关系。电子商务产生了三类社会关系,其中一种是不改变各种商事交易的法律性质、仅将交易从线下转移到线上而产生的新的社会关系,新的社会关系为各类商事交易所共有且不在现有法律的调整范围内。国际立法和许多国内立法均将此类社会关系作为专门的电子商务法的调整对象。我国《电子商务法（草案）》在规范第三方平台等方面进行了有益的探索,但其综合性立法模式也存在诸多不足,最主要的是该项立法缺乏特有的调整对象,所规范的内容与现行制度存在重叠、交叉与矛盾,宣示性条款过多等问题。我国电子商务立法应整合我国《电子签名法》《合同法》的相关规定,主要规范数据电文与电子合同、电子商务平台、身份识别与信任服务等三类问题。",电子商务立法;《电子商务法（草案）》;调整对象;社会关系,D912.29,0,,法学三大刊论文/中国法学/我国电子商务法调整的社会关系范围.pdf
392,我国监察体制改革若干问题思考,"陈光中[1,2];邵俊[1,3]",国家2011计划司法文明协同创新中心 中国政法大学诉讼法学研究院,2017,4,23,36,"目前正在进行的监察体制改革是我国政治体制的重大改革,旨在建立＂集中统一、权威高效＂的监察体制。此项改革立足于中国国情,遵循法治规律,既传承了中国古代监察治吏的传统,又借鉴了域外有益经验。改革内容具有四大特点：监察权成为与行政权和司法权并列的国家权力;监察全覆盖;监察职权扩展到职务犯罪调查和处置;领导体制以垂直为主。这对于推进国家治理现代化和法治化具有重大意义。本文秉持惩治腐败与保障人权相平衡的理念,对职务犯罪的监察调查问题,以及监察权与司法权的衔接问题表明观点。",监察体制改革;国家治理现代化;监察权;司法权,D691.49,20,,法学三大刊论文/中国法学/我国监察体制改革若干问题思考.pdf
393,我国立法权的内在构成及其配置原理的完善,杨登峰[1],,2023,6,162,181,我国地方先行立法的权限难以界定。解决这个问题，需厘清我国立法权所包含的形式采用权、事务管辖权和规则设定权三个成分及其关系。目前，立法权的配置单纯依据法的形式与位阶，忽视了“事务的性质决定处理事务的方法”的基本规律，导致地方立法能力与任务不匹配。立足于立法权三个构成之间的内在关系，不仅应根据法的位阶配置事务管辖权，更应按事务的性质配置规则设定权，从而从权力层级配给制走向事务性质配给制，使地方立法的规则设定权与事务管辖权相适应。事务性质配给制仍应受事务权限、法律位阶、法律保留、备案审查等制度约束。在它们的节制下，地方立法不当行使规则设定权的风险小且可控。即便如此，为稳妥起见，向事务性质配给制转换仍须分授权和修法两步走。基于此，地方先行立法时应同时行使上位法的事务管辖权与规则设定权，且后者须根据前者来确定。,地方先行立法;立法权配置;权力层级配给制;事务性质配给制,D920.0,,,法学三大刊论文/中国法学/我国立法权的内在构成及其配置原理的完善.pdf
394,我国第三人撤销之诉的实践运行研究,郑金玉,河南大学法学院,2015,6,263,281,“规制虚假诉讼”被普遍认为是第三人撤销之诉的制度目的，然而我国《民事诉讼法》相关条文对此并无反映，实践中“虚假诉讼”也没有成为法院裁判此类案件的主要考量。我国第三人撤销之诉六项法定构成要件中，三项程序要件的理解与适用较为简单，原告的起诉不能满足其要求的，法院多数会在实体审理前予以驳回。原告主体适格问题较为复杂，一方面呈现程序要件的特征，另一方面又有显著的实体要件特征。此外，通过裁判文书可以看出，“原裁判错误”这一要件的运行有复杂化倾向。为适度简化第三人撤销之诉的司法实践，法院应以原告的权利依据为中心，综合审理、判断“原告主体适格”、“权益受损”和“原裁判错误”这三项实体要件。同时，为规范该类诉讼的程序运行，增强审理的条理性，减少裁判的随意性，法院应重视构成要件与程序阶段、裁判结果之间的对应关系，并合理安排各个要件的审理（查）顺序。,第三人撤销之诉;构成要件;虚假诉讼;原告适格,D922.291.91,28,,法学三大刊论文/中国法学/我国第三人撤销之诉的实践运行研究.pdf
395,我国继承制度的完善与规则适用,"杨立新[1,2]","中国人民大学法学院,中国人民大学民商事法律科学研究中心",2020,4,88,108,"民法典在《继承法》的基础上形成的继承编,对继承规则经过补充、修改,完善了我国继承制度。其主要进展包括:修改了遗产范围的规定,补充了继承人丧失继承权的事由和宽宥制度,新增了遗嘱信托,确认了打印遗嘱和录像遗嘱的效力,补充了转继承规则,废除了公证遗嘱优先原则,确立了遗嘱时间在后效力优先原则,补充遗产管理人制度等。其特点是:突出继承制度的私法属性,彰显对民事主体私有财产的保护;突出时代特点,在继承领域回应科技进步的要求;突出私法自治,尊重被继承人对其身后财产处置的自由意志;突出完善继承制度,补充修改继承规则。在法律适用中,应当明确完善继承制度的指导思想,对新规则正确理解准确适用,对新老继承规则统一理解和适用,区分强制性规定和示范性规定的适用方法,适当适用类推规则和补充法源,调整好继承法律关系,保护好继承关系中各方当事人的合法权益。",民法典继承编;继承规则;遗嘱;遗产管理人,D92,0,,法学三大刊论文/中国法学/我国继承制度的完善与规则适用.pdf
396,我国继承法自主知识体系的守正与创新,马新彦[1],,2024,2,105,125,《民法典》继承编在核心问题上一以贯之地保持了中国法本色，并形成了中国特色的继承法自主知识体系。但财富增长、家庭结构变迁、两性亲密关系多元化及代际关系在伦理关系上的绝对优势地位等，给继承法自主知识体系守正提出了严峻的挑战。创新是我国继承法自主知识体系守正的保障，而创新必须正视与应对时代提出的问题。应以习近平新时代中国特色社会主义思想为理论基础，以社会主义核心价值观为价值引领，正视新时代发展阶段对既有制度提出的拷问，对既有规范进行解释论创新，并将社会主义核心价值观融入裁判文书的释法说理，以实现继承法自主知识体系的持续性、科学性及内在道德性。,法学自主知识体系;守正创新;限定继承;代际传承性遗产,D923.5,,,法学三大刊论文/中国法学/我国继承法自主知识体系的守正与创新.pdf
397,我国网络信息的政府治理机制研究,尹建国[1],华中科技大学法学院,2015,1,134,151,"全球范围内的网络信息政府治理模式可大致归纳为网络自由主义、网络现实主义、网络管制主义和网络威权主义四种类型。我国网络信息的政府治理,宜采取介于宽、严截然不同两级间的“中间型”模式,一方面承认政府治理网络信息的正当性,另一方面也强调政府之干预应恪守严格边界。为此,应从四个方面转变治理理念、创新网络信息政府治理的既有模式：从政府主导到网络企业与行业组织主导;从技术控制到德性善治;从直接强制、堵塞控制到间接威慑、合作疏导;从零散分治到综合协同。还需辅之构建与完善网络信息内容分级制度、实名制制度、行政正当程序制度与主体制度等“一揽子”具体支撑制度。",网络信息;政府治理;网络法治,D63,54,,法学三大刊论文/中国法学/我国网络信息的政府治理机制研究.pdf
398,我国网络法治的经验与启示,徐汉明,中南财经政法大学法治发展与司法改革研究中心,2018,3,51,70,"我国网络治理法治体系建设历经了由＂集中管控模式＂向＂法治模式＂的转型跨越,呈现出＂快速起步、重点突破、跨越转型＂的样态。24年网络治理法治实践的启示是,＂试验引领型＂创制路径是网络治理法治建设的基本面向;＂填充配套型＂创制方式是网络治理法治建设的有效途径;＂协调平衡型＂创制手段是网络治理法治建设的可靠方法;＂挖掘转化型＂创制智慧是网络治理法治建设的有力支撑。未来推进网络治理体系和治理能力现代化的路径在于准确判断网络社会治理的阶段性特征,全面分析和厘清其所依赖的社会物质生活条件;加快构建网络治理法治理论体系、学术体系、话语体系及其人才培养模式;优化网络治理结构;完善网络治理法治实施、法治监督和法治保障体系。",网络治理;网络强国;数字经济;智慧社会,D625,0,,法学三大刊论文/中国法学/我国网络法治的经验与启示.pdf
399,我国行政法法典编纂的程序主义进路选择,王万华[1],中国政法大学诉讼法学研究院,2021,4,103,122,"以是否对行政法体系进行完全法典化为标准,行政法法典编纂进路可分为两种:完全法典化进路与程序主义进路.受20世纪以来行政法出现程序化和主观化发展趋势的影响,域外行政法法典编纂普遍采程序主义进路.程序主义进路强调回应行政法治实践需求,以行政活动遵循的一般性行政程序法律规范为法典的核心内容,对行政组织法、行政实体法和行政救济法,仅部分实现法典化.法典名称是否采用行政程序法,并非这一进路的标志.基于以下因素考量,我国行政法法典编纂宜采程序主义进路:更有助于实现政府治理现代化这一法典编纂的根本目的、具备更充分的单行法基础、可增强行政法法典的体系性及突显行政法治基本精神、更有利于克服现代法典编纂面临的""常与变""困境.",行政法法典;法典编纂;程序主义进路;行政活动,D922.1,0,,法学三大刊论文/中国法学/我国行政法法典编纂的程序主义进路选择.pdf
400,我国行政给付义务类型化及其法律拘束,胡敏洁[1],,2023,2,90,108,行政给付义务包括法定职责、协议和道义三种类型，进而形成垂直、水平和补充三种样态。基于这些类型，给付义务的内在法律拘束依循是否需要给付、以何种形式给付、谁有权请求给付和谁来给付展开。其中，是否给予给付阶段便需要对底线性的给付义务加以判断，在关乎公共性的问题上也不能随意采取私法方式。行政给付义务的外在法律拘束则更应强调以实体权益的实现来整合行政给付义务目标，结合行政给付义务的不同类型，设定公私法调整密度有所差异的具体法律规则。垂直和水平样态的行政给付义务，可借助法律关系理论予以整合。,行政给付义务;类型化;公私法;法律拘束,D922.182,,,法学三大刊论文/中国法学/我国行政给付义务类型化及其法律拘束.pdf
401,我国证券集体诉讼的制度创制与初步实践研究,焦津洪[1],,2023,3,182,202,2019年修订的《证券法》确立了具有中国特色的证券集体诉讼制度，首单司法案件“康美药业案”也顺利结案。比较而言，境外证券集团诉讼本质上属于私人执法，尽管它具有一定公共性并在公共执法和私人执法的平衡调整过程中不断优化完善。而我国则在制度构建理念上，注重统筹发挥公和私的力量、主要以公的力量推动私利实现，有机混合了公共执法与私人执法，同时注重借鉴境外证券集团诉讼实践优点并发挥我国资本市场独特优势，呈现出混合式中国特色证券集体诉讼内涵及其特征。从“康美药业案”的执法实践来看，在执行定位、选案标准、案件重大疑难复杂问题处理等过程中，都充分体现了公共性特征，通过公共执法的私人化充分保护了投资者合法权益，避免了境外证券集团诉讼滥诉、律师费用暴增等弊端，体现了中国方案的优势。,证券集体诉讼;境外证券集团诉讼;康美药业案,D922.287,,,法学三大刊论文/中国法学/我国证券集体诉讼的制度创制与初步实践研究.pdf
402,我国证券集团诉讼的模式选择与制度重构,章武生,复旦大学法学院,2017,2,276,302,"我国证券市场虚假陈述、内幕交易、操纵股价等大规模侵权事件频发,但由于行政监管和司法救济乏力,遭受损失的投资者往往投诉无门,很难获得有效的救济。增设对证券市场侵权者威慑力极强的退出制证券集团诉讼制度在我国不仅具有必要性,而且具有可行性。我国目前已经具备了建立退出制证券集团诉讼制度的环境和技术条件。同时,导致美国集团诉讼负面作用较大的因素,有的在我国并不存在,例如错综复杂的双重法院制度;有的在我国比较容易得到控制,例如巨额的律师费用和好讼的法律文化。从现实情况来看,我国增设证券退出制集团诉讼的价值可能会远远大于美国等发达国家,其弊端则可能明显小于上述国家。",集团诉讼;证券集团诉讼;加入制;退出制,D925.1,59,,法学三大刊论文/中国法学/我国证券集团诉讼的模式选择与制度重构.pdf
403,我国轻罪案件的程序实践检讨,张栋[1],华东政法大学刑事法学院,2024,6,264,282,“程序出罪”是一个中国化的概念，当前对这一概念的解读存在一些认识误区。所谓“程序出罪”实为实体出罪，实践中其影响在于为检察裁量权的扩展提供了更大的实施空间，而我国目前基于重罪体系的刑事诉讼结构难以适应轻罪案件中检察裁量权的不断扩张。以认罪认罚从宽制度改革为典型例证的“检察官裁判”使检察裁量权进一步宽松化，由此产生了向侦查阶段的传导效应。要谨慎防范检察裁量权扩大所产生的风险，以及裁量权向侦查阶段过度转移而导致的检察失权问题。在轻罪案件办理中，可以引入“家庭模式”，构建“诉前考察+审前转处”机制，注重对轻罪被追诉人的规训；完善撤案监督制度，强化检察官在审前证据把关的主导功能；依托“一站式”执法办案管理中心打造轻罪案件公检法协同办案平台，在以证据为中心的刑事指控体系下为轻罪案件打造全流程简化程序。,轻罪案件;程序出罪;以证据为中心的刑事指控体系;检察官裁判,D925.2,,,法学三大刊论文/中国法学/我国轻罪案件的程序实践检讨.pdf
404,我国逮捕与羁押制度改革若干问题探讨,"陈光中[1];路旸[2,3]",,2023,5,5,26,在犯罪类型结构发生变化、技术管控能力显著增强的背景下，我国近年来启动了新一轮逮捕与羁押制度改革。实证研究表明，2020年以来，我国逮捕率与审前羁押率均持续降低，但是依然存在逮捕率下降不均衡、逮捕条件适用不规范、羁押必要性审查效果不彰等问题。域外关于审前羁押的合宪性辩论、基本原则与改革方案对我国具有借鉴意义。深化逮捕与羁押制度改革的基本思路是：审查逮捕准确化，防范逮捕率过快降低造成“两重风险”；风险评估数字化，将风险程度与监管措施准确匹配；羁押决定民主化，建立完整的审前阶段权利保护体系。在制度与技术方面，应以构建本土化的风险量化评估机制为中心，推动考核制度、替代措施、电子监控、羁押听证等相关改革。,逮捕;羁押;社会危险性;电子监控;风险量化评估,D925.2,,,法学三大刊论文/中国法学/我国逮捕与羁押制度改革若干问题探讨.pdf
405,我国逮捕制度改革检讨,刘计划[1],中国人民大学刑事法律科学研究中心,2019,5,137,157,"基于无罪推定与保障人权原则,逮捕作为未决羁押处分,应当受到严格规制。我国三次修改《刑事诉讼法》,均对逮捕制度进行了改革。1996年修法,修正了逮捕的证据要件;2012年修法,明确了逮捕的社会危险性要件即必要性要件,确立了准诉讼化审查程序模式,并构建了羁押必要性审查制度。实证研究表明,这两次修法对逮捕适用没有产生明显影响,未能有效减少逮捕适用,过度适用逮捕的问题未获解决。根本原因是,检察机关惯于先行作出""有罪认定""进而奉行""构罪即捕"",不能真正履行逮捕社会危险性即必要性要件审查义务。2018年修法,仅在逮捕条件条文中增加一款社会危险性考虑因素的规定,并无实质意义。鉴于检察机关审查批准逮捕模式无法克服自身局限,遭遇改革瓶颈,建立法院统一审查逮捕模式从而实现逮捕审查司法化方为出路。",逮捕制度;逮捕条件;逮捕审查程序;羁押必要性,D925.2,0,,法学三大刊论文/中国法学/我国逮捕制度改革检讨.pdf
406,我国金融机构股东加重责任的扩张与规范,赖虹宇[1],,2023,4,200,219,金融机构股东加重责任关乎股东私人利益与社会公共利益之平衡。域外股东加重责任来源于风险防范语境下的公私合作治理需求，控股公司结构决定了加重责任虽然对有限责任有所偏离，但具有私法逻辑支撑。我国的股东加重责任覆盖了整个金融行业，并聚焦于主要股东而不限于控股股东，在范围与对象两个维度上呈现出扩张现象。此种扩张具有现实合理性，但对私法秩序形成挑战并引致诸多规范困境，亟待立法回应。但特定行业立法无法应对此种扩张，金融稳定法的公法定位也难以直接填补私法基础。而公司法则能作为规范我国特殊实践的立法载体，实现法律层面设定、覆盖整个金融行业、契合公私合作治理、补足私法正当性等多重目标，并可合体系地针对金融控股公司进行差异化的规则设计。,股东加重责任;金融控股公司;金融稳定法;公司法,D922.28,,,法学三大刊论文/中国法学/我国金融机构股东加重责任的扩张与规范.pdf
407,我国飞跃上诉的制度构建:兼论有限三审制的改革路径,方斯远[1],暨南大学法学院/知识产权学院,2020,5,202,222,"我国现阶段尚不具备实行全面三审终审制的条件,但有必要通过有限三审制的试点改革,纠正对再审和提高受案标的额等改革措施的过度依赖,为事实审与法律审的分离以及许可上诉标准的构建等问题的解决积累经验,为金字塔式的司法统一机制以及三审制提供制度铺垫。政策形成型飞跃上诉有助于最高人民法院通过亲历审判形成政策,克服现行法律统一与发展机制的不足,亦能避免对我国两审终审制的根本冲击,是有限三审制最合适的制度选择。在具体的制度设计上,需根据我国的司法现状与改革目标量体裁衣。应当将试点范围限定在最高人民法院各巡回区,以当事人合意作为启动要件,以一审法院的前期审核为基础,由最高人民法院根据系争法律问题的典型性和重要性裁量受理。",飞跃上诉;审级制度;许可上诉;有限三审制,D92,0,,法学三大刊论文/中国法学/我国飞跃上诉的制度构建_兼论有限三审制的改革路径.pdf
408,我国食品安全责任强制保险的法律构造研究,于海纯[1],对外经济贸易大学法学院,2015,3,244,264,食品安全责任保险有助于保障大规模侵权中的受害人权益、激励经营者强化主体责任意识及能力、构建合理的风险分担机制。强制立法不仅有助于做实上述效应，且与当下通过政府综合治理增进食品行业信用的实际需要相契合。立法形式应从部门规章向行政法规、法律过渡，采取“政府主导与商业基础相结合”的运营模式；通过试点确立强制保险中食品、食品企业及行业的基准范围，限定保险人资质并加强激励，赋予受害人直接请求权；通过合同的订立与解除创造投保人的选择权与保险人的竞争市场，由监管机构制定基准保费并以此指导保险人确定具体保费，强化保险费的奖惩功能，完善保费确定与调整中的第三方评估与听证机制；责任范围应限于人身损害并应设定责任限额，超出责任范围和责任限额的损害应通过风险救助基金、“基本险加附加险”等模式拓展赔偿能力；投保人应具有如实告知、配合检查与事前防范等义务，因受害人故意目】发的人身损害属于保险人的免责理由；最后还应完善行政与司法治理等配套制度建设。,食品安全责任强制保险;食品安全治理;信用增进;风险分担,D922.14,35,,法学三大刊论文/中国法学/我国食品安全责任强制保险的法律构造研究.pdf
409,执行价款分配模式转型之辨,陈杭平[1],,2023,5,269,288,《民事强制执行法（草案）》第179条从以平等主义为重心的二元主义转向统一的优先主义，规定普通债权人按照查封财产的先后顺序受偿。据称此条旨在促进强制执行法与破产法的协调互补，突出执行效率理念。然而，我国法制在近代化过程中选择了平等主义而非优先主义，并在改革开放后形成了二元主义。在原理层面，优先主义相对于平等主义，在债权人公平、执行效率、债务人保护、制度协调四个方面均无明显优势。自完成现代主权国家的建构以来，平等主义更契合我国的具体国情与执行体制。从二元主义转向统一的优先主义的时机和条件尚不成熟。现阶段应当对相对平等主义加以完善，形成更好地平衡公平与效率的执行价款分配模式。,执行价款分配;平等主义;优先主义;群团优先主义,D925.1,,,法学三大刊论文/中国法学/执行价款分配模式转型之辨.pdf
410,执行时效期间的再改革,"霍海红[1,2]",浙江大学光华法学院,2020,1,241,259,"2007年《民事诉讼法》修正时对申请执行期限作了重大改革:名称由""申请执行期限""修改为""申请执行时效"",期间从1年或6个月统一加长为2年且可以中止和中断。虽然从时效理论和实践效果观察,该项改革属重大进步,但仍有巨大提升空间。执行时效期间应在坚持时效身份的前提下独特化:为保障判决的确定性和安定性,平衡申请执行人与被执行人利益,缓解执行难困境,提升时效规则体系化,执行时效期间应显著长于普通诉讼时效期间。建议坚持""诉讼时效统一化""思路,在民法典总则编对""判决确认之请求权""规定10年的特别诉讼时效期间。即使暂时维持执行时效与诉讼时效的""二元并立""立法体例,《民事诉讼法》也应将执行时效期间加长为10年。",执行时效;诉讼时效;终本程序;执行难,D92,0,,法学三大刊论文/中国法学/执行时效期间的再改革.pdf
411,承包地三权分置的法律表达,"高圣平[1,2]",中国人民大学民商事法律科学研究中心;中国人民大学法学院,2018,4,261,281,"承包地＂三权＂分置是经济理论上的创新,并得到了政策文件的肯定,但政策上的＂权利＂并不是法律上的权利。法律上应依循自身的逻辑来传达承包地＂三权＂分置的思想,不宜简单套用政策术语。基于传统民法上＂母子＂结构的权利分解理论,承包地＂三权＂分置在法律上应体现为以下结构：集体在农村土地所有权之上为承包农户设定土地承包经营权,承包农户在其土地承包经营权之上为其他经营主体设定土地经营权。在＂始终坚持农村土地集体所有权的根本地位＂＂严格保护农户承包权＂＂加快放活土地经营权＂的政策导向之下,现行法上的相关规则应作相应修改。土地承包经营权应纯化为具有身份性质的财产权,土地经营权应定性为物权化的债权。",“三权”分置;土地承包经营权;土地承包权;土地经营权,F426.22,0,,法学三大刊论文/中国法学/承包地三权分置的法律表达.pdf
412,投资者保护基金先行赔付制度的反思与重构,袁康[1],,2023,3,203,224,现有证券市场先行赔付制度中，投资者保护基金的角色并未得到充分发挥。基于投资者保护基金的公共性及其保护投资者的立场，由投资者保护基金公司作为先行赔付主体出资赔付投资者，有助于激活投资者保护基金的功能和效用，同时实现先行赔付制度的可持续。投资者保护基金先行赔付机制的构建，需要兼顾基金规模维持和投资者公平受偿，在赔付程序、资金来源、赔付标准以及追偿机制上与责任主体先行赔付应有所区别。将投资者保护基金制度与先行赔付制度有效衔接，并通过对投资者保护基金先行赔付的适用条件、赔付资金管理机制、赔付标准和追偿保障机制进行系统性重构，可以实现投资者保护基金先行赔付制度的有机协调和稳健运行。,证券民事赔偿;先行赔付;投资者保护基金;公共补偿,D922.287,,,法学三大刊论文/中国法学/投资者保护基金先行赔付制度的反思与重构.pdf
413,抢劫罪与敲诈勒索罪之界分：基于被害人的处分自由,车浩,北京大学法学院,2017,6,262,282,根据对被害人法益支配自由的不同侵扰方式，财产犯罪的各个罪名存在不同的构成要件结构。抢劫罪属于彻底压制被害人法益支配自由，敲诈勒索罪属于利用被害人法益支配自由的瑕疵。两罪构成要件结构的关键差异，在于被害人有无财产处分。财产处分自由包括反抗有用和应能反抗的双重含义。首先是指被害人的妥协和配合是行为人取财的必要条件。其次，不配合和不妥协的代价没有超出被害人的承受范围。承受范围的规范性确定，应当考虑刑法家长主义对自我决定权的制约关系，应当根据行为是否足以剥夺理性一般人的处分自由区分两罪的着手，应当根据特定被害人是否实际丧失处分自由认定两罪的既遂。无论是暴力标准，还是交付／取得的外部形象，抑或着眼于时空特征的“两个当场”，都是对处分自由在经验层面的总结和归纳，是证明是否存在处分自由的客观素材。以暴力程度的轻重相举来论证两罪竞合，忽略了作为构成要件要素背景的构成要件结构，存在方法论上的疑问。,抢劫罪 敲诈勒索罪 两个当场 处分自由 被害人教义学,D923.9,0,,法学三大刊论文/中国法学/抢劫罪与敲诈勒索罪之界分：基于被害人的处分自由.pdf
414,担保物权司法解释起草中的重大争议问题,"高圣平[1,2]",中国人民大学民商事法律科学研究中心 中国人民大学法学院,2016,1,228,246,"公司法定代表人违反《公司法》第16条的规定,越权为他人债务提供担保的,非经公司追认,担保合同对公司不生效力,传统法关于越权代表的相关规则并不适用于法定代表人越权为他人债务提供担保的情形。金融担保创新中属于人的担保的,应基于契约自由的原则,肯定创新模式的效力;属于物的担保的,在物权法定主义之下,不应承认其产生担保物权的效力,但应肯定相关合同具有债法上的效力。人的担保与物的担保并存时,应当承认保证人与物上保证人之间的求偿权。",越权代表;公司担保;金融担保创新;独立保证;混合共同担保,D923.2,102,,法学三大刊论文/中国法学/担保物权司法解释起草中的重大争议问题.pdf
415,指定居所监视居住实施问题的解释论分析,程雷,中国人民大学刑事法律科学研究中心,2016,3,226,243,"2012年刑事诉讼法修改过程中对指定居所监视居住进行了重新定位,新刑事诉讼法近三年来的法律实践表明,这一制度实施状况差强人意。实践中的问题不少：执法标准不统一、适用不规范;不少法律规定不知如何执行;规避法律的情形具有普遍性;法律滥用、异化问题突出并伴随着侵犯人权的重大风险。上述问题的解决正道应当是回归立法精神,运用法律解释技术,明晰指定居所监视居住的性质与定位,从其限制自由的强制措施本质出发,纠偏司法适用的错误倾向,回应实务困惑。对于指定居所监视居住适用对象上的＂无固定住处＂、＂特别重大贿赂犯罪＂、后续能否转捕都应当进行规范解释;对于执行指定居所监视居住的执行地点与执行主体也迫切需要明晰涵义以规范司法适用。",监视居住;指定居所监视居住;限制自由,D925.2,39,,法学三大刊论文/中国法学/指定居所监视居住实施问题的解释论分析.pdf
416,指导性案例法源地位再反思,雷磊[1],中国政法大学法理学研究所,2015,1,272,290,"学界对于最高法院指导性案例的法源地位以及“应当参照”的规定存在争议。为此,应首先来夯实法源的理论基础即法源双层构造论：就法源性质论而言,法律渊源是司法裁判中基于制度性权威并具有规范拘束力的裁判依据;就法源分量论而言,法源拘束力的大小同时受它在法源等级序列中的位置以及依据实质理由偏离它的难度的影响。因最高法院拥有法律解释的制度性功能、法律规范的复合型确证授权以及试行立法的制度性实践,指导性案例已成为司法裁判中基于附属的制度性权威并具有弱规范拘束力的裁判依据,具备“准法源”的地位。同时,指导性案例的分量低于制定法与司法解释,并受诸多现实和制度因素的影响。",指导性案例;法源双层构造论;附属的制度性权威;准法源,D920.5,54,,法学三大刊论文/中国法学/指导性案例法源地位再反思.pdf
417,损害救济新旧法适用选择的过渡法规则,刘国乾,云南大学法学院,2018,5,255,277,"过渡法是解决新旧法冲突、确定新旧法效力范围、指引特定法律关系援用新法或旧法的法律适用规范。特定法律关系过渡法规则的确定,首先在于明确客观的＂连接点＂,然后根据＂连接点＂,运用形式逻辑,或进一步展开价值取舍与利益衡量,来确定选择新法或旧法予以适用。指引损害救济选择新旧法的＂连接点＂,是对损害事实进行认定的确认型行政行为或司法行为,产出的＂请求权—义务＂关系所造就的＂待决法律状态＂。基于该＂连接点＂的损害救济过渡法规则,是新法即行适用。这首先是基于待决法律状态,因法律效果未确定有待法律进一步评价而从属新法效力范围的形式逻辑判断;其次是新法优越的实定法＂进化论＂推定、法律适用统一性的价值追寻的结果。过渡法规则的确定,区别于经原则衡量,适用优先原则获得个案实体裁判规则的方法。",新旧法冲突;过渡法;损害救济;新法即行适用,D922.291.92,0,,法学三大刊论文/中国法学/损害救济新旧法适用选择的过渡法规则.pdf
418,控制性详细规划的法律定位及控制,李泠烨[1],上海师范大学哲学与法政学院,2024,4,250,269,在实践中，控制性详细规划的法律性质难以被简单归入行政行为或行政规范性文件。控制性详细规划作为相关土地使用状态的设想，由于被城乡规划法设定为规划许可依据，转而构成了具体地块上未来建设行为所附义务的框架，并在实施中动态调整。该义务框架是基于规划法“目的—手段”模式授予的形成自由，由行政确定法定多元的规划目的的具体指向，设置、选择相应手段，在具体关联情境中综合权衡多元利益而持续形成的。基于设定方式应整体观之，控制性详细规划实质是形成特定空间秩序的交互一体行政机制。这改变了规范制定与执行相分立的模式，规划法有必要应对形式合理性和稳定预期等方面的挑战，加强对行政自主过程的法律控制，限定规划手段的设定权限，设置多元利益识别、交涉及权衡制度，保障规划知识的法律化以及全过程评估制度。,控制性详细规划;“目的—手段”模式;规划权衡;交互一体行政机制;多元行政任务,D922.297,,,法学三大刊论文/中国法学/控制性详细规划的法律定位及控制.pdf
419,推进中国式法治现代化 构建人类法治文明新形态——对党的二十大报告的法治要义阐释,黄文艺[1],,2022,6,5,26,党的二十大报告的一个重大理论贡献，就是深刻总结中国现代化建设的成功经验，集中外现代化理论之大成，提出了科学化系统化的中国式现代化理论。中国式法治现代化作为中国式现代化的法治篇，打破了西方中心主义的法治现代化神话，创造了一种全新版本的法治现代化样态，给世界法治现代化带来了革命性影响。中国式法治现代化呈现出鲜明中国特色、中国气派，是中国共产党领导、独立自主探索、以人民为中心、有组织有规划、价值目标高远、现代科技驱动、促进世界和平发展的法治现代化。中国式法治现代化的主体工程，是建设中国特色社会主义法治体系，构建人类法治文明新形态。中国式法治现代化的伟大使命，是在法治轨道上全面建设社会主义现代化国家，把法治贯穿于国家治理和国家建设各领域各方面各环节，以高质量法治保障社会主义现代化强国建设。,中国式现代化;中国式法治现代化;中国特色社会主义法治体系;法治中国;人类法治文明新形态,D920.0,,,法学三大刊论文/中国法学/推进中国式法治现代化 构建人类法治文明新形态——对党的二十大报告的法治要义阐释.pdf
420,提高民事诉讼证明标准的理论反思,霍海红,吉林大学法学院,2016,2,258,279,"《最高人民法院关于适用〈中华人民共和国民事诉讼法〉的解释》第109条针对欺诈、胁迫、恶意串通、口头遗嘱、赠与等事实,首次例外地将证明标准从＂高度盖然性＂提高到＂排除合理怀疑＂,虽出于建立多层次民事证明标准体系、与民事实体法衔接等良好初衷,但实际存在诸多理论和实践困境：排除合理怀疑标准在民事诉讼领域缺乏足够共识,并且可能冲击高度盖然性的一般标准;民刑证明标准的混搭会模糊民事诉讼与刑事诉讼的界限;与民事实体法规则相协调的证据不充分;美国法和德国法并未提供提高证明标准的比较法论据;提高证明标准显示出对证明标准功能不切实际的期待;以规则提高标准的方式防范操作中的降低标准会引发规则指引的混乱。在高度盖然性的＂高＂标准确立并严格适用后,未来中国民事诉讼证明标准体系的作业应主要指向＂降低＂而非＂提高＂。",证明标准;自由心证;高度盖然性;排除合理怀疑,D925.1,76,,法学三大刊论文/中国法学/提高民事诉讼证明标准的理论反思.pdf
421,政府信息公开的宪法逻辑,秦小建,中南财经政法大学,2016,3,25,47,"现行政府信息公开制度赖以建构的＂知情权——政府信息公开义务＂逻辑,先验地接受了＂知情权是人权＂与＂政府信息公开义务是知情权实现的手段＂的预设,混淆了作为主权者的＂人民＂与作为政府治理相对方的＂公民＂,因而也混淆了有关宪法体制组织和运行的＂人民——人大——政府＂之主权逻辑与＂政府——公民＂之治理逻辑,将政府信息公开制度从宪法体制中割裂开去。其后果是,既将依附于人大体制的宪法监督消解于无形,也由于与作为正当性来源的主权逻辑的断裂而陷入合法性危机。并且,它曲解了公众参与在宪法逻辑中的应有定位,使其脱离乃至僭越了政府治理的正常逻辑,不仅浪费了大量行政资源,还冲淡了基于直接利害关联的公民信息公开诉求。有鉴于此,政府信息公开应当回归宪法主权逻辑与治理逻辑的二元结构,对应进行制度化构造。",知情权;政府信息公开;主权逻辑;治理逻辑,D63,25,,法学三大刊论文/中国法学/政府信息公开的宪法逻辑.pdf
422,政府规制中的信用工具研究,王瑞雪,南开大学法学院,2017,4,158,173,"政府规制中的信用工具,是行政主体对行政相对人的公共信用信息进行记录归集、评价分类、共享公开,并据此实施分类监管和联合奖惩的新型规制工具。信用工具能够有效整合多元治理主体和多元监管工具,为公民创造更多可利用的信息选择,是确保行政义务履行制度的新发展。但目前实践中存在设定依据层级较低、对相对人的权利限制与制度目标之间不成比例、失信情形与惩戒措施之间不具有合理关联、程序装置不完备等问题,须受依法行政原则、比例原则、不当联结禁止原则和正当法律程序原则等公法原则约束。",政府规制;信用工具;公法约束,F832,24,,法学三大刊论文/中国法学/政府规制中的信用工具研究.pdf
423,敌意收购的法律立场,傅穹,吉林大学法学院,2017,3,226,243,"争夺上市公司控制权的敌意收购,既可以成为提升公司治理的手段,也可能演变为掠夺公司财富的工具。趋利避害的关键在于,立法者为收购各方提供公平的游戏规则,维护利益相关者的权益,确保上市公司持续承担社会责任。我国上市公司收购监管规则,对敌意收购行为相对较为宽松,限制了反收购活动的展开。对敌意收购方权益披露违规行为的监管应趋严而非放松。我国公司法未来应考虑引入授权资本制与类别股份制度,公司治理由股东会中心主义转向董事会中心主义,从而为反收购活动的展开提供法律空间。上市公司章程指引之中不妨提供反收购条款的示范清单,以降低缔约成本,解决司法判断反收购条款合法性的难题。",敌意收购;上市公司控制权争夺;反收购条款;章程自治,F279.246,47,,法学三大刊论文/中国法学/敌意收购的法律立场.pdf
424,敏感个人信息保护制度的解释性重构,丁晓东[1],中国人民大学法学院,2025,2,168,187,我国与域外法律大多以类型列举或存在严重侵害风险界定敏感个人信息，在保护方式上采取二元保护、强化保护。但敏感个人信息保护的理解与适用存在挑战，其界定存在不确定性，保护方式也不尽合理。这一挑战的根源在于敏感个人信息具有场景化特征，个人信息并非因其本身而敏感。在立法层面对敏感个人信息保护进行重构不具有必要性与可行性，应在解释与适用过程中对其进行重构。敏感个人信息的界定应以目的解释为主、参照文义解释，价值判断应以我国国情为依据，风险认知判断应以专家判断为主、兼顾公众感知风险，判断因素应考虑信息主体、处理主体、处理方式、识别概率等。敏感与非敏感个人信息的分类保护应迈向场景化、动态化：在行政监管中，应采取自下而上的场景化保护；在司法与行政执法案例中，应采取以案释法的场景化保护。就强化保护措施而言，应迈向监管下的自我监管。衔接敏感个人信息与私密信息，应在个人信息保护与隐私权保护两种制度下进行分析。,个人信息保护;敏感个人信息;反歧视;场景化;私密信息,D922.16,,,法学三大刊论文/中国法学/敏感个人信息保护制度的解释性重构.pdf
425,教育法法典化的规范选择,管华[1],广西大学法学院,2024,4,25,45,教育法法典化面临哪些涉“教育”规范应纳入教育法典的难题。梳理我国法律体系中的全部涉“教育”规范发现，存在争议的主要是法律责任意义上的“教育”规范、“宣传教育”规范、在职人员教育规范、国民教育规范以及特定类型的教育规范。判断涉“教育”规范是否应纳入教育法典的主要方法有：根据宪法的规定、原则和精神进行判断，借鉴民法典编纂的经验和运用修正后的“行业法”范式。根据以上方法判断，法律责任意义上的“教育”规范不应纳入教育法典，“宣传教育”规范只有与教育行业相关的内容应纳入教育法典，在职人员教育规范中面向全行业的职业教育规范应纳入教育法典。国民教育规范中国防教育规范、爱国主义教育规范、体育与健康教育规范中涉及教育部门和学校的规范应纳入教育法典，特殊教育规范、未成年人保护教育规范宜纳入教育法典。涉及医学、农业等特定类型的教育规范不宜纳入教育法典。,教育法典;涉“教育”规范;“行业法”范式;规范选择,D922.16,,,法学三大刊论文/中国法学/教育法法典化的规范选择.pdf
426,数字丝绸之路跨国法律秩序的建构与完善,彭岳[1],,2024,3,124,143,在共建数字丝绸之路的过程中，我国企业主导着数字丝绸之路相关基础设施的建设、运营和维护。除常规法律手段之外，借助本国企业的主导力量、行业标准的通用程度、基础设施的物理限制等条件，我国政府有能力将既满足所涉国家需求又符合自身利益的数字治理规则输出到数字丝绸之路沿线国家，进而建立起没有正式法律约束力的数字治理秩序。这一被冠名为“北京效应”的建构路径迥异于美国的传统跨国法律过程和欧盟的“布鲁塞尔效应”，其有助于揭示出数字丝绸之路跨国法律秩序的内在形成机理。由于“北京效应”在根本上受制于东道国的数据主权，因此有必要在强化现有政策沟通机制的同时，引入新的国际硬法机制，协调各国规制政策和措施，保障数字丝绸之路建设行稳致远。,数字丝绸之路;跨国法律秩序;“北京效应”;跨国法律过程;“布鲁塞尔效应”,D996,,,法学三大刊论文/中国法学/数字丝绸之路跨国法律秩序的建构与完善.pdf
427,数字人权原则司法适用的逻辑展开,高一飞[1],,2024,3,83,102,将数字人权研究局限于本体论的概念研究，不能有效纾解数字人权在理论、制度、实践层面的三重困局，难以因应数字时代的人权需求。面对变动不居的数字技术和规则空缺的司法难题，数字人权法治保障不仅要创设新权利，更要将抽象的人权价值转化为具体原则并适用于司法裁判。数字人权原则的适用条件识别是一个涵盖界定数字领域、确定原则适用情境、论证为何优先适用人权原则的三阶权衡过程。在此基础上，数字人权原则宜基于数据自主原则、算法公平原则、平台倾斜原则衍生出具体化的内容图谱，确保原则适用的客观性与可操作性。这些具体化的数字人权原则可以作为决定性的裁判依据、指导性的论证理由和评价性的检验标准，通过多种路径介入司法裁判。,数字人权;法律原则;司法适用,D922.16,,,法学三大刊论文/中国法学/数字人权原则司法适用的逻辑展开.pdf
428,数字人身同一认定的技术力量与规制,李学军[1],,2024,1,145,165,历史上曾经仅以神示法和决斗法方能实现的人身同一认定，经技术迭代演进为诸如人脸识别等数字人身同一认定，具有了高效、高能的“助力面向”。但在场景效应下，数字人身同一认定还隐含着侵害隐私和个人信息的“权力面向”。当前，数字人身同一认定的法律规制存在“授权不全面，限权不充分”的问题。为此，数字人身同一认定的规制完善需以生物识别数据为中心，并在价值论和方法论层面分别采取“两头强化”和“法技协同”原则；且应从赋权与限权两方面出发，对数据收集、使用、存储和删除等环节及其适用场域进行体系化完善。,数字人身同一认定;人脸识别;个人信息保护;隐私权;算法权力,D922.16,,,法学三大刊论文/中国法学/数字人身同一认定的技术力量与规制.pdf
429,数字化时代国际贸易协定中的文化条款,时业伟[1],,2023,6,283,302,文化多样性深刻影响了国际贸易协定的缔结，文化条款在自由贸易规则中的作用和影响力一直存在争议。《保护和促进文化表现形式多样性公约》对文化条款和自由贸易规则在WTO框架下的冲突进行了有限度的整合，同时在数字化背景下的区域贸易协定中发挥了促进作用。文化条款在WTO中的适用和解释需要回归到促进贸易自由这一目的，但文化产品的双重属性导致文化条款需要在数字化背景下的贸易协定中调整其发挥作用的方法。欧盟通过对文化多样性的坚持形成了内部的共同利益和价值观，但在数字经济影响下，欧盟签署的区域贸易协定也存在散乱、滞后和不明确的问题。为了应对数字化的挑战及其带来的机遇，在适用和落实文化条款时，我国需要在国内层面尽快建立在数字环境下可持续发展的文化治理体系，并在国际层面格外关注发展中国家和不发达国家文化产业数字化流通的集体利益，以赢得相应的国际话语权。,数字经济;国际贸易协定;文化多样性;文化条款,D99,,,法学三大刊论文/中国法学/数字化时代国际贸易协定中的文化条款.pdf
430,数字化行政方式的权力正当性检视,展鹏贺[1],湖南大学法学院,2021,3,114,138,"在以互联网、大数据和人工智能为代表的数字技术驱动下,我国行政方式正在经历前所未有的数字化变革.作为电子政务的制度延伸,数字化行政的效果正在向包括实体决定在内的行政程序全程自动实施跃迁.作为行政权行使方式的变化,实践中显现的数字化行政,必须要符合《宪法》对国家权力运行的正当性要求.类型化视角下,透过权力正当性理论框架的分析,我国当前源于行政创新的完全数字化行政行为制度,因具体规范的缺失,还难以获得充分的正当性水准.对此进行的正当性补正,需着眼于实体法数字化适用的特殊性,在制度建构上,从规范的数字化契合性和技术可控性角度框定完全数字化实施的边界.在此基础上,具体的正当性获得仍需回归依法行政路径,将制度层面的瑕疵补正要求和实施过程的风险防范需求予以法制化.",数字化;行政方式;行政程序;人工智能;正当性,D921,0,,法学三大刊论文/中国法学/数字化行政方式的权力正当性检视.pdf
431,数字时代个人信用权的构造与规制,冉克平[1],,2023,4,49,68,个人信用以判定个人偿债能力与偿债意愿为内容，具有为授信人预防和规避交易风险的功能，历经人格信用、制度信用到数字信用的发展变迁。数字时代的个人信用权以聚合的个人信用信息为载体，是征信机构、信息提供者与信息主体共同对个人信用信息商业化利用的产物。个人与征信机构、信息提供者之间形成的“个人信用权结构”与“个人信用信息权益结构”高度重叠。在民法典的体系框架内，个人信用权属于名誉权的经济利益部分而非其子类型。个人信用信息具有商业利用与公共管理的双重功能，由此形成的经济信用和公共信用均属于社会信用体系，但是两者在规范目的、运行机制与法律后果方面具有明显差异。个人信用权人同意权的范围应结合金融服务活动的目的并通过动态的场景分析、风险评估、利益均衡机制等综合判断。个人信用权的侵权认定应优先适用《个人信息保护法》，然后适用《民法典》侵害名誉权的要件规定。除精神损害之外，个人信用权受侵害的直接后果包括失信惩戒产生的损失与恢复个人信用支出的费用。,数字信用;信用权;信用信息;公共信用;损害赔偿,D922.16,,,法学三大刊论文/中国法学/数字时代个人信用权的构造与规制.pdf
432,数字时代科学立法的法理研究,金梦[1],华东政法大学法律学院,2024,4,46,65,数字技术将人类文明的秩序状态拓展至全新的虚实同构的数字空间中。科学立法秉承求真向善的价值取向，在数字时代重构着社会的治理格局。数字技术创新在立法领域引起立法内容和立法技术的变革，数字领域不断涌现出新的立法需求，数字技术嵌入立法过程并内化成立法顶层设计的内容。数字时代的科学立法要充分体现数字技术发展的客观规律，以构建理性安全向善的数字治理秩序为价值追求，为数字化善治提供制度保障。数字时代的科学立法面临着法律规制模式和法律场景的变化，数字技术发展衍生的新模式新业态带来归责困境，人的法律主体性受到算法秩序的挑战，数字技术介入行政过程会侵扰个体权利的行使空间。通过科学立法稳步推进数字化善治，要设置权利保护的先设机制来预防损害，厘定数字技术的伦理底线来捍卫人性尊严。立法者要提升数字化素养，通过应用并完善智能立法系统提升立法质量和立法效率。,数字时代;科学立法;领域性立法;立法理性;数字化善治,D920.0,,,法学三大刊论文/中国法学/数字时代科学立法的法理研究.pdf
433,数字时代隐私权的社会理论重构,"余成峰[1,2]",,2023,2,169,188,现代隐私法立足于个人主义、个人与社会二分以及个人信息概念的三大理论预设，汇聚为控制隐私与访问隐私两种核心范式，形塑了个人本位的隐私传统。数字时代背景下，伴随行动者、沟通模式和信息类型的变化，以及平台化、规模化等宏观结构转型，隐私的个人本位传统面临困境。从社会结构、社会功能、价值基础和法律概念四个方面考察，个人本位的隐私保护需进一步结合社会本位保护。立足中国国情，应积极探索个人本位保护与社会本位保护的融合，综合不同法律技术和监管工具，通过兼容并包、相互涵纳、内在制衡、协调统合的制度构建，最终形成商业市场、组织监管、风险治理、语境场景、网络制度、公共商谈模式在内的系统化隐私法律保护生态。,隐私权;个人信息保护;数字时代;社会理论;社会本位,D913,,,法学三大刊论文/中国法学/数字时代隐私权的社会理论重构.pdf
434,数字法学的前提性命题与核心范式,彭诚信[1],,2023,1,85,106,数字法学是研究数字社会中可数字化之客体、行为及相关权利义务关系的学科。其前提性命题是数字社会的存在、对数据（含个人信息）的算法处理以及数字伦理对算法的约束，而作为数字社会物质基础的数据及其上的基本法律问题，如个人信息的客体属性、权益属性、权利归属等，构成了数字法学的核心范式。个人信息客体属性、权益属性、权利归属的复合性及基于算法的可计算性特征，决定了数字领域法律关系的多元性、法律救济的特殊性。数字法学的这些特征决定了不能简单将其定性并归入线下社会的某一部门法，而应定位为纵（公法、私法）横（国内法、国际法）兼具、横跨多个法部门的综合性、交叉性、融合性法学学科。,数字法学;数字社会;个人信息;算法识别;核心范式,D90,,,法学三大刊论文/中国法学/数字法学的前提性命题与核心范式.pdf
435,数字法学的理论表达,马长山[1],,2022,3,119,144,近年兴起的数字法学，无疑是工商社会迈向数字社会这一重大时代变革的理论反映。数字法学不是现代法学的理论增补，也不是现代法学的新兴分支，而是现代法学适应数字时代变革发展的转型升级。它通过现代法学基础上的迁移、改造、更新和创生，实现了对现代法学的理论重建，展现着信息中枢、数字行为、算法秩序、节点治理等数字生活逻辑，具有理论体系、价值体系、学科体系的数字知识构架，从而为数字时代的法律发展和秩序构建提供理论解说和规范指引。,新文科;新法科;计算法学;数字法学;数字法治,D90-059,,,法学三大刊论文/中国法学/数字法学的理论表达.pdf
436,数字法学范畴体系的分层结构与逻辑展开,"任颖[1,2]",广东外语外贸大学法学院,2025,1,170,189,作为跨法律部门的融合型学科，数字法学范畴体系并不局限于单一层次的范畴结构，而是遵循范畴分层法则的要求，形成基石范畴、基本范畴、具体范畴三阶构造。基石范畴层级的本体论范畴、价值论范畴、方法论范畴，在基本范畴层级转化为对象范畴、价值范畴、方法范畴，在具体范畴层级转化为要素范畴、宗旨范畴、技术范畴。数字法学范畴的分层逻辑，在部门法到领域法范畴、数字法治实践到数字法学理论、法学范畴到法治实践三个层次的演化中，发展出以数字要素为单位的法律规制路径，最终回归于数字私益、数字众益、数字公益的整体协同，数据财产安全、自然人信息人格、算法程序公平区分保护，以及数字私权利、私权力、公权力配置的差序平衡。,数字法学;范畴分层;数据安全;信息保护;算法规制,D922.16,,,法学三大刊论文/中国法学/数字法学范畴体系的分层结构与逻辑展开.pdf
437,数字法学视野下的网络空间治理,何邦武[1],,2022,4,74,91,数字时代带来新的风险，传统的法治理念及其系统性制度设计所形成的普遍主义法治秩序，面临严峻挑战。既有研究因研究视角和研究方法的缺位，以及缺乏统一的网络数字法理支撑，未能形成一个独立的有共同话语基础的知识群体，使网络空间治理相关问题的解决呈碎片化状态，并在实践中表现为一种应急治理模式。应当立足网络空间治理的整体，形成一个数字法学研究共同体，澄清数字法作为一种新兴领域法的外部总体特征和内部属性，明晰作为数字法学核心的算法的法理。在此基础上，凝聚数字法学的基本法理共识，构建并完善系统且逻辑自洽的数字法律制度，明确数据安全的优位性和核心性，划清网络空间各类公权力和个人权利之间的界限，并对算法进行全方位的规制，实现对网络空间从数字法理到相应制度的善治。,数字法学;领域法学;网络空间治理;算法规制;数字权利保护,D922.16,,,法学三大刊论文/中国法学/数字法学视野下的网络空间治理.pdf
438,数字经济时代我国数据犯罪刑法规制的挑战与应对,杨志琼[1],,2023,1,124,141,数字经济时代我国数据犯罪的新趋势体现为大型场景下对企业公开数据的批量抓取、使用，由于当前我国缺乏成熟有效的数据访问规则，加之大数据反垄断的公共政策需求，使得我国数据犯罪的刑法规制面临新挑战。对此，应从数据犯罪保护法益着手，摒弃传统“计算机信息系统安全”法益，重视“数据利用安全”法益（可控性）对传统“数据安全”法益（数据保密性、完整性、可用性，CIA）的补强意义，确立以“消极防御+积极利用”为核心的全新“数据安全”法益。未来我国数据犯罪的刑法规制应建构“以权限为中心”的数据访问规则，并适时增加反垄断的公共政策考量，将获取企业公开数据的行为出罪化，以适应数字经济的发展需求。,数据犯罪;数据安全法益;访问权限;公开数据;出罪化,D924.3,,,法学三大刊论文/中国法学/数字经济时代我国数据犯罪刑法规制的挑战与应对.pdf
439,数字财产权对传统财产权理论的重构,孙建伟[1],上海市法学会研究部,2024,5,123,143,比特币、NFT等数字资产的兴起以及数据资产入表改变了财产的界定和运行规则，对传统财产权理论提出了挑战，亟待重构数字时代的财产权理论。数字财产权是基于数字技术而产生的、对数字财产享有的财产权利，其核心在于对数字财产的支配和控制，系特定法律主体基于占有具备财产属性的数据而享有的权利，旨在赋予数字财产占有者在免受他人干扰的情况下使用其控制的数字财产的资格与能力。构建数字财产权规范体系，不仅要考虑中国特有的社会文化背景和法律传统，还需要国际合作和法律协同，以适应数字经济的全球化发展需求。《民法典》第127条为构建数字财产权的规范体系奠定了重要基础，在此基础上推进制定一部专门的《数字财产法》具有重要意义。,数字货币;数字资产;区块链;数据产权;NFT,D923,,,法学三大刊论文/中国法学/数字财产权对传统财产权理论的重构.pdf
440,数字金融公平价值的实现路径研究,靳文辉[1],,2023,4,69,86,数字金融是传统金融经由数字技术的嵌入和驱动而形成的一种金融业态。金融公平是金融运行的价值准则之一，理应在数字金融中贯彻和遵循。但数字技术运用中的“算法歧视”“数字鸿沟”“信息茧房”等现象，会对数字金融公平价值的实现构成阻碍。消费者维度下金融消费者的数字能力提升，经营者维度下数字金融经营者企业社会责任的履行，技术维度下数字技术正义品格的塑造，是保障数字金融公平价值实现的规范原理。通过助推手段实现金融消费者数字能力的精准化、场景化补足，通过数字金融经营者内控义务的设定来保障数字技术运用的公平性，通过优化数字基础设施分布、提升数字金融的可信性和智能服务的易用性来保障数字金融的易得性，是数字金融公平价值现实展开的具体策略。,数字金融;数字技术;金融公平;公平价值,D922.28,,,法学三大刊论文/中国法学/数字金融公平价值的实现路径研究.pdf
441,数据产权登记的基本问题研究,孙莹[1],西南政法大学民商法学院,2025,1,150,169,数据登记是数据产权制度体系建设中的关键环节。数据知识产权登记与数据产权登记在内核上其实是殊途同归，基于对法秩序统一性的维护，将数据登记制度统一命名为数据产权登记制度更为合适。应建立“专职登记机关—数据交易所”二元登记机构，并采取“登记机构形式审查—第三方机构实质审查”的二元审查模式。在效力模式的选择上，登记对抗主义将自愿原则之精髓贯彻始终，更为符合数据的价值实现规律。数据产权变动中存在两种法律事实协同发挥作用，其中数据交付具备生成效力，而推定效力、对抗效力、公信效力等与公示紧密相关的效力只有在完成数据登记后才能发生。数据产权登记的对抗效力需借助不完全权利变动理论进行周全解释。数据善意取得构成要件的认定应更为严格，制度效力宜从法定失权改造为强制授权。,数据确权;数据流转;数据登记;数据交付;数据善意取得,D923.2,,,法学三大刊论文/中国法学/数据产权登记的基本问题研究.pdf
442,数据爬取的正当性及其边界,许可[1],对外经济贸易大学法学院,2021,2,166,188,"旨在实现数据再利用的数据流通机制是数据要素市场的关键环节.数据流通包括多方合意的数据共享,也包括单方非合意的数据爬取.尽管数据爬取占据互联网流量甚巨,但随着数据中蕴含的个人权益、经济利益和公共安全问题的凸显,数据爬取的法律纠纷与日俱增.我国一概禁止数据爬取的执法和司法,忽略了蕴含其中的数据流通价值.为此,有必要跳出数据权属的无穷论争,在承认数据爬取作为一项法律权益的前提下,运用权益权衡的方法,发现社会伤害最小的法律规则.凭借着阿历克西""权重公式""和数据权益的细化,爬取企业数据、政府数据、个人数据的正当性边界得以划定,我国《数据安全法》和《个人信息保护法》的相关规则亦可得以完善.",数据流通;数据爬取;权衡法则;数据权属;数据再利用,D922.16;D923,0,,法学三大刊论文/中国法学/数据爬取的正当性及其边界.pdf
443,数据科技伦理法律化问题探究,黎四奇[1],,2022,4,114,134,人类已在事实上步入一个无物不数据与无物不互联的时代。数字经济、数字社会与数字人生已成为这个时代的技术特征。技术、网络、数据、平台等不仅革新社会治理、经济发展的模式，而且也正在重塑人们对自己及对世界的认知观念。创新的本质是突破，数据科技在促进创新的同时，也对自由、平等、安全、和谐等产生了难以估量的冲击。新技术正使人类面临严峻的风险社会危机。伦理是人类共生共存的底线。数据科技治理中，除认真对待法律外，还必须从科技研发、推广与使用等环节系统性地植入伦理规则，使伦理成为法律创新的指南针，从而实现法律与伦理的有效对接。,数据科技;伦理风险;法律;伦理法律化,G301,,,法学三大刊论文/中国法学/数据科技伦理法律化问题探究.pdf
444,数据财产的权利架构与规则展开,沈健州[1],,2022,4,92,113,与数据赋权密切相关的利益冲突凝聚在数据企业、用户、数据企业的同业竞争者三方之间。在不同场景下，三方主体可能形成多元化的利益冲突形态，这正是数据赋权问题复杂性的根源所在。影响数据利益冲突形态的因素有二：一是数据是否承载个人信息，二是数据是否公开。数据可据此分为不承载个人信息的非公开数据、承载个人信息的非公开数据、不承载个人信息的公开数据以及承载个人信息的公开数据四类。四类数据对应四种现实的利益冲突形态，需要差异化的规则设计。对此，在权利架构上，以数据企业享有完整的数据财产权为基础，同时确立个人信息权益优先和公开数据合理使用两项限制，可以富有弹性地容纳不同数据利益冲突的协调方案，实现“有利益冲突时加以协调，无利益冲突时各行其是”的规范效果。数据财产的权利规则也得以在此基础之上有序展开。,数据财产;权利架构;权利规则;个人信息;数据合理使用,D922.16,,,法学三大刊论文/中国法学/数据财产的权利架构与规则展开.pdf
445,数据资产入表的法律配置,张素华[1],武汉大学法学院,2024,4,229,249,“数据资产入表”是一个法学与会计学交叉的问题。当下数据资产入表面临数据确权规范缺失、数据质量评估计量规范欠完备、数据资产经济利益流入不确定等法律困境。但这些问题只能在数据资产入表的过程中通过法律规则的配置逐一纾解。就数据确权与合规审查而言，应以“数据二十条”之数据产权制度为遵循，以数据持有权为中心进行权利配置，对数据来源、数据处理、数据流通环节进行合规审查。就数据质量评估与安全保障而言，应扩充质量评估指标类型并区分主客观维度；同时明确数据处理者的数据安全保护义务，并发展数据安全监测评估、认证服务。就经济利益流入分析而言，应因循无形资产或存货流入路径，结合应用场景、生命周期、规模经济、范围经济等因素综合研判。就列报而言，依《暂行规定》藉由“无形资产/存货”列报并采历史成本计量为务实做法；理想方案则是单独制定数据资产会计准则并采公允价值计量。于披露而言，则应采强制披露与自愿披露相结合的模式。,数据资产入表;数据确权;数据质量;数据安全;价值评估,D922.26,,,法学三大刊论文/中国法学/数据资产入表的法律配置.pdf
446,数智化社会的法律调控,齐延平[1],北京理工大学法学院,2022,1,77,98,"数智化逻辑是人机互融、虚实同构、算法主导.数智化社会关系的架构化和建模化,彻底改变我们认识、把握和干预世界的方式.数智化后设机制统御一切行为及关系,法律与法学作业理念将由""如何修复和恢复社会""转向""如何规训和塑造社会"".法律对社会的调控应由""裁断行为后果""前移为""塑造行为逻辑"",由事后处置转向参与建设社会关系""架构"",由赋权与救济转向责任与义务的加载与规制.法律算法化自动运行将成为常态,法律人工操作将成为非常态.数智化逻辑摧毁权利本位和司法中心主义法律法学观,权利主义法学势必为规制主义法学所取代.",数智化社会;架构化;先在规制;法律预嵌;算法化运行,D922.16,0,,法学三大刊论文/中国法学/数智化社会的法律调控.pdf
447,整体主义视角下公司法的理念调适与体系重塑,冯果[1],武汉大学法学院,2021,2,61,83,"我国公司制度是在自上而下的强制性制度变迁和法律移植的共同驱动下产生和发展起来的.虽然经过了数次修改,但特定的历史局限、多元的价值追求和过多的政策目标设定,使得《公司法》始终难以摆脱左冲右突、疲于应付和顾此失彼的尴尬处境,无法有效回应急剧变革的社会现实需求.未来的公司法制应基于整体主义的立场和功能主义的视角,在认真检视以往我国公司制度功效不彰的根源和在深化认知的基础上,结合我国资本市场快速发展和社会结构深刻变革的现实,针对不同性质和需求的公司,确立差异化的功能定位和制度设计,实现立法体系再造和基础制度的更新.",公司法;立法体系;整体主义;资本市场,D922.291.91,0,,法学三大刊论文/中国法学/整体主义视角下公司法的理念调适与体系重塑.pdf
448,文化法治体系的法理意蕴与实践展开,杨清望[1],中南大学法学院,2025,1,91,110,中国式现代化是物质文明和精神文明相协调的现代化。精神文明建设关涉保护文化权利、提升社会文明程度和促进人的全面发展，需要以文化法治建设为支撑。建设文化法治体系是贯彻落实习近平文化思想和习近平法治思想的必然要求，是促进社会主义先进文化繁荣发展的重要保障，是强化国民身份认同的重要途径。文化法治体系具有三重法理内涵，即新时代文化法治建设的总抓手、中国特色社会主义文化制度的法律表现形式和文化法治运行实践的系统集成。在法治轨道上推进文化强国建设，必须深入贯彻落实党的二十届三中全会关于深化文化体制机制改革的部署，从意识形态、文化服务、文化产业、文化遗产、网络治理和文化传播等关键领域的法治建设入手，加快构建文化法治体系，破解制约文化发展的深层次问题，开创文化繁荣发展新局面。,习近平文化思想;习近平法治思想;文化法治体系;文化体制机制改革,D922.16,,,法学三大刊论文/中国法学/文化法治体系的法理意蕴与实践展开.pdf
449,文明转型中权利概念的历史场域与理论范式,张恒山[1],天津大学法学院,2024,5,204,220,对当代人们权利观念影响最大的主要是古典自然法学的权利概念、分析实证法学的权利概念、空想社会主义法学的权利概念。它们是人类从农耕文明向商工文明转型的过程中，由学者们在不同的历史场域、针对不同的社会问题、依据不同的理论范式阐释、使用的权利概念。它们的内涵各不相同，不能互相替代，不能混用。对这些权利概念得以阐释的不同的历史场域、问题指向和理论范式加以辨析，有助于避免我们在当代使用权利语言的混乱，也促使我们独立探索更具有合理性、普适性的权利释义。,权利;历史场域;理论范式;自由;强制;应得,D90,,,法学三大刊论文/中国法学/文明转型中权利概念的历史场域与理论范式.pdf
450,新一代法律智能系统的逻辑推理和论证说理,刘东亮[1],,2022,3,145,164,法律智能系统运作逻辑的合理性，是取得当事人和公众信任的基础，也是其决定具有正当性和可接受性的重要根据。传统的基于规则的专家系统，其逻辑根基是演绎推理。基于案例的推理的专家系统，底层逻辑是类比推理。使用大数据技术的智能系统，属于“基于计算模型的推理”。在处理广泛存在的模糊性问题时，智能系统会运用到模糊推理和模糊逻辑。由于新一代智能系统多采用混合技术路径，上述推理方式可以并存。鉴于价值选择和价值判断是现阶段计算机能力的短板，智能系统尚无法像人类一样展开情理法兼容的论证，解决出路是将论证的复杂要求“降维”成解释，即非正式的说明理由。可以合理预见，法律智能系统的发展方向是“人机协同”。,法律智能系统;逻辑推理;论证说理;人机协同,D90-051,,,法学三大刊论文/中国法学/新一代法律智能系统的逻辑推理和论证说理.pdf
451,新中国国际法学70年:历程、贡献与发展方向,杨泽伟[1],武汉大学国际法研究所,2019,5,178,194,"新中国国际法学70年的发展历程可以分为初步形成、萎缩萧条、恢复发展和积极有为四个阶段。70年来新中国国际法学在和平共处五项原则、承认与继承、和平解决争端、""一带一路""倡议以及构建""人类命运共同体""等方面对现代国际法发展做出了重要贡献。然而,新中国国际法学存在对中国国际法理论与实践的系统总结有待加强、对国际立法和国际司法活动参与度有待进一步提高、为中国对外政策或外交实践提供前瞻性支撑的理论尚显不足、具有世界性影响的国际法论著尚不多见等问题。在中国国际法学未来的发展进程中,国际法的解释和适用问题将更加受重视,国际法的理论创新将进一步加强,增强国际法发展的中国话语权将成为中国国际法学者日益重要的使命。",现代国际法;国际法学;“一带一路”倡议;人类命运共同体,D99,0,,法学三大刊论文/中国法学/新中国国际法学70年_历程、贡献与发展方向.pdf
452,新出土金文所见西周罚金刑研究,雷安军[1],重庆大学法学院,2020,2,188,200,"学术界对西周罚金刑制度一直存在模糊不清的认识,对西周有无罚金刑这一问题存在着重大争议。通过对新出土西周金文与传世文献的综合研究,西周罚金刑制度可以得到较为清晰的呈现。西周罚金刑是五刑之外既可以单独适用也可依附五刑适用的附加刑,多与鞭刑一起适用,罚金的数额与鞭刑的数量往往相同;西周有五个等次的罚金刑,即所谓的""五罚"";西周罚金刑适用于不构成""五刑""的轻罪;通过罚金刑所获得的财物既可能由胜诉的一方当事人获得,也可能由政府获得。由于文献不足的原因,夏商没有发现罚金刑制度,西周的罚金刑实为中国古代罚金刑制度的源头,对春秋战国乃至秦汉的罚金刑制度产生了重要的影响。",新出土金文;罚金刑;五罚,D92,0,,法学三大刊论文/中国法学/新出土金文所见西周罚金刑研究.pdf
453,新就业形态法律关系认定规则,娄宇[1],中国政法大学民商经济法学院,2024,5,285,304,在平台经济时代，新就业形态劳动管理方式产生了新的特点，从属性被赋予了新的教义学内涵，而且也为不完全劳动关系确定了基本标准。人力资源和社会保障部、最高人民法院联合发布的第三批劳动人事争议典型案例为构建新就业形态法律关系教义学体系提供了良好的素材，可以将其归纳为“行业类型化从属性权重顺位定性审查模式”。在“从属性+要素式”的认定思路下，发掘人格从属性、经济从属性和组织从属性在不同行业的表现形式：以用工事实为准，排除合意的影响，在考量三类从属性时遵循各行业通用的核心判断要素以及适用于本行业的个性化要素。其中经济从属性是解读不完全劳动关系的一把钥匙，可以将新就业形态法律关系精准定位并实现劳动权益靶向赋权。,新就业形态;劳动关系认定;从属性;不完全劳动关系;教义学,D922.5,,,法学三大刊论文/中国法学/新就业形态法律关系认定规则.pdf
454,新时代“德法合治”方略的哲理思考,龙大轩[1],西南政法大学,2019,1,64,81,"法律与道德在中国历史上经历了两次大的合与分,大凡合的时候治理效果相对较好,分则相对较差,故新时代选择'德法合治'的治国理政方略符合历史发展规律,具有必然性。就操作性而言,可以从三个层面展开:法律制定要将重要道德直接上升为立法,或用道德来改革逆情悖理的法律,或用道德来改良力度不足的法律;法律实施要明确两个大的方向,即不得让违反道德的行为通过法律谋取不当利益,不得让符合道德的行为因为法律承受不利后果;法律遵守要用法治宣传裨助道德教化,用道德教育促进全民守法。从文化的角度考量,西方在'天人相分'的主体性价值观支配下形成了分析性思维方式,中国在'天人合一'的统一性价值观主导下形成了综合性思维方式,故西人所采道德法律分而治之的治理模式不适合中国人的思维方式,选择'德法合治'具有合理性。",法治;德治;德法合治,D90-052,0,,法学三大刊论文/中国法学/新时代“德法合治”方略的哲理思考.pdf
455,新时代中国国际法理论的发展,何志鹏[1],,2023,1,283,304,中国国际法理论的探索与建构已取得长足进展，但与中国的国际地位、国际法治的实践需求仍有较大距离。中国国际法学界有必要密切关注、细致观察中国国际法实践的导向，推进中国国际法理论的发展。从中国国际法理论的结构性定位上看，要在百年未有之大变局背景下坚守主权独立、维护世界安全、实现民生幸福、崇尚法律制度、促进开放协调、应对风险挑战，应塑造由公正、和谐、人本、秩序、发展、创新构成的价值体系。中国对世界秩序的倡导和承诺为未来中国国际法理论的基本范畴确立了指引方向与参照体系。可以期待，中国国际法理论会在人民中心、互利合作、多边主义、创新发展、绿色低碳等维度上展开，体现历史厚度与世界视野，展示中国与世界法治及政治的互动。未来的国际法中国理论是既能有效解读和阐释中国，又能充分评价和指引世界法治秩序发展的概念、论断和逻辑体系。,新时代国际法理论;国际法治;涉外法治;中国特色,D99,,,法学三大刊论文/中国法学/新时代中国国际法理论的发展.pdf
456,新时代中国法治现代化的战略安排,公丕祥,南京师范大学法学院,2018,3,27,50,"当代中国改革开放四十年来,从20世纪70年代末80年代初开始邓小平提出小康社会愿景进而作出＂三步走＂的战略设计,到20世纪90年代党和国家制定新＂三步走＂国家发展战略,再到21世纪初时中国共产党人描绘从全面建设小康社会到全面建成小康社会的国家发展战略蓝图,法治在国家发展进程中的地位与作用日益显著,当代中国现代化进程中的法治发展目标愈益丰富而深刻。2017年10月召开的中共十九大,在当代中国法治现代化进程中具有划时代的里程碑意义,不仅确立了习近平新时代中国特色社会主义思想的历史地位,为新时代中国法治现代化提供了根本遵循,而且勾画了从全面建成小康社会到基本实现现代化再到全面建成现代化强国的国家发展图式,作出了推进当代中国法治现代化的新时代的新＂三步走＂战略安排。这一重大的理论贡献,深刻反映了中国特色社会主义进入新时代社会主要矛盾新变化的历史运动逻辑,凝聚着当代中国共产党人加快推进新时代中国法治现代化的坚韧不拔、锲而不舍的战略意志和坚定决心。",法治图式;国家发展战略;法治现代化;战略安排,D920.0,0,,法学三大刊论文/中国法学/新时代中国法治现代化的战略安排.pdf
457,新时代全面依法治国的思想、方略和实践,"张文显[1,2,3]",中国法学会;吉林大学;司法文明协同创新中心,2017,6,5,28,党的十九大明确宣布中国特色社会主义进入新时代。新时代创立新思想，形成新方略，引领新实践。“八个明确”深刻阐述了新时代中国特色社会主义思想的精神实质和丰富内涵，“十四个坚持”精准概括了新时代坚持和发展中国特色社会主义的战略定位和基本方略。如何将“八个明确”、“十四个坚持”创造性地运用于法治领域并转化为新时代全面依法治国和建设法治中国的指导思想、基本方略、实践路径，是当前法学研究的重大课题。本文立足于中国特色社会主义新时代新方位，以习近平新时代中国特色社会主义思想为指导，探索性地把新时代全面依法治国的新思想新方略新实践概括为保持法治定力、发展法治理论、提升法治方略、拓展法治道路、深化法治实践、统筹法治改革、建设法治强国、加强法治领导。,法治定力 法治思想 法治方略 法治实践 依法治国 法治中国,D920.0,0,,法学三大刊论文/中国法学/新时代全面依法治国的思想、方略和实践.pdf
458,新时代发展权救济的法理审思,蒋银华,广州大学法学院,2018,5,61,81,"发展权附随性、综合性、不确定性的典型特征,不但是其法律救济功能发挥的瓶颈,也是法律保障的主要理论障碍。然而,上述特征本质上并不必然导致司法对发展权的排斥。以经济、社会和文化权利的司法化原理和经验为依托,发展权的法律救济不仅具有合理性,更具有可能性。鉴于发展权的基本特性以及现实需求,附带性审查模式、合宪性审查模式和非诉讼的申诉模式均存在可行性不强、制度成本过高等流弊。为此,我国应当建构一体化救济路径,即通过现有权利实施机制对发展权利进行整合性法律救济,并在此基础上进一步建构实体性和程序性制度。前者根据发展权同其他权利的关系形态,以平等为基本原则和切入点,将发展权的内容划分为四个层级;后者从救济权利主体、救济义务主体和救济方式三方面厘清救济过程中涉及的技术性事项。",发展权;法律救济;一体化救济;国家义务,D912.1,0,,法学三大刊论文/中国法学/新时代发展权救济的法理审思.pdf
459,新时代司法改革的逻辑展开与路径思考,丁亮华[1],,2023,3,225,245,党的十八大以来部署推进的司法体制改革，是立足中国实际，按照司法规律，对我国司法体制机制进行的一次全面革新。其逻辑在于，通过改革司法管理体制，破解司法的“地方化”，确保依法独立公正行使审判权检察权；通过健全司法权力运行机制，祛除司法的“行政化”，确保司法权力行使回归其本质与规律。深化综合配套改革，主要围绕司法体制改革的主体框架，从维护司法权威、促进司法公正、提高司法效能等方面，对司法管理体制、司法责任制和纠纷解决机制作进一步完善和补充。总结这一轮司法改革的路径与经验，需要把握好于法有据与先破后立、制度安排与理论逻辑、顶层设计与地方实践、改革意志与革新思维之间的关系。,司法体制改革;司法管理体制;司法权力运行机制;综合配套改革,D926,,,法学三大刊论文/中国法学/新时代司法改革的逻辑展开与路径思考.pdf
460,新时代国家安全法学论纲,李翔[1],,2024,3,144,163,国家安全法治化是国家安全现代化的核心要义。新形势下推进国家安全体系和能力现代化、完善国家安全法治体系、服务国家安全法治化新需求，亟需贯彻总体国家安全观和习近平法治思想，构建新时代国家安全法学。一是立足“国家安全”这一基石范畴，构建由国家重大利益、危害国家安全因素、国家安全体系和能力、国家安全职责与义务、国家安全行为等构成的国家安全法学基本范畴体系；二是围绕国家安全法治化主线和国家安全法律制度体系主要内容，形成两大基础领域、三大贯通领域、二十余个重点安全领域相结合的次级学科群；三是针对国家安全法学研究对象的特点，应注重运用法教义学、跨学科研究方法；四是通过比较借鉴，探索我国自主的国家安全法学知识体系和学科建设路径。,总体国家安全观;习近平法治思想;国家安全法治化;国家安全法学,D631,,,法学三大刊论文/中国法学/新时代国家安全法学论纲.pdf
461,新时代坚定不移走中国特色社会主义法治道路,李林[1],中国社会科学院法学研究所,2019,3,5,25,"改革开放40年在法治领域取得的最重大成就,是开辟和拓展了中国特色社会主义法治道路。坚持党的领导和中国特色社会主义制度,贯彻中国特色社会主义法治理论,是这条法治道路的核心要义,规定和确保了中国特色社会主义法治体系的制度属性和推进全面依法治国的前进方向。面对新时代新形势新目标,推进全面依法治国,必须以习近平新时代全面依法治国新理念新思想新战略为科学指南和根本遵循,坚定不移走中国特色社会主义法治道路,努力开启法治中国建设的新征程。",党的领导;依法治国;改革开放;法治道路;新时代,D920.0,0,,法学三大刊论文/中国法学/新时代坚定不移走中国特色社会主义法治道路.pdf
462,新时代政法改革论纲,黄文艺[1],中国人民大学法学院,2019,4,5,25,"从司法改革到政法改革,是法治领域改革的一次历史性飞跃,标志着法治领域改革迈入新阶段。新时代政法改革,是推进国家治理体系和治理能力现代化的应有之义,是建设更高水平的法治中国、平安中国的必由之路,是构建开放型政法工作新格局的迫切需要。这场改革是由党中央统一部署推进的重大改革工程,是政法领域的一场全方位深层次的革命。深入推进新时代政法改革,应坚持党的全面领导,坚持以人民为中心,坚持宪法法律至上,维护社会公平正义,尊重和保障人权,加强权力制约和监督,提高执法司法效率,加快现代科技应用。新时代政法改革的主要任务,是加强党对政法工作的领导,深化政法机构改革、法治实施体制改革、社会治理体制改革、政法公共服务体系建设、政法职业管理制度改革、政法科技体系创新,推进政法工作体系和工作能力现代化。",政法改革;司法改革;法治中国;平安中国,D926;D631,0,,法学三大刊论文/中国法学/新时代政法改革论纲.pdf
463,新时代检察权的定位、特征与发展趋向,苗生明[1],最高人民检察院第一检察厅,2019,6,224,240,"新时代背景下,随着国家权力结构的新调整和社会主要矛盾的新变化,检察权的内涵和外延亦随之发生变化,法律监督的宪法定位更加鲜明。检察权要以代表公共利益为职责使命,以司法权与监督权的交互融合为基本属性,更要以检察审查为核心内容,通过促进其职能化、实质化,作为法律监督的重要支撑,贯通审查逮捕、审查起诉、诉讼监督等各环节、各方面。随着我国检察制度的基本成熟定型,可以提炼出检察权在制衡本质、主导功能、范围延展、客观公正立场以及运行机理等方面的特征,这是中国对现代检察制度的重要制度贡献,也是新时代检察工作发展完善的基本遵循。当前,检察机关的刑事、民事、行政、公益诉讼""四大检察""法律监督总体布局已经形成,应当紧紧抓住检察审查这一核心内容,从不同维度推动检察权的发展完善,实现从""单一型""向""全面型""、从""管理型""向""保障型""、从""分散型""向""集聚型""、从""被动型""向""能动型""、从""审批型""向""亲历型""的转变。",检察权;法律监督;公共利益;检察审查,D92,0,,法学三大刊论文/中国法学/新时代检察权的定位、特征与发展趋向.pdf
464,新时代能动司法的倡导与回应型司法的构建,顾培东[1],,2024,2,26,45,最高人民法院在新时代倡导能动司法，这是人民法院因应社会变化现实，回应社会发展与进步的需求，且基于对司法本质和司法活动特征的深刻认知所作出的积极反应，亦是对新时代司法自身使命的自觉体认。新时代能动司法具有明确的实践取向、特定的表现形态以及明确的权力依据，其实施势必引致并推动我国回应型司法的构建。回应型司法所回应的维度主要包括：国家的总体部署与安排、社会进步与发展的主要趋势、社会公众的普遍愿望与认知以及诉讼参与人的实际需求。回应型司法主要由吸纳传导机制、筛选辨识机制、转译创生机制和体现落实机制等构成。,能动司法;实践面相;回应型司法;回应维度与机制,D926,,,法学三大刊论文/中国法学/新时代能动司法的倡导与回应型司法的构建.pdf
465,新科技时代的法学基本范畴：挑战与回应,雷磊[1],,2023,1,65,84,以人工智能和大数据的结合为特征的新科技时代，不仅给法律领域带来技术问题和法教义层面的问题，也对法理学知识体系，尤其是法学基本范畴形成挑战。对于这种挑战，大体有三种回应方式：部分基本范畴的独立范畴地位将被完全放弃（如“法律关系客体”“法律部门”），部分基本范畴的既有理解将得到彻底或部分重构（如“法律行为”“法律权利”），但也有部分基本范畴在新条件下应该得到坚定辩护乃至更好捍卫（如“法律责任”“法律主体”）。至于“法律”这一根本范畴是否需要重构，则仍无定论，有待未来通过充分的价值论辩来形成重叠共识。新科技时代并没有“肇生”全新的法理学问题，只是提供了“激扰”法理学知识体系、促使对既有理解进行反思的新语境。唯有对上述挑战作出及时有效的法理学回应，才能抓住中国法学自主性发展的新机遇。,新科技时代;人工智能;大数据;法学基本范畴;法理学回应,D90,,,法学三大刊论文/中国法学/新科技时代的法学基本范畴：挑战与回应.pdf
466,智慧社会背景下的“第四代人权”及其保障,马长山[1],华东政法大学,2019,5,5,24,"随着数字经济和智慧社会的深入发展,人权形态正在经历着深刻的数字化重塑,从而打破了既有的""三代""人权发展格局,开启了以""数字人权""为代表的""第四代人权""。它在发展动因上,源于信息革命;在内涵逻辑上,发生了根本转向;在价值内核上,实现了品质升级;在关系构架上,呈现关联义务的社会延展。这就需要确立全新的""数字人权""观,构建相应的人权保护机制,塑造尊重人权价值的""道德基础设施"",从而为""数字人权""提供有效的法治化保障。",智慧社会;数字人权;第四代人权;法治保障,D621.5,0,,法学三大刊论文/中国法学/智慧社会背景下的“第四代人权”及其保障.pdf
467,最高人民检察院司法解释研究,孙谦,最高人民检察院,2016,6,40,54,最高人民检察院的司法解释是我国司法解释的重要组成部分。相对于最高人民法院的司法解释，最高人民检察院的司法解释具有解释对象只限于检察工作中具体应用法律问题、解释内容侧重于刑事法和程序法、本质上体现了法律监督属性三大特征。最高人民检察院的司法解释具有体制合理性、功能正当性和实践必要性，在保障检察人员正确理解法律，促进司法办案尺度的统一；弥补立法和立法解释迟延之不足，为立法或者立法解释积累司法经验；弥合司法机关之间对具体应用法律问题的认识分歧，促进公正司法，维护司法权威等方面发挥着重要作用。最高人民检察院司法解释工作应当遵循合法原则、必要原则、科学原则、协调原则、公开原则，加强计划性、时效性、协同性、系统化和建立效果评估机制。,最高人民检察院;司法解释;立法解释,D926.3,0,,法学三大刊论文/中国法学/最高人民检察院司法解释研究.pdf
468,有限公司股东清算义务人地位质疑,梁上上[1],清华大学,2019,2,260,278,"我国现行的清算义务人制度是基于中国的实际情况而产生的法律制度,对保护债权人利益具有重要意义。现行《公司法》及其《公司法司法解释(二)》将有限公司股东作为清算义务人,使股东责任从有限责任变为无限责任,致使股东与债权人之间利益关系的失衡,已经摧毁了我国的市场退出法律体系。基于股东、董事、监事、直接责任人等在公司治理结构中地位、职权等的比较分析可以看出,有限公司的清算义务人不是股东,只有董事才是妥当的清算义务人。现行制度根源于对公司解散效力等一系列制度的误解,已造成债权人从破产清算向非破产清算逃逸,损害了股东利益。保护债权人利益的正道在于,继续保留清算义务人制度,增设董事的破产申请义务。",股东;董事;清算;清算义务人;解散,D922.29,0,,法学三大刊论文/中国法学/有限公司股东清算义务人地位质疑.pdf
469,未成年人违警行为的提出与立法辨证,姚建龙[1],,2022,3,266,282,《预防未成年人犯罪法》所界定的“严重不良行为”的问题是，将违警行为和触刑行为两种法律性质截然不同的未成年人罪错行为强行合二为一，并适用同样的程序和干预措施。违警行为在未成年人罪错行为分级体系中应具有独立的分级地位，在《预防未成年人犯罪法》与《治安管理处罚法》竞合时，应当优先适用保护处分措施，并排斥治安管理处罚措施的适用。《预防未成年人犯罪法》应进一步贯彻保护主义，在法律解释与适用时坚持保护主义立场。新修订的《预防未成年人犯罪法》的少年法化是不完全的，应进一步推动该法的少年法化，除了赋予违警行为以独立罪错行为的类型地位外，还应建立更加系统的保护处分措施体系，同时将包括违警行为在内的未成年人罪错行为的“先议权”赋予专门的少年审判机构。,预防未成年人犯罪法;未成年人罪错;违警行为;保护主义;先议权,D924.3,,,法学三大刊论文/中国法学/未成年人违警行为的提出与立法辨证.pdf
470,机关运行保障的立法逻辑,"湛中乐[1,2]",北京大学法学院,2020,1,49,66,"机关运行保障的本质是机关运行保障主管部门作为国家与机关间的媒介者,对经费、资产以及服务等各种资源与利益在党政机关各部门之间进行调整与分配。在流程上具体包括分配前的资源取得、分配的实施以及分配后对资源使用情况的监管。经费、资产、服务等资源在党政机关内部分配的目标在于,以最少的财政资金作为成本,保障党政机关的高效优质运行,实现分配的效能。资源分配效能目标的实现,对分配体制、分配标准与保障计划以及分配后的监管与评估等均有特殊要求。立足分配构造,反思我国现行机关运行保障制度,可以发现其在保障体制、保障标准与保障计划以及后续监管与评估等方面均有待完善,而这还须藉由机关运行保障立法予以实现。对此,可行的思路是将《机关事务管理条例》升格为《机关运行保障法》,以此作为机关运行保障的""基本法"",对我国党政机关的机关运行保障工作一体规范。",《机关事务管理条例》;机关运行保障;《机关运行保障法》,D92,0,,法学三大刊论文/中国法学/机关运行保障的立法逻辑.pdf
471,机动车自愿责任险排除连带赔偿责任,"邢海宝[1,2]",中国人民大学民商事法律科学研究中心 中国人民大学法学院,2016,3,265,281,"如机动车自愿责任险约定＂按份赔付＂,而被保险人与其他侵权行为人对受害第三人承担连带责任时,保险人承担被保险人的份额责任还是连带责任,这在理论上和实务中产生了很大争议。基于对连带责任的可保性、＂按份赔付＂条款的性质、保险人对第三人的抗辩、条款的订入与效力、代位追偿是否可行以及自愿责任险与强制三责险差异的分析,认为＂按份赔付＂条款不应受到否定,而该得到认可。",可保性;自愿保险;连带责任;按份赔付;直接请求权,D922.29,39,,法学三大刊论文/中国法学/机动车自愿责任险排除连带赔偿责任.pdf
472,权力挂起：行政组织法的新变式？,熊樟林,东南大学法学院,2018,1,265,283,内容提要在我国行政组织法的发展与变革中，地方政府创生了一种在行政法理论体系上完全找不到对应的新型制度，它往往被称为“行政权力挂起”，是地方组织法的新变式。从对地方立法实践的观察来看，它是附随在权力清单制度中推进的，是为了应付权力清单运动而催生的新型权力编排方式。但是，它既不是对行政权力的创设，也不是消灭，而只是采用一定的程序将行政权力予以冻结，被冻结的权力既可能会被长期封存，也可能会被即时解封或启挂。从法律评价上来看，被挂起的行政权力可能会面临“是否具有合法性”、“是否构成违法性阻却事由”等多方面问题，尽管从理论层面上来说，这些问题可以在行政自制的制度定位中获得一定的解释。但是，这仍然不够，我们还需要从规范层面进行更为正式的制度化布置，并从法律效力上划定这一政治活动的最终边界，从而促使其从政治行为向法律行为转变，从封闭行为向开放行为转变。,行政权力挂起;行政不作为;行政组织法,D63,0,,法学三大刊论文/中国法学/权力挂起：行政组织法的新变式？.pdf
473,构建我国行政审判“参照”惯例制度,柳砚涛,山东大学法学院,2017,3,286,302,"我国应加紧将惯例引入行政审判依据体系,确立＂参照＂惯例制度。这一做法不仅有宪法、法律和司法解释依据,而且有利于保持行政与司法＂依据＂的应然一致性,便于将惯例纳入司法审查,拓展以＂平等权之诉＂为代表的行政诉讼受案范围。参照惯例的条件是惯例合法有效。惯例的适用性审查不以原告申请为前提,＂参照＂的内涵为＂裁判依据引用＂而非＂裁判理由引述＂。当下行政诉讼制度设计中的＂一并请求审查＂、＂向处理机关提出处理建议＂、审判依据体系、司法认知、涉外行政诉讼等条款中应融入惯例地位、功能等内容。",行政审判;参照;惯例,D925.3,59,,法学三大刊论文/中国法学/构建我国行政审判“参照”惯例制度.pdf
474,构建认定行政违法前置的行政犯追诉启动模式,张泽涛[1],广州大学法学院,2021,5,124,140,"自1979年《刑事诉讼法》颁布以来的四部刑事诉讼法典,程序设计与证据采信等均是以自然犯作为规范对象.行政犯与自然犯在刑事诉讼程序中应该体现一定的差异:自然犯的疑难之处在于取证和查获犯罪嫌疑人,行政犯的疑难之处在于专业性和技术性的行政执法证据的认定、准确地援引数量庞杂的前置性行政法规以及如何判定""不知法免责"",而这些恰恰是公安司法人员所不擅长的,行政犯的追诉启动往往依赖行政违法前置的专业性认定.近年来一些社会民众普遍关注的案件基本上与行政违法被启动刑事追诉有关.""刑事在先""容易导致行政执法主体的专业性调查取证半途而废、援引行政法规不当而导致错误定罪等诸多弊端.随着行政犯时代的全面到来,应该构建行政不法前置的行政犯追诉模式:行政犯的追诉启动原则上应该""先行后刑""、强化行政犯违反前置性法规的论证、规范行政执法证据尤其是专业性事实判断在刑事诉讼中的使用、实行行政执法机关与公安机关之间权力与程序的无缝衔接.",行政犯;自然犯;专业性认定;刑事在先,D925.2,0,,法学三大刊论文/中国法学/构建认定行政违法前置的行政犯追诉启动模式.pdf
475,标准必要专利反垄断诉讼问题研究,王晓晔,湖南大学法学院,2015,6,217,238,专利一旦成为广泛应用的标准必要专利，权利人一般得向标准化组织承诺以公平、合理和无歧视的FRAND条件实施许可。尽管FRAND许可条件是对专利权人的约束．但因这个承诺没有可操作性，现在有越来越多涉及标准必要专利的案件进入了反垄断执法机构和法院。华为诉IDC一案说明，标准必要专利与一般专利相比具有特殊性，必要专利权人在其专利许可市场占支配地位，权利人收取过高的专利许可费或者请求法院制止专利侵权的行为可能被视为滥用市场支配地位。涉及标准必要专利许可的案件凸显知识产权法和反垄断法交叉领域的很多热点问题，从而也带给了我们很多思考，例如我国《反垄断法》第55条第1句的规定是否具有合理性。,标准必要专利;市场支配地位;FRAND许可费;禁令请求;华为诉IDC案,D922.294,46,,法学三大刊论文/中国法学/标准必要专利反垄断诉讼问题研究.pdf
476,核定征收适用范围的延展及其反思,侯卓[1],,2024,2,266,286,《税收征收管理法》第35条枚举了核定征收的六类适用情形，其共性是将核定征收作为查账征收的备选方案。其他具体制度规范除复述、细化此六者外，也间或另作规定且不乏偏离核定征收基本意涵者，同时在征管实践中亦有泛化适用核定征收的倾向。提高征管效率、发挥调控功能和在税权受限前提下进行地方治理，是核定征收适用范围延展的三大动因。核定征收兼具执行和决策双重属性，对其实施规制旨在将核定征收纳入法治轨道，在此前提下为征管实践预留一定裁量空间。为此，应当完善《税收征收管理法》和相关税种法制度，强化对核定征收的程序控制，并且优化对核定征收的司法审查。,核定征收;查账征收;税收征收管理法;司法审查;法律规制,D922.22,,,法学三大刊论文/中国法学/核定征收适用范围的延展及其反思.pdf
477,核心国际人权条约缔约国报告制度：困境与出路,尹生,中南财经政法大学法学院,2015,3,204,221,缔约国报告制度深陷低效困境却盛行于九大核心国际人权条约，这是由国际法生成机制、利益集团博弈、国际经济、社会、文化发展水平和制度的路径依赖等因素决定的。条约机构的改革、统一和加强进程已初见成效，非政府组织和普通民众更多参与报告程序也增强了其实效，但很难触及其体制根源和文化根源。报告制度属发展型制度因而具有光明的前景，未来它仍将沿着循序渐进的改革路径前行，其命运取决于制度供需状况和制度博弈，其根本出路在于继续提高报告制度的实效、提升其人权法理学功能和尝试打造多样化的报告准则。,缔约国报告制度;核心国际人权条约;条约机构;非政府组织;人权法理学,D998.2,41,,法学三大刊论文/中国法学/核心国际人权条约缔约国报告制度：困境与出路.pdf
478,检察官办案责任制相关问题研究,"龙宗智[1,2]",四川大学法学院 教育部 2011 计划司法文明协同创新中心,2015,1,84,100,"检察机关办案,时采“协同办案”乃至团队协作形式,但以单独办案制为基本,检察官办案责任制即“承办负责制”。因此不应以主任检察官责任制代替检察官责任制,同时,应当划清权限范围,保障承办负责制的有效运行。员额制的实施,可能压缩主任检察官制度的运行空间。主任检察官与业务部门负责人的设置与职能区分,应尽可能合一。不能合一时,部门负责人重点负责宏观指导,主任检察官主要负责个案审核。捕、诉合一虽有利于提高效率,但使批捕不中立弊端更为明显。检察官责任制应与检察长负责制相协调,实现合理授权。应建立权力清单,检察权运行机制的设置和管理应当细化与科学化。",司法责任制;主任检察官;检察权运行机制,D926.3,14,,法学三大刊论文/中国法学/检察官办案责任制相关问题研究.pdf
479,检察指导案例效力研究,万春,最高人民检察院法律政策研究室,2018,2,75,88,"检察指导案例不同于法律和司法解释,检察指导案例效力应定位于＂原则上应当参照＂,并具有事实上的约束力。当前制约检察指导案例效力实现的因素在于对检察指导案例效力认识存在偏差,对检察指导案例效力实现途径把握不够深刻,检察指导案例数量、质量、体系化亟待加强,等等。强化检察指导案例效力实现,需要根据检察指导案例类型不同,寻找契合检察职能特点的适用路径,并以提升检察指导案例质量为突破,强化内生动力,加强对检察指导案例的立法体认和配套制度建设,从外在方面促进检察指导案例效力发挥。",检察指导案例;参照适用;制约因素;效力发挥,D67,0,,法学三大刊论文/中国法学/检察指导案例效力研究.pdf
480,检察环境公益诉讼的理论优化与制度完善,陈晓景[1],,2022,4,288,304,2017年修正的《民事诉讼法》和《行政诉讼法》建立了现行的检察环境公益诉讼制度。然而，作为公益代表人，检察机关在保障环境公益的实践中陷入了检察监督区域性与生态环境整体性矛盾、损害救济和环境风险预防背离、维护环境公益和履行法律监督职能错位等困局。原因在于现行检察环境公益诉讼制度基于传统公益理论，将生态环境和资源保护的环境公益混同于国有财产保护、国有土地使用权出让、食品药品安全等领域的国家利益和社会公共利益。环境公益区别于社会公益、国家利益，其内涵应当是生态共同体利益。完善检察环境公益诉讼制度应明确环境公益的法律地位，增加独立于检察环境社会公共利益诉讼和国家利益诉讼的检察环境公益诉讼类型。同时健全生态系统整体保护的检察监督机制，强化环境风险预防功能，构建法律监督与环境公益维护相统一的衔接机制。,公益;环境公益;生态共同体利益;检察环境公益诉讼,D925.3,,,法学三大刊论文/中国法学/检察环境公益诉讼的理论优化与制度完善.pdf
481,正当程序原则司法适用的正当性:回归规范立场,蒋红珍[1],上海交通大学凯原法学院,2019,3,46,63,"经过20余年的发展,正当程序原则司法适用的判例已有较为丰富的积累。以界分作为规则的正当程序和作为原理的正当程序为前提,在司法适用中需探寻行为法意义之'实定法基础'和裁判法意义之'审查标准'的匹配。就正当程序原则与实定法规范的关系看,我国司法审判实践并存着'竞合模式''推导模式'和'空缺模式'三种样态并发展出不同的解释路径;就审查标准看,已然出现'单一适用'和'选择适用'之间的选择困顿。解决正当程序原则司法适用的正当性难题,需要回归规范立场来弥合其作为论证理由和裁判依据之间的沟壑。这样的反思,可贯穿于自'田永案'滥觞至今我国正当程序原则的司法适用。",正当程序原则;司法适用;法定程序;规范依据,D925.3,0,,法学三大刊论文/中国法学/正当程序原则司法适用的正当性_回归规范立场.pdf
482,"正当防卫中的""误判特权""及其边界",陈璇[1],中国人民大学刑事法律科学研究中心,2019,2,48,72,"我国的正当防卫研究亟需改变“重要件内容、轻判断标准”的现状。根据赋权事由与免责事由的区分,正当防卫客观要件判断标准的争议焦点在于,在主观认知与客观事实不符的情况下,是否应当肯定行为人在一定范围内仍享有以受损者的忍受义务为特征的侵入权利。正当防卫误判特权的边界,应当根据归责原理来加以划定:首先,当行为人对侵害的存否发生误判时,由于受损方并未通过任何违法行为制造利益冲突,故应坚持事后的判断标准,否定行为人享有误判特权。其次,当行为人对侵害的严重程度和是否仍在持续发生误判时.由于利益冲突的出现可归责与受损方,故应当采取防卫人个人化的事前标准,在合理误判的范围内承认防卫人享有误判特权。",正当防卫;误判特权;判断标准;防卫限度,D924,0,,法学三大刊论文/中国法学/正当防卫中的“误判特权“及其边界.pdf
483,正当防卫限度判断的适用难题与改进方案,"姜涛[1,2]",南京师范大学法学院,2019,2,27,47,"正当防卫成立要件是司法审查的指南而非限制,我国现行正当防卫立法采取适当说,司法实务往往对防卫限度采取唯结果论立场,导致不法与有责判断混淆,带来司法实务中倾向于故意犯罪或防卫过当的偏误,对此,今后需要在司法与立法层面予以改进。司法实践当坚持“必需说”的基本教义,重视正当防卫的个别化情景判断。同时,立法需要对正当防卫条款进行修正:一是基于“法律不强人所难”的法理,对防卫过当进行二分,区分需承担刑事责任的防卫过当与不需承担刑事责任的防卫过当,前者即保留现有规定,后者则增加行为人在“高度恐惧、慌乱、愤怒”等期待不能情况下实施防卫过当的,属于责任阻却事由,不承担刑事责任。二是适当明确防卫过当的具体类型,明确不同法益、不同情景下的防卫限度之判断标准个别化。",正当防卫;责任阻却事由;必需说;适当说;法律不强人所难,D924.1,0,,法学三大刊论文/中国法学/正当防卫限度判断的适用难题与改进方案.pdf
484,正确认识和评价马锡五审判方式,郝铁川[1],,2023,6,45,61,马锡五审判方式虽以马锡五名字冠名，但实为中国共产党人集体司法智慧的结晶。之所以提出正确认识和评价马锡五审判方式，一是因为马锡五审判方式根植于党的宗旨和群众路线，体现的是全过程人民民主和全过程能动司法理念，而不同于域外局限于法庭审判中的司法民主和能动主义。二是因为马锡五审判方式没有过时，我们正在把马锡五审判方式中的调解传统，进一步发展为党委领导各方参与的大调解工作格局；正在把马锡五审判方式中的重视实质性化解纠纷的传统，进一步发展为诉源治理；正在把马锡五审判方式中的司法便民传统，进一步发展为科技赋能的“共享法庭”。深入开掘中国红色法律文化资源，是构筑中国自主法学知识体系的一项基础性工作。,马锡五审判方式;集体司法智慧;全过程人民民主;全过程能动司法,D926.2,,,法学三大刊论文/中国法学/正确认识和评价马锡五审判方式.pdf
485,死刑替代措施：一个需要警惕的刑法概念,王志祥[1],北京师范大学刑事法律科学研究院,2015,1,291,303,"死刑替代措施是指在废除最严重犯罪的死刑后所采取的替代死刑的处罚方法。目前,我国学者大多以完善我国的刑罚结构、削弱民意对于死刑废除的反对情绪、借鉴其他国家废除死刑的立法经验为依据,构建相应的死刑替代措施理论。但实际上,我国现行刑罚结构在立法上并不存在“生刑过轻”的问题,因此,死刑替代措施在我国刑事立法中并无存在的根基;死刑替代措施也非削减公众反对死刑废除情绪的最佳方法;国外的立法经验并不能成为我国刑法必须设立死刑替代措施的根据。",死刑替代措施;死刑废除;刑罚结构,D914,33,,法学三大刊论文/中国法学/死刑替代措施：一个需要警惕的刑法概念.pdf
486,死刑案件量刑阶段的轻刑推定原则,姚莉[1],中南财经政法大学法学院,2021,2,228,244,"在死刑量刑程序中,由于无罪推定原则失去了适用的前提,使得一系列程序保障和证据规则缺乏继续存在的基础.但死刑案件在量刑阶段的""轻刑推定原则"",可以防止量刑权的滥用,保障量刑中立,并为量刑问题上的疑点分配提供指南.尤为重要的是,""轻刑推定原则""有助于在死刑程序中建立一套以量刑程序为中心的程序正义理论.",死刑量刑;无罪推定;轻刑推定;程序正义,D925.2,0,,法学三大刊论文/中国法学/死刑案件量刑阶段的轻刑推定原则.pdf
487,死刑适用的规范论标准,冯军,中国人民大学刑事法律科学研究中心,2018,2,190,207,"刑事法官只有掌握并且运用规范论的立场来适用死刑,才能消弭我国目前在死刑适用上遇到的困境和产生的乱象。＂罪行极其严重＂是指行为人的犯罪行为及其造成的危害后果在违法性和有责性上都极其严重,要根据刑法分则中配置死刑的条文所描述的罪状,参照刑法分则中把死刑作为绝对确定的法定刑来配置的条文所描述的罪状,综合判断行为人的犯罪行为是否属于＂罪行极其严重＂;要从《刑法》第50条第1款关于死刑缓期执行期间执行死刑的规定中推导出＂不是必须立即执行＂的条件,即,如果应当被判处死刑的犯罪分子确实不存在再次实施情节恶劣的故意犯罪的危险,对他就＂不是必须立即执行＂死刑;但是,如果行为人在犯下某一应当判处死刑的极其严重的罪行之后,又犯下另一情节恶劣的故意犯罪的,对他就＂必须立即执行＂死刑。",死刑适用标准;规范论;罪行极其严重,D924.13,0,,法学三大刊论文/中国法学/死刑适用的规范论标准.pdf
488,比例原则在民法上的适用及展开,郑晓剑,厦门大学法学院,2016,2,143,165,"比例原则包含＂适当性＂、＂必要性＂和＂均衡性＂三个子原则,其通过对＂手段＂和＂目的＂之关联性的考察,以确认国家权力对公民基本权利的干预有无逾越必要的限度。比例原则的精髓在于＂禁止过度＂,对包括民法在内的整个法律秩序发生作用。比例原则适用于民法不仅具有可行性,而且具有重大的理论意义和实践价值。比例原则可广泛地作用于民事立法、民事司法和民事行为等领域,对这些领域是否存在＂禁止过度＂的情况进行分析和诊断,以确保相关主体的权利和自由不被过度干预,从而能够捍卫私法自治的价值,也有助于推动民法在理念和制度层面的更新。因此,比例原则具备担纲一项民法基本原则的地位和资格。",比例原则;私法自治;完全赔偿;禁治产制度,D923,107,,法学三大刊论文/中国法学/比例原则在民法上的适用及展开.pdf
489,比例原则的普遍化与基本权利的性质,陈景辉,中国政法大学,2017,5,279,302,诞生自德国公法的比例原则，呈现出双重的普遍性：不但逐渐被其他国家接受（地域普遍化），也开始向私法领域挺进（领域普遍化）。那么，比例原则的普遍性存在理论上的根据吗？就比例原则而言，如果它具备普遍性，要么因为它是理性化的一般要求、要么因为它是某种程序、要么因为它是某种终极价值，但这些看法都误解了比例原则的性质。因此，比例原则的普遍化，寄生于“正当限制基本权利”这个观念的普遍化。但由于“关于私法（民法）立法”与“私法（民法）调整的内容”是不同的，因此比例原则并不能够适用于私法自身的内容，所以并不具备领域的普遍化。同时，由于“正当限制基本权利”的观念本身存在问题，因此要承认基本权利的重要性，只能承认基本权利之间的冲突与紧急情况这两种限制基本权利的情形，而此时比例原则并未拥有超越其他审查工具的明显优势，所以比例原则的地域普遍性仍需要进一步的证明。,比例原则 基本权利 权利冲突 公共福祉,D912.1,0,,法学三大刊论文/中国法学/比例原则的普遍化与基本权利的性质.pdf
490,比例原则的法理属性及其私法适用,于柏华[1],,2022,6,134,155,各类主体都会面临在价值冲突情境中如何合理行动这一问题。主体只有无偏倚地对待其追求的价值与被其损害的价值，使其行动体现“价值平衡”，相应行动才可能具有合理性。比例原则作为基于价值平衡的规范性要求，因此可被用于规范各类主体在价值冲突情境中的行动。在不同价值冲突情境中，比例原则有两种规范形态。一种是包含适当性、必要性与平衡性的三要素形态，另一种是仅包含平衡性的一要素形态。在私法中适用比例原则规范私主体行动时，需区分私主体行动引发的价值冲突类型，针对不同情况分别适用三要素比例原则或一要素比例原则。,比例原则;价值平衡;三要素比例原则;一要素比例原则;私法,D90,,,法学三大刊论文/中国法学/比例原则的法理属性及其私法适用.pdf
491,民事二审不开庭审理的反思与修正,段文波[1],西南政法大学,2021,6,284,302,"在续审制下,我国民事诉讼法规定原则上应当组成合议庭开庭审理上诉案件.但在司法实践中不开庭审理却成为常态,并异化为以一审庭审笔录为中心的合议庭书面间接审理.这不仅违反了直接主义、口头主义,剥夺了当事人接受裁判的权利,而且导致二审纠错和监督一审的机能丧失.因此,二审应贯彻开庭审理原则,仅限欠缺上诉要件或就裁定提起的上诉案件可不开庭.二审开庭是一审的继续,仍然包括口头辩论与法庭调查两个部分.其中所获得的诉讼资料和证据资料与一审构成一个整体并作为二审裁判的基础.一审中形成的诉讼状态和当事人实施的诉讼行为在二审中继续有效.",续审制;书面审;直接主义;口头辩论;法庭调查,D925.1,0,,法学三大刊论文/中国法学/民事二审不开庭审理的反思与修正.pdf
492,民事再审之诉“二阶化构造”的程序重塑,段文波[1],,2024,2,64,84,四级法院审级职能定位改革之前，由立案庭通过裁定程序审查再审之诉的条件和事由，决定再审后方由业务庭对本案进行再审理。改革实施后，部分法院撤销立案二庭，将再审条件和事由的审查与本案再审理均交由业务庭进行。上述一阶化的改革不仅与诉之审判的逻辑阶段相悖，也与普通诉讼程序不相匹配，同时容易以实质性审理的结果替代形式化的审查标准，从而加剧“再审难”问题，更有侵害当事人申请再审的权利之虞。因此，再审之诉的审理应在程序外观上体现阶段化，遵循诉之审理的一般规律，即应由立案庭先审查诉讼要件和再审事由，在立案庭撤销原判决之后，审判庭方可进入实体审理。从程序保障的角度来讲，撤销程序应采用口头辩论方式而非书面审查方式，并由上级法院管辖以增强司法公信力；本案再审理应限于当事人申请的范围，并重新作出与原判决同一内容的新判决或改判。,民事再审之诉;再审启动审查;本案再审理;审级职能定位改革,D925.1,,,法学三大刊论文/中国法学/民事再审之诉“二阶化构造”的程序重塑.pdf
493,民事救济规范竞争关系的协调,李世刚[1],,2023,2,246,265,所谓“责任竞合”/“请求权竞合”议题的本质是民事救济规范竞争关系的协调问题，而非权利构造问题。由此以受害人请求权为中心视角的理论构造会陷入困境，应予检讨。而解决之道当从问题本源出发，由法律职业共同体成员各司其职、深度合作。就司法者而言，应按法定顺序适用具有竞争关系之规范；若无明确顺序规定，则应依法政策及规范意旨，通过目的解释与体系解释等方法确立规范之间的通用顺序。就立法者而言，规范竞争系难以避免之立法现象，除了排序，还可通过并轨甚至转向结果进路等方式消减竞争冲突。“法条竞合说”系在抽象层面上依据规范目的与功能协调规范竞争关系，对接法律规范竞争冲突问题的本源，具有合理性、可行性及普适性，应值重视并被充分运用到立法论与解释论之中。于典型之债法领域，已采用结果进路的统一责任规范最优先适用，合同规范优先适用于侵权责任规范，不当得利规范处于最后之备位。,法条竞合说;请求权竞合;请求权;民事责任;法律职业共同体,D923,,,法学三大刊论文/中国法学/民事救济规范竞争关系的协调.pdf
494,民事案件事实形成中的方法论命题,王雷[1],,2023,1,181,202,民事案件中，法律适用的“小前提”案件事实形成环节蕴涵了一个“小司法三段论”，基于此，民事法律适用实质上是一个“双阶层司法三段论”。民法证据规范是“小司法三段论”的“大前提”，不仅限于举证责任规范，还包括民法证据方法规范、民事推定规范以及民法证明标准规范。民法证据规范丰富了民法规范的类型体系，提升了民事权利规范、民事义务规范和民事责任规范的可操作性和价值连贯性。应通过对民法证据规范的发现、归类和解释适用促进形成合宜的民法证据思维，实现民事实体法和程序法的沟通和协调。,案件事实的形成;民法学方法论;双阶层司法三段论;民法证据规范,D913,,,法学三大刊论文/中国法学/民事案件事实形成中的方法论命题.pdf
495,民事禁令程序构建原理,吴英姿[1],,2022,2,82,102,"民事诉讼行为保全制度不能满足民事禁令制度的程序规范需要.临时禁令程序是一种独立的程序,具有实体法与程序法双重属性,其目的不在解纷,而在于维系权利现状.普通程序无法适应禁令快速反应的需要.非讼程序与禁令程序的本质特征不相契合.诉讼与非讼程序法理交错适用论因理论缺陷无法为禁令程序构建提供理论支持.略式程序契合禁令程序简速裁判的要求.申请人启动禁令程序应当提供表面证据确凿的事实.法院无需对本案进行完整、实质审理即可作出裁定,但不能突破最低限度程序保障要求.临时禁令具有形式确定力和执行力,无既判力,适用""异议—撤销""简式救济途径.禁令保证金有助于保证禁令程序的可逆性.",民事禁令程序;略式程序;表面证据;人格权禁令;知识产权禁令,D925.1,,,法学三大刊论文/中国法学/民事禁令程序构建原理.pdf
496,民事证明责任分配的实质性原则,胡东海,中南财经政法大学法学院,2016,4,287,302,"民事证明责任分配的实质性原则问题是当代证明责任理论的中心议题,但学界至今未提出令人信服的解决方案。当代证明责任理论的各种学说所提出的盖然性原则、证明危机原则和消极事实原则等,均不是证明责任分配的实质性原则,不能为证明责任分配提供正当性理由。既然证明责任是民法概念,那么就应当从民法价值理念的角度探寻其实质性原则。由于证明责任概念的功能仅在于实现相关民法概念的功能,所以它的实质性原则就是相关民法概念背后的民法基本原则。对民事证明责任分配的实质性原则的厘清,有助于我们从实质性原则出发,对具体制度中的证明责任分配进行目的论解释。",民事证明责任分配;实质性原则;表见代理;善意要件,D925.1,54,,法学三大刊论文/中国法学/民事证明责任分配的实质性原则.pdf
497,民事诉讼法适用中的证明责任,李浩,南京师范大学法学院,2018,1,77,95,内容提要在民事诉讼法的适用中，同样存在着证明责任问题。诉讼法要件事实也会出现真伪不明，对此法院也需要根据证明责任的规则作出裁定或决定。由于程序结构、证明对象、证明标准、法院是否依职权收集证据、民事诉讼法规制的内容等方面的差异，民事诉讼法中的证明责任呈现出一系列不同于民事实体法的特点。但理论界与实务界对民事诉讼法适用中证明责任的关注度远不如民事实体法。对这一问题的忽略不利于实现十九大报告重申的“公正司法”要求，也不利于健全办案过程遵循程序公正的司法制度。当事人起诉、上诉、申请再审、提出申请、提出异议，均可能对程序法要件承担证明责任。当事人对有利于自己的要件事实承担证明责任这一原则也同样适用于民事诉讼法中的要件事实。,公正司法;证明责任;要件事实;分配原则,D925.1,0,,法学三大刊论文/中国法学/民事诉讼法适用中的证明责任.pdf
498,民事诉讼的社会化,王福华,上海财经大学法学院,2018,1,28,52,内容提要党的十九大提出坚持以人民为中心的发展思想，社会化民事诉讼通过“以当事人为中心”及“以当事人为主体”的制度构建能够落实上述理念。社会化民事诉讼制度所强调的公共物品属性，要求民事诉讼向社会提供连续、平等的纠纷解决服务，满足人民在新时代对公平正义的新期待。社会化民事诉讼制度所强调的程序的公共性，则要求法官对诉讼过程进行积极干预，消除当事人间的诉讼势差，保障民事司法的社会共享。在国家与市场关系角度，通过社会化改革，民事诉讼制度可弥合市场经济对于当事人主义诉讼模式以及社会管理对于职权主义诉讼模式的差异性诉求，发挥民事司法在市场经济与社会管理、权利本位与社会本位之间的沟通媒介功能。制度构建中应以诉讼合作原则及实体真实观念为重心，合理安排法院与当事人的诉讼分工，调和个人自由与社会正义的关系，满足新时代人民日益增长的纠纷解决新需求。,诉讼社会化;诉讼模式;职权主义;当事人主义,D925.1,0,,法学三大刊论文/中国法学/民事诉讼的社会化.pdf
499,民事诉讼证据失权制度的衰落与重建,吴泽勇[1],华东师范大学法学院,2020,3,282,302,"证据失权的要旨在于确立一种独立于社会生活时间的诉讼时间,从而从时间维度化约事实调查的复杂性;证据失权的引入提升了民事诉讼程序的自治程度,有利于法律系统从社会系统中分出。但由于2001年的司法解释过于严苛,且对当事人举证权的保障不够充分,证据失权在我国的运行并不顺利。实证调查显示,作为失权模式之替代的罚款模式亦被搁置,原因是罚款机制不适合逾期举证的规制,在具体适用中无法形成激励相容的局面。为了推进以集中审理为中心的审判方式改革,促成我国民事诉讼程序的结构性变迁,应当重建证据失权制度。新时期的证据失权制度应遵循谦抑性原则,充分关注当事人程序保障,在""期间法定,适用裁量""的基础上进行建构。",举证时限;证据失权;罚款;集中审理,D92,0,,法学三大刊论文/中国法学/民事诉讼证据失权制度的衰落与重建.pdf
500,民事非法证据排除的规范解释与实务观察,周翠[1],浙江大学光华法学院,2020,3,223,243,"最高人民法院通过《民诉法司法解释》第106条和第104条对民事证据的合法性作出全新诠释,其分为证据收集合法和证据评价合法两个层面,前者并非后者的必要条件。依照《民诉法司法解释》第106条的规范意旨,仅当取证方式违反法律禁止性规定并严重侵害人格权或基本诉讼权利时,法官才得将证据资料排除在证据评价的范围之外。作为概括条款,该规范在""严重侵害""的判断上赋予法官权衡权限。为此,法官应当根据取证违反的不同位阶的法律规范的保护目的和所侵犯的权利的价值区别情况采取不同的审查基准和密度,并尤其应当考量如下因素:被侵权人是否同意、取证出于故意、非善意还是偶然所得、举证人是否存在证明困难、是否处于正当防卫或紧急状态、是否存在更缓和的取证手段、利用证据手段是否会给被侵害人造成持续或再次侵犯等。",非法证据排除;证据禁止;证据收集;证据评价,D92,0,,法学三大刊论文/中国法学/民事非法证据排除的规范解释与实务观察.pdf
501,民刑共治：中国式现代犯罪治理新模式,刘艳红[1],,2022,6,27,46,受民刑不分以刑为中心的传统法制影响，重刑轻民的刑治模式成为我国犯罪治理的主导模式。为回应中国式法治现代化新道路以及民法典时代提出的新要求，应构建民刑共治的中国式现代犯罪治理新模式。中国式法治现代化以追求良法善治为目标，而传统刑治模式体现的是以泛刑化和重刑化为特征的犯罪之制，这就需要通过民刑共治新模式实现向犯罪之治的现代化治理目标转型。以人民为中心是中国式法治现代化的根本价值，而传统刑治模式体现的是工具主义的物本逻辑，这就需要通过民刑共治新模式塑造犯罪治理的人本逻辑价值观。中国式法治现代化要求贯彻尊重和保障人权的国家理念，而传统刑治模式则体现较强的公权扩张色彩，这就需要以民刑共治新模式构建私权保护的现代化法治思维，最大化地实现人的自由和全面发展。,民刑共治;刑治;犯罪治理;中国式法治现代化,D924.3,,,法学三大刊论文/中国法学/民刑共治：中国式现代犯罪治理新模式.pdf
502,民刑关系问题重述：基于义务违反的视角,时延安[1],,2023,1,241,262,民刑关系问题的实质，就是对某一危害行为进行刑事违法性判断时，应否以及如何考虑这一行为在民法上判断的结论。违法一元论和违法多元论对这一问题存在不同认识。作为一种违法行为，犯罪是行为人对特定义务的违反，在解决民刑关系问题上应将民事义务违反作为针对个体性权益犯罪违法性判断的一个重要步骤。以义务违反为分析工具，应合理界定民刑关系问题的论域，进而明晰民事义务来源及其规范属性，并寻找可参酌的具体民事义务规范。民事义务违反的判断结论对相关犯罪违法性的证成具有前提性影响，不能将没有违反民事义务的行为作为针对个体性权益的犯罪进行处罚。民法和刑法具有不同的价值取向和法律调整目的，但并不影响两者在解释论层面的基本方向上保持一致。,民刑关系;民事义务违反;刑事违法性;刑法解释,D924.3,,,法学三大刊论文/中国法学/民刑关系问题重述：基于义务违反的视角.pdf
503,民法典人格利益合理使用一般条款研究,姜战军[1],,2023,3,82,102,《民法典》第999条的立法目的是为人格权保护与言论自由、国家机关行使职权等公共利益的维护划分边界，性质为人格利益合理使用的一般条款，其适用客体的范围包括姓名、名称、肖像、名誉、荣誉、信用、隐私和个人信息等精神性人格利益。第999条中“新闻报道”应解释为一般“行为人”对公序良俗许可范围内有一定数量的人关注信息的发布；“舆论监督”的范围应参考性质和场所双重标准，解释为对有公共性的社会事务和发生在公共场所的私人事务的监督；“等”字是兜底性规定，表示包括其他性质相同的为公共利益行为；对“公共利益”的范围应宽泛界定，具体涵盖从公共利益属性最强的“公序良俗利益”到最弱的“娱乐利益”的阶梯体系；对“合理使用”的判断应遵循特别规定优先原则、必要原则和比例原则。,《民法典》第999条;人格利益合理使用;一般条款;新闻报道;舆论监督,D923,,,法学三大刊论文/中国法学/民法典人格利益合理使用一般条款研究.pdf
504,民法典人格权编的亮点与创新,"王利明[1,2]","中国人民大学法学院,中国人民大学民商事法律科学研究中心",2020,4,5,25,"我国《民法典》单设人格权编,是民法典体系的重大创新。人格权编秉持以人格尊严为中心的价值理念,构建了完整的人格权规则与制度体系,充分展现了人格权保护的中国经验,也顺应了人格权保护的发展趋势。从人格权编的规定来看,其兼顾人格权的消极防御与积极利用功能,突出对生命权、身体权、健康权的优先保护。为适应互联网、大数据时代人格权保护的需要,人格权编规定了人格权请求权、禁令、更正权、删除权等人格权的特殊保护方式,注重预防和制止人格权侵权行为,强化了对隐私权和个人信息的保护。人格权编还有效平衡了人格权保护与其他价值的关系,积极发挥动态系统论在归责中的作用。",民法典人格权编;人格尊严;禁令制度,D92,0,,法学三大刊论文/中国法学/民法典人格权编的亮点与创新.pdf
505,民法典制定中的国家与国库问题研究,袁治杰,北京师范大学法学院,2017,3,122,141,"当前,在民法典制定过程中,如何安排国家的位置,变成一个现实的问题。作为重要的民事活动参与者,国家在参与民事活动中的法律地位并不明确。国家参与民事活动,涉及的主要是财产法律关系,因此,国有财产的权利主体属于国家土地所有权、国有企业等概念的前置性问题,值得深入研究。在德国法上,这个问题主要由国库理论来解答。在参与民事活动之时,国家以国库的面相出现：国家经由国库而受到私法的规制;但是,国家以国库的身份＂遁入私法＂并不使其获得自治权,其服务于公共利益的本质、国家受法律规制的必然性,不受到影响。国家与国库本质为一体,是一个统一的法人。只有确立了国家的法人地位,国家参与民事活动才有落脚之处,国家民事责任、司法管辖权以及国家经济活动的边界等问题才有解决的可能。因此,我国民法典应当对国家和国库的法律地位加以规定。",国家;国库;国库理论;民法典,D923,59,,法学三大刊论文/中国法学/民法典制定中的国家与国库问题研究.pdf
506,民法典意义的法理诠释,陈金钊,华东政法大学法律方法研究院,2021,1,65,84,"民事法律成典使法治社会建设迈入""民法典时代"",对民法典的探究也随之进入""解释时代"".""解释时代""的民法典,其生命依附于主体的理解和解释.对民法典意义的诠释,既要求整全的认识论建构,也需要恰当的本体论反思和方法论运用.与文学解释相比,法律解释强调文本的拘束力,解释者所释放的应是法律的意义.对民法典的解释应当接受文本规范的指引,坚守法律解释的独断性原则,通过法律方法实现民法典的意义自主.法理思维要求,对民法典意义的颂扬与批评应保持克制:离开民法典的意义颂扬可能会因脱离文本而无的放矢,而不带敬意的批评则会贬损民法典的权威性.",民法典;法理思维;法律解释;体系思维;法律自主,D923,0,,法学三大刊论文/中国法学/民法典意义的法理诠释.pdf
507,民法典整体贯彻绿色理念模式研究,徐国栋[1],,2023,2,48,70,各国民法典整体贯彻绿色理念的模式有三种：一是1993年版《苏联和各加盟共和国民事立法纲要》创立的大生态法模式，它以对象条款贯彻绿色理念，把民法典的相关内容看作广义生态法的一部分；二是2014年《阿根廷国家民商法典》所创的权利行使方式模式，其第14条把有害环境的权利行使看作是对包括环境权在内的集体关联权的侵害；三是我国《民法总则》所创之民法基本原则模式，它将节约资源、保护生态环境两项要求作为民事活动的基本原则。三者互可借鉴。我国模式具有把节约资源作为绿色原则的一翼、对义务履行也课加绿色负担、细节规定丰富且分布均衡等优点。可进一步借鉴大生态法模式来处理《民法典》《民事诉讼法》与未来的《环境法典》的关系；并在环境侵权案件中借鉴适用权利行使方式模式下的弥散利益概念以及对此等利益的集团诉讼等保障手段，以为我国找到落实绿色原则的更有效诉讼工具。,绿色原则;斯德哥尔摩宣言;大生态法模式;节约资源;弥散利益;集体关联权,D923,,,法学三大刊论文/中国法学/民法典整体贯彻绿色理念模式研究.pdf
508,民法典时代的法治政府建设转型,王青斌[1],,2022,6,47,69,民法典的出台标志着我国法典时代的到来，这为新时代法治政府建设提供了新的价值标尺和历史机遇。民法典蕴含的权利本位观念、新设的公私法规范，对法治政府建设提出了转型要求。为了回应这一转型要求，应当从观念、规则和模式上把握民法典时代法治政府建设的转型之道，实现新旧法治政府建设理论的跨越。具体而言，在观念上，应当对消极有限政府有所扬弃，并明确积极有为政府的行动边界，实现有限有为政府的双重建构；在规则上，应当克服依行政法行政的局限，给予民法典以积极回应，将民法典规范纳入至依法行政的法依据范畴内；在模式上，应当面向具体的行政任务，在非秩序行政领域赋予政府一定的公私法主体与行为模式的自主选择权。,民法典;法治政府建设;转型;依法行政,D922.1,,,法学三大刊论文/中国法学/民法典时代的法治政府建设转型.pdf
509,民法典的编纂与商事立法,赵旭东,中国政法大学民商经济法学院,2016,4,40,54,"民法与商法的固有联系决定了商事立法在民法典编纂中的特殊地位,为完善市场经济法律体系而编纂民法典的立法定位突显了商事立法的重大使命。民商合一既无必要也无可能,民商分立也并不可取,民商立法体例的理性选择应该是民法法典化与商法单行法并行的折中体例,此属真正本土化的中国创制。商法通则的制定不仅有充分的法理基础与现实根据,还将使商法的中国特色表现得更为鲜明、超越民商合一与民商分立模式的两难选择、并与我国民商立法以解决问题为导向的指导思想和现实格局高度契合。",民法典立法;商事立法;商法通则;民商合一;民商分立,D923.99,23,,法学三大刊论文/中国法学/民法典的编纂与商事立法.pdf
510,民法典编纂与雇佣（劳动）合同规则,谢增毅,中国社会科学院法学研究所,2016,4,92,110,"雇佣（劳动）合同规则在民法典中的体例大致经历了法国模式、德国模式以及瑞士和意大利模式三个阶段,雇佣关系逐步演化为劳动关系。从雇佣合同到劳动合同,体现了法律对雇佣关系调整的理念和内容的深刻变化,劳动法在民法之外获得巨大的独立发展。虽然民法典中的雇佣规则调整劳动关系的功能弱化,但雇佣合同规则尚有存在的基础和必要。雇佣合同规则既为无法纳入劳动法的一般雇佣关系提供规则,也架起劳动法和民法沟通的桥梁,为劳动关系适用民法规则提供制度的连结点。未来我国民法典应规定雇佣合同规则,应采德国模式在债法的合同法部分规定雇佣合同,规定雇佣合同最基本的规则。",民法典;雇佣合同;劳动合同,D923.6,34,,法学三大刊论文/中国法学/民法典编纂与雇佣（劳动）合同规则.pdf
511,民法典编纂中商事主体立法定位的路径选择,肖海军,湖南大学法学院,2016,4,55,72,"在营业行为普遍化和民事活动泛商化、民事主体转型为商事主体十分便捷的当代社会,如何应对商事主体已成为我国民法典编纂中不能回避的问题。商事主体立法的最优选择应是民法总则一般规定与商事主体单行法特别规定相结合的体例模式,即民法总则通过引入营业概念,确认营业自由原则,以一般性营业条款作领引、统摄,由商事主体特别法负责具体化、精细化。如此,则可形成既有法理内在逻辑、又具类型活泼多样的庞大商事主体立法体系。",民法典立法;商事主体;营业;民法总则;商事特别法,D913.99,52,,法学三大刊论文/中国法学/民法典编纂中商事主体立法定位的路径选择.pdf
512,民法典编纂中的立法语言规范化,朱涛,重庆邮电大学法学院,2017,1,230,248,从表达上的需要、使用的普遍性以及操作的可行性三方面考察，判断民事立法语言优劣的基本标准和目标是“准确与否”。我国现有民事立法在落后的立法技术、经验主义立法思维、不断更替的法律理论以及不同的草案起草者和审定者之共同作用下，存在大量“语言失范”：既有标点符号、用词和语法错误及篇章结构矛盾的纯粹语言问题，也有隐藏在概念不清晰、语言表达含混和逻辑不周延背后的法律问题，还有法与法不统一的体系问题。既降低了民事立法的质量，也对司法造成了不良影响。因此，编纂民法典之时，应当遵循“宜细不宜粗”的立法方针，优选专业化的立法品格，将法律理论研究与立法语言审校并重，准确选择和使用语言，以追求民法典语言表达的完善。,民法典;立法语言;规范化,D90-055,66,,法学三大刊论文/中国法学/民法典编纂中的立法语言规范化.pdf
513,民法典编纂视野下的个人信息保护,程啸[1],清华大学法学院,2019,4,26,43,"个人信息的民法保护具有重要的作用与意义,对个人信息应采取公法与私法并重的综合性保护方法。我国民法典规定个人信息保护,不仅奠定了个人信息保护的正当性基础,也为个人信息保护立法提供了基本法律依据。自然人对个人信息并不享有绝对权和支配权,而只享有应受法律保护的利益。该利益是指自然人享有的防止因个人信息被非法收集、泄露、买卖或利用进而导致人身财产权益遭受侵害或人格尊严、个人自由受到损害的利益。只有行为人违反保护性法律侵害个人信息时,才产生侵害个人信息的侵权责任。民法典人格权编草案应区分隐私权与个人信息,并进一步完善侵害个人信息的民事责任规定,如归责原则、因果关系、损害的认定、减免责事由、责任承担方式等。",民法典编纂;个人信息保护;人格权编;隐私权,D923,0,,法学三大刊论文/中国法学/民法典编纂视野下的个人信息保护.pdf
514,民法典背景下合伙企业财产制度构造,赵玉[1],国家检察官学院,2020,6,103,121,"《民法典》确立了包括合伙企业在内的非法人组织的独立民事主体地位,《民法典》合同编增设""合伙合同""强化了契约型与组织型合伙财产性质的差异,但由于《合伙企业法》规定普通合伙人承担无限连带责任,有必要对合伙企业财产制度重新解释。普通合伙人对合伙企业承担的债务,既非有限责任,也非连带责任,而是无限责任。无限责任应该定性为法定担保责任。合伙企业对外承担责任的担保财产,第一序位是合伙企业的全部财产,第二序位是全体普通合伙人的财产总和,两者通过外观表见彼此区隔,为交易第三人和司法裁判机关识别。不同于契约型合伙财产共有,合伙企业财产性质,即非合伙人共有,也非相对独立,而是独立所有。现代合伙企业组织的独特价值,就在于强制性规范确立的独立财产制度与契约自由建立的治理机制之间完美结合。",合伙企业;连带责任;无限责任;财产区隔;民事合伙;商事合伙,D92,0,,法学三大刊论文/中国法学/民法典背景下合伙企业财产制度构造.pdf
515,民法分则侵权责任编立法研究,张新宝,中国人民大学法学院,2017,3,49,70,"民法分则侵权责任编的制定,应当在《侵权责任法》的基础上,对于《民法总则》规定的新原则与新的一般性规则予以细化,对于原先不合理的一些规定予以修改,对于实践中的新问题予以规定。应当结合侵权责任方式规定不同的归责事由。修改共同危险行为与无意思联络的分别侵权行为的责任承担规则。构建更为系统的损害赔偿体系,尤其是完善精神损害赔偿与惩罚性赔偿的规定。增加规定受害人同意与自愿承担风险、自助行为以及法律授权行为作为抗辩事由。完善各项具体侵权责任制度,构建更为公平合理的侵权责任制度体系。",民法典编纂;侵权责任编;归责事由;数人侵权责任;损害赔偿体系,D923,37,,法学三大刊论文/中国法学/民法分则侵权责任编立法研究.pdf
516,民法分则合同编立法研究,"王利明[1,2]",中国人民大学法学院 中国人民大学民商事法律科学研究中心,2017,2,25,47,"在民法总则制定后,立法已展开民法分则的编纂工作。合同编的编纂应当协调好与民法总则的相互关系,在我国立法机关决定不再制定独立的债法总则的背景下,合同编应当发挥债法总则的功能。为适应现代社会和经济交易的发展需要,合同编应充分发挥合同法组织经济的功能。在充分吸收司法解释和审判经验的基础上,应当及时清理滞后规则,补充法律漏洞,完善合同订立、履行制度、解除、违约责任和合同解释等制度,明确规定情事变更原则,协调不安抗辩权与预期违约之间的关系,为制定一部科学的民法典奠定基础。",民法典编纂;合同编;债法总则;违约责任;合同解释,D923,63,,法学三大刊论文/中国法学/民法分则合同编立法研究.pdf
517,民法分则婚姻家庭编立法研究,夏吟兰,中国政法大学,2017,3,71,86,"在民法典中,婚姻家庭法律制度最具伦理属性、民族特性和人文主义精神,与国家发展、社会进步密切相关。从＂单行法＂到＂法典法＂,婚姻家庭编应当坚持社会主义婚姻家庭制度的价值取向与基本原则,保持其相对独立的身份法特点。制定婚姻家庭编既是编纂民法典的需要,也是回应社会发展所面临的新问题以及完善婚姻家庭法律制度的需要。婚姻家庭编立法应当考虑我国的立法传统、基本原则在婚姻家庭编中的作用以及当代国际婚姻家庭立法的发展趋势,重构婚姻家庭编的基本原则;应当考虑非婚同居关系在社会中逐渐被公众接受并成为一种生活模式的现实,对非婚同居关系作出原则性规定,以保护当事人特别是未成年子女的合法权利;应当认真对待我国离婚率不断上升、轻率离婚屡见不鲜、离婚救济制度适用受限的问题,在保障离婚自由的同时,为防止轻率离婚,实现法律的公平正义作出理性的制度安排。",宏观定位;基本原则;非婚同居;离婚自由;离婚救济,D923.9,38,,法学三大刊论文/中国法学/民法分则婚姻家庭编立法研究.pdf
518,民法分则物权编立法研究,"崔建远[1,2]",暨南大学法学院 暨南大学知识产权学院,2017,2,48,66,"编纂中国民法典,仍应设置物权编,而非财产法编。在物权种类上,应当缓和物权法定主义,保持物权种类的多样性和开放性,增设居住权、典权和农地经营权,区分地表、地上和地下三种不同的建设用地使用权,承认法定地役权制度。在物权效力上,应当明确物权的追及效力,取消抵押物转让需要取得抵押权人同意的规定,协调海域使用权与其他权利之间的关系,妥善设计房地权属的基本内容及其例外规则。在物权变动上,明确基于法律行为的不动产物权变动都以登记为生效要件,指示交付无须以＂依法占有＂为前提,基于法律行为的特殊动产的物权变动以交付为生效要件、登记为对抗要件,增加添附、先占等作为物权变动的原因。在物权客体上,创设共用物制度,慎重对待＂动产用益物权＂,明确矿藏、水流等特殊客体的法律地位。",物权编立法;物权法定主义;物权变动;物权客体,D923.2,56,,法学三大刊论文/中国法学/民法分则物权编立法研究.pdf
519,民法分则继承编立法研究,"杨立新[1,2]",中国人民大学法学院 中国人民大学民商事法律科学研究中心,2017,2,67,87,"1985年制定的《继承法》,由于受到计划经济和普遍贫穷的历史局限,存在较多缺陷,不能适应当今我国市场经济下遗产流转的需要。在编纂民法典、将《继承法》修订为民法分则继承编时,应当抓住机遇,对我国现行继承制度进行全面改革。继承编入典应当坚持的指导思想：一是继承制度与社会经济发展状况相一致原则,二是继承制度繁简与社会实际需要相一致原则,三是继承制度与遗产流转规律相一致原则,四是继承法改革与婚姻家庭制度等民法制度改革相一致原则,五是肃清＂左＂的思想与坚持民族习惯相一致原则。基于这些指导思想,继承编的制定应该妥当设计篇章结构、具体安排规范内容,对继承的一般规则、法定继承、遗嘱继承和遗赠、遗赠扶养协议和继承协议、遗产的分割等制度全面作出具体规定,为自然人对其身后遗产的支配自由提供更好的法律保障。",民法典;继承编立法;指导思想;具体意见,D923.5,26,,法学三大刊论文/中国法学/民法分则继承编立法研究.pdf
520,民法基本原则与商法漏洞填补,于莹[1],吉林大学法学院,2019,4,285,302,"对始终处于变化之中的商业世界来说,商法永远落后于商事实践,商法漏洞是常态和通例。潘德克顿民法体系虽然使制定法拥有了前所未有的建构唯理主义的践行力,但是成文法对立法和司法逻辑缜密性的追求,使得适用民法基本原则填补商法漏洞虽然能够满足逻辑上的自洽,却无法应对商事法律关系的多元性和复杂性,会损害商业创新和商法的价值追求。商事纠纷的正当裁判和权威裁判客观上要求商法法源的正当性,商法通则作为统领各个商事单行法的基础性法律,以基本原则为基础建立商法规范体系,可以指导和协调各商事单行法,消弭法律冲突,弥补商法漏洞。",民法原则;商法漏洞;商法通则,D923,0,,法学三大刊论文/中国法学/民法基本原则与商法漏洞填补.pdf
521,民法总则设置商法规范的限度及其理论解释,李建伟,中国政法大学民商经济法学院,2016,4,73,91,"如何建构民商法二元结构的统一私法体系,主要存在＂民法典＋单行商事法＂与＂民法典＋商法通则＋单行商事法＂两种范式主张。其中前者力主＂在民商合一体例下制定民法典总则＂,这一立法设想可行与否,涉及到民法总则设置商法规范的限度及其模式等问题。无论从构建统一私法体系的形式理性立场,抑或从商事立法体系化的现实主义立场,＂民法典＋单行商事法＂范式都难称最优,＂在民商合一体例下制定民法典总则＂的范式应受质疑,民法总则制定应该果决放弃民商合一的理想化追求,剥离难以承载的提供商法规范之重任,循＂民法典＋商法通则＋单行商事法＂范式构建统一私法体系,藉由实现商事立法的体系化,是符合中国民商事立法现实的理性立法选择。",民法总则;商法独立性;商事立法体系化;提取公因式;立法抽象,D923,40,,法学三大刊论文/中国法学/民法总则设置商法规范的限度及其理论解释.pdf
522,民法法典化运动中的知识产权法,"吴汉东[1,2]",中南财经政法大学 教育部人文社科重点研究基地知识产权研究中心,2016,4,24,39,"知识产权法法典化是现代民法法典化运动的重要组成部分。前者的基本任务,一是实现知识产权法与民法典的连接,二是在民法典之外再设专门法典,概称为＂入典＂和＂成典＂问题。近代大陆法系国家是以＂物权—债权＂的物质化财产权结构作为民法典编纂的＂范式＂;进入20世纪以来,经历了体系化、现代化改造的知识产权法＂入典＂,成为＂范式＂民法典的历史坐标。与此同时,知识产权立法从单行法到法典法,已成为法律现代化的一个重要趋向,并表现为先民法典后知识产权法典（或工业产权法典）的法现象特征。中国知识产权法的法典化道路,宜采取＂两步走＂的方略：第一步,在民法典中实现对知识产权法的＂点、面＂链接,满足知识产权作为私权的理性回归;第二步,制定专门法典,实行知识产权法一体化、体系化的理性安排。",知识产权法;民法典“知识产权编”;知识产权法典,D923.4,28,,法学三大刊论文/中国法学/民法法典化运动中的知识产权法.pdf
523,民间借贷诉讼中的证明责任问题,吴泽勇,华东师范大学法学院,2017,5,258,278,我国民间借贷司法实践中经常出现事实认定的困境。这类困境并未伴随最高人民法院民间借贷司法解释的实施而化解；相反，由于该解释第16条、第17条在术语使用、条文逻辑上的明显缺陷，实务中已经出现新的混乱。解决问题的出路不是制定更多司法解释，而是在坚持规范说确立的证明责任分配方法的基础上，引入主张责任、主张的具体化、证明的必要性、提出证据责任的转移、本证和反证的区分等理论，对事实调查的流程做更精细的划分，对当事人在各阶段的任务做更具体的分配。,民间借贷 证明责任 主张的具体化,D925.2,0,,法学三大刊论文/中国法学/民间借贷诉讼中的证明责任问题.pdf
524,气候共同体责任分担的法理,徐祥民[1],,2023,5,171,190,气候变化问题是人类面临的由不断加强的人类活动影响力与有限的环境承载力之间矛盾引发的气候异变后果。气候共同体是阻止气候异变后果、争取气候稳定利益的共同体。对共同但有区别的责任原则的历史排放量解释和优先需要解释没有为共同体成员国家共同争取同一利益的行动作出合理说明。气候共同体建设的基本法理应当是“各尽所能、能者多劳”。气候共同体成员间分配应对气候变化责任的依据应当是成员国家“各自的能力”，即包含已然发展成果和未来发展条件两个方面的发展状况。判断发展状况的法理依据是以自然人平等为基础的发展权。我国应当按照自身发展状况为应对气候变化多作贡献，同时动员其他国家承担与其发展状况相一致的责任。,人类命运共同体;共同但有区别的责任;发展权;自然人平等,D996.9,,,法学三大刊论文/中国法学/气候共同体责任分担的法理.pdf
525,法人功能性分类与结构性分类的兼容解释,张力[1],西南政法大学民商法学院,2019,2,148,166,"民法典中的法人分类,是以营利与非营利法人之分为主要表现形式的功能性分类,与以社团与财团法人之分为主要表现形式的结构性分类相互兼容而成的复合体系。《德国民法典》所代表的法人分类方案实现了最低限度的基于法人结构性分类的对功能性分类的兼容,但难以适应社会政策对法人制度在兼顾管制与自治价值方面的更高要求。在社会主义国家,社会组织分化进程的国家主导性决定形成了功能性分类主导下兼容结构性分类的法人复合分类体系。我国《民法总则》建立了覆盖民商法全域组织类型的“功能一结构”匹配性渐变序列,为在传统法人结构性分类中无处安放的公法组织在功能性目录下寻获位置;但它同时令民法中的公法人在特别法人以外的营利与非营利法人中均会隐匿存在,提升了公、私法人制度边界弹性与规制难度。",民法典;法人分类;功能性分类;结构性分类,D913,0,,法学三大刊论文/中国法学/法人功能性分类与结构性分类的兼容解释.pdf
526,法典化时代的刑法典修订,周光权[1],清华大学法学院,2021,5,39,66,"我国现行刑法属于实质意义上的法典.但是,其系法典化立法处于探索、起步阶段的产物,在新时代有必要按照法典化的更高要求打造刑法典的""升级版"".基于法典编纂的理念全面修订刑法典的任务包括整合反恐法、反间谍法、监察法等其他法律的处罚内容;与民法典等其他部门法有机衔接;吸纳现存的单行刑法、刑法修正案、立法解释以及司法解释的合理内容;创造性地设置重要的总则性制度规定;提升犯罪构成要件设计的明确性,以谦抑的法益保护为前提增设轻罪;推动刑罚结构科学化,增加刑罚相关制度的规定等.在法典化时代,全面修订刑法典需要大幅度提升法律的现实性、整合性和系统性.全面修订刑法典并不排斥在特殊情形下颁布单行刑法,但不宜再制定附属刑法.目前有必要尽快组织力量深入研究、充分论证,按照法典编纂的理念和要求,在现行刑法的基础上制定出一部更加契合时代要求、内在结构更为合理、能够管长远的刑法典,为实现国家治理能力和治理体系现代化提供更为充分的法律制度支撑.",刑法典;法典编纂;法益保护;增设新罪;全面修订刑法典,D924.1,0,,法学三大刊论文/中国法学/法典化时代的刑法典修订.pdf
527,法典化的历史叙事,高仰光[1],中国人民大学法学院,2021,5,67,85,"回溯近百年的学术讨论,人们对于法典化及其历史进程的理解呈现出三个不同的面向.第一个面向在最狭窄的意义上界定法典化运动,将其视为近代以来欧陆国家以罗马法传统为基础,以私法为内核,推动一套独特的法学方法论向纵深方向发展的过程.第二个面向上的法典化运动与""法""的现代性话语紧密相联,认为法典化本质上是民族国家通过承认""法""的主体性地位携手实现理性化转型的一种重要方式.第三个面向的观察试图将""非西方的""以及""前现代的""规范性文本的编纂活动纳入考量范围,认为法典化实际上是在人类文明传承中一直发挥着重要作用的""书写传统""的集中表现.这三个历史叙事相互交叠,构成了一幅复杂的图景.法律史学在这一过程中发挥了重要的知识整合的功能.鉴于中国当下已进入法典编纂的实践阶段,厘清法典化的各个历史叙事的层次,有利于当代中国法治事业的健康发展.",法典化;历史叙事;比较法;现代性;书写传统,D923,0,,法学三大刊论文/中国法学/法典化的历史叙事.pdf
528,法域冲突的排除：立场、规则与适用,于改之,华东政法大学法律学院,2018,4,84,104,"关于刑法和民法之间法域冲突的排除问题,虽然＂相对独立性说＂为不少学者所主张,但从理论、立法与司法来看,＂相对从属性说＂更具合理性,但需要进一步提出刑法＂何时绝对从属、何时相对从属＂于民法的具体标准与判断规则。＂保护法益说＂不能担当起判断标准的角色,应当着眼于＂目的—手段＂关系的协调,从＂规范保护目的＂的视角进行具体分析。在刑法与民法规范保护目的一致的场合,刑法绝对从属于民法;在两者保护目的相异的场合,刑法相对从属于民法;刑法上的相关概念是否应与民法保持一致,也应基于规范保护目的的相同与否进行具体判断。根据上述具体规则,相对从属性说可以在立法论与解释论中发挥重要作用。",法域冲突;法秩序的统一性;民事法志向模式;规范保护目的;相对从属性,D920.0,0,,法学三大刊论文/中国法学/法域冲突的排除：立场、规则与适用.pdf
529,法域协调视角下规范保护目的理论之重构,于改之[1],华东政法大学刑事法学院,2021,2,207,227,"所谓规范保护目的,是指立法者制定法规范时所欲实现的目的,其与法秩序目的、法益、规范违反等属于不同层面的范畴.规范保护目的理论可以成为法律解释及法域协调的理论模型.规范保护目的的确定,原则上应采取具体目的优于抽象目的、主观目的优于客观目的的原则,例外情形下才可以承认抽象目的、客观目的的优先性.法域协调关系可以借助于上位法规范目的这一中介加以实现.若具体法规范的保护目的整体一致,则刑法原则上从属于民法、行政法;但在具体法规范对法律主体的保护或惩戒方向相反、前置法规范存在漏洞或者社会客观情势变更导致不利于实现共同的上位法规范目的时,则刑法独立于民法、行政法.",规范保护目的;法域协调;刑法的相对从属性,D920.0,0,,法学三大刊论文/中国法学/法域协调视角下规范保护目的理论之重构.pdf
530,法官如何说理：中国经验与普遍原理,凌斌[1],北京大学法学院,2015,5,99,117,中国司法的裁判文书一直因缺乏说理而饱受批评。究其原因，并不能简单归咎于法官的腐败、无能或缺乏督促机制。影响裁判说理的因素，既有隐藏弱点、注重判断、直接沟通等普遍原因，也有其特殊原因，即特定的“法民关系”。在当代中国的“积极法民关系”下，法官的主要说理对象是当事人以及一般公众，而非专业的法律共同体成员。法民关系对裁判说理的制约影响，在德国和美国也同样适用，是一个普遍原理。因此，司法改革无论是模仿德国还是美国，只要不改变中国特殊的法民关系，就不可能从根本上改变司法裁判文书的说理特征。法学界和实务界要把握“四五司法改革”的历史机遇，应当从实际出发，结合法民关系的现实特点，完善中国法官的裁判说理。,裁判文书;裁判说理;指导性案例,D61,50,,法学三大刊论文/中国法学/法官如何说理：中国经验与普遍原理.pdf
531,法定物权的自由展开：经济分析与法律教义,"熊丙万[1,2]",,2023,6,222,242,当事人之间创设的财产权能否对外充分公示并因此取得对抗第三人等法律效力，是物权和债权的功能性区分标准。对于不动产和可登记的动产而言，在当前基本实现集中登记的背景下，物权自由模式并不会引发高昂的新物权样态创设成本、公示系统成本和权属识别成本，也不会因更复杂的样态阻碍财产价值的后续发现。相反，自由模式不仅更有助于促进财产权的高效分割和利用，而且还更有助于充分利用以巨额投资搭建的登记公示系统。因自由创设而生的背俗物权样态，可根据当代民法应对这类问题的一般经验，通过一套事前与事后审查相结合的个案排除机制来处理。在《民法典》规定的物权样态之外，新的物权样态已经在地方实施层面自由展开。有必要在法定的物权样态之上认真评估并系统构建新样态的展开机制和法律教义，以解决消极限制型地役权、约定优先购买权、排他性购买权和附条件回赎权等新样态的实践刚需。,物权法定;物权自由;经济分析;集中登记;个案排除机制,D923.2,,,法学三大刊论文/中国法学/法定物权的自由展开：经济分析与法律教义.pdf
532,法律人思维与法律观点,陈景辉[1],,2024,2,184,203,一般认为，作为他人行动之合法与违法的最终判断者，法律人必须持有某种独特的法律人思维。然而，由于法律人思维必然以法律推理为核心，且推理必然是普遍性的，所以法律人思维不可能是特殊的，但这并不意味着法律人同样缺乏特殊性。法律人必须将自己的判断建立在法律的基础上，并且其中的法律仅指实在法，因此法律人必须得表达法律（实在法）关于该事物的看法，而不是他们自己关于该事物的看法，这就是所谓的法律观点。既然法律人所表达的是法律对某事物的看法，这就要求法律必须人格化，而法律人格化的依据，一方面在于法律有能力主张自己是正当的，另一方面在于必须同意名词化的法治。,法律人思维;实在法;法律观点;法律陈述;法律人格化,D90,,,法学三大刊论文/中国法学/法律人思维与法律观点.pdf
533,法律价值的系统论格局,陈征楠[1],,2022,2,223,242,"法律价值是法律思想史中最富有争议的难题之一,其核心难点表现为,在法律实践中,对于各种类型法律价值的偏好和取舍,通常仅被视为不同民族和时代的选择问题.该难点的内在根源在于,在传统法学理论的研究中,法律价值之间的权衡与博弈,往往受制于何谓实践理性这一实践哲学的传统认识论问题.何以在法律价值研究中超越传统实践哲学的认识论背景,为多种类型法律价值的定性、整合提供某种具有功能主义优势的技术化论据,是克服此难点的关键.以高度的功能主义色彩为特征,系统理论的观察视角能够将法律系统的运作区分为具有技术差异性的逻辑单元.据此,可从底线、独特与衍生三个角度析出秩序、公正与效益三种法律价值,分别对应于法律系统的形式性、职能性和环境性价值,最终实现法律价值研究中由认识论向系统论的功能主义还原.",法律价值;系统论;认识论;实践理性;功能主义,D90,,,法学三大刊论文/中国法学/法律价值的系统论格局.pdf
534,法律位阶判断标准的反思与运用,王锴[1],,2022,2,5,25,"法律位阶理论提供了判断法律形式之间位阶关系的两大标准,即条件关系和废止关系.其中,条件关系是积极标准,废止关系是消极标准,一个法律形式只有在授权另一个法律形式产生的基础上并能够单向否定被授权产生的法律形式的效力时,两者之间才能形成上下位阶关系.如果缺乏条件关系或者构成双向废止关系,则为相同位阶关系.我国传统的法律位阶的判断标准,无论是制定机关的地位高低还是立法生效范围的大小,都存在一些问题,因此有必要反思.同时,我国某些立法之间的位阶关系还不明确,也需要运用法律位阶理论提供的判断标准予以厘清.法律位阶对于维护国家法制统一和开展立法审查具有重要的实践意义.",法律位阶;条件关系;废止关系;框架秩序,D920.0,,,法学三大刊论文/中国法学/法律位阶判断标准的反思与运用.pdf
535,法律实证研究的兴起与分化,陈柏峰,中南财经政法大学法学院,2018,3,132,149,"改革开放后,最早的法律实证研究受到共产党的调研传统影响,以描述法律实践状况、提供立法和政策参考为依归。后来的研究受法制现代化思潮影响,以农民的法律意识、权利意识为研究内容,有较强的价值预设,因问题意识外在于实践而未形成学术传统。苏力的研究着眼微观场景反思法制现代化范式,诉诸事理阐释法理,从理论关切回应现实,在学界掀起了一股浪潮,但因实践取向不彻底而未形成可传承的学术传统。目前,法律实证研究在回应法治实践需求中繁荣发展,问题意识更加广泛,研究视野更加开阔,方法运用更加丰富。同时,也出现了分化,在不同学科中分布不平衡,呈现出＂法律实证研究＂与＂法律经验研究＂的分野。在繁荣与分化的背后,法律实证研究面临总体性挑战,缺乏宏大集中的问题意识和理论关怀。因此,需要开拓多学科的理论视野,强化面向中国的问题意识和理论意识,开展多层次学术共同体的建设。",法律实证研究;问题意识;法治实践;学术传统,D90,0,,法学三大刊论文/中国法学/法律实证研究的兴起与分化.pdf
536,法律思维中的“软计算”和贝叶斯语言方法,刘东亮[1],西安交通大学法学院,2024,6,108,126,“法律人如何思考”是学界一向关注但一直没有阐释清楚的问题。从认知科学角度而言，人类的思维是一种心智计算。由于人脑的语言并非数学语言而是统计性质的语言，并且主要是自然语言，因此心智计算是不追求精确解、富有灵活性的“软计算”，尤其是在信息不完备的条件下，软计算体现为贝叶斯方法和语言方法的综合运用。贝叶斯方法的本质是“用新证据修正概率”，而概率可通过语言概率（模糊语言值）来表示，心智计算模型因而可以概括为：软计算=贝叶斯法则+语言概率。简言之，人类的思维遵循贝叶斯法则，在认识事物时基于自身经验通常会有一个主观的先验概率之判断（初始置信度），然后根据新证据提供的信息不断修正调整先验概率而得到客观化的后验概率（经改进的更全面的置信度），并在后验概率判断的基础上，作出最终决策。这种心智计算模型，与法律人的思维过程特别是法官的判案过程高度契合。,软计算;词语计算;贝叶斯法则;语言概率;法律思维,TP18,,,法学三大刊论文/中国法学/法律思维中的“软计算”和贝叶斯语言方法.pdf
537,法律方法的体系构造,黄泽敏[1],,2024,3,204,223,法律方法的理论和实践需要回应一个自身的体系构造问题。通过对经典体系的完备性审查发现，经典体系在合乎理性之方式和结论的正确性议题上存在体系困境，以致其既无法满足体系的可靠性要求又无法满足体系的完全性要求。面对困境，摆脱它们的有效方式是重构法律适用的逻辑模式和体系性引入类案比照方法。法律适用的逻辑模式在区分逻辑和理性的形式与非形式的基础之上，被重构为以递归四段论为中心的非形式逻辑模式，从而取代单一的演绎三段论模式，并为此确立了一条体系原则P，以防止形式理性和非理性因素的不当介入。类案比照方法被定位为控制法律解释和法律续造的一种相对独立且必要之方法，以维系结论的弱预测，并且在区分有规则案例和无规则案例的基础之上为其体系性引入确立了一条体系规则R1，以展示法律解释方法、法律续造方法和类案比照方法之间的体系位阶关联，进而与非形式逻辑模式相结合，形成了一个完备的法律方法体系。,法律方法;经典体系;逻辑模式;类案比照;法律适用,D90,,,法学三大刊论文/中国法学/法律方法的体系构造.pdf
538,法律权力的含义和属性,"吴玉章[1,2]",常州大学史良法学院,2020,6,282,298,"人们对于权力现象的认识由来已久。近代以来,无论韦伯强调强制的权力观,帕森斯突出共识的权力观,还是福柯对前人权力观念的批判,都影响到法理学对于法律权力的认识。法律权力是法理学的基本概念。分析实证法学家,特别是哈特有独特的认识,并提出了法律权力即义务缺席的论断。不过哈特的认识也有缺陷,因为它可能引导人们得出法律权力不受限制的结论。为此,有必要将法律权力放在更为广阔的法律世界中加以观察。我们发现法律权力受到法律规范的限制,受到法律监督的制约,并与其他法律基本概念处于相互联系和制约的关系之中。总之,有限性才是法律权力的重要属性。",法律权力;法律规范;法律监督;法律权力有限性,D92,0,,法学三大刊论文/中国法学/法律权力的含义和属性.pdf
539,法律的“交叉”研究和应用的原理,郑永流,中国政法大学中欧法学院,2018,4,124,139,"什么是法律取决于什么是正当性标准,而正当性标准又具有多维性;作为当代法律中最主要形式的制定法,其形成和运行是多种因素导致的。因而,法律是复数的,制定法是动态变化着的,这两个判断构成了教义学和非教义学共同对法律进行研究和应用的根据。如果将这两种法律研究和应用的知识统称为法学,那么,法学本身就具有内在的交叉性,教义学和非教义学的知识并存,同时两者之间及其各自内部充满论辩性,在浩瀚学林中独树一帜。",教义学;非教义学;交叉研究和应用,D996,0,,法学三大刊论文/中国法学/法律的“交叉”研究和应用的原理.pdf
540,法律监督机关的宪法内涵,朱全宝[1],宁波大学法学院,2022,1,137,157,"现行宪法关于""法律监督机关""(第134条)与""检察权""(第136条)之规定呈现出机关定位与权力定性的非对应性,此迥异于""一府一委两院""之其他国家机关,凸显了检察院的独特宪法地位,其蕴含的是法律监督机关的多重宪制功能.法律监督机关之宪法定位规约了检察权行使方式和检察制度的变革路径,检察权行使方式和检察制度的变革丰富了法律监督的内涵进而强化了法律监督机关的宪法定位.检察机关正是在这一良性互动中走上独具中国特色的实行法律监督之路.新时代法律监督机关应在其宪制功能与规范内涵指引下,全面维护国家法制统一,提升对行政权监督的质效,在法律监督新格局中切实捍卫社会的公平正义,进而推动中国特色社会主义检察制度行稳致远.",法律监督机关;检察机关;检察权;宪法定位;法制统一,D926.3;D921,0,,法学三大刊论文/中国法学/法律监督机关的宪法内涵.pdf
541,法律行为解消清算规则之体系统合,汤文平,暨南大学法学院,2016,5,132,155,"法律行为被撤销或被认定无效后的返还清算问题是一个极大的难题,现行法及《民法总则（草案）》均以简易条文“大事化了”,相关问题链条在简易条文里未获解决,在已有学说及判例中也难窥全豹。而当前民法总则立法既是为未来民法典再立一编,也是民法典编纂竣工的前奏。应就返还清算这一立法主题理清问题链条,进一步广泛汲取比较法经验,打通总分则,将撤销、无效、解除等等解消情形冶于一炉,综览不当得利返还、解除后返还、所有人——占有人返还乃至损害赔偿规则,力争在民法“三重”体系中以统合的清算规则一揽子解决问题。在此过程中,从解释论到立法论的演绎与突破将获全面展示,并将充分彰显我国民法典编纂的后发优势。",法律行为无效;返还清算;不当得利,D913,76,,法学三大刊论文/中国法学/法律行为解消清算规则之体系统合.pdf
542,法律规范之间抵触标准研究,胡建淼,国家行政学院,2016,3,5,24,"法与法之间的＂抵触＂是法律冲突的一种表现。然而,法律规范之间的抵触标准至今还未有定论。《立法法》将纵向法律冲突称作＂抵触＂,把横向法律冲突称作＂不一致＂,难道纵向法规之间就不会发生＂不一致＂、横向法规之间就不会发生＂抵触＂？但如果承认＂抵触＂就是严重的＂不一致＂,那么《立法法》的＂抵触＂立论又会倾刻倒塌。这一矛盾一直困扰着我们。本文围绕法律规范之间的抵触标准,从立法、司法和学理等方面系统梳理了＂抵触＂的各种涵义,探讨了＂抵触＂与＂不一致＂、＂抵触＂与＂法律冲突＂之间的逻辑关系,最终以＂纵横说＂、＂效力说＂和＂程度说＂为基础,通过对《立法法》中＂不一致＂的广义理解,首次提出＂抵触是纵向法规之间的不一致,并且是导致无效的不一致＂观点,试图化解目前立法、司法与学理之间的不协调。",法律规范冲突;法律规范抵触;法律规范不一致,D90,19,,法学三大刊论文/中国法学/法律规范之间抵触标准研究.pdf
543,法律规范事中合宪性审查的制度建构,朱学磊[1],,2022,5,223,242,在我国全覆盖的合宪性审查模式中，事中审查是在法律规范的起草和审议阶段落实宪法规定的主要途径。我国以往的事中审查实践呈现碎片化状态，有必要从对象、主体、标准和程序四个方面对其进行制度化建构。基于比较法的考察，并结合我国宪法和相关法律规定，可以发现我国事中审查的对象种类较多，除法律之外还包括多种类型的法规、自治条例、单行条例和部分规范性文件。作为应对，可以对参与起草和审议工作的各类机构和主体进行类型化界分，为充分发挥其审查能力创造必要条件。法律规范草案的合宪性需要从功能性和规范性两个维度进行审查，确保其在实现调整目标的同时不会超出宪法边界。在审查过程中，可以根据不同类型审查主体的比较优势分配审查任务，明确违反宪法的处理方法。为确保事中审查的制度建构有章可循，有必要为其提供更加健全的规范保障。,法律规范;规范制定权;事中审查;合宪性审查,D921,,,法学三大刊论文/中国法学/法律规范事中合宪性审查的制度建构.pdf
544,法律规范体系化背景下的行政诉讼制度的完善,江必新[1],,2022,3,24,38,2014年《行政诉讼法》的颁布与实施是中国法治建设中一座新的里程碑，对实践中存在的“立案难、审理难、执行难”问题作出了有力回应。但另一方面，此次修法也留下不少遗憾，行政审判体制改革、行政诉讼类型化、公益诉讼等问题尚未得到解决。为了满足实践需求，行政诉讼法应当在建立多元化的纠纷化解机制、实现行政诉讼类型化、推进行政审判体制改革、细化公益诉讼制度、行政协议制度等方面作出改进。行政诉讼法需要完成体系化的建构，以更具包容性、开放性的姿态迎接未来。,行政诉讼;行政审判体制;行政公益诉讼;体系化;权利救济,D925.3,,,法学三大刊论文/中国法学/法律规范体系化背景下的行政诉讼制度的完善.pdf
545,法律解释方法在指导性案例中的运用及其完善,孙光宁,山东大学（威海）法学院,2018,1,96,117,内容提要案例指导制度被赋予了统一法律适用的目标，但是，指导性案例在司法实践中被援引的比例偏低。对法律解释方法在指导性案例中的运用进行分析和展示，有助于解决这一问题。具体来说，虽然具有优先地位的文义解释方法得到了普遍运用，但是，该方法并不合适于分析带有疑难色彩的指导性案例。目的解释方法在指导性案例中有着多种表现形式，能够对涉案的特定法律规范或者概念进行扩张或者限缩。体系解释方法通过对比相关法条，可以厘清规范含义，更多的是可以发现法律漏洞。历史解释方法是以重新发布公报案例的方式出现，能够产生巩固最高人民法院意图的效果。各种解释方法在指导性案例中的运用，能够形成个案层面上和相关个案之间的融贯效果。当然，指导性案例中法律解释方法的运用还需要继续改进和完善，例如淡化文义解释方法，说明不同解释结论的差异，强化运用解释方法的共性目标，在程序上凸显解释方法的运用，以及激励解释方法的创造性运用等等。案例指导制度实际效果的发挥，需要以法律解释为代表的技术因素的支持。,法律解释;指导性案例;文义解释;目的解释;体系解释;历史解释,D90-05,0,,法学三大刊论文/中国法学/法律解释方法在指导性案例中的运用及其完善.pdf
546,法律解释的公共性,"郭春镇[1,2]",,2023,1,142,161,法律解释是一个不断“去私人化”、重构法律文本公共性的过程。法律解释的公共性是一种符号、方法、价值意义上的公共性，以公共偏好、公共理性、公共利益的形态呈现。为了寻求法律“原初”的公共性，解释者应在历时性和共时性的理解中进行视域融合，通过对话与协商统合作者与读者之间、读者与读者之间对文本含义的重叠共识，在往返流转中无限逼近法律文本的原意。为了实现法律“现实”的公共性，解释者应基于人与人之间的交互性关系与互依性关系，将自我塑造为具有关系理性的解释主体；同时，解释者应通过表达与对话机制将个体性解释整合为公共性解读，以此探求文本的“原意”。,法律解释;公共偏好;公共理性;公共利益;对话与协商,D90,,,法学三大刊论文/中国法学/法律解释的公共性.pdf
547,法律议论的社会科学研究新范式,季卫东,上海交通大学凯原法学院,2015,6,25,41,本文以“法律不确定性问题”为出发点，沿着通过教义学或科学技术来摒弃不确定性以及反过来在不确定性的前提条件下考虑制度设计这样两条基本线索，梳理了法解释学与法社会学之间的争论以及不同的应对策略，从中归纳出作为科学的法学观、作为技艺的法学观以及法律的本质就是话语实践的核心命题。作者认为今后中国的问题导向跨学科研究应该聚焦法律议论，特别是法的社会科学研究要把重点从结构、功能转移到价值涵义，以便真正深入到规范的领域进行实证分析，与此同时切实加强与法解释学以及法律实务部门之间的对话。因此，作者提倡“议论的法社会学”研究范式，试图以此深化法律方法论的探讨，促进思想与制度的创新。,法律社会科学范式;不确定性问题;权利抗辩清单;网络互动关系,D925.1,67,,法学三大刊论文/中国法学/法律议论的社会科学研究新范式.pdf
548,法律责任概念的反思与重构,李拥军[1],,2022,3,226,245,虽然中国学界既有的法律责任概念存在不足，但“违法者在法律上必须受到惩罚或者必须作出赔偿”的表述依然在经验事实层面和规范分析层面是不周延的。难以涵盖部门法领域中复杂多样的责任形态是当下法律责任概念的主要缺陷。既有的法律责任概念对民事责任领域的特殊情形关注不够;不注意区分刑事和民事两个领域中责任形态的差异，由此导致概念的归纳和构成要件的提炼不准确、不周延;对刑法及行政法中责任理论的新发展关注不够。新的概念不是将法律责任定义为某主体应该承担的不利后果，而是将之定义为让某主体承担不利后果的依据。新概念对部门法中复杂的责任理论和形态具有更为全面的解释力，也更符合现代社会保护公民权益的基本价值取向。,法律责任;刑事责任;民事责任;法律后果;依据,D923,,,法学三大刊论文/中国法学/法律责任概念的反思与重构.pdf
549,法律适用中理由和观点的关系:局外观察视角,刘星[1],中国政法大学法学院,2020,5,5,24,"针对法律适用中理由如何支持观点,法学界研究通常采用""争论参与者""的视角,即""我认为理由怎样才能成立""。但采用局外观察视角去""客观""地分析理由和观点的关系,可以深化对理由支持观点的活动的认识。行为和事件之间总是存在复杂因果线索,人们会有主观判断偏好,因此理由和观点的关系存在""多面多向可能勾连""的状态。重要的是,在一定意义上理由可以视为观点,""理由支持观点""可以视为""观点支撑观点""。由此,运用理由论证观点时实际上又是对""若干观点""的规划。此外,法律适用是一种行动,必须终结于决断,这意味着理由支持观点的活动是受限制的。看到这些,可使人们面对法律适用时具有更宽容的心态,参与其中更注重基本思想观点的分享,使法律适用说服活动更有效。",法律适用;理由;观点;推断,G63,0,,法学三大刊论文/中国法学/法律适用中理由和观点的关系_局外观察视角.pdf
550,法治中国建设的“共建共享”路径与策略,马长山,华东政法大学,2016,6,5,23,纵观30多年来中国的建设发展进程，呈现着从“国家构建”走向“共建共享”的变革轨迹，因此，当下的法治中国建设就应采取共建共享的建设路径。这既是化解转型风险的迫切需要、社会主义国家性质的客观要求、传统文化与本土国情的最优选择，也是共享经济时代的必然反映和世界变革趋势的重要体现。而基于这一路径，则需要通过国家与社会层面的共建共享、中央与地方层面的共建共享、多元社会层面的共建共享的推进策略，来塑造双向构建、多元包容、共建共享的法治秩序，进而实现法治中国建设的战略目标。,法治中国;国家构建;共建共享,D630.1,0,,法学三大刊论文/中国法学/法治中国建设的“共建共享”路径与策略.pdf
551,法治中国背景下国家责任论纲,陶凯元,最高人民法院,2016,6,24,39,国家责任是指公民合法权益遭受公权力侵害，或者公民因犯罪行为、侵权行为以及灾害事故陷入生存困境，国家对其承担的损害填补、困难救济和基本生存保障的法律义务和法律责任。人权、法治和正义理论的发展，党全面深化改革的重大举措，必然推动国家责任体系拓宽、深化。健全完善包括国家赔偿、国家补偿、国家救助和社会保障为主要内容的国家责任体系，加强不同国家责任制度的衔接应对，对于进一步贯彻落实尊重和保障人权宪法原则，建设社会主义法治国家，推动国家治理体系与治理能力现代化，最大限度地实现社会公平正义，具有十分深远的理论和现实意义。,法治中国;国家责任;权利救济;实质正义,D921,0,,法学三大刊论文/中国法学/法治中国背景下国家责任论纲.pdf
552,法治体系形成指标的法理研究,关保英[1],上海政法学院,2015,5,53,72,随着我国法律体系的形成，立法相对成熟，与之相比，法律的执行和实施则存在非常大的滞后性。法律和法律规范体系还没有完全转化为一种物质力量，还没有在社会控制过程中充分体现出它的价值。导致这一现象的原因是多方面的，如法律体系纵向上的不和谐、部门法之间的不平衡、行政法治与有关司法机制的不和谐等。如果有一套严格量化的，具有统一性、规范性、精确性、可操作性和强制性的指标对法治体系的若干问题予以规范，上列弊端可能就会减少很多。法治体系形成指标的设计应侧重于法治体系构建、实在法制定、法治过程、法和法治实现等环节。,法治体系;形成指标;法治指标,D923,27,,法学三大刊论文/中国法学/法治体系形成指标的法理研究.pdf
553,法治语境下极端主义犯罪治理定量研究,赵军,北京师范大学刑事法律科学研究院,2016,6,278,300,《刑法修正案（九）》对极端主义犯罪的规制具有实质正当性，对相关行为的刑事规制应限定在利用极端主义破坏法律实施罪、宣扬极端主义罪的法定构成要件之内。但回归分析也表明，大量作用显著的因素源于犯罪以外的社会问题，因此，宗教极端主义犯罪的应对必须超越刑法对犯罪的规制，在更为广阔的社会治理视野中展开。,极端主义犯罪;恐怖主义犯罪;风险刑法;社会治理精细化,D815.5,0,,法学三大刊论文/中国法学/法治语境下极端主义犯罪治理定量研究.pdf
554,法理:法实践的正当性理由,郭晔[1],浙江大学光华法学院,2020,2,129,148,"法理是由人的理性认识所凝练、证成法实践的正当性理由。法理是一个实践性概念,它生成于、作用于、发展于法实践,面向法实践绽放理论生命、成就学术体系、彰显话语魅力,深入法实践充实法律思维、供养法治思维、锤炼法理思维。法理概念在数千年中华法治文明发展进程中萌生、流淌、跃动,在新时代全面依法治国、推进国家治理体系和治理能力现代化的征程中苏醒、焕发、升腾,是法理复兴之路与良法善治之景的和韵,是东方文明之光与马克思主义真理之光的交辉。",法实践;正当性理由;法理话语;法理思维,D92,0,,法学三大刊论文/中国法学/法理_法实践的正当性理由.pdf
555,法理即法律原理之解说,"胡玉鸿[1,2]",华东政法大学法律学院,2020,2,5,29,"自清末民初以来,将法理解说为法律原理就成为法学界的通例,但其界定方式则有四种:一是径直以法律原理定位法理;二是将法律原理、法律原则并列来定位法理;三是将法理视为由法律原理推导出的法律一般原则;四是认为法理是指法律原则,但包括法律原理在内。法理和法律原理的存在是一种客观的必然:世上的万事万物都应有其存在和运行的原理,法律自然也不例外;法律作为人类的伟大创造,自身即蕴含着追求正义等法律价值的法理;法律的价值观念虽因时代、地区的不同而会有所差异,但其中的基础法理却不受时空影响;对法律的分析和研究舍法理之外别无他途。立足于已有的研究成果,可将法理界定为""在综合各种法律现象的基础上,由学者所抽象并为社会所认同的有关法律基础、法律根据、法律判准、法律渊源的基础性、普遍性原理""。同时,法理与自然规律、社会价值、内存于法典和单行法律中的法律原则以及事理、情理等存在明显的差异,不可混淆。",法理;法律原理;法律本质;法理学,D92,0,,法学三大刊论文/中国法学/法理即法律原理之解说.pdf
556,法理概念的义项、构造与功能:基于120108份裁判文书的分析,郭栋[1],北京大学法学院,2021,5,182,201,"法理是一个去中心化的概念,存在四种义项,离散地分布于裁判文书中.这四种义项分别是:对于法律的理性认识成果、法律条文的义理内容、法律规范的正当性理据以及法律作为一种规范性理由.法理概念在表层结构上表现为法的理论、原理、学说,在深层结构中则承载了法律正当性的价值追问和法律文本的义理内容阐发.在法理概念的二元构造中,深层结构为概念注入质料和实在;同时,深层结构也要受到表层结构的牵制和约束.法理概念的深层结构保证了其内容的开放性,表层结构则在载体上趋于类型化.法理概念的四种义项和二元构造有助于我们全面地认识这一概念在司法裁判中发挥的功能,即转介、解释、填补和证成四种功能.为了更好地发挥其功能,在这一概念的使用中,要坚持审慎克制、法定主义和充分论证原则.",法理;义项分布;二元构造;外部功能,D90,0,,法学三大刊论文/中国法学/法理概念的义项、构造与功能_基于120108份裁判文书的分析.pdf
557,法益自决权与侵犯公民个人信息罪的司法边界,"冀洋[1,2]",东南大学法学院,2019,4,66,83,"信息社会制造了高度的犯罪风险,侵犯公民个人信息罪成为规制网络信息活动的常用罪名,但应注意前置法体系不发达、网络准则不健全背景下的刑法过度介入。侵犯公民个人信息罪属于个人法益犯罪,法益本体是个人信息权,它是《民法总则》第111条规定的具体人格权,通过赋予其超个人属性的方式实现入罪扩张解释,与法益论发展趋势相背。公民个人有权积极利用其个人信息,'同意'构筑了信息自由与刑法介入之间的分界,在被害人教义学上类比身体、生命法益而否认个人信息法益自决权的理由并不充分。侵犯公民个人信息罪特有的'违反国家有关规定'在司法实践中存在被虚置的现象,为此,应在整体法秩序内厘清该要素的内容与地位,当前置法上缺少限制信息自决权的'国家有关规定'时,应排斥对'经同意后出售他人个人信息'行为的入罪化。",个人信息;超个人法益;自决权;权利人同意;整体法秩序,D923;D926.1,0,,法学三大刊论文/中国法学/法益自决权与侵犯公民个人信息罪的司法边界.pdf
558,注册商标三年不使用撤销制度体系化解读,张玉敏,西南政法大学,2015,1,224,238,"注册商标三年不使用撤销是商标法上的一项重要制度,其理论依据是,由商标的识别功能所决定,只有在商业活动中真实使用的商标才是法律所要保护的商标,长期不使用的注册商标已经失效,法律不应再提供保护。该制度体现了商标保护的理念,符合商标法的立法目的。按照体系化的要求,商标法的相关制度,如异议制度,商标注册无效制度、侵权责任制度等,应当与该制度保持理论和逻辑上的一致性,而新商标法并没有做到这一点。建议通过司法解释和指导判例,确认异议程序中的被异议人、无效程序中的被申请人、侵权诉讼程序中的被控侵权人的不使用抗辩权,如果抗辩成功,应驳回异议申请和无效申请,以及侵权诉讼原告的诉讼请求。",三年不使用撤销;商标注册异议;商标注册无效;商标侵权责任,D921.11,13,,法学三大刊论文/中国法学/注册商标三年不使用撤销制度体系化解读.pdf
559,涉外法治的概念与体系,张龑[1],,2022,2,264,282,"涉外法治是习近平法治思想中的重要内容.不同于国内法治与国际法治,涉外法治介于二者之间,自成一个体系.从规范法学的角度来看,涉外法治是指国家制定或确认的、跨国家生效的、保护国家海外利益、参与全球治理的立法、执法与司法等活动.从政治法学的角度来看,超级大国往往对外推行普世主义的抽象法治,实质上是霸权主义.涉外法治主要包括两个相互交织的层面,积极层面在于参与全球法律治理改革,推动构建更加公平公正的国际法治,消极层面在于以具体法治的方式防御和反制抽象法治及其背后的霸权.我国涉外法治体系建设应以人类命运共同体与国家尊严为双重理念基础,以尊重国家主权与尊严、保护核心利益与发展利益以及善意合作与依法斗争相结合为原则,构建包括立法、执法、司法以及涉外法律服务等多个层次的具体制度体系.",涉外法治;抽象法治;具体法治;涉外法治体系,D920.0,,,法学三大刊论文/中国法学/涉外法治的概念与体系.pdf
560,深入推进依法行政,马怀德[1],中国政法大学,2024,5,11,16,党的二十届三中全会通过的《中共中央关于进一步全面深化改革 推进中国式现代化的决定》专章论述了完善中国特色社会主义法治体系等内容，特别是对深入推进依法行政作出了明确部署。《决定》通篇贯穿了法治精神，是新时代新征程深入推进依法行政、加快建设法治政府的根本遵循和行动指南，对以中国式现代化实现中华民族伟大复兴意义重大。,,D,,,法学三大刊论文/中国法学/深入推进依法行政.pdf
561,清代的轻罪治理及其当代启示,谢晶[1],中国政法大学法学院,2024,4,289,304,我国当下亟需构建中国式轻罪治理体系，清代的相关制度和实践可以为其提供丰沛的“源头活水”。清代实行对轻重犯罪的分层治理，以笞刑和杖刑对应的犯罪为轻罪。与徒刑以上案件需经逐级审转并遵循“断罪引律令”不同，笞杖轻罪在州县一级便可自理结案，审判程序简捷，无需严格依照《大清律例》科刑，有畅通的出罪机制。笞刑与杖刑是专门针对轻罪而设的刑罚，前者“薄示惩耻，所以发其耻心”，后者稍重，“使之痛而知畏”，兼顾刑罚的教育矫正与报应威慑机能。赎刑乃五刑之替代刑，其中收赎的赎金最低，主要适用于老幼、废疾、妇女等弱势群体以及恶性不大的过失犯罪。刺字在当时起到记录“前科”的作用，并能带来一些“附随后果”，为此又有“免刺”与“起除刺字”为“前科消灭”制度。,大清律例;轻罪;犯罪分层治理;出罪;前科,K249,,,法学三大刊论文/中国法学/清代的轻罪治理及其当代启示.pdf
562,滥用市场支配地位理论的司法考量,刘贵祥,最高人民法院审判委员会,2016,5,260,280,"司法实践中认定滥用市场支配地位行为已经形成了较为固定的思维模式,但是某些关键性问题仍需要更深入研究和思考。界定相关市场时,定性分析方法（替代分析法）和定量分析方法（假定垄断者测试法）需要更合理的解释和操作方法;而涉知识产权案件、涉行业协会等特殊主体案件中市场支配地位的特殊性,进一步应证了“市场份额在判定市场支配地位时作用相对弱化”的观点;行为导致限制竞争的结果虽然是认定滥用市场支配地位行为的必要要件,但个案中可通过要求被告证明“合理理由”的存在减轻原告的举证责任。",相关市场;市场支配地位;交叉弹性;反垄断法,D913,29,,法学三大刊论文/中国法学/滥用市场支配地位理论的司法考量.pdf
563,物上担保权益的分层构造及实现保障,张家勇[1],,2024,2,204,225,在现行法上，物保限于担保物权形式，在担保物权未设立时，担保人不承担担保责任，仅承担相应的损害赔偿责任。这种法律构造有违当事人在担保合同中约定以特定财产提供担保的合意，未能顾及物上担保权的分层现象，理论构造不彻底，实践效果不佳。在现行担保制度采行形式主义与功能主义结合的模式下，应当区分物保中担保权人的变价权与优先权：变价权作为贯彻物保目的的基本手段，在担保物权设立失败时产生“备位”担保效果；优先权作为保障变价权实现的手段，由债权人自由选择并依法完成担保公示后完善担保效果。就担保公示而言，对不动产担保应严守形式主义的立场；对动产与权利担保则可贯彻功能主义担保观，超越担保公示的设立要件与对抗要件模式之分殊，统一不同担保公示的规范效果。在第三人作为担保人时，担保合同违约赔偿责任是贯彻担保目的的最后手段。,物上担保权;担保目的;担保权益;担保物权;赔偿责任,D923.2,,,法学三大刊论文/中国法学/物上担保权益的分层构造及实现保障.pdf
564,物权编对四种他物权制度的完善和发展,"崔建远[1,2]",清华大学法学院,2020,4,26,43,"农地""三权分置""模式下的土地经营权虽有被解释为物权或债权的空间,但将其定性和定位在物权利多弊少,且不宜仅从存续期限的长短、登记与否等角度来作判断。集体经营性建设用地使用权与国有建设用地使用权同权、同价应当落到实处,既要避免本为商业目的利用集体土地却实施征收的措施,以防集体土地所有权人的收益减少;又应封堵""绕道""宅基地使用权的渠道而后转入集体经营性建设用地使用权的""土地池""的暗度陈仓。居住权制度在相关人之间可以满足住房困难者生活居住的需要,也应成为投资性建设者用其达到合作各方共赢的法律手段,故应允许较为宽松地解释和适用居住权制度。变僵硬地禁止流押条款为弹性地对待流押条款,把流押条款交由各个相应的制度及规则去处理;变由抵押权人独享抵押物转让与否的决定权为充分尊重抵押物所有权人的意愿,设置抵押权的追及效力和涤除权甚至提存的制度来保障抵押权人的利益,平衡方方面面的利益关系,是明智之举。重整抵押权与质权的顺位关系的规则,合并动产抵押和浮动抵押,增设超级优先权,都是可圈可点的。",民法典物权编;三权分置;集体经营性建设用地使用权;居住权;抵押权,D92,0,,法学三大刊论文/中国法学/物权编对四种他物权制度的完善和发展.pdf
565,犯罪圈与刑法修正的结构控制,白建军,北京大学法学院,2017,5,69,90,对刑法修正是否犯罪圈非理性扩张的问题，本文以一个“看得见的犯罪圈”作为检验工具，对刑法修正的合理性进行实证检验。在范伯格犯罪化理论的犯罪定义学再解读的基础上，以我国刑法新老文本全部罪名为样本进行比较观察，研究发现一个犯罪圈三环结构。其中心部分由所有可还原为暴力、偷窃、欺骗的典型犯罪构成，中环部分由典型性较弱的定制之罪构成，外环部分是犯罪圈的模糊边界。犯罪圈的三环结构及其比例分布与深埋在大量法条中的某些理论原则相暗合。将20年来刑法修正涉及的一百多个罪名导入三环结构后发现，有69．6％的新罪名和78．3％的放宽入刑范围罪名分布在犯罪圈的中心，是严密典型犯罪刑事法网的正常操作；26．8％的新罪名和18．3％的放宽入刑范围罪名分布在犯罪圈的中环，使某些不典型犯罪为什么入刑获得部分解释；只有3．6％的新罪名和3．3％的放宽入刑范围罪名落入犯罪圈边界，存在一定超越应然犯罪圈边界的风险。基于严而不厉理念和结构控制方法，本文提出，未来刑法修正应体现“结构还原”、“比例控制”、“罪刑有序”三个原则。,犯罪圈 犯罪化 刑法修正 严而不厉 结构控制,D924.3,0,,法学三大刊论文/中国法学/犯罪圈与刑法修正的结构控制.pdf
566,犯罪热点成因：基于空间相关性的解释,单勇,同济大学法学院,2016,2,280,302,"随着犯罪地理学的兴起,犯罪聚集分布及热点相对稳定分布的原因亟待释疑。鉴于热点的空间属性,从空间相关性出发,在制图验证犯罪聚集性和热点稳定性的前提下,以回归分析筛选空间变量,发现标志性建筑等五种因素在63.7%的程度上影响盗窃密度变化;创建空间滞后模型,量化犯罪自相关对空间相关性的影响,发现标志性建筑对盗窃犯罪有较强吸引力,商业点密度等因素与犯罪呈线性正相关,公交站点密度等因素与犯罪呈非线性关系,且存在犯罪临界值。这种从相关到因果的分析思路为犯罪原因研究带来了经验到量化、模糊到精确、定量到定性的方法论改进,从聚焦稳定热点、依靠数据决策、评估犯罪风险、借力城市设计方面为创新立体化防控提供了理论支持。",犯罪热点区域;犯罪制图;空间相关性;犯罪临界值;立体化防控,D917.9,55,,法学三大刊论文/中国法学/犯罪热点成因：基于空间相关性的解释.pdf
567,环境侵权类型的重构,窦海阳,中国社会科学院法学研究所,2017,4,264,284,"目前关于环境侵权类型的认识难以适应实践的需求。这很大程度上源于环境侵权的类型化只注重理论演绎,而忽略了立基于实践,从司法判例中寻找素材。环境侵权的类型化应以法条和判决为基础,考察＂侵害＂和＂权益＂在具体案件中的表现,据此确定实证法中的类型。环境侵权的类型化不同于普通民事侵权,不仅要体现侵害行为的不同,更要体现公益与私益的差别。环境侵权案件应分为三类,即环境污染侵害个人私益的纠纷、环境污染或生态破坏侵害环境公益的纠纷、环境污染或生态破坏侵害个人私益与环境公益的纠纷。对不同类型案件的裁判应当根据各自的特性适用不同的处理规则。由于环境侵权案件类型的复杂性,环境司法应当专门化。",环境侵权;环境污染;生态破坏;环境司法,D922.68,25,,法学三大刊论文/中国法学/环境侵权类型的重构.pdf
568,环境司法专门化发展的实证检视：以环境审判机构和环境审判机制为中心,张忠民,中南财经政法大学法学院,2016,6,177,196,环境司法专门化包括环境审判机构、环境审判机制、环境审判程序、环境审判理论和环境审判团队的专门化。从环境审判机构的设置类型和案件受理情况看，其“地方性”十足，即多是在当地特定时空内进行的本土化实践；而环境审判机制却颇具“普适性”，即超越了特定时空的普遍的实践，并主要表现为宏观上的职权主义审判模式的偏好和微观上的裁判文书要素间基本缺乏内在的特殊关联。环境司法专门化须融合地方性与普适性。为此，应首先设计专门化的环境审判程序，然后再构建专门化的环境审判理论和环境审判团队。,环境司法专门化;环境审判;环保法庭;环境裁判文书,D922.6,0,,法学三大刊论文/中国法学/环境司法专门化发展的实证检视：以环境审判机构和环境审判机制为中心.pdf
569,环境司法理性不能止于“天价”赔偿：泰州环境公益诉讼案评析,吕忠梅,全国政协社会与法制委员会,2016,3,244,264,"泰州市环保联合会与锦汇、常隆等公司环境污染侵权纠纷案是一起环境公益诉讼的经典案例。该案涉及三大审理焦点：一是泰州市环保联合会是否具备提起环境民事公益诉讼的原告资格;二是常隆、锦汇等公司以买卖方式处分涉案副产酸的行为性质如何认定及其与损害后果之间的因果关系;三是损害后果的认定以及救济方式的选择。总体而言,法院对原告资格的认定隐含着通过支持环保组织提起公益诉讼而发挥司法环保功能的积极考量,事实认定与因果关系推定法理清晰,对损害后果及其救济方式也进行了探索和创新。但是,在肯定该案的积极意义的同时也应特别强调环境司法的理性。",环境公益诉讼;环境侵权;生态损害;环境修复费,D916,47,,法学三大刊论文/中国法学/环境司法理性不能止于“天价”赔偿：泰州环境公益诉讼案评析.pdf
570,环境权的规范效力：可诉性和具体化,胡静,中国政法大学民商经济法学院,2017,5,152,172,环境权的规范效力包括可诉性效力和具体化效力。可诉性效力指环境权直接作为审判依据，具体化效力指借由立法间接影响审判。国外环境权诉讼中，结合宪法环境权规范和立法的具体条款作出裁判的案例同时体现可诉性效力和具体化效力；仅以宪法环境权规范为依据的案例，只运用可诉性效力，是为环境权的自我执行。环境权的自我执行违背了形式理性优先于实质理性的原则和权力分立原则，仅在宪法司法化的国家处于环境立法体系尚未建立的阶段有必要性。宪法环境权规范没有规定法定效果，属于原则范畴，其适用方式是和其他原则进行衡量，经由具体化为立法中的规则发挥作用。审理案件时，法院应优先适用立法（具体化效力），在立法存在歧义或者冲突时，法院可以借助对宪法环境权的解释厘清立法的模糊之处（可诉性效力）。我国目前环境立法比较系统，很大程度上消解了环境权诉讼的必要性；宪法尚未司法化更是彻底否定了环境权诉讼的可行性。不过，环境权入宪仍具有积极意义。,环境权 规范效力 可诉性,D922.68,0,,法学三大刊论文/中国法学/环境权的规范效力：可诉性和具体化.pdf
571,环境民事公益诉讼中停止侵害责任适用研究,胡静[1],,2024,1,245,264,环境民事公益诉讼的预防功能通过停止侵害判决实现。停止侵害判决应适用于未来行为。停止侵害责任的构成要件包括行为发生的可能性和行为损害社会公益。环境民事公益诉讼是执行法律义务的公法诉讼，停止侵害判决应以相应的行政法律规范为基础并考虑司法的特点。法院应当同时适当兼顾行政机关的思维，广泛收集与行为和后果有关的信息，使判决不受原告诉讼请求的束缚。对于行为已经实施的情形，法院可以站在行政机关的角度预先拟制一个行政决定，然后再结合司法的特点调适得出判决内容。对于行为尚未实施的情形，当行为已经获得准备阶段的行政许可时，法院应依照行政法律规范对该许可进行审查并作出以未来行动方案为内容的停止侵害判决。,环境民事公益诉讼;停止侵害;预防性责任;侵权禁令,D925.1,,,法学三大刊论文/中国法学/环境民事公益诉讼中停止侵害责任适用研究.pdf
572,环境民事公私益诉讼并行审理的困境与出路,张旭东,福州大学法学院,2018,5,278,302,"我国现行环境民事诉讼基于侵害对象的差异性及公私益诉讼分野原理,在立法上分为环境（私益）侵权诉讼与环境民事公益诉讼。面对同一环境侵害,环境民事公私益诉讼分离式救济,在造成环境纠纷整体性肢解的同时,往往会诱发同一问题多次审理、诉讼效率低下、共同争点裁判歧异、公私益相互遮蔽等司法困境。人与自然和谐共生的生态观为新时代环境法治建设确立了新的目标。规范不自外於现实。环境纠纷的整体性及环境侵害发生二阶段机理,映射于诉讼程序,要求通过诉的合并,实现环境民事公私益诉讼融合,审理程序采用＂前阶共同（基础）事实＋后阶各损害事实＂二阶事实法律关系构造模型,打破环境公私益诉讼保护泾渭分明的格局,实现相关纠纷一次性解决。环境民事公私益诉讼合并审理理论分析和具体方案建构,为进一步研究和制定专门的环境诉讼特别程序奠定了基础。",环境侵害;公益诉讼;私益诉讼;合并审理,D922.68,0,,法学三大刊论文/中国法学/环境民事公私益诉讼并行审理的困境与出路.pdf
573,环境法体系化的范式转向及其实现,杜辉[1],重庆大学法学院,2025,2,86,106,我国环境法的体系化工作在推进中国特色社会主义法治体系和构建现代环境治理体系两条主线的合力下，形成了鲜明的实用主义体系化范式。在生态文明建设的新阶段，这一范式面临规范冲突、功能协调不足、价值秩序不稳定等挑战，需要面向生态文明建设任务，立足规范体系、秩序体系和意义体系三个维度向融合主义范式转变。融合主义范式的本质，是通过类型化、层次化的技术将多元生态环境规范统合起来，塑造有关生态文明的观念秩序和制度秩序，发掘并释放契合生态文明的新意义体系。为了进一步推进环境法体系化，一方面，要通过重构概念、重述原则、重塑制度完成要素的改造与升级；另一方面，要以行为和风险规制机制、协调发展机制、利害调整机制为着力点来完善法律调整机制。当前，应当抓住生态环境法典编纂的历史机遇，激活环境法的体系效用。,环境法体系化;实用主义范式;融合主义范式;法律调整机制;体系效用,D922.68,,,法学三大刊论文/中国法学/环境法体系化的范式转向及其实现.pdf
574,环境法典基本原则条款构建研究,曹炜[1],,2022,6,113,133,为了克服现行法的不足、体现环境法典的新特点，环境法典基本原则条款应当发展和完善环境法基本原则体系。首先应当筛选《环境保护法》第5条确立的基本原则，合理选择环境保护原则，排除具体的法律原则。其次应当解释现有基本原则的内涵并以可持续发展作为环境法典基本原则体系的内在意义脉络增补若干基本原则，构建完整的、融贯的基本原则体系。依据上述要求，环境法典基本原则条款应当排除综合治理原则和损害担责原则，增加环境利益公平分配原则、风险防范原则和环境责任者负担原则，从而构建以可持续发展为内在意义脉络，保护优先原则、风险防范原则、预防为主原则、公众参与原则、环境利益公平分配原则和环境责任者负担原则相互协作和制约的环境法典基本原则体系。在具体法律表达上，应当采用分别独立规范的形式，通过完整条款对基本原则进行表达，以发挥基本原则条款辅助裁判的功能。,环境法典;环境法基本原则;原则体系;可持续发展,D922.68,,,法学三大刊论文/中国法学/环境法典基本原则条款构建研究.pdf
575,环境法典编纂论纲,"吕忠梅[1,2]",,2023,2,25,47,环境法典编纂以“人与自然生命共同体”为哲学基础，定位于“领域型”法典，采取实质性、适度化编纂模式，依可持续发展逻辑展开。总则编凝练核心范畴，建立现代环境治理体系与基本制度，实现环境权“入典”。污染控制编保障公众健康，依“污染控制”的理念确定调整范围、展开制度逻辑，解决新污染物控制问题。自然生态保护编以“自然生态”为基石概念，确立生态价值优先和统筹治理理念，构建契合生态整体保护的制度体系。绿色低碳发展编明确“绿色低碳发展”的规范涵义，实现相关规范的系统安排，统筹国内与国际、减缓与适应两大关系。生态环境责任编以理论创新奠定制度基础，构建“二阶型”法律责任体系，衔接《民法典》相关条款，建立专门纠纷解决机制。,环境法典;人与自然生命共同体;实质性编纂;适度化编纂,D922.68,,,法学三大刊论文/中国法学/环境法典编纂论纲.pdf
576,环境法学核心范畴之重构：环境法的法权结构论,史玉成,甘肃政法学院,2016,5,281,302,"我国环境法中有关的环境权利和环境权力规范存在着内在张力下的结构失衡和运行冲突。走向多元合作共治,是环境风险时代解决环境问题的根本出路,无论对于政治国家的环境权力,还是对于市民社会的环境权利,环境法都不可能舍此求彼,而必须“两面作战”,环境法学理论研究应当具备这种全景式的面向。从经验和事实出发,在对学界关于环境法学核心范畴的现有理论和学说进行分析批判的基础上,提出“环境法的法权”这一命题。基于环境利益之上的环境权利、环境权力应当是环境法学领域最基本、最重要的元概念,二者虽然不具同质性,但彼此合作共进、竞争成长,共同构成环境法制度大厦的基石。环境法法权结构的规范建构,有助于实现环境权利与环境权力架构的内外部相互制衡与协作,为迈向多元合作共治的现代环境治理模式奠定制度基础。",环境权利;环境权力;法权结构;合作共治,D912.6,41,,法学三大刊论文/中国法学/环境法学核心范畴之重构：环境法的法权结构论.pdf
577,环境监管中的“规范执行偏离效应”研究,曹炜[1],中国人民大学法学院,2018,6,258,279,"“规范执行偏离效应”是指在环境法律实施中,规范执行通常会逐渐偏离立法者的预期,从而导致法律实施的结果与立法目的不一致的现象。在规范主义立场下,环境监管是行政机关依执行权适用法律的活动,因此偏离缺乏合法性。在功能主义立场下,偏离则是行政机关为了解决诸多矛盾而对规范执行进行系统调整的结果。为了贯彻环境监管政策,行政机关可以通过行使监管权决定监管重点、监管手段和监管强度,从而影响到规范执行。偏离能够改善监管效果,暴露现有制度或者规范的问题,或者创造新的、更加有效的执行形式,也可能会导致监管失灵、影响规范适用。理论的基本立场不是消除规范执行偏离,而是通过环境监管改革将规范执行的调整机制纳入到法律调整范围之内。与此同时,运用基于“地方政府环境责任”的问责机制对行政机关行使监管权进行控制和约束,并发挥其他机关、组织和公众的监督作用。",环境监管;规范执行;规范主义;功能主义,D63,0,,法学三大刊论文/中国法学/环境监管中的“规范执行偏离效应”研究.pdf
578,环境质量标准的侵权法适用研究,陈伟,南京大学法学院,2017,1,209,229,环境质量标准是界定环境是否受到某种污染的各类限值，离开一定的环境质量标准，环境是否受到污染在大多数情况下将难以判断。在存在环境质量标准且其自身的合法性和合理性未受质疑的前提下，应当承认环境质量标准在侵权法上界定是否存在污染的效力，从而承认被告的合规抗辩。如果环境中的特定污染物没有超过环境质量标准规定的限值，无论排污者排放的污染物是否超过了污染物排放标准，排污者都不应承担环境污染侵权责任。如果环境中的特定污染物超过了环境质量标准规定的限值，该污染物系排污者的排放所致，且能够认定污染物与损害结果之间存在因果关系，则排污者应当承担环境污染侵权责任。当不同地方的环境质量标准对同一污染物限值的规定不一致时，应当以更加严格的环境质量标准为进一步判断人身损害因果关系是否存在的“门槛”：当污染物超过更加严格的环境质量标准限值时，则进入判断因果关系的程序，否则，排污者不承担环境污染侵权责任。环境质量标准是判断环境侵权因果关系是否具备相当性的合理界限，从而也是利益是否受侵权法保护的边界。,环境质量标准;污染物排放标准;合规抗辩;环境侵权;因果关系,D913,30,,法学三大刊论文/中国法学/环境质量标准的侵权法适用研究.pdf
579,环境质量目标主义：关于环境法直接规制目标的思考,徐祥民,中国海洋大学,2015,6,116,135,生态文明要求环境法反映环境保护的本质，以实现人与自然和谐的目标。不法行为惩罚主义的环境法以行为人“不犯”为直接规制目标，无法控制由不同环境消费者实施的总行为；总行为控制制度以控制总行为作为法律的直接规制目标，可以控制总影响，便于实现既定的控制目标，但这种制度下的总行为控制边界不一定符合环境保护的实际需要。环境质量目标主义主张把环境质量目标确定为法律的直接规制目标，并根据环境质量目标的要求构建环境法。环境质量目标主义环境法是环保目标先定的法、政府负责的法、服从科学的法，既便于实现立法确定的环境保护目标，又能使法定的环境保护目标更符合人与自然和谐的要求。环境质量目标主义环境法的制度主要有环境质量标准制度、环境决策制度、环境规划制度和环境质量及环保业绩评估制度等。,生态文明;环境质量目标;总行为控制主义;不法行为惩罚主义,F275,45,,法学三大刊论文/中国法学/环境质量目标主义：关于环境法直接规制目标的思考.pdf
580,现货与期货交易的界分标准与法律规制,吴越[1],西南财经大学法学院,2020,2,48,68,"商品现货中远期交易平台具有促进商品交换与商品流通、管理风险等多种功能,在服务实体经济中具有特殊地位。从历史上看,是先有现货中远期交易,而后才演化出了期货交易,二者关联度极高。区分现货与期货交易,应从二者不同的交易目的、功能定位、主体特征和交易结果等整体情况综合判定,而不宜倚重于依据二者某些交易规则的相似性进行显性判断。其相关立法、行政监管和司法裁判应坚持整体判断标准,进一步促进此类平台向服务实体经济转型。",现货交易;期货交易;整体判定论,F83,0,,法学三大刊论文/中国法学/现货与期货交易的界分标准与法律规制.pdf
581,生前赠与在继承中的效力问题研究,李永军[1],,2023,2,229,245,生前赠与在继承中的效力问题需要体系化及教义学解释。赠与人在交付标的物之前死亡，其继承人应当享有任意撤销权，但其任意撤销权在附有负担的赠与、为履行自然债务而为的赠与等情形下应当受到限制。死因赠与应适用遗赠之单方行为的规则。在以赠与为目的的第三人利益合同中，约定人（赠与人）行使合同解除权的，应视为在行使其对于赠与合同的任意撤销权。当受赠人不知第三人利益合同之赠与的存在时，从我国民法关于赠与之合同定性出发，赠与人与受赠人之间并未成立赠与合同，如此，尽管我国采取“第三人直接取得利益”的立法模式，但仍然存在“没有合法根据”的不当得利之返还问题。,生前赠与;继承;死因赠与;任意撤销权;遗赠,D923.5,,,法学三大刊论文/中国法学/生前赠与在继承中的效力问题研究.pdf
582,生态文明体制改革中自然资源资产分级行使制度研究,邓海峰[1],清华大学法学院,2021,2,285,304,"承载生态文明体制改革政策期待的自然资源资产所有权是一种具有明确主体和客体,已实现规范化和生态化的权利形态.在自然资源资产所有权初始配置上,应当区分法律授权地方政府代表国家行使和国务院委托地方政府行使两种不同的模式.在法律授权模式下,地方政府应当行使完整的所有权权能,并通过对包括自然生态空间和生态容量资源在内的九类自然资源资产客体与功能的合理划分,界定在不同类型法律关系中政府的权力边界,以有效防止权力滥用.在委托模式下,所有权的权能则应当被限制在国务院的授权范围之内.中央层面暂不适宜组建""自然资源国资委"",地方层面原则上由地方政府行使自然资源资产所有权,对于部分特殊自然资源资产,应该改由国家通过派出机构监管的方式直接行使自然资源资产所有权.在收益分配上,需要综合考虑自然资源的类型特点、收益分配现状以及正负外部性影响设计专门的分配机制.",生态文明体制改革;自然资源资产;国家所有;分级行使,X321;D922.6,0,,法学三大刊论文/中国法学/生态文明体制改革中自然资源资产分级行使制度研究.pdf
583,生态环境修复责任的体系化构造,刘长兴[1],,2022,6,92,112,近年来，生态环境修复责任的理论与实践不断发展，但其概念内涵仍不清晰、性质定位仍存争议，立法和司法实践也显得相对滞后。以生态环境保护目标为基本参照方能准确界定生态环境修复的内涵，进而明确生态环境修复责任的概念并推动其成为法律上定位准确、内容清晰的责任形态。基于生态环境修复责任的公益维护和公共秩序恢复价值，应当明确其行政法律责任定位，并具体分为环境污染和破坏者的修复责任以及政府的修复责任，以区别于民事侵权救济意义上的恢复性责任。对于《民法典》规定的生态环境修复责任，不宜在环境侵权制度框架下进行解释，而应坚持其公益救济、公法责任的定位。应将民事公益诉讼和生态环境损害赔偿制度作为追究生态环境修复责任的特殊途径。环境污染和破坏者的生态环境修复责任追究主要依赖环境行政法律、法规的完善，应具体规定其适用范围、条件，以及与修复标准和评价规则相联系的修复责任内容，并将其作为特殊的行政处罚方式纳入行政执法轨道；政府的生态环境修复责任应当明确责任主体及具体的成立条件、责任内容，逐步实现制度化，提升其可执行性。,生态环境修复;公共利益;行政法律责任;行政处罚;政府职责,D923,,,法学三大刊论文/中国法学/生态环境修复责任的体系化构造.pdf
584,生态环境犯罪中的拟制财产权,焦艳鹏[1],,2023,6,243,262,生态环境犯罪是指以生态环境为侵害对象的犯罪行为。无论是作为生态系统要素，还是国家或集体所有的自然资源，生态环境犯罪所指向的对象均具有一定的财产价值形态。由于生态系统要素与自然资源在财产形态、财产性质、与人的生活利益的紧密程度上均与普通财产权存在显著差异，因此无论从解释论、立法论还是司法论上，均应将生态环境犯罪的实质客体转化为可度量的权利形态后方可引入司法裁量。生态环境犯罪的实质客体是生态法益，其内容主要包括环境安全利益、环境健康利益、环境生活利益等。生态法益的测量需进行技术性转化，不宜以“虚拟治理成本法”“条件价值法”等评估方式将生态环境损失数额直接评价为生态环境犯罪的全部危害结果，而应将其转化为拟制财产权或财产利益后方可引入司法裁量。在生态环境犯罪的司法判断中，应坚持全面评价原则，并在主客观相一致原则、罪责刑相适应原则及社会相当性原则等的约束下进行综合裁量，如此方能更好地促进生态文明与传统物质文明刑法保障的均衡实现与协调发展。,生态环境犯罪;拟制财产权;生态法益;生态文明;刑法保障,D924.3,,,法学三大刊论文/中国法学/生态环境犯罪中的拟制财产权.pdf
585,生成式人工智能训练语料的个人信息保护研究,"张新宝[1,2]",中国人民大学法学院,2024,6,86,107,生成式人工智能训练语料的个人信息保护应当秉持鼓励和支持创新的基本立场。为确保服务提供者的个人信息利用需求能够得到满足，可以在训练端对《个人信息保护法》作适当宽松解释或例外规定。对于已公开的个人信息，可以通过宽松解释“公开目的”将其纳入可处理的范围。对于未公开的个人信息，仍需要以个人同意作为处理行为的合法性来源，但是可以通过宽松解释目的限制原则、调整“告知—同意”的相关规则，缓解服务提供者面临的困难。技术壁垒的提高加剧了信息主体的劣势地位，需要确保个人信息保护请求权的行使，以维护个人的合法权益，但是其行使不可避免受到技术现实的限制。服务提供者应严格履行包括技术措施在内的个人信息安全保护义务，尽可能降低给个人信息带来的风险。保护机制整体上应以行政监管为主导，如果侵害个人信息权益造成损害，应允许服务提供者以“符合行政监管要求”作为不存在过错的抗辩。,生成式人工智能;训练语料;个人信息保护;行政合规抗辩,TP18,,,法学三大刊论文/中国法学/生成式人工智能训练语料的个人信息保护研究.pdf
586,生物医学研究伦理规制的法治化,赵鹏[1],中国政法大学法治政府研究院,2021,6,25,44,"伴随生物医学研究活动引发的伦理问题日益凸显,法律确认了行业层面自发探索的伦理治理机制.但是,这种伦理规制依据层级较低、内容抽象原则的伦理规范展开,且执行主要依赖研究机构层面的自我规制,只能达到""弱约束""的效果.这导致立法强化科学研究伦理约束的目标难以实现.在科学与社会关系已呈现结构性变化的情况下,这种体制愈发不可持续.因此,有必要以受国家规制的社会自我规制为方向,将伦理规制适度法治化,既推动科学界形成更为系统化、组织化、规范化的自我规制,又为这种社会自我规制设定基本的框架秩序,并确保政府对自我规制活动的监督、调控能力,保障法律的要求能够有效地投射到相关研究活动中.",生物医学;生命伦理;伦理规制;法治,D922.16,0,,法学三大刊论文/中国法学/生物医学研究伦理规制的法治化.pdf
587,用中国特色社会主义法治理论引领法治体系建设,胡明,中国政法大学党委,2018,3,5,26,"＂没有正确的法治理论引领,就不可能有正确的法治实践＂。中国特色社会主义法治体系建设是社会主义法治国家发展的重要实践成果,同时也需要正确的法治理论作为引领,方能确保正确的实践方向。十八届四中全会决定在过去实践的基础上,开创性地提出了中国特色社会主义法治体系的五大组成部分。十九大报告进一步提出要发展中国特色社会主义法治理论。在引领法治实践过程中,中国特色社会主义法治理论首先需要明确自身的指导思想、本质特征、总体目标和根本价值、基本原则与推进方式,进而寻求贯穿法治体系各个组成部分的具体进路,逐步缔造中国法学的新传统,建设法治中国。",中国特色社会主义法治理论;法治体系;法治中国,D616,0,,法学三大刊论文/中国法学/用中国特色社会主义法治理论引领法治体系建设.pdf
589,电子商务平台经营者安保责任研究,王道发[1],中央财经大学法学院,2019,6,282,300,"《电子商务法》具有自身特殊的调整对象和范围,其中,第38条第2款规定的审核义务或者安全保障义务对应的权利主体特指三方主体关系下的""消费者""。实践中争议比较大的电子商务平台经营者的相应责任应当属于民事责任,而且是一种包容性的民事责任,既可能是补充责任,少数情形下也可能是连带责任或者按份责任,具体应根据电子商务平台经营者的审核或者安全保障义务内容及相关实际情形进行判断。从《电子商务法》第38条的内部关系上看,第1款的连带责任是基于主观的共同侵权行为,而第2款可能构成的连带责任是基于客观的共同侵权行为,两者具有明显的界分,在适用中不能混淆。",《电子商务法》;经营者责任;审核义务;安全保障义务,D92,0,,法学三大刊论文/中国法学/电子商务平台经营者安保责任研究.pdf
590,登记对抗主义的反思与改造：《物权法》第24条解析,庄加园,上海交通大学凯原法学院,2018,1,207,224,内容提要所有权移转适用合意原则的国家之所以采取登记对抗主义，目的在于保护善意受让人、维护交易安全。与之不同，我国动产所有权移转采用交付原则，在无权处分时适用善意取得规则，以保护交易信赖。学界主流意见将《物权法》第24条解释为独立的物权变动模式，这使得特殊动产适用的物权变动规则成为疑问，且与善意取得制度发生功能上的重叠。采用登记对抗主义还会引入与债物两分体系不容的“不完全所有权”的概念，创设一系列不必要的对抗规则。《物权法》第24条若要融入现有物权变动体系，就不宜被解释为独立的物权变动要件。而特殊动产仍应适用普通动产物权变动的一般规则：以现实交付为主，观念交付为辅。《物权法》第24条仅限于实现无权处分之下的交易安全保护，只是重复《物权法》第106条的法律效果。为避免不必要的理论争议和法律适用的混乱，该条在民法典编纂中应被尽早废止。,登记对抗主义;不完全物权;物权变动模式;善意取得,D913,0,,法学三大刊论文/中国法学/登记对抗主义的反思与改造：《物权法》第24条解析.pdf
591,监控者与管理者可否合一：行政法学体系转型的基础问题,沈岿,北京大学宪法与行政法研究中心,2016,1,105,125,"新行政法研究观点纷呈,但其进路大致上可归为＂内生增长论＂和＂结构转换论＂。在其背后,又隐藏着传统行政法中占支配地位的监控者角色和被主流传统排挤但现下再露头角的管理者角色。前者以驯化、控制行政权为目的,以法官适法对行政进行形式合法性判断为导向,以法解释学/法教义学为基本方法;后者以高效实现行政目标和任务为目的,以政策形成、规则制定、制度设计为导向,以法政策学/社科法学为基本方法。在行政法学体系化方面,因为受抽象化、教义化任务的影响,关注行政目标和任务实现的管理者角色,可以适当融入拓展的监控者角色之中,但也存在限度。",监控者;管理者;行政法学体系;新行政法,D922.1,74,,法学三大刊论文/中国法学/监控者与管理者可否合一：行政法学体系转型的基础问题.pdf
592,相对集中行政处罚权改革研究,王敬波,,2015,4,142,161,城管相对集中行政处罚权是我国最早开始跨部门综合执法体制改革的试验田，对于精简机构、提高效能起到重要的示范作用。但是，实践中出现的城管机构权限横向上无序扩张，纵向上权限下移无依据等权力配置难题以及法律保障的缺失，已经阻碍改革的深入。跨部门综合执法体制改革意味着行政权力配置格局的重大调整，是对条块结合的行政管理体制的巨大变革。破除传统行政体制的束缚，推动跨部门综合执法，需要从理论上解决行政权力纵横配置的规则。法律依据不足是制约跨部门综合执法发展的主要原因，扩大《行政处罚法》相关条款的解释只是权宜之计，未来需要地方行政组织法的完善才能供给充分的法治保障。,相对集中行政处罚权;行政权力配置;跨部门综合执法,D922.11,26,,法学三大刊论文/中国法学/相对集中行政处罚权改革研究.pdf
593,知识产权法与反不正当竞争法关系重探,刘银良[1],,2023,6,182,200,知识产权法与反不正当竞争法的关系是我国法学界长期争论的问题，众说纷纭，似乎无解。基于其完整的制度构造，知识产权法形成了高度自洽的创新激励体系，对知识产权和自由竞争有良好平衡，基本没有给构造相对简单的反不正当竞争法留下补充空间。将反不正当竞争法作为知识产权兜底保护法或补充保护法的认识，源于对知识产权法的构造及其与反不正当竞争法的关系缺乏系统理解。除商业秘密外，反不正当竞争法主要适用于规范商业混淆行为，并没有全面介入知识产权法的理由，否则就可能打破知识产权与自由竞争的平衡，导致知识产权的不合理扩张，压缩自由竞争的空间，并最终损害知识产权制度和反不正当竞争制度。,知识产权法;反不正当竞争法;排他性适用;创新激励;自由竞争,D922.294,,,法学三大刊论文/中国法学/知识产权法与反不正当竞争法关系重探.pdf
594,知识产权许可费赔偿方法的功能、价值准则与体系重构,杨涛[1],华中师范大学法学院,2021,5,247,265,"我国知识产权法确立的许可费赔偿方法未能充分彰显适恰的功能内涵、价值向度和运行效能,已成为遏制创新保护的制度性障碍.有鉴于此,应复归传统补偿功能,并在此基础上将创新作为更高层级的功能表达,以激活和统协社会经济发展结构、赋予知识产权制度理性的预设机能.为应循此一立场,有必要将支撑创新的诸种元素内化为许可费赔偿制度的价值主轴和理论依托,奉行以市场价值为中心的宏观政策目标和总体裁量基准,并融贯矫正正义的规范意旨与均衡结构,汲取交易成本理论框架下的经验认知,以此作为增进制度总体效能的重要路径.立足规则维度,应突破我国旧有立法范式的教条限制,从静态规导和动态运行两大层面展开体系优化,给予赔偿评价以类型化的立法制度安排、标准化的司法程序改造与客观化的裁判过程呈现.",知识产权;许可费赔偿;创新功能;价值准则;规范体系,D913,0,,法学三大刊论文/中国法学/知识产权许可费赔偿方法的功能、价值准则与体系重构.pdf
595,知道规则的内在逻辑与科学分类,张继成[1],,2022,3,205,225,司法实践中对“知道”“明知”“应当知道”等概念的解释和适用是较为混乱的，其根源在于人们对知道规则的内在逻辑等基础理论缺乏系统认识。借助知道逻辑、评价逻辑的基本原理和方法，系统分析《民法典》《刑法》中的知道规则后，可以发现：不同规范目的对知道算子所连接命题中的事实属性与价值属性具有不同要求，这就决定了每个知道命题在特定法律规范中的逻辑结构、规范功能、价值属性、认知结果获得方式等方面存在明显差异，知道规则的内在逻辑与科学分类由此得以充分展现。掌握知道规则的内在逻辑与科学分类，可以帮助司法人员把握每个知道算子在特定规范中的准确含义，从而达到正确司法、统一司法的目的。,知道;明知;应当知道;知道规则;知道算子,D923,,,法学三大刊论文/中国法学/知道规则的内在逻辑与科学分类.pdf
596,破产程序中的税法问题研究,徐阳光,中国人民大学法学院,2018,2,208,227,"破产法主要立足于社会利益,以公平清理债权债务、保护债权人和债务人的合法权益为己任;税法侧重于国家利益,以规范税收征缴行为和保障国家财政收入、保护纳税人合法权益为目标。系统解决两法之间的冲突,从法理念层面分析,破产程序宜界定为课税特区,征税权力应谨慎介入并作必要调适,实现破产法与税法规则的互认;税收债权宜定性为破产债权,征税机关的民事诉讼主体资格应得到破产法的承认,＂公权力行政＂与＂私经济行政＂之区分原理可做理论依据;税收优先权规则在破产程序中的运用,既要解决解释论上的＂税收＂界定问题,也要关注立法论上的权益冲突平衡问题;征税权力在破产程序中的实体法与程序法层面的限缩,体现了破产法的特殊性与税法之人文性。",破产清算;破产重整;课税特区;税收优先权;征税权力,D922.29,0,,法学三大刊论文/中国法学/破产程序中的税法问题研究.pdf
597,社会主义核心价值观的法源地位及其作用提升,孙光宁[1],,2022,2,204,222,"社会主义核心价值观是我国法治建设的灵魂,需明确其法源地位.总体而言,社会主义核心价值观应当定位为超越部门法的一般法律原则.在法律规范体系内,已经入宪、不断入法的立法实践表明社会主义核心价值观已成为诸多法律共同认可的基本原则;在司法实践中,无论是疑难案件还是普通案件的处理,社会主义核心价值观发挥作用的方式都与法律原则高度一致.这些方面都明确了社会主义核心价值观的正式法源地位.结合当前立法和司法实践,可通过以下基本路径提升社会主义核心价值观的法源作用:正式法律制度应当继续直接吸收社会主义核心价值观,特别需要重视案例指导制度;多种法律适用方法(尤其是法律解释方法)能够在司法过程中推动社会主义核心价值观与案件释法说理的有机结合;司法者也应积极理解和适用社会主义核心价值观,并有效回应其他诉讼参与者的相关意见.",社会主义核心价值观;法律渊源;一般法律原则;指导性案例;法律适用方法,D920.0,,,法学三大刊论文/中国法学/社会主义核心价值观的法源地位及其作用提升.pdf
598,社会信用体系建设的法治之道,沈岿[1],北京大学法学院,2019,5,25,46,"当前的社会信用体系建设意在全方位覆盖""政府-市场-社会-司法""领域,其名义上是为提高诚信,实际兼具加强法律实施之意。在政府主导的公私联合动力之下,形成多领域、多层级主体制作大量信用规范的格局,且以""一处失信,处处受限""为政策导向。作为一种制度信用的社会信用体系建设,有其产生功效的积极意义,但也存在有效性边界。更重要的是,以失信惩戒为核心机制之一的社会信用体系建设,违反依法行政原则、尊重保障人权原则、不当联结禁止原则、比例原则、公平原则等法治国原则的现象较多存在,从而造成该工程的合法性危机。为此,有必要对社会信用体系建设重新进行政策定位,合理规范失信惩戒的设定权,要求社会信用规范的制定符合法的一般原则,并确保社会信用规范制定或实施的审查与救济的可得性。由于同社会信用体系建设并行的、正在建设中的法治国本身并不成熟、完善,故声势浩大、错综复杂的社会信用体系建设的规范化将是一个艰难的历程。",社会信用;失信;联合惩戒,D90,0,,法学三大刊论文/中国法学/社会信用体系建设的法治之道.pdf
599,社会本位的中国基本权利功能体系构建,"李忠夏[1,2]",中国人民大学法学院,2024,5,221,241,在宪法变迁的背景下，中国宪法中的基本权利不仅具有防范国家权力的属性，而且保留了其调控社会的属性。基本权利不仅调控国家与个体之间的关系，而且在一定程度上开始介入私主体关系当中，也就是介入到社会内部关系当中。在现代社会中，基本权利不是看不见社会的，而是需以社会为本位。社会本位的基本权利属性，不仅来自前近代的中国传统和新中国立宪的“社会主义”传统，而且与现代社会复杂性的提升和社会系统的功能分化密切相关。社会内部的分化使得社会内部的自治出现了差序格局，其内部的平衡无法藉由私自治加以维系，需通过国家干预来进行调节，基本权利便是其中重要的调节措施。基本权利的社会调控，需正确处理个体、社会、国家三者之间的立体关系，并通过确立基本权利于社会之内的内部边界以及在国家目标和国家整合层面的外部边界，从而确立基本权利保护的中国特色，进而发展出立足于中国的、动态的基本权利规范保护体系。,基本权利;社会本位;社会秩序塑造;客观价值秩序,D921,,,法学三大刊论文/中国法学/社会本位的中国基本权利功能体系构建.pdf
600,社会系统论视角下实现碳达峰碳中和目标的法律对策,曹明德[1],,2023,5,128,148,双碳目标的实现路径需要从政策表达转译为法律规范。气候变化问题的复杂性特征、双碳法律体系的系统性特征、我国社会治理改革积累的经验，以及社会系统论自身的方法论优势，决定了社会系统论是考察、形塑双碳法律体系的最佳理论工具。在社会系统论的视角下，我国既有的气候变化法制体系存在一定缺陷：综合性应对气候变化法缺位、双碳法律体系碎片化和不均衡，专项立法低碳化程度不足，以及政治和法律两种系统之间的结构耦合存在异化；规制工具上未充分实现管制控制规制与多元主体自我组织规制的协同；气候公正转型与能源正义在立法中整体表现不足。为了完善双碳法律体系，不仅应当遵循社会系统论的双重转译逻辑，以双碳目标为引领及时制定综合性应对气候变化法，还应当以重点领域为抓手有序健全双碳目标相关单行法律，尤其是气候公正转型补偿法律制度。同时，还应当注重促进政治系统和法律系统的良性结构耦合，并充分尊重双碳法律体系的功能有限性。,碳达峰碳中和;社会系统论;双碳法律体系;应对气候变化法,X321,,,法学三大刊论文/中国法学/社会系统论视角下实现碳达峰碳中和目标的法律对策.pdf
601,社会组织及其法制化研究,鲍绍坤,中国法学会,2017,1,5,16,社会组织是国家治理体系和治理能力现代化的有机组成部分，是社会治理的重要主体和依托。当前，我国社会组织发展增量较快，但总量仍然偏少且发展比较粗放，整体水平和社会认同度也不高。为培育和促进社会组织健康有序发展、有效参与社会治理，应当采取切实可行的措施，加强党对社会组织的领导；创新和探索社会组织参与社会治理的领域、手段、方式方法；社会组织要积极加强自身建设，在创新社会治理中积极发挥重要作用。应加快社会组织法律法规制定修改完善工作。在法律修改完善过程中，应注意突出以下几方面问题：坚持直接登记和双重管理有机统一；深化社会组织登记制度改革；创设备案制度；完善社会组织法人治理结构；建立科学统一、有机协调的监管机制；完善税收优惠政策。,社会组织;国家治理;社会治理;双重管理;社团登记,F542.6,17,,法学三大刊论文/中国法学/社会组织及其法制化研究.pdf
602,社会自我规制与行政法的任务,高秦伟[1],中央财经大学法学院,2015,5,73,98,现代社会之下，政府规制难以应对各种复杂的经济社会问题。强化个人、企业、市场的自我意识极为重要，因此如何引导私人主体积极主动地展开自我规制，将成为国家规制模式发展成功与否的关键。这就导致行政法上各种主体的责任需要予以重新分配，一方面要充分诱导企业和社会组织积极展开自我规制，重视私法规范的作用；另一方面对自我规制进行后设规制，强调行政法规范与私法规范的衔接和协调。同时，实行社会自我规制，强化法律与社会共同发挥作用，对于推进国家治理体系和治理能力现代化意义重大。,政府规制;自我规制;后设规制;保障行政法;私行政法,D921.11,108,,法学三大刊论文/中国法学/社会自我规制与行政法的任务.pdf
603,社会诚信机制基层运用的实践逻辑,陈柏峰[1],,2022,3,185,204,社会诚信关联基层治理，是具有中国特色的实践。它在不局限于商务诚信的社会信用体系建设中展开，契合我国经济和社会发展全面治理的现实需要。在基层治理中，社会诚信机制将法律和道德评价的行为纳入自治环节，对它们进行社会诚信评价和奖惩，重组自治、法治、德治资源，促成了“三治融合”。在利益和观念多元化的基层社会，自治、法治、德治等单一手段都具有局限性，社会诚信机制赋予基层政府和自治组织新的治理手段，可以有效制约违法失德行为。基层治理对社会诚信机制的运用，与法治精神还有张力需要弥合，家庭连带责任有侵犯个人基本权利的风险，专注有效治理容易忽视遵循法治原则。社会诚信机制促成“三治融合”的实践，拓展了社会信用体系的范畴，是法治社会的逻辑延伸和未来走向。,社会诚信;基层治理;自治;法治;德治,D64,,,法学三大刊论文/中国法学/社会诚信机制基层运用的实践逻辑.pdf
604,禁止重复起诉规则之重构:以合同效力的职权审查为背景,曹志勋[1],北京大学法学院,2022,1,280,304,"我国对合同效力采依职权审查模式,据此作出的生效判决在主文外对合同效力的认定能产生禁止重复起诉的效果.由于不必全面审理潜在争点,大陆法系传统理论认为判决理由原则上不发生既判力.当任一方当事人明确请求确认先决关系效力时,上述两种思路均认可合同效力认定的既判力.我国应将合同效力作为审理焦点,并实现对依职权审查规则的实质化改造,要求法官作出包含既判力范围释明的明确标识.在判断依职权审查规则的既判力效果时,应进一步解释禁止重复起诉规则的要件.这种既判力理解不同于争点效理论并能提供更清晰的识别方案.",依职权审查;合同效力;既判力;先决法律关系;中间确认之诉,D923.6;D925.1,0,,法学三大刊论文/中国法学/禁止重复起诉规则之重构_以合同效力的职权审查为背景.pdf
605,私人复制的著作权法制度应对:从机械复制到云服务,杨明,北京大学法学院,2021,1,189,209,"私人复制长久以来主要表现为手工抄写,因而立法对之一直未有专门的制度安排.随着复制设备及介质的家庭化,私人复制对著作权人利益的影响逐渐受到著作权法的重视,补偿金制度的创设,即是许多欧美国家针对私人复制的负外部性所作出的制度回应,但也有中韩等少数国家在合理使用制度之外并未构建补偿机制.实际上,本质为""庇古税""的私人复制补偿金制度并不能很好地回答其是否属于外部性理论""胡闹""的产物,该制度在具体适用中亦存在诸多实操难题,因此,我国著作权法长期以来应对私人复制的制度安排值得肯定.随着计算技术、互联网产业、云服务飞速发展,作品传播的供需两侧均与机械复制时代大相径庭.从市场原则出发来看,私人复制将更加没有""生存空间"",因而补偿金制度已无构建之必要.刚刚完成修订的我国《著作权法》坚持了过去的正确选择,即使云服务时代仍会有零星的私人复制行为,现行立法也足以应对.",著作权法;私人复制补偿金;合理使用;机械复制;数字时代;云服务,D923.41,0,,法学三大刊论文/中国法学/私人复制的著作权法制度应对_从机械复制到云服务.pdf
606,私法渗入公法的必然与边界,张淑芳[1],上海财经大学法学院,2019,4,84,105,"公私法相互渗透是社会发展过程中的必然现象,进入21世纪以来,这一现象越来越普遍、越来越深刻。主要表现为私法渗入公法的范围越来越广、内容越来越具体,而且日益有序。二者关系的相对性是私法能够渗入公法的逻辑前提,但并不等于私法和公法可以完全融为一体。当今社会机制之下也许二者不一定泾渭分明,但至少还是有界限的,应当各自有着自身的质的规定性,一定程度上它们的区分是客观的。由此得出的结论是:私法渗入公法是必然而有益的,但私法渗入公法也应当是有边界的。为此,目前情形下,必须强调公法不能被私法取代、公法体系不能被改变、公法自身主流不能被改变、公法不能被私法规模化渗入。即私法对公法的渗入是非整体性的、非体系化的,可以表现为个别理念、个别原则、个别环节等的渗入。",私法渗入;边界限制;公法主流;公法体系,D922.1,0,,法学三大刊论文/中国法学/私法渗入公法的必然与边界.pdf
607,科研人员的刑法定位：从宪法教义学视域的思考,姜涛,南京师范大学法学院,2017,1,170,188,作为国家工作人员认定之实质标准的“公务”，是一个与公权力相关且体现行为的违法与责任程度的范畴。在宪法教义学视野下，权利与权力之间是互斥关系，解释者不能把公民行使宪法规定的基本权利的行为解释为犯罪，也不得将公民行使基本权利的行为界定为公权力。科研活动作为宪法规定的公民的基本权利，属于和公权力无关的范畴，公民使用科研经费即使与国家财产权的保护之间存在价值冲突，也不能因科研经费姓“公”而将科研人员的科研活动解释为从事公务，进而将科研人员认定为刑法意义上的国家工作人员。,科研人员;国家工作人员;公务;职务犯罪,D921,25,,法学三大刊论文/中国法学/科研人员的刑法定位：从宪法教义学视域的思考.pdf
608,科研项目经费管理改革的法治化路径,蒋悟真[1],华南理工大学法学院、法治经济与法治社会研究中心,2020,3,185,205,"科研项目经费管理体制机制改革是深化科技领域""放管服""改革的核心之举。当前,我国科研项目经费管理存在组织机制不科学、运行机制不顺畅等问题,严重阻碍了经费治理能力与治理水平现代化进程的稳步推进。科研项目经费管理体制机制改革法治化的本质在于尊重科学契约关系的基础上,实现国家与科学在科研项目经费管理中权力(利)、义务和责任配置的规范化。需实现科研项目经费管理改革法治化,以优化科研项目经费管理的权力配置为基础,以增强科研项目经费管理的权利保障为目标,以实现科研项目经费管理的责效兼容为保障,探索出既符合公共财政管理的基本要求又契合科研活动基本规律的科研项目经费管理法治化道路,助力创新型国家建设。",科研项目经费;管理法治化;权力配置;权利本位;责效统一,G64,0,,法学三大刊论文/中国法学/科研项目经费管理改革的法治化路径.pdf
609,程序性救济的制度模式及改造,詹建红[1],中南财经政法大学法学院,2015,2,184,198,"新《刑事诉讼法》规定了诉讼参与人有权针对公权力机关的诉讼违法行为提出救济请求,并将检察机关确立为救济的处理机关,构建审前阶段以检察机关为中心的程序性救济模式。然而这种模式在执行效力、角色分化、审查方式和证明机制等方面均存在无法克服的缺陷,能否实现制度设计的初衷令人怀疑。在现有的体制框架内,程序性救济的制度设计应当契合人权保障的时代要求,从监督型救济模式向司法型救济模式转变,使权力监督与权利救济相得益彰而不互相侵扰。司法型救济模式以救济效力的回归和审查方式的诉讼化为核心特征,通过内设部门的调整和证明机制的填补,来分散可能存在的角色偏倚和效率滞后的制度风险,进而助益于程序性权利的彻底救济。",程序性权利;监督型救济;司法型救济,D925.2,29,,法学三大刊论文/中国法学/程序性救济的制度模式及改造.pdf
610,程序性犯罪构成要素的性质,杜宇[1],,2022,5,263,285,在当下的中国刑事立法上，存在着一系列具有程序性特征的实体构成要素，可称之为“程序性犯罪构成要素”。其与诉讼条件、行政前置性条件等既存范畴之间存在一定区别，具有独立的概念化空间。此种要素绝非仅具证明指示功能的程序性要素，而是在犯罪成立体系中具有实体裁判机能的要素。立足于阶层论的体系背景，此种要素既参与构成要件行为的定型化塑造，又具有明显的行为指引与呼吁功能，同时事关法益侵害的规范评价，且需要行为人一定程度的认知。因此，它与不法具有直接的关联性，是客观不法的内在构成要素，不能将其归入客观处罚条件之中；而如立基于四要件的犯罪构成体系，此种要素则应被归入客观方面要件中加以整饬。与此种要素的性质定位紧密相关，在既遂、共犯认定等犯罪形态领域，应进行贯穿性思考，同时妥善协调其与责任主义之间可能的紧张关系。,程序性犯罪构成要素;客观处罚条件;客观构成要件要素,D924.3,,,法学三大刊论文/中国法学/程序性犯罪构成要素的性质.pdf
611,税收法定视域中的地方税收立法权,苗连营,郑州大学法学院,2016,4,159,178,"税收法定直接决定着税收立法权的性质与归属,统领着税收立法权的配置体系,并演绎着三对最基本的宪法关系。地方立法无权涉足税收问题不仅是我国的一以贯之的基本立场和法制传统,也符合长期以来人们关于单一制的思维定式。央地财政关系的失衡表明,仅仅让地方分享一定的税收收益,难以适应提升地方政府治理能力和水平的改革需求。赋予地方相应的税收立法权,使其拥有相对完整的税权,是破解地方财政困难、合理建构央地财政关系的现实考量,同时也具有法理上的正当性和逻辑上的自洽性。只有对《立法法》上的税收法定条款做适度的修正并使税收法定回归其本来意义,才能在规范层面上为地方税收立法权开辟生存空间。在证成地方税收立法权的同时,还需特别强调对其的监督与制约,这或许可以成为激活我国宪法实施监督制度的突破口。",税收法定;地方税收立法权;宪法关系,D63,27,,法学三大刊论文/中国法学/税收法定视域中的地方税收立法权.pdf
612,立案登记背景下立案庭的定位及其未来走向,张嘉军,郑州大学法学院,2018,4,217,237,"立案登记制的全面实施,给立案庭带来巨大挑战,立案庭的去留再次成为重要话题。为解决＂立审合一＂引发的＂立案难＂和＂立案乱＂而建构的具有中国特色的立案庭,在缓解＂立案难＂以及推进法院内部管理的优化和提升法院形象等方面都作出了应有的历史贡献。立案庭并非仅肩负审查过滤功能,还具有案件分流、纠纷化解以及诉讼服务等多重功能。大陆法系也有将起诉要件审查前置于接收诉状阶段而非审判阶段的立法例。我国将起诉受理的审查前置于立案庭的做法也有其存在的正当性。我国历经几十年改革而最终形塑的立案庭应继续保留。为因应立案登记制带来的挑战,立案庭应进一步弱化其审查过滤和纠纷化解功能,同时强化其案件分流和诉讼服务功能;立案庭不再对起诉要件进行审查,将之切割给审判庭,其仅保留对诉状本身的审查。",立案登记制;立审分立;立案庭;立案难,D926.2,0,,法学三大刊论文/中国法学/立案登记背景下立案庭的定位及其未来走向.pdf
613,立法主体宪法说理义务的法律化,任喜荣[1],,2024,3,5,22,基于主权者意志的最高性和法治秩序统一性的要求，立法机关有义务阐明其立法的合宪性，从而同时在实质上和形式上发挥民意代表机关维护人民主权的功能。2023年《立法法》修改后，以立法主体宪法说理义务的法律化作为制度发展的牵引性力量，将引领宪法实施制度的全面发展，包括对立法诸环节的“全过程”控制（即立法的事前、事中、事后控制），以及立法内容的内在控制（即立法说理结构由合理性到合宪性的“全领域”控制）。我国的合宪性审查实践正在通过对宪法监督的功能性职权分工、对具体审查的兼容、强民主程序的保障，回应对“代议机关监督模式”的质疑，其中所蕴含的理论规律无疑会为世界范围内的宪法监督模式理论提供新的理论资源，为构建中国宪法学自主知识体系提供学理支撑。,立法;宪法说理;合宪性审查;宪法监督;全过程人民民主,D921,,,法学三大刊论文/中国法学/立法主体宪法说理义务的法律化.pdf
614,立法原意何处寻:评2021年最高人民法院适用刑事诉讼法司法解释,龙宗智[1],四川大学法学院,2021,4,247,266,"最高人民法院2021年关于适用刑事诉讼法的解释,遵循立法原意,回应实践需求,解释成效显著,应充分肯定.在法律和实践的矛盾中,需体谅解释者的难处,慎重判断是否违反立法原意.但就回避程序的相关解释突破法律规定,且可能妨碍程序公正和法庭中立,执行时应注意防止弊端且应进一步完善程序规范;确认有专门知识的人出具的报告以及事故调查报告的证据资格有现实意义,但与立法不协调,且解释自身有矛盾,考虑实践需要应区别情况处理;以三项新规确认""证据未移送根据在案证据认定事实""规则,是重要创新,但就其中第73条规定的未移送,不应仅看在案证据,也应根据证据未移送的情况作出认定;对质新规未能反映《法庭调查规程》对该程序的完善,而分案审理被告人到庭接受调查不应当仅理解为到庭对质.",司法解释;立法原意;回避;对质,D925.2,0,,法学三大刊论文/中国法学/立法原意何处寻_评2021年最高人民法院适用刑事诉讼法司法解释.pdf
615,立法性决定的界定与效力,金梦,华东政法大学法律方法研究院、立法与政治发展研究中心,2018,3,150,166,"立法性决定是全国人大常委会在行使立法权和决定权的过程中制定的有关宪法和法律问题的决定、决议和办法等规范性法律文件的统称。立法性决定是应对法律缺位达致法律实现目标的必然选择,是法律实用主义发展的重要体现,是完善法律体系的必然要求。立法性决定在立法层面和司法适用过程中存在着名称不统一和效力不明确等诸多问题。在对立法性决定进行效力认定时应该坚持宪法至上原则、正当程序原则、科学立法原则和民主立法原则。只有通过在立法过程中完善相应的立法技术规范,明确立法性决定的法律效力,才能更好地发挥立法性决定在完善法律体系和全面推进依法治国中的重要作用。",立法性决定;规范性法律文件;立法程序;法律效力,D923.6,0,,法学三大刊论文/中国法学/立法性决定的界定与效力.pdf
616,立法扩张与司法限缩:刑法谦抑性的展开,田宏杰[1],中国人民大学刑事法律科学研究中心,2020,1,166,183,"由形式谦抑性与实质谦抑性的有机统一、立法谦抑性与司法谦抑性的动态均衡所决定,前置法备而刑事法不用或少用,刑事立法备而刑事司法不用或少用,这既非象征性刑法在我国发韧的表征,亦非积极刑法观在中国肇始的告白,而是以谦抑性为内核的传统刑法观之精义所在。由此决定,刑法谦抑性在我国刑法现代化进程中的实现之路在于刑事立法扩张与刑事司法限缩的并行不悖和张弛有度,前者以行政犯增设的犯罪化扩张和刑罚强度减弱的结构化调整为主线,后者则应致力于以下两条进路的展开:一是前置法定性与刑事法定量相统一的刑法适用解释对立法犯罪化之司法认定限缩;二是前置法优先处理原则与刑事法优先处理例外相结合的刑事案件办理模式的倡导。",象征性刑法;积极刑法观;刑法谦抑;刑事立法扩张;刑事司法限缩,D92,0,,法学三大刊论文/中国法学/立法扩张与司法限缩_刑法谦抑性的展开.pdf
617,立法社会效果考量的方式及其决策思维,"王怡[1,2]",中国社会科学院法学研究所,2025,2,188,206,基于立法社会效果作出立法决策是科学立法的必然要求。经济社会环境、制度环境、主体因素、技术因素等，都潜移默化地塑造着立法社会效果，使之呈现积极效果与消极效果并存、宏观效果与微观效果并存、远期效果与近期效果并存的复杂面相。标准化的立法评估带有理性决策的前见，往往难以超出立法目标的既定视野而给出更多有关立法社会效果的信息，有必要引入立法社会效果论证，在民主参与的过程中发现和检验立法社会效果，并基于论证性商谈凝聚最大共识。围绕立法社会效果所产生的各种争议或疑难，必须在立法审议中被充分考虑和权衡。基于立法社会效果作出的立法决策，并非机械化的法律文本增删，而是一种需要调用系统性思维的决策应变，既可以尝试在法律系统外部寻求社会问题的解决方案，也可以在法律系统内部统筹谋划立法方案。,科学立法;立法社会效果;立法评估;立法论证;立法策略,D920.0,,,法学三大刊论文/中国法学/立法社会效果考量的方式及其决策思维.pdf
618,符合强制性标准与侵权责任承担的关系,谭启平,西南政法大学民商法学院,2017,4,174,187,"有关符合强制性标准与侵权责任承担关系的争议,主要源自对强制性标准的曲解。强制性标准是基本标准、最低标准,不能适应安全价值的需要,也不能实现安全效力的强制。强制性标准仅是侵权责任注意义务的重要产生依据和侵权责任承担的重要判断依据,符合强制性标准不能成为免除侵权责任的抗辩事由。未来实现技术法规与侵权责任承担的关联,需要结合技术法规的法律层级以及具体规范设计分别进行判断。在民法典中,宜以《民法总则》第11条＂其他法律对民事关系有特别规定的,依照其规定＂作为处理符合强制性标准与侵权责任承担关系问题的法律依据,实现与《标准化法》的相互衔接。",强制性标准;侵权责任;注意义务;技术法规,D913,48,,法学三大刊论文/中国法学/符合强制性标准与侵权责任承担的关系.pdf
619,符合法律的宪法解释与宪法发展,杜强强[1],首都师范大学政法学院,2022,1,119,136,"符合法律的宪法解释是在宪法有复数解释时以法律为准据而选择宪法解释的方法,与合宪性解释的方向恰恰相反.在我国宪法实践上,全国人大常委会曾经将《宪法》第40条上的公安机关解释为涵盖国家安全机关,这是较为典型的符合法律的宪法解释.从理论上说,为化解违宪疑虑,也可以通过这种解释方法将《宪法》第40条上的通信解释为排除通讯记录,而将检察机关解释为涵盖监察机关在内.与合宪性解释不同的是,符合法律的宪法解释属于逆向的""以宪就法"",因此通过这种方法得出的结论须接受宪法上的再审查.这种解释方法既能维持宪法的最高性,恪守宪法与法律之间的界分,同时又能容纳宪法含义新的发展.",合法宪法解释;合宪性解释;合宪性审查;通信自由和通信秘密,D921,0,,法学三大刊论文/中国法学/符合法律的宪法解释与宪法发展.pdf
620,答复类行政解释的行政诉讼法定位及其司法审查,金自宁[1],,2023,4,165,182,答复类行政解释既不同于包含于具体行政处理决定之中的个案解释，亦不同于以规范性文件为载体的抽象解释，由此难以被我国现行法上对具体及抽象行政行为的司法审查制度所覆盖。当前司法实践对其处理并不一致。但是，答复类行政解释的实质内涵关乎法律问题而不是事实问题，从而不宜被列为“证据”；同时，将之归为“依据”也与我国现行法及其法理不合。鉴于答复类行政解释对裁判结果的实际影响，有必要保障诉讼当事人对其提出异议的机会，为此，可以将其列为“其他诉讼材料”。法院应当在对答复类行政解释进行审查的前提下，认定其合法性和说服力。其中，合法性主要涉及解释主体权限和解释内容合法；说服力则涉及解释者的制度角色、解释程序及解释理由等因素。,答复类行政解释;司法审查;行政专长;正当程序,D922.1,,,法学三大刊论文/中国法学/答复类行政解释的行政诉讼法定位及其司法审查.pdf
621,简牍所见秦县少吏研究,朱腾,中国人民大学法学院,2017,4,188,206,"一直以来,法律史学界在论及胥吏问题时往往集中于清代,最早则追溯至魏晋南北朝。然而,从近年来出土的简牍文献的记载来看,秦县衙中的少吏们承担着大量的行政工作,朝廷却以财政平衡及理政思路之故无法在薪俸和晋升条件上为他们提供良好的待遇,他们遂凭借其行政技能背公谋私。尽管朝廷试图通过法与德来约束少吏们,但其职场前景的黯淡终究令朝廷的努力在一定程度上归于失败。由是观之,因为传统中国政府中的胥吏具有地位低、实权大、恶评多等整体特征,所以与之相似的秦少吏阶层的出现意味着胥吏文化的初步形成,集权体制下的行政实况亦可借此予以再思考。",简牍;少吏;胥吏,K877.5,53,,法学三大刊论文/中国法学/简牍所见秦县少吏研究.pdf
622,算法侵害责任框架刍议,王莹[1],,2022,3,165,184,算法决策的主体多元性、开放性、不透明性、自主性等技术特征给算法侵害归责带来挑战，有必要在检验与拓展传统侵权法与刑法责任框架基础上，结合算法技术特征构建一个层级式的算法责任框架。对于产生具体侵害结果的算法损害归责而言，分别设置因果支配型的责任与非因果支配型的义务型责任。前者是指针对具有理解与控制技术可能性的算法适用过错责任与严格责任，后者是指针对不具有理解与控制技术可能性的算法适用义务型责任，为算法设计者与应用者设置避免算法侵害风险现实化的义务或对用户、社会公众法益的保护义务及相应责任。对算法妨害而言，因无具体权利侵害结果因而不存在结果归责问题，仅需对该算法妨害行为加以禁止，设置相应行政违法行为，或设置类似侵权法的公共妨害甚或刑法上的抽象危险犯进行追责。,算法侵害;算法妨害;算法损害;义务型责任,TP301.6,,,法学三大刊论文/中国法学/算法侵害责任框架刍议.pdf
623,算法规制的谱系,苏宇[1],中国人民公安大学法学与犯罪学学院,2020,3,165,184,"不断增长的算法风险引致了算法规制的兴起。算法风险的产生原因主要存在于目标失范、算法缺陷、信任危机、防御薄弱、监管与责任机制不足等方面。目前的算法规制实践已经初步形成了算法规制谱系的轮廓,但仍存在规制思维、规制对象、规制主体、规制工具及法律关系等方面的诸多局限性。目前的算法规制谱系可以通过四个维度及不同维度间的各种联结关系进行刻画。在未来,应以人的主体性而非规制工具的效用为基础完善算法规制的谱系,以具备开放性、反思性和统合性的框架应对各种算法风险的挑战。",算法规制;算法风险;谱系,D92,0,,法学三大刊论文/中国法学/算法规制的谱系.pdf
624,类似必要共同诉讼适用机制研究,"汤维建[1,2]",中国人民大学法学院,2020,4,240,260,"我国《民事诉讼法》引入类似必要共同诉讼从而完善我国的必要共同诉讼制度已属必然。从发展趋势看,类似必要共同诉讼正在从狭义转向广义、从传统转向现代、从一元转向多元,其范围也随之不断扩大。就类似必要共同诉讼的适用机制而言,有必要将类似必要共同诉讼分为诉讼标的同一型和诉讼标的牵连型、原告型和被告型以及既判力全面扩张型和既判力局部扩张型等类型,对其识别以诉讼标的具有共同性或牵连性为客观标准,同时辅之以立法上的除外标准。在此基础上,对《民法典》等制定法上的类似必要共同诉讼进行辨析,提出若干条款作为《民事诉讼法》的修法建言。",必要共同诉讼;类似必要共同诉讼;既判力扩张;识别标准;程序设置,D92,0,,法学三大刊论文/中国法学/类似必要共同诉讼适用机制研究.pdf
625,精神文明的宪法叙事：规范内涵与宪制结构,秦小建,华中科技大学法学院,2018,4,23,43,"中国宪法中的精神文明建设并非单向的国家道德干预,而是在个体参与社会交往基础上形成的国家与公民的价值沟通机制。精神文明建设依托宪法主权协商结构,以执政党的道德秉性发扬、国家目标动员和群众路线方法,推进家庭、社区等伦理实体对主权结构的濡化,将主权的正当性逻辑延伸到价值多元时代的意识同一性、精神凝聚性和文化公共性的意义构建,并凝聚为＂国家—社会—个体＂三元同构的社会主义核心价值观,以此作为精神文明的实质载体。精神文明建设的宪法路径是,依据由精神文明转化的宪法价值体系,及由其指引构建的规范体系,将精神文明融入到宪法与法治秩序中,为价值争议创造公共商谈空间,塑造依法治国与以德治国的融贯逻辑,由此达成个体自主、社会濡化、国家教化与政府价值中立的结构耦合。",精神文明;社会主义核心价值观;公民教化;主权结构,D64,0,,法学三大刊论文/中国法学/精神文明的宪法叙事：规范内涵与宪制结构.pdf
626,系列杀人犯罪侦查分析模型的创建与检验,曾赟,广州大学法学院,2018,1,245,264,内容提要当某一故意杀人犯罪发生时，侦查机关的第一要务是准确判定案件属性。其中确定案件是否属于系列杀人犯罪可谓重中之重，因为这既关涉到案件能否得以及时、准确侦破，又关乎司法公正。为便于侦查机关准确判别某一故意杀人是否属于系列杀人犯罪，兹在明确界定系列杀人犯罪概念基础上，通过聚类分析、方差分析、二元逻辑回归分析等方法创建系列杀人犯罪分类模型和回归模型。依据系列杀人犯罪分类模型，侦查机关可初步基于犯罪地是否偏僻、被害人尸体是否在犯罪现场、凶犯除故意杀人是否还有抢劫、是否有犯罪前科等四个方面直观判定某一故意杀人是否为系列杀人犯罪；依据系列杀人犯罪回归模型，侦查机关可精准计算出某一故意杀人为系列杀人犯罪的概率值。分类模型的直观性和回归模型的精准性为侦查机关判别故意杀人犯罪案件属性提供了一个可具体测量的科学依据。,系列杀人;数据编码;聚类分析;方差分析;二元逻辑回归分析,D917,0,,法学三大刊论文/中国法学/系列杀人犯罪侦查分析模型的创建与检验.pdf
627,系统论宪法学新思维的七个命题,陆宇峰[1],华东政法大学科学研究院,2019,1,82,103,"系统论宪法学复兴了宪法社会学传统,从社会整体视角出发破解了现代宪法的'源代码',可能给当代的宪法学研究带来新思维。这种新思维致力于构造一个宏大的理论体系,其内在逻辑是:现代宪法独特的社会功能决定了它在时间、空间、事物三个维度的内涵和特征,使之得以处理现代社会固有的宪法问题;全面理解现代社会面对的宪法问题,才能准确把握现代宪治的实践历史和当下发展,合理预测现代宪治的未来走向;与此进程相应的宪治模式转换,反过来又取决于在不断变迁的社会环境之中有效执行现代宪法功能的客观需要。这一新思维可以初步概括为七个命题:现代宪法的社会功能是'维系功能分化';现代宪法的'现代性'体现为'效力自赋';现代宪法位于法律系统与政治等功能系统的'结构耦合'处;现代宪法的内容有其'社会规定性';抵御体制性社会力量的权利才是'基本'权利,它涉及多重主体,具有双向效力;除了权力滥用的'政治宪法问题',现代社会还面对社会媒介失控的'社会宪法问题';为了处理日益复杂的社会宪法问题,现代宪治持续发生模式转换,正在迈向多元主义的未来。",系统论宪法学;宪法功能;部门宪法;多元主义宪治,D921,0,,法学三大刊论文/中国法学/系统论宪法学新思维的七个命题.pdf
628,系统论法学视角下现代司法裁判中规范与事实的区分,泮伟江[1],北京航空航天大学法学院,2024,6,148,166,随着中国法治建设不断深入，如何说明和论证司法裁判中抽象法律规范和具体个案事实的区分，已成为法学理论的一个重要问题。传统的法学理论主要通过休谟定律来说明此种区分的合理性，但遭遇巨大的挑战。系统论法学放弃了先验论的进路，将法律系统看作是一种运作封闭和认知开放的社会系统，进而将法律规范与案件事实的区分理解为法律系统内部的一种认知图式。该图式在法律系统内部执行了自我指涉与外部指涉，协调法律系统与环境之间的关系，有助于实现法律系统保障规范性预期之社会功能的实现。,司法裁判;法律规范;案件事实;系统论法学;认知图式,D916,,,法学三大刊论文/中国法学/系统论法学视角下现代司法裁判中规范与事实的区分.pdf
629,索债型非法拘禁罪扩张适用下对绑架罪的再认识,徐光华[1],江西财经大学法学院,2020,3,261,281,"审判实践中,扩张索债型非法拘禁罪以限制绑架罪的适用较为普遍,对索债进行过度扩张解释,背离了债的应有含义;索债目的事实上已经不是区分绑架罪与非法拘禁罪的标准,而是一种借口。将绑架罪等同于非法拘禁罪与勒索财物等不法目的的结合有违罪刑相适应原则:基于勒索财物目的而拘禁、扣押人质的案件也未必都被认定为绑架罪。绑架罪的实质在于对人身权利的严重侵害或威胁,将绑架罪的手段行为理解为对人身权利的严重侵害或威胁符合罪刑相适应,目的的不法程度对认定绑架手段的不法性具有参考意义。基于索债之外的目的而拘禁、扣押他人,没有严重侵犯人身权利的,仍应构成非法拘禁罪。应合理地限制解释绑架罪,及时调整罪刑关系。",索债;非法占有目的;绑架罪;以刑制罪,D92,0,,法学三大刊论文/中国法学/索债型非法拘禁罪扩张适用下对绑架罪的再认识.pdf
630,紧急状态下的法治与社会正义,郑玉双[1],中国政法大学法理学研究所,2021,2,107,126,"新冠肺炎疫情引发全球性公共卫生危机,对常态法律秩序和法治实践构成挑战.由于紧急事态的现实急迫性和风险扩张性,紧急状态的事实性和规范性存在张力,紧急权力的行使面临价值优位性和法治融贯性难题.紧急状态下的秩序是紧急权力决策和行使的特殊社会语境,具有合法性环境和正义环境之双层结构.在紧急秩序的解释性特征之下,应超越形式法治观和实质法治观的局限,将紧急状态视为法治的临界状态.紧急权力行使以恢复常态秩序为直接目的,其法治内涵是在正义框架下作出维护和修复基本善的应急处理并促进合法性环境和正义环境的互动.基于对法治理想的追求,应将合法性和正义的制度互嵌与共同体德性的培育作为紧急状态中重塑社会正义的重要内容,以凝聚宪法共识、化解紧急危机和巩固社会根基.",紧急状态;紧急权力;法治;社会正义;共同体德性,D920.0,0,,法学三大刊论文/中国法学/紧急状态下的法治与社会正义.pdf
631,累犯从严量刑适用实证研究,劳佳琦,北京师范大学刑事法律科学研究院,2016,1,247,268,"通说认为,累犯情节反映出累犯较大的人身危险性,所以应该对其从重处罚。我国《刑法》明确规定了累犯应当从重处罚,但对累犯应当怎样从重处罚却语焉不详。直到近年,最高人民法院《量刑指导意见》的出台才为量刑阶段如何实现累犯从严提供了更为细化的指导。本研究以我国10万个刑事判决书为研究样本,综合运用多种实证研究方法,先后考察了累犯情节整体以及累犯情节各个构成维度对量刑结果的实然影响,结果发现：累犯情节作为一个整体确实对量刑结果存在显著的从严调整作用,然而就累犯情节各个构成维度而言,除了累犯后罪的性质与轻重和累犯从严幅度呈显著正相关以外,累犯前罪的轻重与性质、累犯前后罪的关系、累犯前罪刑罚执行完毕或赦免以后至再犯罪时间的长短对于量刑结果均不产生显著影响。经验层面的累犯情节量刑适用呈现出＂轻轻重重＂的适用规律。尽管法官关于累犯从严量刑适用的集体实践具有一定的合理性,司法实践中人身危险性评估的感性判断模式却亟待改进,引入精算式的评估工具不失为一种有益尝试。",累犯从严;量刑;人身危险性,D924.11,44,,法学三大刊论文/中国法学/累犯从严量刑适用实证研究.pdf
632,纪检监察学“三大体系”论纲,刘练军[1],,2024,1,186,205,作为一门深具中国特色的新兴学科，纪检监察学当务之急是构建其学科体系、学术体系和话语体系。纪检监察学学科体系由理论学科、解释学科、实务学科和历史学科四类学科组成，各类学科都有相对独立的研究对象、学科范畴和理论话语。纪检监察学学术体系可以划分为表层的知识体系和深层的理论体系，其基本特征在于它的复合构造。纪检监察学话语体系的中国特色至为鲜明，它主要由政治类话语、学术类话语和政策类话语三种话语构成，不同话语之间具有一定的互释性。中国自主知识体系可谓纪检监察学“三大体系”的内核，本土性与融贯性乃是其根本特质。纪检监察学“三大体系”建设应当坚持以马克思主义为指引，坚持问题导向，坚持体制机制创新。,纪检监察学;学科体系;学术体系;话语体系;自主知识体系,D262.6-4,,,法学三大刊论文/中国法学/纪检监察学“三大体系”论纲.pdf
633,纳税便利原则研究,单飞跃[1],上海财经大学法学院,2019,1,164,185,"方便并有利于纳税人为核心内涵的纳税便利思想,应贯穿于税收立法与税法实施的全过程,并作为一项基本的税法原则固定下来。在事实层面,纳税便利原则以多种表现形式存在于我国现行税法规范之中;在价值层面,纳税便利原则强调从保障纳税人基本权益的视角进行税制构建与税法实施。纳税便利原则根植于宪法规定的人民主权与人权保障原则,主张国家有义务为纳税人提供与其履行纳税义务相匹配的便利条件,税收立法确定、简便、易懂,税收执法规范、科学、以人为本,是形式方便与实质有利、征税便利与纳税便利的有机统一。纳税便利原则与税收法定原则、税收效率原则、量能课税原则存在联系与区别,对改善我国税收法治环境、规范国家税权、完善实体税制及征管机制具有指导作用。",纳税便利;税收效率;纳税人主动遵从;纳税人基本权益,D922.22,0,,法学三大刊论文/中国法学/纳税便利原则研究.pdf
634,组织法的诉讼构造:公司决议纠纷诉讼规则重构,丁勇[1],华东政法大学,2019,5,97,116,"公司决议只具有约束股东及董监事的内部效力而不具有外部效力,债权人等外部主体对决议效力不存在法律上的利益,无权主张确认决议无效或不存在。股东会决议撤销之诉中对股东资格的要求不应剥夺股权转让自由,董监事仅在决议损害公司利益时才享有撤销权。董事会决议瑕疵之诉中,董监事只可在董事会无法自我纠正时提起诉讼,同时应比照代表诉讼要求限制股东诉权。股东及董监事可作为无独立请求权第三人参加诉讼,有权进行与所参加方相抵触的诉讼行为。应按瑕疵而非决议区分诉讼标的,但针对同一瑕疵提起的后诉不构成重复诉讼而属共同诉讼,针对同一决议的诉讼应当合并审理。判决不存在对世效力,既判力只在原告胜诉时发生扩张。",决议瑕疵诉讼;组织法;诉讼规则;既判力扩张;诉讼标的,D922.291.91,0,,法学三大刊论文/中国法学/组织法的诉讼构造_公司决议纠纷诉讼规则重构.pdf
635,组织法视阈中的公司决议及其法律适用,周淳[1],浙江大学光华法学院,2019,6,139,160,"民商合一立法体例下,在公司法规范存在缺漏时,基于《民法总则》第134条第2款,关于民事法律行为的一般规则即可适用于公司决议纠纷。然而,行为法规则无法回应公司决议的团体性,也与组织法的原则和价值相矛盾。法律行为制度以契约为原型,其规范重心在意思与表示的一致及双方意思表示的一致。公司决议制度则调整公司意思的形成,亦即部分成员或机关成员的意思如何成为公司的意思从而约束全部。公司决议本质是""公意"",而非""合意""。决议只有在符合公司法与章程规定的程序与权限时,方被评价为公司意思。公司决议的特殊性,决定了其应由公司法专门调整的必然性。故对公司决议,公司法有规定的,当然应适用公司法;公司法未有规定的,应先根据公司法的精神与原理进行法律解释和漏洞补充,避免动辄向民事行为法逃避,对公司决议削足适履地适用法律行为的一般规则。",公司决议;公司意思;程序权限;法律行为,D92,0,,法学三大刊论文/中国法学/组织法视阈中的公司决议及其法律适用.pdf
636,经理雇佣合同与委任合同之分辨,王天玉,清华大学法学院,2016,3,282,302,"对于经理与公司之间的合同关系是雇佣还是委任的问题,应当以从属性作为基本判断标准,依据人格从属和经济从属予以认定。总经理给付劳务由于不具有从属性,应当属于委任合同。对于除总经理外的高级经理和低级经理,应当依据从属性指标体系甄别从属性程度差异,给予差别化的劳动法保障。在员工升任总经理的情况下,原雇佣合同与新委任合同可以并存,双方有特别约定则从其约定,无特别约定则原雇佣合同中止,待委任合同终止后继续履行。",经理;雇佣;委任,D922.5,91,,法学三大刊论文/中国法学/经理雇佣合同与委任合同之分辨.pdf
637,经营者集中法律界定模式研究,叶军[1],商务部反垄断局,2015,5,223,247,为防止经营者集中产生排除、限制市场竞争的效果，世界上绝大多数司法辖区都要求达到申报标准的经营者集中事先进行反垄断申报，经反垄断执法机构批准后方可实施。除取得资产所有权和经营者合并以外，在取得股权及类似权益的情形下，原本相互独立的市场竞争力量之间是否发生集中的判断标准相对模糊，界定拟议交易是否属于经营者集中存在较大的不确定性，我国的经营者集中反垄断立法和执法也面临如何消除这种不确定性的问题。考察各司法辖区的解决之道，发现不同界定模式背后有不同的法律传统、现行法律体系和执法机制等背景和原因。我国应以《反垄断法》第20条为基础，通过《反垄断法》的配套立法对“控制权”和“施加决定性影响”做出混合模式的阐释，根据执法经验和数据统计界定取得“施加决定性影响”的最低量化标准，增强法律实施的确定性，提高执法效率，降低申报成本，节约执法资源。,反垄断;经营者集中;界定模式,D922.294,92,,法学三大刊论文/中国法学/经营者集中法律界定模式研究.pdf
638,绿色“一带一路”环境法规制研究,"孙佑海[1,2]",天津大学法学院;天津大学中国绿色发展研究院,2017,6,110,128,在绿色“一带一路”建设中强化环境法规制具有必需性和迫切性。“一带一路”沿线部分国家普遍存在生态环境脆弱的客观情况，而我国海外投资实行长期开发新模式，出于提升我国环境保护形象和防范环境风险引发经济风险等目的，都亟待强化环境法规制。绿色“一带一路”要求我国“走出去”的企业接受东道国环境法的规制，同时自觉对接我国有关主管部门的依法监管。当前我国涉外环境立法严重不足，对“走出去”的企业缺乏环境监管；司法机关受管辖权限制难以发挥职能作用；企业因守法意识淡漠而易引发诸多环境纠纷。我国应当坚守人类命运共同体理念和国际环境法的基本原则；对“走出去”的企业从环境立法、环境行政监管、促进企业“合规”经营等方面进行指导监督；将司法机关发挥审判职能作用与建立健全国际多元化环境纠纷解决机制相结合，高效解决建设“一带一路”进程中的各类环境纠纷，依法保障建设“一带一路”目标的全面实现。,一带一路 人类命运共同体 国际环境公约 环境法规制,D996.9,0,,法学三大刊论文/中国法学/绿色“一带一路”环境法规制研究.pdf
639,绿色原则与法经济学,贺剑[1],北京大学法学院,2019,2,110,127,"《民法总则》第9条的绿色原则并非仅有环境保护一端,而是有环境保护与节约资源双重面向。环境保护诚然是绿色原则的重点,但无论是在公法层面还是在私法层面,环保意义为绿色原则之误用;全面的节约资源等上的绿色原则均难以有所作为,诸多应用舛误重重。节约资源有片面和全面之分,片面的节约资源在目前实践中颇为常见,但均同于社会成本最小化或社会财富最大化,即法经济学,而这才是绿色原则的未来。",节约资源;环境保护;社会成本最小化;民法经济分析;民法基本原则,D90-059,0,,法学三大刊论文/中国法学/绿色原则与法经济学.pdf
640,绿色发展中的环境法实施问题：基于PX事件的微观分析,陈海嵩,中南大学法学院,2016,1,69,86,"环境法的实施是当前中国环境法治的核心议题。在环保＂新常态＂和推进绿色发展的时代背景下,不应先验地将地方政府视为阻碍环境法实施的消极因素,而是需要从微观视角出发进行更为细化地分析。运用社会科学研究中的＂假设—验证＂方法,对近年来具有代表性的PX事件的研究表明,环境法的实施情况并不能作为解释PX事件治理困境的主要原因;将厦门PX事件视为＂范例＂掩盖了其复杂的博弈过程,反而对类似事件的合理解决造成阻碍。PX事件治理困境之根源,在于政府权力运作的短期性与随意性。中国环境法实施现状与公众诉求之间的矛盾,源于行政权力运作的实践逻辑,是一种＂内生困境＂而非＂外在困境＂,并不是简单通过加大外部资源投入就能解决,而是要依赖制度性约束条件的转变与改善,其关键环节在于实现政府决策模式从＂嵌入＂到＂善治＂的转型。",环境法实施;绿色发展;PX事件;行政权力,F326.2,53,,法学三大刊论文/中国法学/绿色发展中的环境法实施问题：基于PX事件的微观分析.pdf
641,编纂实施民法典是习近平法治思想的生动实践,"王轶[1,2]",中国人民大学民商事法律科学研究中心,2021,3,38,50,"习近平法治思想是马克思主义法治理论中国化的新发展新飞跃,是习近平新时代中国特色社会主义思想的重要组成部分,是全面依法治国的根本遵循和行动指南.编纂实施民法典是习近平法治思想的生动实践:党的领导是编纂实施民法典坚强有力的政治保障;以人民为中心是编纂实施民法典的根本宗旨;中国特色社会主义法治道路是编纂实施民法典的必由之路;编纂实施民法典是在法治轨道上推进国家治理现代化的重要成果;编纂实施民法典是建设中国特色社会主义法治体系的重要内容.",习近平法治思想;民法典;国家治理体系和治理能力;法治体系;法治道路,D920.0;D923,0,,法学三大刊论文/中国法学/编纂实施民法典是习近平法治思想的生动实践.pdf
642,网络借贷平台法律监管研究,冯辉,对外经济贸易大学法学院,2017,6,221,239,在混业金融背景下，网络借贷平台不宜被强制分割和限定为信息中介与小额贷款机构。管控型的监管模式不仅滞后于社会对平台监管的需求，也损害了网络借贷产业的发展和监管的公信力。为了实现与产业发展、社会整体利益维护之间的平衡，网络借贷平台的法律监管应当从以下方面进行完善：在监管理念上，推动监管成为内生因素，以公共产品供给为理念变革网络借贷平台法律监管的核心规则；在监管策略上，调整既有的风险隔离策略，以功能主义与类型化为导向开放平台的中介类、增信类、借贷及衍生类业务，构建一体化的网络借贷平台监管规则；在风险控制上，事前准入应引入产业发展、市场竞争与准入公平等考量，事中监测应通过穿透式监管识别业务属性并导入相应的指标体系；在信息监管上，强化信用评级、信息披露等信息性监管和投资者教育等公共信息服务；在风险分担上，加强投资者权益救济，完善风险基金、责任保险等风险分担机制的建设。,网络借贷平台 公共产品型监管 类型化监管 穿透武监管 混业金融,F832.4,0,,法学三大刊论文/中国法学/网络借贷平台法律监管研究.pdf
643,网络平台治理立法的反思与完善,张新平[1],,2023,3,122,141,网络平台治理立法是确保平台扩张与治理在法治轨道上进行的前提。我国网络平台治理立法迄今经历萌芽、起步、发展和全面推进四个阶段，分别呈现内嵌模糊化、工具理性定位、责任中心主义、多目标协调的样态特征。考虑到平台的技术性、治理的复杂性以及立法的科学性，网络平台治理立法的完善须透过治理事务之表象，深入探究制度缺陷背后的立法新情景冲击和旧范式束缚之深层原因以及平台本体论的理论。应以法律归化理论为指导，既重视单向的以立法规制平台，又看到平台对立法的反作用，强调技术与法律的双向互动融合，在法治框架内展开模式优化和理念调适。在此基础上，基于法律体系主义，构设“安全有保障、发展能促进、管理更规范”的网络平台治理法律制度体系，以推动平台在法治轨道上既安全稳定又繁荣健康发展，不断提升我国网络平台治理的法治化水平。,平台治理;立法模式;法律归化;平台经济,D922.16,,,法学三大刊论文/中国法学/网络平台治理立法的反思与完善.pdf
644,网络时代的刑法立法体系及其建构,李晓明[1],,2023,5,49,68,信息网络犯罪依据犯罪形态分为破坏信息网络安全的技术型犯罪、利用信息网络实施的传统犯罪及违反网络空间管理义务的犯罪，犯罪类型及特征不同，治理的侧重点也不同。我国刑法典一元模式难以适应网络时代发展，易造成网络犯罪的法网疏漏、刑罚结构的重刑化及刑法与前置法的衔接不畅。而三元立法模式能体现刑法规范体系维护价值的层次性与序位性，在适应犯罪类型化趋势及治理诉求差异上具有优势。其建构重点在于明确刑法典、单行刑法、附属刑法各自的立法原则，根据模式特点选择犯罪类型。其中，利用信息网络实施的传统犯罪以刑法典为主体，以单行刑法、附属刑法为补充；破坏信息网络安全的技术型犯罪以单行刑法为主体；违反网络空间管理义务的犯罪以附属刑法为主体。由此形成专门化、具有针对性和有效性的刑法科学体系，以适应网络时代治理犯罪之需。,网络犯罪;刑法典;刑法立法体系;三元立法模式,D924.3,,,法学三大刊论文/中国法学/网络时代的刑法立法体系及其建构.pdf
645,网络犯罪的刑法解释空间向度研究,刘艳红[1],东南大学法学院,2019,6,202,223,"社会空间能够形塑法律事实和法律概念。网络空间的社会性使网络犯罪的事实和概念得以出现和生成。网络犯罪具有计算机作为犯罪对象、计算机作为犯罪主体和计算机作为犯罪工具三种类型。网络犯罪是对传统线下犯罪的进化:由于网络空间中的虚拟性、平台性、智能性、复制性,刑法的空间效力面临虚置危险,犯罪的行为主体转向网络平台,犯罪的行为构造发生松动重组,刑罚的裁量基准愈加重叠多样。对此,刑法应当兼顾立法技术和解释能力。在解释论上,一要认知网络本质,二要重视案件事实。隐喻既是事实分析方法,也是法律解释思想:通过将陌生的线上事物转化为熟悉的线下事物,使案件事实向法律规范靠近;通过释放法律关于线上事物的隐喻含义,将法律规范向案件事实拉近。",刑法解释;网络空间;传统线下犯罪;网络犯罪;隐喻思想,D92,0,,法学三大刊论文/中国法学/网络犯罪的刑法解释空间向度研究.pdf
646,网络社会司法治理的实践探索与前景展望,李占国[1],浙江省高级人民法院,2020,6,5,23,"网络社会治理是中国特色国家治理体系的有机组成部分。信息技术发展日新月异,立法的滞后性、监管的中心化、市场的趋利性,导致传统社会的治理手段难以完全适应网络社会治理需求。司法与技术融合为网络社会治理赋能,积极参与网络社会协同共治,调动立法、行政、社会、新闻等各方治理资源,妥善化解互联网纠纷,逐步树立互联网行为规则。司法在网络社会治理中的作用不可替代。面向互联网、人工智能的未来发展,需要推动司法与网络思维、技术、监管等治理要素的耦合,以更加专业化的网络司法来整合监管资源,推进网络社会治理能力现代化,保障网络发展,维护国家主权,为全球网络治理贡献中国智慧。",网络社会;司法治理;治理规则;,D92,0,,法学三大刊论文/中国法学/网络社会司法治理的实践探索与前景展望.pdf
647,网络社会法律治理与技术治理的二元共治,郑智航,山东大学法学院,2018,2,108,130,"互联网通过虚拟技术使人们实现了一种独特的在线生存的基本样态。它扩大了人们的社会互动范围,改变了人们的交往形式,形成了网络社会独特的时空观、权力观和人际观。中国当下坚持的集权主义、行为主义和国家主权的网络治理逻辑,正在受到技术的严峻挑战。网络技术逐步生成了一种网络自主空间,并形成了一套以技术编码和自治伦理为主的技术治理方式。技术治理方式区别于以国家为核心的法律治理方式,甚至在某些场合对法律治理方式产生制约。人们需要运用法律蕴含的价值和法律治理的有关手段,对技术治理进行有效归化。技术治理水平的提升,又为法律治理手段、边界和治理结构的调整提供动力和可持续的约束力。正确处理法律治理与技术治理之间的关系,形成二元共治结构,是提升中国网络治理水平和能力的前提。",网络社会;法律治理;代码规制;技术归化,D033,0,,法学三大刊论文/中国法学/网络社会法律治理与技术治理的二元共治.pdf
648,网络空间中犯罪帮助行为的制裁体系与完善思路,"于志刚[1,2]",中国政法大学 中国政法大学网络法研究中心,2016,2,5,24,"传统犯罪帮助行为在网络空间呈现出全新特性,对于传统刑法制裁体系带来严重冲击。当前,刑事立法、司法为制裁网络犯罪帮助行为建立的＂单向双轨三核＂应对模式存在着单向基本思路偏颇、刑事法网不严、责任认定失位的缺陷。树立双向思维模式、扩大罪名体系制裁犯罪以及完善共犯责任、正犯责任、平台责任三类责任的评价体系,是实现网络社会背景下帮助行为刑事制裁体系科学化的必然选择。",网络犯罪;帮助行为;共同犯罪;共犯的正犯化,D924,19,,法学三大刊论文/中国法学/网络空间中犯罪帮助行为的制裁体系与完善思路.pdf
649,网络空间适用禁止使用武力原则的法律路径,张华[1],,2022,2,283,304,"网络空间如何适用禁止使用武力原则这一问题深受""实证主义路径""下商谈进程的影响.各国新近就网络空间国际法适用问题所发布的立场文件倾向于采纳效果标准.由于效果标准固有的缺陷,以及在解释和适用方面存在多重法律不确定性,国际社会应谨防过早将其转化为实证法的倾向.""实证主义路径""的法律困境需要""情境主义路径""来化解.综合考虑相关因素的""情境主义路径""强调个案分析,在现阶段较为适合对网络攻击进行客观准确的定性.基于禁止使用武力原则适用于网络空间这一基本立场,中国在网络空间国际造法进程中应及时就相关国际法问题传达中国方案,适时发表立场文件,以引领网络空间国际法的发展潮流.",禁止使用武力原则;网络空间;实证主义路径;情境主义路径,D99,,,法学三大刊论文/中国法学/网络空间适用禁止使用武力原则的法律路径.pdf
650,网络诽谤的争议问题探究,张明楷[1],清华大学法学院,2015,3,60,79,司法解释关于“明知是捏造的损害他人名誉的事实，在信息网络上散布，情节恶劣的，以‘捏造事实诽谤他人’论”的规定，属于平义解释而非类推解释。作为诽谤罪对象的“他人”并不排斥公众人物，但根据我国宪法的规定，刑法必须适当降低对公众人物名誉的保护规格。司法解释关于网络诽谤“情节严重”规定的缺陷，不在于客观归罪与扩大处罚范围，而在于不当缩小了网络诽谤的处罚范围。“告诉的才处理”并不意味着必须由被害人自诉，而是指不得违反被害人的意愿进入刑事诉讼程序。,网络诽谤;捏造事实诽谤他人;情节严重;告诉的才处理,D913,56,,法学三大刊论文/中国法学/网络诽谤的争议问题探究.pdf
651,网络谣言的刑法治理:从宪法的视角,"姜涛[1,2,3]",南京师范大学法学院,2021,3,208,228,"网络谣言之刑法治理的难题是,如何区分言论自由与言论犯罪的合理界限.从言论自由的权利属性出发,应确立""网络言论不被轻易犯罪化""的宪法法理.未经证实未必虚假,谣言本质并非完全事实层面之客观实证的产物,而是包含着规范判断.因此,提倡与发展客观真实与主观真实二元论,强调主观真实对网络谣言的反向排除,有利于从事实层面合理划分网络谣言与言论自由的界限;而从刑法教义学上建构""实际恶意与网络谣言的主观不法性判断""""危险理论与网络谣言的客观不法性判断""""比例原则与网络谣言的需罚性判断""等基本教义,则有利于从规范层面明确刑法干预网络谣言的限度.",网络谣言;主观真实;危险理论;比例原则;预防模式;自由模式,D924.3,0,,法学三大刊论文/中国法学/网络谣言的刑法治理_从宪法的视角.pdf
652,署名权主体规则的困惑及思考,张玲,南开大学法学院,2017,2,103,125,"我国著作权法有关作者、著作权人、署名权的规则,没有明确署名权的主体究竟是作者还是著作权人,需要在考察域外立法例的基础上,从法理层面进行分析论证,重新审视作品、作者、署名权、著作权背后的价值理念,重构作品之上的权利体系。应该采用二元论,将作者权与著作权分置。作者权定性为作品创作事实的确认机制,由创作者独享;著作权定性为作品经济利益的分配机制,由创作者与投资者分享。作者权中的署名权是表明创作者的身份,著作权中的署名权是表明著作权人的身份。",作者;著作权人;署名权;作品权利体系,D923.41,90,,法学三大刊论文/中国法学/署名权主体规则的困惑及思考.pdf
653,聂树斌案再审：由来、问题与意义,胡云腾,最高人民法院,2017,4,246,263,"聂树斌案再审是2016年中国司法领域最受社会关注的法治事件。第二巡回法庭在再审该案时面临一系列棘手的问题：如何确定该案的审理范围,审判适用何时的程序法律,案件是否公开开庭审理,本案是疑案还是冤案等。根据法律规定和再审程序的性质,合议庭认为聂树斌案再审中只审理本案的证据材料、不审理王书金相关供述不影响对案件作出公正裁判;基于有利于被告的原则在法律选择上适用新刑事诉讼法;根据司法解释的精神且基于聂树斌已经死亡的事实,该案再审中采取了不开庭审理的方式;聂树斌案按照疑罪处理,既符合法律规定,也比较主动、稳妥。该案再审的无罪判决得到了申诉人的认同,也得到了社会的普遍赞许。该案的无罪判决已远远超出一个普通刑事案件判决所要传达的是非、对错标准,它具有里程碑式的意义：它表明了人民法院坚持有错必纠、有冤必申的态度;它向各类、各级司法机关传递了严格司法、规范办案的要求;它全面落实了证据裁判原则;它彰显了程序公正理念。从不同的角度,我们可以读出该案的无罪判决书所传递的丰富法治信息。",聂树斌案;程序公正;证据裁判;疑罪从无,D925.1,12,,法学三大刊论文/中国法学/聂树斌案再审：由来、问题与意义.pdf
654,职务发明奖酬管制的理论困境与现实出路,蒋舸,清华大学法学院,2016,3,125,144,"智力活动难以监督,导致职务发明的代理成本高昂。该问题有时只能通过让发明人参与剩余价值分配予以解决。这是职务发明利益分配不同于其他雇佣劳动成果的原因,它限定了职务发明奖酬制度的适用范围。如果奖酬激发的额外创新尚不足以弥补制度成本,强推奖酬无异于将手段异化为目的并用权利话语取代理性分析。当分离单项发明贡献的难度增大时,创新机制应更多依赖单位优势,允许以笼统定价取代单次定价、以科层结构替代价格机制。创新社会化趋势正在挑战每项发明奖酬与贡献相符的原则。将该原则强化为系统性管制更是严重缺乏正当性。即使要细化管制,但至少应从主体类别、客体范围和审查模式三方面限定管制范围。",职务发明;雇佣劳动;奖酬,F244,105,,法学三大刊论文/中国法学/职务发明奖酬管制的理论困境与现实出路.pdf
655,职场智能监控下的劳动者个人信息保护——以目的原则为中心,田野[1],,2022,3,102,118,职场智能监控问题愈演愈烈，使劳动者个人信息权益面临更大威胁。数智时代算法权力的失衡使劳动从属性以新的技术面貌呈现并加剧，需加以矫正。在智能监控中，用人单位和劳动者皆有正当而相互冲突的利益存在，如何实现二者的平衡是难点。利益平衡目标的实现应以贯彻目的原则为中心，为智能监控的范围与限度划定边界。基于智能监控处理劳动者个人信息应当具备明确、合理且与劳动直接相关的目的，且以给劳动者造成最小损害为限度。即使是在工作时间和工作场所，也应认可个人信息权益在合乎比例的空间内存在。应当避免持续性、全方位和一般预防性的过度监控，而主要针对工作中的关键时段、场所和有迹象表明的违法行为实施有限的监控。鉴于其高度冒犯性，只有在具备重大事由时才能例外地采用智能监控，而不能将其作为监督劳动者工作表现的常规手段。,职场智能监控;劳动者个人信息保护;劳动从属性;目的原则,TP309,,,法学三大刊论文/中国法学/职场智能监控下的劳动者个人信息保护——以目的原则为中心.pdf
656,股东优先购买权“穿透效力”的适用与限制,郑彧[1],华东政法大学,2015,5,248,266,在法定优先购买权之外，股东可以通过特别约定的方式将“人合”的形式与范围予以相应扩大，此时穿透于法定优先购买权而适用于股东实际控制人之变动的优先购买权就成为股东与股东之间的特别约定，由此成就了股东与股东之间在法定优先购买权之外的穿透效力。此种法定优先购买权之外的权利的穿透乃为“私法自治”与“意思表示”的反映，是公司设立之初或设立过程中各方对自身利益的计算已经达成的妥协，从而获得了利益的平衡。因此，当股东之间存在这种对于股权优先购买权穿透适用的明确安排时，不能断然否定当事人之间规则的效力。同理，当股东之间在公司设立初始并未通过契约或公司章程对法定优先购买权以外的优先购买权进行特别约定或者限定时，我们的司法机关不应简单地援引股东可享有的法定优先购买权，以“合法形式规避非法目的”的理由轻易否定当事人对于股权转让交易结构的安排与设计。,股东优先购买权;穿透适用;期待权;人合性,D922.291.91,59,,法学三大刊论文/中国法学/股东优先购买权“穿透效力”的适用与限制.pdf
657,股东会与董事会分权制度研究,许可,中国人民大学法学院,2017,2,126,145,"公司权力如何在股东会和董事会之间分配是公司法的核心问题之一。在股东优位主义和董事会优位主义的脉络下,我国学者多认为中国公司法偏向前者,而后者为世界潮流。然而,比较法上的观察表明：各国并无一定之规,我国法亦有另外解释的可能。因此,公司分权的道路选择不应以一国一地的做法为圭臬,而应诉诸功能进路和经济分析。基于交易成本节省的原则,不同类型的公司权力应在充分考量具体情势的前提下,在股东会和董事会之间妥当分配,最终令股东会和董事会各自享有独立且对等的权力,并通过合作共同促进公司治理的提升,这就是股东会和董事会＂同等主义＂的意义所在。",股东优位主义;董事会优位主义;交易成本;分权;同等主义,F276.6,92,,法学三大刊论文/中国法学/股东会与董事会分权制度研究.pdf
658,股东协议暗箱治理的公司法回应,"汪青松[1,2]",,2023,5,229,247,现代公司法在具体类型样态和治理模式上存在法域差异，但在治理结构形成机制上普遍遵循立法供给的法定结构与公司章程的私序定制，以确保公司治理结构的公开透明。然而，公司治理实践中却大量存在通过股东协议建构治理私序的暗箱操作，以此实现所有权与股东权的分离以及表决权与控制权的分离，规避了公司法对治理私序定制范围和结构的法定限制。通过股东协议的暗箱治理会消解公司法固有的结构性，加剧治理机制的不透明性，损害公司及其相关者的利益，也会造成协议效力的不确定性。股东协议不应成为契约自由的任性领地，我国公司法应当明确将治理型股东协议纳入调整范围，并着重从识别标准、效力要件、义务责任方面积极回应治理型股东协议的特别调整需求。,股东协议;公司治理;私序定制;暗箱治理;信义义务,D922.291.91,,,法学三大刊论文/中国法学/股东协议暗箱治理的公司法回应.pdf
659,股权让与担保纠纷裁判逻辑的实证研究,蔡立东[1],吉林大学法学院,2018,6,239,257,"对中国裁判文书网公布的判决书进行的量化实证研究表明,股权让与担保纠纷呈逐年上升之势,相关裁判规则处于不完备状态。法院多立基于“综合说”的裁判逻辑,承认股权转让合同的效力。但在债权人与担保人的内部关系上,通常仅认可债权人为名义股东,否认其真实股东地位,由此限制其股权行使;在债权人与第三人的外部关系上,藉由信赖保护的法理,实现对善意第三人的保护。股权让与担保纠纷的既有裁判逻辑难以促生统一的裁判尺度,也冲撞了既成的民法逻辑。司法裁判应确立宽容股权让与担保的立场和形式推理居先的政策,采意思表示的动机和内容相区分的逻辑,以厘定股权转让合同的效力;采权利享有和权利行使相区分的逻辑,以厘清股权让与的对内和对外效力,并发布相关指导性案例,贡献制度秩序建设的实践智慧。",股权让与担保;裁判逻辑;区分原则,D926.13,0,,法学三大刊论文/中国法学/股权让与担保纠纷裁判逻辑的实证研究.pdf
660,股权转让合同解除权的司法判断与法理研究,万方,北京外国语大学法学院,2017,2,256,275,"《合同法》第174条并未明确对其他有偿合同所参照的买卖合同有关规定的范围,理论界和实务部门对股权转让合同是否能直接参照买卖合同相关规定都存在争议。通过对第67号指导案例以及同类股权转让案件的分析,可以总结出该类案件的法律适用规则：首先,作为特殊标的物,股权的移转和交付方式决定了其转让合同不应当适用《合同法》第167条规定的分期付款解除权;其次,在适用其他法定解除权时,应当从商事交易的特殊性角度出发,从严把握解除权的适用条件。由于商法与民法体系之间的价值取向各有侧重,商法更偏重效率价值以及外观主义而民法更偏重追求当事人间的公平正义,导致了同一行为的内外部价值评价出现矛盾,因此,从行为本身的属性来判断异类规则的适用性和适用程度是更为合理的解决方式。",股权转让合同;解除权;分期付款;商事合同,D922.29,36,,法学三大刊论文/中国法学/股权转让合同解除权的司法判断与法理研究.pdf
661,股权转让行为的属性及其规范,钱玉林,华东政法大学经济法学院,2021,1,210,227,"对""股权转让""的不同认识,导致了股权转让纠纷的不同处理.司法裁判倾向于将股权转让合同与股权处分作为两个不同的问题,并将股权处分解释为准物权行为来处理股权转让纠纷.债权行为与物权行为是基于财产行为的分类,而股权具有财产和人身的属性,有限责任公司股权转让的限制主要是基于人合性,而非对股权财产性权利的限制,加之我国立法上并未引入物权行为的理论和制度,因此对股权转让行为区分为债权行为和准物权行为,缺乏理论和制定法的基础.股权转让合同承担着债权合意和物权合意的双重意思表示功能,应将股权转让合同区分为合同效力和合同履行两个不同的问题.股权变动行为是履行股权转让合同义务的行为,与股权转让合同约定的给付义务同处于股权转让合同法律关系之中.股权转让合同的效力受《民法典》的调整;股权转让合同的履行受《民法典》和《公司法》特别规定的共同调整.《公司法》修订时应处理好与《民法典》的协调;应处理好维护公司的人合性与股权转让自由之间的平衡.",股权转让行为;合同效力;合同履行;《公司法》第71条;《公司法》修订,D922.291.91,0,,法学三大刊论文/中国法学/股权转让行为的属性及其规范.pdf
662,脑机接口技术发展中的人格权益保护,张红[1],武汉大学法学院,2025,2,107,126,脑机接口技术具有颠覆人类存在形式和组织形态的巨大潜力。为了应对脑机接口技术，多国试图从神经权利的角度开展立法活动。我国应以《民法典》人格权编为基础，对脑机接口的技术发展进行体系化规制。在物质性人格权益层面，《民法典》第1008条可以为脑机接口的临床试验提供规范依据，《民法典》第1002条的“生命尊严”可以涵摄新技术引发的自我认知危机。在精神性人格权益层面，意识活动受隐私权和个人信息制度的保护。在一般人格权层面，《民法典》第990条第2款可以对自然人的感知利益和人身自由进行保护。在未来万脑互联的脑联网社会，人格权益的保护问题具有兜底性、本源性的地位，生命的数字化最终将重塑整个人格权体系。,脑机接口;人格权;感知利益;人身自由,D923,,,法学三大刊论文/中国法学/脑机接口技术发展中的人格权益保护.pdf
663,自然资源之上权利的层次性,单平基[1],东南大学法学院,2021,4,63,82,"对自然资源国家所有权的定性,需嵌入整个自然资源权利链条中,而非孤立地""平面化""进行.自然资源之上的权利呈现极强层次性.自然资源全民所有形态是自然资源各层次权利的基石,决定着自然资源在宪法及民法上的国家归属,也影响着自然资源用益物权的平等配置理念.但是,全民所有形态不是法律概念,只有过渡到宪法上所有权(《宪法》第9条),才能使自然资源获得法律保护,并需进一步转换为私法层面的权利(《民法典》第247条),才能将自然资源视作私权客体.伴随主权国家(《宪法》第9条)向国家法人(《民法典》第247条)的主体转化,自然资源在宪法上的所有权转变成民法上的所有权,为后者派生本质同为私权的自然资源用益物权(《民法典》第328、329条)及生成自然资源产品所有权提供可能.强调自然资源之上权利的层次性,并非否定权利平等性,而是理顺不同权利之间的过渡、转化、派生及生成关系,彰显自然资源负载利益的公共性.",自然资源全民所有;宪法上国家所有权;民法上国家所有权;自然资源用益物权;自然资源产品所有权,D923;D921,0,,法学三大刊论文/中国法学/自然资源之上权利的层次性.pdf
664,自然资源国家所有的制度性保障功能,刘练军,杭州师范大学法学院,2016,6,73,92,《宪法》第9条第1款规定自然资源属于国家所有。该条款的规范特性决定了它属于不完全法条。结合其他宪法条款可知，此条款的价值目标在于作为主权代理人的国家负有保障自然资源得到公平分配和有效利用，防范对自然资源的破坏性采掘，并治理由不当利用所造成的生态失衡和环境污染。因而，对该条款应当作制度性保障解释。自然资源国家所有的制度性保障不但要求立法者对自然资源建构多层级的法律制度体系，而且该制度体系的结构及内容必须符合基本权利保障的现代宪法要求，以使国民能够公平地获取自然资源物，并对之切实享有所有权、用益物权等权益。,自然资源;国家所有;制度性保障;宪法解释,D921,0,,法学三大刊论文/中国法学/自然资源国家所有的制度性保障功能.pdf
665,舆论场内的司法自洽性研究：以李昌奎案的模拟实验分析为介质,"李奋飞[1,2]",中国人民大学法学院 中国人民大学刑事法律科学研究中心,2016,1,269,288,"对于由公众意见主导形成的强大舆论场,是否会对轰动案件中的司法自洽性产生影响,以及这种影响是怎样实现的,其实很难仅凭感性认识得出具有说服力的结论。通过模拟实验的方法,有助于明悉舆论、政治与司法三者之间的内在关系,把握从民意导向到个案决策的动力机制。以尘埃落定的李昌奎案为研究范本,公众舆情与司法决策被分别设定成自变量和因变量,且后者又被细化为实体和程序两个维度。经过对案情事实的模拟还原,作为参与主体的法官重新做出了裁判。最终,民意舆论与程序裁决之间的变量关系得以确认,但需经由政治权力的媒介作用,才能产生影响既判力的效果。司法改革的切入点只有从此关系中挖掘,才能真正实现舆论、政治与司法三者之间的必要平衡。",舆论场;司法自洽;个案决策,D920.0,58,,法学三大刊论文/中国法学/舆论场内的司法自洽性研究：以李昌奎案的模拟实验分析为介质.pdf
666,董事会对短期主义行为的治理,侯东德[1],西南政法大学民商法学院,2018,6,133,150,"面对我国资本市场愈演愈烈的收购浪潮,许多上市公司的董事会都开始修改公司章程以应对收购者。在修改公司章程的过程中,董事会往往将其职责的重点放在全力以赴去阻止收购上,导致某些反收购条款争议颇多。其实,控制权的流动是一种市场常态,而董事会更应该予以关注的是如何警惕和预防可能出现的投资者短期主义行为。股东行动主义的兴起往往造就了那些激进投资者,他们利用改变公司治理结构的机会从而对公司战略施加影响,以达到短期内提升股价并套现的目的。这种行为会对公司的长期战略和长远利益造成一定的损害,需要目标公司董事会以客观中立的标准对投资者意图予以充分考察,并展开有效沟通,接纳合理的建议,在强监管下适当行动,构建起更完善的治理结构。",激进投资者;短期主义;信义义务;公司章程;反收购措施,D922.291.91,0,,法学三大刊论文/中国法学/董事会对短期主义行为的治理.pdf
667,虚开增值税专用发票罪的理论误区与治理重塑,"田宏杰[1,2]",,2023,4,220,239,立足于“前置法定性与刑事法定量相统一”的规范关系和体系教义，以“抵退计征机制”作为《刑法》第205条的保护法益，既能矫正“行为犯说”的刑法过度规制倾向，又能克服“目的犯说”和“抽象危险犯说”的国库主义教义误区。由于抵退计征机制以纳税人的抵退权为实体核心，以纳税人的凭证协力义务为程序限制，因而虚开增值税专用发票罪的成立，客观上不仅要求有抵退凭证的虚开，更必须以抵退权的虚构作为虚开行为认定的关键；主观上则要求行为人具有破坏抵退计征机制的虚开故意。其中前者是实质虚开增值税专用发票与形式虚开增值税专用发票等虚开普通发票的分水岭；而后者则是“被动受票”与虚开增值税专用发票行为的界分标准。至于虚开增值税专用发票所涉及的共犯适用、罪数判断和数额计算，同样应基于虚开增值税专用发票罪的法益侵害本质进行体系化的实质认定。,虚开增值税专用发票;抵退计征机制;规范构造;行刑共治,D924.3,,,法学三大刊论文/中国法学/虚开增值税专用发票罪的理论误区与治理重塑.pdf
668,虚拟财产的刑法属性及其保护路径,陈兴良,北京大学法学院,2017,2,146,172,"虚拟财产是网络衍生物,随着网络在社会生活中的普及,虚拟财产的重要性进一步凸显。法律上如何看待虚拟财产的属性,在刑法学界存在较大争议,而这个问题关系到对侵犯虚拟财产案件的定罪量刑,所以极为重要。本文从民刑的双重视角,对虚拟财产的财物属性和权利属性进行了探讨;通过司法实践中的三个案例,概述了我国司法实践中对虚拟财产从非财物到财物再到数据的演变过程。本文认为,我国刑法中的财物是一个包括了有体物、无体物和财产性利益的最为广义的概念,因此完全能够涵盖虚拟财产;对于具有财产价值的虚拟财产应当按照财物予以刑事保护。",虚拟财产;财物;有体物;无体物;财产性利益,D923,43,,法学三大刊论文/中国法学/虚拟财产的刑法属性及其保护路径.pdf
669,行为市场失灵及其法律应对,应飞虎[1],,2022,6,70,91,半个世纪以来，人类的认知偏差被不断发现和验证，理论成果被经营者大量应用于市场营销。利用认知偏差进行市场营销并不违反现有法律关于消费者知情权、自主交易权等规定，但它损害消费者利益于无形之中，在宏观上还会改变正常的市场竞争模式和交易模式，导致不当的资源配置，从而形成行为市场失灵。在影响消费者决策的层次、信息呈现的方式以及损害结果的隐蔽程度等方面，行为市场失灵与传统市场失灵完全不同，从而对传统规制理论构成了挑战，也在经济法相关制度方面形成了新的立法需求。认知偏差是人类的适应性进化，在应对行为市场失灵的过程中，需要基于这一事实判断，超越传统规制方式和规制方案，形成新的规制理念和规制路径，在信息工具的使用、特定营销情形的限制或禁止以及消费教育的开展等方面，构建应对行为市场失灵的经济法体系。,行为市场失灵;信息不对称;认知偏差;消费者权益;经济法,D922.294,,,法学三大刊论文/中国法学/行为市场失灵及其法律应对.pdf
670,行刑衔接中的行政执法边界研究,练育强,华东政法大学,2016,2,238,257,"《中国行政审判指导案例》第14号案例对行政机关将涉嫌犯罪的违法行为移送司法机关追究刑事责任后能否再对行政相对人作出行政处罚予以明确。根据该案判决理由,法院认定行政机关作出的行政处罚决定违法必须同时符合行为要件、时间要件以及处罚种类要件。但是在三要件的构成上,14号案例与其他规范性文件的规定存在着一定的冲突。三要件最重要的功能在于明确提出了刑事优先原则,但只是有限刑事优先,而不是绝对刑事优先。该案在案情事实中认定的行政机关的移送方式与已有的规定以及执法实践有着差异,带来了一定困惑,包括：针对涉嫌犯罪的违法行为,行政机关采取何种步骤移送;移送后行政执法应处于何种状态;移送后行政强制措施、强制执行能否实施;行政处罚与刑事处罚如何折抵。",行刑衔接;执法边界,D922.11,14,,法学三大刊论文/中国法学/行刑衔接中的行政执法边界研究.pdf
671,行政举报案件中原告资格认定的构造,伏创宇[1],中国社会科学院大学政法学院,2019,5,231,248,"就行政诉讼的原告资格而言,最高人民法院指导案例77号对""利害关系""的标准界定模糊不清,且将是否维护自身合法权益视为原告资格认定的重要依据。此种""利益人诉讼""的认定方式不仅未能清晰地阐明行政诉讼原告资格的认识框架,还可能导致许多本可通过民事救济方式解决的纠纷涌入行政救济的管道,因而对司法实践的指导作用有限。在行政举报案件原告资格的认定上,我国应当确立""受害人诉讼""模式,不予承认独立的程序请求权,遵循""主观公权利—权益受侵害的可能性—权益保护的必要性""的三层次构造,进而恪守我国个人权利诉讼的基本定位,避免司法权在公法保护义务的判断上形成对立法权的僭越,建构权益受侵害认定的类型化,维护行政诉讼与其他救济机制的必要分工。",行政举报;原告资格;利害关系;实际影响,D905.2,0,,法学三大刊论文/中国法学/行政举报案件中原告资格认定的构造.pdf
672,行政决策终身责任追究制的法律难题及其解决,韩春晖,国家行政学院,2015,6,79,95,目前，建立行政决策终身追责制存在着行政决策难界定、责任形式太繁杂、责任主体难确定、责任认定标准不客观、追责主体不可信等法律难题。为此，我国行政决策终身追责制度的法治建构应当规定并遵守“课责选择”的基本规则，将责任主体厘定为“行政机关的领导干部”，建立并细化客观化的归责标准，构建多元、合作的追责体系，对“终身”依据责任形式的不同作区别解释和适用。与之配套的是应该尽快建立多元、客观、科学的行政决策结果评估体系；尽快建立和完善主体多元、合作高效的追责主体体系；拓宽行政诉讼的受案范围，探索公民提起公益诉讼制度；尽快出台《重大行政决策程序条例》。,行政决策;终身追责制;法治建构;决策评估,D63,78,,法学三大刊论文/中国法学/行政决策终身责任追究制的法律难题及其解决.pdf
673,行政判决中比例原则的适用,刘权[1],中央财经大学法学院,2019,3,84,104,"通过分析比例原则适用第一案后20年间的典型案例可以发现,比例原则在我国的适用已从行政处罚扩张到多种行政行为领域。比例原则已成为法院评判行政行为实质合法性的重要准则。法院可以根据'滥用职权'和'明显不当'标准,对行政行为进行合比例性审查。对于目的正当性和手段的适当性、必要性、均衡性的规范认识还存在一定的分歧,审查标准并不统一。在合比例性举证责任上,一些案件并没有完全遵循行政诉讼举证责任倒置规则。在合比例性审查强度上,似乎大多是宽松审查或低密度审查。对于行政行为是否符合比例原则,法官在个案中有着巨大的裁量空间,但大多数判决论证说理还较为简单。作为人权保障利剑的比例原则,势必在我国得到更加广泛地适用,合比例性分析方法与技术有待进一步提高,其未来适用应注意确定性与灵活性的平衡。",比例原则;行政判决;审查标准;举证责任;审查强度,D925.3,0,,法学三大刊论文/中国法学/行政判决中比例原则的适用.pdf
674,行政协议与单方行为的界分,刘飞[1],,2023,2,71,89,对于应如何界分行政协议与单方行为的问题，学界在各时期形成的主导性观点有所不同，“分立说”构成其中的一条主线。尽管如此，现行规范中并未在行政协议与单方行为之间设定制度隔离。由于行政诉讼的审查对象所限，司法实践中需要从行政协议中拆分出来一个部分并拟制为单方行为，才能使相关争议进入行政诉讼。然而，所谓“拆分公式”不仅无法得到行政法学理支撑，亦无法在司法实践中形成制度化的适用模式。行政机关在确定活动方式时，应基于并行禁止原则在两种行为方式之间作出选择。订立行政协议后，行政机关应优先采用协议约定方式，仅在无法“按照约定”且为维护公共利益有所必要时，才可以另行依法作出单方行为。,行政协议;单方行为;拆分公式;并行禁止;协议优先,D925.3,,,法学三大刊论文/中国法学/行政协议与单方行为的界分.pdf
675,行政协议变更、解除制度的整合与完善,陈天昊[1],清华大学公共管理学院,2022,1,158,181,"将民事合同之情势变更、法定解除制度参照适用于行政协议,应当如何与行政主体单方变更解除制度相互衔接?结合既有规范及人民法院审判实践,可以看到,当发生协议相对人根本违约或遭遇不可抗力及情势变更时,缔约行政主体在原则上皆应参照适用民事合同之情势变更、法定解除制度;而仅在缔约行政主体所不能预见、不能避免之客观事变乃源于公共利益需求新变化,并且涉案具体情形满足行政协议下单方高权行为之行使条件时,缔约行政主体才可以适用行政协议单方变更解除制度.为了完善两项制度的衔接,未来还需提升单方变更解除行为对协议相对人及社会公众的可预期性,并完备缔约行政主体在行政协议中主张情势变更的配套制度.",行政协议;不可抗力;情势变更;根本违约;公共利益,D922.1,0,,法学三大刊论文/中国法学/行政协议变更、解除制度的整合与完善.pdf
676,行政协议的识别与边界,陈天昊[1],清华大学公共管理学院,2019,1,140,163,"2015年新《行政诉讼法》生效以来,最高人民法院行政庭法官倾向于通过'行政职责'要素对行政协议的边界进行扩张解释,而最高人民法院民事庭法官则倾向于基于'行政职权'要素对其边界进行缩限解释。造成双方分歧的原因,乃根植于我国宪法中'保障公共利益'与'尊重私人权益'两者价值之间的内在张力。化解双方的分歧,需要引入'比例原则',即只有当行政职责足够重要时行政主体才可适用行政协议制度,若通过民事合同便能确保行政职责的实现,则显然不必认定行政协议;与此同时,为了避免造成司法资源的不必要浪费,民事庭法官亦需要尊重法定的'有名行政协议'之范围,为诉讼当事人提供相对确定的管辖指引。",行政协议;行政诉讼;政府特许经营协议;土地房屋征收补偿协议,D925.3,0,,法学三大刊论文/中国法学/行政协议的识别与边界.pdf
677,行政契约履行争议适用《行政诉讼法》第97条之探讨,于立深[1],东南大学法学院,2019,4,207,222,"在行政契约履行救济渠道上,我国行政机关因为受限于原告被告角色恒定性的立法预设,无法提起契约之诉,因此《行政诉讼法》上的非诉行政案件强制执行制度被作为关注的焦点和方向。行政契约不属于传统行政行为范畴,行政行为效力理论不及于其,以契约本身作为执行根据不合乎行政法治理念。依法成立的民事契约也不具有强制执行力,行政契约的强制执行亦无普遍的契约法理基础。为有效解决行政契约履行争议,除了恢复行政机关的契约诉讼原告资格和诉权之外,契约当事人的自我约定强制执行制度、与行政优益权相匹配的其他法定处理权等,可以作为破局的尝试。但是,这些制度设计也可能消解行政契约的合意性、平等性,不仅应该使其法定化而且力求慎用。",行政契约;《行政诉讼法》第97条;行政行为;强制执行;契约裁决,D925.3,0,,法学三大刊论文/中国法学/行政契约履行争议适用《行政诉讼法》第97条之探讨.pdf
678,行政审批（许可）权力清单建构中的法律问题,王克稳,苏州大学王健法学院,2017,1,89,108,作为行政审批改革的重要举措，行政审批权力清单的推出备受瞩目。但目前，清单建构还处在初始阶段，主要依靠政策、文件，由行政手段推动。清单的制定没有明确的法律依据，缺少统一的法律标准和有效的外部监督机制。清单形式上粗糙简略，内容上多鱼目混珠，没有完全起到有效约束审批权的目的。如何清理和有效规范非行政许可审批以确保清单之外不再有变相审批权力的存在、如何对审批事项的合法性进行有效审查以阻止不合法的审查事项进入权力清单，如何激活行政审批的评价机制以顺应经济社会的发展和改革的需要及时修改、调整清单中的审批事项等等，都是行政审批权力清单建构中需要着力解决的问题。,行政审批;行政许可;权力清单,D630.9,43,,法学三大刊论文/中国法学/行政审批（许可）权力清单建构中的法律问题.pdf
679,行政机关间的事务委托和职权委托,叶必丰[1],,2022,3,39,59,我国已经出现了较多行政机关间的委托，并分化为行政机关间的事务委托和职权委托。行政机关间的事务委托与民事代理相同，以委托行政机关的名义实施行政行为并承享法律效果，司法上认为不需要特别法的依据;职权委托系行政职权从一行政机关转移到另一行政机关，并由承继职权的行政机关以自己的名义实施行政行为、承享法律效果的制度。基于职权法定原则，行政机关间的职权委托必须有特别法的依据。特别法对职权委托的规定应遵守相应规则，包括委托对象须为行政机关、委托权限的部分性和不得再委托。行政机关间职权委托的法律效果应归属于受委托行政机关，以贯彻权责利相一致、坚持法治统一、促进行政合作和方便行政诉讼。,行政委托;事务委托;职权委托;行政职权调整;区域合作,D922.1,,,法学三大刊论文/中国法学/行政机关间的事务委托和职权委托.pdf
680,行政权利论,何海波[1],,2024,3,224,244,在过去40多年中，公民、法人和其他组织在行政法上的权利（简称“行政权利”）蓬勃兴起。然而，行政权利体系仍有待完善，继续伸张并更好保护行政权利是这个时代的重大课题。无论作为法学研究范畴还是法律规范对象，行政权利是行政权力、宪法权利、民事权利所无法取代的。尽管权利渊源多种多样，权利发展需多方协同，立法应当在其中发挥主导作用。通过专门立法系统规定行政权利，可以更好地宣示民主法治理念、塑造行政法规则、防止行政权力的滥用。未来的通用行政法典宜专辟一章，列举重要的行政权利；列举的权利从类型上应当覆盖人身权、财产权、参与权、行政受益权、程序保障权、获得救济权等。,行政权利;行政法权利;行政法学体系;通用行政法典,D912.1,,,法学三大刊论文/中国法学/行政权利论.pdf
681,行政检察：解决行政争议的第三条道路,"解志勇[1,2]",中国政法大学 法治政府协同创新中心,2015,1,48,66,"当前解决行政争议的主要法律途径是行政诉讼和行政复议,但实践效果差强人意,两种方式还存在若干难以弥补的缺陷。如果把对西方制度借鉴的目光转向中国本土法律资源,审视现行宪法框架下的制度设计,会发现行政检察具有弥补诉讼和复议缺憾的潜力,其所具有的主动性、弱对抗性、威慑性以及公共利益导向等制度优势,可以以更高效、更容易被各方接受的方式解决行政争议。因此,建议将其作为解决行政争议的第三条道路。",行政检察;行政争议;检察建议;行政诉讼,D925.3,47,,法学三大刊论文/中国法学/行政检察：解决行政争议的第三条道路.pdf
682,行政法上权利观念的对立及其消解,黄宇骁[1],,2023,3,162,181,既得权观念与请求权观念是行政法学界与实务界存在的两种对立权利观念。权利观念的不同会导致行政诉讼原告资格、行政法上违法性认定、旧法存续与国家补偿、行政相对人与第三人关系等具体法律适用上的差异。这一差异虽可通过因果关系的操作达到一定程度的等价性，但既得权观念归根结底是宪法基本权利的前身，应被基本权利教义学替代。行政法请求权的本质是基本权利，但基本权利已由下位法具体形塑，无法直接适用。行政法权利首先应当从行政法律规范本身导出，其次才是基本权利冲突的立法合宪性问题。当描述依法行政就是保护权利的场景时指的是不侵犯行政法请求权，当描述行政法乃至行政行为依法减损权利的场景时指的是对基本权利的限制。,合法权益;保护规范理论;既得权;基本权利冲突;利害关系,D922.1,,,法学三大刊论文/中国法学/行政法上权利观念的对立及其消解.pdf
683,行政法上的不确定法律概念,王天华,中国政法大学,2016,3,67,87,"行政法学通说基于传统的价值导向思考,主张行政机关对不确定法律概念的解释适用应受全面的司法审查,例外时才享有＂判断余地＂;且＂判断余地＂与行政裁量有质的区别。这一观点虽然价值正确但融贯性不足,且不符合法律实践规律。法理学汲取语言哲学、道德分析哲学的营养所展开的研究表明,价值导向思考所立足的唯一正确答案预设是一个不能证成的本体论虚构。不确定法律概念的不确定性出现且仅出现于语言规则的尽头（临界案件）;在语言规则的尽头,行政机关应在法律框架内追加价值判断（履行个别情况考虑义务）,来决定是否将该概念适用于个案事实。不确定法律概念与行政裁量的二元论和一元论都包含着部分真理,而在整体上以偏概全。",不确定法律概念;行政裁量;解释基准;语义学分析;法律论证,D901,55,,法学三大刊论文/中国法学/行政法上的不确定法律概念.pdf
684,行政法典编纂视角下明清会典的编纂理念、立法模式及启示,罗冠男[1],,2023,3,46,62,明清会典的主体是基于治理理想的组织规范和管理规范的总和。明清会典编纂的直接动机是对《诸司职掌》的修订，编纂目标在于统一国家治理的法律依据，同时在历史统绪上实现官制典籍的延续承继。明清会典编纂的总体理念为维护“大一统”，核心理念为对官僚权力进行规制和约束。立法模式上，明清会典在体例上采用以官统事、正文与事例分立的复合立法模式，以高超的立法技术和简洁凝练的语言进行表述与阐释，内部条文形成了一个逻辑清晰的整体。当前，我国行政法典的编纂与明清会典的编纂在不同的时空背景下有着相近的立法动机，面临着相似的问题和挑战。相较于西方法治经验，明清会典的编纂理念和立法模式可以更好地为当下行政法典的编纂提供具有中华法文化基因的传统智慧和本土经验。,明清会典;编纂理念;立法模式;法典编纂;行政法典,K248,,,法学三大刊论文/中国法学/行政法典编纂视角下明清会典的编纂理念、立法模式及启示.pdf
685,行政活动法律保留的结构变迁,王贵松,中国人民大学法学院,2021,1,124,144,"法律保留以国家与社会二元对立为理论前提,是保障公民自由权的重要手段.伴随着国家从君主立宪到国民主权的转变,法律保留理论发生了重大改变,在出发点上由保障人民的自由扩及对行政的民主性控制,在保留事项上由侵害性行政行为扩大至权力性行政、重要事项等,在内容上由仅仅关心将行政的何种行为权限保留给法律延展至保留给什么样的法律.在这一变迁背后是立法—行政—人民三者关系结构的变化.中国自清末民初从日本引入法律保留理论之后,对实行法律保留具有一定共识,但在保留的法规范、保留范围和强度上存在分歧.在当代中国,既要考虑上述三者之间的关系结构,也要考虑宪法的规定以及现阶段的国家任务等因素,应当坚持侵害行政法律保留的立场,并适时扩充侵害的内涵,以贯彻法治国家保障公民自由权的基本要求.",法治国家;法律保留;依法律行政;自由权;侵害保留;权力保留,D922.1,0,,法学三大刊论文/中国法学/行政活动法律保留的结构变迁.pdf
686,行政犯“行刑衔接”困境破解：从分离式到联动式,谢小剑[1],,2024,2,287,304,20世纪90年代，有案不移、有案难移、以罚代刑是我国法治建设的难题，为此建立了刑事优先论，要求案件涉嫌犯罪事实时及时移送侦查机关，中止行政违法调查。基于行政前置性要求以及刑法谦抑性考量，实践中采取行政优先论，多数行政犯案件由行政执法部门以执法程序主导调查，在基本查清犯罪事实后再移送公安机关。由于行政机关调查能力不足，影响案件事实真相的查明。刑事优先论与行政优先论都是建立在违法调查与犯罪侦查相分离的基础上，成为制约“行刑衔接”的主要问题。对“行政犯”的违法犯罪调查，需要发挥行政机关和侦查机关的共同作用，“行刑衔接”应当从分离式走向联动式，赋予公安机关在案件涉嫌犯罪时及时介入调查的职权，在调查过程中行政机关与公安机关充分配合，协同调查违法犯罪事实。,行刑衔接;行政执法;刑事侦查;联勤联动,D924.3,,,法学三大刊论文/中国法学/行政犯“行刑衔接”困境破解：从分离式到联动式.pdf
687,行政罚款设定方式研究,张红[1],北京师范大学法学院,2020,5,84,105,"我国现行有效的法律和行政法规中关于行政罚款的设定方式主要有概括式、数值式、倍率式等三种。其中,区间数值式使用频率最高,其次为区间倍率式。这些设定方式在一定程度上影响了行政罚款目的的实现和功能的发挥。理论上,行政罚款具有惩罚和预防双重目的。在行政罚款设定阶段,预防目的应居于主导地位;在行政罚款裁量阶段,则侧重于惩罚目的的实现。行政罚款的设定应当考虑潜在违法者的预期违法收益、违法行为可能造成的损害、执法概率、边际威慑以及规范行政裁量权等因素。优化行政罚款的设定,应当减少概括式,取消定额罚,优先选择区间倍率式,科学选定区间倍率式的罚款基数,并明确区间数值式的辅助地位。",行政罚款;设定方式;区间倍率式;区间数值式,D92,0,,法学三大刊论文/中国法学/行政罚款设定方式研究.pdf
688,行政行为违法性继承的中国图景,成协中,北京市社会科学院法学所,2016,3,48,66,"尽管并未直接使用＂违法性继承＂这一概念,我国法院在关联行政行为的司法审查中必然触及先行行为的合法性这一难题。在相关个案中,不同法院依据不同论理展现了不尽相同的立场。这揭示了不同法院对法安定性与实质正义价值的不同权重和对于行政行为公定力、先行行为可争讼性等问题的差异性理解。也表明了行政行为违法性继承中国图景的独特性和复杂性。这一问题的有效解决,既有赖于立法对于复杂行政过程的明晰化和规范化,又有赖于法院对于先行行为是否存在救济空间、对后续行为予以实质审查的法益与限度、行政效率与阶段性利益保护等问题的审慎判断。制度变革的启示,则包括行政行为效力制度的完善、导向一体的行政程序变革和主客观均衡的现代诉讼制度等。",违法性继承;行政行为效力;法安定性,D922.1,32,,法学三大刊论文/中国法学/行政行为违法性继承的中国图景.pdf
689,行政许可承诺制:程序再造与规制创新,卢超[1],中国社会科学院法学研究所,2021,6,80,98,"当前""放管服""改革背景下,许可承诺制日益得到广泛应用.就其性质而言,许可承诺制通过对传统许可程序的简化再造,降低了市场进入门槛与成本负担,市场申请主体只需作出承诺,便可拟定具备资质,而将风险防控的行政任务交由信用规制等事中事后监管工具来承担,许可承诺制与事中事后监管在这一行政过程中渐次形成""互动共演""的关系.除了程序再造这一属性变化之外,许可承诺制的规制创新集中表现为信用承诺元素与""助推型监管""这两个特征.需要警惕的是,许可承诺制较低的法治化要素带来了不确定风险,其在激发市场活力、兑现行政效率原则的同时,也与其他公法原则之间产生了价值冲突,需要妥善处理效率与安全、创新与合法性之间的关系.",许可承诺制;许可程序;规制创新;营商环境;信用规制;事中事后监管,D922.11,0,,法学三大刊论文/中国法学/行政许可承诺制_程序再造与规制创新.pdf
690,行政许可条件设定模式及其反思,林华[1],,2022,4,175,195,我国《行政许可法》试图建构对行政许可事项、实施机关、条件、程序和期限的体系化约束机制，其中行政许可条件的设定方式决定了行政许可规制的整体效果。基于“设定规范—法律条款—单项条件”的行政许可条件构造逻辑，空白模式、授权模式、兜底模式和裁量模式构成了当前单行法律规范设定行政许可条件的主要模式。在法律明确性原则和行政许可设定确定性规则的双重制度约束下，既有的行政许可条件设定模式面临着法律实施的困境，行政许可条件的范围和内容呈现出“摇摆的不确定性”。在平衡行政许可条件设定的确定性规则与现代行政所必需的灵活性之间关系的基础上，优化行政许可条件的设定需要约束空白授权的适用、规范兜底条款的设置、公开裁量基准的内容、明确有关规定的范围，进而塑造对行政许可条件设定的层次化约束。,行政许可;行政许可条件;行政许可设定;行政审批,D922.1,,,法学三大刊论文/中国法学/行政许可条件设定模式及其反思.pdf
691,行政许可要件契约化的限定及其制度构造,章剑生[1],浙江大学光华法学院,2025,1,210,227,基于行政许可目的性要件和管理性要件的分类基础，在行政许可中嵌入许可要件契约化制度，以满足行政机关完成行政任务的需要。合作行政的兴起、规制工具的革新和行政效率的需求是支撑行政许可要件契约化制度的法理基础。行政许可要件契约化的范围限于管理性要件，在行政许可要件契约化的容许性上采用“有限说”。行政许可要件契约化要约由公开、告知两项内容构成，行政许可要件契约化承诺涉及申请人条件、申请人接受表示、行政机关确认和承诺退出机制。行政许可要件契约化的监管可以分为事先审查和事后核查。作为强化行政许可要件契约化监管的补充机制，失信惩戒不可或缺。,行政许可;行政许可要件契约化;目的性要件;管理性要件,D922.11,,,法学三大刊论文/中国法学/行政许可要件契约化的限定及其制度构造.pdf
692,行政诉讼原告资格中“利害关系”的判断结构,章剑生[1],浙江大学光华法学院,2019,4,244,264,"从过去近40年的行政法历史看,行政诉讼原告资格判断标准经历了'直接利害关系标准''行政相对人标准''法律上利害关系标准'和'利害关系标准'四个发展阶段。在'刘广明案'之前最高人民法院公布的判例中,没有发现有引入保护规范理论的判例,法院判断'利害关系'时,要么采用'直接联系论',要么采用'实际影响论',其判断标准都偏向于主观性,因而难免个案中法院判断方法上的任意性。最高人民法院通过'刘广明案'引入域外法上的'保护规范理论',结合中国具体国情形塑了一个行政诉讼原告资格判断结构,即:公法规范要件、法定权益要件和个别保护要件。这个行政诉讼原告资格判断结构淡化了行政诉讼原告资格判断标准的主观性,同时增加了其可操作性。",行政诉讼原告资格;利害关系;保护规范理论;行政诉讼,D925.3,0,,法学三大刊论文/中国法学/行政诉讼原告资格中“利害关系”的判断结构.pdf
693,行政诉讼司法建议的功能扩张及省思,王云霞[1],,2022,4,196,212,司法建议在我国部分行政诉讼案件中呈现出功能扩张的趋势，协调和解型司法建议使司法建议从柔性的建议转变为实质性纠纷化解机制，有的司法建议已呈现出具有事实拘束力的特性。行政诉讼司法建议功能扩张是国家权力结构衍化的现实映射，也是司法实践理性的隐性考量，但功能扩张失当可能会导致当事人司法认知偏差与权利救济困难，也会引起行政权监督功能弱化和司法权威折损。故而，欲使司法建议制度在社会治理体系中真正发挥实效，应推动国家治理体系大格局下司法建议制度的转型升级，将司法建议制度融入诉源治理体系中，促进司法建议从权宜性治理转向制度化治理；同时厘清行政诉讼中司法建议的功能边界和适用的场域，并强化实践形态中行政诉讼司法建议的规范化运行。,行政诉讼;司法建议;功能扩张;司法裁判权,D925.3,,,法学三大刊论文/中国法学/行政诉讼司法建议的功能扩张及省思.pdf
694,行政诉讼的诉审判一致性,王贵松[1],,2024,2,46,63,行政诉讼的诉讼请求与本案审理、司法判决之间的关系是行政诉讼法的重要基础问题，关乎整个行政诉讼的功能及其实现。2014年修改《行政诉讼法》突出强调了原告诉讼请求的意义，这在很大程度上改变了行政诉讼的基本构造。从功能角度而言，我国的行政诉讼主要属于主观诉讼，私人起诉的目的在于寻求自身合法权益的救济。法院在行政诉讼中是行政争议的裁决者，藉由诉讼制度实现原告的诉权，不可脱离诉讼制度而成为行政的监督者。不告不理是行政诉讼制度的基本要求，围绕原告的诉讼请求及其诉讼理由展开诉讼的审查也是题中之义。法院审查诉讼请求仍可审查行政行为的合法性，但仅仅审查行政行为的合法性不足以有效回应原告的给付类诉讼请求。法院应当回应而不得逸出原告的诉讼请求作出判决；在现有法律规定无法回应原告的诉讼请求时，法院也可以作出法定外的判决。坚持行政诉讼的诉审判一致性，更合乎行政诉讼的内在构造，且有助于提升诉讼的对话性和有效性。,诉讼请求;主观诉讼;合法性审查;全面审查;判决类型,D925.3,,,法学三大刊论文/中国法学/行政诉讼的诉审判一致性.pdf
695,行政赔偿案件中原被告举证责任辨析,罗智敏[1],中国政法大学法学院,2019,6,261,281,"尽管《行政诉讼法》第38条第2款明确规定了行政赔偿案件中原被告的举证责任,但是理论及实务界对原被告举证责任的认识仍有分歧,尤其当原告请求的赔偿损害数额无法查清时,被告是否承担客观举证责任,存在不同观点,这直接导致原告的权益能否得到司法保护。通过对举证责任的含义及《行政诉讼法》关于举证责任规定的综合分析,应该明确,在行政赔偿案件中,一般情况下,原告承担举证责任,包括主观举证责任与客观举证责任,因被告原因导致原告无法举证的特殊情形下,被告的行为构成证明妨碍,举证责任倒置,由被告承担客观举证责任,原告只承担主观举证责任,应该降低原告的证明标准。经法院调查后有关损失数额事实仍然无法确定时,法官应该酌情裁量赔偿数额,需要明确法官酌情裁量权的前提条件与审查标准,加强判决书的说理性。",行政赔偿;举证责任;证明妨碍;酌情裁量权,D92,0,,法学三大刊论文/中国法学/行政赔偿案件中原被告举证责任辨析.pdf
696,行政违法性认识错误的性质与处理规则,马春晓[1],,2023,6,263,282,行政犯的双重违法性构造决定了其主观上存在双重违法性认识错误，既存在关于前置行政法律规范的认识错误（行政违法性认识错误），也存在关于刑法规范的认识错误（刑事违法性认识错误）。前者为行政犯所独有，是当前理论争议的焦点。承袭自德日刑法的责任说，以自然犯为原型建构的违法性认识错误处理规则，未能充分兼顾行政犯的双重违法性特征；而故意说则赋予构成要件认识与违法性认识同等的主观归责地位，与既有的犯罪论体系难以兼容。应当认为，行政违法性是行政犯构成要件的必要组成部分，离开行政违法性的“裸的”构成要件事实在不法评价上具有中立性。行为人只有在认识到行政违法性的基础上，才能产生关于刑事违法性的认识。行政违法性认识错误应归为构成要件错误，具有阻却犯罪故意的效果。“新责任说”既保留了责任说关于构成要件认识错误与违法性认识错误的区分，又结合行政犯的特质予以改造，实现了违法性认识错误在自然犯与行政犯中处理规则的统一，是我国统一刑法典模式下较为理想的处理方案。,行政犯;双重违法性;违法性认识错误;新责任说,D922.1,,,法学三大刊论文/中国法学/行政违法性认识错误的性质与处理规则.pdf
697,行政违法行为被犯罪化处理的程序控制,张泽涛,广州大学法学院,2018,5,198,215,"公安机关将行政违法行为作为刑事案件予以立案,会导致大量行政违法行为被犯罪化处理、虚置《赔偿法》规定、剥夺行政相对人提起行政诉讼的权利、致使公安机关违规侵犯非公企业的合法财产权,也会滋生个别公安人员的司法腐败。公安机关将行政违法行为犯罪化处理的程序成因是：行政违法与刑事犯罪二元一体的追究机制赋予了公安机关程序选择的主体地位、行政违法行为与刑事犯罪之间的划分标准提供了适用前提、刑事立案标准为公安人员选择适用刑事诉讼程序提供了较大的裁量空间、司法解释中赋予了公安机关在行政执法与刑事诉讼之间较为宽松的程序转换权。应该规范公安机关的刑事立案程序,强化检察机关对公安机关的立案监督机制;联通公安机关和检察机关的案件应用平台系统;将一些行政违法行为入罪化,适当借鉴其他国家和地区＂大刑法、小行政法＂的立法模式;确立区分公安机关行政执法行为与刑事侦查行为的识别标准;修改《赔偿法》第19条第3款和《行政诉讼法》第12条规定。",行政违法;刑事化;程序成因;程序控制,D922.1,0,,法学三大刊论文/中国法学/行政违法行为被犯罪化处理的程序控制.pdf
698,行政长官制是单一制下新的澳门特别行政区地方政权形式,肖蔚云,,2017,4,104,123,"以具有较高法律地位和较大决策权的行政长官为核心的行政长官制,是澳门特别行政区的地方政权形式,也是澳门特别行政区的政治体制。澳门特别行政区的政权形式是＂一国两制＂下新的地方政权形式,既是我国的地方政权形式,但又实行基本上不同于内地的司法制度和法律制度。它突破了古典的以美国为代表的分权制形式、西方传统的以英国为代表的议会制形式,也突破了我国人民代表大会制,改变了旧的总督制。行政长官制享有内地各民族自治地方所不享有的高度自治权。行政长官制是维护中央直辖澳门特别行政区的重要体制,是行政长官统一领导特别行政区、维护特别行政区经济发展和社会稳定的根本制度。行政长官制是对马克思主义国家学说的重大理论创新。",单一制;澳门特别行政区;行政长官制;地方政权形式,D676.59,6,,法学三大刊论文/中国法学/行政长官制是单一制下新的澳门特别行政区地方政权形式.pdf
699,行贿犯罪执法困局及其对策,李少平[1],最高人民法院,2015,1,5,24,"长期以来,由于“重受贿轻行贿”思想作怪,我国司法机关对行贿犯罪一直打击不力;惩治行贿犯罪的刑事政策亦模糊不清,甚至相互矛盾。此种状况,导致行贿人一再行贿,有恃无恐,结果是社会公正坍塌、公众普遍不满。这种状况之所以存在,既有社会心理方面的原因,也有立法、司法方面的原因。今后,我们应当大力倡导“惩办行贿与惩办受贿并重”原则,修正行贿犯罪的刑法规范,并努力提升查办贿赂犯罪的执法能力,切实遏制行贿犯罪。",行贿犯罪;执法困局;刑事政策;不正当利益,D924.392,21,,法学三大刊论文/中国法学/行贿犯罪执法困局及其对策.pdf
700,规范多元的法治协同:基于构成性视角的观察,彭小龙[1],中国人民大学法学院,2021,5,161,181,"党的十八大以来,我国将党内法规、社会规范纳入法治的规范体系,规范多元的法治协同成为国家治理的重要命题.这主要涉及两个基本问题:法律以外的规范之于法治的意义,以及法治对这些规范的协同.现有研究因规范与社会""两分架构""而引发诸多分歧,难以作出有效回应.从构成性角度来看,规范来源于社会,各种规范在内容、认知、动员等层面的互动则推动着社会组成部分及整体的形成与变迁.基于这种构成关系,各种规范的独特价值应得以尊重,法治亦可在法律与其他规范的互动中实现""依法而治""的扩展,通过共识凝聚、结构锚定、协调试错、类型化处理等机制形成以法律为基础并统摄其他规范的""规则之治"",既确保其价值导向和社会秩序,又不损及其他规范的意义和社会活力.",规范多元;党内法规;社会规范;规范体系;构成性法治;协同机制,D920.0,0,,法学三大刊论文/中国法学/规范多元的法治协同_基于构成性视角的观察.pdf
701,规范视野下的地方性事务,郑毅[1],,2022,5,203,222,作为地方立法专门概念的“地方性事务”具有重要的理论和实践价值，亟待对其内涵开展规范分析。其中，从纵向和横向两个维度解读“地方性”的进路面临标准的定位、取舍和排列难题及“地方特色”的界定与适用困境；“地方性事务”的整体解读进路依托权力清单、“三定”方案、央地财政事权与支出责任划分等政策工具，但面临标准的权威性不足等难题，行政事权与立法事权之间也存在本质差异。对此，应首先通过规范分析，明确以《宪法》第100条为前提、《宪法》第104条为核心、《宪法》第107条及《立法法》第82条为重要辅助的地方性事务规范结构，再分别缓解前述两种进路的各自困境，进而构建六阶递进的动态判断体系，综合运用立、改、释多元手段，最终实现对地方性事务规范内涵的全面解读。,地方性事务;地方性法规;立法权纵向配置;事权划分,D921,,,法学三大刊论文/中国法学/规范视野下的地方性事务.pdf
702,认罪认罚从宽制度疑难问题研究,王敏远,中国社会科学院法学研究所,2017,1,17,34,完善刑事诉讼中的认罪认罚从宽制度，不仅需要从刑事实体法的角度对相关问题进行探讨，而且，也需要从刑事程序法的角度对此进行深入、系统的研究，对其中的疑难问题来说，更应当从刑事程序的独特情况出发，以程序公正为基本要求展开研究。完善刑事诉讼中的认罪认罚从宽制度，若只是局限于认罪认罚的实体法意义上的从宽、程序法意义上的从简，许多疑难问题解决不了。应当以认罪认罚在刑事程序中的证据价值为基础，坚持无罪推定、权利保障、职权规制等原则，研究解决完善刑事诉讼中的认罪认罚从宽制度之相关疑难问题，包括权利保障问题，刑事诉讼中的认罪认罚从宽制度所涉及的职权部门之间的制约问题，刑事证明要求在认罪认罚从宽制度中的问题等，以求有助于推动刑事诉讼中的认罪认罚从宽制度的完善，预防、避免刑事诉讼中的认罪认罚从宽制度中可能出现的问题。,认罪认罚;权利保障;职权制约,D663.5,17,,法学三大刊论文/中国法学/认罪认罚从宽制度疑难问题研究.pdf
703,认罪认罚从宽制度的基本内涵,孙长永[1],西南政法大学诉讼法与司法改革研究中心,2019,3,204,222,"对于认罪认罚从宽制度的基本内涵,法学界和法律实务界均存在不同的认识。基于该制度的规范目的,兼顾实体公正、诉讼经济和权利保障等多种需求,对'认罪'应当从实体法、程序法和证据法意义上进行解释,只有同时符合实体法、程序法和证据法要求的'认罪',才属于认罪认罚从宽制度语境中的'认罪';'认罚'应当同时包含肯定性行为和禁止性行为两方面的内容,它除了要求被追诉人'同意量刑建议'以外,还要求其同意案件适用简化的诉讼程序,一般还要求被告人接受法院最终判处的刑罚,但并不禁止被告人对有罪判决的量刑部分提出上诉;'从宽'处理应当是指对案件的实体处理上予以从宽,不具有任何'程序从宽'的含义;所谓'强制措施从宽'的说法与我国的立法精神、司法实践以及我国认可的相关国际准则均不相符,不宜延续。",认罪认罚;从宽处理;刑事诉讼法,D924.1,0,,法学三大刊论文/中国法学/认罪认罚从宽制度的基本内涵.pdf
704,认罪认罚从宽制度的若干争议问题,陈瑞华,北京大学法学院,2017,1,35,52,随着刑事速裁程序试点的初步成功，认罪认罚从宽制度的试点工作得到进一步展开。在未来的制度构建中，那种推行书面审理方式、降低证明标准和确立一审终审制的建议不仅是不可行的，而且是一种危险的制度选择。要保障被告人有效地行使辩护权，避免可能的刑事误判，还需要将现行的“值班律师”制度改造成真正的指定辩护制度，确保每个被告人获得律师辩护的机会，有效行使会见、阅卷和调查的权利，并与公诉方进行平等的协商和对话。与此同时，有必要确立全流程简化诉讼程序的改革思路，对被告人认罪认罚的案件，采用跳跃中间诉讼程序和简化内部审批环节的办法，以加快刑事诉讼的流程。,刑事速裁;认罪认罚从宽;值班律师;控辩协商;全流程简化,D925.2,25,,法学三大刊论文/中国法学/认罪认罚从宽制度的若干争议问题.pdf
705,认罪认罚从宽制度的若干实体法问题,黄京平,中国人民大学法学院,2017,5,173,195,从宽处理，是兼具实体法和程序法意义的法律术语。从宽处理的依据，包括既有法律规定和准立法性质的特别规定。作为实体从宽依据的量刑规则，除具有法律约束力的规范外，主要是具有事实约束力的地方量刑细则或地方特别细化规则。认罪的成立，以“如实供述”不影响司法机关的定罪量刑判断为基本标准，“认事服判”成立最狭义的认罪。宣告缓刑和免予刑事处罚应作为控辩协商的内容，并适当提高适用率。狭义的认罚，不必获得过多的量刑减让，甚至不必单独给予量刑减让；广义的认罚，由不同形式、不同程度的民事赔偿和解构成，具有实现案结事了的功能，对从简程序的适用和从宽幅度的选择具有决定性影响。,认罪认罚 从宽量刑 事实约束力,D997,0,,法学三大刊论文/中国法学/认罪认罚从宽制度的若干实体法问题.pdf
706,认罪认罚从宽制度研究,陈卫东,中国人民大学法学院,2016,2,48,64,"认罪认罚从宽制度改革具有特定的时代背景和价值取向,是建立在控诉机关指控被追诉人有罪的基础上的一种制度延伸,适用于任何案件性质、诉讼程序类型,广泛存在于刑事诉讼过程中,在性质上兼具实体与程序双重属性,且明显有别于域外辩诉交易制度。本文在科学界定认罪、认罚、从宽内涵的前提下,提出该制度应当坚持以被追诉人自愿性选择为基础,强调控辩双方协商并经由法院最终司法审查确认。围绕参与主体及其权限、案件范围、诉讼阶段流程、从宽处理原则及其界限幅度等基本内容,探讨了认罪认罚从宽处理制度的框架体系。",认罪;认罚;从宽;司法审查,D663.5,16,,法学三大刊论文/中国法学/认罪认罚从宽制度研究.pdf
707,认罪认罚从宽制度视野下的“以审判为中心”,汪海燕[1],,2023,6,62,80,以审判为中心的诉讼制度改革和完善刑事诉讼中认罪认罚从宽制度根植于相同的时代背景，服务于共同的司法目标，但二者有不同的功能定位。前者指向“推进严格司法”，是对程序法治和司法规律要求的回应，而后者是“优化司法职权配置”的重要内容，强调司法资源的优化配置和刑事诉讼体系的科学构建。相较而言，以审判为中心更具宏观性和基础性，完善刑事诉讼中认罪认罚从宽制度应以其为依托。从构造层面考察，检察主导责任在认罪认罚从宽场域体现明显，但不能游离于审判中心之外。从程序层面分析，认罪认罚案件的庭审具有程序简化、将认罪认罚的“三性”作为审查对象等特征，虽然与传统的庭审实质化表现不同，但仍有其实质性功能与价值。从证据层面来看，无论案件是否适用认罪认罚从宽程序，定罪证明标准都不能降低。《刑事诉讼法》再次修改时，有必要将“以审判为中心”作为一项基本原则写入。,以审判为中心;认罪认罚从宽;庭审实质化;检察主导;证明标准,D925.2,,,法学三大刊论文/中国法学/认罪认罚从宽制度视野下的“以审判为中心”.pdf
708,认罪认罚从宽制度适用中的职权性逻辑和协商性逻辑,杜磊[1],中国人民大学刑事法律科学研究中心,2020,4,222,239,"我国认罪认罚从宽制度适用中存在着职权性逻辑和协商性逻辑。这两种不同逻辑各自支配了认罪认罚从宽制度适用中的不同领域,形成了一种职权性逻辑占主导的认罪认罚从宽模式。这种模式的形成与认罪认罚从宽制度的定性、功能以及职权主义诉讼体制密切相关。这种模式存在着一些风险,如容易导致认罪认罚从宽制度适用的混乱、审判机关的权力被不当限缩、检察机关的权力不当扩张以及被追诉人诉讼地位的恶化等。下一步的改革方向是:立足于认罪认罚从宽制度的程序性制度定位,承认其合意性本质;重置职权性逻辑和协商性逻辑,祛除合意过程和合意结果形成中的职权性逻辑,限缩合意对外的形式和效力中的协商性逻辑,发挥审判机关的实质性审查作用;对认罪认罚从宽制度进行权利化改造,将""以审判为中心""的改革作为推动刑事诉讼制度综合性改革的支点。",以审判为中心;认罪认罚从宽;职权性逻辑;协商性逻辑,D92,0,,法学三大刊论文/中国法学/认罪认罚从宽制度适用中的职权性逻辑和协商性逻辑.pdf
709,认罪认罚从宽适用常态化之实效检验,吴雨豪[1],,2024,3,266,286,2018年《刑事诉讼法》修改后，认罪认罚从宽制度的适用步入常态化阶段。既有讨论将认罪认罚从宽制度的功能归纳为程序、实体和恢复性司法三个维度。本文基于2016—2021年我国基层法院审理的六类常见案件两百余万份裁判文书，分别评估了认罪认罚从宽制度的个案效果和系统效果，实证结果显示：在程序维度上，认罪认罚从宽显著提升了案件处理的司法效率，但是其在发挥繁简分流、优化司法资源配置方面仍有完善空间。在实体维度上，认罪认罚的被告人总体上获得了“从宽”的处遇，认罪认罚从宽制度在促进轻罪的量刑朝宽缓化方向发展的同时，并没有对重罪案件的量刑产生同样影响，这符合宽严相济刑事政策的应然要求。在恢复性司法维度上，一方面，认罪认罚案件中被害人赔偿、被害人谅解和刑事和解的比例都显著高于不认罪认罚的案件；但另一方面，一些刑事案件中被害人权益保护的整体状况并没有显著改善，未来被害人权益保护仍然应当是认罪认罚从宽制度完善中值得关注的议题。,认罪认罚从宽;政策评估;司法效率;宽严相济;被害人保护,D925.2,,,法学三大刊论文/中国法学/认罪认罚从宽适用常态化之实效检验.pdf
710,论1954年宪法上的审判独立原则,韩大元,中国人民大学法学院,2016,5,5,24,"作为宪法的一项基本原则,审判独立原则体现不同国家宪法体制与本土化的经验。1954年宪法第78条确立的审判独立原则为新中国司法体制奠定了合宪性基础,体现鲜明的中国宪法传统与特色。在司法改革成为法治“热门话题”的今天,认真回顾1954年宪法“审判独立原则”的形成过程,有助于我们准确把握审判独立原则的现代价值,从历史的正当性与合法性中寻求实现审判独立的内在动力。",1954年宪法;审判独立原则;人民法院;党的领导,D921,47,,法学三大刊论文/中国法学/论1954年宪法上的审判独立原则.pdf
711,论“唯庭审主义”之辩护模式,"李奋飞[1,2]",中国人民大学法学院,2019,1,284,302,"在中国的刑事辩护实践中,始终存在一种'唯庭审主义'的辩护模式。其主要特征是,律师把庭审环节当成辩护的主要场域,甚至唯一场域,而忽视庭审外尤其是庭审前的辩护活动。审前既不与检警机关设法沟通,也未能说服其作出任何有利于己方的决定;庭审辩护又以宣读根据卷宗撰写的辩护词为中心。这一模式的形成,与审前制度空间的局限、刑事辩护理念的偏差、审前辩护技能的欠缺有着紧密的关系,并导致了诸多消极的后果,尤其是辩护效果不佳,无法有效保障被追诉人的利益,也难以及时地促使检警机关自我纠偏。2012年刑事诉讼法赋予了律师在审前程序的辩护人地位,使得部分律师日益重视'辩护前移',并取得了初步成效。但要让中国律师彻底走出'唯庭审主义'的辩护模式,实现有效辩护尤其是有效果的辩护,至少还应从检察机关的审前定位和办案方式的诉讼化、律师权利的增设与保障、刑事法律援助的质量监管和值班律师的定位等诸多方面,对中国刑事辩护制度乃至刑事司法制度加以改革和完善。",唯庭审主义;辩护模式;辩护前移;有效辩护,D925.2,0,,法学三大刊论文/中国法学/论“唯庭审主义”之辩护模式.pdf
712,论“正常经营买受人”的善意要求,郑永宽[1],,2023,4,183,199,为应对动产担保登记所引发的动产交易时查询权利负担的两难，正常经营买受人规则豁免买受人查询权利担保的义务，以提升交易效率。正常经营买受人的法律构成中，正常经营活动、已支付合理价款、取得担保财产等要件基本可兼顾对动产担保权益的保障。但《担保制度解释》第56条为正常经营买受人的构成设定了善意要件，依此，买受人对于动产担保知情及异常交易情形应查询登记而未查询时应知的，均不受特别保护。一旦要求买受人善意，对买受人的保护逻辑将转换为信赖保护法理，而且，应当查询登记的情形模糊难断及知情不予保护，将传递给当事人不确定的预期，增加主观层面的对峙，最终损及交易效率，甚至阻碍交易的进行。对于正常经营买受人保护的限制，重心应放在出卖人的正常经营活动，努力设定相对客观易判断且可预期的范围。规范应明示：只要属于出卖人正常经营活动，正常经营买受人即无查询义务，也无被追及的风险。,动产担保;登记;正常经营买受人;善意,D923.2,,,法学三大刊论文/中国法学/论“正常经营买受人”的善意要求.pdf
713,论“量化评价类”规制工具,"王瑞雪[1,2]",南开大学法学院,2025,2,247,263,“量化评价类”规制工具以各类评估、考核、评级、评分、排名为载体，是行政机关以趋近于数学公式的规则为依据，针对被评价对象进行定量计算并得出确定评价结论的行政活动方式。经由对优绩的定义权和过程的监控权，它将科学管理的思维路径推衍至自我规制与外部规制全域，以发挥公平配置公共资源、增强行政活动理据、确保绩效目标完成、助推公共任务实现等功用。然而部分评价偏离目的正当性要求，其背后的评价规则主观性过强，过度依赖数字的决策机制面临合理性质疑。鉴于其可能将长远的发展议题简化为短视的数字排序议题，有必要基于依法行政原则、合理性原则、正当法律程序原则为“量化评价类”规制工具划定必要的法治界限，并完善针对量化评价工具的救济机制。,量化评价工具;指标体系;声誉机制;信用监管;数字治理,D922.1,,,法学三大刊论文/中国法学/论“量化评价类”规制工具.pdf
714,论《民法典》的功能主义释意模式,许中缘[1],中南大学法学院,2021,6,183,200,"法律的功能由不断变化的社会因素塑造并随之转变,这使得法律能够与社会俱进.我国《民法典》具有自治法与治理法、人文主义与社会正义、市场发展与道德建设、个体主义与团体主义的现代化面相,传统教义学的释意模式已无法涵盖.功能主义释意契合民法典价值更新的现代化需求,顺应法典制定后的司法适用需要,可避免陷入传统立法及释意模式的路径依赖与路径封锁.功能主义释意的本质是""超越法教义学、回归法教义学"",在尊重民法典内、外部体系区分的基础上,挖掘并深入阐释既有之体系内涵与规范意旨,保障《民法典》适用的安定性与可预见性.功能主义释意可凝聚《民法典》的体系化内涵、促进民法法教义学的融合发展,对于构建中国的民法体系与民法学体系均具有重要意义.",民法典;功能变迁;功能主义释意;内部体系;外部体系,D923,0,,法学三大刊论文/中国法学/论《民法典》的功能主义释意模式.pdf
715,论《民法典》的溯及力,熊丙万[1],不详,2021,2,20,41,"《最高人民法院关于适用〈中华人民共和国民法典〉时间效力的若干规定》为《民法典》的过渡施行活动提供了十分重要的规范指引,有助于保障其过渡施行质效,但仍存在规定条文数量较少、一般规定语义模糊、具体规定指涉偏差等不足,有必要从原则和规则两个层面作进一步梳理.在一般原则层面,《立法法》第93条确立的有利溯及原则主要以刑事法律为规范原型,但民事法律调整的社会关系在属性上不同于刑事法律,在""有利溯及""外,还需坚持有序溯及原则和重大公益溯及原则.在具体规则层面,有必要准确识别《民法典》对既有民事单行法的纂修场景,在区分法律行为与非法律行为的基础上,侧重从意定交往目标之实现、法定政策目标之实现这两个视角,分别判断《民法典》新规适用于过往民事法律事实是否满足""有利""""有序""或""重大公益""之要求;在区分可分割的与不可分割的持续性法律事实的基础上,分别判断《民法典》新规对持续性法律事实和由瞬间性法律事实引发的持续性法律关系的溯及力.",民法典;溯及力;有利溯及;有序溯及;重大公益溯及,D923,0,,法学三大刊论文/中国法学/论《民法典》的溯及力.pdf
716,论一体建设法治社会,"张鸣起[1,2]",全国人大法律委员会 中国法学会,2016,4,5,23,"法治国家、法治政府、法治社会一体建设是中国建设发展的主观选择,是我国经济社会发展的迫切需求,中国特色社会主义理论是其思想基础,具有划时代的意义。相对于法治国家、法治政府,法治社会是指全部社会生活的民主化、法治化。法治国家、法治政府与法治社会要一体建设而非分体建设、要同步建设而非分步骤建设。要从理念和思维层面、国家治理体系和治理能力层面、社会自治能力层面充分认识法治社会建设的艰巨性、复杂性。我国法治社会建设的基本路径在于：以坚持党的领导为根本保证,以政府主导与社会共治为基本方式,以培育法治信仰、增强全民法治观念为突破口,以构建政社分开、权责明确、依法自治的现代社会组织体制为重点,以形成多元融贯的规则体系为支撑,实现政府治理和社会自我调节、居民自治良性互动,达到整个社会和谐有序、健康发展。",法治社会;一体建设;政府主导;社会共治,D920.0,22,,法学三大刊论文/中国法学/论一体建设法治社会.pdf
717,论个人数据经济利益的归属与法律保护,程啸[1],,2024,3,42,61,个人数据上的经济利益能否归属于个人以及法律上如何保护和实现该利益，是我国建立数据产权制度中的核心问题之一。个人信息与个人数据乃一体两面，都是个人信息权益的客体，而非不同的民事权利客体。在我国人格权保护“一元模式”下，个人信息权益既保护自然人对个人信息（或个人数据）的精神利益，也保护自然人对个人数据（或个人信息）的经济利益。不应将个人数据上的经济利益完全配置给处理者，也无需单设个人数据所有权来保护自然人的经济利益。个人同意与个人许可是自然人行使个人信息权益实现个人数据上经济利益的两种形式，具有不同的性质与法律效果，适用于不同的个人数据交易场景。个人信息权益对于企业数据财产权具有制约作用。,个人信息;个人数据;个人信息权益;数据产权,D923,,,法学三大刊论文/中国法学/论个人数据经济利益的归属与法律保护.pdf
718,论中国刑法上的“二阶刑事违法”,杜宇[1],复旦大学法学院,2025,2,284,304,在当下中国的刑事立法上，存在着一种独特的违法构造。在这一构造中，行为不法被分为前后相继的两个层次，隐含着违法评价的分阶检验与渐次形成机理，本文称之为“二阶刑事违法”。其中，“初阶违法”是指基于行为人前部行为所形成的违法性，其以前置法上的义务违反为根据；“次阶违法”则指在后续的程序性处置中，因行为人拒不履行相关义务而形成的二次违法。一方面，这两种违法性在违法根据、内涵形成、界分重心及规范评价上有着相当差异，应当被明确区分开来；另一方面，两者既相互补充又相互限制，共同塑造着整体的违法评价。透过这一特殊的违法构造，立法者试图整体性地限缩刑事处罚范围，并与前置法的规制范围保留一定的过渡空间，从而使保障法自身的规范任务得以安置，由此形成了一种“违法阶梯”式的立法架构。这一违法构造将在实体裁判与程序安排上产生体系性与贯穿性的影响：前者体现在违法时点与违法数额的判断之上；后者体现在程序流程的动态引导与追诉时效的附随确定之上。,二阶刑事违法;初阶违法;次阶违法;客观处罚条件,D924.1,,,法学三大刊论文/中国法学/论中国刑法上的“二阶刑事违法”.pdf
719,论中国古代的“六事法体系”,"朱勇[1,2]",中国政法大学,2019,1,25,45,"中国古代采取'官法同构'的制度建构基本模式,根据国家事务管理需要,设置官制;根据官吏治理需要,建立法制,进而实现'治官'与'治民'的双重目标。从汉唐至明清,官制经历了从'三公九卿'到'三省六部''六部'体制的演进,法制则经历了'六事法体系'的萌芽、建立、成熟、完善等发展阶段。至明清之时,与中央六部官制相对应,以吏事法、户事法、礼事法、兵事法、刑事法、工事法为主体的'六事法体系'成熟、完善。通过对于'户事法'的透视,可以看到,'六事法体系'对于国家事务与社会关系形成广泛覆盖,基本实现了对于文武百官、社会万民的全面调整。这一法律体系,符合古代国情,满足古代治国理政需要,并在维护国家统一、构建社会秩序等方面发挥重要作用;这一法律体系,既体现了中国古代国家治理、社会管理方式的鲜明特色,也展示了中华民族的政治智慧与法律智慧。",六事法体系;官法同构;户事法,D929,0,,法学三大刊论文/中国法学/论中国古代的“六事法体系”.pdf
720,论中国古代的德法共治,张晋藩,中国政法大学,2018,2,89,107,"习近平同志在十九大报告中再次提出＂坚持以德治国和依法治国相结合＂的论断,本文从中国法制历史的实际出发,结合儒、法两家关于德治与法治的学说,介绍了以德化民的历史功用;同时,阐述了管仲＂以法治国＂的提出和法家法治学说的发展历程,指出法治工具论的价值取向及其局限性。本文还着重介绍德法互补、共治的发展进程,以周初＂明德慎罚＂为德法共治的发端,以两汉＂德主刑辅＂为德法共治的发展阶段,以唐代＂德礼为政教之本、刑罚为政教之用＂为德法共治的定型阶段,借以说明德法共治的阶段性和一贯性,进而论证德法互补、共治是历史发展必然性的规律,从而为建设社会主义的法治强国提供借鉴。",德治;法治;以德化民;以法治国;德法共治,D92,0,,法学三大刊论文/中国法学/论中国古代的德法共治.pdf
721,论中国古代的民本思想,张晋藩[1],,2022,5,122,142,从夏、商、秦、隋四朝的兴亡史中可以看出，“得民则昌，失民者亡”是一条永恒不变的历史规律。中国古代思想家、政治家从实际出发，总结出民本思想的基本理念：兴国安邦，在得民心；以农为本，改善民生；宽以养民，改善民生；爱民富民，民安国强；富则教之，移风易俗；矜恤弱者，重视人命。民本思想虽然不可避免地带有阶段性和局限性，但依然为今天以人民为中心的发展思想提供了丰富的历史镜鉴。,民本;利民;爱民;教民;以人民为中心,K22,,,法学三大刊论文/中国法学/论中国古代的民本思想.pdf
722,论中国式法治现代化新道路,张文显[1],吉林大学,2022,1,5,31,"中国式法治现代化新道路是中国式现代化新道路在法治领域的具体体现,是中国共产党领导人民经过长期探索和伟大实践而成功走出的一条符合中国国情、遵循法治规律、通向良法善治的法治现代化正确道路,是马克思主义法治理论与中国法治建设实际相结合、与中华优秀传统法律文化相结合的重大成果.中国式法治现代化新道路是法治现代化的社会主义道路、中国道路,也是21世纪人类法治文明的康庄大道.中国式法治现代化新道路的战略定位是中国特色社会主义现代化总体布局,发展目标是建设良法善治的法治中国,路径选择是全面推进依法治国.面向未来,我们将以建设法治强国为目标、以国家治理现代化为蓝图、以全体人民共同富裕为要务、以全过程人民民主为基石、以数字化智能化为动能、以全人类共同价值为引领,不断拓展中国式法治现代化新道路,推进中华法治文明新发展,创造人类法治文明新形态.",法治;现代化;新道路;中国式法治现代化新道路,D920.0,0,,法学三大刊论文/中国法学/论中国式法治现代化新道路.pdf
723,论中国法理学史学科的创立,喻中[1],,2024,2,85,104,法理学是法学学科体系中的二级学科与基础学科。在法理学这个二级学科的框架下，还有一个更具基础地位的法学分支学科，那就是中国法理学史。为了阐明中国法理学史学科的价值与意义，应当首先理解中国法理学史在法学学科体系中的位置。在此基础上，有必要把西方法理学史作为中国法理学史研究的一个参照。与此同时，还应当在中国法理学史研究与中国法律思想史研究之间形成良性互动的关系。立足学术传承与学术创新并重，有必要充分尊重梁启超等人所开创的中国法理学史研究范式，同时借鉴外来的研究经验，创立相对独立的中国法理学史学科，以推进中国法理学史的研究，进而为建构中国自主法学知识体系、法学学科体系奠定更加坚实而深厚的理论根基。,法学学科体系;法理学;中国法理学史;西方法理学史;中国法律思想史,G642.3,,,法学三大刊论文/中国法学/论中国法理学史学科的创立.pdf
724,论中国特色国际税收法治体系之建构,崔晓静[1],武汉大学法学院国际法研究所,2020,5,163,183,"国际税收法治体系是国际税法制定和实施活动的动态体系。中国特色国际税收法治体系之建构,要求中国基于自身的具体国情,不断推进国际税收领域的科学立法、严格执法和公正司法,并实现三者之间的有机衔接和协调运转。在立法领域,应当明确国际税收立法的指导思想,构建科学完备的国际税收立法体系。在执法领域,应当建构国际税收执法的约束机制,对国际税法中的行政解释权和行政裁量权加以有效约束。在司法领域,应当尽快疏通国际税收行政纠纷的解决机制,加强人民法院涉税审判专业队伍建设,对外国国际税收司法判决给予更充分的关注,完善最高人民法院的国际税收司法监督和指导工作。",国际税收;法治体系;行政约束;司法监督,D92,0,,法学三大刊论文/中国法学/论中国特色国际税收法治体系之建构.pdf
725,论中国财税法学自主知识体系的建构,刘剑文[1],辽宁大学法学院,2025,1,111,130,坚持以解决问题为中心，是识别、建构与型塑中国特色的财税法学自主知识体系的现实逻辑。改革开放以来，财税法学研究紧扣中国问题，在起步、积累、转型与创新的过程中，创造了一系列植根于中国实践的理论话语。其中，“财税法一体化”理论具有广阔视野，与财税法研究范式转型之现代需求相结合，为财税法学的后续发展夯实了基础，并促成财税法学发展为一门独具特色的领域法学。公共财产法、理财治国观、领域法学、法治财税论等理论范畴的提炼，标志着中国财税法学自主学术框架的基本确立。在中国式现代化建设背景下，财税法学研究需继续坚持问题导向，坚持理论与实践的良性互动，不断提升财税法领域的国内与国际话语权，持续探索完善中国财税法学自主知识体系。,财税法学;财税法一体化;中国自主知识体系,D922.22,,,法学三大刊论文/中国法学/论中国财税法学自主知识体系的建构.pdf
726,论中立帮助行为的处罚边界,陈洪兵,南京师范大学法学院,2017,1,189,208,传统理论及司法解释一贯认为，只要行为客观上促进了他人的犯罪，行为人主观上也对此明知，就应作为帮助犯受到处罚。这种不加区别的做法可能导致过于限制公民日常生活中的交易、交往自由。近年来，中立的帮助行为原则上不应作为帮助犯受到处罚已经成为国外刑法理论的主流立场。除非行为人违反违禁品管制等相关规定，否则应认为其中立帮助行为并没有制造不被法所容许的危险，不具有帮助行为性，不成立帮助犯。《刑法修正案（九）》针对网络服务提供者责任的规定，并非意味着全面处罚网络中立帮助行为，相反，除非专门用于实施信息网络犯罪，否则，原则上应将提供互联网接入、服务器托管、网络存储、通讯传输、搜索引擎、软件、链接等技术支持的行为排除在刑罚处罚的范围之外。,中立帮助行为;帮助犯;利益衡量;正当业务行为;网络犯罪,D914,65,,法学三大刊论文/中国法学/论中立帮助行为的处罚边界.pdf
727,论习近平法治思想的公正司法观,童建明[1],,2024,2,5,25,习近平法治思想的公正司法观诞生于全面依法治国的历史进程中，形成于新时代司法体制改革的伟大实践中，体现于新时代公正司法工作的历史成就中。习近平总书记深刻阐释了公正司法的重大意义、根本保证、目标追求、基本要求、实现途径和组织保障等重大问题，形成了科学的公正司法观，为新时代推进公正司法提供了根本遵循和行动指南。习近平法治思想的公正司法观的科学特质体现为，坚持“两个结合”，坚持人民至上，坚持中国道路，坚持问题导向，坚持系统思维，坚持胸怀天下。,习近平法治思想;公正司法观;全面依法治国;公平正义;司法体制改革,D920.0,,,法学三大刊论文/中国法学/论习近平法治思想的公正司法观.pdf
728,论习近平法治思想的制度逻辑,李林[1],,2022,4,26,48,规则是法律的精要，制度是法治的根基。习近平法治思想蕴含着深厚的制度理论、丰富的制度实践和深刻的制度逻辑，强调制度更具有根本性、稳定性和长期性。习近平法治思想明确提出，推进全面依法治国，建设中国特色社会主义法治体系，建设社会主义法治国家，应当加强国家制度和法律制度建设，在法治轨道上推进国家治理体系和治理能力现代化，形成一整套以宪法制度为核心的更加成熟定型的中国特色社会主义制度体系；应当全面加强和推进宪法法律实施，把国家制度、法律制度和国家治理体系的制度优势转化为治国理政效能，为全面建设社会主义现代化国家提供有力制度支撑和法治保障。,习近平法治思想;国家治理;制度逻辑;制度体系;法治体系,D920.0,,,法学三大刊论文/中国法学/论习近平法治思想的制度逻辑.pdf
729,论习近平法治思想的时代精神,汪习根,华中科技大学法学院,2021,1,29,47,"作为当代中国马克思主义法治理论、21世纪马克思主义法治理论,习近平法治思想蕴含着改革创新的时代精神.习近平法治思想孕育于深厚的时代背景,是改革开放尤其是党的十八大以来全面依法治国实践经验的科学总结和理论升华;习近平法治思想蕴涵着党的领导这一时代之魂,始终坚持以党法关系为法治中国的根本关切,科学揭示了法治逻辑与政治逻辑的价值同源性和规范统一性;习近平法治思想紧扣时代主题,围绕中国特色社会主义建设这一中心线索,在理论定位上牢牢把握中国特色社会主义事业发展的总依据、总布局和总任务;习近平法治思想发出了法治中国的时代之问,深刻地回答了法治的初心使命、治理模式与外部环境等一系列具有根本性、全局性和长远性的关键问题;习近平法治思想凝聚着鲜明的时代价值,彰显了人民主体的权利精神、尊重规律的科学精神、和谐包容的人文精神、社会公平的法理精神.",习近平法治思想;时代背景;时代主题;时代之问;时代价值,D920.0,0,,法学三大刊论文/中国法学/论习近平法治思想的时代精神.pdf
730,论习近平法治思想的法理学创新,邱水平[1],,2022,3,5,23,对习近平法治思想的系统性建构、学理性解读和学术性阐述，需要立足于法学基础理论构建层面的普遍性意义，分析其对西方中心主义范式下法学理论的超越，理解其在马克思主义法理学中国化发展脉络中的划时代意义。长期以来，主张将“法律”与“道德”、“法治”与“德治”相割裂，“事实”与“价值”相分离，“国家”与“社会”二元对立的西方主流法理学思潮，对中国现代法理学的建构产生深刻影响。习近平法治思想从根本上对上述西方法理学思潮进行学理性超越，实现了马克思主义法理学中国化的最新发展。这种学理发展对实践的鲜活指导证明，西方国家的法治现代化道路并非法治的必由之路，各国完全有可能在自身历史文化传统与现实国情的基础上探索适合自身政治实践的法治现代化路径。,习近平法治思想;法理学;西方法理学;马克思主义法理学中国化;法治现代化,D920.0,,,法学三大刊论文/中国法学/论习近平法治思想的法理学创新.pdf
731,论互联网法,周汉华[1],中国社会科学院法学研究所,2015,3,20,37,互联网带来了生产方式、生活方式与信息传播方式的巨大变化。互联网法应根据社会关系的变化和互联网本身的规律，进行整体结构设计。关键信息基础设施、互联网服务提供商与互联网信息构成互联网法的三个主要调整对象。在这三个不同领域，互联网法的立法宗旨、法律原则、治理手段、执法机制等均有差别，应分层处理。只有尊重互联网规律，才能充分发挥互联网法的不同作用，处理好互联网法与其他法律的关系，实现自由、安全、创新、秩序等不同价值。,互联网法;关键信息基础设施;互联网服务提供商;互联网信息,G206,57,,法学三大刊论文/中国法学/论互联网法.pdf
732,论人工智能生成内容的著作权法平等保护,"徐小奔[1,2]",,2024,1,166,185,在人工智能时代，人机互动已成为许多作品的常见创作方式，著作权法平等保护就是对人工智能生成内容（AIGC）与人类作品给予相同的制度评价，为此需要解决人工智能生成内容的可版权性问题与著作权归属问题。人工智能生成内容与人类作品在客体外观上具有一致性、在经济利益上具有同质性且符合著作权法激励创新的制度目的，这些是二者得以获得平等保护的前提基础。通过著作权法平等保护，可以降低法律制度摩擦成本、打造统一的著作权交易市场、鼓励标识真实来源并塑造人工智能生成内容市场价值。著作权法平等保护的实现可借鉴法律主体利益实体功能与法律推理功能分离的规范原理，参照著作权二元主体结构机制，将人工智能拟制为形式主体并使著作权利益向人类集中。具体而言，可发挥人工智能形式主体的法律推理功能，将人机互动视为一个创作整体，进而证成人工智能生成内容的独创性，并通过共同创作、委托创作等既有著作权法律关系的权属规则将著作权原始分配给人工智能的人类使用者。,AIGC;独创性来源;著作权主体;著作权归属,D923.41,,,法学三大刊论文/中国法学/论人工智能生成内容的著作权法平等保护.pdf
733,论人工智能立法的基本路径,林洹民[1],中央财经大学法学院,2024,5,82,102,采用何种路径规范人工智能活动，是人工智能立法的核心问题。风险管理进路存在风险评估与分类困难、放任损害发生等问题，并非人工智能立法的当然选择。与以往科技活动不同，人工智能活动既属于专精科技活动，又具有赋能科技活动属性。以人工智能活动为规范对象的人工智能法不应以单一理论为指导，而应遵从科技法与应用法双重定位。科技法定位下的《人工智能法》应尊重科技自主，将科技伦理内化于人工智能研发活动中，同时打破制度壁垒，设计促进型规则，助力人工智能科技的发展。应用法定位下的《人工智能法》则应关注科技赋能场景导致的功能异化现象，一方面借助抽象的权利义务工具，尤其是通过规定新型权利，构建弹性的规范框架，回应不同应用场景中的价值序列差异；另一方面应推行实验主义治理，通过监管沙箱、授权性立法等设计，动态调整监管策略，满足人工智能赋能应用活动的灵活治理需求。,人工智能立法;专精科技;赋能科技;科技伦理;实验主义治理,D99,,,法学三大刊论文/中国法学/论人工智能立法的基本路径.pdf
734,论人机协同审判的信任构建,衣俊霖[1],上海交通大学凯原法学院,2025,2,148,167,随着人工智能在我国智慧司法建设中的普及推广，司法审判逐步呈现出“法官为主、机器为辅”的人机协同审判格局。目前，司法人工智能暂时消隐于法官背后，审判信任被置换为对法官人格、法院制度或人工智能算法的信任。人格信任奠基于法官作为“完人”的应然预设，与实然的法官“常人”之间存在现实差距。法院组织以司法责任制作为约束人机互动的主要制度安排，但在预测审判逻辑的影响下，存在盲目采纳机器建议的“人机合谋”风险。算法信任机制尽管能发挥局部的信任补救功能，但囿于“主体—工具”的二分思维，难以对法官与算法的协同过程进行约束。应当以信任者与信任对象的沟通互动为出发点，对人格信任、制度信任和算法信任进行反思性整合，将司法人工智能从内部办案工具拓展为外部沟通工具，推动人机协同法律议论的充分展开，为人机协同审判奠定更为坚实的信任基础。,人工智能;人机协同审判;审判信任;法律议论,TP18,,,法学三大刊论文/中国法学/论人机协同审判的信任构建.pdf
735,论人格权请求权与侵权损害赔偿请求权的分离,"王利明[1,2]",中国人民大学,2019,1,224,243,"人格权独立成编是我国民法典体例的重大创新,在独立成编的人格权法中是否应当规定人格权请求权,以及如何规定人格权请求权,是我国人格权立法需要解决的重大疑难问题。笔者认为,人格权请求权的独立性是其与侵权损害赔偿请求权分离的基础,人格权请求权的产生与发展是人格权制度重要的发展趋势;人格权请求权与侵权损害赔偿请求权的区别是其二者分离的原因;充分有效保护人格权是人格权请求权与侵权损害赔偿请求权分离的目的。笔者并对民法典草案中有关人格权请求权与侵权损害赔偿请求权分离模式的立法选择作出了探讨。",人格权请求权;侵权损害赔偿请求权;民法典制定,D923,0,,法学三大刊论文/中国法学/论人格权请求权与侵权损害赔偿请求权的分离.pdf
736,论企业合规程序出罪,刘少军[1],,2023,5,90,110,企业合规程序出罪分为事前企业合规出罪与事后刑事合规出罪两种类型。企业合规程序出罪的理论基础在于恢复性司法理念的支撑、刑罚观向积极一般预防观的转变、需罚性理论下刑罚必要性的判定、程序出罪与实体出罪的分离以及基于公共利益的考量。企业合规程序出罪存在放纵犯罪的风险、法院缺位损害程序正义的风险以及缺乏监管陷入腐败窠臼的风险，应当严格把控出罪要件和标准以设立出罪边界、构建司法审查制度以强化法院参与、多样监管以保证合规出罪的合法正当。企业合规程序出罪的实践路径可以从侦查阶段对于检察机关合规不起诉的高度配合、检察阶段合规不起诉的分层次处理以及审判阶段合规程序出罪模式的探索三方面展开。,企业合规;程序出罪;合规不起诉;风险防范;司法审查,D924.3,,,法学三大刊论文/中国法学/论企业合规程序出罪.pdf
737,论企业名称的竞争法保护——最高人民法院第29号指导案例研究,李友根[1],南京大学法学院,2015,4,266,285,《反不正当竞争法》第5条第3项关于擅自使用他人企业名称构成不正当竞争的规定，在司法实践中逐渐扩大解释为企业字号。最高法院第29号指导案例将其进一步扩大为适用于企业名称的简称。民法、商法对企业名称的保护各有其构成要件与限制，对于简称的保护就需要引入反不正当竞争法，这是由竞争法的宗旨和利益的保护方式所决定的。但是，司法对法条的扩张解释最终需要立法修订解决，而第29号指导案例在理由的论证上尚有完善之处。,指导案例;企业名称;竞争法,D922.294,69,,法学三大刊论文/中国法学/论企业名称的竞争法保护——最高人民法院第29号指导案例研究.pdf
738,论依规范目的认定合同无效：以《合同编通则解释》第16条为中心,"王利明[1,2]",中国人民大学法学院,2024,6,24,44,以区分效力性和管理性强制性规定来认定合同无效的方法存在模糊性和不确定性。《合同编通则解释》第16条在实质上采取了依据规范目的认定合同效力的标准。该标准体现了法官在具体个案中对合同关系进行干预的正当性，彰显了对公共利益的保护，符合比较法上合同法的发展趋势。但该条表述不全，未臻完善。依据规范目的认定合同无效，应当首先探究强制性规定的规范目的是否涉及公共利益及其类型，其次应当确定规范目的是否针对合同的内容，最后考察行政责任、刑事责任是否可以实现规范目的。依据规范目的认定合同无效应当受到比例原则的限制，在合同履行对社会公共利益造成的影响显著轻微、认定合同有效不会影响该规范目的的实现等情形时不应认定合同无效。,规范目的;合同无效;强制性规定;合同编通则解释;比例原则,D923.6,,,法学三大刊论文/中国法学/论依规范目的认定合同无效：以《合同编通则解释》第16条为中心.pdf
739,论保险告知义务规则与近因原则的衔接,王金玉[1],辽宁大学法学院,2025,1,265,284,保险告知义务规则在我国司法实践中不同程度地受到近因原则的影响和制约。保险合同履行过程中，在对已经发生的保险事故进行责任界分时，为了维护自身权益的最大化，保险人往往主张投保人违反了告知义务规则，拒绝理赔或索要已经支付的保险赔偿；而投保人则会主张其违反的告知义务事项与保险标的损失没有形成因果关系，未违反近因原则，因而其有权获取保险赔付。一些司法裁判中采用近因原则来判断投保人是否违反告知义务规则，使得保险告知义务规则与近因原则之间既相互独立又相互衔接。因此，我国保险成文法应对保险业和司法界频繁使用的近因原则进行法律规制，并在未来构建新的保险告知义务规则体系中植入近因原则，将二者合理衔接并发挥各自制度优势。,保险合同;告知义务规则;近因原则;因果关系,D922.284,,,法学三大刊论文/中国法学/论保险告知义务规则与近因原则的衔接.pdf
740,论全球治理体系中的国内法院,霍政欣,中国政法大学,2018,3,269,287,"在全球治理体系中,国内法院通过国际司法活动可以在国家之间、国内机构与国际机构之间、政府机构与非政府组织之间分配治理权。经此过程,国内法院不仅决定跨国行为主体的权利与义务,还以传导性与渐进式的方式影响全球治理的整体效果。国内法院在全球治理体系中的权能可称为跨国司法治理权,该权能具有广泛性、间接性与相对独立性等特征,这决定了人民法院对中国参与全球治理具有重要作用。鉴此,须在全球治理的高度厘定人民法院的权能,重视发挥其跨国司法治理权,提高其国际司法能力与公信力;扭转西方国家法院垄断国际法上国家实践的局面,推动国际法发展;善用人民法院解决敏感国际纠纷,以最小的国家成本促进全球治理体系变革。",全球治理;国内法院;跨国司法治理权;人民法院,D926.2,0,,法学三大刊论文/中国法学/论全球治理体系中的国内法院.pdf
741,论全面依法治国的战略地位和作用,"熊选国[1,2]",,2023,2,5,24,统筹推进“五位一体”总体布局、协调推进“四个全面”战略布局（“两个布局”），是党的十八大以来我们党在总结改革开放40多年成就经验基础上逐步提出的战略擘画。提出全面依法治国并将其纳入“四个全面”战略布局，是习近平法治思想的重大原创性贡献，是着眼于党和国家事业发展布局作出的重大战略抉择。全面依法治国与“两个布局”各方面都有着相互联系、相互促进、不可分割的内在关系。在新时代新征程上推进全面依法治国，在党和国家事业发展布局中突出法治保障工作，必须立足长远、着眼全局，更好发挥法治固根本、稳预期、利长远的保障作用。,全面依法治国;两个布局;习近平法治思想,D920.0,,,法学三大刊论文/中国法学/论全面依法治国的战略地位和作用.pdf
742,论公共企业的法律属性,胡改蓉,华东政法大学经济法学院,2017,3,142,163,"我国公共产品供给难以满足社会需求的深层原因是公共企业法律制度的缺失。现行法律规则体系虽对＂涉公共利益企业＂进行了多种表述,但均有不足,应以＂公共企业＂概念予以统一。公共企业因所提供产品的＂公共性＂,在经营中具有明显的＂公法性＂特质,但同时作为市场主体,又具有追求效率的＂私法性＂品格,成为一种＂特殊法人＂。为防止公共企业在经营中将公法责任遁入私法,应从市场准入与退出、治理机制、交易行为、价格管制、信息披露以及公共利益救济等多方面进行特别规制,并通过构建《公共企业法》弥补当前公共企业法律制度的缺失,最终促进公共产品的有效供给。",公共企业;公法性;私法性;特殊法人,D922.16,70,,法学三大刊论文/中国法学/论公共企业的法律属性.pdf
743,论公共法律服务与诉讼服务体系的制度协同,杨凯[1],华东政法大学公共法律服务研究院,2021,2,264,284,"公共法律服务和诉讼服务体系近年来都在积极探索基层社会矛盾纠纷化解之道,但两种服务体系各自主导的纠纷解决机制在单独应对基层治理难题时,都面临着制度梗阻和运行机制不畅等问题,亟待通过制度协同方式来共同培育优化多元化纠纷解决机制.两种服务体系制度协同的理论基础在于其制度建构目标相同、化解纠纷环节相扣、服务供给标准相近.通过制度协同可促进两种服务体系纠纷解决机制协同运转,进一步整合政法公共服务资源,形成全覆盖的公共法律服务体系和社会矛盾纠纷化解关口有效前移的""诉源治理""体系.",多元化纠纷解决;公共法律服务;诉讼服务;制度协同,D926.5;D925,0,,法学三大刊论文/中国法学/论公共法律服务与诉讼服务体系的制度协同.pdf
744,论公司机关决策权力的配置,潘林[1],山东大学法学院,2022,1,203,220,"特定法域的""主义之争""有其特殊的阶段、问题甚至概念,股东会中心主义的当代意义更是对机关分化不足的确认,经理中心主义则提示了董事会与经理分权的弹性.我国公司业务决策权力在机关之间分割,缺失决策权威与权力中心,造成了公司业务中决策主体的缺位、义务设定的落空和责任识别的困难.司法对公司行为的评价囿于决策问题本身而非""机关的决策"",从而加重了司法判断的负担,难以实现取向决策程序的方法论变迁,难以通过信义义务实现贴合交易语境的审查.对公司机关决策权属规范的再造,应首先明确董事会作为公司业务权力中心,从而将公司行为的评价难题转化为通过信义义务的决策责任追究问题,同时应在贯通权责逻辑的前提下为封闭公司保留分权的自由度.",股东会中心主义;董事会中心主义;经理中心主义;权力中心;信义义务,D922.291.91,0,,法学三大刊论文/中国法学/论公司机关决策权力的配置.pdf
745,论公司法的宪法基础,陈嘉白[1],清华大学法学院,2025,1,190,209,2023年修订后的《公司法》在立法依据中，重新写入“根据宪法，制定本法”，再次明示公司法与宪法之间的密切联系。在当代中国，宪法与部门法的联系愈发紧密，宪法的价值和理念愈加精准地融入各部门法的具体规范中。公司法作为带有明显私法特质的部门法，其制定和实施同样要遵循宪法的基本原则和核心价值，其所规范的公司虽然是由国家授予外部人格和内部治理权的经济实体，但亦因此被视为类政治实体，公司法的正当性理应以宪法为基础并受宪法保障。在“依宪立法”的要求下，我国《公司法》历次修订都以宪法确立的国家基本经济制度基础上的基本经济政策为依据，并体现了相应的政治理念。《公司法》以“根据宪法，制定本法”的立法表述，进一步明确了公司法的宪法基础和规范来源。公司法通过保护经营自主权和职工民主管理等基本权利，使宪法对基本权利的保护在公司法范畴延伸。同时，公司法也充分吸纳了宪法理念，强调宪制理论中的分权制衡等民主原则在公司治理中的应用，并以此作为公司民主治理法律机制的主要理论来源和制度基础结构。,公司法;宪法;依宪立法;基本权利;公司宪治论,D922.291.91,,,法学三大刊论文/中国法学/论公司法的宪法基础.pdf
746,论公开的个人信息处理的法律规制,程啸[1],,2022,3,82,101,公开的个人信息包括自然人自行公开的个人信息以及其他已经合法公开的个人信息。我国法律没有将公开的个人信息排除在个人信息之外，而是在兼顾个人信息保护与利用的基础上，对公开的个人信息的处理作出了专门的规范。《民法典》第1036条与《个人信息保护法》第13条、第27条分别从免责事由与个人信息处理规则的角度对于公开的个人信息处理作出了规范，二者相互补充，合力实现个人信息权益保护与个人信息合理利用的协调。处理者只有合理处理公开的个人信息，才无需取得个人的同意，且免于承担民事责任，但除非法律或行政法规另有规定，其告知义务并不当然免除。公开的个人信息的处理活动必须是合法的并且是在合理的范围内进行的，对合理与否的判断应当依据必要原则与目的限制原则在权衡不同利益的基础上进行，尤其是要考虑个人信息的公开目的。,公开的个人信息;信息处理;告知同意;民法典;个人信息保护法,D922.16,,,法学三大刊论文/中国法学/论公开的个人信息处理的法律规制.pdf
747,论具体权利概念的结构,张恒山[1],天津大学法学院,2021,6,99,119,"人们现实使用中的具体、特定权利概念一般都是由""行为+权利(抽象、一般的)""所构成.其中的行为是被权利(抽象、一般的)指称的对象,即权利载体;其中的权利(Right)蕴含着承认主体选择行为的自由、自主之义,以""正当(可以)""为本义.现实使用中的少数具体、特定权利概念有特殊性,譬如""生命权"",这是以特定利益为权利载体,其中""权利""变义为""不应当""(侵犯),是对外在主体(其他个体、组织和国家)的义务设定.",具体权利;权利结构;权利本体;权利载体;生命权,D90,0,,法学三大刊论文/中国法学/论具体权利概念的结构.pdf
748,论冒名处分不动产的私法效果,冉克平[1],华中科技大学法学院,2015,1,169,186,"冒名处分他人不动产的行为既与无权处分不同也与无权代理有异,属于非典型案例。不动产冒名行为不符合不动产登记簿公信力的构成要件,因此不应适用《物权法》第106条或者类推适用该法第107条。为保护善意第三人的信赖,可以将不动产冒名行为类推适用于无权代理/表见代理制度,并透过被冒名者的可归责性与相对人信赖的合理性这两个要素的比较、权衡,在保障交易安全的同时,兼顾所有权人的利益。",冒名行为;无权处分;善意取得;信赖保护,D923.2,64,,法学三大刊论文/中国法学/论冒名处分不动产的私法效果.pdf
749,论农民进城落户后集体土地“三权”退出,高海[1],安徽财经大学法学院,2020,2,30,47,"支持引导进城落户农民自愿有偿退出土地承包(经营)权、宅基地使用权和集体土地股权的政策表达与法律规定,尚存农民进城落户后应否以及何时丧失集体成员资格规则不明、丧失集体成员资格前支持引导退出规则不足、丧失集体成员资格后不自愿退出的应对之策缺失、大量农民进城落户且丧失集体成员资格后集体土地所有权归属之惑等问题。在承包地""三权分置""、宅基地""三权分置""与集体产权制度改革中,宜通过健全集体成员资格丧失标准和程序、完善集体土地""三权""之(最先)优先受让权与土地承包经营权和宅基地使用权之股权化方案、借助土地经营权和使用权乃至非本集体成员继承股权之类别股设计、大量农民进城落户且丧失集体成员资格后集体土地适时国有化等方法,化解上述问题。",农民进城落户;集体土地;成员资格;三权分置,D92,0,,法学三大刊论文/中国法学/论农民进城落户后集体土地“三权”退出.pdf
750,论农民集体与农村集体经济组织的关系,宋志红[1],中央财经大学法学院,2021,3,164,185,"《民法典》规定的农村集体经济组织代表农民集体行使土地所有权,实则是农村集体经济组织直接代表全体集体成员行使所有权,农民集体成员与农村集体经济组织成员完全同一.作为特别法人的新型农村集体经济组织本身是农民集体法人化改造的结果,其一旦设立,便直接依法对集体土地享有法人所有权.农民集体所有与农村集体经济组织所有并存的现象,体现了集体所有在不同制度层面(所有制—所有权)和不同历史时期的不同表现形式,是同一事物的不同面相.作为土地所有权承载主体的农村集体经济组织,应与农民集体具有唯一对应性、成员和财产范围同一性、利益一致性,其责任财产应具有特殊性——排除土地等资源性资产所有权,其表决机制和收益分配应基于公有制逻辑体现封闭性和均等性.农村集体经济组织法人所有不违反公有制,改革实践中应着力区分农村集体经济组织本身与其对外投资或合作而形成的经营体,避免将农村集体经济组织""泛化"".",农民集体;农村集体经济组织;土地所有权;集体产权制度改革,D923.2,0,,法学三大刊论文/中国法学/论农民集体与农村集体经济组织的关系.pdf
751,论农民集体土地所有权的管理权能,韩松,西北政法大学民商法学院,2016,2,121,142,"农民集体土地所有权的性质决定了管理权能是集体土地所有权的必要权能,该管理权能包括集体成员的民主管理、民主监督和集体组织的执行管理和监督管理。在涉及集体土地所有权的立法中,应当明确将管理权能规定为集体土地所有权的权能,并从管理权能的内容、管理权能的行使等各个方面作出完善的规定,使集体土地所有权管理权能的行使有法可依。",集体土地所有权;管理权能;管理权能行使,D922.32,17,,法学三大刊论文/中国法学/论农民集体土地所有权的管理权能.pdf
752,论刑事司法对鉴定的迷信与制度防范,陈永生[1],北京大学法学院,2021,6,264,283,"司法鉴定出现错误是造成冤假错案的重要原因,防范冤假错案要求对司法鉴定制度进行系统反思.司法对科技的应用大幅度提高了裁判的客观性与权威性,这导致不少司法人员对鉴定意见存在迷信心理.司法人员过分迷信鉴定意见存在严重风险:有些鉴定技术的原理可能不可靠;鉴定人员可能因受到动机偏见、认知偏见的影响而出具错误的鉴定意见.我国刑事司法对鉴定意见的审查机制极为薄弱,办案人员迷信鉴定意见的现象非常普遍;司法鉴定缺乏遏制和发现偏见的机制,实践中动机偏见和认知偏见问题都比较严重;当事人对鉴定程序的参与权受到严格限制,不利于防范司法对鉴定的迷信.要解决这些问题,需要对我国刑事司法鉴定制度进行系统重构.",司法鉴定意见;认知偏见;鉴定监督,D925.2;D918.9,0,,法学三大刊论文/中国法学/论刑事司法对鉴定的迷信与制度防范.pdf
753,论刑事案件不法原因给付财产的没收,吴光升[1],温州大学法学院,2025,1,245,264,我国民、行、刑立法协调性的不足导致法院在很多刑事案件中没收不法原因给付财产时面临法律依据不足的困境，不同法院在处理不法原因给付财产时做法不一、理由各异。在无法律否定给付人合法权益时，不法原因给付财产没收具有双重属性，既是对犯罪行为人违法所得的追缴，又是对给付人返还请求权优先性的排除。其正当性来源于两个方面：对于犯罪行为人来说是任何人不得从不法行为获得利益的矫正衡平理论，对于给付人来说是财产权滥用失权理论。不法原因给付财产没收条件具有双重符合性：不仅要符合违法所得没收的条件，还要符合排除给付人返还请求权优先性的条件。不法原因给付财产没收具有制裁性，其适用应遵循比例原则。为防止严重滥用财产权的行为，在不法原因给付行为具有犯罪预备性质时，犯罪行为人事后返还给付人的不法原因给付财产也应加以没收。,不法原因给付财产;违法所得;给付人;返还请求权;没收,D925.2,,,法学三大刊论文/中国法学/论刑事案件不法原因给付财产的没收.pdf
754,论刑事证据资格之多重性,林志毅[1],华南理工大学法学院,2022,1,262,279,"刑事证据的初级资格旨在为法律决定之事实基础提供一般合理性根据,高级资格旨在为法律决定之事实基础提供高度合理性根据,主观资格旨在保障证据材料在价值上的可接受性.由于我国理论及实践对上述不同性质、不同种类的证据资格缺乏深入而清晰的认识,因而在刑事证据资格制度上存在初级资格要求不明确,高级资格没有严格区分始端资格与终端资格,主观资格偏离价值本位且取向较为单一等主要问题,从而在某种程度上导致刑事证据使用的不当,甚至酿成冤假错案.为了更加合理地使用刑事证据,我国的刑事证据资格制度应当明确初级资格要求,严格区分始端资格与终端资格,让主观资格回归其价值本位并且使之进一步合理化.",刑事证据资格;证据能力;证据资格审查,D925.2,0,,法学三大刊论文/中国法学/论刑事证据资格之多重性.pdf
755,论刑事诉讼法的法典化,陈卫东[1],中国人民大学刑事法律科学研究中心,2021,3,51,69,"法典化是立法的一种高级形式,它具有将部门法律规范完备化与体系化的法治功能.由于未经法典化的编纂程序,我国《刑事诉讼法》的完备性与体系性明显不足,徒有法典之形式而无法典之内涵,直接引发了法外规范大规模膨胀与法律虚化的问题.为了完善中国特色社会主义法律体系、推进刑事司法治理体系的现代化、落实""以审判为中心""的诉讼制度改革、实现刑事诉讼制度的跨越式发展,就必须构建完备而体系的规范集合,达致刑事诉讼法真正意义上的法典化.就法典化的原则而言,刑事诉讼法的法典化应当围绕正当程序原则、审判中心原则、诉讼效率原则展开.《刑事诉讼法》在框架上的弊病,集中在基于""分工负责""而产生的职能化立法思路方面,允宜以破除职能化为导向进行法典化的构建.",刑事诉讼法;法典化;完备化;体系化;治理体系,D925.2,0,,法学三大刊论文/中国法学/论刑事诉讼法的法典化.pdf
756,论刑法的网络空间效力,刘艳红,东南大学法学院,2018,3,89,109,"传统的属地管辖原则在网络空间失灵。实害或者影响关联性标准是解决刑法的网络空间效力问题的方案之一。但是,该标准具有形式较模糊、内容不确定、借鉴不充分、根据不明确等缺陷。与此标准相关,我国刑法亦无法原封不动地移植最低联系标准、最密切联系原则以及领土具体化说、社会关系重心说、效果原则、普遍原则等。我国的网络主权是一项事实性和领土性的物理权力。基于该网络主权观,结果及与行为的关联度模型可能是对我国管辖规定的最优解释。根据此模型,实害结果及其与行为的关系越直接、集中的法院地法院管辖地位越高;危险结果及其与行为的关系越间接、松散的法院地法院管辖地位越低。无论如何,刑法的网络空间效力的标准设定应遵循国际法主权原则、刑法体系性原则、程序正当性原则、司法技术性原则、国际法标准原则等五项原则。",网络空间;属地管辖;效果原则;普遍原则;关联性标准,D924,0,,法学三大刊论文/中国法学/论刑法的网络空间效力.pdf
757,论反垄断法的重构:应对数字经济的挑战,"杨东[1,2]",中国人民大学法学院未来法治研究院,2020,3,206,222,"从工业经济时代的""生产大爆炸""到数字经济时代的""交易大爆炸""的转型过程中,数字经济平台利用其数据和算法等的综合能力、激发数据生产要素潜力的同时,也对基于工业经济的反垄断法带来基础理论和规制体系的挑战。需基于平台、数据、算法三元融合的规制原理,以鼓励创新与隐私保护重构反垄断法立法目的和价值体系;构建市场支配地位和相对优势地位双层规制模式;重构相关市场分析框架;将修正后的必要设施原则成文法化;跳出市场支配地位框架规制流量垄断;以监管科技强化事前事中监管范式弱化事后处罚机制,构建价格和质量并重、法律和技术共治的反垄断法体系。助力增强我国数字经济的国际竞争力。",隐私保护;相关市场;相对优势地位;必要设施原则;监管科技,D92,0,,法学三大刊论文/中国法学/论反垄断法的重构_应对数字经济的挑战.pdf
758,论司法拍卖市场化改革及其完善,汤维建[1],中国人民大学法学院,2015,1,239,256,"司法拍卖制度在中国历经了从法院自行拍卖到法院委托拍卖、从拍卖权力的集中行使到拍卖权力的分离与制衡、从拍卖场所的分散化到拍卖场所的统一化、从现场拍卖到网络拍卖等一系列的发展和演变,司法拍卖的市场化改革成为司法拍卖制度改革的基本方向。经过《民事诉讼法》的修改与完善、最高人民法院多个司法解释的规范和调整以及司法实践的积极探索,司法委托拍卖制度日趋成熟。但司法拍卖制度仍需通过立法加以完善,并应致力于消除司法拍卖多种模式并存的非统一性格局,由此提升司法拍卖的公平性、效率性以及公众对该项制度的信赖。",司法拍卖;市场化改革;委托拍卖;网络拍卖,D922.181,10,,法学三大刊论文/中国法学/论司法拍卖市场化改革及其完善.pdf
759,论司法权和司法行政事务管理权的分离,徐汉明,,2015,4,84,103,我国现行司法权和司法行政事务管理权的性质定位不清晰、“两权”权能混同、运行程序混同等成为影响和制约依法独立公正高效行使司法权的掣肘之一，需要在厘清司法权和司法行政事务管理权分离的理论、制度、实践、政策等依据的前提下，探索实行“两权适度分离”的制度设计。司法权和司法行政事务管理权由司法机关“内部混同管理”模式向“适度分离、自治管理”模式，再向国家司法委员会“统分结合现代管理”模式跨越，是司法管理体制规范化制度化科学化的必然要求，是司法管理体制由低级向高级、由不尚成熟向成熟过渡的渐进过程，是推进司法管理体系和司法管理能力现代化的必然选择。,司法改革;司法权;司法行政事务管理权,D916.2,47,,法学三大刊论文/中国法学/论司法权和司法行政事务管理权的分离.pdf
760,论司法认同：危机与重建,吴英姿,南京大学法学院,2016,3,186,206,"司法认同是社会对司法基于价值认可而形成的心理归属感。制度自信之源在于社会认同。当代中国司法认同模式正在经历从身份认同向制度认同转型,因社会和司法制度双向不适应而出现认同危机。作为制度认同,司法认同形成的首要条件是制度的有效性,即满足社会对司法公正解决纠纷的期待的程度。符合司法规律的＂公正＂可以简化为依法裁判和程序正当两个要素。其次,社会关于司法公正的价值共识是司法认同的观念要件。深化司法改革就是革除干扰依法裁判和导致程序失灵的体制、机制问题,提高司法沟通能力,促成关于司法公正的社会共识。从影响司法认同的要素入手,有助于改革处理好治标与治本的关系。",司法认同;制度认同;司法规律;司法改革,D922.296,36,,法学三大刊论文/中国法学/论司法认同：危机与重建.pdf
761,论司法责任制综合配套改革,张智辉,湖南大学,2018,2,56,74,"司法责任制既是上一轮司法改革的重要内容,也是新一轮司法改革需要进一步完善的重点。本文分析了从错案责任追究到司法责任制近20年改革的实践,强调司法责任制改革只有综合配套地推进才会具有生命力;运用马克思主义基本原理论证了司法改革必须综合配套的理论根据,并就综合配套改革理论的具体内涵进行了分析;对新一轮司法改革中全面落实司法责任制应当重点解决的问题,提出了建设性意见。",司法改革;司法责任制;综合配套,D630.3,0,,法学三大刊论文/中国法学/论司法责任制综合配套改革.pdf
762,论合同法和侵权法在固有利益保护上的分工与协作,王文胜,,2015,4,206,225,在我国，将保护义务确定为合同法上的义务，对于固有利益受侵害后受害人的损害赔偿救济并无实益，反而会造成合同法与侵权责任法之间在适用范围上的大面积竞合，给民法的规范体系带来混乱。我们不应照搬德国合同法中的保护义务制度，而应结合我国法的具体情况，原则上将固有利益受侵害后对受害人的损害赔偿救济交由侵权责任法处理；同时，在一方当事人以自己的行为表明，其将极有可能会利用双方之间的合同关系所带来的机会或便利，违反侵权法上的义务，严重侵害对方当事人的固有利益的场合，应赋予对方当事人合同解除权，以预防侵权行为的发生。,固有利益;保护义务;损害赔偿;合同解除,D922.29,72,,法学三大刊论文/中国法学/论合同法和侵权法在固有利益保护上的分工与协作.pdf
763,论唐代无主物法律制度,顾元[1],中国政法大学法律史学研究院,2020,3,49,69,"唐律""山野物已加功力辄取""与""占山野陂湖利""条是唐代建构无主物先占制度的基本条款。无主物原则上归先占者所有,但以""加功力""为根本要件。阑遗物、宿藏物、漂失物等,因其处于无人有效管领的事实状态,故被视为无主物加以法律拟制。唐代无主物立法务实灵活,以民本主义和物尽其用为基本价值依归,鼓励自然资源的利用开发,山川薮泽之利,""公私共之""。唐代以独特方式建构其无主物法律规范体系与秩序,体现了""中国经验""的特别旨趣,并为现代民事立法提供可能的史鉴价值。",唐律;无主物;加功力;罗马法,D92,0,,法学三大刊论文/中国法学/论唐代无主物法律制度.pdf
764,论商事习惯的法源位阶,李建伟[1],,2022,5,243,262,《民法典》第10条、第11条究竟确立了怎样的商法渊源体系，是“商法规范—民法规范—商事习惯”抑或“商法规范—商事习惯—民法规范”？两种观点分歧在于商事习惯与民法规范的位阶安排，背后原因是对商法之于民法的实质性独立程度有不同认知。“民法规范先于商事习惯”的位阶安排系片面理解与孤立适用“成文法优于不成文法”规则，不恰当地切割商事领域习惯法与制定法，实质损害了商法的独立性。依我国形式私法一元制、实质私法二元制的私法体系，民商法的内在体系不同，商事习惯相较于民事制定法更能够实现对商事关系的妥当调整，由此而确立的“商事习惯先于民法规范”位阶更能维护商法的实质独立性，避免商事审判的“任意向民法逃逸”，更可规模性地避免“有法误用”现象发生。“商法规范—商事习惯—民法规范”三位阶商法渊源体系之确立，有立法论与解释论两条选择路径。,商事习惯;商法规范;民法规范;法源位阶;法律渊源体系,D913.99,,,法学三大刊论文/中国法学/论商事习惯的法源位阶.pdf
765,论国家所有权与行政权的关系,肖泽晟,南京大学法学院,2016,6,93,107,宪法上的国家所有权是保障每个公民平等合理利用国有财产的公共“控制权”，指属于国家所有的财产应当处于国家的最高控制之下，国家机关不能禁止公民对国有财产进行合理利用，因而具有强烈的公权属性，并内在地决定了只能经由立法权和行政权的行使才能实现国有的目的。从现行法对国家所有权权能的配置来看，在国有财产的具体用途被确定之前，抽象层面的国家所有权权能与行政权的行使是无法分离的。在国有财产的用途依法被确定为生活资料之后，国家所有权与行政权也不可分离，但是在国有财产的用途依法被确定为生产资料之后，国家所有权权能就应当与行政权分离。,国家所有权;行政权;生产资料;生活资料,D923.2,0,,法学三大刊论文/中国法学/论国家所有权与行政权的关系.pdf
766,论国家治理体系下的检察公益诉讼,刘艺[1],中国政法大学法治政府研究院,2020,2,149,167,"检察公益诉讼是富含治理内涵的司法体制创新。该制度体现了我国国家治理体系和治理能力现代化所具有的在执政党领导下、改革与建构并重、注重社会主义公益保护、兼具国家主导与半开放性等特征。检察公益诉讼制度形成了关联深广、多层嵌套的复杂网状治理结构。文章从历时性和共时性两个角度,剖析了检察权与行政权、审判权、立法权和公民权的关系演变,描述了网状结构中各主体不同的权能定位,以实现提升检察公益诉讼的治理效能。检察公益诉讼的治理效果明显,表现为治理领域广泛覆盖、治理力度全程深入、治理主体全面带动、治理规范充分法治化、治理方式刚柔并济。为了实现检察公益诉讼的治理目标,还需增强协同治理效应、完善治理机制与规范建设,并逐步提高检察机关司法治理能力。",检察公益诉讼;国家治理体系现代化;司法治理;网状治理结构,D92,0,,法学三大刊论文/中国法学/论国家治理体系下的检察公益诉讼.pdf
767,论国际航空私法条约适用的强制性,董念清[1],中国民航管理干部学院,2020,1,184,201,"条约的适用是国际法上一个重大的理论问题,也是国内法院在司法审判中必须面对的实践问题。1929年《华沙公约》建立了强制性适用原则,只要是公约定义的国际运输,必须适用公约。这一原则被其后包括1999年《蒙特利尔公约》在内的国际航空私法条约予以继承和保留,成为国际航空私法条约的鲜明特色。以《华沙公约》为代表的国际航空私法条约,其适用并未完全遵循国际法传统的条约适用理论,当事人国籍国是否批准条约并不是适用的前提条件,而是取决于航空运输合同所确定的始发地点和目的地点所在的国家是不是公约的缔约国或当事国,并以此为基础,建立起国际航空私法条约自身不同于其他国际法条约的适用理论和规则体系。""地点标准""是《华沙公约》适用的核心标准,其在一定程度上突破了条约适用的一般理论,是对条约适用一般理论的发展,是条约适用上的重要创新。司法实践中,应抛弃固有思维,从条约文本规定出发,才可避免法律适用上的错误。",国际航空私法;华沙公约;蒙特利尔公约;强制性适用;地点标准,D99,0,,法学三大刊论文/中国法学/论国际航空私法条约适用的强制性.pdf
768,论国际裁判中的司法政策,朱利江[1],,2024,3,287,304,无论是规则定向的国际法思维还是政策定向的国际法思维，均承认国际裁判中存在体现国际裁判主体特定价值追求、哲学理念、道德倾向或利益偏好的司法政策。国际裁判主体凭借“国际法渊源”“国际法规范”“条约解释”“附带意见”“司法建议”五种司法技巧将司法政策巧妙地“溶解”在其裁判中。这种司法现象的产生与国际法的模糊性、国际争端的政治性、国际裁判权的独立性密切相关。目前，国际裁判主体在运用司法政策时存在“法治真空”的问题，容易产生不良社会效果，因此应从价值、规范和机制三个层面着手推动和构建国际裁判中司法政策的法治化。我国已对国际裁判主体表达正当期待，未来还可在国际裁判人员的选举、国际组织决议草案及条约修改草案的提交等方面发挥更积极的作用。,国际裁判;司法政策;司法技巧;国际争端;国际法治,D994,,,法学三大刊论文/中国法学/论国际裁判中的司法政策.pdf
769,论土地承包权与土地承包经营权的分离,丁文[1],华中师范大学法学院,2015,3,159,178,源于土地承包经营权流转实践并得到政策确认的“三权分离”，在理论上存在较大争议，其焦点是土地承包权应否从土地承包经营权中分离出来。土地承包权与土地承包经营权在权利主体、权利内容、权利性质以及侵权形态、救济方式和责任方式等方面均存在较大差异，两者应当分离。土地承包经营权包含土地承包权已造成理论上的混乱与纷争，导致土地承包经营权的功能超载，妨碍土地承包经营权的有序流转，影响承包人土地权益保护等不利影响，两者必须分离。寻求土地承包权与土地承包经营权分离的途径，既要对现行理论进行反思，关注改革实践以形成权利分置的理论共识；又要重视在《农村土地承包法》或《物权法》中进行土地承包权的制度设置以及土地承包经营权的立法完善等权利分置的制度构建等问题。,土地承包权;土地承包经营权;三权分离,D923.8,76,,法学三大刊论文/中国法学/论土地承包权与土地承包经营权的分离.pdf
770,论地方政府事权的法理基础与宪法结构,王建学,厦门大学法学院,2017,4,124,142,"我国通行的单一制理论历来采取一种关于地方事权的三段论,它在理论渊源上存在体系性断层,在实践发展上则僵化滞后。《宪法》第3条第4款确立地方主动性和积极性原则,第三章则为地方事权提供具体保障,因此与规范固有权说相契合。宪法中的地方政府事权在类型上包括地方自主事权与中央委托事权。在推进各级政府事权规范化和法律化的过程中须甄别两类事权,围绕自主事权应塑造地方自主法律制度,使地方人大和政府共同兴办地方事业并向地方人民负责,对于委托事权应以国务院为中心实现委托的扁平化和规范化。当前央地事权划分实践亟需准确认识地方政府事权的法理基础与宪法结构,并在此基础上由政策型划分模式向法理型划分模式转化。",地方事权;新固有权说;民主集中制;双重领导,D921,71,,法学三大刊论文/中国法学/论地方政府事权的法理基础与宪法结构.pdf
771,论垄断行为的竞合,侯利阳[1],上海交通大学凯原法学院,2024,4,110,130,《反垄断法》对垄断行为的认定边界模糊，对作为关键构成要件的“排除限制竞争效果”也缺乏解释，导致垄断行为竞合的现象大量存在。垄断行为竞合引发三个问题，即需要认定何种垄断行为、需要认定几种垄断行为、是否可以提起多个诉讼。以规范法学中的竞合理论为基础，结合关于“排除限制竞争效果”的经济学理论和执法经验，可将垄断行为竞合分为三类处理：实质不竞合属于法条对立的范畴，应当选择最为恰当的法条适用；法条竞合应按照特殊法优先的原则认定一个垄断行为，也可通过修法进行消除；想象竞合构成多种垄断行为，在行政执法中择一处罚即可，在民事诉讼中虽成立多个请求权但仅构成一个诉讼。,垄断行为;竞合;行为类型化;排除限制竞争效果;保护法益,D922.294,,,法学三大刊论文/中国法学/论垄断行为的竞合.pdf
772,论基本权利私人间效力的范式转型,李海平[1],,2022,2,26,44,"范式理论对整体反思在我国最具影响力的三种基本权利私人间效力理论——间接效力论、国家保护义务论、国家行为论,具有方法论上的借鉴价值.用范式理论分析,三种理论同属国家中心范式基本权利私人间效力理论,存在理论形式和实质名实不符、手段和目的匹配不够、回应法律变迁不力的""反常""现象,面临挑战.从国家中心向社会中心转型,确立基本权利对社会权力的效力,是应对国家中心范式所面临挑战的有效路径.社会中心范式基本权利私人间效力,并非是基本权利对国家权力效力的简单套用,而是遵循""基本权利再具体化""原则,经对社会权力作严格限定,对基本权利的范围、效力强度、关系结构作相应调整后形成的制度体系.",基本权利私人间效力;间接效力;国家保护义务;国家行为;社会权力,D911,,,法学三大刊论文/中国法学/论基本权利私人间效力的范式转型.pdf
773,论基金托管人的治理功能与独立责任,洪艳蓉[1],北京大学法学院,2019,6,241,260,"作为解决契约型投资基金""委托-代理""问题的治理机制,基金托管人被赋予补充基金管理人信用和制衡管理人滥权的功能。中国法下的基金托管人,是""一元信托""基金结构中的受托人,其职责依据《证券投资基金法》和基金合同的约定有别于管理人,负有为投资者利益最大化处理托管事务的信义义务。基于""托管""与""管理""的功能分离,同为基金受托人的托管人和管理人不是《信托法》上的共同受托人,未必承担连带赔偿责任,应根据过错原则判断其是否尽到托管职责并因此独立承担责任。在确定损害赔偿时,应考虑基金托管人的主观过错、损失受托管的影响程度、履职的客观条件以及托管费的有限性,体现权、责、利三者的统一,构建激励相容的托管制度。",契约型基金;基金托管人;独立责任;“阜兴案”,F83,0,,法学三大刊论文/中国法学/论基金托管人的治理功能与独立责任.pdf
774,论宣告死亡及其撤销在婚姻上的效力,翟远见[1],中国政法大学比较法学研究院,2021,2,42,60,"宣告死亡及其撤销在婚姻关系上的效力规则颇为复杂.《民法典》第51条的规定基本吸收了原《民通意见》第37条的制度经验,并在后者的基础上作了进一步的完善.如果直接将该条文解释为下落不明之人被宣告死亡后,其婚姻关系自宣告死亡之日立即绝对消灭,与法条意图不合,恐多有不妥.为了准确适用《民法典》的这一最新规定,需要对其文义进行目的性限缩.依规范意旨,应当认为婚姻关系自生存配偶有效再婚时才开始消灭;在生存配偶再婚之前,被宣告死亡的人并不享有再婚的自由;仅当生存配偶和新婚姻相对人皆为善意时,生存配偶的再婚方为有效.",宣告死亡;死亡宣告撤销;婚姻效力;目的性限缩,D923,0,,法学三大刊论文/中国法学/论宣告死亡及其撤销在婚姻上的效力.pdf
775,论宪法上的一般人格权及其对民法的影响,王锴,北京航空航天大学法学院,2017,3,102,121,"由于人与人格、人的尊严与人格尊严、人的尊严与一般人格权存在不同,我国《宪法》第38条所规定的＂人格尊严＂无法与德国基本法上的＂人的尊严＂进行简单的类比或者等同。我国《宪法》第38条所规定的＂人格尊严＂更倾向于一般人格权,将人格与尊严放在一起只是为了提高人格权的保护力度。民法上一般人格权是宪法上一般人格权＂间接＂适用于民法的产物,同时,民法典规定一般人格权成为民事立法者落实基本权利国家保护义务的结果。宪法上一般人格权和民法上一般人格权都旨在对未列举的人格权进行保护,其具体内容都需要通过司法实践来进行填补,但是这种填补必须依据宪法和民法上有关一般人格权的规定来进行,这是法官依法审判的应有之义。一般人格权内容的非法定并不排斥其依据的法定。",人格;人的尊严;人格尊严;一般人格权;基本权利的第三者效力,D913,99,,法学三大刊论文/中国法学/论宪法上的一般人格权及其对民法的影响.pdf
776,论宪法与国际法的互动,王德志[1],山东大学法学院,2019,1,122,139,"在全球化和区域一体化的进程中,宪法与国际法的相互作用和相互影响,成为法学发展的显著特征,出现了宪法概念从宪法学向国际法学的移植,宪法为国际法的发展提供了方法论的启发和灵感,形成了国际法宪法化的解释和建构思路,使宪法理念融入国际法制建构,为宪法学参与全球治理的法制建设打开了大门。国际法特别是国际人权法推动了宪法权利法案的制定和权利清单的完善,国际法及其判例成为国内宪法裁判的解释性资源,在宪法判决中得到援引和使用。在欧洲一体化进程中,还形成了基本权利保护的宪法与国际法双层架构,出现'合宪性审查'与'合公约性审查'并存与竞争的局面。",基本权利保障;合宪性审查;合公约性审查;国际法宪法化,D921;D99,0,,法学三大刊论文/中国法学/论宪法与国际法的互动.pdf
777,论平台经济反垄断与监管的二元分治,周汉华[1],,2023,1,222,240,反垄断与监管在不同语境下有不同含义，需要辨析。市场经济发展历史表明，反垄断与监管两种治理机制二元分治，在动态中调适相互关系，既能充分发挥市场的决定性作用，又能更好发挥政府作用。平台经济的出现，对二元分治结构传统治理手段提出挑战，需要再次调适两者关系并推进数据监管。当今各国平台经济治理正进入重构期，将直接决定国家竞争力与数字经济发展未来。我国平台经济治理面临二元分治结构缺位与数据监管能力滞后等挑战，有必要以强化数据监管为重点，推动构建二元分治的平台经济治理体系。,平台经济治理;二元分治;数据监管;反垄断;监管,D922.294,,,法学三大刊论文/中国法学/论平台经济反垄断与监管的二元分治.pdf
778,论应诉管辖制度的司法嬗变及其规则构建,黄忠顺,清华大学法学院,2016,5,196,217,"应诉管辖制度尊重当事人在确定管辖法院中的意愿,彰显当事人程序主体性,并最终服务于民事诉讼模式的转型。但是,受地方保护主义与部门本位主义的影响,具体适用规则供给严重不足的应诉管辖制度可能异化为某些法院争夺或推诿管辖权的工具。为争取案件在其诉讼成本较低或者可以动员更多司法干预资源的法院审理,某些原告故意向无管辖权法院提起诉讼,并促使应诉管辖制度的适用条件在外观上得以成就。为防止被受诉法院强制适用应诉管辖制度,逾期未提出管辖异议的理性被告不得不考虑采取不应诉策略。应诉管辖制度在司法实践中的运行结果与立法初衷背道而驰,亟需对其司法嬗变情形进行类型归纳和理论反思,并在解释论上构建促使应诉管辖制度回归推定合意管辖模式的规则体系。",应诉管辖;管辖利益;合意管辖;法定管辖,D925.3,73,,法学三大刊论文/中国法学/论应诉管辖制度的司法嬗变及其规则构建.pdf
779,论建构民事程序权利救济机制的基本原则,潘剑锋[1],北京大学法学院,2015,2,29,42,"民事程序权利救济机制是切实保障当事人程序权益、实现程序公正价值的重要路径,在司法改革和新《民诉解释》刚刚出台的背景下,面对现行民事程序权利救济机制体系中存在的救济缺位或过剩、救济方式不当、救济程序粗疏、救济对象模糊、救济标准混乱以及救济路径混同或错位等问题,需要在对应性原则、比例原则和效益原则的指导下来建构和优化该类机制。在机制构建中,应当考虑救济机制与程序性质相适应、救济方式与制度功能相契合、救济效果与自身属性相吻合、救济力度与权利重要性相适宜、适用顺位与救济机制类型相适应、救济方式与救济对象相适应、救济方式与当事人意思相协调等等,并理性衡平公正价值与效率价值、救济成本与救济收益、当事人与法院以及当事人相互间的关系,进而逐步建构救济多样化、救济力度有层次性和不同救济手段具有协调性的民事程序权利救济机制。",程序权利;对应性原则;比例原则;效益原则,D925.1,22,,法学三大刊论文/中国法学/论建构民事程序权利救济机制的基本原则.pdf
780,论建立分种类、多层级的社会规范备案审查制度,刘作翔[1],上海师范大学哲学与法政学院,2021,5,141,160,"社会规范是指由社会自身产生的以及由各类社会组织制定的规范类型所形成的体系性组合或集合,包括习惯规范、道德规范、宗教规范、社会组织自制规范和各级政治权威机关制定的专门用于管理内部成员的自制规章.从理论和实践上来讲,将社会规范纳入备案和审查范围是必须的,一方面能够发挥社会规范在协调社会关系、约束社会行为、维护社会秩序等方面的积极作用,另一方面能够防止社会规范偏离正轨而产生的负面作用,进而实现国家和社会生活的法治化.同时,将所有社会规范纳入备案和审查范围也是可能和可行的,关键在于建立分种类、多层级的备案审查制度,采取内部审查和外部审查相结合的方式,将不同的社会规范纳入不同的组织体系和层级体系,并根据需要进行事先审查、事中审查或事后审查.",规范性文件;社会规范;社会组织;备案审查制度;监督制度,D920.0,0,,法学三大刊论文/中国法学/论建立分种类、多层级的社会规范备案审查制度.pdf
781,论当代中国的交叠特征与法治社会建设:从财产权角度的路径分析,"冉昊[1,2]",广东财经大学法治与经济发展研究所,2021,4,183,200,"从各国的历史发展看,先行工业化国家大都经历了一个自下而上的缓滞发展过程,呈现出生产力的线性进展;而我国作为后发国家的代表,历史发展路径就已不同,新中国以来更是兼用公有制计划办法、改革开放后的市场办法,并趁势利用新科技的突破引领,带来了生产力的立体进展,以致当代中国同时交叠有""市场推进""""社会保护""""促进信息科技发展""等多重时代正当性要求.对应于此,我们就不应局限于先行工业化国家的线性路径经验,进行单一的财产法律建设,而须根据立体格局辩证创新,以大财产视角精细重构产权制度体系,同时赋予人民主体以物权、社会财产权、数据产权,确保其财有所护、生有所安、劳有所得.以此奠定法治社会基石、保护法治社会基底、开创""资本""与""知本""劳动混合所有,联通交叠的多重时代正当性,探索出符合自身生产力进程的后发国家路径.",立体交叠;时代正当性;物权;社会财产权;数据产权,D920.0,0,,法学三大刊论文/中国法学/论当代中国的交叠特征与法治社会建设_从财产权角度的路径分析.pdf
782,论必要性原则的客观化,刘权,中央财经大学法学院,2016,5,178,195,"等同于最小损害原则的必要性原则,在内涵上经历了从“必要的目的与必要的手段”到“必要的手段”的转变。为了预防与控制公权力行使的恣意与专横,应当客观化必要性原则。在判断何为必要性手段时,不应当忽略不同手段的有效性差别。如果通过成本收益分析方法,再借助于手段的相对损害计算公式,对异同有效性的手段进行损害大小比较,就能有效破解最小损害性难以客观判定的难题。",必要性;最小损害;相同有效性;成本收益分析,D912.1,47,,法学三大刊论文/中国法学/论必要性原则的客观化.pdf
783,论我国“特定区域”法治先行,王春业[1],河海大学法学院,2020,3,110,128,"随着改革开放的不断深入,我国出现了一些较为发达的""特定区域""。这些特定区域对法治建设有更高的需求,却遇到了诸多法律上的瓶颈,也由此影响了这些特定区域经济发展和法治建设。经济与法治之间的密切关系,决定了特定区域经济的超前发展需要法治的先行作为支撑;同时,只有法治的先行才能促进特定区域经济的快速和高质量发展。要创新授权立法制度,通过国家权力机关对特定区域所在地的省、市权力机关直接的精准立法授权方式,允许他们在一定范围内突破或变通上位法,制定适合特定区域发展需要的地方立法。为实现特定区域的法治先行,必须对国家法治统一的含义作出新解读,法治统一并非机械地要求地方立法与上位法的完全一致;必须对地方间的法治公平进行重新认识,法治公平并不是法治建设的平均主义。",特定区域;法治先行;授权立法,D92,0,,法学三大刊论文/中国法学/论我国“特定区域”法治先行.pdf
784,论我国个人破产制度的构建,刘冰[1],华北电力大学人文与社会科学学院,2019,4,223,243,"创建个人破产制度可以改变社会固有债务文化,树立破产免责理念,促进个人信用体系发展,建立信用标尺,保护债权人利益。同时明确'诚实'对债务人的价值指引,为诚实债务人提供低成本救济。随着经济社会发展,在企业破产制度、个人征信体系和执行制度发展等因素的推动下,创建条件逐渐走向成熟。构建个人破产制度是一项系统工程,需要研究个人破产制度的运行理论和规则。债务出清理论和信用公平理论分别在宏观和微观层面指导个人破产制度的运行,从法庭内和法庭外两个层面共同构成个人破产制度的运行规则。进而在个人破产制度运行机理的指导下构建我国个人破产制度,建立法庭外债务清理制度和法庭内债务清理制度。",个人破产;破产理论;破产规则;债务豁免,D922.291.92,0,,法学三大刊论文/中国法学/论我国个人破产制度的构建.pdf
785,论我国刑法不采取共犯从属性说及利弊,刘明祥[1],中国人民大学刑事法律科学研究中心,2015,2,282,303,"我国刑法采取不区分正犯与共犯的单一正犯（或单一行为人）体系,不存在共犯从属性说赖以存在的犯罪参与体系之基础。《刑法》总则第29条第2款明文规定处罚教唆未遂;刑法分则将许多教唆行为、帮助行为规定为独立的犯罪,将某些犯罪的教唆行为、帮助行为明文规定为与实行行为同等对待,表明我国刑法没有采取共犯从属性说。实行从属性原则不具有理论上的合理性,它会不适当地缩小教唆犯和帮助犯的处罚范围,有可能放纵一些特别危险的教唆犯罪和帮助犯罪的发生。德、日刑法学中有关要素从属性的几种不同学说是以三阶层的犯罪论体系为基础的,一些观点认为我国传统的通说采取了极端从属性说,肯定了共犯对正犯故意的从属性,显然是忽视了我国传统刑法学与德日刑法学以及我国刑法与德日刑法的重大差异。我国不采取共犯从属性说是一种明智的选择,虽然不采取共犯从属说存在扩大教唆犯和帮助犯处罚范围的风险,但是这种风险可以通过完善立法和司法的途径来有效控制。",共犯;从属性;教唆犯;帮助犯;正犯,D924.11,75,,法学三大刊论文/中国法学/论我国刑法不采取共犯从属性说及利弊.pdf
786,论我国刑法分则中的参加型犯罪,唐稷尧[1],西南财经大学法学院,2024,6,245,263,我国刑法分则中的参加型犯罪是以参加行为作为实行行为的犯罪，是参加行为独立成罪的个罪类型，也是刑法将预备行为实行行为化的结果。与域外刑法对参加型犯罪的规定相比，我国刑法通过总则与分则的不同规定对参加不同类型不法组织的行为区别对待的基本立场更具科学性。面对参加型犯罪在司法认定中存在的扩张与限缩两种倾向，应在参加行为的判断上坚持依附性、服从性和独立评价性三个标准，重点识别参加行为的三种典型形式：单纯的加入行为；以实施具体违法犯罪行为为表征的“参加”；以向不法组织提供帮助为表征的“参加”。,参加型犯罪;参加行为;刑法分则;参加黑社会性质组织罪,D924.3,,,法学三大刊论文/中国法学/论我国刑法分则中的参加型犯罪.pdf
787,论我国司法体制的现代化改革,陈光中[1];魏晓娜[2],司法文明协同创新中心暨中国政法大学诉讼法学研究院,2015,1,101,116,"我国现行司法体制是在传承革命根据地司法制度传统的基础上,在苏联的影响下形成的。在新的时代背景下,我国的司法体制面临着进一步现代化改革的课题。根据十八届三中全会《决定》和四中全会《决定》的精神,改革和完善我国司法体制,应当正确处理党委、纪委和司法机关的关系;以审判为中心,理顺法院、检察院、公安机关的关系;推进司法体制去地方化影响的改革;探索法官、检察官依法独立办案;法官、检察官分类管理;统一刑罚执行体制。",司法体制改革;审判权检察权独立;刑罚执行体制,D262.11,20,,法学三大刊论文/中国法学/论我国司法体制的现代化改革.pdf
788,论我国引入公司章程防御性条款的制度构造,王建文,南京航空航天大学人文与社会科学学院,2017,5,133,151,基于限制控制股东滥用资本多数决和强化公司章程自治以保护特定股东利益的需要，英国《2006年公司法》确立的防御性条款制度值得我国借鉴。防御性条款的“防御”对象包括控制股东与公司管理层，在没有控制股东的公司中也可包括特定股东。我国《公司法》中的防御性条款可以划分成两大类：实体型防御性条款与程序型防御性条款。防御性条款的制定与修改原则上都要求全体股东一致同意。我国《公司法》确立防御性条款法律制度时，应建立防御性条款的特别告知与警示制度。在修订《公司法》时，引入防御性条款法律制度可通过概括性条款或具体规定的模式来进行。,防御性条款 防御对象 资本多数决,D922.29,0,,法学三大刊论文/中国法学/论我国引入公司章程防御性条款的制度构造.pdf
789,论我国数量刑法学的构建,储槐植[1];何群[2],福州大学法学院,2019,3,186,203,"犯罪概念的定量因素是我国刑法的创制,因此,在我国刑法中运用数学方法构建数量刑法学,对我国刑法学的现代化发展具有重大意义。数量刑法学旨在借助数学方法量化罪刑关系,以促进司法实践,努力让人民群众在每一个司法案件中感受到公平正义。概言之,数量刑法学通过研究并科学化刑法数量关系,经由罪刑量化解析,以期达致罪刑均衡之正义境界。数量刑法学具有提升司法效率、精确刑罚配置、科学刑罚结构等功能。随着近代学派预防刑思想对刑法的影响,刑罚个别化思想在各国刑事立法和司法领域已被不同程度地接受,因此,很难找到某种绝对且各国通行的公式对刑罚配置进行数值化演算。但是,随着实证研究、大数据、人工智能的运用,以及数量刑法学的发展,罪刑均衡可以通过科学精确的配刑模型得以有效实现。",数量刑法学;定量因素;罪刑均衡;人工智能;一体化思维,D924.1,0,,法学三大刊论文/中国法学/论我国数量刑法学的构建.pdf
790,论我国民事诉讼标的与诉讼请求的关系,任重[1],清华大学法学院,2021,2,245,263,"厘清诉讼标的与诉讼请求的关系对有机衔接民事诉讼法与民法,保障《民法典》正确实施具有关键作用.民事诉讼立法重""诉讼请求""与理论研究重""诉讼标的""的二元格局,不仅造成实践与理论的分离,而且是""同案不同判""的重要成因.在传统诉讼标的理论语境下,苏联法和德国法均坚持一元模式.随着我国诉讼标的识别标准逐渐从民事法律关系回归民事权利主张,以《民法典》的颁布实施为重大历史机遇,1982年《民事诉讼法(试行)》以来的传统二元模式亟待转换为修正的一元模式:一方面,理解与适用诉讼请求规范应以一元模式为原则,即将诉讼请求解读为诉讼标的;另一方面,诉的声明(请求范围)意义上的诉讼请求仍可能在若干诉讼制度中发挥作用,尤其是诉讼请求变更及其释明以及诉讼时效中断事由.尽管如此,作为起诉条件以及重复起诉识别标准的诉讼请求依旧应坚持一元模式.上述转型不仅是新中国70余年来民事诉讼重大基础理论模式变迁的集中缩影,而且是法的一般理论与部门法基础理论融会贯通的具体例证.",诉讼请求;诉讼标的;民法典;请求权竞合;重复起诉;诉讼时效,D925.1,0,,法学三大刊论文/中国法学/论我国民事诉讼标的与诉讼请求的关系.pdf
791,论我国环境公益诉讼的发展方向：基于行政权与司法权关系理论的分析,王明远,清华大学法学院,2016,1,49,68,"由于环境公共利益的特殊属性,环境民事公益诉讼面临着科技性、民主性和道德风险等诸多潜在挑战。为了应对这些挑战,我国环境民事公益诉讼制度突出强化了司法权,并要求行政权与司法权配合,这容易使司法权突破其职权范围,从而损害行政权和司法权之间的合理分工与权力平衡。从行政法治发展的一般经验来看,在＂夜警国家模式＂到＂福利国家模式＂再到＂风险社会模式＂的过程中,行政权不断扩张以实现对公共利益的充分保护,而司法权则关注对行政权的有效控制,确保其不偏离维护公共利益的轨道,即大体上遵循＂相互尊重专长＂和＂行政权优先＂等原则。现代环境公共事务十分复杂,需要以环境行政为主要应对手段,环境公共利益的保护须充分发挥行政权的专业性和司法权的监督作用,同时避免司法权对行政权造成不当干涉。在我国的司法实践中,需要进一步完善环境行政执法,并将环境行政公益诉讼作为环境公益诉讼制度的主要发展方向。",环境公益诉讼;环境行政公益诉讼;环境司法;“风险社会”模式,D922.68,51,,法学三大刊论文/中国法学/论我国环境公益诉讼的发展方向：基于行政权与司法权关系理论的分析.pdf
792,论我国现行宪法的人民民主原则,韩大元[1],,2023,1,25,45,民主是全人类的共同价值，是中国共产党和中国人民的不懈追求。我国现行宪法颁行40年来，以其丰富的民主内涵，为发展社会主义民主，落实“国家的一切权力属于人民”的宪法精神，提供了坚实的规范基础。通过宪法实施，我们不仅完善了以人民代表大会制度为载体的代议民主，同时构建了人民依照法律规定，通过各种途径和形式，管理国家事务、管理经济和文化事业、管理社会事务的直接民主形式，形成了包括民主选举、民主协商、民主决策、民主管理、民主监督在内的全过程人民民主形态。新时代以来，宪法积极回应人民对民主发展的新要求、新期待，坚持党的领导、人民当家作主、依法治国三者有机统一，践行全过程人民民主，不断扩大人民民主，健全民主制度，拓宽民主途径，丰富民主形式，使中国的民主发展更好体现人民意志，贴近人民的生活。在宪法轨道上推进全过程人民民主是我国宪法对世界民主多样性发展作出的独特贡献。,现行宪法;社会主义;人民民主原则;全过程人民民主,D921,,,法学三大刊论文/中国法学/论我国现行宪法的人民民主原则.pdf
793,论我国行政法上的成本收益分析原则:理论证成与适用展开,郑雅方[1],对外经济贸易大学法学院,2020,2,201,219,"成本收益分析原则以解决实际问题为目的的实用主义哲学为功能定位,以定量分析与定性分析相结合为科学的方法论,以事实与规范问题相分离为程序结构特点,其引入能够缓解我国行政法既有基本原则之间的内在张力,并与比例原则形成交相辉映的功效。成本收益分析原则具有针对事实认定的科学化过程、针对价值判断的民主化过程和替代性方案形成过程的三步法的逻辑结构,其核心技术在于运用统一尺度权衡待审查的法律规则或政策举措可能导致的各类有利和不利后果,在此基础上比较待审查举措与其他可能的替代性举措,最终判断何者更有助于促进社会福利的最优。运用成本收益分析原则对重大行政决策法治化和行政复议双被告制度的利弊分析显示,这一原则具有极强的现实解释力,能够作为我国行政法的基本原则获得更为广泛的适用。",成本收益分析原则;行政法的基本原则;重大行政决策,D92,0,,法学三大刊论文/中国法学/论我国行政法上的成本收益分析原则_理论证成与适用展开.pdf
794,论我国道路交通事故社会救助基金追偿权,李青武[1],对外经济贸易大学法学院,2019,5,285,302,"我国现行立法关于社会救助基金追偿权制度的规定存在瑕疵,其完善应以救助基金宗旨为根本,其核心制度构成包括:追偿对象的确定应体现侵权责任法、责任保险制度原理与救助基金补偿功能;侵权责任之诉中侵权责任人已将责任赔偿金全部赔偿给受害人的,救助基金追偿权对象应为受害人;救助基金垫付属于特困家庭补助的,对受害人无追偿权;追偿范围仅限于抢救费、治疗费或丧葬费及其相关成本;侵权责任人的责任财产不足以实现受害人赔偿请求权与救助基金追偿权的,前者权利优先实现;追偿权之诉与侵权之诉合并审理;救助基金追偿权实现辅之以行政保障措施。",道路交通事故;责任强制保险;社会救助基金,D923,0,,法学三大刊论文/中国法学/论我国道路交通事故社会救助基金追偿权.pdf
795,论技术范式转移下元宇宙的法律治理,马永强[1],吉林大学人权研究院,2024,5,103,122,元宇宙实践中从Web2到Web3的技术范式转移，其表象是“中心化”与“去中心化”的技术标准之争，本质上则揭示了元宇宙实践中围绕虚拟世界的治理权力展开的多方博弈。深度数字化时代虚拟空间的发展方向集中体现为互联网巨头主导的元宇宙实践与去中心化自治组织主导的元宇宙实践共存共生，二者均可能在不同维度上侵害个体的数字权利，并给现实世界中主权国家的治理权力带来挑战。应准确评估不同形态的元宇宙虚拟空间的现实风险，并区分不同情境有针对性地制定法律规则，系统构建元宇宙的法律治理路径。公权力应强化对科技巨头的反垄断和对去中心化领域的监管，贯彻中心化与去中心化动态平衡的治理理念，建构基于元宇宙底层技术和应用场景的多元共治的治理体系，探索事前介入、合法性监管以及“法律代码化”的治理方式，明确刑法的理性介入为元宇宙实践划定的治理底线。,元宇宙;技术范式转移;法律治理;数字化;去中心化,D922.17,,,法学三大刊论文/中国法学/论技术范式转移下元宇宙的法律治理.pdf
796,论抽象危险犯个罪裁判规范的续造,王飞跃[1],,2022,2,144,162,"抽象危险犯天然具有扩张处罚范围的倾向,对其如何限制适用以避免刑法的过度扩张极为重要.围绕发挥司法人员自由裁量权来限制适用的诸种方案并不可行.抽象危险犯个罪的裁判规范存在先天不足,应当通过续造补足.围绕构成要件符合性续造规范,应当以抽象危险犯个罪共同具有的组成要素的齐整性、致险程度的相当性、规范违反的同质性三个特征为指导,针对个罪的规制对象进行,以司法解释、司法文件等方式指导法官办理个案.以三个特征对高空抛物罪构成要件符合性的裁判规范进行指导,续造的裁判规范为""高层结构中公众出入的时段与区域""""利用高差抛掷致险器物""""禁止实施抛掷物品致使人身、财产遭受损害危险行为规范的违反"".",抽象危险犯;裁判规范续造;危险驾驶;高空抛物,D924.3,,,法学三大刊论文/中国法学/论抽象危险犯个罪裁判规范的续造.pdf
797,论拒不履行信息网络安全管理义务罪,谢望原,中国人民大学刑事法律科学研究中心,2017,2,238,255,"＂信息网络＂包括公用电话网、广播电视网和计算机网;本罪行为主体包括网络接入服务提供者、网络平台服务提供者、网络内容及产品服务提供者;本罪行为事实必须同时满足＂不履行信息网络安全管理义务、经监管部门责令采取改正措施而拒不改正、行为符合刑法规定的四种情形之一＂。作者主张,本罪主观方面只能是直接故意,同时须有违法性认识;行为人发生违法性认识错误时,不宜以本罪论处。作者还认为：本罪与有关危害国家安全罪的核心区别在于有无危害国家安全的目的;本罪只有既遂而没有未遂;不能以＂中立帮助行为＂为由否定信息网络服务提供者不履行网络安全管理义务的相应责任。",网络安全;管理义务;行为要素;心理要素;违法性认识错误,D923,42,,法学三大刊论文/中国法学/论拒不履行信息网络安全管理义务罪.pdf
798,论搭售的违法判断标准,郑鹏程[1],湖南大学法学院,2019,2,183,201,"搭售传统上属于“本身违法”行为。虽然随着经济和科学技术的不断发展,搭售有了合同搭售、捆绑折扣和技术性搭售之分,搭售违法判断标准也日趋复杂,但合同搭售“本身违法”仍是美国、欧盟普遍接受的标准,而在欧盟,捆绑折扣、技术性搭售也被视为“准本身违法”。我国搭售规制立法采用单一的“合理标准”,导致反垄断执法机构未能像其美国、欧盟、俄罗斯、印度等国外同行那样对微软、谷歌等软件巨头的捆绑行为进行有效规制。建议以公平价值为首要价值,将消费者需求作为独立产品判断标准,对搭售违法判断标准予以完善,规定合同搭售、技术性搭售构成“准本身违法”,对捆绑折扣,则根据成本价格比对其进行合理性分析。",合同搭售;捆绑折扣;技术性搭售;本身违法;合理标准,D922.294,0,,法学三大刊论文/中国法学/论搭售的违法判断标准.pdf
799,论政府购买公共服务合同中的公法责任,胡敏洁,南京大学法学院,2016,4,143,158,"作为晚近中国政府改革的措施之一,政府购买公共服务逐渐为各地政府所推崇。这其中,民事责任已不足以解决所有问题,需要公法责任的补足。此时,公法责任的基础、主体和内容都发生了变化,其基础强调科层制和市场的耦合,主体包括行政机关（服务提供商）、私主体（服务购买商）两个维度。同时,内容上包括监管责任、保护性责任、担保责任等。由此,可对公私责任的分配窥见一斑,这也是未来行政法学研究的新课题。",政府购买公共服务合同;公法责任;契约治理,D90,32,,法学三大刊论文/中国法学/论政府购买公共服务合同中的公法责任.pdf
800,论数字时代的积极主义法律监督观,胡铭[1],,2023,1,107,123,积极主义法律监督观是以数字检察战略为指引，以检察权的国家法律监督权性质为基础，以数字检务实践为依托的一种新型法律监督理论。传统法律监督受监督范围和监督方式的限制，已经难以满足数字时代的新需求。积极主义法律监督观具有宪法依据，契合能动司法检察理念，有助于法治与治理能力现代化，且与传统法律监督方式并不抵牾。基于Z省S市的实证调研显示，积极主义法律监督观在实践中区别于传统法律监督，呈现出并行监督、类案监督、主动监督、有效监督等特点。积极主义法律监督观具有局限性，在数据平台建设、权利保障和权力冲突等方面存在风险，可考虑从法定主义和比例原则等角度对其进行规制，以推动新时代检察机关法律监督工作向纵深发展。,积极主义法律监督观;大数据法律监督;检察制度;数字法治,D926.3,,,法学三大刊论文/中国法学/论数字时代的积极主义法律监督观.pdf
801,论数字检察,贾宇[1],,2023,1,5,24,数字检察改革发轫于新时代科技革命，推动检察机关法律监督模式重塑变革，促进实现法律监督高质效，助力国家治理现代化。在理念层面，实现技术理性向制度理性的新跨越；在数据层面，实现被动监督向能动检察的新跨越；在平台层面，实现应用辅助向模式变革的新跨越；在赋能层面，实现个案办理向类案监督的新跨越；在治理层面，实现职能延伸向价值重塑的新跨越。为夯实改革机制并持续推进改革，需要建立高效工作推进机制，完善配套机制体制，构建理论、制度和话语体系，抓实数字检察人才队伍建设。,数字检察改革;法律监督;大数据;社会治理;重塑变革,D926.3,,,法学三大刊论文/中国法学/论数字检察.pdf
802,论数据产权制度的层级性：“三三制”数据确权法,申卫星[1],,2023,4,26,48,数据确权问题已成为阻碍我国数字经济快速发展的最大制度障碍。数据确权之所以难，缘于现有的讨论存在概念混杂纠缠和平面化思维。数据产权制度设计应采取秩序概念基础上的层级性思维，通过横向分层和纵向分阶实现从原始数据到数据应用的解耦。即从客体、主体、内容三层横向对数据与信息、数据的来源者与处理者、来源者所有权与处理者用益权进行分离；纵向按照数据生成的周期，将数据生成区分为数据资源采集、数据集合加工利用和数据产品经营三个不同阶段；在尊重数据来源者初始数据所有权的同时，以企业数据用益权为基础权利，为数据采集、数据加工利用、数据产品交易构建数据资源持有权、数据加工使用权、数据产品经营权三阶段分层确权格局。,层级性思维;数据资源持有权;数据加工使用权;数据产品经营权,D922.16,,,法学三大刊论文/中国法学/论数据产权制度的层级性：“三三制”数据确权法.pdf
803,论数据信息损害的承认与救济,张凌寒[1],,2024,3,62,82,无损害则无赔偿，承认损害是民事救济的前提。个人信息和数据非法处理等行为可能引致非物质性数据信息损害，但其却因与传统损害要素不兼容而难获法律承认。本着风险分配与公共治理的观念，发挥侵权制度的个体救济与风险预防功能，承认数据信息损害的独立性具有制度必要性和学理可行性。回溯从工业时代到数字时代的社会生产方式变革可以发现，传统损害概念实质是基于社会生产方式而建构的。这为承认数据信息损害提供了充分的法理依据，可解决不确定性、因果关系和个体显著性的制度障碍。数据信息损害救济的实现一方面需要将已经发生的个人信息数据被非法收集、访问、泄露与丢失等直接数据信息损害法定化，并对后续数据信息损害进行类型化扩容，承认典型常见的非物质损害类型；另一方面，对微小系统性的数据信息类损害应采用公益诉讼的方式进行救济，并以法定赔偿方式加以衡量。,数据信息损害;个人信息;损害法定化;公益诉讼;法定赔偿,D923,,,法学三大刊论文/中国法学/论数据信息损害的承认与救济.pdf
804,论新时代中国社会治理理论,徐汉明[1],,2023,6,5,22,习近平总书记系统阐述的社会治理理论是习近平新时代中国特色社会主义思想中具有原创性贡献的内容。社会发展转型时期诸多矛盾、社会治理呈现出的阶段性特征、应对国际风险与构建全球治理体系为其形成发展提供了内生动力、现实基础，注入了时代要素。这一理论科学回答了什么是、为什么以及怎么样推进中国式社会治理现代化，涵盖根本保证论、根本宗旨论、工作布局论、治理格局论、治理动力论、治理主体论、基本原则论、治理体系论、民主协商论、依法治理论、网络综合治理论、基层治理论、城市治理论、全球治理体系变革论等系列观点，呈现出实践性、科学性、时代性的鲜明特色。这一理论是马克思主义关于国家和社会管理、国家与法基本原理在新时代的继承和发展，是持续创造社会长期稳定奇迹，保障全面建成社会主义现代化强国的行动指南，也是加快建设社会治理法学新兴学科“三大体系”的根本指导。,习近平新时代中国特色社会主义思想;新时代中国社会治理理论;社会治理;社会治理现代化,D630,,,法学三大刊论文/中国法学/论新时代中国社会治理理论.pdf
805,论无权代理人赔偿责任的双层结构,张家勇[1],中南财经政法大学法学院,2019,3,123,143,"《民法总则》第171条第3、4款系无权代理未被追认时行为人赔偿责任的规范基础。因规范技术上的原因,该两款规定在解释上引发明显分歧。从现行规定看,无权代理行为人的赔偿责任系分别基于信赖原理和缔约过失原理而构建,在解释该规范时,需顾及法律文义所反映的立法者价值判断及法律体系所呈现的价值秩序,并兼顾代理制度与法律行为规则间的亲缘关系。在相对人善意时,其可向行为人主张履行利益的损害赔偿,亦可选择主张信赖利益的损害赔偿,但均不得超过行为人有代理权时其本可由被代理人获得的利益;在相对人明知或应知代理权欠缺时,行为人仅因过失而负信赖利益的赔偿责任,此时应结合《民法总则》第171条第3款确立的价值秩序,在相对人与行为人之间作妥当的损害分担。",无权代理;无过失责任;信赖原理;缔约过失,D923.6,0,,法学三大刊论文/中国法学/论无权代理人赔偿责任的双层结构.pdf
806,论检察一体化,张智辉[1],,2023,3,246,263,检察一体化是由检察权的特殊性所决定的检察权运行的内在规律，是世界各国普遍遵循的检察权运行原理，在我国也具有充分的法律依据。检察一体化在当前实践中亟待研究解决的主要是上级人民检察院能否按照一体化的原理调用辖区内的检察官异地办理案件、不同地方检察院之间如何协作办理同类型案件、检察院内部不同部门之间的职权划分等问题。对于这些问题，无论是学界还是实务界还存在一些不同认识，在我国现行法律框架下厘清相关认识，有利于推动检察一体化的制度构建和有效运行。,检察一体化;检察制度;检察权;人员调用;职权划分,D926.3,,,法学三大刊论文/中国法学/论检察一体化.pdf
807,论检察指令权的实体规制,杜磊,北京大学法学院,2016,1,177,193,"检察改革的核心问题是检察指令权的规制问题。应当明确我国检察指令权的适用条件、界限及其效力,即应将便宜主义下需要统一裁量基准的、需要统一法律解释的、需要提升检察效能的以及需要避免检察官误断或者滥权的事由作为适用检察指令权的积极事由;而将法定主义、检察官客观义务、证据评价、法律确信以及诫命规定与合法性义务作为我国检察指令权不可逾越的界限;此外,还应明确我国的检察指令仅具有柔性效力,并基于审批型检察指令和非审批型检察指令的区分而采取不同的改革路径以弱化我国检察指令的刚性效力。",检察指令权;检察官办案责任制;检察一体,D926.3,47,,法学三大刊论文/中国法学/论检察指令权的实体规制.pdf
808,论比例原则对立法权的约束及其界限,陈征[1],中国政法大学法学院,2020,3,146,164,"比例原则作为一项宪法原则约束立法权具有正当性。然而在适用比例原则审查法律的合宪性时,应对立法者的形成空间给予必要的尊重。具体而言,应依据性质的不同将审查内容分为事实认定、预测决定和价值评判三类,并结合结构余地将立法者的形成空间分为四个等级。仅在以此""四级审查模式""为基础对比例原则四项子原则的适用标准和强度进行重构之后,才可以避免法政策学进入法教义学的堡垒。德国司法判决发展出来的审查密度理论并未考虑审查内容在性质上的区别,不应适用于我国宪法中的比例原则。",比例原则;事实认定;预测决定;价值评判,D92,0,,法学三大刊论文/中国法学/论比例原则对立法权的约束及其界限.pdf
809,论民事判决的遮断效力,王福华[1],上海交通大学凯原法学院,2021,3,265,286,"在民事判决发生效力后,当事人又通过后诉主张行使撤销权、解除权与抵销权等形成权,可能导致矛盾判决及前诉判决遮断形成权通过后诉行使的问题.由于我国采诉讼标的识别的""旧实体法说"",前诉关于原权利的请求权纠纷与后诉的形成权纠纷并非同一诉讼标的,无法以重复诉讼规则作为驳回后诉的依据,因此需要以判决的遮断效力阻断后诉请求与事实主张.一般而言,判决遮断效力对阻断形成权的后诉行使具有统一性、普遍性的特点,行使形成权的自由性须让步于国家裁判的公权性.在此基础上,也要充分考虑例外情形,以实现实质正义.对形成权通过后诉行使所进行的综合考量,应平衡以下关系:生效判决遮断效力的绝对性与相对性;前诉纠纷解决的终局性与形成权通过后诉行使的必要性、程序保障、当事人的提出责任与实体法秩序的协调等等.基于综合判断,撤销权、解除权原则上应受前诉生效判决遮断,而抵销权原则上不应受前诉生效判决遮断.",既判力;形成权;遮断效;失权;基准时,D925.1,0,,法学三大刊论文/中国法学/论民事判决的遮断效力.pdf
810,论民事权益位阶:以《民法典》为中心,王利明[1],中国人民大学,2022,1,32,54,"我国《民法典》虽然已经构建了完善的民事权益体系,并已在相关条款中就权益位阶作出了规定,但并没有全面确立清晰的权益位阶.在普遍存在的权益冲突中,不同权益的价值分量并非等同,在这一背景下,建立妥善的权益位阶理论,有助于防范化解冲突,有效贯彻立法者的价值判断,并辅助裁判者进行准确的利益衡量.通过对《民法典》民事权益体系的解释,可以对民事权益的位阶进行如下排序:物质性人格权、精神性人格权、身份权、人格利益、财产权利、财产利益.民事权益位阶在司法适用中并不是机械地排序取舍,而应结合个案场景妥当地进行利益衡量.民事权益位阶主要涉及高位阶权益的优先保护、低位阶权益的妥协容忍、民事责任的限制和排除、合同的解除以及对利益受损者的适当补偿等效果.",民法典;民事权益;位阶;私权保护,D923,0,,法学三大刊论文/中国法学/论民事权益位阶_以《民法典》为中心.pdf
811,论民事诉讼中的协同主义,杨严炎[1],复旦大学法学院,2020,5,284,302,"协同主义在我国要从理想变为现实,学界的研究必须实现科学转型。研究重点应从协同主义的模式之争,理想与现实之争等偏理论性的研究转向理想如何变为现实,如何建构中国特色的协同主义和如何保障我国协同主义正常运行的研究。法律对诉讼三方的权利义务要重新分配,当事人负有促进诉讼的义务,法官负有释明的义务,违反义务应承担相应的责任。根据协同主义的要求,在诉答阶段原告应提供能够支持其诉求的证明案件主要事实的证据,被告要对原告的主张表明态度,否认原告的主张应说明理由。法官要对原被告的诉答和质证予以必要的释明,诉讼三方协同确定争点、排除疑点,提升诉讼的透明度,以看得见的方式实现司法公正。",协同主义;辩论主义;职权主义;言词辩论;释明,D92,0,,法学三大刊论文/中国法学/论民事诉讼中的协同主义.pdf
812,论民事诉讼中的法官调查取证权,袁中华[1],中南财经政法大学法学院,2020,5,184,201,"我国民事诉讼法上的法官调查取证权,无论在实体正义还是程序正义的维度都存在严重缺陷。比较法考察可以发现,德日法上对于事实和证据由谁提出的问题,在辩论主义等程序原理下作了不同的安排,而且法官的证据调查权与当事人的证据收集(取证)权是分离的(对此可以称之为分离原则)。相较于德日,我国调查取证权的特殊性表现在:它既包括事实调查权、证据调查权,又包括证据收集权,并以后者为核心。这种特殊性源于历史进程中国家治理的需要,固然有其合理性。但证据收集权并非天然就是法官职权,而且更不能与证据调查权相混同。为实现国家治理体系和治理能力现代化,司法应当更具专业性和权威性。对此应当以分离原则重构法官调查取证权,具体包括剥离法官证据收集权及事实调查权,并扩张法官证据调查权,从而实现程序正义与实体正义的双重提升。",调查取证权;证据调查;事实调查;证据收集,D92,0,,法学三大刊论文/中国法学/论民事诉讼中的法官调查取证权.pdf
813,论民事诉讼文书样式实例评注研究的引领功用,杨凯,华中师范大学法学院,2018,2,167,189,"结合当前民事裁判文书说理不充分的现实困境,以法律评注研究在中国民事司法实践中的应用为研究对象,通过分析民事诉讼裁判文书说理不充分的深层次原因,将司法案例研究和法律评注研究方法与强化民事裁判文书说理改革相结合,倡导司法案例研究和法律评注研究相结合的民事诉讼文书样式实例评注研究方法。提出通过民事诉讼文书样式实例评注研究范式的本土化路径与方法研究,探寻文书样式和裁判要旨对民事诉讼案件审判中的诉讼行为、诉讼程序、案件管理、法律解释、法律适用等的规范性指引作用,进一步拓宽强化民事裁判文书说理的文书制作、写作与创作思路,寻求提升民事裁判文书判决充分说理的司法职业技能培育方法。进而论证推行法官员额制改革、司法责任制改革和审判权力运行制度改革后,司法综合配套改革应当如何引领民事诉讼裁判文书说理机制改革的发展方向。",文书样式;法律评注;裁判要旨;规则指引,D926.13,0,,法学三大刊论文/中国法学/论民事诉讼文书样式实例评注研究的引领功用.pdf
814,论民事诉讼突袭性裁判的防止：以现代庭审理论的应用为中心,杨严炎,复旦大学法学院,2016,4,266,286,"德日等大陆法系国家从民事诉讼法诞生之际就对突袭性裁判防止作出了规定,并在近一百多年来不断的强化。即便如此,突袭性裁判在德国仍被认为是司法之癌,可见其防范的难度和危害的严重性。对我国突袭性裁判的分析可以看出,其涉及范围和危害程度远超德日等国家。我国突袭性裁判的产生除与国外有大致相同的原因外,还有许多自己的特点,其中落后的庭审方式与不合理的考评制度是我国产生突袭性裁判的两大主因。争点不明的法庭调查使突袭性裁判大幅上升,不合理的案件评价制度又使许多错案难以得到纠正。突袭性裁判防止的路径,一是引入现代庭审理论,二是强化正当程序,使裁判产生正当化的效果。",突袭性裁判;现代庭审理论;释明权;心证公开,D925.1,22,,法学三大刊论文/中国法学/论民事诉讼突袭性裁判的防止：以现代庭审理论的应用为中心.pdf
815,论民法典后司法解释之命运,"黄忠[1,2]",西南政法大学,2020,6,44,63,"《民法典》生效后司法上面临如何看待既有司法解释的效力及未来是否应制定新司法解释的疑问。从司法解释的综合特性与民法典的编纂定位来讲,尚不能以《民法典》第1260条来一概否定既有司法解释的效力。民法典生效后既有司法解释的效力需区分程序性规定与实体性规定、解释性规定与创设性规定,并对照民法典的具体规定和立法精神作个别判断,且民法典未明确否定的司法解释规定原则上仍应继续有效。民法典后新司法解释的制定空间由立法供给与司法需求间的缺口决定。民法典既未垄断法源,亦未提供完备的裁判规范,故仍有解释空间。相较指导性案例,司法解释对统一法律适用更为主动、系统,更合乎国情,且契合民法法源的多元化要求。除""批复""类司法解释可被指导性案例取代外,其他形式的司法解释仍是切实实施好民法典的重要保障。",民法典;司法解释;民法法源;指导性案例;,D92,0,,法学三大刊论文/中国法学/论民法典后司法解释之命运.pdf
816,论民法典婚姻家庭编的社会化,肖新喜[1],西北政法大学民商法学院,2019,3,105,122,"我国婚姻家庭法'入典'已成定局。'入典'后的婚姻家庭编应实现社会化,即授权'两委会'等社会权力主体广泛介入婚姻家庭领域,并对据此产生的法律关系予以系统调整。婚姻家庭编社会化的价值在于:实现形式平等与实质平等协调相容,更好保护家庭弱者权益;解决民法'非伦理性'不当入侵婚姻家庭法导致的身份法规则财产法化问题;在婚姻家庭编领域保持家庭'自治'与'他治'有机平衡。婚姻家庭编社会化应从宏观、微观两个层面展开。前者包括明确社会化的价值目标以及限度。后者则为具体制度设计,其主要内容为:以介入主体多元化为基础,根据'最密切联系'原则确定首要介入主体并合理确定各个主体之间的关系;明确介入主体享有良好家风教育、家庭矛盾化解、家事纠纷调处、家事事件处置以及义务履行支持等职权。我国民法典婚姻家庭编总则应增加相应条文对上述内容予以体系化规定。",民法典婚姻家庭编;私法社会化;整体主义,D923.9,0,,法学三大刊论文/中国法学/论民法典婚姻家庭编的社会化.pdf
817,论民法对合同行政审批的立法态度,马新彦,国家2011司法文明协同创新中心,2016,6,258,277,按照现行法的规定行政审批对合同效力具有决定性影响，背后的逻辑无非是在行政审批的制度框架内权力或者权力的执掌者可以凌驾于合同主体自由意志之上成为法律行为效力的决定性力量。这不仅带来了理论上的矛盾与纷争，也给审判实践带来了困扰。对需经审批的合同进行类型化区分，并对现行法规范进行理性反思，不难得出结论：行政审批与合同效力之间没有必然的逻辑关系。就以国有资产为标的合同而言，审批不是真正意义上的行政审批，而是国家所有权的终极行使；就非以国有资产为标的合同而言，决定其效力的只能是私法自有规则体系的内在规定和基本逻辑，而绝不是公权力的审批。公权力存在的全部意义是将有损国家经济主权、损害国家利益、违反法律等合同拒之于经济领域之外。未来民法典应当删除类似于《合同法》第44条第2款的规定，以将合同的效力真正绝缘于行政审批。,行政审批;权力的边界;合同效力;处分权的终极行使,D630.1,0,,法学三大刊论文/中国法学/论民法对合同行政审批的立法态度.pdf
818,论法律的法规创造力,王贵松,中国人民大学法学院,2017,1,109,129,立法机关与行政机关在立法上的权限分配是一个经典课题，不同的宪法体制可能有不同的解答。在行政机关缺乏民主正当性、且定位为立法机关的执行机关时，不宜承认其可以直接依据宪法制定法规范。法律的法规创造力原则主张，凡含有法规（法律事项）者，均由法律创造。随着立法机关地位的强化，法律事项的范围也在扩大，法规的界定亦随之扩张。从我国宪法而言，应将一般性规范作为判断法律事项的标准。国务院只能在宪法规定的职权范围内根据法律制定执行性的行政法规，或者在法律的专门授权时制定补充性、创制性行政法规。如此，方能在人大制度之下理顺法律与行政立法之间的关系，维护发端于人民主权的自上而下的法秩序。,行政法规;行政立法;民主正当性;一般性规范,D912.29,49,,法学三大刊论文/中国法学/论法律的法规创造力.pdf
819,论法律科际整合及其对“可靠事实”的探寻,孙笑侠[1],浙江大学数字法治研究院,2024,4,151,169,由于法律复杂性和科际性日益加剧，以往的法学交叉方法已经发生升级，可称之为“科际整合”。法律科际整合给当代法学带来的变革，可以从跨学科法学研究在中国的发展、法律科际整合的新方法论特征、法律科际整合的优势三个方面来讨论。研究的结论是，法学的“近亲型”交叉研究已明显升级为“异质型”科际整合。这为当代法学既带来交叉方法的升级，也带来科际整合的新方法和新路径，因而它是法学的一场深刻革命。其优势在于探寻“可靠事实”。“科际法学”在中国发展态势日益强劲，可能会更新或取代社会实证法学。,学科交叉;科际整合;法学方法;可靠事实;科际法学,D90,,,法学三大刊论文/中国法学/论法律科际整合及其对“可靠事实”的探寻.pdf
820,论法律解释目标的逐案决定,陈坤[1],,2022,5,182,202,传统的法学方法论文献将法律解释目标问题上长期以来的分歧总结为主观解释论与客观解释论之争。这一总结忽视了解释目标问题上观点的多样性。通过综合考察意义有哪些基本类型以及哪些类型的意义经常且可以合理地作为解释目标，可以整理出文本主义等五种法律解释目标问题上的代表性立场，但它们都无法获得充分辩护。进一步的分析表明，基于价值理想的性质与个案相关性、解释资源分配的不平均性以及解释成本等，所有一般性的解释立场都无法获得充分辩护，法律解释的目标应当逐案决定。在总结影响解释目标选择的若干因素的基础上，可以确定逐案决定的一般思路，依次是：在手头案件中，何种类型的意义可能作为解释目标；如有多个可能作为解释目标的意义类型，是否需要对不同意义类型背后的价值理想进行权衡；如需权衡，在权衡后何种类型的意义最终会胜出。,法律解释目标;意义类型;一般性解释立场;逐案决定,D90,,,法学三大刊论文/中国法学/论法律解释目标的逐案决定.pdf
821,论法律认知的信任逻辑,伍德志[1],,2023,4,145,164,普通公民在对现代法律制度的认知方面存在困境，以致大多数人只能有风险地信任或不信任法律。法律信任是基于有限的信息对法律的内在可靠性所作的潜在推断，某些认知成本比较低且与法律的内在可靠性有一定关联的信息，被挑选出来作为判断法律结构与过程整体可靠性的关键依据，并被符号化与象征化。法律信任还通过内在的情感特征来消除因为无知而产生的心理负担，通过严格的“阙限”来控制信任风险的无限制扩大。法律信任的符号信息基础大致包括两方面：效力信息与实效信息。效力信息主要是道德信息，因为其来源广泛、认知成本比较低；实效信息主要是指法律制裁，而制裁作为负面信息具有比奖励更强烈的“表达性效果”。法律信任还需要通过制度化不信任来规避法律信任的符号敏感性，从而实现动态稳定的系统信任。,法律信任;法律认知;系统信任;制度化不信任,D920.0,,,法学三大刊论文/中国法学/论法律认知的信任逻辑.pdf
822,论法院对规范性文件的附带审查,何海波[1],清华大学法学院,2021,3,139,163,"2014年《行政诉讼法》修改,法院对规范性文件的""一并审查""写入法律,但实施中成效不彰,理解上多有分歧.文章论证,一并审查不是一种独立的诉讼类型,而只是法院为正确审理行政案件所做的附带审查.法院对被诉行政行为所依据的行政规范性文件,应当予以""主动、全面、审慎、适度""的审查.具体地说,法院有义务依职权主动审查,以确定相关规范性文件在该案中能否适用,不必以原告申请为前提;审查对象包括被诉行政行为实际依据的规范性文件的相关条款,不管它是否被行政决定书援引;为审慎起见,法院可以考虑提级审理、审委会审理等方式,给予文件制定机关、检察机关、社会组织和专家参与诉讼的机会;对规范性文件合法性审查的标准应当严守职权法定原则,程序问题宜于适用""严重违法""标准,实体裁量可以适用""明显不当""标准.",行政诉讼法;规范性文件;附带审查;一并审查;合法性审查,D925.3,0,,法学三大刊论文/中国法学/论法院对规范性文件的附带审查.pdf
823,论涉案企业合规的全流程从宽,"李奋飞[1,2]",,2023,4,263,280,作为我国刑事司法领域引入合规的初步尝试，涉案企业合规改革已取得了阶段性成效。但合规整改作为涉罪企业被从宽处理的事由，尚主要适用于审查起诉环节，这既不利于激励企业配合侦查，也不利于推动企业尽早开展合规准备，还影响了合规从宽司法决策的权威性。未来不仅需要统筹推动公、检、法、司等多机关全面配合协作，也需要在区分企业合规责任与“企业家”行为责任的基础上，通过立法修改建立公、检、法、司等多机关共同激励企业合规的制度体系，使“合规整改”逐步成为贯穿刑事诉讼全流程的法定从宽事由，以保障每一个经过刑事司法流程的企业都能由内而外地“改过自新”，全面去除治理结构中的犯罪诱因，实现再犯预防的积极效果。这既是落实“少捕慎诉慎押”刑事司法政策的应有之意，也是“以审判为中心的诉讼制度改革”的必然要求，更是企业犯罪治理从“以惩罚为中心”走向“以矫正为中心”的内在要求。,企业合规;合规不起诉;全流程从宽;再犯预防;刑事诉讼立法,D925.2,,,法学三大刊论文/中国法学/论涉案企业合规的全流程从宽.pdf
824,论混合型海洋争端的管辖权问题,张华,南京大学法学院,2016,5,72,91,"以“查戈斯群岛仲裁案”和“南海仲裁案”为代表,混合型海洋争端的管辖权问题从理论争议演变为现实困境。受制于特定的属物管辖权,《联合国海洋法公约》争端解决机制框架下的国际仲裁庭不能对混合型海洋争端整体实施管辖权。相关争端当事方为规避管辖权的障碍,故意将混合型海洋争端的局部提交强制仲裁机制。但是,由于领土主权和海洋权益争端之间的固有联系,这种人为的割裂难以使海洋争端纯粹化,相反给国际仲裁庭的裁决带来了更大程度的困扰。鉴于混合型海洋争端所引发的正当性、实效性和公正性危机,国际仲裁庭在裁决管辖权问题时不得不持谨慎态度。国际仲裁庭在“查戈斯群岛仲裁案”中所使用的“重心检验”方法能确保对混合型海洋争端进行相对准确的定性,并随之确定管辖权。而在“南海仲裁案”中,国际仲裁庭并没有沿用“重心检验”方法对菲律宾的仲裁请求逐项进行客观和全面的审查,致使其管辖权裁决出现重大瑕疵。",混合型海洋争端;管辖权;重心检验;南海仲裁案,D993.5,55,,法学三大刊论文/中国法学/论混合型海洋争端的管辖权问题.pdf
825,论演绎权的保护范围,梁志文[1],南京师范大学法学院,2015,5,140,157,演绎权控制作品利用的不同市场，但原则性规定的立法模式造成了司法适用的困惑，我国有些法院对类似案件做出了复制与演绎、演绎与“借鉴”的不同认定。演绎权是版权扩张的产物，这是演绎与复制易于混淆的原因；它也是演绎作品受保护的附随产物，这是演绎与借鉴难以区分的缘故。作为一项独立的权利，演绎权控制着演绎作品的利用；而演绎作品既具有自身的独创性，又与原作受保护的表达构成实质性相似，因而超出了借鉴的范畴。作品中受保护的表达具有层次性，包括表达的最终呈现形式和作品中受保护的独创性构成元素；前者是复制权的“领地”，后者是演绎权的“国土”。,演绎权;改编权;复制权;作品表达的层次;合理使用,D913,73,,法学三大刊论文/中国法学/论演绎权的保护范围.pdf
826,论犯罪参与的共同性:以单一正犯体系为中心,刘明祥[1],中国人民大学刑事法律科学研究中心,2021,6,222,243,"共同犯罪以什么为""共同"",在刑法学界早就有争议.我国刑法采取不区分正犯与共犯的单一正犯体系,所以应当将此问题纳入该体系的犯罪参与共同性的范畴来思考,而不能用立足于区分制体系的行为共同说或部分犯罪共同说来作解释.我国刑法中的""共同犯罪""不同于德、日刑法中的""共同正犯""""共犯"",""共同犯罪的共同性""与""共同正犯的共同性""或""共犯的共同性""也不相同.由于单一正犯体系对数人共同参与的犯罪采取与单个人犯罪基本相同的定罪规则,在定罪阶段不涉及如何认定共同犯罪,只是到了量刑(处罚)阶段才关注该问题,故不需要通过扩大解释共同犯罪的共同性来解决像德、日那样的对参与者难以定罪和处罚不均衡的问题.",犯罪参与;共同犯罪;共同正犯;共犯,D924.11,0,,法学三大刊论文/中国法学/论犯罪参与的共同性_以单一正犯体系为中心.pdf
827,论环境侵权原因行为的立法拓展,"竺效[1,2]",中国人民大学法学院 中国人民大学民商事法律科学研究中心,2015,2,248,265,"《侵权责任法》第65条是否适用于因破坏生态造成他人损害的情形,在当前司法实践中存在困惑,在学理上存在争议。以环境科学、生态学关于＂环境＂的基本概念为出发点,＂生态环境＂并非一个科学的用语,仅可与＂生活环境＂并列用于非环境、非生态领域。而《侵权责任法》之＂准历史解释＂所谓的＂污染生态环境＂实质上指污染自然环境,对称于污染人工环境。因此,该法第65条所规定的＂因污染环境造成损害＂的致害原因行为不包括破坏生态的行为。基于污染环境和破坏生态的行为两分法,2014年修订的《环境保护法》第64条将《侵权责任法》扩大适用于因破坏生态造成损害的情形,以立法对我国环境侵权责任之原因行为的范围进行了拓展,这一新法、特别法上的立法发展具有国际先进性。",污染环境;破坏生态;环境侵权;原因行为,D920.0,65,,法学三大刊论文/中国法学/论环境侵权原因行为的立法拓展.pdf
828,论环境质量标准与环境污染侵权责任的认定,尤明青,中南财经政法大学法学院,2017,6,283,300,环境质量标准兼具技术属性和法律属性，既非规章也非规范性文件，其约束力来自于援引环境质量标准的法律规范，其核心功能在于为环境质量状况提供比对依据，并与援}I环境质量标准的法律规范、行政规划共同发挥设定目标、考核激励、督政问责的作用。环境质量标准具有以分类管理为理念、以整体主义为价值观和方法论、以阶段性控制目标为依据、以政策选择为结果的特征。从规范的角度分析，环境质量标准不可用于认定环境污染侵权责任。但从事实的角度分析，环境质量标准对于认定环境污染侵权责任能够发挥有限的证明作用：可为证明环境影响的消极性提供科学支撑，有助于认定加害行为要件；可在有限的范围内缓解损害要件的举证难度；可用于证明加害行为与损害之间的关联性。,环境质量标准 环境污染侵权责任 事实 规范,D923,0,,法学三大刊论文/中国法学/论环境质量标准与环境污染侵权责任的认定.pdf
829,论生态损害救济的模式选择,刘静[1],武汉大学环境法研究所,2019,5,267,284,"围绕着环境民事公益诉讼和生态环境损害赔偿诉讼,我国建立了私法主导的生态损害救济体系。这一体系在发展环境法治的同时,也带来了相关主体角色错位、政府主导的修复和司法判决难以衔接以及法院主导修复能力有限等问题。而生态损害的公法救济在现行立法中未得到足够重视。影响生态损害救济模式选择的主要因素有:法律体系对公私法划分的影响;行政机关在救济生态损害方面的权能和保障以及私法救济的困难程度。基于这些因素的考量,我国应通过立法授权、行政执行能力的强化和行政公益诉讼制度的完善,建立公法主导的生态损害救济制度。私法救济在公法框架建立前或无法适用的情况下,可发挥补充作用。",生态损害;救济模式;公法救济;环境公益诉讼,D922.291.92,0,,法学三大刊论文/中国法学/论生态损害救济的模式选择.pdf
830,论破产程序中企业数据财产的处理,"赵精武[1,2]",,2024,3,103,123,在破产法领域，债务人所持有的数据资源具有市场认可的经济价值，欧美等国已经出现将“隐私协议”“用户协议”作为判断债务人能否变价出售客户个人信息的案例。我国现行立法没有对破产程序中如何处理债务人所持有的数据进行明确，既未明确这些数据能否构成破产法意义上的“破产财产”，也未明确管理人和债务人对这些数据承担何种法律义务。破产财产的认定依据应当以现行财产权规则为基础，结合《民法典》第127条以及企业会计准则等实务性操作要求来看，主营业务数据、系统安全数据、经营管理数据以及获得同意的客户个人信息、员工个人信息均能够被纳入破产财产范围。基于“数据属于新型财产”的理念，管理人“管理和处分债务人财产”的法定职责包含了保护债务人财产保值和增值，这也延伸出管理人应当承担的数据安全保障义务。此外，在企业数据变价出售前后，数据资产的评估和技术整理、变价方式的合理选择以及数据销毁同样属于破产程序中企业数据财产处理规则的重要内容。,企业破产;数据处理;企业数据财产权;破产财产;破产管理,D922.291.92,,,法学三大刊论文/中国法学/论破产程序中企业数据财产的处理.pdf
831,论社会信用法的立法模式选择,王伟,中央党校(国家行政学院)政治和法律教研部,2021,1,228,247,"社会信用法是社会信用建设的基本法,制定这部法律的首要问题是立法模式如何选择,核心问题是信用主体、客体如何界定.以信用主体和客体界定为视角展开学理论证,是研究社会信用法立法模式选择问题的重要进路.关于信用客体,社会信用立法应当将经济信用和公共信用均纳入社会信用法的调整范围;关于信用主体,基于构建公私一体遵循的诚信价值观需要以及当前公私融合、""对事调整""综合立法的实用主义观念,公权力主体的信用问题应当纳入社会信用法进行调整.在立法体例上,采取以私权利主体的信用调整为主、适度衔接公权力主体信用问题的""折中""立法模式,是社会信用法较为理想的立法方案.",社会信用法;立法模式;信用主体;信用客体,D922.1,0,,法学三大刊论文/中国法学/论社会信用法的立法模式选择.pdf
832,论禁止权利滥用原则的法律适用,彭诚信,上海交通大学凯原法学院,2018,3,249,268,"权利滥用虽具有权利外观,但其权利的行使却不受法律保护。权利滥用的鉴别无统一标准,需通过权利人的主观意思、滥用权利的客观行为、对本人无益或获利远小于致他人受损、行为违反权利的客观目的等要素予以认定。权利滥用行为的不法性在性质上有别于侵权行为,以侵权方式解决权利滥用具有一定的制度性局限。禁止权利滥用作为一项法律原则,其适用应以原则的规则化为核心：即以鉴别要素为基础构建直接作为裁判依据的个案规范,具体法律后果包括停止侵害、剥夺权利、恢复原状、金钱赔偿以及行为不生法效果等。",权利滥用;《民法总则》第132条;鉴别要素;侵权责任;法律原则规则化,D913,0,,法学三大刊论文/中国法学/论禁止权利滥用原则的法律适用.pdf
833,论税收国家的基础,张富强,华南理工大学法学院,2016,2,166,183,"税收国家最初是西方学者从财政角度对一种以私有制为基础的国家形态的界定,指的是财政收入大部分依存于税收的国家。由于税收国家的理论与我国传统经济体制、法律制度和社会文化观念存在着较多的冲突,因而需要运用多种视角深层次地考察我国构建税收国家的基础。客观而言,我国虽以公有制为基础且政府全部收入对税收依存度相当的低,但随着市场经济的发育和发展,同样呈现构建税收国家的可行性。而现代税收国家的建成,无疑需要我国在经济体制、法律制度和社会文化观念等方面的深层次变革相配合。",税收国家;社会文化观念,D034,37,,法学三大刊论文/中国法学/论税收国家的基础.pdf
834,论类案的结构性相似特征及其运用,杨知文[1],,2023,6,102,122,相关性判决是类案的初始含义和本质所在，适用类案裁判先要找到能够与待决案件构成高度相关性判决的先例。相较于“表面性相似”，“结构性相似”才是保证事物具有真正相似性的基础，类案必然也是以“结构性相似”为根本特征。仅找到案件之间对应的一定数量的相同点并非就能成就类案，实质的类案要求案件之间的共同点必须在关系/构造层面达到系统的相似性。结构性相似特征对适用类案的裁判活动具有明显的运用价值。一方面，通过考量司法的逻辑构成，可以把司法认定的案件事实、法官提炼的案件争议、裁判作出的法律解释和必要问题的价值衡量确定为案件“结构性相似”的基础性要素，而基于这四个基础性要素关系或构造的相似，就成为判定类案的司法标准。另一方面，按照“结构性相似”特征确立类案的法律适用关系，需要型塑与之相应的司法思维，包括从具象思维转为一定程度的概括性思维、将概念思维与类型思维并重、合理运用目的性思维等。在我国案例指导制度下，有关指导性案例的参照适用也应以类案的结构性相似特征为基本遵循。,类案;结构性相似;类案判定;类案适用;指导性案例,D926,,,法学三大刊论文/中国法学/论类案的结构性相似特征及其运用.pdf
835,论经济法治现代化,张守文[1],北京大学法学院,2025,1,29,48,国家的现代化离不开法治现代化，尤其需要推进经济法治现代化。为此，应明晰经济法治现代化的界定与定位、理念与价值以及实现路径等基本问题，并结合财政、税收、金融、发展规划、市场竞争等重要领域，分析其法治现代化的重点问题和具体路径。针对上述领域存在的体制法不健全、法定原则落实不到位、制度协调性不足等共性问题，应基于中国式现代化的发展目标，依循“经济法治逻辑”，将相关发展理念和重要价值融入经济法治建设中，在各领域建立体现发展导向的“现代制度”，并保障各类经济法律制度的协调运行，从而构建“发展型经济法治”，推进经济法治的现代化。深入研究经济法治现代化问题，有助于进一步完善经济法治，丰富和发展法治理论和现代化理论，构建经济法治现代化理论，推动法理学、经济法学、发展法学等相关学科的发展。,经济法治;现代化;现代制度;法定原则;发展导向,D922.2,,,法学三大刊论文/中国法学/论经济法治现代化.pdf
836,论绿色原则的规范解释司法适用,竺效[1],中国人民大学法学院,2021,4,83,102,"《民法典》第9条已宣示绿色原则作为民法基本原则.对司法实践中涉及绿色原则的相关案例,可根据案涉纠纷是否存在可适用的民事法律规范及其数量、规范与绿色原则之间是否存在冲突以及绿色原则可否有助于相互冲突之规范间的适用选择,进行三层顺次分类.通过分析相关案例,可得出漏洞填补、价值宣示、规范解释和规范选择四种绿色原则司法适用的具体路径.其中规范解释适用指仅有一个可适用于解决案涉纠纷的规范,但适用该规范会造成与绿色原则间的价值冲突,可引入绿色原则重新解释该规范以作出妥善裁判.绿色原则的规范解释适用可依循民事规范识别、冲突价值权衡、解释方法探求和比例原则考量四个主要步骤展开,并应严守利益平衡、充分说理和规范双引三项基本要求.",绿色原则;规范解释;司法适用;比例原则,D923,0,,法学三大刊论文/中国法学/论绿色原则的规范解释司法适用.pdf
837,论缓和的结果归属,张明楷[1],清华大学法学院,2019,3,261,282,"结果归属可以分为三种类型:通常的结果归属(客观归责)、严格的结果归属与缓和的结果归属。将他人自杀死亡的结果归属于行为人的引起行为,就是典型的缓和的结果归属。缓和的结果归属具有两个特点:一是结果归属的条件缓和,即尽管不符合通常的结果归属条件,但仍然将结果归属于行为人的行为;二是结果归属后的刑事责任追究比较缓和,即虽然将自杀死亡结果归属于行为人的引起行为,但并非令行为人承担故意杀人罪、过失致人死亡罪的刑事责任,只是使行为人承担相对较轻犯罪的刑事责任或者作为从重处罚的情节。缓和的结果归属具有中国特色,在当下有其存在的原因与理由,不能以德国的客观归责理论为标准否定中国的缓和的结果归属现象。相反,一部分缓和的结果归属现象可以得到维持,与此同时,也要从构成要件的行为、因果关系、主观责任方面对缓和的结果归属现象进行适当限制,并禁止基于缓和的结果归属对行为人适用加重的法定刑。",缓和的结果归属;类型;因果关系;主观责任,D924.3,0,,法学三大刊论文/中国法学/论缓和的结果归属.pdf
838,论网络时代刑法解释的限度,欧阳本祺,东南大学法学院,2017,3,164,183,"网络时代我国刑法解释的理论与实践呈明显的扩张化趋势,这一趋势以解决社会中出现的问题为导向,不断地突破罪刑法定原则。划定刑法解释的内部限度应该在坚持＂法条用语的可能含义＂、＂一般人的预测可能性＂这两条一般标准的前提下,先根据网络犯罪的类型确定刑法解释的大致方向,再根据网络犯罪与传统犯罪的等价性确定刑法解释的具体限度。划定刑法解释的外部限度应该立足于现实主义的网络治理模式,探索刑法与准则、市场、技术各自作用的边界：刑法不应该沦为保护网络准则的工具;刑法应该为P2P网贷等互联网金融的发展留有出路;通过技术代码能够保护的法益不应求助于刑法。",网络犯罪;解释;内部限度;外部限度,D924,77,,法学三大刊论文/中国法学/论网络时代刑法解释的限度.pdf
839,论网络服务商版权内容过滤义务,崔国斌,清华大学法学院,2017,2,215,237,"网络版权内容过滤技术的进步,将使得版权侵权的预防方式发生革命性变化。网络安全港规则已经成为充分利用这一技术的法律障碍。著作权法应适当修正这一规则,引导网络服务商与著作权人合作建立合理的版权内容过滤机制,自动识别和阻止用户的版权侵权行为。这将节省著作权人监督网络和发送侵权通知的成本,也降低网络服务商处理侵权通知的成本。通过设定合理的技术过滤标准,辅以配套的人工纠错机制,网络服务商能够将技术过滤的出错率控制在合理的范围内,避免对网络用户的合理使用、言论自由等造成实质性影响。",网络服务商;内容过滤;版权侵权,D923.41,83,,法学三大刊论文/中国法学/论网络服务商版权内容过滤义务.pdf
840,论网络服务提供者间接侵权责任的过错形态,冯术杰,清华大学法学院,2016,4,179,197,"网络侵权法领域的＂应知＂应涵盖过失和故意两种过错形态。既有的法律规则将欧美法上网络服务提供者免责条款中的过错概念用于侵权责任构成条款,导致法律解释和适用的混乱以及免责条款的适用范围扩大。对于网络服务提供者的＂过失＂,应以＂采取合理、有效的侵权预防措施＂的注意义务来定义,而不必考察其对网络用户侵权行为的实际知晓情况。即便不构成帮助侵权,过失间接侵权产生连带责任的规则也符合我国侵权责任法的理论和规范体系。",网络服务提供者责任;间接侵权;过失;网络侵权,D913,33,,法学三大刊论文/中国法学/论网络服务提供者间接侵权责任的过错形态.pdf
841,论网络法权构建中的主体性原则,陈璞,中国人民大学金融科技与互联网安全研究中心,2018,3,71,88,"大数据和人工智能技术凸显了法律人格边界模糊和结构性不平等加大等问题,须在主体性原则的理论层次上才能有效处理。主体性原则是现代法权体系构建的根本原则,具体体现为＂自由原则＂的核心原则,以及＂理性原则＂和＂人文原则＂两个基础原则。网络空间的发展,开显了更高层次的人类自由——＂积极自由＂的可能性路径,同时也面临＂消极自由＂受到侵害的现实威胁,二者构成自由理论的内在矛盾。网络空间的层次性,错开了＂积极自由＂和＂消极自由＂的直接对立;网络空间的开放性,要求确立网络隐私权在落实主体性原则方面的基础性地位;网络空间的系统性,要求强化对算法的审查和监管。",网络法权;主体性原则;网络隐私权;大数据;人工智能,D90,0,,法学三大刊论文/中国法学/论网络法权构建中的主体性原则.pdf
842,论股东功能之嬗变：从股东治理到股东代理,沈云樵[1],澳门科技大学法学院,2024,5,263,284,公司所有权问题是公司法和公司治理都面临的一个基础问题，关乎股东功能定位，也是股东治理重构的逻辑起点。在法人拟制说占据主导地位的法域，公司所有权问题表现为所有权和控制权的分离，这个观念在法人实在说流行的法域也被奉为圭臬。而随着股东对公司的所有者身份失落，两权分离的表述也逐渐失去合理性。股东不是公司所有者，也不是公司当然的剩余索取权人，公司的所有者正是公司自己，而股东实际上是公司的代理人，和董事处于同样的代理地位。传统股东的治理功能逐渐演变成代理功能。我国2023年修订的《公司法》对公司治理作出较多修改，拓展了董事治理空间，但并未弱化股东治理的重要性。在未来的公司治理中，应该采公司本位主义和利益相关者理论融合的治理模式。,公司所有权;两权分离;公司治理;股东治理;股东代理,D922.291.91,,,法学三大刊论文/中国法学/论股东功能之嬗变：从股东治理到股东代理.pdf
843,论行政决定保全,江国华[1],武汉大学法学院,2025,2,207,226,行政决定保全是行政机关向人民法院提起的以保障行政决定或未来生效裁判实现为意旨的临时性保护制度。行政决定保全目标的实现方式是通过限制行政相对人或利害关系人处分财产或强制其为或不为特定行为以防止不可弥补的损害发生。如果说行政决定所维护和创造的公共价值是行政决定保全的价值基础，那么强制执行权去行政化的制度化建构则构成了其制度基础，而行政决定执行权配置的非充分性则是其规范基础。从行政决定保全的适用情形上看，行政机关可以提起诉中保全和非诉强制执行保全，但是不可以申请诉前保全，然而实践中却存在着误用和混用等现象。在裁定是否准予保全时，法院应当首先进行必要性审查，再分情形审查诉中财产保全、诉中行为保全、非诉强制执行保全的要件。随着行政保全案例的增加，有必要健全《行政诉讼法》《行政强制法》中的行政保全规范，并出台“行政决定保全”专门审查规范。,行政决定保全;强制执行权;诉中保全;非诉强制执行保全;司法审查,D925.3,,,法学三大刊论文/中国法学/论行政决定保全.pdf
844,论行政协议的司法审查,余凌云[1],清华大学法学院,2020,5,64,83,"当前有关行政协议的学术争议,主要集中在公法与私法交织的界面上的合同形态是否属于行政协议,这类合同形态明显间杂着公法关系与私法关系,不宜做完全公法意义上的解读,而应当引入行政契约上的""混合契约""概念。对于有关纠纷,原则上应当通过行政诉讼附带民事诉讼,区分纠纷属性,循着不同救济路径分别处理。",行政协议;混合契约;司法审查,D92,0,,法学三大刊论文/中国法学/论行政协议的司法审查.pdf
845,论行政审批的分类改革与替代性制度建设,王克稳[1],苏州大学王健法学院暨东吴公法与比较法研究所,2015,2,5,28,"现行的行政审批,若以审批的功能与作用为标准,大致可分为资源配置类、市场进入类和危害控制类三大审批类型。不同类型行政审批的改革方向是不同的。资源配置类审批改革的方向是减少国家对资源的控制和垄断并保证国有资源分配的公平、公正;市场进入类审批改革的方向是降低进入门槛,打破进入壁垒,激发市场活力;危害控制类审批改革的方向是打破传统体制下建立起来的审批管控制度,将审批范围收缩到那些具有社会危害性、且通过其他方式不足以有效控制危害的社会活动方面。在行政审批改革的同时,还应当寻求有效的替代性制度建设,这既是顺利推进行政审批改革的需要,也是创新国家治理模式的要求。",行政审批;资源配置类审批;市场进入类审批;危害控制类审批,D630.1,43,,法学三大刊论文/中国法学/论行政审批的分类改革与替代性制度建设.pdf
846,论行政廉洁原则的适用,于安,清华大学公共管理学院,2016,1,126,143,"行政廉洁应当确立为行政法的基本原则,并且在法律制定和行政过程中取得优先适用的效力。适用行政廉洁原则的基础制度,是管理公私利益冲突、控制自由裁量权和维护公务伦理。行政廉洁原则在立法中的适用,应当注重于法律制定中的法律起点确定,原则性规则设立、标准和流程标准的设定、公法与私法分离的法律体系构建。行政廉洁原则在行政过程的适用,应当从现实出发有效解决施政方式、行政决策、职权分解和例外管理等方面的预防腐败问题。",行政法治;预防行政腐败;行政廉洁原则,D922.1,24,,法学三大刊论文/中国法学/论行政廉洁原则的适用.pdf
847,论行政法中技术标准的运用,关保英,上海政法学院,2017,5,216,236,行政法的发展改换了传统法规范以原则和规则两个基本元素为构成的状况，就是在行政法典则和规范体系中渗入了技术标准这一新的元素。而且技术标准的运用已成为现代行政法治的基本精神，尤其在法治发达国家，几乎充斥了行政法的各个领域。然而，通常情况下，技术标准并不体现于行政法典则之中，大多数是以非正式行政法渊源的形式出现的，就是说它的主要内容存在于国家颁布的正式行政法典则之外。为此，如何鉴定技术标准、技术标准具有什么样的法律地位、如何在行政法治实践中运用、其在行政法体系中的发展方向等一系列问题都需要从理论上予以澄清。,行政法规范 技术标准 适用程序,D922.1,0,,法学三大刊论文/中国法学/论行政法中技术标准的运用.pdf
848,论行政行为的违法性继承,王贵松[1],中国人民大学法学院,2015,3,98,119,若两个行政行为之间存在法定的先后关系，在先行行为无法争讼后，能否在后续行为的撤销诉讼中主张审查先行行为的合法性，这就是行政行为的违法性继承问题。固然可以通过立法明确禁止在后续行为中审查先行行为的合法性、或者灵活运用救济时效的例外事由允许直接针对先行行为提起撤销诉讼，但法院始终都可能直面违法性继承问题。公定力与不可争力因仅针对行政行为的效果而言，故而均不构成承认违法性继承的障碍。违法性继承论应作为行政救济法上的问题来理解，其实质在于私人权利救济的必要性与先行行为的法安定性需求之间的权衡问题。在先行行为的权利保障程序并不充分、安定性需求不甚强烈的情况下，法院可给违法性的继承论作出肯定的回答，拓宽私人权利救济的可能性。,违法性继承;公定力;不可争力;法的安定性;权利保障程序,D923.5,19,,法学三大刊论文/中国法学/论行政行为的违法性继承.pdf
849,论行政诉讼补救判决的适用——基于104份行政裁判文书的统计分析,陈思融[1],浙江财经大学法学院,2015,2,234,247,"修改后的《中华人民共和国行政诉讼法》第76条规定了一种＂新＂的判决方式——补救判决。早在最高人民法院2000年发布的司法解释中就初步确立了该种判决方式,但并未引起足够的重视和关注,司法实践对于该判决方式的适用也存在较大差异,这在一定程度上影响了补救判决的法律效果。因此,以人民法院裁判文书为依据,对补救判决的适用情况进行归纳分析,不仅有助于修法后补救判决的正确适用,而且对于提升法院补救判决的质量,维护司法权威,具有重要的理论和实践意义。",行政诉讼;补救判决;行政裁判文书,D925.3,60,,法学三大刊论文/中国法学/论行政诉讼补救判决的适用——基于104份行政裁判文书的统计分析.pdf
850,论规划许可变更前和谐相邻关系的行政法保护:以采光权的保护为例,肖泽晟[1],南京大学法学院,2021,5,202,223,"为了建设者利益需要而批准增加容积率或者在老旧小区增设电梯的决定,可能破坏原来和谐的邻里关系,可能影响相邻权人的采光等利益,但由于法院对该决定的私法效力和采光权性质的认识不一致,以及该决定得到了行政政策的支持,使得相邻权人面临救济上的困境.城乡规划区范围内的采光权首先是一种公法意义上的请求权,只有反射到民事领域后,才成为私法意义上的采光权.由采光权的公法权利性质所决定,要摆脱相邻权人的上述困境,就必须由行政机关按照""共享""的发展理念,确保相邻权人能够与建设者共享因规划许可变更所带来的收益,并在规划许可被变更前从建设者那里得到公平补偿.否则,规划许可的变更就将破坏和谐的邻里关系,并引发争议.同时,为保护原来和谐的邻里关系,摆脱相邻权人的救济困境,确保变更规划许可决定的合法性,应建立公正、及时解决此类争议的行政裁决机制,并将""补偿争议不存在或已解决""作为变更规划许可的前提条件.",规划许可变更;和谐相邻关系;相邻权;采光权;行政裁决,D922.1,0,,法学三大刊论文/中国法学/论规划许可变更前和谐相邻关系的行政法保护_以采光权的保护为例.pdf
851,论证券监管介入上市公司治理的限度,吕成龙[1],,2024,1,226,244,证监会以行政监管的方式逐渐介入到公司治理之中，形成了目前证券监管主导上市公司治理的格局。这不仅使得证券法与公司法的功能出现重叠，而且在个别规则上产生差异，引致行政监管目标扰动公司法规则、监管资源过度陷入公司事务、影响市场自律管理等内在冲突。信息是证券市场产品质量的核心载体，信息对称标准理应成为判断证券监管介入公司治理限度的核心工具，即除规制证券市场交易秩序外，证券监管应当聚焦于消弭涉及上市公司治理、业务经营与股份变化重要事项的信息不对称程度。只有以此为目标，证券监管才能在特定条件下，以最大克制程度的实体性规则加以介入。在判断是否介入时，需循序考量对象适格性、潜在影响、标准程度和矫正效益四项要件。信息对称标准除理论上有助于界分公司法与证券法的制度功能外，还有助于优化证券法与公司法之间的动态与静态联动关系，借助于立法模式转变与规则制定的全流程审查，最终将为改善现有证券监管介入公司治理模式提供参考。,证券监管;信息对称标准;上市公司治理;公司法;证券法,D922.287,,,法学三大刊论文/中国法学/论证券监管介入上市公司治理的限度.pdf
852,论醉驾案件的程序出罪,史立梅[1],,2022,4,250,269,醉驾入刑带来了我国犯罪结构和刑罚分布的明显变化，同时也带来了较为严重的刑罚溢出效应问题。针对醉驾入罪入刑过度问题，程序出罪较之其他出罪路径更能获得普遍认同。目前我国轻微刑事案件的程序出罪体现于公安机关的立案环节和检察机关的不起诉环节，但存在较多问题。欲充分发挥程序出罪对醉驾治理的功能，需要从程序法理论上予以反思。针对以醉驾为主的轻微犯罪，我国有必要强化司法程序的出罪功能，使刑事诉讼从原有的圆柱状结构向漏斗型结构转化。需罚性理论可以为醉驾案件程序出罪提供相应的依据并框定程序出罪的基本逻辑。未来我国醉驾案件的程序出罪路径可以从区分醉驾案件的实体出罪和程序出罪、完善现有的程序出罪路径、挖掘潜在的程序出罪路径等方面加以完善。,醉驾案件;程序出罪;诉讼结构;需罚性;特殊预防,D924.3,,,法学三大刊论文/中国法学/论醉驾案件的程序出罪.pdf
853,论量刑基准的回归,石经海[1],西南政法大学法学院,2021,5,284,304,"为区别于根基性的刑罚正当化根据和指导性的量刑原则,量刑基准的概念应从量刑方法意义上界定为,根据具体个罪的犯罪构成事实所确定的用作量刑时起始标准的刑罚量.基于定罪量刑关系等刑法原理,量刑基准不是在量刑环节根据拆分的犯罪构成事实在法定刑内确定的""点""或""幅度"",而是根据具体个罪的犯罪构成事实由定罪所确定的法定刑本身.量刑基准在运行上不是先在确定量刑起点和基准刑基础上笼统地将案件所有量刑情节放在一起予以量化运算,而是基于刑法立法关于免除、减轻、从轻、从重处罚量刑情节的分级规定以及数罪并罚等的量刑制度,在定罪确定法定刑的基础上,根据案件的具体量刑情节制度,依次作出免刑/处断刑、宣告刑和执行刑.",量刑基准;量刑方法;法定刑;量刑情节;依次适用,D924.13,0,,法学三大刊论文/中国法学/论量刑基准的回归.pdf
854,论金融司法与金融监管协同治理机制,鲁篱[1],西南财经大学法学院,2021,2,189,206,"在现代金融市场治理体系中,金融监管和法院民事司法都扮演了重要角色.我国法院不仅是传统意义上的裁判者,同时也是金融风险的重要治理者.既有金融市场的治理格局呈现金融司法与金融监管分立式治理的特征,金融司法与金融监管各行其是,金融规章往往得不到法院民事司法的肯定性确认.虽然这种分立式治理机制有助于构建和维护私人自治空间、防止行政权力滥用,但基于风险社会的大背景和金融风险的特殊性,分立式治理在制度正当性、智识合理性、功能有效性和结构科学性等方面都有缺失.应当构建司法与监管协同的金融风险治理机制,在司法认可并尊重金融监管规则的基础上,通过机制创新,实现金融司法与金融监管对金融风险的协同共治.",金融风险;金融监管;金融司法;分立式治理;协同式治理,D923.6,0,,法学三大刊论文/中国法学/论金融司法与金融监管协同治理机制.pdf
855,论金融法的制定,邢会强[1],中央财经大学法学院,2025,2,24,44,党的二十届三中全会提出的“制定金融法”，就是要制定一部金融领域的基本法，来统筹其他单行金融法，形成协调统一、比较完备的金融法律法规体系。就定位而言，我国制定的金融法不是金融法典，也不是金融法总则，而是金融法通则和金融基本法。就定向而言，金融法是体现中国特色金融发展道路之法，是规定我国金融基本制度之法，也是实现金融活动监管全覆盖之法。就体系结构而言，金融法应按照“主体→客体→内容→法律责任”的基本逻辑，同时根据金融法的特殊性，参考国内的金融法学学术共识，设置如下七章的结构体系：总则、金融宏观调控、金融市场监管、金融稳定保障、投资者与金融消费者保护、法律责任、附则。,金融法;金融法典;金融基本法;金融服务法;金融监管法,D922.28,,,法学三大刊论文/中国法学/论金融法的制定.pdf
856,证券期货市场高频交易的法律监管框架研究,邢会强,中央财经大学法学院,2016,5,156,177,"高频交易在我国证券市场上已经初露端倪,因其负外部性较大,亟需制定相应的监管规则予以克服。以金融法中的“三足定理”为理论指导,可以将对高频交易的法律监管分为风险监管、行为监管与竞争监管三大类别。这三类监管又以信息监管为基础,于是这四类监管共同构成了一个具有普适性的高频交易监管框架。对于高频交易,我国的监管政策选择应该是予以适当的限制或抑制。此外,对高频交易的法律监管还要树立“以快对快”的监管理念,因此,我国对高频交易的监管规则应不断及时修订,从而跟上市场之变化。",高频交易;程序化交易;三足定理;幌骗;塞单,F832.5,64,,法学三大刊论文/中国法学/证券期货市场高频交易的法律监管框架研究.pdf
857,证券虚假陈述中审验机构连带责任的厘清与修正,陈洁[1],中国社会科学院法学研究所,2021,6,201,221,"证券市场信息披露需由多个主体协作实施,故虚假陈述民事责任呈现连带责任的特点.因行为人主观过错的不同,审验机构介入的虚假陈述行为呈现不同的共同侵权行为样态.《证券法》主要规制审验机构的过失与委托人故意虚假陈述导致的投资者受损的客观关联共同侵权行为,由此审验机构承担的连带责任性质上属于不真正连带责任.委托人作为最终责任人,要对全部虚假陈述行为所造成的损害负赔偿责任,审验机构只对与其审验行为有因果关系的损害、与委托人一起向投资者承担连带赔偿责任.审验机构之间连带责任的范围划分,应当根据各个审验机构的过错程度以及原因力比例承担相应的赔偿责任.",证券虚假陈述;审验机构;连带责任;过错;原因力,D922.287,0,,法学三大刊论文/中国法学/证券虚假陈述中审验机构连带责任的厘清与修正.pdf
858,证据属性的中国法律之道,周洪波[1],,2022,6,282,302,证据属性是证据法学的基本问题，在我国历来多有争议。我国较长时间里所肯认的学说是证据应当具有客观性、关联性（相关性）、合法性，但其在近年来遭到的批判甚烈，理论上表现出建立新学说的强烈欲望。新近的探索推进了理论的进展，然而，还有一些问题有待澄清。为此，需要阐明：明确证据的当前事实性，才能有效界分证据与待证事实，进而实现对证据相关性的问题聚焦；对证据相关性建构的事理原理及其运用的法律规导原理（法律许可的事理相关性）进行澄明，才能凸显证据相关性对于制度建构的根本意义，以及明晰我国“法律传统”对证据相关性理论的影响及其存在的问题。合理的证据属性理论在我国的现实化，不仅需要对一些既有证据规则进行新的阐释，还有必要对规则进行一些新的表达和拓展。,证据属性;当前事实性;证据相关性;证据规则,D925.2,,,法学三大刊论文/中国法学/证据属性的中国法律之道.pdf
859,证据种类法定主义的反思与重构,郑飞[1],,2024,1,105,123,证据种类法定主义是大陆法系法定证据制度的逻辑起点。但由于历史与政治逻辑的时代变迁、程序运行环境的结构性变化和证据法基本原理的深化发展，证据种类法定主义在大陆法系被抛弃，逐渐从法定证据种类限制演变为取证合法性限制。中国的证据种类法定主义的立法表达是一种封闭性的法定证据种类制度，其制度动因在于便利与规范证据的分类审查判断。实践中，我国证据种类法定主义表现为将“取证合法性限制”和“真实可靠性限制”当成了“法定证据种类限制”，存在不能涵盖全部证据形式、不符合现代证据法基本原理、阻碍了法庭认识论功能的实现等问题。未来应在否定证据种类法定主义的基础上，强化法定证据种类规范功能的转向，保持证据分类审查判断的制度优势，从而重构一种半开放式列举的证据实质审查制度，以符合证据法的基本原理和事实认定的基本规律。,法定证据种类;法定证据制度;自由心证;证据分类;证据审查,D915.13,,,法学三大刊论文/中国法学/证据种类法定主义的反思与重构.pdf
860,证据链与结构主义,栗峥,国家2011计划司法文明协同创新中心、中国政法大学诉讼法学研究院,2017,2,173,193,"证据是事实的理由,证据链是证据的理由或称理由的理由,它决定着司法证明的逻辑命脉。＂完整的证据链＂是证成事实的核心标准,其意义重大。就性质而言,证据链属于＂非必要的但充分的条件中一个不充分但必要＂的链条,具有＂偶然中的必然＂、＂基于认知的证成＂等属性。通过＂有助益的支撑＂的似真推理,可以搭建证据之间最大可能性的支持链接。建立证据链的功能在于：推进证据分类,实现分类证据的可视化;以＂涌现＂的方式代替因果逻辑;实现对威格莫尔图表法的突破与超越。基于证据链对司法证明展开的逻辑分析属结构主义路径,相比于证据的实质性意义,结构主义更注重证据的关系性意义,它认为只有在证据的相互解释与相互界定的结构之中,证明才有价值。在结构主义看来,真实是被结构生产出来的。",证据链;结构主义;真实,D918.9,28,,法学三大刊论文/中国法学/证据链与结构主义.pdf
861,诈骗罪重构:交易信息操纵理论之提倡,"王莹[1,2]",中国人民大学刑事法律科学研究中心,2019,3,240,260,"传统诈骗罪理论中,被害人视角与行为人视角交织重叠,不仅带来相关构成要件要素的解释难题,也破坏了诈骗罪归责关联的完整性与连续性。本文尝试在解构诈骗罪关系犯特征的基础上提倡诈骗罪的不法本质是交易基础信息的操纵,并对其构成要件进行中国语境下的重构:行为人在财产交易沟通过程中操纵交易基础信息——对被害人施加影响使其作出有利于行为人的财产交易或安排——行为人非法获利(或被害人遭受财产交易损失)。这一理论重构将被害人角度的构成要件要素如错误认识、财产处分等删除出构成要件,能够凸显行为人信息操纵的归责链条,清晰勾勒诈骗罪的归责路线,并通过信息错误风险管辖思想替代争议颇多的被害人过错、被害人过于轻信等被害人教义学思维限制诈骗罪的可罚性范围。",认识错误;财产处分;交易信息操纵;信息错误风险分配,D924.35,0,,法学三大刊论文/中国法学/诈骗罪重构_交易信息操纵理论之提倡.pdf
862,诊疗人工智能的医疗损害责任,"郑志峰[1,2]",,2023,1,203,221,与自动驾驶汽车等替代型人工智能应用不同，诊疗人工智能仅为医务人员提供辅助作用，这使其背后的人机关系以及责任承担具有特殊性。诊疗人工智能并未改变现有医患关系结构，但人机协作诊疗模式加剧了医务人员诊疗过失的认定难度。诊疗活动的伦理属性与技术特点决定了诊疗人工智能的辅助定位，应当挖掘当时医疗水平标准背后的合理医生标准，赋予医务人员自由裁量权，同时配置适当的再判断义务，确保机器判断的益处被安全采纳。诊疗人工智能的辅助定位并未消除医疗产品责任的适用空间：在缺陷判断上，脱胎于理性人标准的理性算法标准可以一定程度缓解设计缺陷的认定困境，而对于专业中间人规则带来的警示缺陷证明难题，宜通过强化医务人员的特殊告知义务解决；在因果关系要件上，诊疗人工智能的辅助定位使得事实因果关系与法律因果关系的认定都面临特殊困难，可通过NESS标准以及替代原因理论予以补正。,诊疗人工智能;辅助型人工智能;诊疗过失;合理医生标准;医疗产品责任,D923,,,法学三大刊论文/中国法学/诊疗人工智能的医疗损害责任.pdf
863,试析明清律中的“罪坐所由”,张德美[1],,2024,2,144,164,“罪坐所由”作为明清时期确定罪犯刑事责任的一种原则，一般用于公罪追责，强调犯罪行为由何人实施，即由何人承担刑事责任。它是由唐律“各以所由为罪”“止坐所由”等规定发展而来，这些规定强调在公罪中只追究犯罪行为实施者的刑事责任，排斥连坐。而公罪连坐则是“各以所由为首”，即以犯罪行为的具体实施者为首犯追究刑事责任，其余官员节级连坐。到了明清时期，公罪连坐的律条较唐代明显减少，在公罪追责时更强调“罪坐所由”。这种变化，体现了中国古代公罪连坐范围逐步缩小的趋势。明清时期，“罪坐所由”还在衍生的含义上得以适用，即犯罪行为因何人所使，或犯罪结果因何人行为所致，何人即应承担刑事责任。此类追究刑事责任的规定在唐代甚至更早以前的刑事立法中就已经存在，而且也不限于公罪追责，明清时期通过立法、法律解释把其中的追责理念整合到“罪坐所由”这一原则之中。,罪坐所由;明清律;各以所由为罪;公罪追责;罪责自负,D929,,,法学三大刊论文/中国法学/试析明清律中的“罪坐所由”.pdf
864,谱写新时代人权法治保障的新篇章,"江必新[1,2]",最高人民法院;中国法学会,2017,6,48,55,党的十九大报告再次强调要加强人权的法治保障，并在相关章节明确了保护人权的诸多新举措，为人权事业发展规划了新的图景、指明了新的路径。党的十九大报告提出的新论断、新要求和习近平新时代中国特色社会主义思想为丰富人权保障内容提供了重要理论支持，为完善人权保障制度奠定了重要基础，对加强人权保障事业具有重要引领意义。在十九大精神指引下，新时代中国的人权保障事业将开启新征程，谱写新篇章。,保护人权 法治保障 中国特色社会主义思想 篇章 人权保障制度 人权事业 保障内容 习近平,D924.1,0,,法学三大刊论文/中国法学/谱写新时代人权法治保障的新篇章.pdf
865,财产事实支配的宪法定位及其在数据财产领域的运用,杜牧真[1],中国政法大学数据法治研究院,2024,5,242,262,财产事实支配作为一种自由，是宪法和法律形成的财产权所保护的对象而非财产权本身。对于作为有别于权利的财产事实支配自由，宪法和法律无需加以创设，而只能予以确认并保护。为防止财产事实支配可能受到过度限制或不当干涉，对于财产权人与非财产权人的财产事实支配自由，我国宪法均以“法无限制即可为”的方式予以确认并保护。宪法对于财产事实支配的确认与保护，为国家设立了财产事实支配的保护义务，这包括国家消极保护义务与国家积极保护义务两方面。国家消极保护义务意味着，立法者不得以“法无授权不可为”的方式限制事实支配自由；国家积极保护义务意味着，立法者应具体形成能够保护公民对其财产的事实支配不受其他主体干涉的权利，从而使事实支配的国家积极保护义务在私权领域得以充分实现。基于财产事实支配的宪法定位可知，反对数据财产权利化的观点不能成立。,财产事实支配;数据财产;自由;权利;国家保护义务,D921,,,法学三大刊论文/中国法学/财产事实支配的宪法定位及其在数据财产领域的运用.pdf
866,财产损失要件在诈骗认定中的功能及其判断,付立庆[1],中国人民大学刑事法律科学研究中心,2019,4,265,284,"中国司法实务对于认定诈骗罪的态度相当克制,理论上则不能仅是为司法实务背书,而应该在重视实务立场的前提下,明确诈骗罪的成立标准。无论是财产概念本身还是主观上的非法占有目的,对限缩诈骗罪的处罚范围效果有限,因此,应突出财产损失这样的客观要件在诈骗罪认定中的作用。就损失的判断而言,整体财产损失说的基本框架值得维持,而在处分目的重大背离的场合,则应对这一学说予以修正:确定诈骗数额时,如行为人所得与被害人损失不一致时,应以'素材的同一性'为标准;以后以诈骗所得偿还前一诈骗被害人时,应以'主体的同一性'为标准。修正的整体财产说对限缩诈骗罪的范围意义重大,而犯罪成本也可能在必要时予以扣除。",经济财产;整体财产损失;实质个别财产损失;处分目的重大背离;主体同一性,D924.3,0,,法学三大刊论文/中国法学/财产损失要件在诈骗认定中的功能及其判断.pdf
867,财产罪占有之立场：缓和的事实性占有概念,梁云宝,东南大学法学院,2016,3,164,185,"现有的财产罪占有概念几乎都是一种混合的概念,事实性和规范性是它的两端。事实性占有概念要求事实判断是占有的首要判断和基础判断,受物的性质、形态等实质影响,支配并不总是显性可见的。规范性判断在揭示隐性的支配事实和假象性支配时,对占有判断具有选择性的补充作用,这使事实性占有概念趋于缓和化。事实性占有概念中的规范性内涵已扩展到社会学层面和刑事政策层面。规范性占有概念在借助规范性要素扩张占有范围的同时,掏空了占有的实体,造成了占有的过度观念化问题,也造成了对实际的占有问题进行解释时事实性和规范性的冲突,这大大削弱了它的解释力和生命力。",财产罪;占有;事实性占有;规范性占有,D90,57,,法学三大刊论文/中国法学/财产罪占有之立场：缓和的事实性占有概念.pdf
868,财政权利的逻辑体系及其现实化构造,胡明,华南理工大学法学院,2018,1,143,165,内容提要财政是权利的保障。为精算权利的成本，应建立权力人与权利人共商的议价机制，财政法研究亦应突破传统权力视域，植入财政权利的思维。财政权利的理论渊源，根植于国家与人民之间的财政信托关系，并立足公共财产本身的控制权能与受益权能，可凝炼为防御性和受益性的财政权利体系。类型化解构上，财政权利可考究为以选择性与利益性为深层次要件的价值体系、以排他性与衡量性为建构性解释的规范体系，这是形成财政权利体系的法理基础。结合转型期中国财政法治实践状况，防御性财政权利的现实化构造应加快落定财政法定主义、财政议定主义的客观防御，并准确施加财政知情权、财政参与权、财政监督权的主观防御；受益性财政权利的现实化构造应推进达成财政民生主义、财政公平主义的受益屏障，并从立法、行政与司法方面全面落实受益权利的保障义务。,财政权利;财政信托;财政防御权利;财政受益权利,D922.2,0,,法学三大刊论文/中国法学/财政权利的逻辑体系及其现实化构造.pdf
869,财税法功能的定位及其当代变迁,刘剑文,,2015,4,162,180,财税法在不同国家形态下、不同社会时期中表现出不同的功能，而且在重要历史节点中往往也发挥着推动甚至是决定性的作用，二者呈现出交相辉映的互动态势。过去，社会多关注财税法的经济功能，尤其是强调其中的宏观调控功能。在“四个全面”的新阶段，应当从国家治理现代化的高度来完整地认识财税法的功能，由此才能更好地推动我国的法学学科整体发展和法治事业进步。在“跳出财税法看财税法”的检视下，财税法功能在范围上涵摄经济、社会、政治各方面，在立场上则由“权力本位”转向“权利本位”、从“管理”转向“法治”、从“治民之法”转向“治权之法”。具体来说，财税法具有规范理财行为、促进社会公平、保障经济发展三大功能，它们三位一体、协同发力，统一于实现国家长治久安的宏伟目标中。,全面深化改革;财税法功能;理财治国,F812,58,,法学三大刊论文/中国法学/财税法功能的定位及其当代变迁.pdf
870,责任保险中的连带责任承担问题——以机动车商业三责险条款为分析样本,韩长印[1],上海交通大学凯原法学院,2015,2,266,281,"当责任保险中的被保险人与共同致害人一起对受害第三人承担连带责任时,保险合同格式条款能否将该连带责任从保险责任中加以排除,这是司法实践中存在较大争议的问题。争议的焦点在于,机动车商业三责险等一般责任保险中的＂按责赔付＂条款能否在司法判决中得到承认并加以适用。通过对责任保险的责任内涵及责任保险独特的＂摆脱不利＂等保障功能的分析,从责任保险格式条款内容控制的角度,主张连带责任的免除条款构成格式条款的＂意外免责＂条款,其免责效力不应得到承认而应受到限制。",责任保险;连带责任;按责赔付,D923.6,52,,法学三大刊论文/中国法学/责任保险中的连带责任承担问题——以机动车商业三责险条款为分析样本.pdf
871,责任清单编制规则的法治逻辑,刘启川,东南大学法学院,2018,5,102,121,"我国理论和实践上尚没有责任清单编制规则的理论建构和顶层设计。实证研究表明,责任清单编制规则存在主体适格性、依据差异性、内容多元化、程序正当性等方面的问题。法治化解决这些问题,需要首先明确责任清单的概念和性质。经分析发现,职责和追责是责任清单的构成要素,行政自制是其规范属性。在法治方案上,规范主义控权模式已不能完全适合责任清单,应当辅以功能主义的建构模式;编制主体的正当性应以＂提前介入＂式的备案审查方式加以补正;编制依据应当扩展至设定义务规则的规范性文件;编制内容的设计应当援用正义内部构造的建构思路;编制程序上应实现编制过程公开和专家全程参与,而公众参与不应设为一项强制性义务,将其限为事后监督即可。",责任清单;权力清单;编制规则,D915,0,,法学三大刊论文/中国法学/责任清单编制规则的法治逻辑.pdf
872,质疑法定资本制之改革,蒋大兴,北京大学法学院,2015,6,136,158,法定资本是一种多元的结构，并非只是大陆法系国家的专利，最早的法定资本制度出现在英国公司法中。即便在现代美国公司法中，也有法定资本的规则——资本维持原则。只是不同国家法定资本的规制重心／规制策略略有不同，有些国家偏重事前规制，有些国家偏重事后规制。而且，法定资本也是一种复杂的规范系统，它不仅属于公司法的调控范畴，在会计法、破产法中也都有法定资本的规制痕迹。法定资本的改革必须是一种系统化的改革，而且任何公司资本制度都有其合约、经济与文化基础。大量的实证数据表明，我国取消最低注册资本、改实缴制为合约缴纳制等改革措施欠缺合约逻辑和经济逻辑，也不符合我国的文化偏好。,法定资本;最低资本;股东;债权人,D909,69,,法学三大刊论文/中国法学/质疑法定资本制之改革.pdf
873,贪污受贿犯罪定罪量刑标准问题研究,赵秉志[1],北京师范大学刑事法律科学研究院暨法学院,2015,1,25,47,"贪污受贿之定罪量刑标准关乎惩治贪污受贿犯罪的力度和效果,是我国刑事法治领域重大的理论和实务问题。当前我国贪污受贿的定罪量刑标准存在难以全面适时反映贪污受贿个罪的社会危害性、不能充分体现罪责刑相适应原则、影响个罪之间罪刑设置的体系协调等问题。本文认为,应确立“数额＋情节”的二元定罪量刑标准,引入罪群立法模式并明确各自定罪量刑标准,受贿罪与贪污罪的定罪量刑标准应实行分立,由司法解释规定并科学、合理设定具体数额标准,妥善解决数额标准适用时的省际冲突等问题。",贪污受贿犯罪;定罪量刑标准;犯罪数额,D924.33,46,,法学三大刊论文/中国法学/贪污受贿犯罪定罪量刑标准问题研究.pdf
874,贿赂犯罪的保护法益与事后受财行为的定性,黎宏,清华大学法学院,2017,4,227,245,"贿赂犯罪的保护法益不是职务行为的廉洁性,也不是职务行为的不可收买性,而是职务行为的公正性。因此,只有危及职务行为公正性的行为才有可能构成受贿罪。事后受财行为,在事先没有约定的场合,因为不可能危及职务行为的公正性,原则上不构成受贿罪;但是,在有证据证明行为人履行职务行为时具有事后受财的心理期待或者心理联想的场合,因为这种期待或者心理联想会对行为人的履职行为产生影响,因此,构成受贿罪。",受贿罪;职务行为公正性;事先约定;事后受财;心理期待,D924.392,37,,法学三大刊论文/中国法学/贿赂犯罪的保护法益与事后受财行为的定性.pdf
875,资本市场信息披露双层规范体系的基本建构,郭锋[1],,2024,3,245,265,我国资本市场信息披露规范以公开发行为主体，对私募发行缺少系统性规定，需要构建信息披露公开发行与私募发行双层规范体系。可以借助契约经济学为解决信息不对称而提出的激励机制和风险缓释机制两种理论工具来建立完善信息披露双层规范体系。在立法层面，激励性规范应当有助于发行人按照成本收益考量选择适合的募集方式，风险缓释规范应当围绕股份流通与投资者适格进行区分配置。在监管层面，基于激励性规范，公开发行实施注册制监管、以信息披露为核心，私募发行采用豁免制监管、以效率优先为理念；基于风险缓释规范，公开发行监管致力于明晰有关主体责任界限，私募发行监管重在厘清私募范围、有限度采用公开劝诱规则。在司法层面，由于公开发行虚假陈述主要表现为侵权责任、私募发行虚假陈述大多表现为违约责任，故应当严格区分双层规范下虚假陈述行为人承担民事责任的请求权基础。,信息披露;公开发行;私募发行;注册制;虚假陈述,D922.287,,,法学三大刊论文/中国法学/资本市场信息披露双层规范体系的基本建构.pdf
876,赋能型人工智能治理的理念确立与机制构建,张吉豫[1],中国人民大学法学院、未来法治研究院,2024,5,61,81,人工智能治理已成为国家和社会治理的前沿问题和重要领域。然而，当前在人工智能科技创新、风险防控、企业自治、政府监管、社会监督、国际协作等方面都亟需加强能力建设，必须把提升人工智能安全可信发展的能力作为人工智能治理的第一要务，构建“赋能型人工智能治理”的理念和机制。以此为目标，应坚持以人为本、发展导向的赋能型人工智能治理核心理念，以及从中发展出的智能向善、包容审慎、敏捷治理、可持续发展等基本理念。应建设以法治为核心的赋能型人工智能治理机制以及法治统领下的各项具体机制，如完善法律治理与技术治理相统合的机制，建立多元主体沟通协作的共治机制，构建与人工智能发展相适配的“避风港”机制，建立敏捷互动、激励向善发展的动态监管机制，建设人工智能安全保险等社会保障机制。,人工智能;赋能型治理;法治化;以人为本;发展导向,TP18,,,法学三大刊论文/中国法学/赋能型人工智能治理的理念确立与机制构建.pdf
877,走向“精明”的证券监管,张红,北京师范大学法学院,2017,6,149,166,通过分析我国证券监管机构2010年至2016年间各类监管执法手段的数据，可以看出我国证券监管执法侧重于威慑式执法策略。结合规制有效性和规制成本来分析，这一执法策略并未达至理想的监管效果。我国证券监管执法应当引入“精明规制”理念，调整执法策略。证券监管机构应减少对威慑式执法策略的依赖，增加顺从式执法策略的运用；实现事前监管向事中事后监管转移；实现与监管对象的合作规制；尊重证券交易所和行业自律组织的自律管理。,证券监管 执法策略 精明规制,F832.5,0,,法学三大刊论文/中国法学/走向“精明”的证券监管.pdf
878,"超越""依法裁判""的清代司法",李栋[1],中南财经政法大学法学院,2021,4,288,304,"我国学界长久以来,不加区分地将清代司法裁判归属于近代西方的""依法裁判""类型.这种研究进路主要是从裁判所依据的""法源""入手,纠结于司法裁判到底或主要依据什么而展开,致使有关清代司法裁判的论说有意无意地沦为一种被动适用""大前提""的样态,无法切中要害.实际上,清代司法无论是""命盗重案"",还是""州县自理案件"",都从事实层面表现为一种对""依法裁判""模式的超越,堪称是一种""权宜裁判""类型.这种裁判类型不仅关注个案本身的特殊性和裁判结果的妥当性,而且在客观上能够实现对于裁判决策的稳定性限制,因而,在""全球法律史""的视域下,构成了司法裁判的一种独特模式.由于""权宜裁判""在诸多方面仍能满足当下中国人对于司法裁判的理解和需要,所以至今在中国司法实践中仍具生命力.",清代司法裁判;命盗重案;州县自理案件;依法裁判;权宜裁判,D929,0,,法学三大刊论文/中国法学/超越“依法裁判“的清代司法.pdf
879,身份人格权论,刘德良[1],,2023,4,87,106,现行人格权理论认为，人格权是自然人对自我人格利益享有的权利，与亲属无关；这从法理和逻辑上切断了人格权与身份权的内在联系。由此，不仅使得立法和司法上承认侵害生命权案件中亲属的损害赔偿权的做法与人格权理论相悖，而且也极大地弱化了人身权的理论基础。拒绝承认其他人格侵权案件中亲属的损害赔偿请求权的做法有悖于人性和亲情，因为每个人的人格利益不仅包括自我人格利益，也包括对亲属的人格要素所享有的人格关爱利益。以对亲属的人格关爱利益为客体的权利即身份人格权，它与自我人格权一起构成个人人格权的完整内涵。身份人格权既是人格权的一种，又属于身份权的一类，是人格权和身份权的公因子，为人身权理论构建和亲属损害赔偿请求权提供了依据。承认身份人格权，是构建科学人身权理论、适应未来社会发展的客观需要，既符合人性和现代法治的基本理念，也符合中华文化传统。,人身权;人格利益;身份利益;自我人格权;身份人格权,D923,,,法学三大刊论文/中国法学/身份人格权论.pdf
880,身份权的派生确权与参照保护,张力[1],,2023,4,107,125,派生性妨碍了身份权在立法上被统一确权，诱发身份权保护漏洞填补机制失范。但派生性也提示了一条因循身份权与基础性人格权之间派生关联性的分类确权进路，即依据获益性身份权、利他性身份权与互益性身份权的不同派生条件，分别厘定其对维护有关身份关系所必须的权利内容与保护范围。由此，也澄清了《民法典》第1001条中关于身份权利保护“没有规定”“可以根据其性质”参照人格权保护规定的法教义，明确了司法裁判中关于身份权参照保护启动的必要性及具体参照对象的说理内涵。,身份权;确权;人格权;派生关联性;参照保护,D923,,,法学三大刊论文/中国法学/身份权的派生确权与参照保护.pdf
881,轻罪重判国家赔偿责任的证立及其类型化,金成波[1],中共中央党校(国家行政学院)政治和法律教研部,2020,2,220,237,"刑事审判实践中,对于轻罪重判是否赔偿,处理结果不一,原因在于对《国家赔偿法》第17条第(三)项以及最高人民法院、最高人民检察院《关于办理刑事赔偿案件适用法律若干问题的解释》第6条的不同理解。轻罪重判是对权利的侵害,在加强人权司法保障、强化权力运行制约监督的时代背景下,应该对《国家赔偿法》立法原意予以检讨,对轻罪重判的被告人予以赔偿。制度操作上,可以将轻罪重判的赔偿分为管制的赔偿、有期徒刑改判较短期限的赔偿、重判死刑且已执行的赔偿以及轻罪重判附加刑的赔偿,在此类型化区分的基础上对赔偿的项目、赔偿的方式以及计算标准进行设计。",轻罪重判;刑罚;国家赔偿;类型化,D92,0,,法学三大刊论文/中国法学/轻罪重判国家赔偿责任的证立及其类型化.pdf
882,过失犯远因溯责的规制路径：以渎职犯罪为中心,陈璇[1],,2023,2,285,304,如何合理界定过失犯远因溯责的范围，是一个兼具总论和分论意义的重要课题。对此，应当以限制正犯概念为基点，采取“先收后放”的思路。根据自我答责原则，介入因素究竟是单纯的自然力还是第三人的自由行为对于远因溯责的认定具有截然不同的意义。一旦第三人基于自由意志实施了犯罪行为，他就建立起一个专属而排他的答责空间，除非存在扩张注意义务的特别根据，否则即产生阻断远因溯责的效力。与此同时，为有效应对现代社会中出现的各类复杂风险，法律有必要适当拓宽注意义务的辐射范围。以渎职犯罪为分析素材，注意义务的扩张主要有两种类型：一是初始过失行为对第三人归责瑕疵的形成发挥了不可或缺的作用力，由此成立过失间接正犯。二是初始过失行为人对防止第三人犯罪负有保证人义务，由此成立过失不作为正犯。,过失犯;溯责禁止;自我答责;限制正犯概念;渎职犯罪,D924.393,,,法学三大刊论文/中国法学/过失犯远因溯责的规制路径：以渎职犯罪为中心.pdf
883,过程性审查：行政行为司法审查方法研究,刘东亮,浙江工商大学法学院,2018,5,122,140,"为了应对行政行为领域日益增多的＂复杂性＂挑战,域外先进法治国家不约而同发展出了＂过程性审查＂这种不同于传统的实体性审查和程序性审查的司法审查新方法。过程性审查的本质是探索决定者的思维过程,即审查决定者的法律推理过程。过程性审查的运用,促进了行政行为说明理由制度的发展,并促进了学界对法律推理问题的关注和研究。当下中国的司法实践也在不自觉地运用过程性审查方法,但由于缺乏系统的理论指导,不时出现偏差。明确过程性审查方法,有多方面的重要意义,特别是有利于加强和规范裁判文书的释法说理。",行政行为;司法审查;过程性审查,D922.1,0,,法学三大刊论文/中国法学/过程性审查：行政行为司法审查方法研究.pdf
884,过罚相当原则的规范构造与适用,刘权[1],,2023,2,129,148,过罚相当原则条款在规范构造上仅规定了“过”的判断因素，在行政处罚实践中被大量“变通”适用。由于过罚相当原则并没有提供明确的判断标准与适用方法，导致行政机关和法院即使考虑了所有主客观因素，也面临适用难题。过罚相当原则的裁量因素应包括“过”和“相当”两大方面，在根据违法行为的性质、情节、社会危害程度而准确判断“过”的大小后，还需要全面考虑过罚“相当”的相关因素。过罚“相当”和损益“成比例”的判断方法具有相通性，可以也应当运用比例原则辅助并约束过罚相当裁量。为了减少过罚相当原则适用的主观性与不确定性，作为基本法的《行政处罚法》应增加“可以式”从轻、减轻处罚规范，明确设立酌定从轻、减轻处罚规范，扩充法定从重处罚规范。行政机关负有努力制定高质量裁量基准的义务，但裁量基准易导致过罚相当原则的价值落空且其内容可能不合理，故应当依靠而不依赖裁量基准。,过罚相当原则;处罚正义;行政处罚裁量基准;比例原则,D922.11,,,法学三大刊论文/中国法学/过罚相当原则的规范构造与适用.pdf
885,"迈向""规划""时代的法治中国建设",马怀德[1],中国政法大学,2021,3,18,37,"近年来,随着一批重要法治规划颁布实施,各类法治规划逐渐形成一个领域宽广、内涵丰富、层次分明的整体,法治中国建设进入""规划""时代.通过规划引导推动法治发展,是由我国特殊的现代化进程决定的,具有充分的思想与制度基础.进入""十四五""时期,把握新发展阶段、贯彻新发展理念、构建新发展格局,法治中国建设面临新形势和新挑战.按照各类法治规划的部署,""十四五""时期法治中国建设的重点是推进条件成熟领域的法典编纂、强化涉外法治建设、强化绿色发展的法治保障、推动法治政府建设向纵深迈进、增强对科技创新的法治回应等多个方面.","法治中国;法治规划;""十四五"";习近平法治思想",D920.0,0,,法学三大刊论文/中国法学/迈向“规划“时代的法治中国建设.pdf
886,近代中国宪制的发展,聂鑫,清华大学法学院,2015,6,200,216,从1908年钦定宪法大纲到1946年中华民国宪法，近代中国制定了多部宪法文件。我们考查其条文，发现其中杂糅了美、德、法等多国元素；制宪者在移植外国制度时，通过“独立的思考”与“理性的选择”，甚至有所“创作”。这其中一大创作便是融会贯通各国宪制，对议会主权原则作出重大修正与改良。具体而言，在政体的选择与混合、制宪权的归属、宪法解释机关的变动三个宪法重大问题上，近代中国经过短短三十几年的摸索，居然与欧美“先进范式”相较毫不逊色、走到了比较宪法的前列。尽管在制宪事业上有所“创作”，近代中国并没有将纸面的制度落实为宪法实践，但这并不能抹杀近代中国制宪者的智识贡献与宪制创作。,议会主权;制宪权;混合政体;宪法法院,D921,39,,法学三大刊论文/中国法学/近代中国宪制的发展.pdf
887,远程工作的立法理念与制度建构,谢增毅,中国社会科学院法学研究所,2021,1,248,268,"远程工作有利于减少雇员通勤以及雇主办公场所等成本,提高雇员工作自主性尤其是工作时间自主性,更好平衡工作和生活,促进残疾人等群体的就业,同时远程工作也带来工作时间长、工作和生活界限模糊以及危害健康等问题.根据远程工作自身特点及其利弊,远程工作立法应体现自愿原则、平等原则、保护原则和协商原则,并通过具体规则加以落实.政府应通过政策手段,扶持和推广远程工作的使用,并将其纳入突发事件应急管理.我国可将远程工作纳入劳动法或劳动合同法,并通过制定远程工作条例,明确政府职责以及远程工作用人单位和劳动者的权利义务.",远程工作;灵活用工;远程工人;应急管理;《远程工作框架协议》,D912.5,0,,法学三大刊论文/中国法学/远程工作的立法理念与制度建构.pdf
888,连带责任的弹性不足及其克服,张平华,烟台大学法学院,2015,5,118,139,基于法律规范与公共政策的紧张关系，当代社会的连带责任存在弹性不足的缺陷，须依立法和司法予以克服。规范设计上应坚持连带责任法定原则，并有法定程度之差别：自然连带责任派生于事实的整体性，为宽松的法定化；建构性连带责任并未满足事实整体性的要求，基于特殊的公共政策而生，须予严格法定。即便无“连带”字样也可成立自然连带责任，但原则上非经明示不得成立建构性连带责任。建构性连带责任与自然连带责任可以构成责任竞合，不存在严格的适用顺序。依据自然连带责任可填补建构性连带责任的法律漏洞。法官不得依类推适用任意创设建构性连带责任新类型。违约连带责任、共同犯罪未必构成侵权连带责任。连带责任也不当然具备传递性。,连带责任;连带责任法定;自然连带责任;建构性连带责任,D923,102,,法学三大刊论文/中国法学/连带责任的弹性不足及其克服.pdf
889,退休年龄的法理分析及制度安排,林嘉,中国人民大学法学院、中国人民大学民商事法律科学研究中心,2015,6,5,24,退休年龄的确定关涉到劳动者劳动权和社会保障权的实现。目前我国退休年龄的规定存在男女退休年龄差距过大、退休年龄存在身份差别、退休年龄低于世界平均水平、养老金受领时长过长等问题，这些问题也导致了法律适用上的困惑。退休应当是劳动者的一项权利而非义务，退休与劳动权之间不应当有必然的排斥关系，劳动者劳动权不应因退休而受限制或者被剥夺，男女不同龄退休会导致女性社会保障权利的减损和对女性发展权的限制。退休年龄的科学确定，应当考虑政治因素、经济因素和社会因素等。我国未来立法应采取“渐进式”的方式合理延迟退休年龄，适当区分不同的人群适用不同的退休年龄制度，逐渐拉近男女退休年龄的差异，实行弹性退休制度作为对法定退休年龄的补充，以及实行更加开放的退休制度，从强制退休逐渐过渡到灵活退休。,退休年龄;延迟退休;退休权;劳动权;男女同龄退休,D923.6,60,,法学三大刊论文/中国法学/退休年龄的法理分析及制度安排.pdf
890,通过政策的司法治理,李红勃[1],中国政法大学法治政府研究院,2020,3,129,145,"司法政策是当代中国司法体制中一个特殊的制度设置,它以当下的政法体制、司法理念和社会现实为基础,具有时代和地域的合理性,是开展司法治理的重要途径与手段。司法政策通过连接法律与政治、国家中心任务与司法审判,在个案裁判中促进了法律效果、政治效果、社会效果的统一。一方面,要正面认可司法政策的法治价值;另一方面,要防止司法政策泛化和滥用给司法带来的危害。需要通过合理的制度设计,明确司法政策的定位,优化司法政策的制定和实施机制,进一步提升司法政策的法治化和规范化,更好发挥其司法治理的独特功能。",司法政策;司法理念;司法治理,D92,0,,法学三大刊论文/中国法学/通过政策的司法治理.pdf
891,通过立法的文化传承,杨建军[1],西北政法大学刑事法学院,2020,5,127,145,"文化传承有""基于生活的自然传承""和""基于立法的制度传承""两种基本模式。经过近40年的努力,我国已建立起文化传承的基本法律框架,将物质文化遗产、非物质文化遗产、传统文化精神三部分内容纳入法律保障范围。保护与传承相统一,原则性立法、专门立法与关联立法相结合,政府义务与公民权利相结合,保护、引导、鼓励与预防、管理、惩戒相结合,是这一法律框架的基本特征。未来中华文化传承立法中,需要处理好现代化挑战与文明自主性之间的冲突,文化传承与经济社会发展的矛盾,文化保护、传承与创新、发展的关系,合理借鉴域外立法经验,加强文化产业化立法、文化振兴立法,推动立法的体系化,促进中华文明与世界文明的交流和互鉴。",文化传承;法律机制;创造性转化;创新性发展;文化产业化,D92,0,,法学三大刊论文/中国法学/通过立法的文化传承.pdf
892,逮捕社会危险性条件中犯罪嫌疑人逃跑风险评估研究,张吉喜[1],,2023,4,281,304,在逮捕社会危险性条件的评估方法中，统计学方法优于经验方法，分类评估方法优于综合评估方法。犯罪嫌疑人逃跑是逮捕社会危险性条件的具体情形之一，运用统计学方法对其风险进行评估是体现不同评估方法优势的选择。以取保候审期间逃跑的2133名犯罪嫌疑人和遵守取保候审义务的2006名犯罪嫌疑人为样本，通过统计学分析，发现户籍地、受教育程度、就业状况、年龄、前科、盗窃罪、诈骗类犯罪和可能判处的刑罚等是对犯罪嫌疑人的逃跑风险有显著性统计学意义的影响因素。在此基础上构建的犯罪嫌疑人逃跑风险的评估模型具有较好的预测能力。将该模型转化为计算机运算程序，可以作为犯罪嫌疑人逃跑风险的评估工具。该评估工具不能否定检察官的裁量权，在使用该评估工具时亦需要保障辩方的知情权和提出意见权。,逮捕;取保候审;逃跑;社会危险性;风险评估,D925.2,,,法学三大刊论文/中国法学/逮捕社会危险性条件中犯罪嫌疑人逃跑风险评估研究.pdf
893,遗产限定继承论,马新彦,吉林大学法学院,2021,1,85,104,"""遗产无限继承论""是《继承法》时代的产物,具有历史性贡献.但随着经济发展,在私人财富巨额增长,财富的种类、来源多元化,以及现代家庭伦理发生巨变的今天,仍坚持此种解释论却有诸多弊端.""遗产限定继承论""以社会主义核心价值观为价值基础,可以准确回应现代家庭伦理的文化共识、合理地解决父母继承顺位的立法技术难题、圆满实现规范领域内条款之间的自洽性与协调性,并可有效地发挥家事法的教育功能,因而应成为《民法典》体系化建设重要的理论基础.",限定继承;无限继承;血缘传承性遗产;财产本源主体;继承顺位,D923.5,0,,法学三大刊论文/中国法学/遗产限定继承论.pdf
894,避免将行政违法认定为刑事犯罪：理念、方法与路径,张明楷,清华大学法学院,2017,4,37,56,"刑事司法实践之所以大量存在将一般行政违法行为认定为犯罪的现象,主要是因为没有以正当理念为指引,没有做出实质解释,没有进行独立判断。公、检、法应当以刑法的自由保障理念、刑法的补充性与预防犯罪的理念为指引,充分保障国民的预测可能性,使刑法真正成为保护法益的最后手段,使刑罚成为预防犯罪的有效工具。刑事司法人员应当对构成要件进行实质解释,对违法性进行实质判断;不能将一切利益当作刑法的保护法益;不能分解成或者还原为个人法益的所谓公法益,不是刑法保护的法益。行政法的规定以及行政机关对案件事实与处理结论的认定,只具有作为认定犯罪线索的意义;刑事司法人员必须根据刑法的特点对构成要件要素、案件事实进行独立判断,独立作出处理结论,不得将行政责任的认定结论与根据直接作为刑事责任的认定结论与根据。",行政违法;刑事犯罪;刑法理念;实质解释;实质判断,D924.345,56,,法学三大刊论文/中国法学/避免将行政违法认定为刑事犯罪：理念、方法与路径.pdf
895,酌定不起诉制度的再考查,郭烁,北京交通大学法学院,2018,3,228,248,"在推进新一轮司法改革的时代背景下,审视中国不起诉,尤其是酌定不起诉的预设功用及其现实处遇,对于我们思考、评估甚至＂预测＂在以审判为中心的诉讼制度改革过程中创设的刑事诉讼繁简分流程序大有裨益。通过比较法研究可以发现,酌定不起诉制度在世界范围内都有着广泛的理论共识与深度的效用空间,但在中国,该制度远未＂物尽其用＂。理清酌定不起诉与相应刑法条文之关系,对于提升该制度在诉讼经济及人权保障方面的作用意义重大。",不起诉;酌定不起诉;起诉法定;起诉便宜,D925.2,0,,法学三大刊论文/中国法学/酌定不起诉制度的再考查.pdf
896,释宪机制的影响因子及其中国构造,刘国,江西财经大学法学院,2016,1,289,302,"释宪机制作为宪法解释的制度装置,深受国家政治制度、法律传统和思想文化的影响。释宪权由哪一机关掌握、释宪者人选以及释宪权行使的范围、程序,都在一定程度上受到国家政治制度的影响。但政治制度对释宪机制的影响最终通过法的方式予以表现和固定,释宪机制作为法律制度的组成部分,根植于国家的法律传统中。同时,释宪机制深深地镶嵌在一定的文化之中,无法摆脱国家文化传统的侵扰,有其深刻的思想文化渊源。上述因素在对中国的全国人大常委会释宪机的构建产生正面影响的同时,也对其正常运行产生了负面影响。以提高宪法实施效果为宗旨的释宪机制,需要平衡其政治合法性功能和现实有效性价值,为此,中国释宪机制纠偏的重点是补强有效性价值。",释宪机制;政治制度;法律传统,D911,35,,法学三大刊论文/中国法学/释宪机制的影响因子及其中国构造.pdf
897,释法抑或造法：由刑法历次修正引发的思考,杨柳[1],中南财经政法大学刑事司法学院,2015,5,288,303,刑法历次修正表明，我国刑法正从“厉而不严”走向“严而不厉”。然而，刑法修正所追求的目标应是法网严密，即“疏而不漏”。作为严密刑事法网的不同进路，释法并不绝对排斥造法，但在位阶上应当优先于造法使用。频繁犯罪化的刑事造法本质上是刑法工具思维和刑法功能泛化的体现，对之应保持警惕并予以限制。在社会主义法律体系基本建成的背景下，“立法中心主义”应向“释法中心主义”转变。,刑法修正;释法;造法;严而不厉;疏而不漏,D924.3,39,,法学三大刊论文/中国法学/释法抑或造法：由刑法历次修正引发的思考.pdf
898,重复诉讼规制研究：兼论“一事不再理”,张卫平[1],清华大学法学院,2015,2,43,65,"如何应对重复诉讼是我国民事诉讼实践中经常遭遇的问题。从避免法院就同一诉讼标的的案件进行重复审理,防止可能作出相互矛盾的裁判,以及有效利用司法资源,实现诉讼经济等因素考量,原则上应当禁止重复诉讼。但对于如何界定重复诉讼,判断的标准以及相应的应对措施等问题理论界尚未有深入的探讨。应结合我国的情形和国外的相关理论研究,分析和阐述我国民事诉讼禁止重复诉讼原则及其适用的基本法理。",重复诉讼;一事不再理;既判力;诉讼标的,D631.5,75,,法学三大刊论文/中国法学/重复诉讼规制研究：兼论“一事不再理”.pdf
899,重大行政决策概念证伪及其补正,熊樟林[1],东南大学法学院,2015,3,284,303,行政法学现有的概念群无法给重大行政决策提供容身之所，它要么只能被作为程序性行为加以解释，要么便只能被作为行政立法或具体行政行为的替代品加以解释。无论是在概念内涵上，还是在外延上，重大行政决策都没有独立意义可言。为此，我国行政法学界曾试图通过“实用主义”和“行政过程论”的方法加以补正，但效果并不理想。现阶段，较为可行的替代方案拟有两种：其一，是将重大行政决策的法治化问题，置于每一类行政行为的法治化进程中一并完成，彻底改变试图对它做整齐划一的程序规范之类的做法，只将其作为一种政策性宣传或程序性理念，贯彻到各部门行政法之中，逐一规范，而不再在地方性行政程序规定中为其单设篇章；其二，是类似于我国某些地方一样，采用诸如目录制度之类的权宜之计，强制性地将其概念缺陷予以固化，从而解决其变动不居的天然缺陷。,重大行政决策;行政程序;行政决策,D63,48,,法学三大刊论文/中国法学/重大行政决策概念证伪及其补正.pdf
900,重新发现“同案”:构建案件相似性的判断标准,孙海波[1],中国政法大学比较法学研究院,2020,6,262,281,"两个案件既可以在很多方面相似,又可能在很多方面不同,相似的属性可以将类似案件聚合为一个集群,类案或同案的概念由此形成。除了人们所熟悉的类比推理之外,即便演绎三段论的适用也暗含着事实属性相似的判断过程。然而,如何从理论上构建案件相似性的判断标准一直是个未决的难题。类案判断整体上是二阶构造的程式,一阶聚焦于案件事实的论证,其具体可以展开为三个层次,基于层层梳理事实将案件之间的相关相同点和相关不同点呈现出来。二阶着眼于实质性的价值权衡,通过诉诸规范目的、法律原则乃至政策等实质性理由,来综合判断相关相同点是否比不同点更具压倒性的优势,从而证成或否证同案。此外,相似性判断应尽力避免主观恣意,而成为一种具有相对客观性的理性决断,在实践运行中须遵循相应的价值论证规则。",“同案”;相似性判断标准;关键性事实;规范目的;实质权衡,G63,0,,法学三大刊论文/中国法学/重新发现“同案”_构建案件相似性的判断标准.pdf
901,重构“禁止抽逃出资”规则的公司法理基础,刘燕,,2015,4,181,205,公司法资本制度改革引发了对现行抽逃出资规则的普遍质疑，也进一步强化了以“侵占公司财产”取代“抽逃出资”概念并追究抽逃出资股东侵权责任的改革动议。然而，从公司财务结构看，股东抽逃出资包括侵占公司财产与增加公司负债两条路径；诉诸于侵权法更忽略了禁止股东抽逃出资是公司法最古老的理念以及资本维持原则的核心要义。由于我国《公司法》缺乏股东一公司间资本性交易的规则框架，导致最高法院抽逃出资司法解释的不周延；它与《公司法》下分配规则的疏漏交织在一起，共同造就了实践中抽逃出资问题的困境。摆脱困境不在于抛弃抽逃出资概念或诉诸侵权法，而应重构抽逃出资规则的公司法基础。,抽逃出资;资本维持原则;公司法资本制度改革;侵权责任,D922.29,54,,法学三大刊论文/中国法学/重构“禁止抽逃出资”规则的公司法理基础.pdf
902,金融诈骗罪特别从宽于诈骗罪的再认识,徐光华[1],,2024,1,85,104,金融诈骗罪中的“骗”具有一定特殊性，部分被害人并非完全处于“被骗”的角色，行为人的身份对被害人公开决定了“骗”的程度也相对有限，行为人与被害人的“金融合作”关系决定了刑法不宜过度介入金融诈骗行为。金融风险一定程度上是刑法所容许的风险，不同场域的财产对风险的容忍程度存在差异，防范风险、解决纠纷的举措也不同，刑法对风险的介入也应存在差异。对于金融诈骗罪，历次刑法修正及司法解释的整体方向是逐步从宽于诈骗罪进行处罚，司法实务上亦坚持特别法优先并对金融诈骗行为进一步限缩入罪。基于重法优先而将金融诈骗行为以诈骗罪论处，过度注重安全而忽视了金融市场更需要的效益价值，背离了行为的金融属性特征，制约了金融在助力经济社会发展中的作用。,金融诈骗罪;诈骗罪;金融属性;法条竞合;特别法优先,D924.33,,,法学三大刊论文/中国法学/金融诈骗罪特别从宽于诈骗罪的再认识.pdf
903,错案责任追究与豁免,"朱孝清[1,2]",全国政协 全国政协社会和法制委员会,2016,2,25,47,"从单纯凭错案追究责任到符合主客观相统一条件时才追究错案责任,体现了人类对司法规律认识的深化和司法的文明进步。错案责任追究与豁免相辅相成,分别体现对司法权的控制与保障。对故意或重大过失所造成的错案进行责任追究,体现了主观过错、客观行为、危害结果三者的有机统一,有利于增强司法人员责任心、提高办案质量和司法公信力,有利于彰显社会公平正义、贯彻权责一致原则,也符合我国国情。对无故意或重大过失的错案予以责任豁免,是体现司法职业特殊性、遵循司法规律的需要,是实现权力与责任相一致、权力控制与权力保障相统一的需要,也是贯彻现代刑罚理念的需要。",错案;责任追究;责任豁免,D926.34,37,,法学三大刊论文/中国法学/错案责任追究与豁免.pdf
904,集体经营性建设用地“同等入市”的法制革新,温世扬,,2015,4,66,83,集体经营性建设用地流转所面临的法律困境主要表现在：集体经营性建设用地“使用权”未获正名；集体经营性建设用地使用权流转未得到一般性承认；“小产权房”屡禁不绝，行政、司法无能为力。集体经营性建设用地流转的制度障碍，源于《宪法》第10条“城市土地属于国家所有”之规定及其体系效应。为了实现集体经营性建设用地“同等入市”的改革目标，应在总结地方改革试点经验的基础上实行法制革新，包括：明确“集体建设用地使用权”的用益物权地位；排除集体经营性建设用地（使用权）流转的宪法和法律障碍；构建集体经营性建设用地使用权流转的规则体系；完善集体经营性建设用地使用权流转的配套制度。,集体经营性建设用地;建设用地使用权;用益物权;集体经营性建设用地流转,F321.1,61,,法学三大刊论文/中国法学/集体经营性建设用地“同等入市”的法制革新.pdf
905,非典型与典型案件：术语、成因及其关系,周赟[1],厦门大学法学院,2015,5,267,287,“非典型案件”是当前法治实践以及法学研究中的热点话题，它通常指的是那些适用法律存在争议的案件。从逻辑上讲，单纯的事实认定存疑由于在法律上的处置实际上是清楚、确定的，因而并不必然导生非典型案件。导致非典型案件产生的间接原因涉及法律、事实及法律一事实关系等多个方面，但直接原因仅在于当事人及其法律职业服务者的选择；并且也正因如此，非典型案件与典型案件无法截然二分，相反，它们几乎总是可以相互转换，这意味着当前许多专门针对非典型案件的制度安排或实践活动存在着根本的缺陷，因而必须予以废止或重构。,疑难案件;非典型案件;事实与规范,D997.4,57,,法学三大刊论文/中国法学/非典型与典型案件：术语、成因及其关系.pdf
906,非法持有枪支罪的司法认定,王钢,清华大学法学院,2017,4,69,87,"法秩序统一性原则意味着法秩序应当向公民设置明确的、不自相矛盾的行为规范,但不要求法律术语的统一性,也不妨碍刑法在不同于行政法律规范意义上界定枪支概念。基于法益保护的目的与抽象危险犯的学理,只能将具有显著杀伤力和高度危险性的枪形物认定为非法持有枪支罪意义上的枪支。因此,赵春华的行为不符合非法持有枪支罪的客观构成要件,也难以认定其具有犯罪故意。即便从公安部现行的枪支认定标准出发,也应当肯定赵春华陷入了无法避免的违法性认识错误,不构成犯罪。",赵春华案;非法持有枪支罪;犯罪故意;违法性认识,D924.32,48,,法学三大刊论文/中国法学/非法持有枪支罪的司法认定.pdf
907,预防性刑法观及其教义学思考,高铭暄[1];孙道萃[2],中国人民大学法学院,2018,1,166,189,社会历史形态的变迁决定刑法制度的进化命运，全球风险社会与网络社会的交替交织孕育了当代刑法积极预防风险的时代任务。因应当代社会风险的预防性刑法理念呼之欲出，以犯罪化、危险犯配置、安全价值优位、刑罚积极预防等为特征的预防性立法是集中具象。预防性立法在犯罪与刑罚范畴均有体现，并酝酿系统性的刑法知识体系裂变，也倒逼刑法教义思考的深入。应正视刑法工具属性的客观性与刑法功能主义的发展性，以比例原则控制极端工具化的异变。应体认社会变迁引发犯罪形态结构变化的基本规律，联动犯罪学与规范刑法学，以刑事政策的理性化推动刑法参与社会治理的科学性。应重新认识刑法谦抑精神，倡导刑罚有效的必要制裁功能观，松绑刑法保障法和释放刑罚有效性的预防潜质。,风险社会;预防性刑法观;预防性立法;工具法制;谦抑精神,D924,0,,法学三大刊论文/中国法学/预防性刑法观及其教义学思考.pdf
908,香港新宪制秩序的法理基础：分权还是授权,程洁,清华大学法学院,2017,4,88,103,"在各种有关香港新宪制基础的认识中,分权论和授权论最具有代表性。分权论以地方自治理论和《中英联合声明》为基础,将中央和特别行政区的关系解释为对抗性的、彼此制约的关系。分权论的规范基础和理论原型脱离了基本法的预设,更多源于论者的主观想象,存在对基本法和特别行政区制度的误读。授权论以＂一国两制＂原则和基本法为基础,将中央和特别行政区关系理解为授权关系、委托-代理关系。授权论的提出不是为了压制特别行政区的高度自治,而是为了说明特别行政区制度的来源和基本属性。授权论对基本法和特别行政区制度的理解符合中国宪法和国家治理的一贯逻辑。香港作为中国的一级地方行政单位,其宪制秩序应为中国宪制秩序的组成部分。香港回归之后,新宪制秩序的基础只能是中国宪法和法律。",香港基本法;分权论;授权论;规范基础,D917,32,,法学三大刊论文/中国法学/香港新宪制秩序的法理基础：分权还是授权.pdf
909,高校校规的法律属性研究,朱芒,上海交通大学法学院,2018,4,140,159,"高校行政诉讼在通过法规范授权条款将高校的行为纳入了行政行为范围的同时,对相应校规也作了定位,形成了＂介入性校规＂和＂自主性校规＂两个类型。＂田永案＂等判决将两者并列相处,构筑了＂二元规范结构论＂司法审查判断方式。而以＂武华玉案＂为代表的判决,将后者作为裁量范围置于前者之内,建立起＂一元规范结构论＂司法审查判断方式。指导性案例则并存了这两种方式。判例的走向表现为由个案导致相关高校制度整体国家行政权化并提供了法律理由,司法审查也因此自我限缩了范围。这样的结果无疑与高校改革方向相向而行。对此,需要在诉讼程序规范之内重新构建法解释的出发点,寻找走出困境的制度性路径。",高校校规;高校诉讼;规范性文件;行政规定,D922.16,0,,法学三大刊论文/中国法学/高校校规的法律属性研究.pdf
910,高校校规：司法适用的正当性与适用原则,徐靖,中南大学法学院,2017,5,91,110,高校校规是高等学校公共权力行使的重要依据，是现代大学治理的介质文本，在法律地位上可类同于“规章以下的规范性文件”；“校规亦法”，法律性与“准”法律性是校规可被司法适用的规范内核。校规的司法适用以附带性审查为前提，司法审判机关有权选择适用合法的高校校规作为相应教育行政诉讼案件审理之“参考”。在校规司法适用过程中，国家司法监督权对校内自主管理权应保持必要尊让；惟其如此，方能实现校内管理秩序的良性和谐。,高校校规 司法适用 附带性审查 大学自治,D921,0,,法学三大刊论文/中国法学/高校校规：司法适用的正当性与适用原则.pdf
911,高等学校“非升即走”聘用合同法律性质及其制度法治逻辑,徐靖[1],中南大学法学院,2020,5,44,63,"""非升即走""聘用合同作为高等学校与教师签订的以特定教学科研任务与职称晋升期限为内容的契约,在法律性质上属于新型社会行政劳动合同。此种合同系高等学校以""社会公法人""身份,在自主管理权范围内为实现公益目的、提供高等教育""准公共产品""而订立;教师在合同履行过程中以""劳动者""身份享有并践行《劳动法》《劳动合同法》规定的权利义务。近年来,因""非升即走""聘用合同及其制度的合法性与合理性瑕疵所产生的纠纷不断见诸报端甚至诉诸公堂,亟待国家建立健全与高等学校及其教师法律地位相匹配的特殊人事聘用与劳动合同制度,在""非升即走""校内规则制定、修订中贯穿公众参与和信赖利益保护,将信息公开、平等协商、解聘听证适用于""非升即走""聘用合同的订立、履行与解除,并对相关法律纠纷采取有限司法审查。",“非升即走”;高等学校教师聘用;社会行政;自主办学,D92,0,,法学三大刊论文/中国法学/高等学校“非升即走”聘用合同法律性质及其制度法治逻辑.pdf
