id,title,author,first_author_org,year,issue,page_start,page_end,abstract,keywords,clc_code,cite_count,doi,pdf_path
1104,2016年后反倾销领域中国（非）市场经济地位问题,左海聪;林思思,南开大学法学院,2017,1,157,174,2016年12月11日前后，各方关于期限届满后中国非市场经济地位的争议非常激烈。通过对《中国入世议定书》第15条进行分析，本文认为期限届满后，WTO成员已无法从《中国入世议定书》获得使用替代方法的合法性依据，若WTO成员继续在反倾销调查中，坚持对进口自中国的产品采用替代方法确定正常价值，将构成对WTO规则的违反。中国非市场经济地位与替代方法是两个既相互区别又有联系的问题，所谓“中国非市场经济地位的最后期限”的核心并不是非市场经济地位而是替代方法的终止使用。WTO成员国内法对中国非市场经济地位的规定，仅在有限的时间内有条件地影响替代方法的使用。随着时间期限的届满，除非满足GATT第6条第1款注释2的规定，至少在WTO反倾销领域，替代方法将终止使用。这意味着在2016年12月11日后，在反倾销调查中，在出口产品正常价值的确定方面，中国应享有同其他缔约国一致的WTO待遇。,反倾销;《中国入世议定书》第15条;非市场经济地位;替代方法,F752.4,0,,法学三大刊论文/法学研究/2016年后反倾销领域中国（非）市场经济地位问题.pdf
1105,WTO《多方临时上诉仲裁安排》:基于仲裁的上诉替代,石静霞[1],中国人民大学法学院,2020,6,167,185,"中国、欧盟等WTO成员近期达成的《多方临时上诉仲裁安排》(MPIA),是自2019年12月11日WTO上诉机构被迫停止运作以来,部分成员为应对WTO争端解决危机所取得的最重要进展。MPIA基于DSU第25条设计,其实质在于依托仲裁,替代上诉,并具有临时性和开放性的特点,是在上诉机构停摆期间继续维护两审终审并确保裁决约束力的惟一务实及合法选择。上诉仲裁在程序启动和裁决生效两方面体现仲裁要素,从而使其有别于WTO上诉审议;但在仲裁员遴选及组庭、审理程序、法律适用及裁决执行监督等方面,则基本复制了上诉审议程序,显示了其替代上诉的实质,回应解决了参加成员在特殊时期的上诉需求。在制度创新方面,MPIA融入若干提高程序效率的规定,试图在危机背景下回应WTO上诉机制的改革需要。我国在MPIA的谈判和达成过程中发挥了关键作用,须在继续坚持多边贸易体制、寻求长久解决上诉机构危机方法的同时,尝试通过该机制解决涉我WTO案件的上诉问题。",上诉仲裁;《多方临时上诉仲裁安排》;DSU第25条;WTO争端解决,D92,0,,法学三大刊论文/法学研究/WTO《多方临时上诉仲裁安排》_基于仲裁的上诉替代.pdf
1106,"""债权物权化""之范畴厘定",袁野[1],,2022,4,73,92,"""债权物权化""由来已久,但其内在机理却鲜有深究.""债权物权化""现象域呈现出随意、散漫的泛化之势,此种""合并异类项""的发展趋势极易消解债物二分体系和债权物权区分理论.基于对德国学说的继受和发展,""债权物权化""系指债权具有部分物权特征.""债权物权化""与""债权物化""存在根本差异,后者对应债权的财产权客体面相,此时""物化""的债权具有全部物权特征.以继受保护不构成债权物权区分的特征为限,尤应注意""债权物权化""与""债之随物化""之间的区辨.在重构物权特征的基础上,""债权物权化""仅涉及相对性面相下的合同债权被赋予对标的物权的处分保护.""物权化""构成法政策介入私法的媒介,受比例原则制约,在方法上宜谨慎运用.",债权物权化;债物二分;债权物化;债之随物化;处分保护,D,,,法学三大刊论文/法学研究/“债权物权化“之范畴厘定.pdf
1107,“八议”源流与腹边文化互动,苏亦工[1],清华大学法学院,2019,1,171,192,"“八议”律条自曹魏入律以后,经晋唐以迄明清,成为中国固有法律的鲜明特征之一;但近世西学东渐以来,亦曾饱受訾议。“八议”语源出自《周礼》“八辟”,或许在某种抽象意义上反映了两周时代的礼制精神。申言之,“八辟”可能是出自君臣之礼,或君臣之礼的某一环节,以示君主对臣下的体恤和优抚。从两周时代的国体、政体和君臣关系考察,这种君臣之礼的存在也是可能的。本文进而比较了中原王朝与边疆诸族政权在君臣关系和政治伦理等领域的差异,指出前者是尊卑关系,后者是主奴关系,伦理亦然。源于八辟的八议律条是中原政权的独特创造,有赖于农耕文化的支撑;在以游牧、渔猎文化为主导的边疆政权入主之时,便难免会发生种种变异。",八辟;《周礼》;君臣伦理;农耕文化;游牧渔猎文化,D691,0,,法学三大刊论文/法学研究/“八议”源流与腹边文化互动.pdf
1108,“六事”视野中的清代则例,陈煜[1],中国政法大学法律史学研究院,2024,4,186,204,"清代则例和《大清律例》一起, 构成了清代法制体系的主要方面。作为法律制度, 则例构成了各部院实行“治”“教”“礼”“政”“刑”“事”等“六事”的依据。且较之于律例, 则例的“官僚法”性质更加突出, 充分显示了“官法同构”的特色。这从其编纂体例上注重“设官分职”、思想精神上强调“严以治吏”、核心价值上注重“一准乎礼”这三个方面可以得到充分证明。作为“官法”, 则例使得官僚系统在对“六事”的处理上趋于规范, 但也开其因循守旧之渐。但无论是将则例视为官制官规, 还是将则例作为档案编纂或是“行政备忘录”, 其所揭橥之“六事”精髓, 皆是我们深入理解清代法制乃至传统法制的锁钥。同时, 其对于当代治国理政,不啻为一部活生生的教科书。",六事;清代则例;设官分职;严以治吏;一准乎礼,D,,,法学三大刊论文/法学研究/“六事”视野中的清代则例.pdf
1109,“对赌协议”的裁判路径及政策选择——基于PE/VC与公司对赌场景的分析,刘燕[1],北京大学法学院,2020,2,128,148,"PE/VC与目标公司对赌的司法裁判要点从合同效力转入合同可履行性后,需要面对两个层次的追问:一是以什么样的实体标准来判断履行障碍,二是由谁来判断是否存在履行障碍。华工案和“九民纪要”仅处理了第一个层次的问题,且主要以资本维持原则作为实体判断标准。然而,我国现行公司法资本维持原则过于粗疏,且缺乏“大分配”概念和底线规制的思路,导致“对赌协议”下的回购只能通过减资的途径,徒增成本。域外以清偿能力标准替代资本维持原则,体现了另一种以债权人利益为导向限制公司资产单向流出至股东的规制思路,但其商业逻辑上的合理性却无法掩盖更大的操作成本。就第二层次的判断主体而言,以美国特拉华州为代表,法官的商业判断逐渐让位于公司董事会的商业判断,却进一步凸显了公司、不同类别股东、债权人之间利益冲突的复杂状态。立法层面的价值判断与政策选择将最终决定司法裁判的走向,未来我国公司法的修订需要回应商业实践的诉求,同时PE/VC投资者也需要直面投资失败的风险承担。",“对赌协议”;履行障碍;资本维持原则;清偿能力限制;司法商业判断,D92,0,,法学三大刊论文/法学研究/“对赌协议”的裁判路径及政策选择——基于PEVC与公司对赌场景的分析.pdf
1110,“御史监察”的历史构造与运转实效,明辉[1],北京航空航天大学法学院,2020,4,186,208,"在古代中国,""御史监察""既是政制构造的一个重要部分,反映了政府权力的划分和制衡,又是政制运作的一个关键环节,隐含着帝王对政府权力的控制和利用。御史的创置及其监察职责的设定,恰是这种权力控制理论的重要制度体现。历史上,""政制""包括静态意义上的构造和动态意义上的运作。如果说,从静态的视角看,御史的选任及其职守,构成了一个重要的人的因素;巡察制度的因革、监察区域与层级的划分,构成了一个主要的制度性因素;那么,从动态的视角看,御史的弹劾及其实效、御史监察的独立性及其限度,就构成了一个不可或缺的实践性因素。后者融洽地整合了前两者,促进了御史监察制度的有效运转,进而对于古代政制构造与运作的平衡和政治秩序的维系,发挥了不可或缺的作用。",御史;巡回监察;弹劾实效;监察程序,D26,0,,法学三大刊论文/法学研究/“御史监察”的历史构造与运转实效.pdf
1111,“直诉”源流通说辨正,王捷,华东政法大学法律古籍整理研究所,2015,6,174,190,“直诉”一词系近代以来的法史学研究术语。目前，“直诉”源流之通说认为，“直诉”源于西周的“路鼓”、“肺石”，成型于南北朝的登闻鼓制。通过考辨可知，《周礼》所载“路鼓”与“肺石”、秦汉至南北朝以前的上书、登闻鼓，均非司法意义上的“直诉”，通说关于“直诉”源流的认识不确。此通说形成的原因在于：《周礼》立于官学后，时人多奉《周礼》为理想制度，将“登闻鼓”、“八议”等制比附《周礼》，出现了“法律《周礼》化”，历代注家也层累地将“《周礼》化”的各种制度源头定为西周。但是，考诸传世文献并验之以出土法律文献可见，西周至春秋时期尚无明确的审级制度，自然就没有超越审级的“直诉”存在。当时的诉讼或均可视为单级审理的“直诉”。包山楚司法简的记载说明，在战国以降逐步确立多级审制的情形下，超越审级的“直诉”在当时已经出现。,直诉;审级;周礼;楚简,D925.1,107,,法学三大刊论文/法学研究/“直诉”源流通说辨正.pdf
1112,“祖制”的法律解读,朱勇,中国政法大学法律史学研究院教授,2016,4,190,208,中国古代在国家治理与社会控制方面，以先皇祖训为内容的“祖制”发挥着重要作用。祖制作为有约束力的行为规范，其调整范围涉及国家权力的分配与制衡、朝廷运行机制、重大事件决策、重要职官任免、朝贡外交等。祖制主要通过由皇帝主持的“祖制驳议”机制来实施。在规范形式上，祖制多以诏令、上谕等先例、惯例的方式存在，较多保留春秋以前非法典化、非公开化的法律神秘主义特征。祖制初步具备国家根本法的性质，其与普通律令既有分工，又有衔接，共同构成中国古代完整的法律体系：“祖制一律令”体系。祖制的存在，适应中国古代尊祖孝亲的宗法传统，弥补了因皇位世袭导致国家治理制度的重大不足，同时，也对律令体系的完善产生消极影响。,祖制;祖制一律令体系;祖制驳议,D920.0,64,,法学三大刊论文/法学研究/“祖制”的法律解读.pdf
1113,“谁主张谁举证”规则的历史变迁与现代运用,胡东海,中南财经政法大学法学院,2017,3,107,124,在我国对规范说的理论继受和实践继受的过程中，具有实在法依据的“谁主张谁举证”规则遭受了严厉批评。通过统合古典罗马法的两项证明责任规则，优士丁尼时期的法学家抽象出“谁主张谁举证”规则，该规则基于“诉一抗辩”结构分配证明责任。注释法学家将“谁主张谁举证”规则曲解为消极事实理论，但他们完善该理论的方式表现出回归罗马法传统的倾向。“谁主张谁举证”规则在欧陆法典中获得普遍采纳，但“诉一抗辩”结构在主观权利体系下遭到瓦解。规范说是罗马法传统中的“谁主张谁举证”规则的现代运用，因为它的“基础规范一相对规范”结构为“谁主张谁举证”规则提供了新的解释模式。我国证明责任学说应当重构“谁主张谁举证”规则的理论脉络，梳理它与规范说的内在联系，在解释论上化解二者之间的法律适用冲突。,谁主张谁举证;消极事实理论;规范说;证明责任分配,D925.1,0,,法学三大刊论文/法学研究/“谁主张谁举证”规则的历史变迁与现代运用.pdf
1114,《印中搜闻》与19世纪早期西方人的中国法律观,李秀清,华东政法大学法律学院,2017,4,173,190,《印中搜闻》（1817年5月至1822年4月）是由新教传教士马礼逊和米怜创办于马六甲的一份英文季刊，内容较杂。中国的社会、历史和文化为其主要关注对象。对于中国法律，它集中于刑事法，体现出来的是抨击和否定，具体包括死刑多、执行方法残酷，非法拷问屡禁不绝，地方官失职渎职、司法腐败及奸杀案件不断、道德沦丧等方面。纵向地看，这种抨击和否定，正符合始自19世纪初，西方人评判中国法发生转向，否定中国法的观点渐居主流的趋势，且它在其中起着推波助澜的作用。基督教的优越感和创刊人来华后的处境不如意，是其偏好构建这种中国法形象的两个重要原因。借助于其本身的传播、创办人和主要撰稿人在西方教俗两界的影响及承袭其衣钵的《中国丛报》的流布，《印中搜闻》所体现的负面中国法律观的影响持久而深远。,《印中搜闻》;马礼逊;米怜;19世纪早期;中国法形象,D922.29,0,,法学三大刊论文/法学研究/《印中搜闻》与19世纪早期西方人的中国法律观.pdf
1115,《大清新刑律》编纂过程中的法权之争,陈新宇,清华大学法学院,2017,2,190,208,以《大清新刑律》的编纂为视角，晚清新政中的立法权之争可分为两个阶段，第一阶段是修订法律大臣与法部、大理院关于法律起草权之争，第二阶段是宪政编查馆与资政院关于法律考核权与议决权之争。立法权之争的背后受到法政机构权力之争和礼法之争双重因素的影响。在权力之争中行政权虽然势大并试图控制立法权，但双方在一定程度上仍能够自我克制。论争明确了法政新机构的职能与权限关系，基本维持了晚清预备立宪的秩序，具有积极意义。法政机构的论争可以出现妥协结果的原因，在于更高权威的存在与法政新机构中关键人员的一身多职。,立法权;行政权;《大清新刑律》,D909.2,0,,法学三大刊论文/法学研究/《大清新刑律》编纂过程中的法权之争.pdf
1116,《巴黎协定》下国家自主贡献的双重义务模式,陈贻健[1],,2023,5,206,224,《巴黎协定》下的国家自主贡献总体上并不构成一项缔约方义务。但为推动缔约方规范并实施其国家自主贡献，《巴黎协定》就国家自主贡献的部分事项为缔约方设定了相关义务，除此之外的其他相关义务设定则主要交由缔约方自主决定。上述义务在来源、内容、性质、约束力等方面均呈现出分化特征，由此形成了以国家自主贡献为中心的双重义务模式。该模式有利于化解国际气候合作遭遇的政治僵局，但也在运行中凸显出其内在的规范困境。相应的规范完善包括通过《巴黎协定》缔约方会议的决定对源于条约规范的相关义务进行规则补充，借助国家自主贡献的实践推动缔约方自主决定的相关义务的识别和类型化，以及强化贡献监督机制之促进性功能的有关规则。我国作为《巴黎协定》的重要推动者和积极践行者，应根据国家自主贡献双重义务模式的完善趋势和要求做好法律应对。,《巴黎协定》;国家自主贡献;单方面声明;碳达峰碳中和;碳排放权交易,D,,,法学三大刊论文/法学研究/《巴黎协定》下国家自主贡献的双重义务模式.pdf
1117,《新加坡调解公约》在中国的批准与实施,孙南翔,中国社会科学院国际法研究所,2021,2,156,173,"《新加坡调解公约》旨在建立国际调解协议的直接执行机制,其因应国际商业实践的需求,也体现国际调解执行制度的""统一化""趋势.我国虽已签署该公约,但相关立法及司法实践与其核心要求尚有差距,主要问题包括国际调解协议在我国尚无可执行性、个人调解制度尚未建立以及商事调解的执行理念有待转变.鉴此,我国应积极创造《新加坡调解公约》的批准条件,特别是应明确国际商事调解在我国法律体系中的独立救济功能.在实施《新加坡调解公约》时,我国可充分利用司法审查机制,创设调解员激励与约束规范,完善案外人救济规范,构建一套符合国际先进经验并解决我国核心关切的公约对接机制.",《新加坡调解公约》;国际商事调解;执行;调解员;虚假调解,D,0,,法学三大刊论文/法学研究/《新加坡调解公约》在中国的批准与实施.pdf
1118,《海牙判决公约》谈判与知识产权的国际司法合作,何其生,北京大学法学院,2021,1,139,155,"在《海牙判决公约》的知识产权问题谈判上,中美欧分别采取了限制性合作、不合作和合作的立场,代表着在多边层面的不同利益博弈模式.一方面,公约排除了对于知识产权的适用,美国的不合作立场成为最终的选择;另一方面,美国通过单边施压和""中美第一阶段经贸协议""拉平了中美知识产权的保护标准,实现了中美在知识产权制度水平与知识产权发展水平上的级差效应,有利于美国的经济收益.而欧盟之所以愿意进行国际合作,也旨在于全球范围内实现知识产权制度水平的""水涨船高"",从而在国际上产生类似于美国的级差效应.中国在知识产权制度水平大幅提升而且知识产权发展水平前景可期的情况下,未来在国际司法合作层面应采取合作模式,以提供国际公共产品,维护自身的知识产权利益.","知识产权;《海牙判决公约》;国际司法合作;""中美第一阶段经贸协议""",D,0,,法学三大刊论文/法学研究/《海牙判决公约》谈判与知识产权的国际司法合作.pdf
1119,一人一票原则在我国的适用,屠振宇,南京师范大学法学院,2015,5,39,54,“一人一票”是我国选举法明文规定的一项原则，尽管确立已久，但是实施状况欠佳。为推动这一原则在我国的适用，必须在选区划分中建立起一套明确具体的适用规则：一是要做到“一人”，尽快取消按单位划分选区的做法，实行一律以总人口数作为选区人口基数；二是要做到“一票”，明确“大体相等”的规定所许可的偏差值，最低限度应保证各选区每一代表所代表的人口数不得超过其他选区两倍。这些由“一人一票”原则所确立的适用规则，是防范选区划分中恣意和歧视的有效途径，体现了国家对公民选举权的尊重，理应在我国县乡人大选区划分工作中得到认真对待。,一人一票;选区划分;选举权;选举法,D638,46,,法学三大刊论文/法学研究/一人一票原则在我国的适用.pdf
1120,一致性解释原则在国际贸易行政案件中的适用,彭岳[1],南京大学法学院,2019,1,193,208,"最高人民法院《关于审理国际贸易行政案件若干问题的规定》第9条规定了一致性解释原则,意图通过司法审查的方式促使行政行为符合国际条约特别是WTO协定的相关规定。出于国际主义政策考量,该原则要求国内法院承担职责,积极整合国内法与国际法体系。司法实践表明,在条约适用、解释和履行制度尚不成熟的国内法语境下,中国法院通常回避适用一致性解释原则。即使在适用该原则的案件中,相关判决也因缺乏方法论意识而难有启示意义。究其原因,第9条项下的一致性解释原则片面强调国际主义理据,忽视了国内法体系中解释权限的分配现状。为切实发挥该原则的体系整合功能,实现国内法与国际法体系的良性互动,应将一致性解释原则嵌入司法遵从原则之中。",国际贸易行政案件;一致性解释原则;司法遵从原则;解释权限,D923.6,0,,法学三大刊论文/法学研究/一致性解释原则在国际贸易行政案件中的适用.pdf
1121,一致解释原则的功能及适用要件,彭岳[1],,2023,2,207,224,"作为成文法解释方法之一, 国内法与国际法一致解释原则有助于促进国际条约在国内的实施。在对外开放的语境下, 我国最高人民法院分别针对国际贸易行政案件和涉外商事案件引入了一致解释原则, 以在国内法层面履行国际条约义务。两类案件所涉一致解释原则的适用要件基本相同, 但在规章能否阻却一致解释原则适用方面存在区别, 从而对国际条约的国内适用产生重大影响。国际贸易行政案件参照适用规章有其合理性, 但因法院过度关注WTO协定是否具有直接适用效力, 疏于分析规章的合法有效性, 致使一致解释原则与司法遵从原则之间的关系处于被遮蔽的状态。涉外商事案件中涉及的规章通常仅是裁判说理的依据, 只有在规章内容涉及特定类型公序良俗时, 才能有限地阻却一致解释原则的适用。基于统筹推进国内法治和涉外法治之理念, 一致解释原则的适用应严格限制在涉外法律关系之中, 并与条约的直接适用制度一道, 构成具有中国特色的条约国内实施法律体系。",一致解释原则;司法遵从原则;条约适用;涉外法治,D,,,法学三大刊论文/法学研究/一致解释原则的功能及适用要件.pdf
1122,上市公司实际控制人法律责任的反思与构建,郑彧,华东政法大学,2021,2,95,106,"目前证券监管采取的""追首恶""方式错误地援用了控股股东信义义务理论,过于强调实际控制人的可追责性,反而在公司治理结构上模糊了实际控制人与上市公司之间应有的责任边界.应在厘清股东信义义务的公司法边界的基础上转换证券法上实际控制人法律责任的理论基础,构建以董事责任为主的追责体系.当实际控制人以控制公司的方式损害公司利益时,其承担的是事实董事的角色,非控股股东可以通过股东派生诉讼追究实际控制人违反董事信义义务的责任.如果此类控制导致了证券法上的违法后果,则实际控制人应作为法定的违法行为人之一承担直接责任.在此区分下,可以借鉴美国法上以反欺诈条款为请求权基础的派生诉讼制度来保障非控股股东的诉权选择.在实际控制人法律责任问题上,应实现公司治理结构的理念矫正与证券违法行为追责的逻辑转换.",实际控制人;法人人格;信义义务;事实董事;股东派生诉讼,D,0,,法学三大刊论文/法学研究/上市公司实际控制人法律责任的反思与构建.pdf
1124,不动产定期承租人的预期违约责任——兼评“合同编通则解释”第61条,庄加园[1],上海交通大学凯原法学院,2025,3,90,110,若不动产定期租赁合同的承租人拒绝支付未到期租金，承租人无权任意终止合同，出租人仍可主张剩余租金请求权。此时，若承租人向第三人转租承租不动产，出租人无正当理由不得拒绝。出租人面对承租人预期违约时，享有主张继续履行或终止合同并主张损害赔偿的选择权。当出租人选择前者时，其负有在合理限度内重新出租的减损义务，并可向承租人请求支付约定租金与转租所得的差额。但该租金请求权仍受约定履行期限的限制，原则上不得提前主张。若出租人选择预期违约的损害赔偿，应以剩余租金为基准计算可得利益，根据具体的计算方式或抽象的计算方式确定其损害数额，并考虑出租人替代租赁的减损可能性。当履行期限与庭审结束时间或判决时间相距甚远时，法院为避免未来租金的预测数额与实际数额存在较大差距，可保留当事人后续诉讼的可能性。,继续性合同;定期租赁;合同僵局;预期违约;减损义务,D923.6,,,法学三大刊论文/法学研究/不动产定期承租人的预期违约责任——兼评“合同编通则解释”第61条.pdf
1125,不真正不作为犯的边界,姚诗[1],湖南大学法学院,2018,4,103,120,"不真正不作为犯在我国的适用虽有不当,但不宜被整体评价为“滥用”。要划定不真正不作为犯的边界,应合理分析其适用的发展方向,从罪名和保证人地位两个维度来探究具体标准。德日两国不真正不作为犯的适用规模迥异,其原因是两国的立法导向和实践倾向不同。以此对比考察我国不真正不作为犯的适用,在罪名上应有所限制,在保证人地位的认定上则应持相对宽松的态度。基于不真正不作为犯与真正不作为犯在适用领域上的“互补”,应将其限制在真正不作为犯所适用罪名的反面,即与个人法益相关的犯罪上。在保证人理论的选择上,结果原因支配说更为合理。先行行为与其他作为义务类型不同,应以刑事政策作为其理论根据,将先行行为排在作为义务体系的最末端,在司法实践中对其做区别对待。",不真正不作为犯;保证人;真正不作为犯;结果原因支配说,D914,0,,法学三大刊论文/法学研究/不真正不作为犯的边界.pdf
1126,专家参与刑事司法的多元功能及其体系化,"陈如超[1,2,3]",西南政法大学刑事侦查学院,2020,2,89,107,"从1979年刑事诉讼法颁布至今,专家参与我国刑事司法的制度功能变得开放而多元。专家制度功能的多元化,根源于刑事司法的三重逻辑:弥合法律人与专家之间知识鸿沟的“认知逻辑”;落实公检法机关“分工负责,互相配合,互相制约”原则的“权力逻辑”;保障当事人合法权益与实现控辩平等的“权利逻辑”。从结构主义与整体主义的视角看,当前,刑事专家制度存在明显的体系化缺陷,主要表现为专家制度过度权力化、专家制度功能尚未结构化、专家制度不够规范化。改进刑事专家制度,应当采取体系化路径:首先,将多元专家参与模式调整为鉴定人与专家辅助人二元专家模式;其次,彰显专家制度的“权利逻辑”,矫正过度权力化倾向;最后,构建系统化的专家制度,为专家服务刑事司法创造制度条件。",刑事司法;专家制度;有专门知识的人;鉴定人;专家辅助人,D92,0,,法学三大刊论文/法学研究/专家参与刑事司法的多元功能及其体系化.pdf
1127,业务侵占:贪污罪的解释方向,王彦强[1],南京师范大学法学院,2018,5,136,152,"立法与司法解释对贪污罪入罪标准的修正,导致贪污罪与盗窃、诈骗等侵犯财产罪之间产生严重的罪刑失衡。为解决这一问题,学者们提出了不同的解决方案。竞合论方案,包括想象竞合说和特别关系法条竞合从一重处断说,虽然简单易行,但这一方案或者因为理由不充分,或者因为混淆了功能、性质迥异的罪量、罪质因素,破坏了行为类型(定型)的统一性,甚至引发同一行为类型内部产生罪刑失衡,而难以采行。因此只能尝试互斥论方案,即坚持贪污罪应为单一侵占行为类型,将盗窃、诈骗等行为方式排除在贪污罪之外,从而从一开始就否定贪污罪与盗窃罪、诈骗罪的竞合关系。无论从罪刑均衡的角度看,还是从体系解释、法条文理、语义解释、目的解释的角度看,互斥论方案都是能够成立的。",贪污罪;职务侵占罪;竞合论;业务侵占,D924.392,0,,法学三大刊论文/法学研究/业务侵占_贪污罪的解释方向.pdf
1128,个人信息保护:从个人控制到社会控制,"高富平[1,2]",华东政法大学\华东政法大学数据法律研究中心,2018,3,84,101,"欧洲基于对人的尊严的保护,美国基于对个人自由的保护,形成了个人信息的个人控制论,以实现个人自治,保护人的基本权利。但个人信息保护权并不是一项全面的、绝对的支配权。个人信息不仅关涉个人利益,而且关涉他人和整个社会利益,个人信息具有公共性和社会性。传统的个人信息个人控制理论是建立在个人主义观念下,忽视了个人信息的社会性、公共性,不仅不能全面反映个人信息的法律属性,而且不能适应大数据时代个人信息利用的新环境和新方式。这预示着个人信息保护应从个人控制走向社会控制。我国应当从个人信息的法律属性出发,以社会控制论指导个人信息保护立法,建立平衡个人利益和社会整体利益的、适应大数据时代的个人信息保护制度。",个人信息;个人信息保护;隐私保护;个人信息社会控制,D923,0,,法学三大刊论文/法学研究/个人信息保护_从个人控制到社会控制.pdf
1129,个人信息保护合规的体系构建,敬力嘉[1],,2022,4,152,167,"作为企业管理工具,个人信息保护合规也存在被滥用的体系性风险.在分配个人信息处理风险时,应遵循比例原则的要求,合理限制公民个人、企业与国家公权力机关的个人信息处理自由,并以此作为个人信息保护合规的法理依据.企业在设计个人信息保护合规计划时,应遵循目的正当原则、区分原则、均衡原则与信赖原则.对企业进行个人信息保护合规审计时,应贯彻三阶审查法,即递进式审查合规计划的一般特征、具体要素及其功能、企业成员的具体行为.企业个人信息保护合规体系的底线,由侵犯公民个人信息罪划定.以企业的个人信息处理是否合规,以及企业领导人、合规负责人是否履行监管义务作为侵犯公民个人信息罪行为不法的评价标准,可有效保障本罪作为个人信息保护合规体系之底线的功能实现.",个人信息保护;企业合规;合规审计;侵犯公民个人信息罪,D,,,法学三大刊论文/法学研究/个人信息保护合规的体系构建.pdf
1130,个人信息国家保护义务理论的反思与重塑,李海平[1],,2023,1,74,90,当前的个人信息国家保护义务理论，主张将个人信息纳入基本权利保护范围，并以个人信息国家保护义务为基础建立个人信息保护法律体系。然而，在概念表达上，该理论以“客观法”表征个人信息基本权的属性，错置了客观法与主观权利之间的关系；用“间接效力”指称个人信息基本权对作为私主体的信息处理者的效力，混淆了“效力”和“效果”的语义。在宪法解释方法论层面，该理论在宏观上具有的法哲学化解释倾向、在微观上对概括性人权条款的悬置处理，使其在宪法教义学上欠缺说服力。面对立法实践，该理论无力解释作为私主体的信息处理者何以承担公法义务。确立个人信息保护权利基础的二元结构，明确个人信息基本权积极面向的主观权利属性，适度延伸个人信息基本权的效力范围，并对国家保护义务内容作相应调整，是重塑个人信息国家保护义务理论的有效途径。,个人信息保护;个人信息权;国家保护义务;间接效力;部门宪法,D,,,法学三大刊论文/法学研究/个人信息国家保护义务理论的反思与重塑.pdf
1131,个人信息大数据与刑事正当程序的冲突及其调和,裴炜[1],北京航空航天大学法学院,2018,2,42,61,信息革命引发现代国家治理发生相应变革，这集中体现在国家权力与公民权利的互动上。在此背景下，个人信息保护不仅针对信息本身，还应防止因个人信息被滥用而侵害公民的合法权益。具体到刑事司法领域，以个人信息为基础的大数据在介入犯罪治理活动后，其具有的过程性和算法依赖性、以行为模式为前提假设的预测性、基于数据挖掘的新认知范式和数据碎片性等特性，引发犯罪治理思路和模式的相应转变，这尤其表现在两个方面：一是服务于刑事诉讼的数据收集、存留及共享义务的扩张，二是风险防控思维下犯罪治理活动启动时点的前移。个人信息大数据在助力犯罪风险评估从而优化刑事司法资源配置的同时，亦与刑事正当程序发生冲突，其中又以无罪推定原则、控辩平等原则和权力专属原则为甚。鉴于社会信息化的总体趋势，要调和这些冲突，需要以信息革命引发的“权力—权利”二元互动关系变革为出发点，寻求犯罪控制与保障人权两项刑事司法基本价值之间的新平衡点，并对具体的程序规则进行修正,个人信息；大数据；犯罪治理；正当程序；比例原则,D922.16,0,,法学三大刊论文/法学研究/个人信息大数据与刑事正当程序的冲突及其调和.pdf
1132,个人信息权的分析与建构,萧鑫[1],,2023,6,73,93,就个人信息上是否有抽象个人信息权的问题，存在分析路径和观点的争论。采取民法传统的权利分析路径，立足解释论自下而上地分析可以发现，我国民法典、个人信息保护法针对个人信息的内容层，实际规定了三类具体权利：决定他人是否有处理权限的利用性权利、他人没有处理权限时的防御性权利和他人有合法权限时的权利。其中，前两项具体权利向上统辖于个人信息保护法第44条规定的个人信息决定权，个人信息决定权就是在利益归属描述上采取排他策略、具有相当追及效力的非典型支配权。个人信息权利体系包括指向个人信息初次分配秩序的个人信息决定权和指向个人信息交换处理秩序的知情权、携带权。,个人信息权;支配权;权利束;个人信息决定权;个人信息权利体系,D,,,法学三大刊论文/法学研究/个人信息权的分析与建构.pdf
1133,个人信息的侵权法保护,叶名怡[1],上海财经大学,2018,4,83,102,"一切个人信息均属侵权法的保护范围,对非敏感个人信息提供侵权法保护不会阻碍信息流通。侵权法对个人信息提供两种保护路径,即侵权责任法第36条的网络信息侵权条款及其司法解释,以及同法第6条过错侵权条款配合民法总则第111条。个人信息侵权各项构成要件应适当缓和,如承认若干新型损害、建立三元归责原则体系、复数控制人场合设立因果关系推定等。在个人信息侵权救济方面,重视更正、停止处理、删除、数字加密等预防性责任方式的运用。关于金钱赔偿,应在(过失)帮助侵权、不确定因果关系等场合下新增连带责任规定,并将安保义务及其被违反所导致的补充责任予以扩张,以适用于作为虚拟场所管理人的数据存储者。在泛实名制的背景下,我国应选择更接近于欧洲的信息保护模式而非美国模式。",个人信息;侵权法;构成要件;预防性责任;责任形态,D923.8,0,,法学三大刊论文/法学研究/个人信息的侵权法保护.pdf
1134,个人信息私法保护的困境与出路,"丁晓东[1,2]",中国人民大学法学院,2018,6,194,206,"关于个人信息法律保护的研究,当前的主流观点采个体主义的立场,将个人信息视为私权的客体,以域外经验为证,认为私法可以有效保护公民的相关隐私权益。实际上,域外的相关法律并未承认个人信息权有对抗不特定第三人的效力;在现代信息社会中,以私法保护公民的隐私权益也常遇到困难。对隐私权益必须进行场景化的理解,个人信息流通具有公共性价值。法律保护个人信息的目的在于防范相关风险,促进个人信息在具体场景中的合理流通。宜通过“消费者法化”,重新激发个人信息私法保护的活力;同时,采取公法框架进行风险规制,保护个人信息。",隐私权益;个人信息;私法保护;消费者保护;风险规制,D923.8,0,,法学三大刊论文/法学研究/个人信息私法保护的困境与出路.pdf
1135,个人所得税法上年龄非中性的实现——以老年人生存权益的保障为核心,汤洁茵[1],,2023,2,83,99,"个人所得税的属人性要求税收负担能力的评估应当考虑个人因素和具体情况。退休金免税制是延续分类课征思维的不真正的年龄非中性的实现机制, 其与年龄中性的生计费用扣除制的并行适用, 加上均等化的赡养费用扣除, 造成了老年人“反向补贴”的不公平结果。在混合课征模式下, 应取消退休金的免税待遇, 将退休金与老年人获取的其他类型的所得汇总后计算收入总额, 以养老费用扣除的方式, 将老年人生存性消费所需的财产价值排除于征税范围之外。可扣除的养老费用包括采用标准定额扣除方式的养老基本费用以及采用实额扣除方式的医疗、护理等养老附加费用。原则上, 养老费用应从老年人本人获取的收入总额中扣除。只有当老年人的收入低于养老基本费用的法定扣除额时, 基于应税所得的消费理论, 税法才能拟制用于赡养的所得由子女向父母转移, 允许子女从应税所得中扣除。",个人所得税;综合税制;量能课税;养老费用;老年人权益,D,,,法学三大刊论文/法学研究/个人所得税法上年龄非中性的实现——以老年人生存权益的保障为核心.pdf
1136,个人数据交易的双重法律构造,林洹民[1],,2022,5,37,53,个人数据交易具有动态性与非排他性，数据交易当事人处于持续性数据收集或传输关系之中，任何一方均不能排他地控制个人数据。上述特性使得数据交易不能被界定为数据买卖，数据处理也不能被简单地理解为数据合同的履行行为。合同关系与数据处理关系的不同，使得数据交易具备双重法律结构。一次完整的个人数据交易同时包含表意人的承诺与个人的同意，前者属于意思表示，后者则属于准法律行为。与之相应，个人数据交易由基础性合同与个人信息处理活动组成，前者主要受合同规则调整，后者则是个人信息保护法的规范对象，二者效力应分别判断。在规范适用上，个人信息主体的同意并非原则上得准用法律行为规则。合同规则与个人信息处理规则各守其分，分别规范数据交易中的不同行为，二者之间不存在冲突。考虑到数据处理也是合同项下的行为，合同规则与个人信息保护规则可以在例外情况下穿透双重结构，协力实现数据流动与个人信息保护之间的动态平衡。,数据要素;数据交易;个人信息保护;知情同意,D,,,法学三大刊论文/法学研究/个人数据交易的双重法律构造.pdf
1137,中华法系的百年历史叙事,赵明[1],西南大学法学院,2022,1,3,21,"回顾中国现代法学的世纪历程,中华法系的历史叙事主要在进化论、民族论和法治论三种语境中展开.不同语境中的法史学者,通过将中华法系与其他法系相比较,揭示出了彼此有别的中华法系之历史面貌.在进化论语境中,中华法系因其古老而落后,丧失了型构现实生活秩序的生命力,需整体性地予以批判和否定.在民族论语境中,中华法系因其系统性、连续性和民族性而独具特色,整理、发掘、重述其历史谱系,既有助于增强民族文化自信力,也为重建""新中华法系""提供了重要的精神前提.在法治论语境中,中华法系以其""治乱之道""和""良法善治""的血缘伦理身份内涵表明,在前现代社会中法律不可能获得型构社会生活秩序的权威地位.法制现代化是不同语境下中华法系之历史叙事的共同追求,中华法系研究的百年学术史,实质上是一部追求法治文明的中国现代精神史.",中华法系;法制现代化;法治;法学话语,D,0,,法学三大刊论文/法学研究/中华法系的百年历史叙事.pdf
1138,中国债编体系构建中若干基础关系的协调——从法国重构债法体系的经验观察,李世刚,复旦大学法学院,2016,5,3,26,中国编纂民法典需要在合同法、侵权责任法已自成体系的现状下重构债法规范体系，协调若干基础关系，包括将法律行为还是合同作为规范的中心，债法总则应否与合同法总则并存，如何处理不同原因所生之债的特殊规范与共同规范的体例关系，如何安置无因管理与不当得利等债的渊源等问题。这也是以法国民法为代表的欧陆法系在重构债法体系时所面临的难题。2016年2月，法国债法改革重构了法国民法典的债法体例，为中国立法提供了参考范例。法国债法的新体系以合同规则为中心，其规范准用于其他法律行为；债法一般性规则从合同规范体系中分离出来，设立债法通则；债法体系按照“债之渊源”、“债之通则”、“债之证明”以及特别合同的顺序展开；“债之渊源”囊括合同法总则、侵权责任法以及其他债的渊源（无因管理、非债清偿与狭义不当得利三种传统的“准合同”）规则。这一立法经验凸显了债的渊源在债法体系构建中的主导地位以及合同中心主义。,债法总则;债的渊源;法律行为;法国民法典;法国债法,D956.53,87,,法学三大刊论文/法学研究/中国债编体系构建中若干基础关系的协调——从法国重构债法体系的经验观察.pdf
1139,中国刑事专家辅助人向专家证人的角色转变,张保生[1];董帅[2],中国政法大学证据科学教育部重点实验室、司法文明协同创新中心,2020,3,160,175,"中国的刑事专家辅助人具有既类似于律师又类似于鉴定人、证人的多重属性;围绕专家辅助人意见的性质,也形成了质证方式说、鉴定意见说、证人证言说等多种观点。角色定位上的混乱,不仅造成了独具特色的鉴定人与专家辅助人的双轨制,而且常常使专家辅助人意见的法庭采信陷入困境。从最高人民法院有关专家辅助人的新近规定看,专家辅助人的角色呈现出向专家证人转变的趋势。这种转变的核心要求,一是实现鉴定人和专家辅助人的诉讼地位平等,专家辅助人意见和鉴定意见在专家证言意义上的证据效力平等;二是使专家辅助人回归专家证人本色,将强加给专家辅助人的不合理的质证职责交还给律师、检察官;三是提高律师、检察官熟练运用交叉询问规则、对科学证据进行质证的能力,充分发挥法官的科学证据“守门人”作用,以适应事实认定科学化的需要。",鉴定人;专家辅助人;专家证人;科学证据,D92,0,,法学三大刊论文/法学研究/中国刑事专家辅助人向专家证人的角色转变.pdf
1140,中国刑事印证理论批判,周洪波[1],西南民族大学法学院,2015,6,136,155,近年来有不少学者围绕“印证”来研究我国的刑事证明方法模式，这些研究造成的突出理论印象是：“印证”这一概念工具，在实证上能够较为具体地呈现中国特色刑事证明方法的类型特征；在规范上也能作为事实认定的具体判断标准发挥作用，尽管还应适当借鉴西方的自由心证方法。这导致“印证”一词在刑事司法实务中日益流行，且有泛滥之势。需要注意的是，有关研究存在不少问题，主要是：对印证的理解不合常识且较为驳杂，无法清晰标识我国刑事证明方法的模式特征；对证明方法模式的归因解释难以成立；未能澄清对证明方法的应有规范立场，因而无力促成现实的合理化变革。因此，学界仍需寻找替代性的模式理论来说明我国刑事证明方法所面临的转型问题。,刑事证明方法模式;印证;自由心证,D925.2,91,,法学三大刊论文/法学研究/中国刑事印证理论批判.pdf
1141,中国刑事司法证明“唯客观化”批判,熊晓彪[1],,2024,2,207,224,中国刑事诉讼已然发展形成一套基于客观证据、客观事实、客观化方法和客观化标准的“客观（化）形式”证据、证明理念与方法体系，可称其为“唯客观化”进路。该进路的典型司法实务样态呈现为依赖客观化证据定案，无印证不定案，法定证据判案，追求形式铁案等。“唯客观化”进路混淆证据、事实与客观存在等范畴，违背诉讼认识规律，忽略事实推论过程，背离实质庭审，其无助于中国刑事司法证明理论与方法的革新。司法证明应当建立在认识论而非本体论之上，应涵盖证明结构、证据解释、对比判断及信念要求等内容，据以得出的结论具有盖然性和可错性。根据人类在不完全信息状态下依靠经验推理、观察感知等进行决策的特点，可以把能够反映和揭示司法证明应然特性的方法论体系称为“启发式”进路。在该进路下，中国刑事司法证明应迈向多元证明方法并行发展，承认证明结论的盖然性和可错性，强调实质庭审和严格事实推论的新格局。,刑事司法证明;唯客观化;认识论;“启发式”进路,D,,,法学三大刊论文/法学研究/中国刑事司法证明“唯客观化”批判.pdf
1142,中国司法体制改革的经验——习近平司法体制改革思想研究,陈卫东,中国人民大学法学院,2017,5,3,17,本轮司法体制改革在中央的领导下取得了积极成效，积累了丰富的改革经验，如将司法体制改革作为全面深化改革的重要突破口，将司法体制改革作为全面推进依法治国的重要保障，司法体制改革坚持党的领导、强调顶层设计，依法进行、于法有据，稳步推进、试点先行，分清矛盾主次、牵住“牛鼻子”等。这些被实践证明了的司法体制改革经验，构成了习近平司法体制改革思想的重要内容，是习近平法治思想的重要组成部分。学习、研究、阐释习近平同志关于司法体制改革的思想，对进一步全面深化司法体制改革、全面推进依法治国具有重大意义。,全面深化改革 依法治国 司法体制改革 习近平法治思想,D926,0,,法学三大刊论文/法学研究/中国司法体制改革的经验——习近平司法体制改革思想研究.pdf
1143,中国合同法上的产权平等保护,罗昆[1],武汉大学法学院,2024,6,3,20,梳理我国合同制度可知，民事基本法中的合同制度主要贯彻了形式上的产权平等保护；保护国有资产的特别交易法已成体系但大部分未融入合同法的制度体系中；保护民营经济的特别交易规则并不存在，但以形式平等保护、依法平等保护、全面平等保护为内涵的产权平等保护司法理念已经影响到合同法的司法实践。一般而言，合同法上的平等保护需服从两项规则，一是以形式平等为原则、以实质平等为例外的实体规则；二是实质平等观的证成至少需遵循反向证伪、挖掘实质差异、注意适用范围、实现合理回应等四项论证规则。国有财产归属主体实体法地位的模糊性、授权代表的多重性、授权范围的宽泛性、授权性质的复杂性，决定了我国合同法上的产权保护应以形式平等为原则、以实质平等为例外，在特定制度上对国有产权主体与私有产权主体实行差异化对待。具体而言，在国有土地使用权出让合同违约金调整、行政协议范围确定问题上，应贯彻形式平等观；在预约合同与无拘束力协议的区分、越权代表或越权职务代理中法定授权限制的典型情形、恶意串通的案型扩张问题上，应贯彻实质平等观。,合同法;产权保护;国有资产;民营经济;形式平等;实质平等,D,,,法学三大刊论文/法学研究/中国合同法上的产权平等保护.pdf
1144,中国宪法上国家所有的规范含义,程雪阳[1],苏州大学王健法学院,2015,4,105,126,中国现行宪法中的“国家所有”一词，不仅是经济学上的一种所有制，也是法学上的一种所有权。在法律地位、权能构造和权利外观上，国家所有权在宪法上和民法上并不存在差异。但在功能上，基于宪法第9条第1款关于“国家所有，即全民所有”的规定，国家所有权确实有特殊性，它不能为国家或政府的“私利”存在，而必须“为公民自由和自主发展提供物质和组织保障”。宪法第9条第1款和第10条第1、2款，赋予国家获得特定自然资源所有权的资格。具体的自然资源是否属于国家所有，依赖于法律对宪法上述条款的具体化和立法形成，在法律没有完成这项工作之前，特定自然资源属于没有进入物权法／财产法秩序的社会共有物，不属于国家所有的财产。对于这种共有物，国家可以基于主权以及由主权衍生的行政管理权来设定开发和使用规则，但不能作为所有权人获得相关财产性收益。,自然资源;国家所有;所有权理论;宪法解释,D923.2,65,,法学三大刊论文/法学研究/中国宪法上国家所有的规范含义.pdf
1145,中国宪法上基本权利限制的形式要件,陈楚风[1],清华大学法学院,2021,5,129,143,"中国宪法上有多项基本权利属于无保留的基本权利,即相应的基本权利条文中既无明确的法律保留附款,也无明确的宪法保留附款.针对此类基本权利的限制应当适用何种形式要件,学理层面存在适用法律保留、适用宪法保留、保留否弃三种理论观点.中国宪法未明文规定基本权利限制的形式要件,目的在于促进基本权利保障程度的最大化.保留否弃的观点背离了基本权利保障程度最大化的规范目的.宪法保留虽在理念上契合这一规范目的,但从比较法上看,其内涵在实践中往往发生蜕变,以致失去基本权利限制形式要件的意义,因而亦不可行.适用法律保留不仅有利于充分保障基本权利,也能得到民主与法治原则、功能适当理论以及宪法第33条第4款的支持.",基本权利;法律保留;宪法保留;无保留基本权利,D921,0,,法学三大刊论文/法学研究/中国宪法上基本权利限制的形式要件.pdf
1146,中国宪法体制中民主集中制的统合作用,沈寿文[1],,2023,6,3,18,民主集中制蕴含着民主正当性和集中有效性双重价值目标。党的民主集中制与国家机构的民主集中制在价值诉求上有不同侧重。集中有效性价值是党的民主集中制的落脚点和归宿，党的民主集中制的运行能够补强国家机构运行的有效性。作为党的组织原则的民主集中制，塑造了镶嵌于国家机构之中的党组织，为党领导国家机构提供了组织基础。作为党的活动原则和领导机制的民主集中制，通过嵌入在国家机构之中的党组织，发挥着填补国家机关之间宪法关系空白、协调国家机关之间宪法关系、解决地方国家机关双重负责难题的重要作用。党的民主集中制和国家机构的民主集中制相互影响、相互作用，实现了依宪执政与依宪治国的衔接，塑造了中国宪法体制。,民主集中制;国家机构;宪法体制;依宪执政;依宪治国,D,,,法学三大刊论文/法学研究/中国宪法体制中民主集中制的统合作用.pdf
1147,中国式法治现代化概念的逻辑构造及其展开,郭晔[1],,2024,2,3,19,中国式法治现代化是在中国式现代化范式下形成的标识性概念。法治、中国式、现代化三个关键词的相互关系，深蕴着中国式法治现代化概念的法理逻辑，即法治是现代化事业的内在构成、法治是实现现代化的外在保障、中国式现代化是法治变革的强大动力。这一法理逻辑，在历史道路上体现为逐层展开的“实践三问”，即要法治还是要人治、走什么样的法治道路、创造什么样的法治形态；在新征程上，要求中国式法治现代化建设从促进和保障社会公平正义、培育中国式现代化的法治有机体、全面推进国家各方面工作法治化等角度持续推进；在价值意蕴上揭示出中国式法治现代化的文明表征，即以幸福生活权彰显人权文明、以法典化彰显制度文明、以法治体系彰显治理文明、以“两个结合”为路径方法推进中华法治文明发展进步。,习近平法治思想;中国式现代化;法治现代化;法治文明;“两个结合”,D,,,法学三大刊论文/法学研究/中国式法治现代化概念的逻辑构造及其展开.pdf
1148,中国式现代化的宪法逻辑,韩大元[1],,2023,5,3,21,现行宪法为推进中国式现代化提供了坚实的宪法依据、有机统一的宪法规范体系和宪法保障体系。从中华人民共和国成立初期“社会主义工业化”“四个现代化”入宪，到改革开放后“社会主义现代化建设”入宪，再到形成以“社会主义现代化强国”为核心的宪法规范体系，现代化话语贯穿于我国宪法制定、修改与实施的历史进程。宪法序言中的历史叙事和对国家目标的表达，明确了中国式现代化的规范语境。宪法正文中的基本国策规范、基本权利规范、国家机构规范等，为保障中国式现代化的推进提供了规范基础。全面实施宪法，既是中国式现代化的应有之义，也是中国式现代化的有效保障。为更好发挥宪法对中国式现代化的规范和保障作用，应认真对待宪法文本，体系性地运用宪法解释学方法，深挖宪法基础范畴与概念，建构具有历史意识、面向现代化实践的中国宪法理论体系。,宪法话语;中国式现代化;宪法实施;社会主义现代化强国,D,,,法学三大刊论文/法学研究/中国式现代化的宪法逻辑.pdf
1149,中国式现代化进程中的属地管理原则,叶必丰[1],,2024,1,3,18,中国式现代化进程中的属地管理改革，是以经济现代化为驱动和激励，以破除计划经济体制的障碍为问题导向，在持续和广泛的权力下放中推行的改革。属地管理原则经历了从事实原则到法律原则的发展阶段。它作为一个事实原则，是指导权力下放改革和事权层级分工的原则。它作为一个法律原则，系对属地管理改革成果的立法确认，其内部法律效果在于明确事权的层级分工从而消解职责同构，外部法律效果在于明确管辖权并拘束法院的司法审查。属地管理改革的合宪性可依据宪法上的两个积极性原则获得证成。伴随国家治理现代化的深入推进，属地管理原则日益重要，将其纳入法律保留范围的必要性也日渐凸显。对于是否实行属地管理，以及权力如何下放、事权如何分工等问题，应由法律作出概括性、一般性规定。对于属地管理改革的成果，在不违反上位法强制性规定的前提下，可按重要性法律保留原则，由法律、法规或规章具体确认。,中国式现代化;属地管理;权力下放;事权分工;分级负责,D,,,法学三大刊论文/法学研究/中国式现代化进程中的属地管理原则.pdf
1150,中国投资协议实体保护标准的自由化和多边化演进,沈伟[1],上海交通大学法学院,2015,4,184,208,与双边投资协议在全球范围内的爆炸式增长形成鲜明对比，国际投资保护领域的多边协定相对而言谈判进展缓慢并且较少受到关注。亚洲地区最近的多边投资协定，当属《东盟一中国投资协议》及《中日韩三方协定》。本文以中国签订的双边和多边投资协议为研究对象，考察国民待遇、最惠国待遇、公平和公正待遇、全面保护与安全、征收以及资本转移等主要实体保护标准的演进。《东盟-中国投资协议》与《中日韩三方协定》为外国投资者提供的实体保护标准，越发显示出更为自由的保护投资者的立场，这将有利于促进投资、改善投资相关规章制度的透明度、加强投资领域的多边合作，最终推动整个亚太地区的区域投资协定的签署以及投资法律体系的自由化和多边化发展。,双边投资协议;实体保护规定;跨区域投资协定;全球经济治理体系,D913,91,,法学三大刊论文/法学研究/中国投资协议实体保护标准的自由化和多边化演进.pdf
1151,中国政法体制的规范性原理,黄文艺[1],中国人民大学法学院,2020,4,3,22,"政法体制作为当代中国最具标识性的制度范畴,是指在执政党的领导下,政法机关和各种治理主体共同建设平安中国和法治中国的治理架构。从古典礼法传统到现代政法体制的历史嬗变过程,反映了中国政治家、思想家对国家治乱兴衰问题一以贯之的政治关切和思想探索。政法体制的基本构造可分解为三组主轴性关系,即政法机关的相互关系、政法机关的外部关系、执政党与政法机关的关系。这三组主轴性关系的规范性原理,构成了政法体制的制度设计和实践操作的基本法则。第一组关系的规范性原理包括自成一体、分工负责、互相配合、互相制约。第二组关系的规范性原理包括社会自治优位、基层治理优位、前端治理优位。第三组关系的规范性原理包括宏观领导、归口领导、法治化领导。对这三组规范性原理的分析表明,中国的政法体制既遵循了现代国家治理的普遍规律和共同机理,又积淀了中国国家治理的本土经验和独特智慧。",政法;礼法;法治;政法体制;国家治理,D92,0,,法学三大刊论文/法学研究/中国政法体制的规范性原理.pdf
1152,中国民事诉讼率变迁的影响机制——对曲线理论的检验和修正,石磊[1],,2024,3,130,155,经典曲线理论认为民事诉讼率与经济发展具有倒U型曲线关系，但未指出曲线关系是否受其他因素影响，而既有的中国研究因缺乏大样本的地区数据，难以从正面展开对该理论的检验和修正。基于省级面板数据的实证研究表明，中国民事诉讼率变迁具有“前降后升”的时序特征和“东西分异”的空间特征，它与经济发展呈倒U型曲线关系，并实际位于曲线前半段，经济发展在较长时间内仍将产生正向驱动力，但逐步衰减。更重要的是，市场化程度和教育水平分别对曲线关系发挥削弱和强化的调节作用。这种交互机制在中国的发现推动了理论发展，基于多层条件的新曲线理论因此成立。这有助于思考如何系统性改善法院的司法能力，例如将法院内部管理增效与区域差异化诉讼需求预测机制建设相结合，以及优化社会协同治理的宏观政策方案等。,民事诉讼率;曲线理论;调节效应;司法能力;实证研究,D925.1,,,法学三大刊论文/法学研究/中国民事诉讼率变迁的影响机制——对曲线理论的检验和修正.pdf
1153,中国民法典总则与分则之间的统辖遵从关系,孙宪忠[1],中国社会科学院法学研究所,2020,3,20,38,"我国即将通过的民法典包括一千二百多个条文,采取总则与分则相区分的立法模式。这种立法模式是立法体系化和科学化的结果,具有既节约立法成本又方便学习贯彻的优势。从民法发展历史来看,我国民法典编纂采取这种体例模式有其必要性和科学性。在总则与分则相区分的体例下,我国民法典总则编集中体现了立法者的指导思想,规定了民法基本原则和一般规则,充分贯彻了民法基本科学原理,对全部分则的规定具有统辖作用。解决民法典庞大的规范和制度群之间的体系逻辑问题,指出总则与分则之间分工合作、统辖遵从的逻辑关系,提出以总则编作为民法典整体的思想基础、规则效力基础、法理解读科学性基础,是理解民法典体系的关键,亦有助于澄清在我国民法典编纂“两步走”规划的特殊背景下,民法典分则一些编章编纂过程中出现的轻视甚至脱离民法典总则编规则的法理混乱。",民法典;总则;分则;民事主体;民事权利;法律行为,D92,0,,法学三大刊论文/法学研究/中国民法典总则与分则之间的统辖遵从关系.pdf
1154,中国民间公益法人制度现代化的路径选择,李德健[1],,2024,1,92,109,基于民间自治属性、公众受益目的与无所有者治理的特质，民间公益法人是中国社会治理体系现代化诸多目标的实现方式之一。应从公私边界、资格认定、问责模式的递进维度，纠正抑制民间公益法人发展的基础性制度偏移，进而确立其制度现代化的路径选择。对于因惯性延续官办传统而引发的公私边界不清，应以私法人为模型设计民间公益法人及其可选组织类型的制度框架，进而将监管内涵从严格管制转换为公益目的导向型比例监管。对于因割裂性借鉴法系经验而导致的资格认定规则支离破碎，可在将慈善目的等同于公益目的的基础上，将民法典中的民间公益法人资格并入慈善组织资格，进而确立其与既存财税优惠资格的绑定机制，并全面强化慈善组织的财税专项优惠。对于因不当引入公司法理而导致的问责模式畸轻畸重，应明确会员等内部机构组成人员的信义责任，在适当限缩捐助法人利害关系人范围并提高诉讼启动门槛的同时，将利害关系人与监管者共享的诉权机制拓展至全体民间公益法人，并可配置检察公益诉讼制度。,民间公益法人;法人自治;慈善目的;信义责任;中国式现代化,D,,,法学三大刊论文/法学研究/中国民间公益法人制度现代化的路径选择.pdf
1155,中国法学对外交流与研究中的概念对接——以多数人之债实体与程序的中德比较研究为例,卜元石[1],,2024,3,37,56,概念的准确对接，是不同法文化互鉴的前提，也为观察本国法提供了新视角。本文选取多数人之债中的若干中国法概念，尝试在德国法中寻找能够与其对接的术语，借此探讨概念对接出现问题的原因、在实践中呈现的样态，以及概念对接的潜在功用。在实体法领域，借助对不真正连带之债、补充责任与原因力概念对接的考察，可以更好地向海外学者解释中国法中多数人侵权责任形态多样化、按份责任主流化背后的逻辑。通过对追偿权和法定代位权这两对中德法中貌似一致的概念之可对接性的分析，可以揭示其根本区别，阐释两国法律在连带之债时效问题上解决路径之差异的根源与效果。在程序法领域，以共同诉讼类型的中德对接为切入点，可以发现中国法对于共同诉讼乃复数之诉的认识尚且模糊，导致对于共同诉讼当事人之间关系的认识不够清晰，进而对诉讼标的、判决既判力形成了与德国共同诉讼理论完全不同的认知，造成问题处理上的巨大差异以及对话的困难。提高法学概念对接意识，关注外来概念在本土语境的演变，有助于在对外交流中进行有效沟通，以及在研究中探寻中国法的独特性。,连带之债;原因力;并发侵权;共同诉讼;诉讼告知,D913,,,法学三大刊论文/法学研究/中国法学对外交流与研究中的概念对接——以多数人之债实体与程序的中德比较研究为例.pdf
1156,中国法律传统的经济理性,夏扬,北京师范大学法学院,2016,5,191,208,法律传统的形成有其规律，这个规律不仅应当从法律制度本身寻找，更应当从这个传统发生和发展所处的社会现实（特别是经济现实）中寻找。经济分析的方法同样可以运用在对法律发展过程以及法律特点的研究上。统一生产条件下的农耕经济对儒家理论指导地位的确立有着直接的贡献，而儒家理论对政府履行公共职能的要求使其这一地位得以维持并不断增强。由于经济及物质资源向统治阶层聚集，社会治理手段倾向于效率追求，刑法遂成为国家法的重要部门。法学研究传统的缺乏且当制度不能内生于社会时，路径依赖使得刑法部门长期保持这一地位。国家法的传播困境以及截然不同的社会信用体系造就了非正式制度在社会中的地位，最终对法律体系的制度构成产生影响。司法资源的有限性以及产权关系使得息讼成为国家和民间共同追求的目标。,法律传统;经济理性;生产条件;效率追求;路径依赖;信用体系,D929,93,,法学三大刊论文/法学研究/中国法律传统的经济理性.pdf
1157,中国法律语境中的国家政策概念,彭中礼[1],,2023,6,19,36,在当代中国，国家政策具有权威性和灵活性，对经济社会发展具有重要意义，深刻影响着法治建设进程。立法机关将某些国家政策引入法律法规之中，目的在于满足国家和社会治理的灵活性需求。司法机关对于法律文本中的国家政策概念理解较为宽泛，大多数国家机关制定的规范性文件都可能被识别为国家政策，并被裁判文书予以援引。在社会治理范畴，国家政策的灵活运用与法的稳定性之间存在张力，有必要明确国家政策制定权的性质，厘清国家政策的内涵与外延，避免国家政策的泛化与滥用。基于法律与政策关系的历史演变，应将制定国家政策的权力限定为行政权。相应地，法律实践中的国家政策应限定为有行政权的国家机关，为实现特定公共目标而制定的、在一定时期内具有普遍指导意义且能反复适用的规范或准则，此类国家政策以规范性文件为载体，其核心内容能够对社会公众的利益产生直接或者间接的影响。,国家政策;行政权;司法裁判;规范性文件;效力位阶,D,,,法学三大刊论文/法学研究/中国法律语境中的国家政策概念.pdf
1158,中国法治经济建设的逻辑,谢海定,中国社会科学院法学研究所《法学研究》编辑部,2017,6,21,40,“法治经济”是对市场经济在法律层面的本质特征的概括。法治经济的构成包括两个方面：一是为解决基于普遍市场规律的共通性问题而建立的法治框架；二是为解决各国市场经济发展的独特性问题而确立的法治技术。中国自改革开放以来，解决“标准市场”的共通性问题所需要的基本法治框架逐步形成，统贯各个必备要素的支撑性观念也比较明显地体现在不同时期国家和执政党的正式文件中。中国市场经济发展最重要的独特性问题，即公有制基础上如何实行市场经济的问题，随着国家所有权行使代表制、企业法人财产权制度的确立，以及国家从“所有者”变为“出资人”的角色转变，在法治技术层面基本得以解决。经过近四十年的发展，满足市场经济最低需求的法治基础在中国已大体形成，中国社会主义市场经济建设已开始进入法治经济阶段。,法治经济 市场经济 公有制 国家所有权 企业法人财产权,D621,0,,法学三大刊论文/法学研究/中国法治经济建设的逻辑.pdf
1159,中国法治语境下的司法建议：机理、运用与制度完善,顾培东[1],四川大学法学院,2025,1,3,21,司法建议是一项具有浓厚中国特色的司法实践与制度，司法建议的实际运用和功能随着中国法治进程的时代变迁呈现阶段性特征。当下司法建议已是司法参与国家和社会治理的重要方式，并因其广泛运用而成为与司法裁判并存的司法产品。司法建议制度建基于四个要素：司法所特有的“社会负面症候”观察视角；司法作为国家和社会治理主体的职责及司法功能充分显现与释放的内在愿望；突破司法裁判固有局限的实际需求；司法权威的影响与司法建议的协商沟通姿态。这四个要素塑造了司法建议作为常规性司法产品的品性与地位。对部分司法建议运用的实证分析显示，司法建议具有多种类型和形式以及多方面的功能和效用，司法建议的实际运用中也存在一些困惑与矛盾。完善司法建议制度应着眼于三个方向：健全司法建议常态化产出与运用机制，提升司法建议的质量与水平，强化司法建议的社会影响力。,司法建议;社会治理;司法政策;司法裁判;司法权威,D,,,法学三大刊论文/法学研究/中国法治语境下的司法建议：机理、运用与制度完善.pdf
1160,中国法科学生留学德国四十年的回顾与展望--基于博士学位论文的考察,卜元石[1],德国弗莱堡大学法律系,2019,2,3,22,"基于对中国留德法学博士学位论文的考察,可以简要回顾改革开放四十年来中国法科学生留学德国的基本情况。四十年来,中国法科学生留德数量不断增加,在攻读博士学位的专业分布以及博士论文的选题方面有一定的规律可循,并且一定程度上存在就读学校集中以及博士论文指导教师集中的现象。中国留德法学博士是中德法学学术交流的重要使者,其研究成果以德语发表,惠及德语区读者;其归国后若从事学术研究,亦有机会将其研究成果通过中文出版物传播,对于中国相关法学学科视野的拓展、知识的丰富都起到了一定的推动作用。对于中国留学生在德攻读法学博士学位期间以及归国后重新融入国内学术圈所面临的困难的反思表明,有必要从个人与国家两个层面深入思考如何更好地利用留学德国的契机,培养中国的法律人才,并使之归国后更好地发挥才能。",留学德国;法学博士学位论文;德国法;法教义学;留学国别主义,G643.8,0,,法学三大刊论文/法学研究/中国法科学生留学德国四十年的回顾与展望基于博士学位论文的考察.pdf
1161,中国特色民间文学艺术作品著作权保护理论的构建,胡开忠[1],中南财经政法大学知识产权研究中心,2022,2,131,153,"我国在民间文学艺术作品的著作权保护理论上存在误区.绝对保护论照搬一些发展中国家的理论,主张对民间文学艺术作品给予较强的全面保护,与著作权理论存在冲突,不适合中国国情.否定版权保护论照搬一些发达国家的理论,否定用版权法保护民间文学艺术作品的可能性,其理论上的僵化不利于保护我国的传统文化.我国应采""相对保护论"",即在遵循著作权法基本原理的基础上,借鉴国际公约的相关规定,结合中国国情,适当确定民间文学艺术作品的著作权保护规则.应合理界定民间文学艺术作品的内涵和外延,反对将一切与民间文学艺术相关的对象都纳入保护范围;应将社群中创作民间文学艺术作品的自然人成员界定为作者并作为著作权原始主体,民间文学艺术作品来源地的社群根据习惯法成为著作财产权的继受主体;应区分精神权利和财产权利两方面的内容;应合理处理著作权保护与公有领域保护之间的关系,确定适当的著作权保护期限;应结合民间传统习惯及现有制度合理确定民间文学艺术作品的著作权限制规则;应根据国民待遇原则处理好其他国家的民间文学艺术作品的著作权保护问题.",民间文学艺术作品;传统性使用;习惯性使用;贬损性使用,D,0,,法学三大刊论文/法学研究/中国特色民间文学艺术作品著作权保护理论的构建.pdf
1162,中国特色社会主义人权理论体系论纲,,广州大学人权理论研究课题组,2015,2,56,79,随着改革开放的深入，中国的人权事业取得了巨大的进展，人权的理论研究逐渐成熟，梳理、提炼中国特色社会主义人权理论体系已为可能。中国特色社会主义人权理论体系的基础性要素，包括人权的概念、属性、类别、实现机制和社会条件等。中国特色社会主义人权理论，既承认人权是人类的共同理想和价值准则，是人之为人不可剥夺的权利，尊重和保障人权是每个主权国家的义务，需要通过国内的立法、行政和司法机制予以落实，需要加强人权国际合作以促进其实现，也承认人权发展的阶段性和历史文化传统对人权实现方式的影响，反对人权国际合作中的霸权主义倾向。,人权的概念;人权的属性;人权的分类;人权的实现;人权理论体系,D616,22,,法学三大刊论文/法学研究/中国特色社会主义人权理论体系论纲.pdf
1163,中国环境法治中的政党、国家与社会,陈海嵩[1],中南大学法学院,2018,3,3,20,"十八大以来的生态文明建设极大地推动了我国环境法治的发展,但与环境法治实践取得极大进步相对照,环境法治研究则存在“理论虚置”“解释乏力”现象。政党、国家、社会是影响中国环境法治的核心要素,马克思主义视野下的“政党—国家—社会”关系决定了中国环境法治的基本架构、塑造了中国环境法治的理论内核。在马克思主义“政党—国家—社会”的理论框架下,当代中国环境法治以“保障和改善民生”为价值诉求,以国家环境保护义务的履行和实现为核心内容,通过授权和委托实现法律制度创新。环境政策法律化现象和环境公益诉讼制度变革中所出现的一些矛盾,在这一理论框架中可以得到更合理的解释。马克思主义基本原理与中国现实相结合,有助于形成具有中国特色的环境法理论体系、制度体系、话语体系。",环境法治;国家治理体系;国家环境保护义务,D261,0,,法学三大刊论文/法学研究/中国环境法治中的政党、国家与社会.pdf
1164,中国现行宪法中的“党的领导”规范,秦前红[1];刘怡达[1],武汉大学法学院,2019,6,18,31,"2018年宪法修正案将“中国共产党领导是中国特色社会主义最本质的特征”写入宪法总纲,在弥合宪法规范与宪制实践之分野的基础上,进一步确认了中国共产党作为中国特色社会主义事业领导核心的地位。至此,现行宪法序言和宪法条文中的诸多“党的领导”规范,共同构成了我国宪法中的“党的领导”规范体系。理性认识现行宪法中的“党的领导”规范体系,需将其置于宪法变迁的历史中加以考察。“八二宪法”中的“党的领导”规范是对“五四宪法”的继承与发展。2018年的宪法修改,进一步巩固和加强了党的全面领导的政法逻辑,在宪制功能、立宪技术等多方面,同“七五宪法”和“七八宪法”有着重要区别。宪法学应当积极展开学理构建,针对宪法文本中相对完备的“党的领导”规范体系,构建相对系统的政党宪法学理论。",宪法序言;宪法修改;党的领导;宪法规范,D92,0,,法学三大刊论文/法学研究/中国现行宪法中的“党的领导”规范.pdf
1165,中国第一代马克思主义法学家的理论开创,程梦婧[1],重庆大学法学院,2020,5,55,71,"在中国近现代的法学史上,产生和形成了马克思主义法学。这是中国第一代马克思主义法学家开创的最重要的理论成果。这些法学家接受和信奉马克思主义,肩负着批判旧国家及其政治法律制度、探究新型国家及其政治法律制度和建立“新法学”的理论使命。他们基于中国的法律史与近现代民主法治(法制)建设实践,在法学学科特别是法理学、宪法学上提出和阐明了马克思主义的一系列理论观点与学科建构的理论雏形,形成了创造性地运用马克思主义、以实践为导向、以探研“问题”为中心的实践性品格。他们的理论开创,对于当下中国特色法学学科体系、学术体系和话语体系的建设,具有奠基性意义。",马克思主义法学;中国特色法学;法学学科体系;法学学术体系,D92,0,,法学三大刊论文/法学研究/中国第一代马克思主义法学家的理论开创.pdf
1166,中国行政诉讼中的府院互动,章志远[1],华东政法大学,2020,3,3,19,"近十五年来,府院互动活动在我国行政诉讼实践中的开展,更新了司法权与行政权关系的传统认知,促进了行政审判制度化解纠纷、支持与监督行政等功能的发挥,同时也存在运行规范性欠缺的问题。以审判为中心和实质性化解行政争议观念引领下的个案处理型府院互动,旨在实现纠纷解决的司法目标。合法性底线论和行政过程论观念引领下的法治促进型府院互动,旨在实现政策实施的司法目标。新时代行政诉讼府院互动的继续生长,既反映着人民法院对社会治理政策变迁的回应和优化司法环境的努力,也源于行政任务导向下司法功能适度拓展的需要。行政诉讼中府院互动积极功能的发挥,尚需从完善法解释适用、加强过程公开化和保障救济实效上完成法治建构,把中国特色行政审判制度的优势转化为国家治理效能。",府院互动;优化司法环境;实质性化解行政争议;中国特色行政审判制度,D92,0,,法学三大刊论文/法学研究/中国行政诉讼中的府院互动.pdf
1167,为作为证明方法的“印证”辩护,薛爱昌[1],西安交通大学法学院,2018,6,21,36,"我国理论界围绕印证证明模式展开了诸多讨论,但对于印证的内涵、理论基础、必要性、前提条件等问题,还存在诸多模糊和误解之处。有鉴于此,应对印证概念作进一步具体化的界定:其内涵大于“一致性”但小于“蕴含”,相当于“相互符合”。印证作为一种证明方法,其理论基础是证据整体主义和作为“真”之标准的融贯论,而不是作为“真”之定义的符合论。鉴于人类的认知限度,印证是我们评价证据的必要手段,这一点也得到了心理学实证研究的支持。因此,从某种程度上说,印证方法具有生物学和心理学意义上的必然性。印证方法的有效应用,取决于其前提条件是否得到满足,而很多所谓印证规则的负面效应,恰恰是由于没有满足适用印证方法的前提条件所致,而不是印证方法本身所致。",印证;证明方法;整体主义;真;融贯论,B225.4,0,,法学三大刊论文/法学研究/为作为证明方法的“印证”辩护.pdf
1168,为被告人利益抗诉与上诉不加刑原则之适用———以上诉理由之限制为中心,郭烁[1],,2022,5,157,172,上诉审体系中上诉理由的缺失，是当下上诉不加刑原则适用产生困惑的根源。上诉理由具有“事实”与“说理”双重要素。前者体现不告不理之诉审原则，划定了上诉不加刑在罪行方面的适用范围；后者构成被追诉人对上诉审裁判的合理预期，为了保障审级制度目的充分实现，立法必须采取措施禁止超出被追诉人合理预期且不利于被追诉人的突袭性裁判。对上诉不加刑原则更为准确的理解是：上诉审法院可以在上诉审范围内对超出上诉理由“说理”要素的部分作出裁判，但这部分裁判不得加重被追诉人的刑罚。上诉不加刑原则的适用基准从来不是“上诉由谁提起”，而是“被追诉人对上诉审裁判的合理预期如何”。在为被告人利益抗诉案件中，检察官的抗诉理由有利于被追诉人，此时加重处罚显然不符合“不利于被告人的预期外裁判禁止理论”，上诉审裁判应受上诉不加刑原则的约束。,上诉不加刑;上诉理由;突袭性裁判;诉因;公诉事实,D,,,法学三大刊论文/法学研究/为被告人利益抗诉与上诉不加刑原则之适用———以上诉理由之限制为中心.pdf
1169,主体制度民商合一的中国路径,汪青松,西南政法大学民商法学院,2016,2,62,78,成文私法体系下所谓的“民商合一”与“民商分立”之区别只是表象，商事主体制度如何回归融入民事基本法主体体系始终是大陆法系国家曾经或依然面临的共性问题。我国民法通则的主体制度设计先天不足，无法充分发挥对整个私法主体的统领功能，由此导致民事主体制度与商事主体制度形合实分，私法主体制度内部难以实现逻辑自洽。民法典制定之启动为主体制度的“纳商入民”提供了契机，但既有的“自然人＋法人”的二元构造抑或引入“第三民事主体”的三元模式都在理论或实践上面临障碍。基于对中国当代私法理论与立法积淀的充分尊重所建立的“自然人＋组织”的主体构造，兼顾了分类体系的对称性、周延性和开放性的统一，能够为民法总则的主体制度设计提供一条有效实现“纳商入民”的中国路径，同时为未来新生商事主体的融入预留制度空间。,民事主体;商事主体;法人;组织;民法总则,D923.99,47,,法学三大刊论文/法学研究/主体制度民商合一的中国路径.pdf
1170,主观权利概念之理论检讨——以胎儿的民事权利能力问题为中心,陈帮锋[1],厦门大学法学院,2021,5,44,61,"我国学者对民法典第16条规定的""胎儿视为具有民事权利能力""已有多种解读,但仍有可改进之处.学者在分析这一问题时无法摆脱权利概念的影响,均不自觉地遵循由权利能力到权利的形式逻辑,导致胎儿是否具有权利能力成为理论焦点.然而,权利概念在这种利益主体未确定存在的场合欠缺解释力,依该理论解释胎儿利益保护问题,反而会破坏其体系上的稳定性、逻辑上的周延性.不妨坦然接受权利概念之不足,于其力有未逮之处,以属于客观法范畴的约束状态概念予以弥补,形成主观权利与客观法、权利与约束状态两套概念体系并驾齐驱之势.在利益主体确定存在的场合,以权利概念叙述之;而对于利益主体缺位的情形,则以约束状态概念指称之.就约束状态而言,虽无利益主体但其利益已处于法律保护之下,利益主体出现后始转为权利.在约束状态中,莫问是否有权利能力、是否为权利主体、是何种法律关系.除了出生前利益保护问题之外,死者利益保护、法人成立前利益保护等问题都有适用约束状态概念的余地.",胎儿;权利能力;约束状态;主观权利,D923,0,,法学三大刊论文/法学研究/主观权利概念之理论检讨——以胎儿的民事权利能力问题为中心.pdf
1171,义务范围理论下证券服务机构过失虚假陈述赔偿责任,洪国盛[1],,2022,5,120,138,证券法第163条第1句明确了基于证券服务机构义务范围判断其赔偿责任的要求。义务范围理论的核心是，义务均有其意图预防的具体风险，只有落入义务预防之风险所生的损害，义务违反者才需负责。义务范围理论经由义务范围确定与义务关联两个步骤实现其功能，不仅为认定证券服务机构赔偿责任提供指引，亦为其承担比例责任或连带责任提供依据。义务范围确定用以定性行为人所负有的注意义务旨在预防的风险及其所生损害类型，可区分为提供建议与提供信息两类义务。证券服务机构通常只承担提供信息类义务，因而仅就其服务意图预防的特定风险负责。义务关联则涉及损害归属的评估，用以量化行为人所需承担的损害数额。义务范围影响过失虚假陈述赔偿责任中过错与信赖要件的判断，且能将过错程度与原因力考量纳入其中，弥补相关理论的不足。,证券服务机构;虚假陈述;义务范围;损失因果关系;比例责任,D,,,法学三大刊论文/法学研究/义务范围理论下证券服务机构过失虚假陈述赔偿责任.pdf
1172,习近平全面依法治国思想的理论逻辑与创新发展,李林,中国社会科学院法学研究所,2016,2,3,22,习近平同志站在治国理政的战略高度，立足“四个全面”战略布局，着眼“两个百年”战略目标，围绕全面依法治国提出了一系列新理念新思想新战略，为在历史新起点上推进法治中国建设提供了重要的思想指导、理论依据和实践遵循。习近平全面依法治国思想内容丰富，观点鲜明，是马克思主义法律观、法治观中国化的最新理论成果，其理论逻辑与创新发展可总结概括为治国方略论、人民主体论、宪法权威论、良法善治论、依法治权论、保障人权论、公平正义论、法治系统论、党法关系论等“九论”。,治国理政;依法治国;宪法权威;良法善治;法治系统;党法关系,D920.0,46,,法学三大刊论文/法学研究/习近平全面依法治国思想的理论逻辑与创新发展.pdf
1173,习近平法治思想中的依规治党理论及其原创性贡献,王伟国[1],,2023,3,3,18,习近平法治思想蕴含着深刻的依规治党理论。该理论的原创性贡献主要包括：创造性地提出“依规治党”，并将其与“依法治国”一体而论；创造性地将党内法规体系纳入中国特色社会主义法治体系，强调全面推进依法治国必须处理好依法治国和依规治党的关系；明确党内法规与国家法律共同构成依法执政之“法”，依规治党是依法执政的题中之义；坚持依法治国和依规治党有机统一，科学指引管党治党和治国理政贯通在法治轨道上。习近平法治思想中的依规治党理论及其原创性贡献，充分表明习近平法治思想是马克思主义法治理论中国化时代化的最新成果，集中体现了中国特色社会主义法治理论的重大创新发展，经典呈现了当代中国法治文明对世界法治文明的独特贡献。,习近平法治思想;依法治国;依规治党;党内法规;治国理政,D,,,法学三大刊论文/法学研究/习近平法治思想中的依规治党理论及其原创性贡献.pdf
1174,习近平法治思想中的法治监督理论,江必新;张雨,中南大学法学院,2021,2,3,18,"习近平法治监督理论是习近平法治思想的重要组成部分,其核心是运用法治来制约和监督权力.习近平法治监督理论既完整阐释了权力制约监督的内在机理,又深入探讨了法治监督体系的组织实施.其以保障人民利益为根本目的和出发点,重视人民的监督主体地位,在视角定位上具有全局性与前瞻性,在监督范围上具有全面性,在监督模式上具有创新性,不仅继承发展了马克思列宁主义经典权力监督理论,也为监督和制约权力提供了新的模式与样本,具有重大的实践意义和鲜明的时代价值.",权力监督;权力制约;习近平法治思想;法治监督,D,0,,法学三大刊论文/法学研究/习近平法治思想中的法治监督理论.pdf
1175,习近平法治思想对马克思主义法治原理的传承与发展,孙谦[1],最高人民检察院,2021,4,3,20,"习近平法治思想是习近平新时代中国特色社会主义思想的重要组成部分,是新时代全面推进依法治国的根本遵循和行动指南.习近平用马克思主义的一般原理来思考和指引中国的法治,创造性地传承了法的物质性、政治性、人民性、社会性、实践性、继承性等马克思主义法治原理,立足马克思主义立场观点方法,明确宣示坚定不移走中国特色社会主义法治道路,深刻阐述了中国特色社会主义法治体系的科学内涵,把厉行法治作为执政治国重要理念,科学设计社会主义法治建设发展目标任务和阶段步骤,体现出鲜明的中国特色、实践特色、时代特色,创造性地丰富和发展了马克思主义法治理论体系,为中国特色社会主义法治体系和社会主义法治国家建设提供了强大思想武器.",习近平法治思想;马克思主义法治原理;全面依法治国;党的领导,D920.0,0,,法学三大刊论文/法学研究/习近平法治思想对马克思主义法治原理的传承与发展.pdf
1176,习近平法治思想的数字法治观,周尚君[1],,2023,4,3,20,以数字化认知、数字化思维、数字化技术全面推进和系统建构法治中国，已成为推进全面依法治国的战略需求和必然选择。以习近平同志为核心的党中央统筹民族复兴全局，在百年变局的世界历史背景下谋定数字中国战略，对世界数字革命下的法治中国、数字中国、网络强国建设作出具有关联性、系统性、集成性的整体谋划。习近平关于以法治推动数字经济健康发展、推动政府治理法治化与数字化深度融合、提升社会治理数字化智能化法治化水平、构建网络空间命运共同体和推进全球互联网治理体系变革的重要论述，在中国式现代化宏大实践场景中，原创性地构筑起具有世界意义和中国智慧的数字法治思想体系。习近平法治思想的数字法治观深刻回应了国家治理体系和治理能力现代化的急迫需求，深刻回应了广大人民群众对于可感知正义的现实期待，深刻回应了推进全球治理体系变革的价值选择和制度路径，彰显了习近平法治思想的系统前瞻性和科学方法论。,习近平法治思想;数字法治;数字经济;数字政府;网络空间命运共同体,D,,,法学三大刊论文/法学研究/习近平法治思想的数字法治观.pdf
1177,习近平法治思想领航中国之治的实践机制,"陈柏峰[1,2]",,2022,6,3,19,习近平法治思想领航中国之治取得一系列重大成就，展示了磅礴的实践伟力。习近平法治思想的实践伟力，具体体现为政治定力、战略引领力、实干推动力、风险挑战应对力四个维度及其实践机制。在政治定力维度，习近平法治思想深刻阐明了全面依法治国的政治方向、根本立场、正确道路、制度依据等一系列问题，起到了举旗定向的作用。在战略引领力维度，习近平法治思想引领新时代法治中国建设、促进全过程人民民主发展、推进国家治理体系和治理能力现代化、推动高质量发展和全体人民共同富裕、推进全球治理体系合理公正变革，统揽中国式法治现代化的战略全局和时代走向。在实干推动力维度，习近平法治思想提供了法治中国建设的总蓝图和施工图，建立并完善推动法治实干的一系列体制机制，开创了全面依法治国的新局面。在风险挑战应对力维度，习近平法治思想提供了一套科学系统的原则方法，是依法防范化解各类风险挑战的基本遵循，指引各类重大斗争取得胜利。,习近平法治思想;实践伟力;全面依法治国;法治中国建设,D,,,法学三大刊论文/法学研究/习近平法治思想领航中国之治的实践机制.pdf
1178,乡村司法与国家治理——以乡村微观权力的整合为线索,郑智航,山东大学法学院,2016,1,73,87,改革开放以后，国家行政权力上收，农业税取消，中国乡村社会出现了“乡政”与“村治”的矛盾与冲突。这直接削弱了国家对乡村社会的动员和管理能力。乡村司法既受国家权力影响，又受传统乡村宗族关系、习俗和秩序回潮所形成的多元微观权力文化网络的影响。基层法院承担着国家权威向乡村社会渗透、重塑国家权威基础和驯服乡村微观权力形态等政治任务。乡村司法不可能像法治论所主张的那样，建立在法律与政治完全分离的基础上，也不可能像治理论所主张的那样，完全建立在“地方性知识”的基础上。正确处理意识形态和乡村司法之间的关系，提升乡村司法的技术治理水平，并以此为基础整合乡村微观权力，是乡村司法必须面对的重要问题。,乡村司法;国家治理;国家权力下沉;乡村微观权力,D63,47,,法学三大刊论文/法学研究/乡村司法与国家治理——以乡村微观权力的整合为线索.pdf
1179,乡村基层执法的空间制约与机制再造,陈柏峰[1],中南财经政法大学法学院,2020,2,3,19,"中国的基层执法深受政治体制和社会生态的影响和塑造,“治理空间”可以同时容纳这两种因素,是理解中国基层执法的新视角。乡村治理空间为基层执法提供具体场景,其“拥挤社会”特性和“权力分散”特性,严重制约着基层执法能力。空间区域化机制通过建立综合治理(执法)体系,实现了执法机构的统合和区域化;通过将村级组织、村干部、网格员等纳入执法体系,实现了执法空间的分界和局部化;通过对时间和资源进行情境化配置,实现了时空分区。区域化机制重构着乡村治理空间,回应了基层执法权薄弱和执法能力不足的问题,通过再造基层执法,提高了基层执法效度。",治理空间;乡村治理;基层执法;执法权,D92,0,,法学三大刊论文/法学研究/乡村基层执法的空间制约与机制再造.pdf
1180,乡村振兴背景下的宅基地权利制度重构,宋志红[1],中共中央党校(国家行政学院)政法部,2019,3,73,92,"现行法下的宅基地权利制度运行失灵,实践中于宅基地继承、内部转让、跨村配置、移民安置、市场化利用、经营性使用等情形,存在大量""法外""运行的宅基地利用样态。这些利用样态在主体、功能、用途上呈现出分化。宅基地法定租赁权的设想无法涵盖实践中丰富的宅基地利用需求,以体系化思维融合多种举措分类重构宅基地权利制度成为必要。以""三条底线""和""体系化分类设计""为指导思想,在总结各地实践探索经验和多方理论研究成果的基础上,以""扩权+转权+分权""为核心内容的宅基地权利制度重构方案,可以为实施乡村振兴战略背景下的深化改革和完善立法提供借鉴。",宅基地;宅基地使用权;三权分置;农村土地,D912.29,0,,法学三大刊论文/法学研究/乡村振兴背景下的宅基地权利制度重构.pdf
1181,书面形式与合同的成立,朱广新[1],中国社会科学院法学研究所,2019,2,59,76,"合同原则上自成立时生效。合同的成立是决定合同是否及何时具有法律约束力的决定性环节。在对""要约-承诺""缔约模式作出具体规定后,我国合同法还为应采取书面形式或合同书形式订立的合同确立了特别的合同成立规则,如""自当事人签字或者盖章时合同成立""及""一方履行主要义务,对方接受的,该合同成立""。系统地看,这些特别规则不仅在法学理论、法律逻辑及规范体系上存在明显缺陷,而且在交易实践中引发合同""倒签""、交易机会主义等不良现象。对合同形式自由与形式强制之间的关系、签字或盖章的规范意义、法定书面形式的构成要件及不遵守书面形式的法律后果缺乏深入、系统的理解,是形成立法瑕疵的主要原因。民法典合同编有必要对书面形式与合同成立之间的规范关系设计新的构造。",合同的成立;合同的形式;形式自由;形式强制;书面形式,D923.6,0,,法学三大刊论文/法学研究/书面形式与合同的成立.pdf
1182,买卖合同之规定准用于其他有偿合同,易军,中国政法大学,2016,1,88,109,合同法第174条具有明显的特质与重要的功能。在规范性质上，该条为不完全法条与准用性法条，其实质是类推适用；该条表明立法者明确承认法律漏洞的存在，并明确授予民事法官宽泛的司法造法的权力。从文义上看，得参照买卖合同规定的主体应为民事法官；该条中隐含的规范模态词为“应该”；该条所言参照包括全部参照（构成要件与法律效果参照）与部分参照（构成要件或法律后果参照）两种类型。就被参照的规范而言，该条所言“买卖合同”的外延应为实质意义上的买卖合同规定。就拟处理的合同纠纷而言，该条所言“其他有偿合同”是一个开放的范畴，一些兼有有偿无偿性的中间型态能否为该条所涵盖不无疑义。我国司法实践中涌现了相当数量的适用第174条的案例，但法院的说理太过简单。第174条适用中最为核心与关键的工作是类似性的认定，而合同性质当属类似性判断中最重要的因素。某有偿合同是一时性合同还是继续性合同，是财产性合同还是劳务性合同，是移转财产所有权合同还是移转财产使用权合同，是诺成合同还是实践合同，是有名合同还是无名合同等，都会对该条的适用即该有偿合同得否参照买卖合同规定产生决定性影响。在类似性判断中，尤应避免不合事宜地等量齐观。,参照;类推适用;有偿合同;买卖合同;准用,D923.6,43,,法学三大刊论文/法学研究/买卖合同之规定准用于其他有偿合同.pdf
1183,二元规范论视角下刑法第13条但书规定的解释论展开,李世阳[1],浙江大学光华法学院,2025,1,60,77,刑法第13条但书规定的既有研究预设了形式的犯罪概念与实质的犯罪概念，这使得但书规定的地位与功能依附于犯罪论体系的构建。从犯罪与刑罚的互动关系出发，但书规定中的“不认为是犯罪”既包括罪量未达到刑事可罚程度的情形，也包括不值得发动刑罚的情形，还包括犯罪与刑罚缺乏互动关联的情形。行为规范与制裁规范相结合的二元规范论，为犯罪与刑罚的互动关系提供了清晰、合理的表达方式，为构建但书规定的解释论体系提供了理论资源。从二元规范论出发，但书规定可以理解为“行为违反行为规范的程度尚不足以发动制裁规范”，具体包括罪量未达到刑事可罚程度、违反行为规范的程度降低至不足以发动制裁规范、制裁规范的发动无助于国民形成遵守行为规范的动机、行为规范的效力已通过行为人的事后行为得到及时维护这四种情形。据此，但书规定的出罪功能通过事前审查、事中衡量、事后恢复而得到具体化。,刑法第13;条但书;行为规范;制裁规范;犯罪论;罪量,D,,,法学三大刊论文/法学研究/二元规范论视角下刑法第13条但书规定的解释论展开.pdf
1184,互联网平台处罚权的法律规制,刘权[1],中央财经大学“龙马学者”,2025,3,54,71,当前平台处罚已经成为平台维护网络公共空间秩序的基本手段，实现平台处罚正义是确保平台经济高质量发展的关键。平台处罚权并非源于国家授权或委托，而是源于用户让渡的权利和国家设定的法定义务。平台处罚的实质并非追究违约责任，而是平台对违反平台规则行为实施的惩戒，是新型社会规范设定的制裁措施。平台既是市场经营者也是市场规制者，容易滥用和不当行使处罚权。为减少平台处罚权的失范风险，应对平台处罚的设定和实施加以规制。鉴于平台具有双重主体身份，对平台处罚的规制应采公私法融合的路径，平台处罚既要符合私法上的公平原则、禁止权利滥用原则，也要受公法上的过罚相当原则、比例原则等约束。为了保证平台处罚正义的完整实现，还需为平台处罚设定最低限度的正当程序要求。鉴于平台相对于用户处于优势地位，法院在司法审查中不应过于偏向平台自治，而应对平台处罚的实体公正性和程序正当性进行必要的实质性审查。,平台处罚;私权力;过罚相当;比例原则;正当程序,D922.11,,,法学三大刊论文/法学研究/互联网平台处罚权的法律规制.pdf
1185,互联网金融风险的社会特性与监管创新,许多奇[1],上海交通大学凯原法学院,2018,5,20,39,"将社会网络分析方法运用于互联网金融风险分析,得到互联网金融风险的两大社会特性:一是多节点之间的连接密度具有分散、降低金融风险和加剧金融风险积聚、扩散的双重作用;二是互联网金融风险的形成和社会放大受到“所嵌入的关系网络”的制约。由互联网建立起来的金融关系网络使互联网金融的系统性风险不仅具有复杂、传染快、波及广等基本特征,而且具有“太多连接而不能倒”以及“太快而不能倒”的新的表现形式。在我国互联网金融新业态近二十年的发展过程中,金融市场监管层分阶段地以包容性监管、原则性监管和运动式监管三种监管方式,对互联网金融风险进行了防范回应。实践表明,“一行三会”式的分业监管体制及缺乏科技支撑的传统监管模式难以遏制互联网金融的野蛮生长以及防范金融风险的积累和传染,须以先进的监管理念、信息共享与合作联动的监管主体、与基础风险源相匹配的监管原则以及科技化的监管模式为内容,建构互联网金融监管体系。当前我国金融监管改革使互联网金融监管朝着应然方向前进了一大步,而科技监管是互联网金融监管从应然走向新的实然的必由之路。",社会网络分析;互联网金融;金融科技;监管科技;创新监管,F830,0,,法学三大刊论文/法学研究/互联网金融风险的社会特性与监管创新.pdf
1186,交警非现场执法的规范构建,余凌云,清华大学法学院,2021,3,36,51,"针对交警非现场执法,2003年出台的道路交通安全法第114条先行作出了创制性规定,在其基础上,交警非现场执法的规范体系逐步形成.2021年修订后的行政处罚法第41条,吸纳了交警非现场执法规范的核心元素,并对其有所发展.不过,随着自动化行政从抓拍记录到自助处理的延伸运用,有待解决或回应的现实问题依然不少.对于暂时无法通过技术更新解决的问题,有必要引入或明确更多的制度规范予以回应,并通过道路交通安全法的修改,进一步丰富和完善交警非现场执法规范体系.",非现场执法;交警执法;行政处罚法;道路交通安全法,D,0,,法学三大刊论文/法学研究/交警非现场执法的规范构建.pdf
1187,人工智能与事实认定,栗峥[1],中国政法大学,2020,1,117,133,"人工智能与司法的深度融合,既体现在案件的法律适用环节也体现在事实认定环节,而事实认定是法律适用的前提。人工智能对案件事实认定的介入,需要将证据数据化、对数据进行运算整合、输出人可以理解的结论。在证据数据化环节,需要对证据进行结构化的数据改造,并克服语言障碍。在数据整合环节,人工智能主要以概率推理而不是因果推理作为逻辑推理方式,其算法也需要面对可计算性与复杂性两大难题。在结论输出环节,需要解决机器学习如何深化、信念如何建立与机器如何表达等难题。人工智能融入案件事实认定所面临的这些主要难题,可以尝试通过“小数据”训练,逐步构建人工智能“心智微结构”去慢慢攻克。",人工智能;事实认定;心智微结构;小数据,G63,0,,法学三大刊论文/法学研究/人工智能与事实认定.pdf
1188,人工智能时代的法律议论,季卫东[1],上海交通大学法学院,2019,6,32,49,"人工智能作为一种重要的技术手段,能够辅助法律议论,确保法律论证、推理、判断以及决定的客观性和中立性。但是,司法人工智能在提高同案同判水平和审判可预测性的同时,也容易导致法律议论流于形式,助长算法歧视。人工智能的深度学习离不开法律专家的介入和监督,智慧司法的系统构建应为法律解释和法律议论预留空间。为使人工智能真正有效地模拟法律议论,法律人需对法律背景知识体系进行梳理和电脑化处理,从一般条款、元规则入手,以法律论题学为媒介,建立价值标准体系。为实现价值判断的客观化,除为法律推理的价值体系建立论题目录、缔结关于法律议论的通信协议外,确立价值函数和价值权重也是一项重要任务。此外,还应开拓与人工智能相兼容的法律议论方式,将具体的场景和语境纳入法律议论电脑化的视野,开发相应的技术方法和模型。",人工智能;逻辑法学;法律议论;智慧司法;法律论题学,D92,0,,法学三大刊论文/法学研究/人工智能时代的法律议论.pdf
1189,人工智能时代著作权合理使用制度的重塑,"林秀芹[1,2]",厦门大学法学院、知识产权研究院,2021,6,170,185,"人工智能技术的兴起对传统的合理使用制度提出了严峻挑战.从结构主义整体观出发的研究表明,随着AI学习和创作的发展,传统版权法的""作者中心主义""和严格的""三步检验法""不能适应AI技术变革的需要.为了促进创新和AI技术的发展,合理使用应当扩张并进行制度重塑.首先应以""合理使用""这一术语替代""限制与例外"".其次,随着AI创作的兴起、人类作者角色的淡出和作者的""袪魅"",应当重构版权保护与合理使用的关系,将合理使用提升至与版权保护比肩的地位.再次,应当将为了AI学习、创作使用版权作品纳入合理使用的范围,但如果AI""输出""的作品与原作品实质相似,则应当属于版权人的控制范围.最后,我国著作权法应当采用灵活的、有弹性的合理使用立法模式.",人工智能;复制权;数据挖潜;合理使用;结构主义,D923.41;TP18,0,,法学三大刊论文/法学研究/人工智能时代著作权合理使用制度的重塑.pdf
1190,人民检察院法律监督的体系分析,王锴[1],,2024,1,39,54,法律监督是在当代中国宪法制度和实践中生成的标志性概念。从一般监督理念的确立，到一般监督不被强调直至被取消，再到一般监督理念的回归，具有中国特色的法律监督概念日渐成熟。要系统全面地把握中国法治理论与实践中的法律监督概念，有必要从宪法所构建的监督体系入手，理顺法律监督与宪法上其他监督之间的关系、法律监督与检察权之间的关系，以及法律监督与检察一体、独立行使检察权原则之间的关系。不同于宪法上明示或隐含的其他监督类型，人民检察院法律监督的监督内容只包括合法性，监督手段侧重程序性，监督方式强调与办案相结合。法律监督是检察权的本质属性，检察权指的就是检察机关所行使的法律监督权。宪法同时规定了检察一体原则和独立行使检察权原则，这两者之间存在张力，但都必须朝着有利于开展法律监督的方向发展。,法律监督;检察权;一般监督;检察一体;独立行使检察权,D,,,法学三大刊论文/法学研究/人民检察院法律监督的体系分析.pdf
1191,人民法院改革取向的审视与思考,"顾培东[1,2]",中南财经政法大学,2020,1,3,26,"20世纪90年代以来的人民法院改革,总体上潜含着对标形式主义法治司法模式的取向,其目标可概括为“让司法更像司法”。这种由内向视角导引的改革,对塑造我国司法的基础形态、完善司法的基本要件具有积极意义,但也在一定程度上造成了司法与社会需求的疏离,使司法改革的红利难以充分转化为社会的实际获得。在还原主义立场下回溯司法的基源性理论,司法是一种制度建构的产物、一种公共产品,司法应当尊重“消费者体验”。着眼于外向视角,提升司法能力亦应成为法院改革的取向之一。在今后继续深化推进司法责任制改革的过程中,应以影响司法能力的基本要素作为改革的着眼点,通过司法能力的提升实现司法的社会功能,满足和实现社会对司法的需求,以“让司法更能司法”。",法院改革;司法责任制;形式主义法治;司法能力,D92,0,,法学三大刊论文/法学研究/人民法院改革取向的审视与思考.pdf
1192,从关键证人回归必要证人：关键证人出庭作证逻辑反思,陈卫东[1],,2023,6,170,186,当下我国刑事司法实践中存在一种关键证人出庭作证逻辑，这种逻辑认为：证人并非原则上必须出庭作证，只有关键的少数证人才有必要出庭作证；关键证人的判断标准是证人出庭的不可或缺性或者不可替代性，是否属于关键证人的判断方式是法官预先审查庭前证言的证明力。关键证人出庭作证逻辑容易导致被告人对质权保障不力、虚假事实无法辨别、庭审虚化及侦查权控制失灵等问题。关键证人出庭作证逻辑的产生与司法实践中法官对证人出庭作证的消极态度、侦查中心主义、印证证明方式等有着密切关联。在我国推进以审判为中心的诉讼制度改革、加强庭审实质化的背景下，应积极通过法律解释路径，摒弃关键证人出庭作证逻辑，回归必要证人出庭作证逻辑，合理界定2018年刑事诉讼法第192条第1款的构造和内涵。,以审判为中心;庭审实质化;证人出庭作证;关键证人;必要证人,D,,,法学三大刊论文/法学研究/从关键证人回归必要证人：关键证人出庭作证逻辑反思.pdf
1193,从国家构建到共建共享的法治转向——基于社会组织与法治建设之间关系的考察,马长山,华东政法大学,2017,3,24,43,近四十年来，社会组织与法治建设之间的关系，在整体上呈现出一条以国家构建为主导的路线图。其间，政府监管部门在徘徊变革中力图打造“以社会管社会”的新格局，但功效欠佳；社会组织则在曲折成长中践行着民间构建行动，但作用乏力。这就导致法治进程中社会组织的功能性“不在场”，并促发了“两极结构”怪圈、汲取性机制风险、自律秩序不足、国家构建与民间构建错位等问题，严重制约了治理法治化秩序的生成。在“四个全面”战略布局下，从国家构建到共建共享的转型已成大势所趋，目前亟需重塑社会组织在法治建设中的使命和功能，进而迈向共建共享型的“法治中国”之路。,社会组织;国家构建;共建共享;法治秩序,D920.0,0,,法学三大刊论文/法学研究/从国家构建到共建共享的法治转向——基于社会组织与法治建设之间关系的考察.pdf
1194,从基本权理论看法律行为之阻却生效要件--一个跨法域释义学的尝试,章程[1],浙江大学光华法学院,2019,2,23,41,"法律行为因违法或悖俗而无效,向来是学界与实务聚讼的焦点。学界或借重域外学说,或整理本国案例,各种类型化的努力层出不穷。但就法学方法而言,无论何种类型化的研究,最终都必须走向释义学,才能提供稳定的评价系统。然而,法律行为阻却生效这一问题本质上涉及私法自治与其他价值的调和,已非奉私法自治为顶点的传统民法释义学所能涵盖,因此必须引入宪法基本权理论的视角,才能解决这一跨法域的释义学问题。依基本权理论,基本权的限制可以分为真正的基本权冲突与基于公益的基本权限制两类,从而限制法律行为的强制性规定与公序良俗也可分为基本权保护型和公益实现型两类规范。对于这两类规范的适用应采取不同的释义学框架,配合司法个案中自下而上的先例性规范抽取,以在此问题上最终建立起跨法域的释义学分析框架。",阻却生效要件;基本权;比例原则;务实协调原则;跨法域释义学,D913,0,,法学三大刊论文/法学研究/从基本权理论看法律行为之阻却生效要件一个跨法域释义学的尝试.pdf
1195,从数据生产到数据流通：数据财产权益的双层配置方案,宁园[1],,2023,3,73,91,数据财产权益的配置应以数据的“生产—流通”为分析框架，分别进行数据生产环节的数据控制权配置和数据流通环节的数据利用权配置，以统筹数据流通与利用中的秩序目标和效率目标。数据生产环节，数据控制权配置应以数据生产为依据，承认数据生产者对其生产的数据享有一般数据控制权。应明确数据生产的内涵，界分数据生产环节与其他投入性生产要素的生产环节，界分数据生产与数字劳动，避免数据控制权主体的泛化。数据流通环节，数据利用权配置可依意定和法定两种模式展开。数据利用权的意定配置包括数据控制者授权他人使用数据和公开数据两种形式。数据利用权的法定配置包括为保护特定利益所必需和为促进数据流通所必需两种典型情形。,数据生产;数据流通;数据控制权;数据利用权;“数据二十条”,D,,,法学三大刊论文/法学研究/从数据生产到数据流通：数据财产权益的双层配置方案.pdf
1196,从民事基本法律到基础性法律：民法典地位论,黄忠[1],,2023,6,53,72,我国现有理论多将民法典归入民事基本法律的范畴。民事基本法律的概念虽颇具中国特色，却内涵不明、效力模糊，且将民法典定位为民事基本法律会不当缩限民法典的效力范围，也不利于协调民法典与其他法律的关系，更不利于维护民法典的稳定与权威。民法典在调整对象、价值目标、法律功效、立法技术和立法过程等方面，均展现出其在整个法律体系中的基础性地位。习近平总书记关于民法典是一部“固根本、稳预期、利长远的基础性法律”的论断，既发展了法律体系理论，又深化了对民法典地位的认识，具有重要的理论原创性和实践指导性。从民事基本法律到基础性法律的地位提升，符合我国民法典的内在属性，契合宪法本旨和社会需要。作为基础性法律的民法典超越了民事基本法律的局限，在中国特色社会主义法律体系中具有根本法属性，对立法、司法和行政均有建构上和适用上的重要意义。,民法典;民事基本法律;基础性法律;宪法,D,,,法学三大刊论文/法学研究/从民事基本法律到基础性法律：民法典地位论.pdf
1197,从税收法定到税收法治的实践进阶——以进一步落实税收法定原则为中心,张婉苏[1],,2023,1,162,178,自2013年中央明确提出“落实税收法定原则”以来，我国税收法定原则的落实和税收法治建设取得了丰硕成果，但是税收领域主要采用的“一税一法”的平移立法模式，仍然存在税制过于简单、重点领域税制改革和立法任务仍未完成、各单行税法之间缺乏有机统筹和关联等问题。税收法定原则强调的法律保留，仅是税收法治的一项要求。作为一项形式原则，税收法定原则服务于税收实质公平正义的实现，应依税收法治的实质价值追求进一步完善税收法律体系、规范税收执法实践。贯彻落实税收法定原则，应以“良法善治”为根本要求，以更深层次的机制满足税收法治的价值追求和原则要求，实现从税收法定到税收法治的实践进阶。,税制改革;税收法定;税收法治;一税一法;税法典,D,,,法学三大刊论文/法学研究/从税收法定到税收法治的实践进阶——以进一步落实税收法定原则为中心.pdf
1198,从预约到前合同协议——合意多样性视角下的类型化,夏静宜[1],扬州大学法学院,2024,4,113,132,"通过对比较法上前合同协议各种形态的考察, 可以提炼出关于本约客观必要之点的合意、控制合同成立时点的合意、规范缔约过程的合意三项意思要素, 并以此为标准, 将前合同协议划分为“突破制度障碍型”“应对合同风险型”“赋予完结权型”“规范前合同行为型”四类。赋予完结权型在本约转化机制方面较为高效, 且具有经济价值, 但在我国司法实践中彻底缺位。我国学说多以某类前合同协议为模型, 划定预约的概念范畴, 进而推导出预约的效力规则。这种做法并无实益, 还将导致我们对前合同协议的想象固化于某种特定类型之上, 阻碍合意多样性的实现。采用前合同协议这一框架性概念统摄前合同阶段的各种合意, 并将前合同协议的效力认定诉诸对当事人合意的确定和解释, 是更为合理的选择。在开展现行法解释之际, 应当首先明确其所采用的预约模型是何种类型的前合同协议, 以及与之相适配的效力规则为何, 并在这种预约之外, 广泛认可其他类型的前合同协议的存在可能性。",预约;本约;前合同协议;缔约过失责任,D,,,法学三大刊论文/法学研究/从预约到前合同协议——合意多样性视角下的类型化.pdf
1199,他行为能力问题研究,陈兴良[1],北京大学法学院,2019,1,119,135,"他行为能力是一个在刑法理论中存在重大争议的概念,争议的焦点在于:如何确定他行为能力在犯罪论中的体系性地位。行为论的观点认为,他行为能力属于是否存在刑法意义上的行为的问题,应在行为论中考察他行为能力。不法论的观点认为,他行为能力是违法阻却事由判断的根据之一,应在不法论中考察他行为能力。责任论的观点认为,他行为能力是责任非难的根据之一,应在责任论中考察他行为能力。他行为能力是行为人选择实施其他行为的可能性,其与意志自由一体两面,属于刑法意义上的行为的成立要素。通过否定他行为能力的存在,可以排除行为的存在,从而否定犯罪的成立。因此,行为论的观点是正确的。",他行为能力;意志自由;行为论,D913,0,,法学三大刊论文/法学研究/他行为能力问题研究.pdf
1200,代理公开的例外类型和效果,"朱虎[1,2]",中国人民大学民商事法律科学研究中心,2019,4,82,101,"代理人公开代理但未公开被代理人的情形,仍属于民法总则第 162条的适用范围。合同法第 402条规定的代理人未公开代理而相对人知情的情形,是代理公开原则在具体情形中的进一步延伸。区分公开代理和不公开代理的标准并非名义,而是相对人是否知道代理事实,其适用范围应从意思表示解释角度严格认定。代理人未公开代理而相对人不知情的情形由合同法第 403条规定,该条并非效果直接归属规范,教义上可采取债权转让和债务移转的解释构造,具体规则虽有进一步补充完善的余地,但整体上能够在区分不同类型的风险的基础上妥当平衡被代理人、代理人和相对人的三方利益,具有价值正当性。",公开代理;不公开代理;间接代理;介入权;选择权,D923.6,0,,法学三大刊论文/法学研究/代理公开的例外类型和效果.pdf
1201,以习近平法治思想引领行政审判制度新发展,章志远[1],,2022,4,3,19,"中国特色行政审判制度是彰显习近平法治思想实践伟力的重要场域.人民法院应当将党的领导贯彻到行政审判活动全过程,在党委支持下依法独立行使行政审判权,筑牢行政审判的政治方向.依法保障人民权益是行政审判制度的根本目标,新时代人民法院应当不断提升人权保障的广度、深度和温度,努力让人民群众在每一个行政案件中感受到公平正义.人民法院通过维护国家法律统一适用、推动行政基本法典编纂和促进党内法规与国家法律衔接协调,将维护中国特色社会主义法治体系作为行政审判的政治自觉.人民法院在法治国家、法治政府、法治社会一体建设中具有外力驱动和利益衡平的广泛作为空间,能够将制度优势转化为治理效能.以习近平法治思想为根本遵循,人民法院行政审判工作质效将得到全面提升,中国特色行政审判制度也将为人类行政法治文明进步贡献中国智慧.",习近平法治思想;行政审判;法治一体建设;社会主义法治体系,D,,,法学三大刊论文/法学研究/以习近平法治思想引领行政审判制度新发展.pdf
1202,以审判为中心的刑事诉讼制度改革,魏晓娜[1],中国人民大学刑事法律科学研究中心,2015,4,86,104,十八届四中全会决定提出“推进以审判为中心的诉讼制度改革”，这触及了中国刑事诉讼结构中一个由来已久的症结。“以审判为中心”观念的缺失，造成了同一审级诉讼流程中审判的“离心化”和实际上的“侦查中心主义”，进而导致垂直审级结构中第一审的“失重”，在实践中引发了较为严重的后果和特殊的政治风险。推进以审判为中心的刑事诉讼制度改革，应当在两个方向上着手：在水平方向上，首先应当在宏观的侦查、审查起诉和审判的关系上实现“以审判为中心”，其中的关键在于抑制案卷移送制度的不良影响，同时为“审判中心主义”发掘更大的制度空间；其次在审判阶段应当做到“以庭审为中心”，其核心要求是保护被告方的对质权；法院判决的权威性来自公正的庭审，法院自身也不能脱离庭审来进行事实认定。在纵向的审级结构上，在打造坚实的第一审的基础上，确立第一审在事实认定方面的权威地位，同时合理界定和调整第二审和死刑复核程序的功能，确保第一审在整个刑事程序体系中居于“重心”地位。,诉讼阶段;以审判为中心;侦查案卷;以庭审为中心;对质权,D925.2,24,,法学三大刊论文/法学研究/以审判为中心的刑事诉讼制度改革.pdf
1203,以房抵债协议的法理分析——《最高人民法院公报》载“朱俊芳案”评释,陆青[1],浙江大学光华法学院,2015,3,62,81,"＂朱俊芳案＂中,当事人针对同一笔款项先后签订房屋买卖和借款合同两份协议,并在借款协议中约定某种＂以房抵债＂的处理方式。对此,最高人民法院以本案存在两个＂并存而又联系＂的合同关系来解释案涉协议的性质,试图通过现有合同法和债法规则,探索出审理＂以房抵债＂协议纠纷的新型路径,但在案件事实的梳理和案涉条款法理构造的解读上存在诸多值得商榷的地方。对于＂以房抵债协议＂的性质以及由此在当事人之间形成的具体法律关系,存在广泛的解释空间,应在现有法秩序框架下,结合当事人订立合同的主观意图、客观情势及相关民法原理和制度作出更为审慎的判断。就＂以房抵债协议＂与流押条款的关系,也应通过考察相关约定内容对当事人法律地位的实际影响后再作综合判断：一方面,需要避免对当事人意思自治的不当干预,另一方面,同样应该避免当事人通过＂以房抵债协议＂规避流押禁令的变相高利贷行为。",以房抵债;流押条款;让与担保;代物清偿;变相高利贷,D922.181,34,,法学三大刊论文/法学研究/以房抵债协议的法理分析——《最高人民法院公报》载“朱俊芳案”评释.pdf
1204,以罪名为讨论平台的反思与纠正,丁胜明[1],西南政法大学,2020,3,143,159,"我国刑法学界存在以罪名作为问题讨论平台的现象,但是,由最高司法机关确定的罪名与刑法规定的犯罪构成之间大多并非一一对应的关系,“多罪一名”是我国罪名体系的显著特征,以罪名作为问题讨论平台会带来诸多理论上难以妥善处理的问题。在刑法学研究中,应当严格区分罪名和犯罪这两个概念。刑法学的研究对象是犯罪,讨论刑法问题的基本平台只能是犯罪构成而不是罪名,分析刑法问题的基本单元是“一个犯罪构成”而不是“一个罪名”。罪数中的“罪”是指犯罪构成而不是罪名,具体的事实认识错误是指“同一犯罪构成”内的事实认识错误而非“同一罪名”内的事实认识错误,罪过是犯罪构成的罪过而非罪名的罪过。",罪名;犯罪构成;罪数论;错误论,D92,0,,法学三大刊论文/法学研究/以罪名为讨论平台的反思与纠正.pdf
1205,以鉴代侦：电子数据司法鉴定的扩张趋势及其制度回应,陈如超[1],,2024,3,174,190,电子数据司法鉴定大致可分为“发现型鉴定”和“分析型鉴定”两种类型。基于与电子数据收集提取、检查的功能等同性，公安机关时常以发现型鉴定代替侦查人员取证。分析型鉴定是电子数据“收集提取—检查—司法鉴定”递进式取证结构的最后一环，但因鉴定人有时集电子数据收集提取、检查、鉴定等功能于一体，故同样存在“以鉴代侦”的问题。以鉴代侦主要根源于公安机关的侦查取证能力、资源与常态化、专业化的电子数据取证需求不匹配。虽然以鉴代侦具有某种现实合理性，但其还是模糊了侦鉴边界，一方面规避了对公安机关侦查取证行为的制度控制，另一方面弱化了电子数据司法鉴定的独立性。为了应对电子数据司法鉴定的扩张趋势，一是要完善电子数据取证的专家辅助人制度，减少乃至避免发现型鉴定；二是在分析型鉴定中，合理限制鉴定人收集提取电子数据的范围，防止鉴定人自取自鉴，保障司法鉴定的客观独立。,电子数据;司法鉴定;侦查;以鉴代侦,D925.2,,,法学三大刊论文/法学研究/以鉴代侦：电子数据司法鉴定的扩张趋势及其制度回应.pdf
1206,仲裁协议主观范围理论的重构,陈杭平[1],,2023,2,189,206,"传统理论主张, 仲裁协议只对明示同意的签署人有效, 该主观范围理论已不合时宜。仲裁协议具有法律行为与诉讼行为的双重性质。法定“书面方式”概念极具延展性, 不会对仲裁协议主观范围扩张造成实质障碍。意思表示解释二元论及程序选择理论, 为仲裁协议约束非签署人奠定了理论基础。在单一合同关系下, 非签署人可因添加或变更而受合同所含仲裁协议的约束。在多个合同关系下, 基础合同的仲裁协议可对关联性合同的当事人有效。应基于有明示的从明示、无明示的准推断(推测、视为) 之路径, 重构仲裁协议主观范围理论, 使之更加包容、开放以满足复杂仲裁的实践需求。",仲裁协议;主观范围;意思表示;书面方式;程序选择,D,,,法学三大刊论文/法学研究/仲裁协议主观范围理论的重构.pdf
1207,价格行为规制的法理逻辑——基于整体价格法秩序的视角,刘凯[1],,2023,4,152,168,全面深化改革背景下，价格法治的核心目的在于促进价格机制的有效性，实现市场对资源配置的决定性作用。对经营者价格行为的规制，应遵循价格自由优先和特定情境下的公益损害原则。以价格行为规范体系为基础，特定情境可以类型化为非常法律状态、垄断和信息不对称三种情境。公共利益指向由经济安全秩序、公平竞争秩序、公平交易秩序构成的整体价格法秩序，运用比例原则以价格行为规制促进效应和削弱效应的均衡为基准，可实现经营者定价权与不正当价格行为规制权之间的平衡。价格法第14条可删除牟取暴利条款，厘清价格欺诈、低价倾销等规范的边界，拓展新业态下的价格歧视行为规范，实现不正当价格行为规制的体系重构。,价格行为;价格法;哄抬物价;低价倾销;价格欺诈;比例原则,D,,,法学三大刊论文/法学研究/价格行为规制的法理逻辑——基于整体价格法秩序的视角.pdf
1208,优先股与普通股的利益分配--基于信义义务的制度方法,潘林[1],山东大学法学院,2019,3,93,110,"优先股跨越了股权与债权的边界。股债融合中股权与债权经济利益状态的趋同、组织法与合同法权利行使机制的交叉,带来了股东间复杂的利益竞争。优先股合同权利空间或是被组织挤压,或是在组织中膨胀,合同与组织陷入双重失序。优先股是股不是债,优先股合同权利的边界应在组织法的框架下划定。作为标准的信义义务制度匹配了金融工具创新以及公司法的授权性,其关键在于法官通过何种方法适用模糊的法律标准以及切入复杂的商事交易。通过董事决策程序引导、控制公司决策的公平性,是信义义务司法审查中首要与核心的方法论。结合证明责任的分配机制,优先股与普通股利益分配的公平性也可能通过计算分析和判断。由是,回应股债融合中的利益竞争,提升对信义义务制度的微观适应,一种可能的路径在于:程序层面,对公司治理中决策过程的认知从法律行为语境下的格式规范进化到商事交易语境下的程序公平;计算层面,在定量裁判思维下重新认识公司价值计算的意义。",优先股;信义义务;商业判断规则;整体公平;司法审查,D922.291.91,0,,法学三大刊论文/法学研究/优先股与普通股的利益分配基于信义义务的制度方法.pdf
1209,住房反向抵押的制度反思与规范构建,程威[1],,2023,1,55,73,住房反向抵押是以房养老模式下补充养老财务保障的重要制度，其实施中出现老年人参与范围局限、财务不稳定性突显以及非借款配偶方权益保护不足等问题。根本成因在于老年人认知弱化与住房反向抵押复杂性的紧张关系、住房反向抵押养老功能与金融机构营利追求的内在冲突、当事人利益保护规则失当等。住房反向抵押的实施应选择银保合作模式，并借助强制咨询制度控制老年借款人的事前风险，通过设置政府支持的保险基金来减轻老年借款人与贷款人的事后受损风险。关于借款人的保护，应借助成年监护制度协助借款人决策，落实贷款人适当性管理义务以优化信息披露，设置居住延期保护规则维护非借款配偶方权益，确定处分清算机制强化继承人利益协调。关于贷款人的保护，应借助约束性条款预先涤除在先担保权益，确保住房反向抵押债权的预期实现，并通过资产证券化控制流动性不足的风险。,以房养老;反向抵押;信息披露;成年监护;担保债权,D,,,法学三大刊论文/法学研究/住房反向抵押的制度反思与规范构建.pdf
1210,体系化视角下的意定代理权来源,尹飞,中央财经大学法学院教授,2016,6,49,69,就意定代理权的来源，我国学理上和司法实践中存在一元说和二元说的不同认识。一元说认为代理权仅来自于代理权授与行为，二元说则认为代理权的来源还包括代理人的职务。我国民法总则编纂过程中，目前的草案实际上采用了二元说。但二元说无法涵盖实践中代理权的各类来源，而且会造成司法实践中新的困扰。就德国法来看，其代理权来源的抽象原则是指代理权的来源区别于其基础关系而独立存在。代理权的来源包括法律直接规定特定代理人的代理权以及被代理人的代理权授与行为两种情形。结合我国民商合一的立法体制和代理制度复合继受的背景，我国民法典应当承认意定代理权来源的多元论，即除代理权授与行为之外，代理权还可以来自于法律的直接规定、社会一般观念或者交易习惯以及当事人之间的基础关系。,意定代理;代理权来源;职务代理,D923,0,,法学三大刊论文/法学研究/体系化视角下的意定代理权来源.pdf
1211,作为个人信息跨境传输监管工具的标准合同条款,金晶[1],,2022,5,19,36,个人信息保护法第38条第1款第3项规定的“标准合同”，是个人信息跨境传输的监管工具。标准合同条款既拘束进出口双方，亦具有第三人保护功能，形式上是合同条款，内容上由国家预先决定并强制纳入，兼具个别规范和国家法规范的双重属性。进出口方的个人信息保护义务是个人信息跨境传输合同的主给付义务，是法定义务的合同化，包括个人信息安全义务，个人信息安全事件的通知、补救、减损义务，告知义务，目的限制义务，合规审计义务等。基于受益第三人条款，个人信息主体享有更正、删除等权利和违约损害赔偿请求权。国家网信部门制定标准合同条款构成对个人信息保护法的具体化适用，应限于授权范围，遵循比例原则，合理确定条款的强制使用机制和内容强制程度。,个人信息;跨境传输;标准合同条款;利益第三人合同;比例原则,D,,,法学三大刊论文/法学研究/作为个人信息跨境传输监管工具的标准合同条款.pdf
1212,作为规范的技术标准及其与法律的关系,"陈伟[1,2]",,2022,5,84,100,标准化过程是科学技术与价值判断相融合的合理化过程。技术标准是对生产过程、产品或环境质量之合理定型的规范系统，是量化指标最集中、与法律互动最频繁的标准之一。技术标准并非公法规范，无论对于公法还是私法，技术标准的功能都是提供合理定型的一种参照规定。强制性标准的法律效力来源于公法规定而非标准本身，该强制性是公法执行上的强制性而非私法适用上的强制性。技术标准的“规范性法律效力”并非标准的法律效力，而是法律本身的效力。在立法、执法和司法过程中，特定事实需要借助标准予以重构或建构后，方能以可接受的成本为法律所识别，此乃标准可以在法律中被援引的根本原因。在行政执法和司法裁判的大部分案件中，基于能力和成本的考虑，宜尊重标准的合理定型功能；如果个案中确实存在更好的合理定型事实的工具，则应当用此种工具取代之。,技术标准;合理定型;强制性标准;合规抗辩;环境标准,D,,,法学三大刊论文/法学研究/作为规范的技术标准及其与法律的关系.pdf
1213,作品名称的多重功能与多元保护——兼评反不正当竞争法第6条第3项,彭学龙[1],中南财经政法大学知识产权研究中心,2018,5,115,135,"作为文化创意领域重要的商业标志,作品名称发挥着微妙的标识作用,牵涉多重复杂的权利关系。申言之,如能发挥标示和区分特定作品的功能,作品名称宜受标题权保护;尚若实际起到标识作品出处的作用,作品名称又可纳入商标保护范围。而对于名作名篇,作品名称还具备宣传促销功能,其商品化权亦当受到法律调整。在反不正当竞争法修订之前,中国法律只能比照“知名商品特有名称”给予知名作品名称极为有限的保护,较之欧美法律尚存不小差距。这就决定了,一方面,在中国本土,作品名称难以得到有效保护;另一方面,在海外市场,中国企业维权和规避法律风险的能力又会明显不足。反不正当竞争法的修订在我国引入作品名称保护制度方面进行了有益探索。虽然其第6条第3项最终只明确提及“域名主体部分、网站名称、网页”,但其列举式立法模式和第4项兜底条款,为给予曾出现在修订草案中的“频道、节目、栏目的名称及标识”和图书、报刊、电影、软件、游戏名称和标识的适当保护预留了合理空间。就短期而言,可在后续司法实践的基础上进一步修订第6条第3项,建立更具针对性的作品名称保护制度;从长远考虑,则应同时修订反不正当竞争法和商标法,将作品名称纳入商标法的调整范围,正式确立标题权。",作品名称;标题权;商标权;商品化权;反不正当竞争法,D922.294,0,,法学三大刊论文/法学研究/作品名称的多重功能与多元保护——兼评反不正当竞争法第6条第3项.pdf
1214,依法律行政原理的移植与嬗变,王贵松[1],中国人民大学法学院,2015,2,80,98,依法律行政，旨在藉由法律的合理性控制行政的恣意，并获得法的安定性和民主性，它是近代形式法治国家的产物，是自由主义与民主主义的结合。德国依法律行政原理经由奥托·迈耶的提炼基本定型，经由美浓部达吉等人传至日本，并影响了我国早期的行政法学。在新中国，依法行政逐渐得到强调。这种转变既有行政立法高涨的现实影响，也有方法论上的原因，但更多缘于全国人大一行政机关一司法机关的权力格局。从全国人大与国务院的宪法关系来看，应当重新确立依法律行政原理，并从行政诉讼上为依法律行政提供保障机制，同时摒弃依法行政中的某些错误观念，以确保法治国家的真正实现。,法治国家;依法律行政;依法行政;法律保留,D912.1,81,,法学三大刊论文/法学研究/依法律行政原理的移植与嬗变.pdf
1215,依法治国与深化司法体制改革法官责任制度的三种模式,陈瑞华[1],北京大学法学院,2015,4,3,22,随着司法制度的不断发展和完善，我国的法官责任制度逐渐形成了三种模式。其中，结果责任模式发端于错案责任追究制，后被纳入违法审判责任制，如今则被视为防范冤假错案的重要制度保证。程序责任模式滥觞于违法审判责任制，如今则成为法院进行案件质量评查、对法官确定奖惩措施的主要依据。随着新一轮司法改革的推进，法学界发出了尊重司法规律、重构法官责任制度的呼声，一种主要针对法官违背职业伦理行为来构建法官责任的新模式——职业伦理责任模式，逐渐出现在各种司法改革的方案之中。上述三种模式都是司法体制改革的产物，都有各自得以存在的制度空间，也都有相应的局限性和实施障碍。通过总结我国法官责任制度的发展经验，可以为未来法官责任制度模式的选择确立一些基本准则。,法官责任制度;结果责任;程序责任;办案责任;职业伦理责任,D929,38,,法学三大刊论文/法学研究/依法治国与深化司法体制改革法官责任制度的三种模式.pdf
1216,依规治党与依法治国的关系,王若磊,中共中央党校政法部副教授,2016,6,17,28,依规治党与依法治国的关系问题在当前语境下关乎法治中国道路的前途。回答这一问题，重点是要正确认识党在法治中国建设中的地位，正确理解依规治党缘何成为依法治国的关键，努力探索依规治党和依法治国如何进行对接。现实中存在着不同的珐治发展道路，而政党主导下的法治模式本质上由法治的政治性所决定，它要求后发法治国家在法治秩序建构中存在权威作为动力机制和保障装置。在保障权威的前提下实现权威守法，首先需从执政党内部严格依规治党做起，因此依规治党是依法治国的关键。然而，依规治党并不等同于依法治国，实现二者对接，要不断提高依规治党的法治化水平，以及不断提高依规治党与依法治国的系统兼容性和机制协调性。,依规治党;依法治国;党内法规;从严治党;政党与法治,D920.0,0,,法学三大刊论文/法学研究/依规治党与依法治国的关系.pdf
1217,侦查讯问录音录像制度的功能定位及发展路径,董坤[1],最高人民检察院检察理论研究所,2015,6,156,173,从历史沿革和立法意图看，2012年刑事诉讼法增设侦查讯问录音录像制度的目的在于规范侦查讯问行为，防止刑讯逼供；证明讯问过程的合法性；客观{己录审讯内容，保障讯问笔录的公信力和确定力，防止翻供。基于决定主体的不同以及录音录像口供功能的有无，不同国家和地区讯问录音录像的制度模式可以分为权利保障型和权力主导型。权利保障模式更加尊重犯罪嫌疑人的沉默自由和自主选择录音录像的权利，在此模式下，被讯问人供述的自愿性以及肖像权、隐私权等得到充分保障，录音录像具有口供功能。权力主导模式以规制侦查讯问行为为目标，赋予侦查讯问方录音录像的决定权，犯罪嫌疑人一旦放弃沉默往往会被强制录音录像，其供述自由和肖像权、隐私权等权益面临被侵害的风险，录音录像的口供功能被弱化。因亲缘于权力主导模式，加之我国的侦查讯问环境，我国讯问录音录像的口供功能难以发挥，所以有必要向权利保障模式转型，实现其功能的多元化。,侦查讯问录音录像;权利保障模式;权力主导模式,D956.152,65,,法学三大刊论文/法学研究/侦查讯问录音录像制度的功能定位及发展路径.pdf
1218,侵害人视角下的正当防卫论,陈璇[1],中国人民大学法学院,2015,3,120,138,"为扭转我国正当防卫审判实践中长期存在的唯结果论倾向,有必要从侵害人的视角出发,对正当防卫的教义学研究重新加以审视。正当防卫的本质除了法益保护,还在于侵害人因违反不得侵害他人法益的义务,主动使自己陷入法益冲突的险境,从而使自身法益的值得保护性下降。侵害人法益值得保护性的下降程度影响着防卫权边界的划定,从而与防卫限度的判断密切相关。如果站在实施防卫行为时,综合考量侵害行为给有效防卫造成的困难、侵害人给防卫人的安全带来的危险程度,能够认定防卫行为是为有效、安全地制止不法侵害所需的最低限度反击手段,则侵害人法益的值得保护性归于消灭,除非被损害的法益与被保护的法益在价值上存在极端悬殊的差别。",正当防卫;法益的值得保护性;防卫限度;自招防卫,D924,63,,法学三大刊论文/法学研究/侵害人视角下的正当防卫论.pdf
1219,侵权责任与隐私权——责任人和行为人分离情形下的考量,窦海阳[1],,2024,2,115,134,在监护、劳动、教育、安保等关系的侵权责任中，责任人和行为人相分离。在责任的压力下，责任人可能主动采取对行为人隐私权产生消极影响的监控、披露等防范措施。对未成年人、精神障碍者、劳动者、学生、公众场所活动者等行为人的隐私权，套用一般模式进行保护并无实益，而应将其作为责任的设置与解释是否合理的必要条件考虑进去，从而前置性地消除主动的侵害因素。要达到责任的合理性，需从技术的抽象中还原责任人与行为人之间关系的全貌，综合考虑关系的多层内容及价值导向，将隐私权作为反制隶属而体现行为人人格尊严与自主自决等价值的有力工具。针对行为人隐私权在典型意义上的内容及侵害样态，可设置更具体的规则。新技术对行为人隐私权内容及侵害样态的影响应当反映在具体规则上，对新技术的规制不能代替责任的合理设置与解释。,隐私权;监护人责任;用人单位责任;学校责任;安全保障责任,D,,,法学三大刊论文/法学研究/侵权责任与隐私权——责任人和行为人分离情形下的考量.pdf
1220,侵权赔偿体现知识产权价值的民法原理,李承亮[1],,2022,3,125,140,"除了造成知识产权消灭和对商标造成不良影响等例外情形,侵害知识产权赔偿责任的价值基础并不是知识产权在转让市场的价格,而是知识产权在许可使用市场的价格即许可使用费.侵害他人知识产权并不必然影响被侵权人及其被许可人的使用,并不必然造成可得利益损失.被侵权人没有遭受按照许可使用费计算的可得利益损失时,仍可能基于不当得利法请求侵权人为非法使用支付使用费.各知识产权单行法并未将许可使用费赔偿规定为损害填补型责任,而是规定为得利返还型责任.许可使用费赔偿在构成要件上属于侵权责任,在法律后果上却与不当得利返还相当.这个意义上的许可使用费不是推定的可得利益损失,而是使用本身的价值.只要被侵害知识产权能通过市场定价,对该知识产权的使用就能通过市场定价,被侵权人也就能请求许可使用费赔偿.在多元赔偿责任并存的法律框架内,许可使用费赔偿可以代替不当得利价值返还为被侵权人提供最低救济.侵权赔偿体现知识产权价值的主要途径不仅在于按照许可使用费确定赔偿数额,还在于按照许可使用费确定最低救济标准.",价值赔偿;许可使用费;可得利益损失;不当得利返还;得利返还型赔偿,D,,,法学三大刊论文/法学研究/侵权赔偿体现知识产权价值的民法原理.pdf
1221,侵犯公民个人信息罪“情节严重”的法理重述,石聚航[1],南昌大学法学院,2018,2,62,75,“情节严重”的认定是侵犯公民个人信息罪的关键问题之一。司法解释对“情节严重”的认定采取了混合认定模式，这容易导致犯罪评价次序错位、“情节严重”内涵不清、刑法有演变为风险防控法之虞、司法实践认定“避难就易”等后果。理论上应当明确“情节严重”属于违法构成要件要素，其内涵是反映法益侵害程度的客观事实；在界定“情节严重”的内涵时，应摒弃人身危险性、恶劣社会影响等要素；违法所得数额与侵犯公民个人信息罪的法益侵害及其程度没有必然联系，不应被规定为“情节严重”的认定标准之一。,侵犯公民个人信息罪；情节严重；混合认定模式,D924,0,,法学三大刊论文/法学研究/侵犯公民个人信息罪“情节严重”的法理重述.pdf
1222,促进人与自然和谐共生的中国式法律协同观,张璐[1],,2023,3,19,35,生态利益作为促进人与自然和谐共生的核心利益诉求，具有时代同步性、利益共生性、层次拓展性之特征。对生态利益的完整回应与表达，是构建促进人与自然和谐共生法治体系的核心要求，应通过不同层次法律协同的展开予以实现。通过法律与党内法规的协同，以党内法规带动法律规范体系“生态化”转型创新，并推进两者的规则衔接与协调，能够体现和规范执政党对构建人与自然和谐共生法治体系的领导，充分体现生态利益的时代同步性特征。通过传统法律部门与环境法的协同，构建以生态利益为导向的利益衡量与转化机制，能够在推进生态利益与经济利益的共存共生中保障生态利益的实现。通过单个环境要素立法与系统性环境立法的协同，以环境司法专门化为主要实践路径，提升环境法对生态利益表达的整体性与系统性，能够充分回应基于“更优美的环境”而形成的生态利益层次拓展需求。,中国式现代化;人与自然和谐共生;生态利益;党内法规;环境司法,D,,,法学三大刊论文/法学研究/促进人与自然和谐共生的中国式法律协同观.pdf
1223,保底信托效力认定的类型化,吴至诚[1],,2022,6,113,131,根据受托人是不是承担保底之债的主体，可将保底信托分为直接保底信托与间接保底信托。保底信托违反信托财产独立性以及放任受托人违反信义义务的批评未能区分强制性规范与任意性规范，且将效力规制与履行规制混为一谈，均不足以否定其效力。我国保底信托效力认定规则的变化与英国信托法中信托与金钱之债互斥以及受益人间不负作为之债的法理存在差异，其真正变因是信托司法对监管立场的部分接纳。法院应对“九民纪要”第90条、第92条进行目的解释而非文义解释，并基于系统性风险认定保底信托的效力。对保底信托效力进行类型化展开时，除基于系统性风险之认定标准外，还可以将无效法律行为转换制度、法律行为部分无效制度作为补充依据。,结构化信托;保底条款;刚性兑付;系统性风险;法律行为,D,,,法学三大刊论文/法学研究/保底信托效力认定的类型化.pdf
1224,保理法的再体系化,李宇[1],,2022,6,93,112,民法典保理合同章呈现浓郁的议题色彩，存在保理交易特别规范和债权让与一般规范交织、负担行为与处分行为规范共存等现象。议题式的法典仍需体系化地适用。保理法再体系化的要义在于：在民法典之外，确立保理交易法与保理业法的合理区隔；在民法典之内，对保理合同章的诸规范作层层拆分、还原，发掘其中的总则性规范品性，最大化地发挥其统领债法及贯通债物二法的体系效益。保理交易法具有价值中立性，不含管制目的；保理业法关于主体、客体、内容等事项的监管规定不影响保理合同构成与效力，亦不影响保理合同章中债权让与规范的适用。有追索权保理规范兼具让与担保一般规范的意义，可以为各类让与担保提供支持。应收账款转让登记制度外接质押登记制度和其他登记对抗主义规则，彼此的外观歧异并不意含内在差别，而是基于同一法理：应收账款转让未经登记的，不得对抗扣押债权人、破产债权人等第三人。登记作为公示方法具有压倒性优势，民法典第768条中的通知对抗规则和按比例取得规则仅具理论意义。,保理;债权让与;有追索权保理;无追索权保理;让与担保,D,,,法学三大刊论文/法学研究/保理法的再体系化.pdf
1225,保险人明确说明义务批判,马宁[1],西北政法大学,2015,3,102,119,"保险合同法可以体系化地解读为意思自治、给付均衡与合理期待三个核心原则的组合。立法者希望籍说明义务来消减信息不对称,贯彻意思自治。但在建构制度规范时,并未考虑信息传送方的履行成本,对信息接收方的识别成本与关注焦点也存在认识误区。这种过度理想化的设计已被实践证明是失败的。立法应废止实质性的明确说明义务,代之以形式化的信息提供义务。对于意思自治的不足,可以通过提升给付均衡度和更有效保障被保险人对获取保险产品的合理期待加以填补。",保险合同;免责条款;说明义务;制度成本;意思自治,D922.16,57,,法学三大刊论文/法学研究/保险人明确说明义务批判.pdf
1226,保险法上如实告知义务之新检视,李飞,南京师范大学法学院,2017,1,140,156,从加强保险消费者保护原则与对价平衡原则来检视投保人如实告知义务具有重要意义。在告知义务的履行方式上，应以文字询问取代书面询问。在告知义务的范围方面，现行法采取了有限告知主义；判断是否为重要事项应采取依保险人各自的风险评估机制决定的主观标准兼由市场上保险人群体的一般形象决定的客观标准；投保人的告知内容限于其已知事项。就告知时期而言，应将投保人履行告知义务的期间限定在投保人为缔约的意思表示时。投保人违反如实告知义务时，应依其主观过错的不同确定相应的法律效果。投保人因故意违反如实告知义务时，保险人可以在不行使解除权的前提下，选择变更保险合同，却不能撤销保险合同；投保人因重大过失违反如实告知义务时，保险人虽然可以行使解除权，但应受到单方变更权的限制，同时，保险人承担赔偿责任时应以“比例原则”替代“全有或全无原则”；投保人非因故意或重大过失违反如实告知义务时，保险人的单方变更权也有适用余地。,保险消费者保护;对价平衡;如实告知义务;保险合同,D922.284,0,,法学三大刊论文/法学研究/保险法上如实告知义务之新检视.pdf
1227,保险法因果关系判定的规则体系,武亦文,武汉大学法学院,2017,6,129,145,保险法因果关系的判断只涉及责任成立的问题，而同责任范围并无关联。在因果关系能够确定的情形下，应当在类型化基础上适用不同的因果关系判定规则。前后相继型因果关系是英美法中适用效力标准的主力近因规则的前提。同时作用型因果关系中，进一步区分同时独立作用型和同时协同作用型两种型态，前者宜以充分条件为判定规则，后者应以条件说判定因果关系，但由于条件说无法在积极意义上肯定保险责任的成立，故需结合其他责任判断要件判定保险人是否应承担保险责任。介入其他因素型因果关系中，应考察介入原因力得否中断先前因果关系发展型态。在因果关系不明的情形下，应考察当事人对因果关系不明的可归责性，在此基础上借举证责任解决保险责任承担问题。若双方对于因果关系不明均不具归责性，法院可根据具体案情判决保险人按照相应比例赔付。保险人责任承担的判断以保险法因果关系的判断为基础。但仍须结合其他因素认定。,保险法 因果关系 近因规则 保险责任,D922.284,0,,法学三大刊论文/法学研究/保险法因果关系判定的规则体系.pdf
1228,保险法安全维护义务的体系定位与规则重塑,马宁[1],苏州大学王健法学院,2021,6,90,108,"除了损害填补合同的基本属性,保险还具有参与社会治理的风险规制工具的附加属性,这要求在保险法体系中融入促进风险治理的理念,并完善作为风险治理核心技术的安全维护义务.立法应限定安全维护义务的内容边界与表述方式,引入内容重要性与明确性要件,前者为足以影响保险人决定是否承保或提高保险费率,后者为足以确定具体风险(变动)类型与范围.当被保险人违反安全维护义务而保险事故尚未发生时,保险人有权要求增加保费或解除合同,但必须满足催告被保险人履行安全维护义务的前置条件,而保险人合同解除权的行使无须设定主观要件与因果关系要件.若保险事故已经发生,则应严格限制保险责任的免除,设定包含故意和重大过失的主观要件与因果关系要件,并在重大过失情况下适当引入比例责任.",风险治理;安全维护义务;解除合同;保险责任;比例责任,D922.284,0,,法学三大刊论文/法学研究/保险法安全维护义务的体系定位与规则重塑.pdf
1229,保障房租赁与买卖法律关系的性质,凌维慈,华东师范大学法学院,2017,6,61,73,在给付行政领域，当行政机关委托第三方私人承担给付行政任务时，需解决私人主体与受益人之间是私法关系抑或公法关系的难题。保障房租赁与买卖作为私人承担给付行政的一种方式，为此难题的研究提供了绝佳的素材。保障房的租赁与买卖作为民事合同，可以一定程度实现公法上的给付目的，但也存在其局限性。我国公有租赁住房的产权功能和经济适用房的产权属性是导致其局限性的重要原因。针对在我国特定情形下的保障房租赁和买卖关系，立法与司法应建构双阶法律关系，将其分为行政行为和合同两个阶段，以有效消除不正当使用保障房的行为，并保障受益人和其他潜在受益人合同缔结的权利。,保障房 给付行政 双阶理论 行政协议,D923.6,0,,法学三大刊论文/法学研究/保障房租赁与买卖法律关系的性质.pdf
1230,信息网络传播权及其与广播权的界限,刘银良,北京大学法学院,2017,6,97,114,《世界知识产权组织版权条约》（WCT）规定的向公众传播权和向公众提供权是信息网络传播权的国际法渊源，在立法目的指引下对其进行文本解读有助于界定信息网络传播权的范畴并厘清其与广播权的界限。WCT和著作权法规定的向公众提供作品使公众成员可在其个人选定的时间和地点获得作品，应依据法律本文进行解释，不宜附加额外要求。信息网络传播权和广播权属基本平行的两种传播权，其界定应以承载作品的信号在传播介质中保留的时间长短为依据。网络实时直播或转播属广播权范畴，而把作品提供于互联网空间使公众可在个人选定的时间和地点获得之行为，包括网络定时循环播放影视作品，属信息网络传播权范畴。著作权法第三次修订宜扩展广播权，使之包括有线广播及对有线广播的有线转播等传播方式，藉以弥补我国著作权法下广播权的缺陷。,信息网络传播权 广播权 向公众提供权 向公众传播权,D923.41,0,,法学三大刊论文/法学研究/信息网络传播权及其与广播权的界限.pdf
1231,信息网络传播行为的认定,刘文杰,中国传媒大学文法学部,2016,3,122,139,围绕着作品传播，存在两类性质不同的行为。一类是将作品本身作为最终产品的行为，可以称为“内容提供”，另一类是不过问作品内容只为他人的内容提供援以技术设备辅助的行为，可以称为“技术支持”。区分内容提供与技术支持，其标准不在于支持内容传播的技术特征，而在于将内容向公众开放或传播的意思支配。具体来说，内容提供表现为发起作品的开放或有体／无体传输，从而使得行为人处在可就作品本身向用户收取对价的位置上。信息网络传播权的设立是为了因应新技术带来的网络用户在其选定的时间和地点得以接触作品的可能性，自备服务器提供作品只是可能性之一种，将利用他人服务器乃至不依赖服务器而提供“选定时间和地点”服务纳入信息网络传播权的范围，才更符合该项权利之设立宗旨。单就网页传播而言，可以通过观察服务商网页源代码的编写方式来区分内容提供与技术支持。一般来说，如果代码指向的网页呈现只是一个链接标识，属于技术支持，如果代码旨在将内容本身调入网页，则属于内容提供。,信息网络传播行为;服务器标准;用户感知标准;加框链接;网页源代码,D923.41,60,,法学三大刊论文/法学研究/信息网络传播行为的认定.pdf
1232,信托受托人忠实义务的功能诠释与规范重塑,杨秋宇[1],,2023,3,149,167,在信托关系中，受托人具有无法以传统信息规制手段消解的客观信息优势，并享有对信托事务的自由裁量权，存在更高的机会主义风险。忠实义务应对受托人机会主义风险的独特机理，使其成为约束信义关系的核心规范。为受益人利益积极行事，应作为受托人忠实义务中积极面向的基础性规则，强调受托人应将实现受益人利益作为行为宗旨。衡量受托人是否勤勉的注意义务应以之为前提。忠实义务中消极面向的两项禁止性规则的规范逻辑均为防范利益冲突，故禁止利益冲突规则应当吸纳禁止利益取得规则。禁止利益冲突规则派生出自我交易规则和公平交易规则，分别约束受托人与信托财产的交易和受托人与受益人的交易。我国信托法应当以第28条为中心整合忠实义务的消极规则，扩张解释自我交易规则约束的交易类型，并将受托人的关联方作为适用对象。同时增补公平交易规则，要求受托人证明其与受益人交易时已充分披露相关信息并支付公平对价。,信义义务;忠实义务;禁止利益冲突;自我交易;公平交易,D,,,法学三大刊论文/法学研究/信托受托人忠实义务的功能诠释与规范重塑.pdf
1233,信用惩戒适用行为人责任的法理及其限度,伏创宇[1],,2023,6,37,52,经典的行政行为形式理论与行政行为约束机制，能在一定程度上防止信用惩戒权的恣意扩张，但仍不足以充分约束信用惩戒。相当数量的信用惩戒措施适用了行为人责任的归责方式，具有人格归责的属性，而经典行政行为主要适用行为责任。适用了行为人责任的信用惩戒，在一定程度上超出了经典行政法机制的调控范围，应在厘清行为人责任与行为责任之关系的基础上，有针对性地对信用惩戒施以约束。行为人责任在信用惩戒中的适用，有间接适用和直接适用两种方式。间接适用行为人责任的信用惩戒，是对经典行政行为方式的革新，应当在遵循行政合法性要求的基础上，服务于更好地履行行政任务，围绕行政活动目的来设定。直接适用行为人责任的信用惩戒，应当着眼于违法预防和保护重大社会公共利益，以行为责任不足以实现违法预防之目的为前提，遵循成本效益原则来设定。,社会信用体系;信用惩戒;行政处罚;行为人责任;失信,D,,,法学三大刊论文/法学研究/信用惩戒适用行为人责任的法理及其限度.pdf
1234,信赖作为受贿犯罪的保护法益,金鸿浩[1],,2024,1,148,165,保护法益是受贿犯罪研究中的核心论题之一。廉洁性说的通说地位瓦解后，客观进路的公正性说、不可收买性说、不可谋私利性说成为有力观点，但也面临外延不周等问题。主观进路的信赖法益说，主要因其内涵模糊而受到质疑，但上述质疑可以得到解释与回应。在认识论上，通过明确受贿犯罪信赖法益的国家法益属性、感情法益属性、部分可恢复性法益属性，对其内涵进行必要填充，更能揭示受贿犯罪危害国家政治合法性的本质特征。在方法论上，对于“利用职务上的便利”，应重点审查危害行为与信赖法益之间是否具有职权关联；对于“非法收受他人财物”“为他人谋取利益”，则应分别审查危害行为是否对廉洁性和公正性的信赖法益造成侵害，从而使保护法益与构成要件保持协调一致。在实践论上，针对受贿案件办理中的部分疑难问题，信赖法益说的审查方式，可以兼顾形式判断与实质判断，实现惩罚犯罪与保障人权的有机统一。,受贿犯罪;保护法益;信赖法益,D,,,法学三大刊论文/法学研究/信赖作为受贿犯罪的保护法益.pdf
1235,修复生态环境责任的实证解析,吕忠梅[1];窦海阳[2],政协第十二届全国委员会社会和法制委员会,2017,3,125,142,修复生态环境责任在实践中面临两大难题：一是生态环境损害难以认定；二是修复的裁判要求难以达到妥当程度。对此，需结合法律规范和司法判决，对“生态环境损害”和“修复”进行解析。对生态环境损害的认识应在两方面展开：一是损害是生态环境的物理、．化学、生物特性的不利改变以及提供生态系统服务能力的破坏、损伤；二是损害应可评估。基于修复范围、标准、方式、方案的限定和筛选，裁判中的修复要求应作出尽可能精确的妥当表达。“修复生态环境”与民法中的“恢复原状”存在很大差异，在救济对象、标准、方式等方面两者无法相提并论。民法总则未将“修复生态环境”纳入民事责任承担方式，是科学、妥当的安排。,民事责任;生态环境损害;恢复原状;民法总则,D912.6,0,,法学三大刊论文/法学研究/修复生态环境责任的实证解析.pdf
1236,修正普及主义视域下跨境破产的本土选择,郭帅[1],中国政法大学国际法学院,2024,6,201,222,跨境破产法国际通说接受了修正普及主义，承认破产程序的域外效力。但各国适用修正普及主义制定具体跨境破产规则时的规范路径和司法裁判过程中的解释基准存在差异，基于不同破产法目标及国家经济、政治目的作出了本土选择。随着我国不断对外开放，跨境破产案件日益增多，我国需更积极开放地参与国际破产立法和实践。应以《跨境破产示范法》作为未来我国跨境破产制度改革的借鉴基础，但需理解示范法在适用和解释上的弹性空间，基于我国经济立法目标和中资企业特殊架构，维持构建国际化的制度框架吸引外资与有效保护本土债权人和公共利益的平衡。管辖权方面，根据主要利益中心判断开启破产程序管辖权，并明确破产衍生诉讼管辖权。法律适用方面，区分破产程序的法律适用和确定债权债务关系的法律适用，并正确理解“吉布斯规则”蕴含的债权人保护理念。承认与协助方面，消除互惠的法律障碍，不否认安排计划的破产程序属性，明确协助的范围，加强国际合作。,跨境破产;修正普及主义;管辖权;法律适用;承认与协助;企业破产法,D,,,法学三大刊论文/法学研究/修正普及主义视域下跨境破产的本土选择.pdf
1237,债务清理上破产法与执行法的关系,何欢[1],,2022,3,141,158,"破产法与执行法同为债务清理法体系最重要的组成部分,这种本源上的共性要求破产法与执行法尽可能联动立法,且破产法原则上须尊重执行法.除非破产法的宗旨要求突破执行法,对关乎债务清理的共同问题的处理均应保持内在的逻辑一致性.这种共性也决定了破产法与执行法必有适用上的竞争,且适用边界无法人为划定.破产受理不畅的根源不应归咎于参与分配制度,而在于破产法自身欠缺吸引力,引入破产申请激励措施以增加当事人的破产申请动机,才是推动破产受理的根本路径.参与分配制度应定位为以同一执行程序处理金钱债权终局执行的竞合,具有独立于破产法的价值,其立法体例的选择也与破产法无关.破产法的宗旨在于以债的概括清理实现利害关系人整体利益的促进,对执行法的尊重若与该宗旨相冲突,破产法便不必受其拘束.破产法得突破执行法的当事人进行主义与形式化原则,更能直接对债的个别实现包括强制执行加以摒弃.",债务清理;破产申请;参与分配;强制执行;执行转破产,D,,,法学三大刊论文/法学研究/债务清理上破产法与执行法的关系.pdf
1238,债权人代位权的类型化构造,俞彦韬[1],,2024,2,94,114,民法典中的债权人代位权制度，存在“收取型代位权”与“保全型代位权”两种形象的杂糅。收取型代位权是一种简易的债权强制回收手段，其正当性基础在于债权人权利实现的紧迫性。此种代位权只能适用于基于金钱债权代位金钱债权，或基于交付请求权代位同标的之交付请求权。收取型代位权的确立，将使债权人取得目标债权的收取权限。次债务人向债权人履行后，后者的债权因受债务人清偿而消灭，标的物所有权因指令交付的完成而连锁移转。传统的保全型代位权旨在确保债务人的责任财产，在适当解释强制执行规则的基础上，将无存在的必要，应将其转用于特定债权的保全，并保留保存行为的代位，以弥补民事保全制度的不足。保全型代位权的行使，会为债权人创设对目标权利的管理权限，代位实现的利益，归属于债务人自身。,债权人代位权;债权回收;责任财产保全;特定债权保全;保存行为代位,D,,,法学三大刊论文/法学研究/债权人代位权的类型化构造.pdf
1239,债权多重让与的体系解释,方新军[1],,2023,4,206,224,民法典第768条在保理合同中规定了债权多重让与的“登记最优、通知次优、比例分配”的优先清偿顺序。“单轨制”认为该条具有一般规范的品性，应类推或直接适用于普通债权的多重让与。但是这种观点在方法论上无法被证立，《动产和权利担保统一登记办法》也无法为其运行提供完全的制度支撑。第768条自身存在诸多缺陷和硬伤。由于债权数量不可计数，无法像物权一样进行初始登记，同时债权登记采取人的编成的登记体例，登记机关不对登记内容进行实质审查，使得债权登记的公信力不足。通知优先规则一方面增加了债务人的负担，另一方面和债权让与生效时债权即发生移转的规则存在无法化解的矛盾。比例分配原则是错把让与当担保的产物，有悖债权让与法理。当债权让与同时涉及债权扣押、让与人或者受让人破产时，第768条的适用更是捉襟见肘。无论是基于第768条的体系位置，还是基于该条可能引发的理论难题和实践困境，该条的适用范围都应被严格限制在保理合同领域。,债权多重让与;保理合同;担保统一登记;债权让与通知;比例受偿,D,,,法学三大刊论文/法学研究/债权多重让与的体系解释.pdf
1240,债法总则消亡史,朱庆育[1],,2022,4,52,72,"我国民法典无债法总则之设置,并非偶然,而系数十年累积而成的强大立法惯性使然.立法史上,债法总则仅出现于1950年代第一次民法典编纂.此后出现两项抑制债法总则的关键因素:一是1960年代确立的静态财产所有与动态财产流转二分格局,二是1980年代侵权责任独立成编与合同编分庭抗礼.两项因素所代表的法典观念与技术通过民法通则及环民法通则单行法,不断强化排斥债法总则的惯性.在由单行法直接转换为法典各编的编纂原则下,债法总则终遭2020年民法典舍弃.",债法总则;民事责任;民法典;合同编;侵权责任编,D,,,法学三大刊论文/法学研究/债法总则消亡史.pdf
1241,先签合同与后续合同的关系及其解释,崔建远[1],清华大学法学院,2018,4,69,82,"先签合同与后续合同之间可能构成狭义的合同变更、合同更改、反对合同、代物清偿、债权让与、债务承担等多种样态的关系。后续合同即使名为“补充协议”,也不可望文生义地理解为变更了先签合同或是二者呈现主从关系。先签合同和后续合同可能仅因缔约行为而单纯外观结合,相互之间不具有依存关系,互不影响各自的权利义务。此种合同联立应分别适用各自的合同规范。先签合同和后续合同可能虽然各自独立、标的物不同,但依当事人的真意二者在实质上互为因果。先签合同与后续合同可能虽然各自独立,但后续合同所生担保权担保先签合同项下债权的实现。后续合同约定的内容还可能是先签合同被违反时如何计算损失或支付违约金,于此场合二者间的关系是后续合同关系为先签合同关系的变形,或是转化关系,或是部分补偿关系。至于阴阳合同现象,则或为合同变更,或依虚伪表示与隐藏行为的模式处理。由上述多样关系决定,合同解释不仅应承继单个合同的体系解释,而且要联系合同周边予以交易的整体解释。",先签合同;后续合同;主从关系;变更;交易的整体解释,D923.6,0,,法学三大刊论文/法学研究/先签合同与后续合同的关系及其解释.pdf
1242,免除刑罚制度的比较考察,曾文科,中国政法大学,2017,6,146,163,通过比较考察发现，在我国、日本和德国，虽然刑法关于免除刑罚的规定存在差异，但在实务中免除刑罚的适用均属例外情况。适用免除刑罚既可以缓和制裁，又可以通过建构“刑事程序-（非刑罚性的刑事或）行政制裁”模式来发挥强化制裁的作用，并且具备审前分流措施及形式裁判所不具备的优势。为了充分发挥免除刑罚制度在制裁多元化中的作用，就必须承认刑法第37条具有作为独立的刑罚免除事由的一面；并且通过法解释学工作，可以将强化制裁的功能纳入该条的适用范围。同时，第37条还具有作为具体的刑罚免除事由的概括性规定的一面。在这两种情况下，都可以依据第37条对相应犯罪科处非刑罚性的刑事制裁措施。,免除刑罚 刑罚免除事由 缓和制裁 强化制裁,D924.13,0,,法学三大刊论文/法学研究/免除刑罚制度的比较考察.pdf
1243,党内法规体系的形成与完善,孟涛[1],中国人民大学法学院,2021,6,19,35,"党内法规从党的文件中分化而来,归属于中国特色社会主义法治体系.党的制度建设逻辑与法律体系建构逻辑合力推动了党内法规体系的形成.党的制度建设逻辑决定了党内法规体系的基本功能和制度内容,影响着党内法规的结构体例和规范形态;法律体系建构逻辑塑造了党内法规体系的结构体例和规范形态,服务于党内法规体系的基本功能与制度内容.当前,党内法规体系的框架结构已经形成,可从纵向的阶层体系与横向的部门分类两个维度加以认识.为推动党内法规体系走向完善,今后应进一步厘清党内法规与规范性文件之间的界限,完善党内法规的制定、实施和保障制度;协调党内法规内部的规范冲突和部门分类,加强党的领导法规制度建设;进一步明确党内法规与国家法律的调整界限,实现两者的双向衔接协调.",党内法规;党的制度建设;依规治党;国家法律,D262.6,0,,法学三大刊论文/法学研究/党内法规体系的形成与完善.pdf
1244,党政体制如何塑造基层执法,陈柏峰,中南财经政法大学法学院,2017,4,191,208,与西方国家的执法属于法治系统内部事务不同，中国的基层执法受到了党政体制的深刻塑造。党政体制的轴心是党的领导，组织领导贯穿于条块结构，政治领导内含于其中，思想领导则落实为政治伦理。党政体制通过条条、块块、政治伦理三个维度塑造基层执法，呈现出条条推进执法、块块协同治理、政治伦理嵌入三种机制。“条条”以执法专项行动、执法规范化建设、执法工作考核为内容，通过指标化一竞争性的激励手段，形成了执法推进机制。“块块”以严重问题的专项整治为内容，通过建构“中心工作”的形式，凭借体制压力启动治理协同机制。“执法为民”话语强调执法的群众工作属性，构成了政治伦理的嵌入机制，它可以将条块结构中的权责不对等正当化，为基层执法提供政治合法性。党政体制塑造的基层执法模式，呈现出复杂的实践特征。,基层执法;党政体制;条块治理;政治伦理,F407.961.7,0,,法学三大刊论文/法学研究/党政体制如何塑造基层执法.pdf
1245,党政联合发文的制度逻辑及其规范化问题,封丽霞,中共中央党校(国家行政学院)政治和法律教研部,2021,1,3,19,"党政联合发文是实现政党政治与政府行政联结融通的政策工具之一.在当代中国国家治理的过程中,党政联合发文与国家正式立法具有治理功能相辅相成、权限范围并行不悖、规范内容相互转化等内在关联.党政联合发文是实现党领导国家政权和党政双轨权力整合的制度形态,也是党领导立法的重要途径.它在一定程度上提升了政府效能,弥补了国家治理的制度短板,减少了规范性文件的制定成本,提高了制度的供给效率与执行合力.当前,需要在中国特色社会主义法治体系框架内,对党政联合发文的权限范围、身份定性、备案审查等问题进行理论论证与制度安排,避免党政联合发文的泛化,实现党的领导的政治性与国家法律的规范性之间的互构、协调与平衡.",党政联合发文;党内法规;党领导立法;中国特色社会主义法治;国家治理体系,D,0,,法学三大刊论文/法学研究/党政联合发文的制度逻辑及其规范化问题.pdf
1246,党管政法：党与政法关系的演进,周尚君,西南政法大学行政法学院,2017,1,196,208,“党管政法”是中国共产党执政的基本治理经验之一。从新中国成立至今，党与政法的关系一直处于互动调适之中。随着不同时期党的工作重心转移和国家权力配置的调整，党与政法关系经历了为巩固新生政权的．“诸权合一”、归口管理下的“一元分级”、“党政职能分开”的“一元多层、分工负责”，最终确立了“总揽全局、协调各方”的政法领导体制，“领导立法、保证执法、支持司法、带头守法”的十六字原则成为“党管政法”的根本指针。不同时期的领导体制伴随着不同的组织机制和运作技术，演进过程中显现出明显的目标主义逻辑和连续均衡特征。党与政法关系的演进逻辑表明，“党管政法”是通过探索性的组织机制、运作技术在党政关系、党法关系和其他关系的均衡互动中实现的。,政法领导体制;党管政法;党与政法关系,D622,0,,法学三大刊论文/法学研究/党管政法：党与政法关系的演进.pdf
1247,全国人大常委会宪法地位的历史变迁与体系展开,钱坤[1],,2022,3,67,85,"全国人大常委会的宪法地位是在历史变迁中逐步形成的,其具体呈现为三重面相的叠加.作为最高国家权力机关的常设机关,全国人大常委会与全国人大不具有组织或职权一体性,二者之间的关联本质上是功能性关联.作为行使国家立法权的机关,全国人大常委会与全国人大并非同质替代,而是有所分工.全国人大常委会的立法若涉及重大价值决定,应当遵循全国人大的判断;在不涉及重大价值决定时,全国人大常委会可以充分自主地发挥其民主代议与协商的功能.作为宪法监督与解释机关,全国人大常委会除能基于民主集中制开展政治控制型监督,还可通过宪法解释进行规范控制型监督.全国人大常委会宪法地位的三重面相,由国家治理需要、政体结构特点及不同职权间的张力共同决定,应以此为框架,厘清全国人大常委会诸项职权的外部边界与内在界分.",全国人大常委会;国家权力机关;立法权;宪法解释;合宪性审查,D,,,法学三大刊论文/法学研究/全国人大常委会宪法地位的历史变迁与体系展开.pdf
1248,全案移送背景下控方卷宗笔录在审判阶段的使用,孙远,中国青年政治学院法学院副教授,2016,6,155,174,2012年刑事诉讼法重新确立了全案移送制度，这表明我国刑事诉讼程序改革的目标向着更为务实的方向调整。但是，2012年刑事诉讼法并未明示控方全案移送的卷宗笔录在审判阶段应如何使用。正确的做法是：庭前审查与庭前准备这两个程序环节，应主要依托控方卷宗材料来展开，强化庭前审查的实质性与庭前准备的充分性；而法庭审判一旦正式开启，则应严格贯彻直接审理原则，控方卷宗笔录仅能在有限范围内发挥作用。当前需要极力避免的一种错误做法是：在开庭之前禁止法官阅卷，在庭审过程中则对包括2012年刑事诉讼法第187条第1款在内的诸多彰显直接审理原则之要求的规定作限缩解释，从而将卷宗笔录作为法庭调查的主要对象。,全案移送;预断排除;庭前审查;庭前准备;直接审理,D925.2,0,,法学三大刊论文/法学研究/全案移送背景下控方卷宗笔录在审判阶段的使用.pdf
1249,全球知识产权治理博弈的深层话语构造:中国范式和中国路径,邵科[1],南京大学法学院,2021,6,149,169,"全球知识产权治理不是比较法或私法视角能够完整洞照的领域,而是社会学及国际关系学视角下理念、框定、行动论的真切投影.唯有从细节上呈现全球知识产权治理冲突、变革、造法的内在原理,方能开辟中国方案平视西方、会通而超胜的建构式超越之路.肇建以中国文化之深层话语构造为本源的、直指全球知识产权治理变革根本困境的中国范式和中国路径,能够推动国际法律规范的重构.它符合世界文化多样性的普遍诉求,也是对海外知识产权主流学派期待""新路径""、消解西方""一元轴心""的充分回应.在当前大国竞争的形势下,它可以成为包容产业创新与世界均衡发展的最大公约数,从而进一步颠覆美国全球知识霸权的""合法性"",并取得""义利兼顾、万物并育""之至诚公理在世界范围内的深层共鸣.",全球知识产权治理;知识公域;理念框定;中国范式;中国路径,D913;D923.4,0,,法学三大刊论文/法学研究/全球知识产权治理博弈的深层话语构造_中国范式和中国路径.pdf
1250,全球金融治理的合法性困局及其应对,"廖凡[1,2]",中国社会科学院国际合作局,2020,5,37,54,"全球金融治理的合法性困局在全球金融危机中充分暴露并引起广泛关注。全球金融治理存在三个突出特点,即危机驱动、内在失衡和非正式性。全球金融治理的合法性困局与这三个特点紧密相联,表现为“民主赤字”问题、正当程序问题和规则效力问题。后危机时代,在二十国集团的主导和推动下,国际社会和有关机构从增加主体代表性、强化程序规范性、提升规则权威性等方面尝试“破局”并有所收获,但并未解决全部问题。晚近以来,美国日益突显的霸权主义、单边主义和“逆全球化”倾向,使得全球金融治理的合法性面临新的挑战。未来应当坚定遵循多边主义原则,改革完善既有多边金融治理体系,建立健全新兴国家主导的治理机构和机制,强化相关议题设置能力,并在反思国际规则“软”“硬”之别的基础上,平衡全球金融治理的合法性与实效性。",全球金融治理;二十国集团;软法;全球金融法;多边主义,F83,0,,法学三大刊论文/法学研究/全球金融治理的合法性困局及其应对.pdf
1251,全过程人民民主的法治向度阐析,胡玉鸿[1],,2022,3,209,224,"全过程人民民主理念,可从持续民主、真实民主、广泛民主、协商民主四个法治向度上进行阐析.持续民主意味着民主在阶段上、时间上、空间上是连续而不间断的机制,能够保证人民群众持续地参与国家和社会事务的管理.真实民主既体现为通过创造机会和条件,让人民群众拥有更多渠道、更多方式参与国家和社会事务的管理,也体现为在民主的实践过程中,注重保护少数人的权利和正当利益.广泛民主则表明,从国家制度运行到基层社会生活,从选举中到选举外,广大人民群众都能全面深入地参与到国家、社会事务以及自身事务的管理之中.协商民主是全过程人民民主的实现方式,其以商量为形式,以真实为标准,以共识为目标,同时统合多种协商渠道,使民主融入党和政府工作的各环节和人民群众政治、社会生活的各方面.",全过程人民民主;持续民主;真实民主;广泛民主;协商民主,D,,,法学三大刊论文/法学研究/全过程人民民主的法治向度阐析.pdf
1252,全面依法治国与第三方评估制度的完善,周汉华,中国社会科学院法学研究所,2021,3,19,35,"我国的法治第三方评估分为委托评估与独立评估两种模式,二者在法律性质、治理机制与运行机制等方面存在很大的差别.两种模式代表着推动法治的不同动力机制,一个是自上而下的政治推动,一个是自下而上的社会推动与竞争推动.两种模式也代表了不同的法治范式作用机理,独立评估是数据治理的新技术,是法治范式转型的集中体现.第三方评估作为新生事物,当前面临行为规范缺乏、评估功能导向不明确、有可能加重被评估对象负担等现实问题.只有加深对第三方评估制度的理论认识,才能准确把握其未来发展方向并推进相关制度建设,推动我国的制度型开放进程.",第三方评估;依法治国;数据治理;法治范式,D,0,,法学三大刊论文/法学研究/全面依法治国与第三方评估制度的完善.pdf
1253,全面依法治国背景下的刑事公诉,孙谦,最高人民检察院,2017,3,3,23,随着全面依法治国的深入推进，我国刑事司法制度正朝着法治化、民主化、信息化、精细化方向发展，刑事公诉在刑事诉讼中的地位更加凸显，其职能强化、制度完善和理念更新的要求更加紧迫。刑事公诉的实践样态正在发生变化：由注重追诉向追求客观公正转变，由起诉法定向起诉法定兼起诉裁量转变，由关注实体正义向同时关注程序正义与诉讼效益转变，由定罪请求向定罪请求与量刑建议同步转变。刑事公诉必须体现全面依法治国的内在要求，彰显司法人文关怀、提升诉讼效率、强化公诉监督职能，持续、稳妥地推进改革。刑事公诉应当牢固树立崇尚维护法治、尊重保障人权、理性平和司法、加强监督制约的理念，把握刑事公诉工作发展的正确方向，迎接改革中的各种挑战，推动中国特色社会主义法治体系的发展完善。,依法治国;刑事公诉;司法改革;公诉理念,D925.2,0,,法学三大刊论文/法学研究/全面依法治国背景下的刑事公诉.pdf
1254,八二宪法土地条款：一个原旨主义的解释,彭錞,北京大学法学院,2016,3,36,52,在原旨主义视角下，挖掘“八二”宪法第10条土地条款的生成背景、内在逻辑和制度意涵，可以发现：出于改革开放以后便利国家建设取得土地、限制农地流失的迫切现实需要，该条款承继和巩固了20世纪50年代成形的城乡二元土地所有制结构和“农地非农化的国家征地原则”，并试图以合理用地作为证成和规范该制度的价值尺度。三十多年的改革与修宪给宪法土地条款注入了市场、法治和人权，特别是非国有财产平等保护等规范意蕴，但现行制度的种种现实弊病也日益突显。因此，需要重新思考该条款，清理其遗产。原旨主义立场回顾但不固执历史，要求我们超脱一时一地的具体土地制度安排，去把握宪法条文背后的实践理性、价值平衡等鲜活而深沉的宪法原理，指导并推动中国土地制度进一步改革。,土地公有制;宪法土地条款;土地流转;原旨主义,D901,67,,法学三大刊论文/法学研究/八二宪法土地条款：一个原旨主义的解释.pdf
1255,公众意见影响法官决策的理论和实验分析,陈林林,浙江工商大学,2018,1,18,35,真实世界的法官决策受三种动机激励并追求多个目标，这些相互协作与对抗的因素构成了一张激励与抑制并存的联结主义认知网络。在其中，．公众意见既可以作为情境性因素直接参与决策，也可能藉由法官态度等个体性因素间接地影响决策。实验表明，当被试法官在不受干扰的实验环境中裁判影响性案件时，公众意见对案件结论几乎不产生影响，对相关决策理由的激励或抑制效果也不明显，但能显著影响法官对利益衡量性质理由的评判。与个体性因素相关的测试还表明，因公众意见而调整决策的少数法官倾向于考虑更多因素，这体现了政治型法官的思维模式，他们在认知风格上更接近于“狐狸型”。其他法官动机和目标更明确、简约，动机和目标体系的融贯性更稳定，也更能抵御公众意见的影响，这体现了技术型法官的思维模式，他们在认知风格上更接近于“刺猬型”。,公众意见 法官决策 判决说理 影响性案件 法官思维模式,G643,0,,法学三大刊论文/法学研究/公众意见影响法官决策的理论和实验分析 (1).pdf
1256,公众意见影响法官决策的理论和实验分析,陈林林,浙江工商大学,2018,1,18,35,真实世界的法官决策受三种动机激励并追求多个目标，这些相互协作与对抗的因素构成了一张激励与抑制并存的联结主义认知网络。在其中，．公众意见既可以作为情境性因素直接参与决策，也可能藉由法官态度等个体性因素间接地影响决策。实验表明，当被试法官在不受干扰的实验环境中裁判影响性案件时，公众意见对案件结论几乎不产生影响，对相关决策理由的激励或抑制效果也不明显，但能显著影响法官对利益衡量性质理由的评判。与个体性因素相关的测试还表明，因公众意见而调整决策的少数法官倾向于考虑更多因素，这体现了政治型法官的思维模式，他们在认知风格上更接近于“狐狸型”。其他法官动机和目标更明确、简约，动机和目标体系的融贯性更稳定，也更能抵御公众意见的影响，这体现了技术型法官的思维模式，他们在认知风格上更接近于“刺猬型”。,公众意见 法官决策 判决说理 影响性案件 法官思维模式,G643,0,,法学三大刊论文/法学研究/公众意见影响法官决策的理论和实验分析.pdf
1257,公共性视角下的互联网平台反垄断规制,张晨颖[1],清华大学法学院,2021,4,149,170,"互联网平台经历了三重进化,已然成为集信息汇集、要素生产、资源配置、规则制定为一体的新型经济中枢,是相关主体共同创造价值的组织形态,发挥着以多产业融合为特征的生态功能.平台重塑经济生产的过程和组织样态,改变资源配置的方式,成为政治权力和市场权利之间的第三力量.平台经济呈现出与传统经济不同的竞争特点,对全球的反垄断监管提出了技术上、规则上、法理上的挑战,在本质上是平台对社会经济的渗透力日益深刻,平台的公共性突显.但由于缺乏有效监管,平台的公共性异化造成竞争扭曲进而导致垄断,具体体现为数据要素、平台要素的非开放、非中立.为匡正竞争秩序,有必要革新反垄断制度,建立以""滥用公共性""为底层逻辑的规则,对适格的平台经营者设立竞争性义务,以促进创新,保护平台相关者的合法权利.",互联网平台;反垄断;公共性;竞争性义务;公共性滥用,D922.294,0,,法学三大刊论文/法学研究/公共性视角下的互联网平台反垄断规制.pdf
1258,公司代表越权担保的制度逻辑解析以公司法第16条第1款为中心,邹海林[1],中国社会科学院法学研究所,2019,5,63,82,"自公司法第16条规定以来,我国理论和司法实务界对公司代表越权担保的私法效果问题又继续讨论了十多年,但解释上至今尚存不确定性。事实上,公司代表越权担保的私法效果,有其自身的制度逻辑,包括公司有为他人担保的能力、法人与法人机关之间固有的法秩序以及拒绝给付抗辩权的法理。现有的争论相当程度上脱离公司代表越权担保的制度逻辑,以致各种解释在路径、方法和结论上均有失妥当。理解和适用公司代表越权担保的私法效果,应以其制度逻辑为基础,不论有无违反公司法第16条第1款的情形,依照民法总则第61条的规定,公司代表以公司名义为相对人担保的,均产生归属于公司的私法效果;相对人请求公司承担责任时,公司得以相对人知道或者应当知道公司代表违反公司法第16条第1款为由拒绝承担责任。因有上述认识,我国司法实务有关公司代表越权担保的既有裁判路径应作出实质性的转变。",公司担保;公司代表;越权行为;相对人;抗辩权,D,0,,法学三大刊论文/法学研究/公司代表越权担保的制度逻辑解析以公司法第16条第1款为中心.pdf
1259,公司债券非公开发行的规范模式,叶林,中国人民大学民商事法律科学研究中心,2021,3,68,83,"我国证券法采用两分法,将公司债券发行分为公开发行与非公开发行,并据此确定了公开发行优先适用证券法、非公开发行直接适用公司法的法律基础.然而,两分法划分标准有失周延,划分结果未必科学,难以适应债券市场的复杂与多变,容易产生规制效果偏离规制目标的情况.为了保护公众投资者利益,规范发行公司的债券融资行为,可以在两分法的基础上引入注册豁免规则,但应避免将注册豁免简单等同于非公开发行,或将之视为公开发行的对立物.通过发展豁免事由,将某些看似非公开发行的债券融资纳入发行注册,并将某些看似具备公开性的发行归入注册豁免,再通过引入转售控制规则,降低变相公开发行的概率,增强非公开发行规则的适应性.我国证券法应当确认交易商协会、证券业协会等自律组织在规范公司债券非公开发行中的监管职能.",公司债券;非公开发行;私募;非法集资;注册制,D,0,,法学三大刊论文/法学研究/公司债券非公开发行的规范模式.pdf
1260,公司决议瑕疵立法的范式转换与体系重构,丁勇[1],华东政法大学,2020,3,82,101,"现行法套用民事法律行为范式,以瑕疵决议一律自始无效确保原告救济,以信赖保护维护公司安定,最终却导致原告救济与公司安定及效率的割裂与冲突。这一冲突的根源在于,以瑕疵决议一律自始无效所提供的原告救济本身缺乏正当性、针对性和可行性。应当按比例原则的要求,以瑕疵严重程度区分安排法律后果,从瑕疵决议效力这一源头上重建组织法范式下原告个体与公司整体利益的平衡。仅在瑕疵特别严重时,才应自始否定决议效力,从而禁止其实施或在实施后恢复原状,否则只应适用决议面向将来无效、损害赔偿等柔性法律后果,公司由此可在更大范围内获得决议实施效率及安定。以此为基础,应取消现行“三分法”的诉讼类型划分,而代之以统一的决议瑕疵诉讼及诉讼期限。公司变更决议仅在排除特别严重瑕疵后方可实施并获得存续效力。",决议瑕疵;股东诉讼;溯及力;比例原则;公司安定,D92,0,,法学三大刊论文/法学研究/公司决议瑕疵立法的范式转换与体系重构.pdf
1261,公司分配视角下的股东身份从属债权劣后受偿,何欢[1],,2024,1,110,128,股东身份从属债权系股权转化成立的特殊股东债权，包括由股权固有内容具象而生的债权和非典型股权融资协议下依附于股权的债权。因与股权具有内在同一性，该类债权应劣后于普通债权受偿。某些债权虽非股权的转化，因债权人实际地位类似于股东，亦得比照适用而劣后。股东身份从属债权劣后受偿能阻却公司经营风险的事后再分配与股东权利顺位的自行提升，为股债关联现象引发的公司分配难题提供更自洽的注解。基于该规则，可重廓公司分配制度的内在体系。资本维持原则和偿债能力标准仅关乎以股东与公司间不当利益转移的规制间接维护债权优先顺位，作用分别限于防范股东自公司获得不应有的法定权益性分配，以及股东与公司间交易有失公允而损及公司偿债能力。股东身份从属债权劣后受偿规则在权益性分配之债依法或依约成立时，避免因“股转债”造成股东与公司债权人间的事后风险不当分配。,公司分配;资本维持;偿债能力;劣后债权;对赌协议,D,,,法学三大刊论文/法学研究/公司分配视角下的股东身份从属债权劣后受偿.pdf
1262,公司属人法的确定：真实本座主义的未来,邢钢,北京师范大学法学院,2018,1,188,208,真实本座主义与内部事务主义是公司属人法确定的两大基本理论。真实本座主义旨在保护公司真实本座所在地国的相关利益和维护交易安全，但也限制了公司的自由设立和流动。随着经济全球化、一体化的发展与公司自治思想理念的深入，公司属人法确定的标准将逐渐演变为以内部事务主义为主、真实本座主义为辅的混合适用模式。我国涉外民事关系法律适用法的规范立场游移不定，司法实践很有可能走向真实本座主义。改进之路在于明确中国法律的规范立场，赋予“法人主营业地”法律含义或者证明的方法，将“主营业地法律”的适用严格限定在保护第三人利益或者社会公共利益的条件下。,公司属人法 真实本座主义 内部事务主义 涉外民事关系法律适用法,D922.291.91,0,,法学三大刊论文/法学研究/公司属人法的确定：真实本座主义的未来.pdf
1263,公司挤出合并下异议股东回购请求权的功能定位,耿利航[1],中国政法大学民商经济法学院,2025,2,74,93,当少数股东不同意合并时，可以行使异议股东回购请求权“强卖”股份给公司，而公司多数股东（控制人）也应有权以现金为对价“强买”拒绝退出的少数股份，实现挤出少数股东的目的，二者应是一体发展的制度安排。简易合并本质上就是现金挤出合并，其初衷并非单纯地简化公司合并的决策程序。在挤出合并下，异议股东回购请求权之功能应从给予异议股东退出公司的机会，转变为通过评估股份公允价值来保护少数股东利益、抑制公司控制人机会主义的主要制度工具。为保护少数股东以及防止滥诉，应在完善异议股东回购请求权救济程序的基础上，综合考虑股价的有效性、公众股东的接受度、交易程序的完善性等具体情况，形成能够认定股份公允价值的明确的、具有可预见性的司法裁判规则。,挤出合并;现金合并;简易合并;异议股东;股份回购,D922.291.91,,,法学三大刊论文/法学研究/公司挤出合并下异议股东回购请求权的功能定位.pdf
1264,公司机会规则的反思与体系建构,袁崇霖[1],清华大学法学院,2022,2,154,172,"作为属于公司的商业机会,公司机会的本质并非公司财产,而应当理解为公司利益.公司机会规则具有阶段性的利益构造,其所规制的利益冲突也具有动态变化的特征.有必要以公司是否实际投入人力、物力资源为标准,区分公司机会的发现阶段和利用阶段,并配置差异化的规则.在发现阶段,应推定公司经营范围内的商业机会属于公司,董事在充分履行披露义务的基础上,可援引公司放弃、公司同意、公司不能、交易对手事前拒绝等抗辩事由而自行利用.在利用阶段,商业机会已经认定为归属公司,董事非经完全披露并取得公司同意不得利用.通过宽严适当的识别与抗辩规则,配合推定规则和披露义务等,可构建起层次性的两阶段公司机会规则体系.",公司机会;公司利益;忠实义务;识别规则;抗辩规则,D,0,,法学三大刊论文/法学研究/公司机会规则的反思与体系建构.pdf
1265,公司治理中的控股股东及其法律规制,赵旭东[1],中国政法大学,2020,4,92,108,"中国公司治理的主要矛盾是控股股东与中小股东之间的矛盾。现行公司治理制度的重大缺陷是公司治理的法定主体与实际主体严重脱节,未将控股股东作为公司治理主体并忽略和放弃对其相应的法律规制。公司治理的重要方向和出路是建构以控股股东为核心的治理结构和机制,应顺应公司控股的股权结构和治理态势,围绕控股股东控制权的行使建构科学、合理、系统的法律规则,使其依法掌权行权,充分利用和发挥控股股东在公司治理中独特的积极作用。公司治理的核心问题首先是遏制控制权的滥用,同时亦应合理引导和规范控制权的行使,由控股股东代行股东会职权的职权代行机制是创新公司治理制度、规范控制权行使的重要方式。",公司治理;控股股东;权利滥用;资本多数决;信义义务,F27,0,,法学三大刊论文/法学研究/公司治理中的控股股东及其法律规制.pdf
1266,公司法上社会责任条款司法化的逻辑与再塑,吴维锭[1],,2024,3,113,129,基于特殊的法条构造、文化和制度背景，中国公司法上社会责任条款的司法化呈现的是一种分配逻辑，旨在向非股东利益相关者分配公司利益或股东利益。分配逻辑错置了公司社会责任条款的规范对象，偏离了立法目的，不符合非股东利益相关者保护的立法趋势。公司法上社会责任条款之司法化应当回归工具主义理念，以实现股东整体长期利益为目标，以公司组织内部法律关系而非公司参与的外部法律关系为规范对象。在路径上，应以违信责任之诉为核心，因决议无效之诉和强制盈余分配之诉的作用相对有限，而公司解散之诉不宜适用。在违信责任之诉，对于违反公司社会责任条款之判断，可区分董事会决议和公司日常经营两种情形，即董事会在决议中未考量或者未适当考量关键社会责任因素，以及公司日常经营中未针对关键社会责任因素建立有效运作的信息和报告系统，或者未对信息和报告系统识别出的风险事件作出适当反应。公司法上社会责任条款违反之后果应为董事的赔偿责任，公司治理改善等方面的行为责任不宜引入。,公司社会责任;公司利益;利益相关者;信义义务;违信责任,D922.291.91,,,法学三大刊论文/法学研究/公司法上社会责任条款司法化的逻辑与再塑.pdf
1267,公司融资语境下股与债的界分,许德风[1],北京大学法学院,2019,2,77,97,"虽然股与债具有不同的法律地位,且公司法与合同法确立了关于股与债的不同规则,但在企业融资的经济现实中,股与债常常被混合使用。就经济实质而言,普通债权人的权利不过是一种相对于担保债权人的买入期权,而股权是一种股东对普通债权人的买入期权。在此意义上,股与债不过是公司融资交易中的两个有名合同。在这两个有名合同之间,存在数量众多、类型丰富的无名合同。在不违反借贷管制、利息管制、公司资本管制的前提下,这些无名合同不应被认定为无效。在定性上,是否参与全部利润的按比例分配,是区别股与债的关键要素。而单纯拥有组织法上的投票权、董事委派权、利润分配权甚至有名义上的股东资格,都不宜作为将债权认定为股权的充分依据。现行法僵硬地区分股与债的做法,往往会导致对当事人真实意思的错误解释,并不恰当地破坏当事人之间原来自愿设定的风险分配。尊重当事人关于股债安排的自由约定,不仅适用于公司融资交易,也适用于非公司法下的各类合同,如担保交易和具有分担风险属性的借款交易。",股权;债权;企业融资;明股实债;公司重整,D922.29,0,,法学三大刊论文/法学研究/公司融资语境下股与债的界分.pdf
1268,公司资本制度的后端改革与偿债能力测试的借鉴,"朱慈蕴[1,2];皮正德[2]",深圳大学法学院,2021,1,54,70,"中国公司资本制度的变革一直集中在前端,即放松资本管制,鼓励投资创设公司.公司资本制度的后端,即公司利益(资产)向股东流动,仍处于传统资本维持原则控制之下,没有大的变革.美国1980年《示范商事公司法》以""大分配""统合公司利益(资产)流向股东的行为,开创了由立法中的衡平测试、资产负债表测试以及判例中的资本充足测试构成的偿债能力测试规则.偿债能力测试颠覆了资本维持原则对公司资本、资产与负债之间关系的处理,聚焦于保障债权人的优先分配顺位,立足于董事的受信义务,摆脱了对财会指标的过度依赖,体现着公司行为自由化、资本规则抽象化、企业融资便利化的发展方向,顺应了会计专精化的发展趋势.在我国资本维持原则主导的资本制度中,应适当借鉴偿债能力测试规则,建立一种相对灵活的利益(资产)流出制度,以此提升公司资本制度功能、公司治理水平及公司债权人保护实效.",偿债能力测试;资本维持原则;资本制度;公司分配;债权人保护,D,0,,法学三大刊论文/法学研究/公司资本制度的后端改革与偿债能力测试的借鉴.pdf
1269,公民参与司法：理论、实践及改革——以刑事司法为中心的考察,陈卫东[1],中国人民大学法学院,2015,2,3,25,当前推进公民有序参与司法成为我国司法改革的一项重要内容。相较“依靠群众”原则，“公民参与司法”这一表述更能体现参与主体的广泛性和主动性。公民参与司法具有参与主体的外部性、参与客体的公共性以及参与程度的实质性等特点，并呈现出社会参与、专家参与、由参与审判到参与整个诉讼活动的发展趋势。其功能则体现为协助司法、制约权力、监督权力等方面。公民参与司法对司法公正、司法民主、司法公信力以及司法能力都具有促进作用。推进公民参与司法应当注重参与的规范性与有效性。我国传统的法律制度安排对公民参与司法重视不足，未来应当以参与的规范性与有效性为基点，在侦查、起诉、审判、执行等领域全面推进公民参与，构建有中国特色的公民参与司法制度。,司法改革;公民参与司法;“依靠群众”原则;刑事司法,D924,72,,法学三大刊论文/法学研究/公民参与司法：理论、实践及改革——以刑事司法为中心的考察.pdf
1270,公法上警察概念的变迁,陈鹏,厦门大学法学院,2017,2,24,40,“警察”一词是公法上重要的基础性概念。在德国和日本，“警察”在公法上可以指代某种国家活动，但概念的外延在历史上发生了转变。当代德日的警察法理论分别确立了实质的警察概念与形式的警察概念、关于警察的“实定法上的概念”与“学问上的概念”的二元构造。警察概念在这两个国家的变迁史可谓殊途而同归。近代中国的公法学说受日本学说的影响，将警察视作某种统合性的国家活动；新中国的警察概念则展现出了泛政治化、身份化的状况，从而仅用来指代实定法上的“人民警察”，警察概念的统合性功能就此缺失。由于统合性的警察概念有助于确定法律保留原则的适用范围，能够为判断行政裁量权收缩提供类型化标准，能够为行政权介入私法领域注入正当性要素，并有助于塑造宪法判断的基准，有必要在公法及公法学体系中重新引入统合性的警察概念。,警察权;警察行政;秩序行政;警察法;警察学,D631,0,,法学三大刊论文/法学研究/公法上警察概念的变迁.pdf
1271,公私法协动视野下生态环境损害赔偿的理论构成,"冯洁语[1,2]",南京大学法学院,2020,2,169,189,"生态环境损害赔偿涉及私法与公法的协动。从比较法来看,私法在生态环境损害赔偿中的作用有两种解释路径:一是依托既有权利(如所有权、健康权等)受侵害,扩张损害概念,从责任范围层面涵盖生态利益;二是创设环境权或环境秩序权,从责任成立层面涵盖生态利益。两种进路的背后反映了对于公私法关系的不同认识,前者认为公法、私法并行救济,后者则认为私法救济优先。我国环境法学说传统上采第二种进路,而《生态环境损害赔偿制度改革方案》和“民法典草案”则有采扩张损害概念的整合进路的趋势。我国目前立法与司法实践仍存在体系上的龃龉。应当贯彻扩张损害的思路,在构成侵权的情况下,在责任范围中考虑生态利益。在不构成侵权的情况下,具体考量生态环境损害赔偿能否类推适用民法的规则。",生态环境损害;环境权;损害;恢复原状,D92,0,,法学三大刊论文/法学研究/公私法协动视野下生态环境损害赔偿的理论构成.pdf
1272,公章抗辩的类型与处理,陈甦[1],中国社会科学院法学研究所,2020,3,39,60,"公章的意义在于使特定的意思表示与特定的主体相联结,是书面法律行为的重要标识方式。因经济活动中存在真公章无权使用和假公章冒用等现象,公章名义人因此或借此对公章真假及使用效力提出抗辩。但实践中对公章效力的判定却常有偏差,其重要原因之一就是对公章抗辩缺乏系统有效的处理规则。公章抗辩包括公章确认抗辩和公章效力抗辩,公章效力抗辩又可分为真公章效力抗辩和假公章效力抗辩。不同类型的公章抗辩在抗辩事由、举证责任等方面,均有不同的规则内容与处理要点。实务中对公章抗辩的处理与认定,应当有效把握不同公章抗辩类型的基本规则与特殊情形,并妥当辨识及运用公章效力与表见代理或表见代表之间的互证关系。",公章;公章抗辩;权利外观;表见代理;表见代表,D92,0,,法学三大刊论文/法学研究/公章抗辩的类型与处理.pdf
1273,共犯人关系的再思考,张明楷[1],清华大学法学院,2020,1,134,153,"刑法总则规定了哪些参与人,刑法对共犯人如何分类(参与类型),是两个不同的问题。我国刑法总则虽然规定了主犯、从犯、胁从犯与教唆犯四种情形,但不能据此认为这四种情形就是对共犯人的分类。刑法理论必须以罪刑法定原则为根据,确定刑法总则应当规定哪些参与类型。由于刑法分则规定的是正犯,所以,只有当刑法总则规定了教唆犯、帮助犯时,才能扩张地处罚教唆犯与帮助犯,否则便违反罪刑法定原则。由于共同正犯不以实施构成要件行为为前提,所以,如果对共同正犯按照正犯处罚,就必须有刑法总则的明文规定。主张刑法第26条规定的主犯与正犯是交叉关系、递进关系或者等同关系以及双层次区分说的观点,都存在缺陷。刑法第26条是关于共同正犯的规定,该规定贯彻了“部分行为全部责任”的原理。教唆他人犯罪的,如果在共同犯罪中起主要作用,就属于(共谋)共同正犯,按正犯处罚;如果起次要作用,则是狭义共犯中的教唆犯,应当按从犯量刑。基于实质标准,对起次要作用的实行者,也只能按从犯处罚。",共犯人;主犯;共同正犯;教唆犯,D92,0,,法学三大刊论文/法学研究/共犯人关系的再思考.pdf
1274,关联交易规制的世行范式评析与中国范式重构,汪青松,"重庆市人文社科重点研究基地""市场交易法律制度研究基地""",2021,1,156,172,"世行营商环境评估中的""保护少数投资者""指标以各经济体规制上市公司关联交易的纸面规则作为评估基础,其案例假设中隐含着公司形态独立性、关联交易损害性、严格规制良法性和私人执法主导性等前提假定.该指标设定构成了带有自身价值倾向的""世行关联交易规制范式"",其内在逻辑缺陷可归纳为:简单的案例假设与市场客观情境相去甚远,对于关联交易的结构与功能认知有失偏颇,规制方法忽略了不同法律手段之间的整体协同以及评估结果不能反映法律运行实践及其规制效果.以世行范式为参照,能够发现中国现行相关立法存在相似的视角局限和制度缺陷.回应中国市场情境与现实需求的制度变革需要从基于独立法人的行为规制范式转向基于公司集团的结构与行为并重的规制范式.重构的基本思路应当以行为法和组织法的相互协调为基础,着重发挥利益平衡的规制功能,在法律机制上注重事前批准、事中披露与事后救济的多措并举,在实施保障上做到公共执法与私人执法并重.",营商环境;投资者保护;关联交易;公司集团;公共执法,D,0,,法学三大刊论文/法学研究/关联交易规制的世行范式评析与中国范式重构.pdf
1275,关联性要素与地理标志法的构造,王笑冰[1],山东大学法学院,2015,3,82,101,"产品与产地的关联性是地理标志的核心要素,其重要性好比独创性之于作品、新颖性之于专利、显著性之于商标,是构建地理标志独立理论的基础。对于关联性要素存在主、客观两种理解,分别构成反不正当竞争等一般法保护和专门法保护的理念基础。主、客观关联性塑造了不同的地理标志概念,其各自构建的地理标志制度在适用产品范围、产地划定、关联性证明、专家审查、监控和保护等方面均存在明显差异,体现了地理标志保护公、私权之分野和不同政策取向。我国存在地理标志保护多重立法,其地理标志定义逻辑混乱,制度设计扭曲,彼此缺乏配合支持。应根据关联性要素并结合我国的政策导向进行制度重构,整合建立统一的地理标志专门法,删除商标法之地理标志定义中的＂自然因素或者人文因素＂之表述,采取专门法保护为主、商标法保护为辅,彼此协调共存的模式。",地理标志;原产地名称;关联性;商标法;不正当竞争法,D923.4,53,,法学三大刊论文/法学研究/关联性要素与地理标志法的构造.pdf
1276,关键信息基础设施保护的合作治理,陈越峰[1],华东政法大学法律学院,2018,6,175,193,"关键信息基础设施保护是网络安全治理的重中之重和难点所在。关键信息基础设施安全具有公共属性,在无法完全通过市场机制由私主体独立提供的情况下,政府规制具有正当性。关键信息基础设施保护的治理对象需要系统分类指定和审慎动态调整。在关键信息基础设施保护的主体架构上,层级制与部门化的政府组织结构局限性明显,合作是必然的选择,这就需要在高效统一的领导和广泛深刻的政府协同基础上,形成紧密的公私合作伙伴关系。关键信息基础设施保护需要系统性的过程控制,事前审批和事后处罚等传统行政活动方式的实效性不足。为更好实现保护关键信息基础设施的目的,需要综合运用“规制—担保—给付”等多元行政活动方式,基于公私合作采取全过程风险治理措施。",关键信息基础设施;网络安全;政府规制;风险治理;合作行政,F49,0,,法学三大刊论文/法学研究/关键信息基础设施保护的合作治理.pdf
1277,具体的打击错误：从故意认定到故意归责,欧阳本祺,东南大学法学院,2015,5,105,122,对于具体的打击错误，法定符合说与具体符合说都采取了故意认定的研究路径，并将故意认定与故意归责合二为一。但是，这种做法赋予了故意认定过多的功能，导致了难以克服的困境：要么为了结论的合理性而牺牲故意认定的合理性，要么为了故意认定的合理性而牺牲结论的合理性。为克服上述困境．应该区分故意认定与故意归责；故意认定是针对实行行为而言的，故意归责则是指将实际发生的危害结果归责于之前的故意。具体的打击错误的判断可以分为三个阶层：客观归责、故意认定与故意归责。在肯定了客观归责与故意认定的前提下，如果行为人对危害结果发生在误击对象上有认识可能性，就可以将实际发生的危害结果归责于行为人的故意。,具体的打击错误;法定符合说;具体符合说;故意认定;故意归责,D914,46,,法学三大刊论文/法学研究/具体的打击错误：从故意认定到故意归责.pdf
1278,养老机构人身损害赔偿责任之过错认定,徐银波[1],,2023,1,38,54,因体质脆弱的老年人易发生损害事故，公平裁判养老机构多发的人身损害赔偿纠纷，就成为达致保护老年人合法权益与保障养老产业健康发展之平衡的关键。养老机构并非入住老人人身安全的保险人，应当仅在过错未尽照护义务时才承担责任。不同于一般侵权行为着眼于判断行为人在损害发生之时点的行为有无过错，基于养老服务是以维护老年人生活质量为目的之继续性、劳动密集型服务，应综合“结构—过程—结果”而贯穿养老服务合同关系始终，从“硬件、软件、环境、主体”四个维度分析养老机构应当预见和防范的风险，在尊重老年人人格尊严的前提下，综合考量法律规定、国家和行业标准、合同约定以及老年人身心状况之需求，认定养老机构有无过错。针对受害人举证困境以及司法虚化过错认定之现状，可以通过明确养老机构的义务以及推定过错、事实自证等过错认定客观化路径，为司法明确标准，为养老机构的规范运行提供指引。,人身损害;养老服务合同;过错认定的客观化;事实自证,D,,,法学三大刊论文/法学研究/养老机构人身损害赔偿责任之过错认定.pdf
1279,内地与香港继承判决流通制度的构建,张淑钿[1],深圳大学法学院,2025,1,190,207,内地与香港现有的区际民商事判决认可和执行安排均不适用于继承判决，两地继承判决的认可和执行缺乏法律依据，造成跨境继承困境。现有的证据采信路径、内地公证路径和香港认证路径均有助于推进跨境继承事宜处理，但这些路径依赖于两地各自单方立法，制度差异较大且不具有既判力效果，不能全面高效地实现继承判决的自由流通。构建内地与香港继承判决认可和执行制度的根本在于协调与衔接内地的直接继承机制与香港的间接继承机制。在充分尊重法律制度差异、寻求最大共识的基础上，内地与香港应构建继承判决的多元流通路径，包括创建继承判决认可和执行路径，整合现有内地公证路径、香港认证路径和继承判决证据采信路径，探索推行区际继承证书制度，从而实现继承判决的自由流通，提升跨境继承事宜的办理质效，助力大湾区融合发展。,区际私法;继承判决;判决认可和执行;判决流通,D,,,法学三大刊论文/法学研究/内地与香港继承判决流通制度的构建.pdf
1280,再法典化背景下我国刑法犯罪法律后果体系的完善,刘仁文[1],,2023,5,171,188,为充分发挥刑法在推进国家治理体系和治理能力现代化中的最佳效应，我国刑法需要在历次修订的基础上适时再法典化，以整合、重构现有呈碎片化状态的犯罪法律后果，从而构建一个结构科学、效能优化、机制灵活、运作顺畅的犯罪法律后果体系。具体而言，就是要构建刑罚与保安处分的二元制犯罪法律后果框架，并对保安处分的种类及其适用作出与刑罚种类及其适用相对应的规定；要扩充刑罚种类，调整主刑和附加刑的内容，完善社区刑和资格刑；要建立刑罚易科制度，扭转刑罚适用的僵化机制，使不同刑种的执行以及刑罚与保安处分的执行实现融通和互补。,法典化;犯罪法律后果;刑罚;保安处分;刑罚易科,D,,,法学三大刊论文/法学研究/再法典化背景下我国刑法犯罪法律后果体系的完善.pdf
1281,再现型摄影作品之著作权认定,马一德,中南财经政法大学知识产权研究中心研究员,2016,4,137,151,再现型摄影作品是指以精确再现拍摄对象为目的的摄影作品，其独创性体现为拍摄角度、光线和阴影、曝光、滤镜使用方式等技术所实现的效果。司法实务所采的以拍摄技术选择认定再现型摄影作品独创性的做法应被矫正，而以再现照片本身较再现对象是否表达出更多的信息量为独创性与否之标准。复制因素对再现型摄影作品的独创性判定影响较大。对以立体艺术作品为再现对象的照片，在考虑其是否体现了不同于原作的独创性的同时，需结合复制的竞争性特征考虑是否可赋予其著作权。对于难以体现拍摄者的智力创造的机器自动拍摄的照片应坚持非具独创性认定，但对能够体现拍摄者的创造性表达的仍可赋予其可著作权性。当拍摄者对某一时事场景予以再现时，由单纯事实信息构成要素的部分或全部简单排列组合而成的表达形式应包括照片报道在内。通过合并原则的适用以及调高对再现时事类照片独创性的要求，可以合理界定摄影作品与时事新闻之间的界限。,再现型摄影作品;独创性;异体复制;时事新闻,D913,44,,法学三大刊论文/法学研究/再现型摄影作品之著作权认定.pdf
1282,农村土地“三权分置”的法理阐释与制度意蕴,高飞,广东外语外贸大学土地法制研究院,2016,3,3,19,我国在1978年后逐步确立了“两权分离”的农村土地权利结构，为农村经济的发展作出了巨大贡献。但是，“两权分离”制度自始就存在制度理念重效率而轻公平、制度体系重利用而轻所有、权利设计重土地承包经营权而轻其他农地使用权的制度缺陷，致使现行农村土地法律制度的发展障碍重重。党的十八届三中全会为克服“两权分离”制度的弊端，提出了“三权分置”的农村土地权利结构。但该政策被形式化地理解为所有权、承包权、经营权叠加并立的土地权利结构，给农地制度的构建与完善带来了挑战。“三权分置”的农村土地权利结构实为集体土地所有权、成员权、农地使用权三权并立，此是保障农村集体经济和农村集体经济组织成员权利之有效实现的重大政策举措，也是力促统分结合的双层经营体制落到实处的有力工具。,两权分离;三权分置;集体土地所有权;成员权;农地使用权,F123.16,51,,法学三大刊论文/法学研究/农村土地“三权分置”的法理阐释与制度意蕴.pdf
1283,农村土地承包法修改后的承包地法权配置,"高圣平[1,2]",中国人民大学民商事法律科学研究中心,2019,5,44,62,"巩固和完善农村基本经营制度是推进体制机制创新、强化乡村振兴制度 性供给的重要方面,也是修改农村土地承包法的基本出发点。在 “三权分置”政策 的指导下,2018年农村土地承包法将承包地的产权结构确定为 “土地所有权→土 地承包经营权→土地经营权”,其中前者派生出后者;原农村土地承包法中 “以其 他承包方式取得的土地承包经营权”被重构为土地经营权。土地承包经营权是具有 身份属性的用益物权,承包方可以出租 (转包)、入股或者以其他方式为他人派生 土地经营权。土地经营权是市场化的财产权利,在性质上属于债权,经登记的土地 经营权具有类似于物权的效力。土地承包经营权和土地经营权均可充任抵押财产, 但土地承包经营权上之抵押权实现时,抵押权人仅得以土地经营权的流转价款优先 受偿,不得以土地承包经营权变价受偿。",农村基本经营制度;三权分置;土地承包经营权;土地经营权,D,0,,法学三大刊论文/法学研究/农村土地承包法修改后的承包地法权配置.pdf
1284,农村集体经济组织法构众说窥略——有关农村集体经济组织法律形式变革的稿件编后感,陈甦[1],,2022,3,57,66,"我国经济体制改革肇启以来,经济主体的功能转换与结构再造就是改革题中应有之义.然而与其他经济主体的品性不同,农村集体经济组织作为一个能动对象,却一直使改革观察者处于纠结境地,因为这本是一类存续普遍而又同构普通的经济组织体,但却既能长期作为改革焦点而持续发生学术吸引力,又能致使相关理论解说或政策建议迄今千论不一、莫衷一是.",,D,,,法学三大刊论文/法学研究/农村集体经济组织法构众说窥略——有关农村集体经济组织法律形式变革的稿件编后感.pdf
1285,农民集体与农村集体经济组织关系之二元论,高海[1],,2022,3,21,38,"基于坚持农民集体所有权、推进集体资产股份实质化改革的基本立场,宜以异质论与替代论并存的二元论,阐释农民集体与农村集体经济组织的关系.就资源性资产而言,采取农民集体是所有权主体、农村集体经济组织是代表行使主体的异质论;就经营性和非经营性资产而言,采取农村集体经济组织替代农民集体成为所有权主体的替代论.二元论不仅有实定法根据、所有制和股份制类型化的佐证,有助于化解一元论的困境,而且从保障全体成员受益、满足资源性资产所有权客体不可分割、避免集体权益外溢等视角看,二元论中的异质论强化了资源性资产公有制的实现.基于经营性资产所有权客体可分割、成员持股份额不等受益不均、非本集体成员持股导致集体权益外溢等客观情况,二元论中的替代论没有弱化经营性资产公有制的实现.二元论下,农民集体或经济合作社与股份经济合作社的成员认定条件不一;资源性资产不宜表达为农村集体经济组织成员集体所有;农村集体经济组织可以破产;保障经营性资产公有制的实现,需限制集体权益外溢,扩大成员受益范围,促进成员平等受益.",农民集体;农村集体经济组织;集体资产股份;股份经济合作社,D,,,法学三大刊论文/法学研究/农民集体与农村集体经济组织关系之二元论.pdf
1286,农民集体成员的集体资产股份权,韩松[1],,2022,3,3,20,"农民集体成员取得对集体经营性资产量化分配股份的权利依据是本集体成员集体所有权上的成员权,农民集体成员股份权的客体是集体经营性资产,是集体经济积累的集体公有制的资产,由此决定集体成员的集体资产股份权不是个人出资的私有资本股份权,而是集体成员享有的参与集体经营收益分配的股份权.集体成员资格的确定、集体经营性资产股份的种类设定、分配原则、股权内容和集体经济组织企业制度的设定,都应当坚持维护和实现农民集体所有权,符合农民集体公有制的要求.",农村集体产权改革;农民集体所有权;农民集体成员;集体资产股份权,D,,,法学三大刊论文/法学研究/农民集体成员的集体资产股份权.pdf
1287,决议行为效力规则之构造,徐银波[1],西南政法大学,2015,4,164,183,社团决议行为并非法律行为，无法直接适用法律行为规则。物权法、公司法虽设有特别规则，但二者关于决议行为效力类型及瑕疵事由的规定均不周延且相互冲突，无法满足司法需求。非公司法人等的决议行为更面临法律规制漏洞。未来民法典总则亟需增设决议行为规则。规制决议行为的伦理基础并非程序正义，而系社团自治，应围绕社团自治建构规则。应区分决议成立认定与效力判断，经有召集权者召集会议作出多数决，方形成决议。已成立的决议需满足有决议权限、真实性、合法性、合理性要件，方具有法律效力。与之对应，无决议权限、程序瑕疵、表决瑕疵、内容违法、违反规约及侵害成员合法权益将导致决议效力待定、可撤销或无效。,决议;社团自治;效力规则,D922.29,87,,法学三大刊论文/法学研究/决议行为效力规则之构造.pdf
1288,准抽象危险犯概念之提倡,陈洪兵[1],南京师范大学法学院,2015,5,123,138,传统的危险犯二分说存在疑问，在具体危险犯和抽象危险犯之间，还应存在一个独立的危险犯类型——准抽象危险犯。刑法分则中规定的5个“足以”型危险犯、3个危险物质型危险犯、3个破坏公用设施型危险犯、暴力危及飞行安全罪、非法携带枪支等危及公共安全罪以及污染环境罪，均属于准抽象危险犯。其罪状中的“足以……”、“危害公共安全”、“危及飞行安全”、“危及公共安全”以及“严重污染环境”等表述，是对行为对象的性质或者行为本身属性的要求，旨在使其区别于盗窃罪、故意毁坏财物罪等相关犯罪，而非表明只有已经发生了现实、紧迫的具体危险才成立相应犯罪。,具体危险犯;抽象危险犯;准抽象危险犯,D922.68,108,,法学三大刊论文/法学研究/准抽象危险犯概念之提倡.pdf
1289,分段审查抑或归口审查：羁押必要性审查的改革逻辑,林喜芬[1],上海交通大学凯原法学院,2015,5,157,176,羁押必要性审查制度的确立是检察审查逻辑的延伸，其并未在根本上改变以往缺乏司法审查的制度安排和“一押到底”的司法实践。基于参与式观察、对五十余名司法实务人员（包括检察官、法官、警察、律师）的深度访谈以及一系列司法数据，本文一方面通过透视中国检察机关（系统）内部不同部门（条线）之间，在羁押必要性审查制度确立过程中的发展竞争与权力博弈，指出《人民检察院刑事诉讼规则（试行）》所确立的分段审查模式主要兼顾了侦查监督、公诉等办案部门（条线）的职能安排。另一方面，通过对H省试行归口审查模式的实践进行考察，指出该模式的试点效果得以彰显，在很大程度上是因为基层检察院协调了检察院内部和外部的权力关系，但这种促生或支撑归口审查模式的基层司法生态并不稳定，因此试点改革的长期可持续性存疑。在中国，一项旨在保障被追诉人权益的改革举措，其落实和成效在很大程度上要受制于司法权力博弈和司法生态。,羁押必要性审查;检察审查;分段审查;归口审查;司法生态,D925.2,35,,法学三大刊论文/法学研究/分段审查抑或归口审查：羁押必要性审查的改革逻辑.pdf
1290,分级分类原则下监管标准的建构与运用,石肖雪[1],苏州大学王健法学院,2025,2,38,54,在事中监管的语境中，监管内容及其审查基准的详细和清晰程度，关涉市场主体的遵从成本，监管标准体系的建构对于营商环境的优化意义重大。作为裁量基准的监管标准，旨在通过对监管内容的标准化，压缩行政机关事中监管的裁量空间，为监管对象提供清晰有效的行为指引。基于分级分类监管原则，监管标准的建构要服务于监管内容的精准化，以回应监管风险的差异性；监管标准应能连接法律规范与企业文化，以实现合作治理。基于监管公平性的要求，监管标准还需符合平等原则与比例原则，其严苛程度应与监管的必要性相当。在法律的统摄之下，监管标准的规范来源处于不同层级，监管标准因之存在干预强度上的差异；监管标准涉及不同的审查环节，监管标准因之存在干预深度上的差异。由此，分级分类的监管标准呈现为多层级的体系结构，其与监管措施相结合，有助于形成适度的监管深度与监管强度，从而实现精准监管、提升监管效能。,事中监管;监管标准;裁量基准;风险分级;分级分类原则,D922.1,,,法学三大刊论文/法学研究/分级分类原则下监管标准的建构与运用.pdf
1291,刑事印证证明新探,龙宗智,四川大学法学院,2017,2,149,167,刑事印证证明是指在刑事诉讼中利用不同证据内含信息的同一性来证明待证事实，这里的同一性包括信息内容的同一与指向的同一。印证证明既适用于个别证据的判断，也适用于证据的综合判断，还适用于对证据真实性、合法性和相关性的判断；其作用机理一是真理（真实）融贯论，二是真理（真实）符合论，三是归纳逻辑与溯因推理；其考量因素包括参与印证的证据的品质、数量、清晰度，是否存在客观性证据尤其是隐蔽性证据，是否符合经验法则，是否合理嵌入整体的事实构造，以及是否存在合理差异等。实践中对印证证明的误用表现为：违法取证，强求印证；只看印证事实，忽略对案件的“综观式验证”；违背证明规律，忽略心证功能。印证模式的改革方向是坚持印证主导，加强心证功能，注重追证作用，发挥验证功效。,印证;证明模式;证明方法;融贯论;符合论,D925.2,0,,法学三大刊论文/法学研究/刑事印证证明新探.pdf
1292,刑事司法公平正义感受的主观程序正义框架与测度——以2015-2023年全国调查数据为基础,吴洪淇[1],北京大学法学院,2024,4,39,57,"“努力让人民群众在每一个司法案件中感受到公平正义”, 是我国刑事司法公平正义理念的根本宗旨。主观程序正义研究为探究社会公众的公平正义感受, 提供了一个基本的分析框架, 在程序正义的核心要素和分析方法方面, 则提供了重要借鉴。通过2015年至2023年全国范围内七次调查数据, 可以展示我国社会公众刑事司法公平正义感受的基本样态, 在此基础上能够总结出我国社会公众刑事司法公平正义感受的变迁格局。整体上说, 我国社会公众对刑事司法公平正义的评价趋于上升, 但不同维度之间也呈现出差异化的变迁态势。从法律职业的内外差别看, 法律职业人员与社会公众对刑事司法公平正义的感受呈现显著分化。从涉诉受访者与非涉诉受访者的不同视角看, 刑事司法公平正义感受呈现出相对更优、基本持平、相对更差三重关系样态。从受访者的背景看, 受访者对刑事司法公平正义的感受会随着性别、年龄层次、文化程度、地域的不同而呈现不同样态。刑事司法体制与诉讼制度改革必须以刑事司法公平正义感受的差异化格局为基础, 在未来的改革中给予有针对性的回应。",刑事司法;公平正义;主观程序正义;实证研究,D,,,法学三大刊论文/法学研究/刑事司法公平正义感受的主观程序正义框架与测度——以20152023年全国调查数据为基础.pdf
1293,刑事程序比例构造方法论探析,秦策,南京师范大学法学院,2016,5,153,170,刑事程序比例构造的要义是以比例原则为基础，对刑事诉讼中专门机关行使的各种强制性、干预性的程序性权力，进行合乎比例的体系化控制。传统上比例原则主要是一项司法原则，而其立法视角的确立与强化是刑事程序比例构造的逻辑起点。刑事程序比例构造的基本模型包含两重基本的比例关系：一是刑事诉讼措施与案件情形之间的比例关系；二是刑事程序针对不同强度的诉讼措施加以控制的比例关系。案件情形轻重、诉讼措施强弱、程序控制宽严的立法表述是一个方法论瓶颈，但可以通过类型化技术加以解决。静态比例性分析有助于对现有制度的诊断与评价，而动态比例性调节则是在制度改良过程中弥补比例性缺失的有效工具。,刑事诉讼构造;比例原则;比例构造;动态比例性调节,D912.1,43,,法学三大刊论文/法学研究/刑事程序比例构造方法论探析.pdf
1294,刑事被告人答辩制度之构建,欧卫安,广州大学法学院,2017,6,164,179,罪状认否意义上的被告人答辩制度尚未在我国刑事诉讼中设计完成，而认罪认罚从宽制度框架下的程序分流机制令庭前被告人答辩制度之构建成为必要。被告人答辩制度应为庭前会议的一种制度配套，其所寄身的程序空间应与庭前会议合二为一。在认罪认罚从宽制度改革背景下，被告人答辩的对象已经不再局限于公诉事实，而是扩大到了量刑建议。被告人答辩的基本功能在于程序分流，其本质上区别于具有证据属性的被告人供述与辩解。有罪答辩并不免除控方的证明责任，亦不能限制法院的实体裁判权，因此与民事诉讼中的自认形相近而实相远。在标准化的基础上，可将我国被告人答辩的类型分为认罪答辩、无罪答辩、拒绝答辩、轻罪答辩以及承认案件事实的答辩。对被告人的有罪答辩，应当进行前提性的事实基础审查，并确保被告人答辩的自愿性与正当性。,被告人答辩 罪状认否 有罪答辩 程序分流认罪认罚从宽,D925.2,0,,法学三大刊论文/法学研究/刑事被告人答辩制度之构建.pdf
1295,刑事证据分布理论及其运用,冯俊伟[1],山东大学法学院,2019,4,174,190,"刑事证据法的研究除了对证据排除规则的研究,还应当回到证据问题的原点,即犯罪行为发生后的证据分布问题,这是证据收集、保管、移送、运用等问题的起点。刑事证据分布理论意在阐释不同罪名之下证据分布不一,同一罪名下证据分布具有一定规律性的现象。刑事证据分布受到法律规定、社会环境、技术发展等内在、外在因素的影响,应当调整内在和外在条件,改善案件中的证据分布状况,使更多的证据进入刑事诉讼,从而促进理性裁判。刑事裁判文书中对证据种类的记载只是证据分布状况的一种“映射”,而非证据分布的真正体现,对之不应作僵化理解。刑事证据分布理论有助于促进我国证据法学理论的科学化、精细化,为证据收集指引的相关实践提供理论参照,促进类罪证据规则的构建,也有助于促进统一证明标准在不同类罪中的多元化实现。",证据分布;证据收集指引;类罪证据规则;证明标准,D915.13,0,,法学三大刊论文/法学研究/刑事证据分布理论及其运用.pdf
1296,刑事证据标准与证明标准之异同,熊晓彪[1],吉林大学司法文明协同创新中心,2019,4,191,208,"证据标准用于对案件证据的审查判断,主要包括对证据能力、要件证据及必要附属证据的审查判断;证明标准是对案件事实的综合评价,主要涉及证据标准的审查,证据证明力强弱、要件事实融贯性证成与否以及案件整体论证强度的评估。证据标准虽属证明标准评价的第一项内容,但不能因此将二者等同。证据标准与证明标准在具体内容、是否依存于特定诉讼构造、审查判断主体和评价方式、功能及法律效果等方面都存在实质性区别。为推进以审判为中心的刑事诉讼制度改革,统一证据标准是切实可行且必要的。相反,统一证明标准不但违背了其在不同诉讼阶段的功能和价值,而且这一统一不可能真正实现。未来,应打破证据标准与证明标准一元化格局,构建二元评价模式。",证据标准;证明标准;要件证据;统一证据标准,D925.2,0,,法学三大刊论文/法学研究/刑事证据标准与证明标准之异同.pdf
1297,刑事证明标准的规范偏移与校正——从“刑事诉讼法解释”第140条切入,王星译[1],,2022,6,189,205,受制于客观真实发现的诉讼认识论，我国刑事证明标准尚未摆脱“客观化”标签。如何规限法官对事实的内心确信，一直是刑事司法实践与理论的难题。2021年“刑事诉讼法解释”第140条的司法实践表明，证据裁判活动与法官事实心证出现功能性混同，证明标准条款出现某种“规范偏移”。由于事实心证的“高标准”不当限制了证据裁判活动，降格适用证据要求与程序要求、以形式叙事为主线建构“证据链”便成为实务部门的应对之策。为规避主观风险与体制责任，法院用客观证明充足事实心证的主观判断，却又因为缺乏心证约束机制而陷入误用经验推定的危险。为校正实务对规范的偏移，解决证明标准的主观性难题，有必要树立“先证据裁判，后内心确信”的递进式裁判思维，把排除合理怀疑的心证自由置于事实证成这一裁判说理义务的约束之中。,证明标准;事实认定;间接证据;证据印证;自由心证,D,,,法学三大刊论文/法学研究/刑事证明标准的规范偏移与校正——从“刑事诉讼法解释”第140条切入.pdf
1298,刑事诉讼专门性证据的扩张与规制,吴洪淇[1],,2022,4,168,184,"在刑事诉讼中,普通性问题与专门性问题之间存在严格界分,二者在认识结构、认知权力分配和相关证据适用标准上都有所不同.2021年《最高人民法院关于适用〈中华人民共和国刑事诉讼法〉的解释》确认了专门性问题报告和事故调查报告的证据地位,由此我国解决专门性问题的基本格局将逐渐演变为以鉴定意见为主、多元化证据形式并存.传统的鉴定意见规制模式存在表象化审查的问题;而新证据类型在基础要素质量控制机制方面较为薄弱,会导致裁判者对专门性证据的审查承担更多责任.这要求裁判者对专门性证据真正承担起看门人角色,由过去依赖鉴定意见的形式审查逐渐转向实质审查.目前针对新证据类型的规制框架,还存在参照模式定位不清、合法性不足、以鉴定意见为中心的审查框架与新证据类型之间潜藏诸多冲突等一系列问题,应针对专门性证据构建一个更具包容性的实质审查框架,在专门人员资质、专门性知识和专门性推理过程等方面进一步强化审查.",证据审查;鉴定意见;专门性证据;专门性问题,D,,,法学三大刊论文/法学研究/刑事诉讼专门性证据的扩张与规制.pdf
1299,刑事诉讼中变更公诉的限度,周长军,山东大学法学院,2017,2,168,189,对于检法机关变更公诉，刑事诉讼法没有明确规定，主要是通过司法解释等规范性文件予以确立。检察机关变更公诉主要存在于罪名相近、容易混淆的案件中，表面看所占比例不大，但散见于绝大多数审判环节，且没有法定的次数限制。变更方式也较为随意，缺乏必要的规范；法院在变更公诉方面较为活跃，多数变更公诉决定由其自行作出或者建议检察机关作出；在变更公诉的对象方面，犯罪事实和罪名的变更最为常见；变更公诉的内容存在严重的“脱法”现象，程序正当性也多有不足，被告人的诉讼防御利益缺乏有效保障。改革变更公诉制度，必须培育变更公诉的限度意识，重构变更公诉的实体控制模式，确立诉因构造基础上的变更公诉制度；厘定变更公诉的程序边界，将不利于被告人的变更公诉限定在一审判决前，健全检法权力相互制衡机制，完善被告人权利保障机制。,变更公诉;审判对象;诉因;公诉事实的同一性,D925.2,0,,法学三大刊论文/法学研究/刑事诉讼中变更公诉的限度.pdf
1300,刑事诉讼办案期限：功能变迁与诉讼化改造,董坤[1],中国社会科学院法学研究所,2024,6,182,200,对2018年刑事诉讼法第98条进行解释会发现，我国长期混淆误用办案期限和羁押期限。这是因为羁押期限依附从属于办案期限，而办案期限自创设之初即被赋予限制最长羁押期限的功能，但早期“一押到底”的现象十分普遍，致使两类期限难以分离，从而抑制了办案期限的其他重要功能。随着羁押与办案的分离，办案期限“提质增效”“控权保民”的独立价值和主要功能得以凸显。但实践层面，我国长期以行政手段管理办案期限，执着于时间约束和追求效率，忽略了当事人的期限利益和权利保障，办案期限“控权保民”的功能未充分彰显。完全抛弃办案期限，借鉴域外纯粹诉讼化的办案时间裁判机制，并不契合我国当下国情和传统司法经验，而渐进性的诉讼化改造方案更具合理性。改造的基本思路是，从权力主导型的办案期限管理模式迈向权利保障型的办案期限救济模式，淡化办案期限管理的行政化色彩，增强当事人在办案期限延长和调整中的参与度和话语权，建立办案期限迟延的救济补偿机制，强化检察机关对办案期限管理的外部监督。,刑事诉讼;办案期限;羁押期限;期限管理;控权保民,D,,,法学三大刊论文/法学研究/刑事诉讼办案期限：功能变迁与诉讼化改造.pdf
1301,刑事诉讼时间规范的理论逻辑与制度改良,郭晶[1],中国人民公安大学法学院,2025,3,171,190,为实现刑事诉讼程序妥速运转，域内外普遍创设速审原则和时限规则等时间规范，作为裁判当事人时间争议的依据。刑事诉讼的时间规范可分为诉讼行为推进的合理期间、强制处分持续的合理期间以及追诉时效存续的合理期间三种类型，以此塑造公正的刑事诉讼时间秩序——既充分尊重办案人员的能动性，也保障当事人合理的用时需求。目前，我国尚未对三种时间规范进行充分的理论辨析和立法区分，以致发生制度混同和功能紊乱。基于三者各自的机理，可改良我国刑事诉讼的时间规范体系。首先，强制处分起止时点应与相关诉讼行为节点适度脱钩，避免追诉方的用时需求被直接转化为强制处分的必要性。其次，与强制处分持续的合理期间相分离，削弱了诉讼行为推进合理期间的限时加速功能。为有力遏制诉讼拖延，须同步激活速审原则和追诉时效的控时效力。最后，细化规定各类限时和授时理由，改固定授时为可变授时；倾斜保护辩方的用时需求，切实发挥授时减速效果，以抗衡追诉方过度的效率追求。,合理期间;强制处分;追诉时效;时限规则;速审原则,D925.2,,,法学三大刊论文/法学研究/刑事诉讼时间规范的理论逻辑与制度改良.pdf
1302,刑事诉讼法中的侦查概括条款,艾明,西南政法大,2017,4,155,172,大陆法系国家和地区普遍规定了侦查概括条款，规定这一条款的重要原因是兼顾法律保留原则和侦查程序自由形成原则。从性质而言，侦查概括条款既是任务分配规范，也是一般授权规范。因此，侦查概括条款不仅具有抽象的任务指示功能，还有具体的措施授权功能，但这一授权功能仅处于补遗地位。与大陆法系法治发达国家相比，我国的侦查概括条款存在着任务指示功能明显，措施授权功能不彰；侦查概括条款和证据收集概括条款并列规定，内容重复；特别授权条款的数量和规范密度不足，难以保障侦查概括条款的明确性等问题。我国立法机关应当正视上述问题，在借鉴其他国家侦查措施立法经验的基础上，进一步完善侦查程序立法。,侦查概括条款;特别授权条款;法律保留原则;侦查程序自由形成原则,D918,0,,法学三大刊论文/法学研究/刑事诉讼法中的侦查概括条款.pdf
1303,刑事诉讼法时间效力规则研究,聂友伦[1],中国人民大学刑事法律科学研究中心,2020,3,176,191,"我国刑事诉讼立法及相关规范未对刑事诉讼法的时间效力问题予以明确,使得法秩序变迁下刑事程序的新旧流转出现了规范适用疑难。对此,学界通常认为应当适用程序从新原则,但相关理解与界说存在问题。在规范论上,基于法律即行适用与法不溯及既往,可以推导出刑事诉讼法的时间效力适用行为时法原则。对于尚未终结的诉讼,因新程序与旧事实可能无法相容,适用行为时法难免对旧事实造成影响,但这只是不真正溯及,不违反法不溯及既往原则。在立法论上,除应明确行为时法原则外,由于法律的不真正溯及仍可能实质损害法不溯及既往背后的法安定性及信赖保护原则,立法者宜通过信赖利益保护理论,预先识别需要保护的信赖利益,继而选择适当的立法方案将此类例外纳入刑事诉讼法体系。",程序从新;法律即行适用;法不溯及既往;信赖保护,D92,0,,法学三大刊论文/法学研究/刑事诉讼法时间效力规则研究.pdf
1304,刑事辩护率:差异化及其经济因素分析--以四川省2015-2016年一审判决书为样本,左卫民[1];张潋瀚[1],四川大学法学院,2019,3,167,189,"对四川省2015-2016年五万余份上网刑事一审判决书的分析,不仅揭示了辩护率的整体情况,更展示了辩护率在法院层级、地区、审理程序、犯罪类型等方面的差异。这些差异主要由特定的法律、经济、社会等因素所决定,但尤其值得关注的是经济因素。为提升刑事程序的公正性,必须控制乃至消除经济因素对辩护率的影响,减少不适当的辩护率差异。具体的策略是继续加大国家的财政投入,将被告人的经济状况作为""应当""指定辩护的重要指标。",刑事辩护率;经济因素;指定辩护,D632.8,0,,法学三大刊论文/法学研究/刑事辩护率_差异化及其经济因素分析以四川省20152016年一审判决书为样本.pdf
1305,刑事速裁程序试点实效检验——基于12666份速裁案件裁判文书的实证分析,李本森,中国政法大学诉讼法学研究院,2017,5,171,191,2014年6月，全国人大常委会授权最高人民法院、最高人民检察院在全国18个城市进行刑事案件速裁程序试点。根据对12666份速裁案件裁判文书样本的分析，虽然速裁案件的审判效率有显著提高，但审前效率的提高并不显著；速裁案件量刑在有期徒刑、拘役的裁量上基本保持均衡，但在缓刑的适用上存在犯罪类别之间、试点城市之间的较大偏差；速裁程序试点中虽然建立了值班律师制度，但被告人聘请律师辩护的比例很低。基于上述检验结果，未来速裁程序立法要加快案件的审前流程，特别是要在提高取保候审和监视居住适用率的基础上，缩短取保候审和监视居住的法定期限；规范速裁案件量刑指南，避免量刑在区域之间、犯罪类别之间的严重偏差；在完善值班律师制度的基础上，可考虑实现速裁案件的强制性律师辩护，保障被告人的辩护权。,刑事速裁程序 裁判文书 实证分析,D925.2,0,,法学三大刊论文/法学研究/刑事速裁程序试点实效检验——基于12666份速裁案件裁判文书的实证分析.pdf
1306,刑事隐蔽性证据规则研究,秦宗文,南京大学法学院,2016,3,174,192,隐蔽性证据规则的确立既有经验层面的支持，也与我国特殊的刑事司法环境有关。隐蔽性证据规则以定罪为导向，相关司法解释虽然设立了严格的保证条件，但仍潜存虚假补强的风险。隐蔽性证据规则的实施情况，一方面证实这一规则确有深厚的经验支持；另一方面显示实践部分地偏离了规范，如补强程度把握的分化、适用范围的扩张等。同时，口供污染路径的多样化、司法人员的过分自信以及实际发现污染的困难等，挑战着相关规范防范虚假补强风险的保证条件。隐蔽性证据规则在实践中呈现的样态，既有司法人员认识心理方面的成因，也与刑事司法的印证证明模式、规则本身的模糊、录音录像供给与需求的双重动力不足等因素相关。考虑到不同类型案件中防范虚假补强风险与促进效率之间的价值权衡，隐蔽性证据规则的实施应以多元化方式进行。,隐蔽性证据;隐蔽性证据规则;口供;口供补强规则;虚假补强,D915.13,79,,法学三大刊论文/法学研究/刑事隐蔽性证据规则研究.pdf
1307,刑民交叉实体问题的解决路径——“法律效果论”之展开,陈少青[1],对外经济贸易大学法学院,2020,4,73,91,"刑民交叉实体问题的最终落脚点是,刑民规范的适用是否相互影响以及在何种范围内相互影响。或者因为民事违法概念的体系定位与适用缺陷,或者因为会导致法秩序统一性原则的形骸化,处理刑民交叉实体问题的""违法论""路径欠缺合理性。刑民交叉的连接点不是违法性,真正的连接点是法律效果;以评价对象为主线,刑民交叉实体问题的解决路径应从""违法论""转向""法律效果论""。只有当刑法和民法评价的法律事实具有同一性时,二者的法律效果才可能无法兼容。此时,若刑民规范目的整体一致,对法律主体的惩戒或保护方向相同,则只需对刑民法律效果进行综合考量;若刑民规范目的明显对立,对法律主体的惩戒或保护方向相反,则需要在案件事实层面进行拆分,为刑民规范适用划定不同的案件类型,从刑民交叉回归刑民分立。",刑民交叉;违法论;法律效果论;法秩序统一性,D92,0,,法学三大刊论文/法学研究/刑民交叉实体问题的解决路径——“法律效果论”之展开.pdf
1308,刑民交叉案件中的事实认定与证据使用,龙宗智[1],四川大学法学院,2018,6,3,20,"生效裁判事实认定的预决性证明效力,与既判力、争点效等概念既有联系又有区别。刑民交叉案件中,预决效力及证据使用制度的设置,应考虑司法的统一性与诉讼的独立性、效率与公正、刑事优先与民事诉讼自身规律等因素,同时注意我国司法制度与诉讼机制的特殊性。应确认刑事生效裁判事实认定的特别效力,但要受制于“必要事实原则”与“确定事实原则”。民事生效裁判可作为书证,交由刑事法庭判断并说明采纳与否的理由。刑事法庭判断民事诉讼判定的同一事实,应慎用“穿透原则”否定其合法性及有效性,即使否定亦应采用适当方式。对于特殊类型案件,刑事法庭应将民事诉讼判定的事实作为预决事实。对于证据交互使用,应区别裁判已生效与未生效、定案根据与非定案根据、人证与物证等不同情形进行处理。民事诉讼使用刑事诉讼中形成的人证,应遵循民事诉讼规律。对讯问、询问笔录、鉴定意见均应依法审查,注意证据方法与证据形成要素而作适当使用。",刑民交叉;事实认定;预决效力;证据使用,D925,0,,法学三大刊论文/法学研究/刑民交叉案件中的事实认定与证据使用.pdf
1309,刑法上恶劣影响情节的经验考察与理论构建,郭旨龙[1],,2024,2,172,188,行为是否造成恶劣影响，会影响定罪量刑和程序适用。恶劣影响情节的性质较为复杂，涵盖了负面信息传播、公共信用贬损、公共安宁扰乱和稳定秩序冲击等四种类型。对于恶劣影响情节的适用，可以通过保护法益理论和犯罪情节理论来予以规范和限定。媒体影响等因素的随机性和偶然性，的确是适用恶劣影响情节时应当考虑的问题，但不应一概否认媒体影响因素的合理性。对于犯罪行为及其后果被披露给公众的可能性，应当阶层式地考量披露行为是否具有正当性、是否符合法律的道德信用和媒体的伦理规范。对于合理评估和客观测量恶劣影响的问题，应当强调正当法律程序的理念与机制，说明适用恶劣影响情节的理由，通过证人证言、信访情况、上级重视、信息因素的合理明确规则等，系统认定社会影响的恶劣程度。,恶劣影响;犯罪情节;情节严重;保护法益,D,,,法学三大刊论文/法学研究/刑法上恶劣影响情节的经验考察与理论构建.pdf
1310,刑法中义务冲突的界定、类型与体系定位,张小宁[1],,2023,5,189,205,在判断冲突义务的位阶高低时，除了所关涉的法益的质与量的比较衡量之外，将义务冲突理解为义务背后法条之间的竞合，进而细化为规则与规则的竞合、规则与原则的竞合、原则与原则的竞合，可以更好地处理冲突义务的位阶设定问题。在此基础上，可将义务冲突定位为违法或责任阻却事由；阻却违法性的义务冲突包括等阶义务冲突中对冲突义务的任意择一履行和不等阶义务冲突中选择履行高阶义务这两种情形，而阻却责任的义务冲突只有不等阶义务冲突中选择履行低阶义务这一种情形。如此的二元论处理方案，更有益于妥当处理义务冲突中的疑难案例，特别是涉及生命法益冲突的情形。,义务冲突;义务位阶;法益衡量;紧急避险,D,,,法学三大刊论文/法学研究/刑法中义务冲突的界定、类型与体系定位.pdf
1311,刑法体系的合宪性调控——以“李斯特鸿沟”为视角,张翔,中国人民大学法学院教授,2016,4,41,60,国家刑罚权的控制也是宪法学课题，有必要将刑法学理置于宪法教义学的观察之下。刑事政策与刑法体系的区隔（“李斯特鸿沟”）具有宪法意义。刑事政策并非外在于实证法，其应该以宪法为实质来源。刑事政策的宪法化有助于消除刑事政策的模糊性，缓和其对实证法体系的冲击，补强其批判立法的功能。应该构建具有宪法关联性、以基本权利为核心的法益概念，使其兼具解释和批判立法的功能。刑罚制度的政策性调整应当接受比例原则的审查。基于此，有关刑法修正案（九）中扰乱国家机关工作秩序罪的设立、严重贪污受贿犯罪可适用终身监禁等争议问题的刑法学分析，可以得到宪法教义学的补强与回应。可以说，两个学科共同承担着对刑法体系的合宪性调控任务。,罪刑法定;刑事政策;法益的宪法关联性;合宪性解释;比例原则,D924,68,,法学三大刊论文/法学研究/刑法体系的合宪性调控——以“李斯特鸿沟”为视角.pdf
1312,刑法修正：维度、策略、评价与反思,梁根林,北京大学法学院,2017,1,42,65,近年来，刑法修正案运用多种修正策略，对刑法进行重大修正，展现出刑法干预早期化、能动化、犯罪圈不断扩大的立法趋向。这一趋向既不意味着法治国自由刑法的诉求已成过眼烟云，也不意味着积极的刑法立法观在我国就此确立。犯罪圈扩大的立法趋向在总体上具有客观必然性和实践合理性，但刑法修正案的某些条款在合目的性、明确性与体系逻辑性方面存在瑕疵；1997年刑法由“厉而不严”向“严而不厉”的结构转型尚未成功，碎片化的刑法修正案立法方式破坏了1997年刑法的外部面相和内部逻辑；1997年刑法已经进入其生命周期的后期，应适时启动对其的全面修订，并且超越刑法典单轨立法模式，构建刑法典与行政刑法的双轨立法模式。,刑法修正;刑法结构;刑法立法模式;犯罪圈扩大,D924,0,,法学三大刊论文/法学研究/刑法修正：维度、策略、评价与反思.pdf
1313,刑法教义学研究的中国主体性,丁胜明[1],西南政法大学法学院,2015,2,42,55,刑法教义学既包括教义学方法，也包括教义学知识；教义学方法是无国界的，但教义学知识是对一国现行有效的法律所作的解释，因而是有国界的。德日刑法关于共同犯罪的规定表明，共犯的定罪与量刑均取决于正犯，因而决定了其共犯理论必须采取实质客观说以区分正犯与共犯；而中国刑法关于共同犯罪的规定表明，共同犯罪的定罪与量刑是截然可分的不同层次，因而在正犯与共犯的区分上采取形式客观说就足以解决问题。中国刑法和德日刑法对侵占罪规定的成立要件并不相同，“拒不退还”、“拒不交出”在中国的侵占罪中是一种客观处罚条件，是独立的行为要件，因而不能将其融入“非法占为己有”的含义之中。中国的刑法教义学研究必须清醒地认识到，要以中国刑法的规定为研究的逻辑起点并受其严格约束；要真正构建中国的刑法教义学，必须唤起研究者的主体意识。,刑法教义学;共犯理论;侵占罪;中国主体性,D924,66,,法学三大刊论文/法学研究/刑法教义学研究的中国主体性.pdf
1314,"初查的行政执法化改革及其配套机制——以公安机关""行刑衔接""为视角",张泽涛,广州大学法学院,2021,2,107,122,"实践中公安机关的初查已经变相替代了侦查,大量行政执法手段渗透到初查环节,导致了初查的侦查实质化等诸多弊端.应取消刑事立案程序或者降低刑事立案标准,对刑事犯(自然犯)直接启动侦查;对行政不法,经过初查确定构成行政犯(法定犯)之后转换为刑事侦查.从权力属性看,初查属于行政执法行为.刑事案件追诉标准的具体化和大数据在公安执法中的运用,使初查的行政执法化有了数据标准和技术支撑;立法规定行政证据在刑事诉讼中的使用,使初查取证与刑事证据的衔接具备了制度前提,也是对公安司法机关执法和司法解释经验的认可.为实现初查的行政执法化改革,应细化和系统化公安机关刑事案件追诉标准,修改2020年《公安机关办理行政案件程序规定》第65条,充分发挥大数据在办案中的大引擎作用,按照比例原则提高公安机关实施行政执法行为的标准,加强对公安机关""行刑衔接""类案件和行政执法程序的监督,规范行政证据转换为刑事证据的制约机制.",初查;行政执法;行刑衔接,D,0,,法学三大刊论文/法学研究/初查的行政执法化改革及其配套机制——以公安机关“行刑衔接“为视角.pdf
1315,删而未除的“管辖错误”再审——基于2013年以来最高人民法院裁定书的分析,李浩[1],南京师范大学法学院,2015,2,158,175,2012年民事诉讼法删除了“违反法律规定，管辖错误的”这一再审事由。人们普遍认为，新法实施后，当事人已不能针对管辖权异议的终审裁定申请再审。但在新法实施后最高人民法院处理再审案件的诉讼实务中，当事人以“管辖错误”为由申请再审和法院对“管辖错误”进行再审并未真正消除。最高人民法院依然保留针对“管辖错误”的再审肯定是经过深思熟虑的。保留这类再审的积极意义在于：有助于消除当事人对地方保护主义的担忧和防范可能发生的地方保护，有助于保障司法公正，有助于解决管辖规则适用中的疑难问题和统一各法院关于管辖规则的理解与适用；但保留再审也会同诉讼效率的要求相抵牾。为平衡司法公正与诉讼效率的关系，需要从三个方面优化处理“管辖错误”的再审程序。,2012年民事诉讼法;再审事由;管辖错误;管辖权异议,D922.181,46,,法学三大刊论文/法学研究/删而未除的“管辖错误”再审——基于2013年以来最高人民法院裁定书的分析.pdf
1316,判例自发性运用现象的生成与效应,顾培东[1],四川大学法学院,2018,2,76,96,司法实践中，各主体自发运用判例参照比附待诉、待决案件的现象，正在我国悄然而广泛地兴起。不同于案例指导制度，判例自发性运用现象有其自身的一系列特征。这种现象生成的外部因素在于裁判文书上网所形成的“互联网＋”效应，而内在因素主要包括我国司法中规范资源的不足与缺失、司法自我认同与社会认同的广泛形成、诉讼特征的重要现实变化等。在这种自发性运用中，判例与待决案件情境的匹配性、诉讼主体运用判例的利己激励、主体在运用中的竞争与博弈、对案件处理合理性的趋从，能够有效地促进司法审判中法律适用水平的提高，尤其是能够有效地汇聚和运用人民法院整体智慧与经验，随机地解决各种疑难、复杂或新类型案件，并为人民法院的整体发展开辟新的路径。判例自发性运用现象对法学理论研究的转型与深化，对法律规范体系及法律规范生成机制的改善，亦能产生重要影响。,判例自发运用；裁判文书上网；案例指导制度；司法改革,D920.5,0,,法学三大刊论文/法学研究/判例自发性运用现象的生成与效应.pdf
1317,利他型人寿保险中投保人与受益人的对价关系,岳卫,南京大学法学院,2017,6,115,128,我国的保险法理论与实务往往误读人寿保险金不属于被保险人遗产之法律规定，认为其专属于受益人，其他任何人均无权介入该保险金的处理。然而，在投保人与受益人非为同一人的利他型人寿保险契约中，受益人的保险金请求权虽然为其直接取得的权利，但该直接取得性并不能否定受益人与投保人之间的具体法律关系。依照民法利他型契约理论，一方面，受益人得直接向保险人请求保险金给付的权利源自保险契约，即投保人与保险人之间的补偿关系；另一方面，受益人能否最终取得保险金，还取决于投保人与受益人之间的对价关系是否存在。该对价关系与补偿关系相互独立，其法律性质为投保人对受益人的单方赠与行为。投保人及其财产关系人之间的利害关系调整应以该单方赠与行为为标准进行。投保人的债权人可依据民法有关债权人撤销权的规定撤销该赠与；受益人为共同继承人时，其他继承人可依照继承法的规定对保险金主张一定的权利。,人寿保险金 对价关系 债权人撤销权 共同继承人,D922.284,0,,法学三大刊论文/法学研究/利他型人寿保险中投保人与受益人的对价关系.pdf
1318,制定法历史解释的论辩效力及其作用限度,杨知文[1],华东政法大学法律学院,2025,1,78,94,历史解释是服务于某种合理的法律解释目标且具有相对独立性的法律解释方法，其通过考察立法过程并借助立法历史资料探求法律制定时的立法意图，但历史解释并不止步于对立法原意的发现，立法原意可被再判断或评估。从法律适用的理由论辩角度看，制定法历史解释可以发挥独立性的、限定性的、决断性的、补充性的论辩效力。基于规范前史的解释、基于规范创建史的解释和基于规范适用及发展史的解释，是历史解释论辩效力的实现路径。法律规范具备在文本之外进行解释的必要空间，且借由立法历史资料形成的解释倾向存在合理性，是历史解释论辩效力的发生前提。历史解释方法也有其运作界限，即历史解释不能从根本上脱离法律文本的可能文义限制；开展历史解释不能把立法原意绝对化或片面化，而应根据社会现实的变化对历史观点作审慎判断；历史解释的论辩效力强度受制于立法原意的清晰程度；历史解释的解释结论有时并不具有终局性，而是需要有来自其他解释方法的理由配合或验证保障。,制定法;法律解释;历史解释;法律方法;法律适用,D,,,法学三大刊论文/法学研究/制定法历史解释的论辩效力及其作用限度.pdf
1319,功能主义视域下的行政协议,徐键[1],上海财经大学法学院,2020,6,98,113,"行为要素思路是当前识别行政协议的主流思路,其以合意行为是否具备特定的公法要素为聚焦点,忽视了对行政协议的目的功能及应用场域的关照,使得行政协议与行政私法行为的区分变得困难。行政协议是针对高权行政领域等级化之行为模式及组织机制的反思性产物,对行政协议的识别不应跳出高权行政的范围。面对高权行政中传统行政模式的弹性不足问题,行政协议通过行为机制的革新强化相对人的意愿交流能力;通过组织机制的改造来回应任务执行的合作需求。基于功能目的上的差异,行政协议可以类型化为程序介入型协议和公务转移型协议。以类型化为基础,运用不同的规则和方法,可以便利行政协议的识别。",行政协议;行政私法行为;高权行政;合作行政,D92,0,,法学三大刊论文/法学研究/功能主义视域下的行政协议.pdf
1320,动产抵押的登记对抗原理,庄加园[1],上海交通大学凯原法学院,2018,5,76,94,"立法者在引入动产抵押时,只借鉴了相对粗陋的规则,既未考虑到担保物权在担保人破产、遭受强制执行时的作用,也未考察声明登记制的公示原理,使其不仅难以发挥预期功效,而且在理论上屡遭误解。动产抵押的登记对抗要件并非用于解决无权处分时的所有权归属,而是具有不同于不动产登记的消极公示、分配清偿顺位、防止欺诈的功能。未经登记的动产抵押权仍具支配权属性,但其优先受偿顺位在破产、强制执行程序中都处于相对劣后的地位。若抵押人将其未经抵押登记的动产无权转让给他人,未登记的抵押权命运应视物权法第106条而定。",登记对抗;动产抵押;声明登记制;善意第三人,D923.2,0,,法学三大刊论文/法学研究/动产抵押的登记对抗原理.pdf
1321,动产担保物权的默示延伸,庄加园,上海交通大学凯原法学院,2021,2,35,54,"由于抵押动产在担保实践中发挥着""动态循环""功能,设立其上的担保物权有必要延伸于抵押动产""形态""变化的替代物.但当抵押人因抵押财产出卖、添附、出租等原因丧失所有权或降低其经济价值时,物上代位原理难以延伸原担保物权.《美国统一商法典》第9编采用担保权益""自动延伸""的方式,使得原担保权益延伸于替代物,以便在担保动产的""形态""变化中维持担保利益.这类自动延伸的理论基础在于以担保物经济价值为中心的默示约定,假设当事人会以原有担保物的价值替代物设立担保.这种担保责任范围的扩张不限于现有担保物,也不限于狭义的交换价值,甚至扩张于担保物各种权能的价值转换形式.我国现行法之下,动产抵押的合意成立要件已为动产担保物权的默示延伸提供了制度前提,已有的抵押物责任范围扩张便是默示延伸的范例,扩大解释我国民法典第390条的""等""字符合当事人担保约定的假设.同时,担保物所生的收益应设有相应的登记制度,以维护交易安全,避免第三人利益受损.",浮动抵押;动产担保;担保物权延伸;默示担保约定;收益登记,D,0,,法学三大刊论文/法学研究/动产担保物权的默示延伸.pdf
1322,劳动关系认定的理论澄清与规范建构,朱军[1],,2023,6,135,154,揭示个别劳动关系认定的指导思想“为资方劳动丧失自主经营的可能”并以此为分析主线，可使诸多争议迎刃而解。从属性理论层面，人格、经济和组织三大从属性统合于劳动从属性。劳动从属性的本质是资方通过指令管理使劳动者丧失自主经营的可能，与劳动者人格无关。经济从属性应被区分为“生存依赖性”和“为资方劳动”两种类型，两者实则为劳动从属性必然导致的双重经济结果，均不必且不宜作为核心标准。“受指令约束”和“为资方劳动”的组织从属性可分别归入其他两大属性而无独立必要。应以此为指导构建劳动关系认定由主观到客观标准的规范。劳资通过合意订立劳动合同建立劳动关系，但法官应谨遵事实优先原则，以劳动从属性为客观核心标准审查实际履行为断。立足于指导思想，法官须甄选和评价所有涉及和保障指令管理的因素综合认定劳动关系。工作时间在所有管理因素中权重最高，其他约束工作履行的因素均围绕和服务于高效支配利用劳动力时间展开。,劳动关系认定;丧失自主经营的可能;劳动从属性;劳动管理;工作时间,D,,,法学三大刊论文/法学研究/劳动关系认定的理论澄清与规范建构.pdf
1323,劳动力市场灵活性与劳动合同法的修改,谢增毅,中国社会科学院法学研究所,2017,2,95,112,劳动力市场的灵活性主要涉及解雇保护、合同变更、工作时间、工资等规则。从我国劳动合同法等法律文本以及国别横向对比看，我国劳动力市场的灵活性不够，尤其是解雇保护较为严格。但我国劳动力市场十分复杂，部分劳动合同规则较为灵活，现实中的农民工劳动力市场极为灵活，而且我国的失业保险等社会保障机制仍不完善，劳动行政执法水平和工会作用依然薄弱，因此，我国劳动力市场也存在安全性不足的问题。为此，一方面应修改劳动合同法，适度提高劳动力市场的灵活性，另一方面又不宜过度提高灵活性，应平衡好灵活性和安全性的关系。修改劳动合同法应坚持该法已确立的立法理念和基本原则，既对劳动者实行倾斜保护，也要兼顾企业合理诉求，使规则更具弹性。劳动合同法应重点修订有关固定期限合同和无固定期限合同、劳动合同解除的条件和程序、经济补偿、劳动合同变更等规则，并对小微企业和特殊雇员实行差别对待。,劳动力市场;灵活性;劳动合同法;劳动法,D922.52,0,,法学三大刊论文/法学研究/劳动力市场灵活性与劳动合同法的修改.pdf
1324,劳动基准法的范畴、规范结构与私法效力,沈建峰,中央财经大学法学院,2021,2,76,94,"劳动基准法是保护劳动者利益的强行性法律规范的总合.根据规范的效力结构,其可以分为私法性劳动基准法、公法性劳动基准法和双重效力劳动基准法三类.立法如何安排特定劳动基准法规则的效力结构,取决于维护公共利益、保护劳动者利益以及立法技术考量等多种因素.不论何种效力结构的劳动基准法规范,最终都可以产生私法效力.对公法性劳动基准法规范而言,这主要表现为反射效力、双重效力、公法的违法控制效力等.劳动基准法对劳动关系的私法效力具体落实在劳动关系主体准入、行为有效性控制、给付义务履行等方面.对具有公法和私法双重效力的劳动基准法而言,应协调两种效力的关系,在规范内涵确定上,应以劳动法上的理解为起点,同时考虑公法本身的价值和体系,允许相关规范的内涵确定在公私法领域有所差异;在实施机制上公法救济和私法救济应并行不悖,并通过当事人选择解决其中可能的冲突.",劳动基准;强行法;私法效力;反射效力;双重效力,D,0,,法学三大刊论文/法学研究/劳动基准法的范畴、规范结构与私法效力.pdf
1325,劳动者社交媒体言论自由及其限制,谢增毅[1],中国社会科学院法学研究所,2020,4,170,185,"近年来,我国劳动者因在社交媒体发表言论而与用人单位发生纠纷的案件数量较多。言论自由是公民的一项基本权利,其在劳动关系中也应得到保护。但劳动者言论自由与雇主的权利和利益有可能产生冲突,劳动者言论自由也应受到限制。从劳动法角度看,对劳动者言论自由进行限制的基础在于劳动者的忠实义务。劳动者的言论自由与其忠实义务及雇主的权利和利益需要平衡。我国法院在司法实践中通过考虑劳动者社交媒体言论行为的各种因素对其合法性作出判定。确立劳动者言论自由的边界需要在个案中考察劳动者社交媒体行为的""四要素"",即行为是否符合雇主规章制度要求、行为动机、行为后果、行为情节以及相应的具体因素,从而判定劳动者行为是否损害雇主利益、违反忠实义务,并以此判定劳动者的社交媒体行为是否超出言论自由边界及是否合法。雇主对劳动者社交媒体言论行为采取的惩戒措施应符合比例原则。",劳动者;社交媒体;言论自由;忠实义务;互联网,D92,0,,法学三大刊论文/法学研究/劳动者社交媒体言论自由及其限制.pdf
1326,包需求合同的法理与适用,刘承韪,中国政法大学比较法学研究院,2017,1,123,139,包需求合同源自商人从事商业实践的需要，是指买方所有需求都只能由卖方满足并根据买方需求量来决定合同数量的买卖合同，是开放条款合同的典型。古典合同法对于合同条款有较为严格的要求，通常会对数量条款不确定的包需求合同持怀疑态度。但在现代合同法，包需求合同是一种数量条款约定不明但可以通过买方需求加以确定的特殊类型买卖合同。它不论在英美法系、大陆法系还是中国法中都存在合法有效的解释适用空间。数量条款的开放性为包需求合同当事人带来交易灵活性、高效率等诸多益处的同时，也使包需求合同产生容易为当事人所滥用的弊端。为兴利除弊，需要引入诚实信用原则作为包需求合同履行、解释、适用、救济的中心准则，并结合其具体类型、次级规则和个别情境等具体化手段来规范包需求合同的实践应用。包需求合同的违约救济需要在区分不同类型包需求合同的基础上，衡量损害赔偿的具体因素，考察实际履行的现实可能性，从而增强包需求合同违约救济的确定性和操作性。,包需求合同;合同效力;履行;违约救济,D923.6,0,,法学三大刊论文/法学研究/包需求合同的法理与适用.pdf
1327,协助决定取代成年监护替代决定——兼论民法典婚姻家庭编监护与协助的增设,李霞[1],华东政法大学,2019,1,100,118,"承认心智残疾人有民事行为能力的协助决定制度,与传统民法否认心智残疾人的民事行为能力的替代决定制度根本不同。协助决定制度作为21世纪的新制度,广泛应用于两大法系的立法和实践中且获得了积极的效果。我国民间和司法实践也较为丰富。藉民法典编纂之机,监护应作为一章增设在婚姻家庭编草案收养章之后,区分儿童监护和成年监护,成年监护又区分监护和协助。成年监护之监护一节应增设最后监护原则和最小监护原则,明确监护和协助的适用顺序,从而逐步架空完全监护的适用并为其废除做准备;应赋予残疾人诉权以保障本人的程序参与;应增加“尊重本人自我决定”作为监护人执行职务的标准;应新设特定监护措施。协助一节应对民法总则第33条进行规范续造,增设持续性代理协议和医疗预先指示的规定。",成年监护;协助决定;替代决定;行为能力;婚姻家庭编,D923.8,0,,法学三大刊论文/法学研究/协助决定取代成年监护替代决定——兼论民法典婚姻家庭编监护与协助的增设.pdf
1328,单位犯罪废止论,李立丰[1],吉林大学理论法学研究中心,2025,2,172,189,我国刑法中的单位犯罪因背离“道德否定评价”的刑法根本属性，混淆了刑法与其他部门法的功能边界，弱化了刑法的伦理基础，陷入了立法泛化与司法空置的困境。单位犯罪双罚制的象征意义与实质威慑亦显不足，其导致的罪名扩张与责任逻辑混乱，无法单纯通过出台相关司法解释、将单位犯罪限缩为法人犯罪或者建构拟制主体学说等方式彻底解决。废止单位犯罪后，可通过褫夺资质、限制经营等非刑罚处遇替代罚金刑，以“单位的犯罪”作为组织化归责模式，继续发挥现行单位犯罪推定成立共同犯罪的功能，以期在坚守罪过原则的基础上实现刑事责任认定的科学化，维护刑法的伦理功能与体系自洽。,单位犯罪;道德否定评价;罪过原则;非刑罚处遇;共同犯罪,D924.3,,,法学三大刊论文/法学研究/单位犯罪废止论.pdf
1329,原情与抑情：从“崔三过失杀父案”看清代中期的礼教与司法,姚宇[1],,2022,5,173,189,同治初年两位士人针对嘉庆五年“崔三过失杀父”一案判决所作的驳议，折射出官民双方对服制命案司法的理解分歧。分析可知，双方关于崔三是否有罪的观点差异，表面上来自对传统法中“过失”范围的不同理解，实则根源于在以卑犯尊案件中应当如何处理主观犯意，亦即“原情”与“抑情”的立场分歧。诸多案例表明，刑部“抑情就法”的结果责任倾向，在当时的侵害尊长案件中十分普遍。究其原因，此种倾向很可能受到清代中期服制立法扩张和严格化的影响。从政治文化史的角度看，以乾隆帝为代表的清代统治者在法律领域对伦理纲常的刻意维护，是推动上述立法与司法转变的重要力量。,原情论罪;结果责任;清代司法;明刑弼教;正统性,D,,,法学三大刊论文/法学研究/原情与抑情：从“崔三过失杀父案”看清代中期的礼教与司法.pdf
1330,反不正当竞争法一般条款的保护限度——以市场区分为视角,刘建臣[1],山东大学法学院,2024,6,40,57,司法机关在适用反不正当竞争法一般条款对未满足知识产权客体要件的创新成果提供补充保护时，呈现出过度保护的倾向，造成经营者与竞争者之间的利益失衡。立足于行为规制的反不正当竞争法对经营者市场控制范围的容忍度较低，一般条款对竞争利益的保护应加以克制，此可经由市场界定实现。在确立主营市场与附属市场区分保护思路的基础上，应将一般条款的保护范围限定为可维持经营者最低限度激励的主营市场，并排除经营者对附属市场的延伸控制。如果竞争者对经营者经营成果的使用仅面向后者的附属市场，抑或使用对象仅为经营者基于主营业务所得的独立副产品，则不构成不正当竞争。附属市场的界定应遵循“直观经验判断—收入或投资验证—假定测试法”的递进式安排。在引入方案上，应将区分保护思路内置于利益衡量分析框架的损害要件中，并将损害限定为对经营者主营市场的实质性替代。,不正当竞争;一般条款;利益衡量;竞争秩序;附属市场,D,,,法学三大刊论文/法学研究/反不正当竞争法一般条款的保护限度——以市场区分为视角.pdf
1331,反不正当竞争法一般条款的司法适用模式,吴峻,中国社会科学院法学研究所,2016,2,134,153,一般条款为司法机关发展和充实反不正当竞争法体系提供了重要的法律依据。在我国司法机关适用反不正当竞争法第2条的实践中，可以总结出三种案例类型。在独立适用第2条的情形下，对于立足于权益保护还是直接适用一般条款所表述的原则来确立相关权益或原则，以最高人民法院为代表的司法机关在实践中显示出了某种摇摆不定，这直接导致了一般条款适用模式的缺乏，影响着整个反不正当竞争法体系的确定性。总结我国司法实践，回归“海带配额案”确立的第2条独立适用的三条件，基于法律所保护权益来确定反不正当竞争法一般条款的三步走适用模式，明确一般条款适用的二元化结构，确保当事人的合理预期，这将为反不正当竞争法的修订及其进一步发展，提供坚实的司法实践基础。,反不正当竞争法;一般条款;适用模式;具体化,D922.294,63,,法学三大刊论文/法学研究/反不正当竞争法一般条款的司法适用模式.pdf
1332,反不正当竞争法架构下的区别性原则,吴峻[1],中国社会科学院法学研究所,2022,2,173,190,"区别性原则经中国广告法确立,但其竞争法属性突出.区别性原则的基础法律逻辑是承认内容提供者对其所发布内容进行编辑控制的自主性和独立性,为此,须在编辑控制与区别性原则之间构建必要的法律联系,基于编辑控制实现编辑处理内容与商业信息的区分.同时,应确认互联网用户自主发表言论时对编辑控制的分享,使得区别性原则可以适用于包括互联网信息服务提供者与互联网用户在内的所有编辑控制主体发布的信息,以实现虚假信息的有效规制.应当借鉴区别性原则的二元规制模式,突破广告法的局限,进一步确立编辑控制对包括广告及商业宣传在内的所有商业信息的识别功能,完善一般性的商业信息识别和标示制度,最终在反不正当竞争法层面实现区别性原则的系统制度构建.",编辑控制;区别性原则;商业信息;编辑处理内容;虚假信息,D,0,,法学三大刊论文/法学研究/反不正当竞争法架构下的区别性原则.pdf
1333,反思财产法制建设中的“事前研究”方法,冉昊,中国社会科学院法学研究所,2016,2,79,97,传统法学通常遵循“事后研究”方法，依既定财产权类型和规范来解决纠纷，而上世纪兴起并迅猛发展的法经济学则采用“事前研究”方法，在纠纷发生后通过效率论证来重新确定各个权利束的顺位高下。但实际上，传统法学的权利类型在“对物”与“对人”等名义差别下具有排他性范围上的本质差异，而“事前研究”方法借助于分析法学的“权利束”理解，将这种差别完全消隐，会导致各种权益排他性范围的无序扩大，引起整个社会交往安全和收益安全秩序的偏差。从时代发展的动态过程来看，二者之差异其实无关正误，而端在于时代要求从秩序安全向福利最大化的变迁。以此反观，在我国从无到有的财产法制建设中，必须专注我们特殊的历史起点，撇开各种炫目的流派、主张，依据常识展开真正的本土化思考；必须坚持“对物”财产权的系统理解，同时在其中设计充分的开放性进口，提高个案的效率。,对物权;权利束;事前研究;信息成本;法经济学,D920.0,46,,法学三大刊论文/法学研究/反思财产法制建设中的“事前研究”方法.pdf
1334,受害人特殊体质与损害赔偿责任的减轻——最高人民法院第24号指导案例评析,程啸,清华大学法学院,2018,1,67,86,最高人民法院第24号指导案例引出了一个很重要的侵权法问题，即当受害人的特殊体质与侵权行为结合共同造成或扩大了损害时，能否减轻侵权人的赔偿责任。在判断受害人的特殊体质能否减轻加害人赔偿责任时，应当先分析作为客观要件的因果关系，再研究受害人的特殊体质能否被评价为受害人的过错。受害人特殊体质、加害行为与损害之间存在三种类型的因果关系，前两种属于共同因果关系，但有所区别，而第三种属于假设因果关系。不同类型的因果关系对于加害人的赔偿责任影响不同。而受害人的特殊体质不应当被评价为受害人的过错，受害人也不因有特殊体质而被施加更高的自我照顾保护义务，否则不利于保护人格平等、维护自由以及控制风险。,损害赔偿 特殊体质 因果关系 受害人过错 过失相抵,D923.6,0,,法学三大刊论文/法学研究/受害人特殊体质与损害赔偿责任的减轻——最高人民法院第24号指导案例评析.pdf
1335,受贿犯罪保护法益与刑法第388条的解释,黎宏,清华大学法学院,2017,1,66,79,受贿犯罪的保护法益应当是国家工作人员职务行为的公正性。据此来理解受贿犯罪，则刑法分则第8章所规定的受贿犯罪不再只是“以权换利”，即侵害职务行为不可收买性的犯罪，而是扩展至行为人凭借其职权或者地位形成的便利条件，即影响力，进行利益交易的“影响力交易”犯罪，所侵害的不仅是行为人本人职务行为的公正性，还包括被其利用的其他国家工作人员职务行为的公正性。这种保护法益理解上的转变，使刑法第388条等在立法上具有了存在的理由。同时，行为人并非亲自以权获利，而是利用其他国家工作人员的职务行为间接获利的情况，使第388条受贿罪的主体具有了“类似教唆犯”的构造，从而使其在认定上具有了不同于刑法第385条所规定的一般受贿罪的若干特点。,受贿罪;斡旋受贿;职务行为的公正性;类似教唆犯,D924.392,0,,法学三大刊论文/法学研究/受贿犯罪保护法益与刑法第388条的解释.pdf
1336,受贿犯罪的保护法益,张明楷,清华大学法学院,2018,1,146,166,刑法第388条、第388条之一将“为请托人谋取不正当利益”规定为斡旋受贿、利用影响力受贿罪的构成要件要素，所以，认为斡旋受贿、利用影响力受贿罪的保护法益包括职务行为的公正性，具有明显的合理性。但是，不能据此认为，普通受贿的保护法益也是职务行为的公正性。换言之，职务行为的公正性不是所有受贿犯罪共同的保护法益。在刑法分则规定了不同类型受贿犯罪的情况下，应当根据宪法的规定、刑法条文表述的构成要件内容以及受贿犯罪与相关犯罪的关系，分别阐释普通受贿、斡旋受贿与利用影响力受贿罪的保护法益。普通受贿的保护法益是职务行为的不可收买性；加重的普通受贿的保护法益则可能还包括职务行为的公正性；斡旋受贿的保护法益是被斡旋的国家工作人员职务行为的公正性，以及国家工作人员的职权或地位所形成的便利条件的不可收买性；利用影响力受贿罪的保护法益是国家工作人员职务行为的公正性，以及国民对国家工作人员职务行为不可收买性的信赖。,受贿犯罪 保护法益 职务行为的公正性 职务行为的不可收买性,D924.1,0,,法学三大刊论文/法学研究/受贿犯罪的保护法益.pdf
1337,受贿犯罪的保护法益:公职的不可谋私利性,劳东燕[1],清华大学法学院,2019,5,118,137,"基于融贯性的要求,界定受贿犯罪的保护法益,应当结合权力的支配类 型与职权特性的演变,放在现代公法体系的框架下来进行。在家产制国家,职权具 有人身性与财产性,职位作为私人财产而存在,受贿犯罪的不法本质在于官吏背叛 了对支配者的人身忠诚关系。在现代国家,职权表现出去人身化与非财产性的特 点,职位具有公共性,受贿犯罪的不法本质演变为违反不得利用公共职位谋取私利 的义务,把公共职位当作私有财产来对待。基于此,受贿犯罪的法益应当是公职的 不可谋私利性,其在不法构造上不以形成交易关系为必要。公职不可谋私利说与作 为通说的廉洁性说有相同之处,但也存在实质区别。公职不可谋私利说可以合理解 决受贿犯罪的刑法解释所面临的诸多问题,也符合刑事政策上的合目的性要求,能 够妥当地将缺乏事先约定的事后受财与感情投资型受财纳入处罚范围。",受贿犯罪;保护法益;公职的不可谋私利性,D,0,,法学三大刊论文/法学研究/受贿犯罪的保护法益_公职的不可谋私利性.pdf
1338,司法“去地方化”改革反思,丁亮华[1],,2023,5,96,113,基于“司法权是中央事权”这一论断，2013年以来的司法改革力图通过司法权的中央化来祛除司法的地方保护主义。在中央确定的两项主要改革举措中，推进省以下地方法院、检察院人财物省级统管，因受地方各级人大产生同级法院、检察院的宪制约束，以及各地方财政资源不平衡现实的影响，只能实行“有限统管”；设立跨行政区划法院、检察院，因存在宪制空间上的争议无法形成统一的认识，一直停留在试点阶段而踟蹰不前，改革路径也在司法机构创制和管辖制度调整之间来回切换。实际上，地方法院、检察院不仅具有“国家性”，而且“地方性”也是其内在基因，司法地方保护主义的产生，并非根源于法院、检察院的地方性，而在于法院、检察院行使司法权时被属地体制性地行政化。只有按照法治的要求和司法的规律，合理确定司法权在地方权力结构中的地位，法院、检察院依法独立公正行使职权，才具有可依赖的前提和基础。,司法改革;省级统管;跨行政区划法院;司法管辖;司法地方保护主义,D,,,法学三大刊论文/法学研究/司法“去地方化”改革反思.pdf
1339,司法人工智能的重塑效应及其限度,马长山[1],华东政法大学,2020,4,23,40,"人工智能技术的司法应用,开启了从""接近正义""迈向""可视正义""的历史进程,引发了司法运行机制的深刻变革,通过司法过程场景化、司法规则代码化、司法决策建模化、司法服务管理智慧化重塑着司法过程,大大提升了智慧司法的社会效能。但司法人工智能亦有其内在限度。算法决策要达到绝对的客观和精准并非易事,面对复杂疑难案件,其能够促进形式正义,却很难实现实质正义。发挥人工智能对司法的优化重塑效应,应与对人工智能的风险防范同步进行。需针对算法决策设立相应的规制和救济机制,注入公开、公平和责任理念,进而兴利除弊,促进科技向善和打造良性发展的智慧司法,更好地实现""可视正义""。",司法人工智能;可视正义;数字正义;智慧司法,D92,0,,法学三大刊论文/法学研究/司法人工智能的重塑效应及其限度.pdf
1340,司法判决中的词典释义,陈林林;王云清,浙江大学光华法学院,2015,3,3,18,"词典在司法过程中的应用是一个值得关注的司法现象。对中国法院519份涉及词典释义的判决文书进行统计分析表明：词典可以作为文义解释的一种特殊工具,但法院对词典的司法功能尚未形成统一的认识,现实中的词典释义并非一种权威、客观或统一的法律适用方法。由于词典及其释义存在诸多不确定性,判决之际具体选择哪一本词典、哪一种释义,受制于语词的使用语境,取决于司法裁量。实践和理论两方面的分析表明：词典释义可以成为法院确定系争词语之含义的起点,但不是决定语词含义的终点或判准。",词典释义;文义解释;司法裁量;法律适用,D916,24,,法学三大刊论文/法学研究/司法判决中的词典释义.pdf
1341,司法审查中的滥用职权标准——以最高人民法院公报案例为观察对象,周佑勇[1],中共中央党校(国家行政学院)政治与法律教研部,2020,1,52,66,"考察最高人民法院公报上有关行政机关滥用职权的司法案例,可以发现其存在两种裁判逻辑。分离型裁判逻辑立基于形式违法性审查,根据“职权”或“滥用”单一要素进行判断,使得任何违法行使职权的行政行为都可能构成滥用职权。结合型裁判逻辑立基于实质违法性审查,认为构成滥用职权必须具备“职权”与“滥用”双重要素,滥用职权的实质是偏离法律目的行使裁量权。分离型裁判中的滥用职权与日常用语更为接近,结合型裁判中的滥用职权更符合行政诉讼法的立法精神。“滥用”的主观过错难以认定,影响了滥用职权标准的司法适用性。应以功能主义立场取代规则中心主义,借助均衡性的法律原则与功能性的自我规制技术,化解“滥用”之主观动机认定难的问题。",滥用职权;司法审查;行政裁量;功能主义;裁量基准,D92,0,,法学三大刊论文/法学研究/司法审查中的滥用职权标准——以最高人民法院公报案例为观察对象.pdf
1342,司法解散公司事由的实证研究,李建伟,中国政法大学民商经济法学院,2017,4,117,137,关于一份解散之诉裁判书样本的实证分析发现，被解散公司的“经营管理困难”实质指向“管理困难”而非“赢利困境”，管理困难的根源在于封闭型中小公司的股东人合性障碍导致的治理失灵。据此，将解散之诉的本质定位于治理失灵后的司法权介入，给予部分（少数）股东退出公司的低成本路径，更具立法论上的解释力，也得到裁判实务的经验支持。公司治理失灵的具体表象包括对立股东控制权势均力敌下的公司僵局与对立股东控制权势力悬殊下的股东压制，与此相对应，司法解散公司的事由也存在公司僵局与股东压制的二元化格局。公司僵局在立法论上被视为解散之诉的唯一事由，与裁判现实并不符合，但由于缺乏立法的明确规定等缘由，股东压制作为解散事由的事实在裁判中被淹没与压抑了。相关规范分析与实证研究都发现，将中国式股东压制也即“严重的复合性股东权侵害”添列为解散公司的事由，在我国存在现实的裁判规则方面的需求。由此，我国公司法应构建司法解散公司事由的“二元”格局，涵盖封闭型公司人合性障碍的所有情形，为股东提供更具实效的救济。,司法解散公司;公司僵局;股东压制;不公平损害;信义义务,D922.29,0,,法学三大刊论文/法学研究/司法解散公司事由的实证研究.pdf
1343,司法解释性质文件备案审查的困局与出路,聂友伦[1],华东师范大学法学院,2024,6,58,73,司法解释性质文件属于广义上的司法解释制度之产物，其虽无司法解释的规范地位，但依托于制发机关的权威性，仍具有普遍的规范效果。当前，司法解释性质文件并非立法监督的客体，无法报送全国人大常委会备案，但其作为法律实施监督与司法工作监督的客体，仍需由全国人大常委会审查。司法解释性质文件“不备案，但审查”的实践状况，既不契合当下规范性文件备案审查全覆盖的目标任务，也不利于有效监督的实现。为回应司法解释性质文件的备案难题，理论上有多种方案可供选择。实践中，可兼顾可操作性与监督效果，在不同阶段采不同方案：初期可通过内部备案初步完成对司法解释性质文件的覆盖，中期宜采并行备案模式强化监督力度，最终则通过对司法解释性质文件的分流和废弃，从根本上破解司法解释性质文件的备案审查困局。,司法解释;司法解释性质文件;备案审查;立法监督;宪法实施,D,,,法学三大刊论文/法学研究/司法解释性质文件备案审查的困局与出路.pdf
1344,司法鉴定管理体制改革的方向与逻辑,陈如超,西南政法大学刑事侦查学院,2016,1,187,208,政法部门分散管理的司法鉴定体制，曾在“文革”结束后的较长时间内具有相对的合理性。但从上世纪90年代开始，随着司法制度与庭审方式的改革，以及过度分散管理所造成的种种弊端，最终促使国家在2005年启动了司法鉴定管理体制改革——原则上由司法行政机关进行统一管理。然而，政法部门的权力纠葛和司法行政机关管理社会鉴定机构、鉴定人所遭遇的重重困境，削弱了全国人大常委会《关于司法鉴定管理问题的决定》所意欲形塑的统一管理预期。为此，党的十八届四中全会提出了“健全统一司法鉴定管理体制”的改革目标。为实现该目标。国家应注重在法律、法规、技术等层面实现规范性统一，然后，在操作层面合理平衡统一管理与部门管理的权限，并充分发挥司法鉴定行业管理的作用。,司法鉴定;鉴定管理体制;鉴定机构;鉴定人,D918.9,50,,法学三大刊论文/法学研究/司法鉴定管理体制改革的方向与逻辑.pdf
1345,合作治理语境下的法治化营商环境建设,石佑启;陈可翔,广东外语外贸大学法学院,2021,2,174,192,"营商环境优化与法治建设两大主题的深度结合,要求法治化营商环境建设立足于政府、市场、社会的关系流变,出台相应的制度措施与行动方案.合作治理在公域变革中的兴起,为营商环境建设设定了现实语境.合作治理语境下呈现出的治理格局转变、治理诉求扩张、治理资源整合、治理进程交替,要求依托法治结构调适、法治价值兼顾、法源形式拓展和法治框架扩容等手段,发挥市场功能、协调多元利益、完善规范体系、释放创新空间,以契合法治化营商环境建设的逻辑演进规律.通过厘定政府、市场与社会多元合作的制度边界,塑造糅合形式与实质双重要求的法治环境,促进法律规范体系的兼容并蓄及法治方式转变等具体途径,助推法治化营商环境建设目标的实现.",营商环境;优化营商环境;合作治理;包容性治理,D,0,,法学三大刊论文/法学研究/合作治理语境下的法治化营商环境建设.pdf
1346,合同内容的证明责任分配,胡东海[1],中南财经政法大学法学院,2024,6,128,143,合同内容的证明责任分配须借助“规范说”的证明责任分配原理进行补充。合同必要条款与非必要条款的区分不仅决定合同成立所要求的合意范围，而且对合同成立与合同内容的证明责任分配均具决定性。以“规范说”为代表的现代证明责任理论通过解构单一的合同法问题，区分“合同条款的合意”与“合同条款的内容”，进而区分合同成立与合同内容的证明责任分配。依“规范说”，非必要条款的内容由主张者举证，若其由原告主张，则为合同权利的产生要件而应由原告举证；若其由被告主张，则为合同权利的阻碍要件而应由被告举证。非必要条款包括常素和偶素，主张者应举证约定常素的内容，即举证存在异于任意规范的约定内容；主张者应举证约定偶素的内容，即举证条件或期限的存在及内容。必要条款的内容在一般情形由原告举证，即原告举证当事人、标的和数量等条款的内容。价款或报酬条款应区分为“应当支付”条款与“如何计算”条款，前者属于必要条款而由原告举证其内容，后者属于非必要条款而由主张者举证其内容。必要条款的内容在涉及代理权的特殊情形由主张者举证。,合同内容;必要条款;非必要条款;规范说;证明责任分配,D,,,法学三大刊论文/法学研究/合同内容的证明责任分配.pdf
1347,合同形式主义的演进及其影响———消费者保护的视角,高庆凯[1],,2022,5,101,119,现代法上保护消费者的价值追求导致合同形式主义演进中古典形式与现代形式的分层。在现象上，现代形式与古典形式既连续又超越，主要表现为信息型形式与时间型形式及其交错。在逻辑上，不同于古典形式在规范评价上与意思绝缘，现代形式旨在确保消费者缔约意思真实。由此产生的影响，一方面，现代形式分担意思、补足诺成主义、参与重构意思表示瑕疵制度并简化合同成立的判断；另一方面，现代形式使得合同内容强制或半强制定型，合同条款与合同解释规则、合同成立与内容的牵连度、合同内容的存在方式均受影响。在效果上，不同于古典形式下的直接判断，现代形式瑕疵经由消费者真意保护这一目的中介进行价值判断。在形式本身违反维度，不能径直绝对无效或不成立，而应允许消费者请求撤销或减轻给付；不能适用履行治愈规则，轻易依倡导性规范处理亦失之偏颇；强制条款要求或形式细节欠缺时，不能按合同成立的传统规则认定；形式违反亦会违反实定法上的权利和义务规范，由此启动民法一般制度的适用与特别规范上的责任承担。在强制性规范违反维度，需放弃单纯区分效力性强制规定与管理性强制规定，并联动消费者保护这一内在价值考虑。在方法论上，预设应对泛化的显著势差交易，体现中国民法的价值底色。,合同形式;诺成主义;意思表示;现代形式;消费者保护,D,,,法学三大刊论文/法学研究/合同形式主义的演进及其影响———消费者保护的视角.pdf
1348,合宪性审查制度的中国道路与功能展开,李忠夏[1],山东大学法学院,2019,6,3,17,"作为宪法上的重大制度,合宪性审查既是一项法律安排也是一项政治安排,既具有法律方面的功能又具有政治方面的功能。中国需立足自身的政治结构和国家权力运行体制,探索发展合宪性审查的中国道路。在“八二宪法”确立的国家权力运行结构中,民主集中制、议行关系、合宪性审查三者之间相互依存、环环相扣。合宪性审查制度应以维系议行关系的平衡为功能定向,围绕效率与约束的双重目标,在政治层面和法律层面发挥双重功能。政治性的合宪性审查主要从党政关系、权力结构和民主运行的角度进行,规范和保障人民民主的实现;法律性的合宪性审查,主要涉及法院在审理个案遇到合宪性疑问时应如何处理的问题。合宪性审查的政治功能决定了,法律性的合宪性审查应改变当前多元多轨的立法审查现状,转向全国人大及其常委会与最高人民法院相衔接的二元双轨机制。",议行关系;议行合一;功能适当;民主集中制;合宪性审查,D92,0,,法学三大刊论文/法学研究/合宪性审查制度的中国道路与功能展开.pdf
1349,合宪性视角下的成片开发征收及其标准认定,程雪阳[1],苏州大学王健法学院,2020,5,90,104,"2019年修正的土地管理法建立了公益项目征收和成片开发征收两种土地征收制度。成片开发征收制度虽然饱受争议,其基本制度框架却可以通过现行宪法为征收制度设定的“内容规定性规范”和“边界控制性规范”的检验。要确保成片开发征收的制度内容具备合宪性,相关解释性立法必须将其实体标准严格限定为属于“特别重大的公共利益”需要的建设项目。结合交易成本理论,省级以上的经济开发区建设、特定的城中村改造、以公益性建设为主的综合开发等特定建设项目类型,符合“特别重大的公共利益”标准,可以适用成片开发征收制度。但上述类型中的具体建设项目能否适用成片开发征收,还需通过定量分析、举证、说明理由等途径加以论证。",成片开发征收;公共利益;交易成本;合宪性;实体标准,D92,0,,法学三大刊论文/法学研究/合宪性视角下的成片开发征收及其标准认定.pdf
1350,合宪性解释在我国法院的实践,杜强强,首都师范大学政法学院副教授,2016,6,107,125,我国法院尽管不以宪法作为直接的裁判依据，但法院对个案正义的追求还是为合宪性解释提供了相当大的存在空间。立法具有一般性，难以顾及社会生活的诸多特殊之处，因此难免在适用时发生个案裁判不公的问题。法院出于个案正义的考虑，会在裁判中对法律进行文义转换，或者放弃对法律的通常解释而选择一种不常见的解释方案。这个过程实质上就是合宪性解释的过程。最高人民法院虽然不赞成司法裁判直接援引宪法，但裁判过程中对法律文义的转换或者解释方案的选择，在客观上需要法院以宪法作为论证依据。诉诸宪法毕竞要优于诉诸公平正义的抽象观念。通过将个案正义的判断问题，转换为法律在适用过程中是否与宪法相冲突的问题，合宪性解释既能为司法造法提供宪法上的正当依据，也能对其予以宪法上的控制，有助于裁判的规范化。合宪性解释还能弥补我国合宪性审查体制的制度性缺漏。,合宪性解释;漏洞填补;个案正义;违宪判断,D922.181,0,,法学三大刊论文/法学研究/合宪性解释在我国法院的实践.pdf
1351,合意式刑事诉讼论,王新清[1],中国社会科学院大学,2020,6,149,166,"随着我国刑事诉讼法相继确立刑事和解程序、速裁程序和认罪认罚从宽制度,一种新的刑事诉讼形式——合意式刑事诉讼,成为一种显性存在。学者们对此进行了理论概括,给予了不同的命名。与“合作式刑事诉讼”“协商性刑事诉讼”等名称相比,“合意式刑事诉讼”的名称更为贴切。合意式刑事诉讼的内容包括合意式刑事诉讼行为和合意式刑事诉讼程序。2018年刑事诉讼法搭建了合意式刑事诉讼的基本框架,但仍需对合意式刑事诉讼进行体系化建构,包括确立合意式刑事诉讼的专门原则,界定合意式刑事诉讼中当事人的诉讼权利,完善合意式刑事诉讼的起诉程序和审判程序。",合意式刑事诉讼;对抗式刑事诉讼;认罪认罚从宽,D92,0,,法学三大刊论文/法学研究/合意式刑事诉讼论.pdf
1352,周秦两汉法律“布之于民”考论,徐燕斌,武汉理工大学文法学院,2017,6,192,206,长期以来，围绕中国早期法律公布的时间问题，学界存有争议。对于先秦两汉法律是以何种形式公布的，至今鲜有关注。结合新近出土资料与《周礼》、《左传》等传世文献的研究大体可以确定，法令在制定后予以公布是周秦之际的惯常做法，从“宪刑”、“悬法”到春秋时期的铸刑书与权量布法，都是这一做法在不同时期的具体表现形式；到了汉代，法律“布之于民”的形式更加多样，包括刻石、扁书、露布、粉壁及榜等，几乎涵盖了后世常见的各种形态。整体而言，中国古代多数时期的统治者积极地将法律调整所涉及的利益群体纳入到法律的实施过程中来，缘情布法，灵活务实，这是古代法律公布的特点。,出土文献 法律公布 权量,D731.23,0,,法学三大刊论文/法学研究/周秦两汉法律“布之于民”考论.pdf
1353,唐代笔记所载灵异案件反映的法律文化,赵晶[1],,2024,3,209,224,唐代笔记记录了许多与灵异相关的犯罪行为，涉及对个人财产利益、人身安全、亲属关系乃至社会秩序、政权稳定的侵害，为唐律以及诏敕所禁。无论是加害者还是受害人，广涉达官显贵、士农工商等阶层。受害人或选择忍气吞声，或付诸自力救济，或寻求仲裁调解，或诉请依法审判，司法途径从来都不是、也绝不可能是解决问题的唯一方式。一旦进入司法程序，虽然官员群体也身处笃信灵异的氛围之中，但不乏能够依法审断之人，他们会搜求证据来验证当事人关于灵异的说法是否可信，又因为客观证据很难证明行为发生时的主观心态，所以他们也不会将误信灵异作为减免刑罚的依据。更加重要的是，由于灵异与妖邪的界限并不分明，为了防止“惑众”进而危害统治，官员往往还会主动出击，严惩灵异现象的制造者，“邪不胜正”的观念是他们恃以免除心理恐惧的精神资源之一。然而，令人沮丧的是，无论是立法、司法，还是某些灵异现象的制造，其原初的目的都是劝善诫恶，但最终的结果却往往事与愿违，或开启冤狱制造、诬告胁迫之门，或提供了可资效仿的犯罪方法，或径直沦为作奸犯科的手段。,唐代笔记;法律文化;灵异;邪不胜正,K242,,,法学三大刊论文/法学研究/唐代笔记所载灵异案件反映的法律文化.pdf
1354,唐以前盗罪之变迁研究,朱腾[1],中国人民大学法学院,2022,1,135,152,"尽管名称不一,但盗罪无疑是古今刑事法律均极为关注的罪名,今人也习惯于以财产性犯罪来理解传统中国的盗罪.然而,在中国文字初创之时,""盗""其实是泛指""不正""""不当""之义的词汇;至战国时代,才被相对明确地用来指称侵犯财产的行为,但其""不正""""不当""之义也并未完全消失.此种日常语义的多层次性也影响到战国秦至汉代的法律对盗罪的设计,使盗罪一方面以非法取财为主旨,另一方面又保留着超越财产性犯罪之概念限定的可能,从而表现出一定的含义复杂性.至魏晋南北朝,立法者们虽试图对盗罪予以分化或净化,但由于""盗""字的日常语义依然具有多层次性,作为法律术语之盗罪的含义复杂性也无法彻底改变并最终遗留在唐律之中.",盗罪;计赃定罪;与盗同法;群盗;取非其物,D,0,,法学三大刊论文/法学研究/唐以前盗罪之变迁研究.pdf
1355,唐律中的“余条准此”考辨,刘晓林,吉林大学法学院,2017,3,176,188,唐律中“余条准此”。的核心在于“准此”，这种表述提示了之前的法律规范具有较为普遍的适用效力，并非一事一例；立法者在修律的过程中通过增加注、疏的方式将“准此”充分应用于法典编纂；“准此”指向的内容具有通则性质，功能在于克服客观具体立法体例的固有弊端、使律内前后统一、避免法律适用中的冲突与矛盾，从而提高法典的条理化、体系化程度。,《唐律疏议》;余条准此;通则性规范,D929,0,,法学三大刊论文/法学研究/唐律中的“余条准此”考辨.pdf
1356,"商标""显著特征""之内涵重释",谢晴川[1],,2022,4,93,111,"商标法中的""显著特征""往往被等同于""显著性""或""来源识别性"",然而其究竟指向影响来源识别性的商标外观要素,还是指向来源识别性的整体,抑或指向与指定使用的商品或服务之间的区分,仍然存在模糊之处.问题的根源在于《巴黎公约》和TRIPS协定代表的不同立法模式对我国商标法发展进程的先后影响,以及来源识别性的正面定义方法和反向推断规则之间的混同.解决之道在于明确来源识别性的构成要素,补全反向推断规则.商标的外观要素也是来源识别性的必要组成部分之一,但在不同法域中体现为各异的形态.基于我国的立法传统及实践经验、商标的三元符号结构以及相邻学科的理论借鉴,可以把""显著特征""重释为""商标在符号外观上的、足以影响来源识别的区分性"".",显著特征;来源识别性;显著性;公有领域,D,,,法学三大刊论文/法学研究/商标“显著特征“之内涵重释.pdf
1357,商标保护与市场竞争关系之反思与修正,章凯业[1],清华大学法学院,2018,6,92,108,"将商标定性为传递来源和担保质量的信息工具,并以此作为建构当代商标法的规范性前提,导致商标法在制度设计之初缺乏对商标使用是否会产生市场力量的考虑。从动态的、市场的视角,商标本质上更是一种竞争工具。对商标的使用可能产生市场力量,该市场力量是法权形式与经济优势有机统一使然。个中的法权采用了财产权的进路,其经济优势则来源于对消费公众心理上的吸引力。当商标法所赋予的法权外衣与消费公众的识别行为不一致时,现有的制度可能招致限制竞争、垄断寻租及信息压缩等后果。这背离了保护商标以解决市场失灵、促进交易以及最大化消费者福利的初衷。商标法应当在静态效率与动态效率之间取得均衡,在减少对消费者的欺诈等机会主义行径的同时为竞争者进入市场从事竞争提供制度空间,以促使公益与私利的交流与相互增益。权利内涵的闭合与合理使用的开放有利于解决该问题,避免进一步的系统性风险。",商标;市场力量;权利限制;合理使用,F276.3,0,,法学三大刊论文/法学研究/商标保护与市场竞争关系之反思与修正.pdf
1358,商标法法律事实确定的语境论方法,王太平[1],,2023,5,114,131,商标权客体的符号属性决定了商标法法律事实进而商标法具有源于符号意义的特殊不确定性。语境具有确定商标符号意义的功能，提高商标法的确定性必须运用以语境为核心的语境论方法。语境论方法是动态的、有机的，不同于静态的、机械的现有商标法符号学分析，它的自觉运用能够更全面彻底地消除商标法法律事实的不确定性，最终提高商标法的确定性。语境的性质、内容和基本要求是语境论方法的核心内容。语境论方法中的语境不是纯粹的客观物理语境，而是结合了消费者心理构造的认知语境，可以分为商品语境与非商品语境。语境论方法中的语境必须是客观的、相关的、普通的、全面的、整体的。运用语境论方法需要经过设定商标法问题、语境的识别、语境的重构及在重构语境下解决商标法问题四个步骤。,语境论;商标性使用;商标显著性;多因素测试法,D,,,法学三大刊论文/法学研究/商标法法律事实确定的语境论方法.pdf
1359,善终、凶死与杀人偿命——中国人死刑观念的文化阐释,尚海明,西南政法大学人权研究院讲师,2016,4,61,78,一个民族的死刑观念与其文化对生死的定义密切相关，中国人的杀人偿命观念建立在中国文化对生命的独特理解之上。受祖先崇拜的影响，生活于祖荫之下的传统中国人追求善终，认为遭遇凶死之人将因无法善终而成为冤死之鬼作祟人间，由此，冤魂难眠意识成为中国民众追求杀人偿命的重要动因。在现代中国，善终与凶死观念的弱化让中国人的杀人偿命观念呈现出松弛的趋势，但冤魂难眠意识仍激励着部分被害人亲属在命案中寻求以命抵命。同时，即便在死刑和解中，杀人偿命作为一种基本准则，也仍然是支配性的公正标准。在大多数民众仍认可杀人偿命的情况下，将死刑废除或者命案中死刑立即执行判决数量逐年减少作为死刑改革的目标，极有可能因悖离民众的价值认同而导致法律与社会的断裂。,善终;凶死;杀人偿命;死刑观念;文化阐释,D924,91,,法学三大刊论文/法学研究/善终、凶死与杀人偿命——中国人死刑观念的文化阐释.pdf
1360,嗣后财产灭失、相反行为与遗嘱效力,刘征峰[1],中南财经政法大学法学院,2021,5,62,80,"遗嘱处分在遗产法定移转对象和遗嘱继承人或者受遗赠人之间形成法定的债权债务关系.根据所处分对象的差异可分为概括性处分、种类财产型处分和特定财产型处分.只有特定财产型处分中才可能因遗产中无该特定财产而生债务履行不能问题.至于履行不能之效果,在债法免除给付义务效果之外作无效或者不生效之特殊处理实无必要.宜将特定财产的灭失分为遗嘱人行为所导致的财产灭失和其他法律事实所导致的财产灭失.前一种情形需要首先判断是否适用相反行为规范,再考虑给付义务免除问题.后一情形中不能类推适用物上代位规范,只能通过意思表示解释缓和给付义务免除的严苛效果.相反行为规范在性质上属于可反驳的推定性规范.行为与撤回意思表示之间是否存在高度盖然性,是具体类型判断的基准.这一标准在代理、法律行为解消等复杂场合均有适用空间.相反行为不应仅局限于针对特定财产的法律行为,还应涵盖离婚、解除收养关系等其他法律行为.准法律行为、事实行为和其他法律上的行为亦有通过法律续造纳入相反行为的可能.",相反行为;特定财产;遗嘱撤回,D923,0,,法学三大刊论文/法学研究/嗣后财产灭失、相反行为与遗嘱效力.pdf
1361,四级两审制的发生和演化,刘忠,上海同济大学法学院,2015,4,41,58,司法体制改革的一个重要举措是设立最高人民法院巡回法庭，这一改革举措可能意味着我国法院层级或审级变化的新动向。从建国以来的历史经验看，法院层级和审级变化并非彼此孤立，且都从属于国家政治形态设计。1954年中共中央取消大区分院，促动了法院审级由三审制改为两审制。两审制带来的法院功能和案负变化，导致中级人民法院层级的设立。为了保障四级两审制平滑运作，民事调解制度扩大，基层法院派出法庭普遍设立。这一法院层级和审级制度的设立，契合了扩大省级地方权力的政治目标。1983年以来“地改市”运动、民事调解制度的萎缩以及撤销部分派出法庭，使得四级两审制的基础发生松动，法院层级和审级方面的新变化由此产生。,审判体制改革;四级两审制;司法与政治,D922.181,67,,法学三大刊论文/法学研究/四级两审制的发生和演化.pdf
1362,回归法律规范:刑事值班律师制度适用问题再反思,贾志强[1],吉林大学法学院,2022,1,120,134,"目前我国刑事值班律师制度规范背后折射出有权机关抑制辩方权利的倾向.根据法律规范意旨,只要被追诉人没有辩护人,国家就应""强制指派""值班律师介入案件.将""约见""解读为国家指派值班律师需以被追诉人申请为前提,这混淆了律师会见与介入案件的关系,且将国家责任转嫁给个人,弱化了对被追诉人获得最低限度法律援助权利的保障.相关规范性文件将值班律师阅卷权能限定为""查阅"",但基于法律援助法第37条的文义、控辩平等之程序公正底线要求等因素,值班律师阅卷权能还应包括""摘抄""""复制"".《法律援助值班律师工作办法》第10条第2款规定,值班律师有量刑异议时,只要其认可犯罪嫌疑人认罪认罚的自愿性,就应在具结书上签字.这是对值班律师功能""见证化""的公开宣示,与2018年刑事诉讼法第201条的意旨以及值班律师实质性参与量刑协商的改革要求相矛盾.值班律师应被赋予拒绝签字的权利.""实质性参与""应是目前完善值班律师制度的基本方向.",值班律师;介入案件;阅卷权;认罪认罚从宽,D,0,,法学三大刊论文/法学研究/回归法律规范_刑事值班律师制度适用问题再反思.pdf
1363,因果关系错误问题及其应对——以行为危险现实化说的再阐释为中心,黎宏[1],清华大学法学院,2022,1,104,119,"因果关系错误,是为了解决在因果关系上认定过宽,让行为人对一些罕见的偶然结果也要承担既遂责任的问题而提出的概念,是试图将在客观违法阶段难以解决的问题转移至主观责任阶段加以解决的尝试.但这种尝试不仅无法解决具体问题,还会加重责任阶层判断的负担,导致违法阶层判断与责任阶层判断失衡.因此,在客观层面处理因果关系错误问题成为学说主流,其中,行为危险现实化说应当成为首选方案.只是,当前对行为危险现实化说的理解带有较浓厚的相当因果关系论色彩.行为危险现实化说强调因果关系的客观性,认为在有无因果关系的判断上,没有必要以内容模糊的规范性因素即""异常性""作为判断依据,而只要以科学鉴定所确认的行为对现实结果发生的贡献度或者参与度为根据,判断现实结果能否评价为行为危险的现实化即可.",因果关系错误;条件说;相当因果关系;客观归责;行为危险现实化,D,0,,法学三大刊论文/法学研究/因果关系错误问题及其应对——以行为危险现实化说的再阐释为中心.pdf
1364,因果力比较规则的刑法理论构造,蒋太珂[1],,2023,1,108,124,作为危险现实化评价基准的因果力比较规则，旨在弥补因果流程通常性规则的不足，以妥当评价相互独立的复数物理性危险直接现实化的事例。在内在根据上，因果力比较规则归责效果的实现，以承认构成要件结果的抽象化为前提；将结果归责于单独即可导致构成要件结果的因果力较大的行为，旨在协调自我负责原理与风险确证原理之间的冲突。在外在界限上，将结果归责于不具有共犯关系的复数行为是例外，需要具备特殊规定。在比较标准上，归责层面的结果是体现法益状态恶化的抽象结果，应结合法益状态恶化的程度进行因果力比较。在涉及死亡结果时，应区分死亡结果的根据和死亡结果的表现形式，唯有“死因”造成的损伤程度足以导致死亡结果时，才能肯定行为具有较大因果力。适用因果力比较规则时应避免相应误区；应通过拟制共犯或设置客观处罚条件等立法方式，弥补相应的处罚漏洞。,因果关系;因果力比较;危险现实化;死因,D,,,法学三大刊论文/法学研究/因果力比较规则的刑法理论构造.pdf
1365,国体的起源、构造和选择：中西暗合与差异,佀化强,重庆大学,2016,5,171,190,以“基督圣体”为摹本，西方中世纪至18世纪发展出以主权者为头部的“国家身体”神学政治。“一个头部，一个身体，一个灵”的教义，决定了“国家身体”的二维构造及其特征。横轴上，代表头部的主权不可分割，君主制、贵族制、民主制三者必居其一，混合制或三权分立被视为“多头怪物”；纵轴上，单一制被视为维持“一个身体”的正常国体，联邦制意味着身体割裂或畸形的“双头双体”。这不仅体现在霍布斯的“利维坦”之构造，还决定了法国大革命时期对三权分立和联邦制的恐惧。中国传统文化中的“身体政治学”，与“一个头部，一个身体，一个灵”的神学政治存在着惊人的暗合之处，但没有“身体大于头部”的神学政治观念，民初的国民不仅患有“共和民主恐惧症”，还惠有更为普遍的“联邦恐惧症”，这或许决定了民初的国体选择。,国体;政体;单一制;联邦制,D921,111,,法学三大刊论文/法学研究/国体的起源、构造和选择：中西暗合与差异.pdf
1366,国家在国际造法进程中的角色与功能——以国际海洋法的形成与运作为例,罗欢欣[1],中国社会科学院国际法研究所,2018,4,53,68,"现代国际秩序建立在以《联合国宪章》为核心的国际法基础上。根据《国际法院规约》第38条,新的国际法规则由国家制定,它们主要通过条约或发展习惯国际法来造法。国家既是国际法规则的缔造者,也是其约束的对象。国际造法是一项综合、立体的过程,除了国际法的技术性内容外,其背后体现了国际关系与政治的复杂博弈。以国际海洋法的形成与运作为例,发展中国家在理论准备、现实介入、政治决策与规则取舍上均与发达国家存在较大差距,这里面有西方发达国家的法律文化具备先天优势的原因,也有发展中国家对自身在国际造法中的角色认识不足、影响力发挥不够的原因。深度参与国际造法,对中国的海洋强国建设意义重大。",国际造法;海洋法;法律进程主义;全球治理,D993.5,0,,法学三大刊论文/法学研究/国家在国际造法进程中的角色与功能——以国际海洋法的形成与运作为例.pdf
1367,国家安全视角下的航行自由,袁发强[1],华东政法大学国际法学院,2015,3,194,207,"《联合国海洋法公约》虽然规定了航行自由制度,但未解决军事航行活动与沿海国国防军事安全之间的冲突问题。这种冲突的化解需要借助于其他国际法律制度,特别是和平解决国际争端的法律制度。我国既有维护海洋主权的客观要求,又在海外具有越来越多战略利益,因而需要从总体战略上考虑对待航行自由的法律态度。为应对其他国家可能以维护海洋资源和生态环境安全为由,对航行活动进行单方面、不恰当的限制,我国还应积极倡导宽松的航行自由制度,充分运用该制度维护国家经济安全,为国家开展保障海上丝绸之路和能源通道安全的海外行动提供法律支撑。",航行自由;国家安全;专属经济区;联合国海洋法公约,D631,50,,法学三大刊论文/法学研究/国家安全视角下的航行自由.pdf
1368,国家所有权遁入私法：路径与实质,张力,西南政法大学民商法学院教授,2016,4,3,22,在公共财产法律关系被主要纳入民法调整范围，国家所有权参照私人所有权制度模式创立的条件下，私法技术对公共财产利用法律保障机制中必要公法规制部分的越位与挤占，便利了国家所有权行使过程中部分主体利用物权制度形式，掩盖其逃避宪法实施义务的行为。在社会主义初级阶段长期实施的经济赶超发展模式，对公共财产法的民法调整模式和国家所有权制度的过度依赖，以及对“全民所有”这一宪法规范要求的价值扭曲与效力消解，阻塞了“公有制一全民所有～国家所有权”的宪法实施路径。,公共财产;全民所有;国家所有权;遁入私法,D923.2,67,,法学三大刊论文/法学研究/国家所有权遁入私法：路径与实质.pdf
1369,国家治理视野下多元解纷机制的调整与重塑,顾培东[1],,2023,3,92,111,我国的多元解纷机制与西方的替代性纠纷解决机制具有不同的底层逻辑和迥异的政治、经济、社会、文化背景。对我国多元解纷机制的认知，应当超越西方替代性纠纷解决机制“分解诉讼压力”的功利取向，回复其作为国家治理的基础性制度安排和常态化治理实践的定位，并以此为依据，推动多元解纷机制的调整与重塑。具体而言，应在把握解纷手段一般特质的基础上，动员、汇聚、整合并运用全社会各种解纷资源，改善和拓展非讼解纷手段，增加解纷资源的总体供给；结合我国现实社会纠纷的特点及解纷的特殊需求，通过合理的制度设计，引导纠纷主体对解纷手段的选择，实现解纷需求与解纷手段的适配，尤其应当注重发挥党政组织在多元解纷机制中的主导与统筹作用，全面提升“多元一体”解纷的有效性。,国家治理;纠纷解决机制;解纷资源;解纷需求,D,,,法学三大刊论文/法学研究/国家治理视野下多元解纷机制的调整与重塑.pdf
1370,国家监察体制改革后检察制度的巩固与发展,朱孝清[1],中国法学会,2018,4,3,19,"在我国,检察机关无权对监督对象直接进行处理,因而其法律监督需要职务犯罪侦查权作为支撑。国家监察体制改革后,检察监督失去了职务犯罪侦查权的支撑,这会导致诉讼监督进一步软化和弱化,致使具有中国特色的检察制度面临严峻挑战。在全面推进依法治国的大背景下,坚持和发展中国特色社会主义检察制度,必须坚持检察机关的宪法定位;通过给检察机关保留在履行职责中发现的职务犯罪的侦查权、赋予检察监督以硬的约束力、赋予监督中的调查核实权以及必要措施,来增强监督刚性;通过提请合宪性审查、拓展司法审查和行政检察,来逐步拓展检察职能,从而使中国特色社会主义检察制度在新时代得到巩固和发展。",检察制度;国家监察体制改革;法律监督;检察职能,D916,0,,法学三大刊论文/法学研究/国家监察体制改革后检察制度的巩固与发展.pdf
1371,国有企业海外投资跨境补贴的规制,徐昕[1],,2022,5,207,224,针对中国在国有企业海外投资过程中向东道国投资企业提供跨境补贴的问题，美欧强力推进“补贴＋国有企业”“补贴＋竞争规则”的立法尝试以图加强制约。此类“补贴＋”路径具有鲜明的国别针对性和强烈的实用主义色彩，利益维护机制有失平衡。跨境补贴的规制，应秉承有限约束的原则，恪守贸易救济的路径。跨境补贴仅在属于禁止性补贴时才受约束，无须扩大规制对象。在基础补贴规则完善之前，避免将适用范围扩大至服务贸易和投资领域。救济程序则应在禁止性补贴的多边救济程序的基础上作出适度调整，扩大磋商当事方，启用常设专家小组强制征求意见程序，并增强救济措施的灵活性。中国也应推动国有企业改革、避免规则竞合、完善产业政策，降低美欧对中国国有企业海外发展的限制和约束。,国有企业;海外投资;跨境补贴;贸易救济;竞争中立,D,,,法学三大刊论文/法学研究/国有企业海外投资跨境补贴的规制.pdf
1372,国有企业特殊对待与市场主体平等保护的规范势差及其限缩,张力[1],西南政法大学民商法学院,2024,6,21,39,宪法对公有制经济主体地位与国有经济主导力量的定位，催生了国有企业相较其他企业形态被特殊对待的规范内容，其中重点是向国企运营的关键环节嵌入职责与担当，这本身并不导致国企特殊对待与国企民企平等保护的规范对立。但两者间“主”与“非主”的宪法渊源差、“最佳化命令”对“内容空洞”的规范结构差、体制内与外的规范动力差、改革先与后的规范时间差，会不同程度地影响国企民企平等保护的效果。通过采用在民法端推动市场主体发展权的权利化与可诉化、辨别国企功能性分类中的特殊对待内容、校正国企与民企间非对称均衡等规范势差限缩手段，可改善平等保护的规范运行环境，引导国企特殊对待与平等保护规范良性互动机制的形成，促进民营经济健康发展。,国有企业;市场主体;平等保护;国企功能性分类;民营经济促进法,D,,,法学三大刊论文/法学研究/国有企业特殊对待与市场主体平等保护的规范势差及其限缩.pdf
1373,国有自然资源资产产权行使机制的完善,程雪阳[1],苏州大学王健法学院,2018,6,145,160,"对于我国生态文明建设和国家治理体系现代化的落实来说,建立和完善自然资源资产产权行使机制异常重要且时间紧迫。科学合理的自然资源资产产权行使机制,应当首先将自然资源资产从普通的自然之物与自然资源之中剥离出来,然后通过不动产统一登记体系对自然资源资产所有权以及相关权利进行确权登记。自然资源国家所有权应按照“所有者与监管者分开”和“在中央的统一领导下,充分发挥地方主动性、积极性”两大原则,分级授权给不同层级的政府特设机构统一代表行使。国有自然资源的经营管理权则应在区分经营性国有财产和公益性国有财产的基础上,按照混合所有制改革原则组建或委托具体的企业来行使,从而同时实现“政企分开”以及“中央与地方共享国有自然资源资产收益”两大目标。",自然资源资产;自然资源国家所有权;产权行使机制;混合所有制,F123.7,0,,法学三大刊论文/法学研究/国有自然资源资产产权行使机制的完善.pdf
1374,国际惯例适用规则的立法范式研究——以我国司法实践为出发点,何其生[1],,2023,6,206,222,作为一种跨国法律规则，国际惯例发挥着跨国商事“自治法”的功能，被称为“第三种法律秩序”，其重要性自不待言。在我国，国际惯例最基本的立法范式是原民法通则中的补缺适用。然而，随着民法通则的废止以及民法典中相关规则的缺失，国际惯例的适用规则在我国出现了立法空白。司法实践中，国际惯例也并非仅在中国法没有规定时方能适用，还存在着当事人约定适用和直接适用等多种情形。尽管当事人约定适用在司法实践中占绝对多数，但我国现行法并没有规定当事人可以约定适用国际惯例。鉴此，国际惯例的立法范式应从传统单一范式向复合范式转变：一是将当事人意思自治确立为国际惯例适用的首要原则，不管当事人明示约定还是默示约定，国际惯例均可以成为确定权利义务的依据；二是将补缺适用列为次要原则，即中国法律和中国缔结或者参加的国际条约没有规定的，可以适用国际惯例。对于此复合范式，可适时修订涉外民事关系法律适用法，使之成为正式的国际惯例适用规则。此外，对于具有与《跟单信用证统一惯例》类似特质的国际惯例，可以采纳最高人民法院司法解释认可的模式即“UCP模式”，赋予其“法律性”，使其具有直接适用性。,国际惯例;直接适用;约定适用;补缺适用;立法范式,D,,,法学三大刊论文/法学研究/国际惯例适用规则的立法范式研究——以我国司法实践为出发点.pdf
1375,国际法院解释领土条约的路径、方法及其拓展,张卫彬[1],安徽财经大学法学院,2015,2,192,208,领土主权属于一国的根本问题。由于部分领土条约相关条款过于原则或模糊不清，当事方会产生条约解释上的国际争端。通常，国际法院依据《维也纳条约法公约》第31、32条规定的解释规则进行阐释。但是，领土条约具有与一般条约不同的特性，这一特性也决定了其解释方法的特殊性。条约解释与争议领土主权的归属存在密切关系，不当解释会严重损害当事国的领土主权。正是出于此顾虑，国际法院过于严格遵照条约文本语言表述的精确性，但在司法实践中又出现一定的矛盾与反复，甚至在个案中弱化条约解释的价值，转而以有效统治作为判案的法理依据。国际法院的做法动摇了国际社会相关当事方将领土争端提交国际法院，采取法律方式解决纠纷的信心，值得关注和深入研究。,条约;领土条约;条约解释;国际法院,D618,73,,法学三大刊论文/法学研究/国际法院解释领土条约的路径、方法及其拓展.pdf
1376,国际私法与民法典的分与合,宋晓,南京大学法学院,2017,1,175,195,以单边主义方法为基础的国际私法与民法或民法典并无实质联系，但近现代成文国际私法多以多边主义方法为基础，与民法或民法典之间存在深层联系。民法典为成文国际私法提供了法律关系的概念体系，民事法律关系的本质属性为构建具体冲突规范提供了正当化依据。部分国家据此将国际私法或置于民法典总则中，或置于民法典分则中，或置于民法典施行法中。但国际私法在诸多方面需要超越民法典体系，而且在价值判断方面较之民法典更为开放，更易融合外部的宪法、公法和国际法的价值判断。国际私法作为环绕民法典的民事特别法，是国际私法在法律体系中的最佳位置。我国涉外民事关系法律适用法应发展成民商合一的涉外法律适用的单行立法。为了保持国际私法和民法典的有机联系，不宜制定融法律适用、管辖权、判决的承认与执行等于一体的综合国际私法法典。,国际私法;民法典;冲突规则,D923,0,,法学三大刊论文/法学研究/国际私法与民法典的分与合.pdf
1377,国际税收协定解释的困境及其纾解,崔晓静,武汉大学国际法研究所,2021,1,191,208,"国际税收领域存在数种税收协定解释方法,主要包括《维也纳条约法公约》所规定的条约解释规则、各国对""经合组织范本注释""的借鉴参考、依各国国内法的解释、各国制定的单边技术性解释.此外,为了实现缔约国双方对于税收协定的一致解释,国际税收理论和实践还发展出了共同解释的方法.然而,现有的国际税法解释理论、规则与实践均无法为税收协定解释提供圆满的解决方案.在税收协定的解释和适用中,由于政策目标或解释方法的差异,中国可能会与协定伙伴国因解释的冲突而产生税收争议,从而使纳税人面临双重征税的风险.为了给纳税人营造良好的法治营商环境,提升国际税法的明确性和可预期性,我国现阶段应通过明确国际税收协定的条款内容、密切关注各国对""经合组织范本注释""的立场和态度、制定中国的税收协定解释性文件、适当参考外国法院判决和承认税收来源国的识别结果等辅助方式,来纾解国际税收协定解释的困境.",税收协定;识别;共同解释;来源国说,D,0,,法学三大刊论文/法学研究/国际税收协定解释的困境及其纾解.pdf
1378,土地征收决定不是终裁行为——以行政复议法第30条第2款为中心,熊樟林,东南大学法学院,2017,3,60,74,由于我国集体土地征收决定涉及过多的不稳定因素，因而，现行司法实践偏爱于借用行政复议法第30条第2款的法解释通道，将其认定为终裁行为，从而拒绝对其展开司法审查。这种立场非但获得了强势的判例支撑，也获得了最高人民法院司法答复的肯认。但是，将土地征收决定认定为终裁行为只是对行政复议法第30条第2款的类推解释，既与设立设定终裁行为的基本法则难以融通，也应当在修订后的行政诉讼法实施之后迅速加以撤除。从根本上来说，土地征收决定不可能是终裁行为。,土地征收决定;行政机关最终裁决;行政诉讼,D922.1,0,,法学三大刊论文/法学研究/土地征收决定不是终裁行为——以行政复议法第30条第2款为中心.pdf
1379,地方各级人民法院宪法地位的规范分析,王建学[1],厦门大学法学院,2015,4,59,70,我国地方各级人民法院均由宪法规范直接创设并具有宪法机关地位，这在比较法中是个特例。作为宪法设定的“国家的审判机关”，地方各级人民法院是非地方、非中央的法律性机关，它与最高人民法院一起构成了行使审判权的整体，而不像各级国家权力机关和各级国家行政机关那样在纵向上划分各自的事权。宪法第3条第4款规定的中央和地方国家机构职权划分的原则，即“在中央的统一领导下，充分发挥地方的主动性、积极性”，主要是针对国家权力机关和行政机关的要求，并不适用于人民法院。审判权一体性是基本原则，而审判组织地方性只是具体制度，二者之间的冲突应当也只能通过限缩后者得到解决。,地方各级人民法院;审判组织地方性;审判权一体性;司法改革,D922.181,31,,法学三大刊论文/法学研究/地方各级人民法院宪法地位的规范分析.pdf
1380,地方性法规设定行政处罚的空间,王克稳[1],苏州大学王健法学院、公法研究中心,2022,1,22,37,"从地方治理的现实需要出发,无论地方创制性立法设定""其他行政处罚"",还是地方执行性立法补充、增设违法行为与行政处罚,皆有其必要性与合理性.行政处罚法第12条第3款,赋予了地方执行性立法以行政处罚补充设定权,为确保地方立法机关合理行使该项权力,有必要对其适用空间加以厘定.为避免行政处罚过多过繁,地方立法机关补充设定行政处罚时,应当遵循""非必要不设定""的原则,并综合考虑义务内容的确定性、合理性和可履行性,以及违法行为的可认定性等多项因素.地方性法规补充设定的行政处罚,只能限于上位法规定的行政处罚种类,且不能突破上位法规定的处罚幅度.",地方性法规;行政处罚设定权;地方立法权;地方性事务;央地共同事务,D,0,,法学三大刊论文/法学研究/地方性法规设定行政处罚的空间.pdf
1381,地方预算参与的法治进路,陈治,西南政法大学经济法学院,2017,5,53,73,相对于预算法层面的制度缺失，预算参与在地方的法治化探索中呈现出丰富多元的发展格局，形成了预算决策参与、预算执行参与和预算问责参与三种法治进路。地方在自发进行制度创新方面显示出能动姿态，提供了完善预算参与法治建构、实现预算治理与预算民主理念的经验范本及具体途径。但是，地方预算参与法治进路也面临因外部制度障碍与自身局限带来的运行限度。要克服法治改革固有的路径依赖，扩展地方预算参与的制度经验，还面临诸多困境。在发挥地方驱动制度变迁的优势基础上，预算法应有针对性地进行自上而下的调整，克服预算参与的制度创新障碍、确立统一的预算参与权利依据并推广预算问责参与法治化。,地方预算参与 预算民主 预算参与权 预算法,D90-052,0,,法学三大刊论文/法学研究/地方预算参与的法治进路.pdf
1382,城市化与法治化：城市化的法律治理——农业转移人口公民化与城市治理秩序重建,马长山[1],华东政法大学,2015,1,3,19,大量农业转移人口如何融入城市社会，是中国城市化、现代化所面临的重大挑战。当前的农业转移人口“市民化”战略，更侧重于阶层定位而非法律定位、策略性选择而非制度性安排，是一种分列式方案而非一体化布局，存在诸多局限和问题。从国家治理现代化和法治建设的宏观背景出发，城市化中农业转移人口应从市民化转向公民化，着力于公民角色、参政空间、文化兼容和一体格局的建设和拓展。“公民化”有利于促进制度认同、公共参与和自律秩序的形成，从而形成多元治理秩序。只有实现了农业转移人口的公民化，才能真正建立起有效的城市治理秩序，从而推进民主与法治建设。,农业转移人口;市民化与公民化;人的城市化;城市治理,F293,46,,法学三大刊论文/法学研究/城市化与法治化：城市化的法律治理——农业转移人口公民化与城市治理秩序重建.pdf
1383,城市化升级转型中的社会保障与社会法,魏建国[1],黑龙江大学法学院,2015,1,54,67,从中国城市化当前遭遇的现实问题出发，参照欧美先行城市化国家的经验教训，中国的城市化面临着升级转型的需要，即由市场主导的城市化形态向市场与社会保障并重的城市化形态过渡。城市化升级转型中发展社会保障、社会法的关键，是区分和协调经济领域市场化和社会民生领域非市场化之间的关系，并将民生权利化、法律化。城市化在需要社会保障与社会法的同时，也在为社会保障与社会法的建立和运行提供支持。中国城市化的升级转型，需要重视社会主义原则在民生领域的重要性，加强社会法的独立法域建设。,市场主导的城市化;城市化转型;社会保障;社会法,D632.1,65,,法学三大刊论文/法学研究/城市化升级转型中的社会保障与社会法.pdf
1384,城市空间利益的正当分配——从规划行政许可侵犯相邻权益案切入,"陈越峰[1,2]",华东政法大学,2015,1,39,53,高速城市化和城市土地上多元权益结构的形成，催生了开发过程中城市空间利益分配问题。对此，私法上相邻关系规则和民事诉讼制度已不敷使用。行政法的第三人效力制度和理论，拓展出利害关系人行政诉讼。但是，对我国典型案例和样本判决的解析表明，法院将主观权利保护诉求处理成了客观合法性监督，从而减弱了原告资格扩张的意义，而行政过程中的程序权利和行政许可审查内容公开也未能形成利益的实体权衡机制。这种局限性使得作为裁判依据的城市规划和技术标准变得相对关键，其利益权衡机制的确立至关重要。这就形成了城市空间利益正当分配的多阶机制和连续过程，它在行政的合法性证成的传统模式基础上拓展了行政的正当性证成机制。,城市规划;行政许可;相邻关系;行政诉讼;行政程序,D922.1,74,,法学三大刊论文/法学研究/城市空间利益的正当分配——从规划行政许可侵犯相邻权益案切入.pdf
1385,城市高密度区域的犯罪吸引机制,单勇[1],南京大学法学院,2018,3,118,135,"随着高密度区域的层见叠出,城市高密度发展引发犯罪高度聚集;城市高密度区域的犯罪吸引机制亟待揭示。对此,可以城市密度定义犯罪引力,围绕城市变量与犯罪密度展开相关性分析。在制图验证犯罪热点分布于城市高密度区域的基础上,以逐步回归、地理加权回归等方法筛选出影响犯罪发生、分布的城市变量,建立犯罪引力模型,揭示城市高密度区域对犯罪的空间吸引、附随吸引、综合吸引、对冲吸引等机制。犯罪吸引机制研究构成了城市犯罪学“芝加哥范式”的当代演进,实现了“犯罪场”理论微观与宏观视角的一体化,勾勒出城市犯罪学的知识谱系;并且,从“迂回治理”的治理技术革新、储备型刑事政策的理念更新、技术治理的模式翻新等多个方面,为犯罪预测、预警、预防提供了理论支持。",城市高密度区域;犯罪吸引机制;犯罪制图;犯罪引力模型;城市犯罪学,D917,0,,法学三大刊论文/法学研究/城市高密度区域的犯罪吸引机制.pdf
1386,城镇规划区违建执法困境及其解释——国家能力的视角,陈柏峰[1],中南财经政法大学法学院,2015,1,20,38,既有理论框架难以全面解释违建执法的困境。实际上，违建执法的困境反映执法领域国家能力的不足。从执法的结构和过程看，国家能力不足表现在多个层面：执法机构的“孤岛现象”普遍，不同机构之间难以有效合作；一线执法人员的素养欠缺，且其工作难以被执法机构有效考核；执法人员在进入社区空间、处理执法事务时受阻严重。由于国家能力的不足，执法人员常常接受执法对象的讨价还价，违建执法表现出“日常惰性-专项治理”的循环结构，强力执法与违法不究处于共生状态。改善社会治理，需要在执法领域强化国家能力，需要从执法机构、执法人员及其与社会的互动等多方面着手。,违建执法;国家能力;社会治理;城镇化,D922.294,55,,法学三大刊论文/法学研究/城镇规划区违建执法困境及其解释——国家能力的视角.pdf
1387,域外管辖的体系构造:立法管辖与司法管辖之界分,宋晓,南京大学法学院,2021,3,171,191,"域外管辖的理论构造和国内法域外适用的体系构建是我国当前面临的重大课题,其中关键之处是需对域外立法管辖和域外司法管辖作出恰当界分.无论对于域外立法管辖还是对于域外司法管辖,公法和私法的区分都构成了理论和实践展开的基础.各国立法管辖和司法管辖均不同程度地超越了属地原则.域外立法管辖的基本方法是单边主义方法和多边主义方法,而域外司法管辖的基本方法是一般管辖方法和特别管辖方法.公法的域外立法管辖零散而具体标准不一,实际上并无体系可言,是整个域外立法管辖中最为复杂的,国际法只是进行外部限制而不能直接提出贯通的规则或标准.私法的域外适用及私法案件的域外司法管辖均不存在国际习惯法的限制.域外管辖的体系构造,不应依循某个统一原理自上而下地展开,而应沿着私法的域外立法管辖体系、私法案件的域外司法管辖体系以及公法的域外立法管辖""体系""分别展开.域外立法管辖和域外司法管辖具有不同的法律目标和功能,两者并不以实现相互统一为价值追求.",域外管辖;域外立法管辖;域外司法管辖;属地原则;长臂管辖,D,0,,法学三大刊论文/法学研究/域外管辖的体系构造_立法管辖与司法管辖之界分.pdf
1388,基于中国式扶贫实践的给付行政法治创新,解志勇[1],,2022,6,20,38,中国式扶贫实践推动形成了中国式给付行政的法治模式，即以发展型给付为基础逻辑，以共享型给付为长远目标的新型给付行政。发展型给付源于公民发展权保障国家义务，是在绝对贫困治理阶段，通过社会整体性发展累积给付资源，助推个体民生保障之给付行政。共享型给付源于公民共享权保障国家义务，是在相对贫困治理阶段，通过均等化公共供给与优化分配机制，追求实现共同富裕目标下的共享发展成果之给付行政。发展型给付与共享型给付，共同实现了对给付行政法治的创新再造：确立了“更多更公平的共享”给付原则，衍化出覆盖生存、发展和共享利益保障的给付模式，衍生出积极作为的最佳给付行政职能。特别是共享给付目标的确立，是在分配方式方面对“中国式现代化”最生动的诠释。发展型给付与共享型给付的法治理论凝成，将为全球贫困治理提供中国智慧和中国方案。,发展型给付;共享型给付;给付行政;新发展理念;中国式现代化,D,,,法学三大刊论文/法学研究/基于中国式扶贫实践的给付行政法治创新.pdf
1389,基于价格影响的期货市场操纵规制理论:反思与重构,钟维[1],中国人民大学民商事法律科学研究中心,2022,1,70,85,"在基于价格影响的期货市场操纵规制理论中,操纵被定义为故意制造人为价格的行为.人为价格的判断依赖于替代的价格标准,即执法实践中经常采用的参照系比较方法.这种判断方法不仅证明困难,且在行政处罚听证会或法庭辩论中容易受到质疑,导致期货市场操纵问题上的监管无力.要改变此种状况,首先,在判断操纵行为是否造成人为价格时,所关注的重点应当是影响市场价格的力量和因素,而非操纵行为造成的价格是否偏离了正常供求力量下应有的价格水平.其次,应当将意图作为操纵的核心要件,运用价格影响测试的分析框架,以行为人的不正当行为和其他直接或间接证据为支撑,并辅以经济或经验分析等方法进行综合判断.最后,当行为人的操纵行为未造成或未能证明造成人为价格时,引入试图操纵进行规制.",价格影响;人为价格;操纵意图;操纵;试图操纵,D,0,,法学三大刊论文/法学研究/基于价格影响的期货市场操纵规制理论_反思与重构.pdf
1390,基于决定关系的证据客观性:概念、功能与理论定位,徐舒浩[1],中国人民大学法学院,2021,5,175,192,"证据客观说包含某些合理直觉,借助哲学工具提炼出这些直觉的最佳理论版本之后,证据客观性可被重述为案件事实与证据事实之间的决定关系.但绝对的、不谬的形而上决定关系不具有实践意义,需将其弱化为一种初显的决定关系.在初显决定关系的基础上形成的证据实践,能够为案件调查初期的事实调查活动提供指引.质言之,标记上客观性的案件材料被用来搭建和形成案件事实状态的参考框架,即案件待证事实,从而为所有相关证据的筛选、组织和评估提供指引.根据基于初显决定关系的证据客观性理论,客观性不是独立的证据属性,而是关联性判断的一个内置标准.但客观性作为关联性的子标准,含有传统关联性概念所不具备的独特意义,即客观性实践的功能不仅是使待证事实更可能或更不可能,而是也包括构造待证事实本身.",证据客观性;决定关系;待证事实;关联性,D915.13,0,,法学三大刊论文/法学研究/基于决定关系的证据客观性_概念、功能与理论定位.pdf
1391,基于合意解除合同的规范构造,姚明斌,华东政法大学,2021,1,71,88,"民法典第562条第1款明定当事人可基于合意而解除合同,但关于合意解除的制度定位和运作细节,学理上存有争议,实务中不乏模糊处理,规范间体系联动复杂,有必要借助教义学原理整理其规范内涵.合意解除行为属于共同要因处分行为,其核心效力主要体现为终结合同""广义之债""中与原定给付义务相关的内容.附属效果方面,合意解除在涉及清算的场合同时创设了清算义务,就其内容未作特约时可适用合同解除效果的法定规则;已成立的违约赔偿责任原则上不受合意解除的影响;若可能损及第三人利益,合意解除的效果应受限制.合意解除的实践流程,可能是达成""典型合意"",也可能是经由法律行为转换达成""非典型合意"".我国法将合意解除整合为合同解除制度的一部分,在法技术和法政策上具有正当性.",合意解除;广义之债;处分;清算关系;法律行为转换,D,0,,法学三大刊论文/法学研究/基于合意解除合同的规范构造.pdf
1392,基于数据主权的国家刑事取证管辖模式,梁坤[1],西南政法大学刑事侦查学院(国家安全学院),2019,2,188,208,"关于电子数据的刑事取证管辖,在国家层面形成了数据存储地模式和数据控制者模式两大方案。传统的数据存储地模式以国家疆域为基础,因其适用困难、取证效率低下而已经有所松动。数据控制者模式则依托跨境云服务提供者,实现了对数据存储地模式的部分取代。刑事数据取证管辖模式的变革,从根本上讲,乃是各国立足于自身国家利益最大化而对数据资源实施掌控所致,而数据特例主义的提出也对适用于有形实物的传统管辖模式构成了冲击。我国应当正视国际上的变革趋势,在数据主权国家战略的基础上,着力探索刑事数据取证管辖模式的中国方案。具体而言,在坚持数据存储地模式的同时,有必要设定例外情形;在把握数据控制者模式之优势的同时,亦需针对他国采取该模式给我国带来的危害予以对等回应;在程序主义数据主权的框架下,加强与其他国家的平等协商与合作,构建适用于电子数据的刑事取证管辖互惠模式。",电子数据;数据主权;取证模式;刑事管辖,D918,0,,法学三大刊论文/法学研究/基于数据主权的国家刑事取证管辖模式.pdf
1393,基于法官集体经验的量刑预测研究,白建军,北京大学法学院教授,2016,6,140,154,各种法定量刑情节在具体个案中有各种可能的组合，但对于多情节案件如何量刑却无明确的法律规定，导致此类案件的量刑结果不确定。以十四万余交通肇事罪案件为样本，对其量刑进行确定性检验发现：通过限缩量刑情节的裁量幅度，可以将此类案件的量刑确定性由原来的30．5％提高到51．1％；在此基础上控制样本离散性程度，可以将量刑确定性由51．1％进一步提高到73．4％。据此建立的量刑模型可用于量刑预测，促进司法公正，提高审判管理水平。归纳法官的集体经验用以指导量刑实践，是提高量刑确定性的有效方法。,多情节组合;量刑确定性;量刑模型;量刑预测,D924.13,0,,法学三大刊论文/法学研究/基于法官集体经验的量刑预测研究.pdf
1394,基层多元解纷机制的结构转型与模式分化,于龙刚[1],中南财经政法大学法学院,2025,3,3,20,多元解纷机制是由各种解纷主体、解纷资源和解纷方式关联组合而成的有机系统，是中国特色社会主义司法制度的重要内容。近年来，为应对社会基础变迁所带来的挑战，回应纠纷治理的要求，基层多元解纷机制建设注重依靠党政组织的统筹与协调，实现了不同解纷主体的充分合作，以及解纷资源的集中配置与解纷方式的紧密衔接，基层多元解纷机制由此形成了一种要素聚合的新结构。由于注入解纷要素聚合结构中的政治势能和组织平台存在强弱差异，解纷要素的聚合形态也相应有所不同，多元解纷机制进而分化为不同模式。当前各地基层多元解纷多样且复杂的实践形态，是多元解纷机制模式分化的现实表征。进一步优化多元解纷机制，需要围绕党政统筹与协调下解纷要素聚合这一结构形态展开，具体途径包括控制模式分化的幅度、合理发挥政治势能的作用以及规范组织平台的运行。,多元解纷;纠纷治理;党政协调;组织平台;基层法治,D926,,,法学三大刊论文/法学研究/基层多元解纷机制的结构转型与模式分化.pdf
1395,基层法院审判委员会压力案件决策的实证研究,王伦刚[1];刘思达[2],西南财经大学法学院,2017,1,80,99,20世纪90年代以来，我国学界对审判委员会的性质和功能一直存在争议，但对其在外部政治、社会压力的约束下如何进行司法决策，却缺乏实证研究。基于某县基层法院审判委员会2003-2012年间的近600份会议记录和对法官的访谈，本文详细描述了审判委员会处理政治、社会压力案件的决策过程，揭示了其行为逻辑，即将压力化解或转化为各方均可接受的判决内容，尽力实现案件合法性与合法律性的统一。审判委员会的司法决策既不关注学界热议的审判独立问题，也并非逃避司法责任的“黑洞”，而是一个在政治、社会、法律因素之间“三向考量，协调平衡”的合法化过程。,审判委员会;司法决策;合法性;合法律性,D926.2,0,,法学三大刊论文/法学研究/基层法院审判委员会压力案件决策的实证研究.pdf
1396,基层法院的执行生态与非均衡执行,于龙刚[1],中南财经政法大学,2020,3,102,122,"执行生态是指法院执行活动所处的环境和氛围,主要包括组织纵向生态、横向生态组成的法院内生态,以及政治生态、经济生态和社会生态组成的法院外生态。对基层法院的调研表明,当前执行工作面临的来自法院外生态的压力过大,这些压力包括政治生态的治理压力、经济生态的救济压力和社会生态的互动压力,而法院内部生态也在一定程度上加大了这些压力。执行生态的过重压力催生出法院对非均衡执行策略的需求与偏好,导致法院一方面通过终结本次执行及执行和解来规避压力,另一方面通过周期性启动运动式执行来缓解压力。非均衡执行策略容易诱发执行不规范现象,有损执行权威。要实现“切实解决执行难”的目标,需要改善执行生态,弱化法院对非均衡执行策略的需求,其中的关键是要建构社会场景下的执行权威,实现良性的执行生态与能动的均衡执行的相互促进。",执行难;执行生态;执行权威;均衡执行,D92,0,,法学三大刊论文/法学研究/基层法院的执行生态与非均衡执行.pdf
1397,基本权利保护义务关系结构的型变,李海平[1],吉林大学法学院,2025,1,42,59,既有研究普遍将基本权利保护义务关系结构确定为“私主体（自由权保护）—国家—私主体”结构，虽然揭示了基本权利保护义务关系结构的三方关系特质，但并未完成我国基本权利保护义务关系结构理论的本土化建构。基于我国宪法文本，基本权利保护义务的权利基础应从自由权扩展到包括自由权和社会权在内的所有基本权利，基本权利保护义务关系结构中的私主体关系应限定为私权力关系。相应地，基本权利保护义务关系结构从“私主体（自由权保护）—国家—私主体”结构转变为“私主体（自由权和社会权保护）—国家—私权力主体”结构，且可分为效力约束型和效用形成型两种结构类型。基本权利保护义务关系结构的转变带来一系列理论效应，具体包括：将私权力关系识别纳入保护义务内容；对保护义务履行标准的适用进行类型化区分；调整保护义务的合宪性审查框架，以私权力关系识别作为审查的第一步。,国家保护义务;自由权;社会权;社会法;基本权利;合宪性审查,D,,,法学三大刊论文/法学研究/基本权利保护义务关系结构的型变.pdf
1398,基本权利保护范围的界定,王锴[1],北京航空航天大学法学院,2020,5,105,121,"明确基本权利的保护范围,是对国家干预基本权利的行为进行合宪性审查的前提。要准确界定基本权利的保护范围,需对法律上形成的保护范围和事实上形成的保护范围作出区分。前者主要由立法界定,后者主要通过解释确定。国家通过立法界定基本权利的保护范围,先要确定基本权利的核心,并围绕基本权利的核心形成保护范围,同时还要考虑国家履行基本权利保障义务的可能性;针对事实上形成的保护范围,宜采狭窄的界定思路,并对保护范围的事实领域和保障领域分别进行解释。基本权利的内在限制是基本权利保护范围的固有边界。在界定基本权利的保护范围时,内在限制不可逾越,否则将导致立法违宪或解释违宪的后果。",合宪性审查;基本权利保护范围;基本权利干预;基本权利教义学,D92,0,,法学三大刊论文/法学研究/基本权利保护范围的界定.pdf
1399,基本权利冲突及其解决思路,王锴[1],北京航空航天大学法学院,2021,6,36,52,"基本权利冲突是权利冲突的子类型.民事权利冲突只在私人之间发生,而基本权利冲突在""私人—国家—私人""的三方关系中发生.基本权利冲突的解决,无法诉诸基本权利的第三人效力,而主要依靠国家履行义务.解决基本权利冲突需要采取体系化的思路:针对潜在的基本权利冲突,应通过程序设计尽量避免冲突的实际发生;基本权利冲突发生后,应先通过实践调和原则寻找最优解决方案,避免一方基本权利作出退让,以使双方基本权利都能得到最大程度的实现;若无最优解决方案,则通过权利位阶和比例原则确定可以接受的解决方案,再通过过度禁止审查和不足禁止审查,确保解决方案的合宪.",基本权利;权利冲突;国家保护义务;实践调和原则;比例原则,D921,0,,法学三大刊论文/法学研究/基本权利冲突及其解决思路.pdf
1400,基本权利功能视野下平台经济不正当竞争认定范式重塑,张占江[1],浙江大学光华法学院,2025,2,55,73,不正当竞争认定中的传统利益平衡范式过于抽象且规范性不足，适用于具有竞合性、非对称性的平台竞争关系时，或者过度限制经营者的竞争自由，或者忽视对消费者自由决策的保护。对基本权利功能的呼应与转换，为反不正当竞争法回应平台经济发展提供了坚固的法理支撑和稳定的操作程式。基于基本权利防御权功能和国家保护义务功能，可以将传统利益平衡范式重塑为一个新的三阶层认定范式。在三个阶层中依次考虑竞争行为受何种基本权利保护，竞争参与者之间是否存在基本权利侵害以及如何避免“过度限制”和“保护不足”。如果没有基本权利侵害，对竞争行为进行干预的正当化权衡只需适用比例原则，反之，则必须包含禁止保护不足原则的考虑，且该原则应优先于比例原则适用。,基本权利;平台经济;不正当竞争;利益平衡;比例原则,D922.294,,,法学三大刊论文/法学研究/基本权利功能视野下平台经济不正当竞争认定范式重塑.pdf
1401,基本权利的功能体系与行政法治的进路,郑春燕[1],浙江大学光华法学院,2015,5,28,38,以宪法基本权利观之，行政法肩负着授予、运作、规制行政权力，以实现基本权利功能保障的重要使命。两者之间的内在呼应，谱写了德国行政法学的历史脉络，却在梳理我国行政法学的宪法基础时遭遇了解释困境：作为通说的行政法控权理论，理应生发于宪法基本权利的防御权功能，却立基于青睐客观价值秩序功能的宪法规范之上。我国宪法基本权利功能体系的特别安排，根源于社会主义的根本制度，并在权力传统与现实因素的双重作用下形成了行政中心的权力格局。因此，行政法学回答问题的场域，应从司法中心拓展到行政过程，在关注个人请求权的传统行政行为概念之外，以行政决策为基本概念，借助行政决策的非正式程序建构，实现基本权利客观价值秩序功能保障。进而，有关以司法中心主义为启动器的中国法治建设模式，也应得到反思。,基本权利;行政法治;行政决策;非正式程序,D921,26,,法学三大刊论文/法学研究/基本权利的功能体系与行政法治的进路.pdf
1402,基本权利的国家保护:从客观价值到主观权利,李海平[1],吉林大学理论法学研究中心,2021,4,39,54,"客观价值论国家保护义务,是目前我国学界普遍遵循的基本权利国家保护义务理论范式.该理论范式存在客观价值基点可有可无、客观价值主观化的自相矛盾,以及自然权利、基本权利、民事权利国家保护混沌难分的逻辑困境.主观权利论国家保护义务,既可通过宪法概括性人权条款连接具体基本权利条款获得证成,也能化解客观价值论国家保护义务的困境,应是我国基本权利国家保护义务理论的发展方向.主观权利论国家保护义务的构成要素包括:国家、受害人、加害人的三角关系及其中私人关系的公共性,国家保护义务的规则属性,最低限度有效保护与合宪性解释在司法裁判中的有条件运用.伴随着基本权利国家保护义务从客观价值论向主观权利论的转型,基本权利双重性质也将从主观权利和客观价值秩序演变为防御权和受保护权.",基本权利;国家保护义务;客观价值秩序;受保护权;禁止保护不足原则,D911,0,,法学三大刊论文/法学研究/基本权利的国家保护_从客观价值到主观权利.pdf
1403,基本权利私人效力的民法审视,杜强强[1],首都师范大学政法学院,2025,3,21,36,基本权利的私人效力问题关乎宪法与民法的关系，若不能充分结合具体的民法规范和民法原理加以研究，对相关问题的讨论就难以深入和精细。从民法的角度观察，宪法学界在基本权利私人效力问题上的诸多争议，大都可能因误解所致。现代宪法要求国家正视私人之间的实力落差，控制社会强势主体的力量。为回应现代宪法理念的要求，民法需要在法律制定和法律适用层面作出调适。基本权利私人效力是传统民法向现代民法转型过程中出现的一个法律现象，其体现了民法在适用层面为回应宪法理念所作的调适，但这种调适仍需坚守民法上的主体平等原则，要求基本权利的适用有所克制。基本权利间接效力说可谓现代宪法理念与民法基本原则双向调适的结果，其既能实现民法对私人之间实力落差的有效回应，又能维护民法之本，因而必然成为理论和实践上的优选，应当获得通说地位。,基本权利;客观价值秩序;公序良俗;第三人效力;宪法与民法,D923,,,法学三大刊论文/法学研究/基本权利私人效力的民法审视.pdf
1404,基本行政法典的确立、定位与架构,杨伟东[1],中国政法大学法治政府研究院,2021,6,53,70,"我国行政法法典化的一条可行路径是,对一般行政法进行实质法典化,对部门行政法根据条件成熟情况进行实质法典化或形式法典化,形成""1+S+F""的行政法法典化框架.基本行政法典在这一框架中发挥着统领作用.它不是行政法通则、行政法总则、行政程序法典或一般行政法的汇编,而是涵盖一般行政法主要内容、融行政实体法与行政程序法为一体,能体现我国行政法治水准、能为世界贡献法典化之""中国方案""的实质性法典.基本行政法典的体系构建应以规范行政权力为主线,形成包括总则编、行政组织编、行政活动编、行政程序与信息公开编、行政监督编、行政救济编的整体架构.",行政法典;法典化;一般行政法;部门行政法;行政程序法,D922.1,0,,法学三大刊论文/法学研究/基本行政法典的确立、定位与架构.pdf
1405,增值税中性原则与民事制度,班天可[1],复旦大学法学院,2020,4,109,130,"增值税中性原则的实现,离不开民事制度的协动。在交易中,当收款方拒绝开具发票时,为保障付款方的抵扣权并减轻其纳税成本,司法部门应当依据合同解释规则确认和保障付款方的发票开具请求权,并支持付款方依据诚实信用原则行使留置抗辩权。在增值税的税制税率发生变动时,原合同内容的履行,在增税型变动中会妨碍税负的有效转嫁,在减税型变动中会损害付款方的抵扣权。司法部门应当及时调整合同价格,确保有抵扣权的企业在经济上不承担税负。对情事变更的适用采取过于谨慎的态度,不利于结构性减税的税制改革目标的实现。",增值税中性原则;发票开具请求权;留置抗辩权;情事变更,F81,0,,法学三大刊论文/法学研究/增值税中性原则与民事制度.pdf
1406,备案审查的国家治理功能,王理万[1],,2024,3,3,20,备案审查制度深嵌于全过程人民民主的实践过程中，不仅是重要的宪法法律监督制度，也是在法治轨道上推进国家治理体系和治理能力现代化的关键着力点。从备案审查的制度设计来看，其以维护法制统一为切入点，建立起纵向到底、横向到边的全覆盖格局，塑造出上下贯通、左右联动的衔接联动机制和联合审查机制，形成了沟通协商、刚柔并济的审查工作方法，有助于治理碎片化问题的有效解决。从备案审查的制度效能来看，其通过形成一套全方位、多层次、立体化的利益表达、回应反馈和公正裁决机制，有助于将人民群众的利益诉求及时有效地转化为权利主张，切实回应人民群众对美好生活和公平正义的更高要求。从备案审查的实践推进来看，其适用差异化的审查强度，秉持审查谦抑原则，寓支持于监督之中，有利于在统一的法制秩序下，鼓励不同层级和不同类型的权力主体以立法方式推进改革发展，夯实全面深化改革和全面依法治国的制度根基。,备案审查;宪法监督;依法治国;国家治理;全过程人民民主,D921,,,法学三大刊论文/法学研究/备案审查的国家治理功能.pdf
1407,外国版权客体在本国的保护,阮开欣[1],,2022,4,205,224,"外国版权客体的保护主要以本国同外国缔结的条约为依据,这尚未在我国受到足够重视.无条约不保护原则是版权地域性的体现,但也有一定的例外.条约关系保护与互惠关系保护是功利主义理论在版权制度中的体现,而利他主义保护的存在主要归功于自然权利理论.外国版权客体的保护资格可以基于属人标准或属地标准.适用属人标准时需要考察作者身份的冲突规范.网络提供行为宜属于属地标准中的""出版"".版权条约在采取国民待遇原则的同时,在特定情况下允许实质互惠待遇以促成国家利益的对等.取低性实质互惠是实现国家利益对等的最灵活方式.我国有必要对""外保条款""予以修改,以利用版权条约中的国民待遇例外机制.著作权立法还应当吸纳限于精神权利的利他主义保护和采行取低性实质互惠方式的互惠关系保护.为遵循无条约不保护原则并避免条约义务之违反,我国司法实践应当认可相关版权条约内容具有直接适用性和优先效力.",版权客体;无条约不保护原则;版权条约;国民待遇,D,,,法学三大刊论文/法学研究/外国版权客体在本国的保护.pdf
1408,多元一统的政治宪法结构——政治宪法学理论基础的反思与重建,张龑[1],中国人民大学法学院,2015,6,23,37,有政治宪法学者以卢梭的政治体平衡公式作为理论基石，但其理论建构并未能充分涵盖国家治理的开放性和复杂性。同样以卢梭的政治体公式为基础，可以提炼出政党执政权和政府执政权两种模式，进而将市民社会纳为结构要素。然而，一旦纳入多元社会，政治体就有了分化与解构的趋势，若要做到多元一统，还需要全面思考政治体成员的主权地位和法律地位。对应公民的四种主权地位，在代议制度外，政治体还应在主权者和公民之间，建立其他可以直接沟通二者的制度。据此，多元一统、收放自如的政治宪法结构才是政治宪法学的基本任务和理论基础。,政治宪法学;政治体公式执政权;市民社会;国家治理,D0,39,,法学三大刊论文/法学研究/多元一统的政治宪法结构——政治宪法学理论基础的反思与重建.pdf
1409,多数人之债的类型建构,李中原[1],苏州大学王健法学院,2019,2,42,58,"关于多数人之债的类型化,争议主要在于是否需要规定不可分之债或协同之债。可分之债与不可分之债的区分只是确定多数人之债实现方式的一种中间性的辅助手段,而且由于二者的区分在标准上存在歧义且操作复杂,该辅助手段的实用价值有限。围绕可分之债与不可分之债所形成的传统规则大多与按份之债、连带之债以及协同之债密切相关。编纂中的我国民法典关于多数人之债的规定,应当不采传统大陆法系将可分之债、不可分之债与按份之债、连带之债并列或者混合规定的模式,而采取以债的实现方式为导向的类型化模式,于按份之债和连带之债以外设置协同之债的规定。协同之债的本质特征在于共同实施性。在立法上设置协同之债的必要规则,既是基于多数人之债法律体系上的完备性要求,也是基于审判实践之需。",多数人之债;可分之债;不可分之债;协同之债,D913,0,,法学三大刊论文/法学研究/多数人之债的类型建构.pdf
1410,大数据有限排他权的基础理论,崔国斌[1],清华大学法学院,2019,5,3,24,"人类社会进入大数据和人工智能时代,大规模数据集合的知识产权保护问题日益突出。诞生于“小数据”时代的知识产权法满足了数据产业的基本需求,但还是留下了一些空白。处在公开状态的没有独创性的大数据集合缺乏具体的法律保护手段。为了避免这一领域的市场失败,同时避免限制公共领域的行动自由,应当为耗费实质投入并达到实质规模的大数据集合设置有限排他权,即公开传播权。这一保护机制既能够满足数据行业的需求,又能够兼顾后续数据利用者的利益,不会损害著作权法等法律所维护的公共政策。",大数据;知识产权;公共领域;公开传播权,D,0,,法学三大刊论文/法学研究/大数据有限排他权的基础理论.pdf
1411,大清刑律草案签注考论,高汉成,中国社会科学院法学研究所,2015,1,191,208,1907年大清刑律草案签注是研究《大清刑律》和“礼法之争”不可或缺的重要资料。本文利用诸多历史文献，对1908--1909年之间，中央部院、地方督抚的签注做了系统梳理，考证其文献来源、整理要点、上呈过程和表现形式，澄清以往研究中不清楚甚至错误的地方，辨析了签注的形成过程及其中的倾向性意见，分析了签注在《大清刑律》制定中影响和作用有限的原因。1907年大清刑律草案作为沈家本在法律领域贯彻“思想革命”的代表作，其得失是与政治领域的立宪运动同步的，由签注所引发的“礼法之争”的本质不是中西、新旧之争，而是法律领域“改良还是革命”的“主义”之争。1907年大清刑律草案既与中国自身的状况相脱节，也不符合法律自身的演进规律，是一次有着严重缺陷的立法实践。,大清刑律;刑律草案;签注;礼法之争,D904.2,91,,法学三大刊论文/法学研究/大清刑律草案签注考论.pdf
1412,夫妻债务的清偿顺序,叶名怡[1],,2023,4,74,92,夫妻共同债务应被定性为一种有清偿顺序的连带债务。比较法经验表明，夫妻共同债务的有限责任通常是作为“共债推定”的配套制度而存在，而我国现行法确立的是“个债推定”。鉴于我国夫妻财产归属欠缺明晰的公示方法，破解问题的关键不在于责任财产的范围，而在于夫妻债务的认定范围。只要坚持将“夫妻共同债务金额”与“确定的受益金额”等同，从严认定共同受益型夫妻共同债务，就既能与第三人受益返还的财产法原理相一致，又能有效消除连带债务的严苛性。夫妻共同债务应首先以夫妻共同财产偿还，不足时才能以双方个人财产偿还；夫妻一方个人债务应首先以其个人财产偿还，不足时才能以夫妻共同财产中的一半份额偿还；当夫妻一方个人债务与夫妻共同债务并存时，夫妻共同财产应首先用来偿还夫妻共同债务，即便债权人为同一人也应如此。民事强制执行法草案仅规定了夫妻个人债务的责任财产执行顺序，尚需补足其余两项规则。,夫妻共同债务;连带责任;个人债务;责任财产;执行顺位,D,,,法学三大刊论文/法学研究/夫妻债务的清偿顺序.pdf
1413,夫妻共同财产的潜在共有,龙俊,清华大学法学院,2017,4,20,36,我国现行夫妻共同财产制度应该解释为潜在共有。就夫妻内部关系而言，采取潜在共有理论可以彻底解放夫妻间的财产分配规则，避免受到财产权取得规则的不当干扰，有利于进行精确化的价值判断。就夫妻对外关系而言，采取潜在共有理论可以避免夫妻财产关系的复杂化危害交易安全。在潜在共有理论下，“婚姻法解释三”第10条中的登记在夫妻间只有“偏好推定”作用。婚姻法第17条第1款第4项、“婚姻法解释二”第22条、“婚姻法解释三”第7条都是与夫妻共同财产制无关的意思表示解释规则。现行法对于共同债务区分内部关系和外部关系的模式应予肯定，但是在风险控制的力度方面还有完善空间：应该肯定夫妻间的追偿请求权，并区分内部和外部证明责任分配规则；“为夫妻共同生活所负的债务”范围过窄，应该扩张为“夫妻共同从中受益的债务”；非举债方承担债务的责任财产范围应该限缩于共同财产以及离婚时从共同财产中分得部分。,夫妻共同财产;潜在共有;夫妻共同债务;交易安全,D923.9,0,,法学三大刊论文/法学研究/夫妻共同财产的潜在共有.pdf
1414,夫妻财产制与财产法规则的冲突与协调,裴桦,大连海事大学法学院,2017,4,3,19,在《中华人民共和国民法总则》通过之际，《法学研究》2017年春季论坛于3月25-26日于江西召开。本次春季论坛以“亲属法的传承与现代化”为题，以引导和提升亲属法学研究的科学化与体系性为学术旨趣，以亲属法重归民法为当前要务，以回应婚姻家庭生活的重大问题为现实关切。论坛得到了全国人大法工委、江西省高级人民法院、中国法学会婚姻法学研究会等学界和实务界同仁的热情响应和积极参与。本刊从收到的众多稿件中，遴选了四篇稿件作成专题。四位学者在年龄、性别、学术经历、学科领域等方面的鲜明差异，在论文的价值前见、切入点、论证思路、解决方案等方面都打下了深刻烙印。他们的精彩分析、深入研究和局部交锋，相信能够给读者带来思考和收获。,夫妻财产制;财产法;夫妻共同财产;夫妻债务;夫妻间赠与,D923.9,0,,法学三大刊论文/法学研究/夫妻财产制与财产法规则的冲突与协调.pdf
1415,委托合同任意解除的损害赔偿,周江洪,浙江大学光华法学院,2017,3,75,90,委托合同任意解除的损害赔偿问题，学界和实务界多围绕履行利益、信赖利益、直接损失等概念展开分析，争议不断。委托合同任意解除权的制度目的，因委托的有偿与否、任意解除权发动主体的不同而不同，在损害赔偿范围的考量上亦应注意到此等差异。委托人任意解除时，受托人就事务处理存有自身利益的，无论有偿与否，此等利益的损失应纳入合同法第410条意义上的损失的范围。委托人任意解除有偿委托的，可归入因可归责于债权人事由的履行不能，受托人可依风险负担规则请求将来报酬并作相应扣减，此等报酬并非合同法第410条意义上的损失。受托人任意解除无偿委托，可参照赠与人任意撤销赠与时的处理，赔偿委托人受损的信赖利益。受托人任意解除有偿委托的，受托人并不承担拒绝履行的违约责任，应区分是否得以采取替代措施，分别承担因解除而增加的费用的赔偿或者是因解除而无法继续该事务处理所引起的损害赔偿责任。在需要作出特别政策考量的消费者合同、类似劳动关系的委托合同等领域，则结合相关政策要求对损害赔偿的范围作出限定或扩张。,委托合同;任意解除;损害赔偿;受托人利益;报酬请求权,D923.6,0,,法学三大刊论文/法学研究/委托合同任意解除的损害赔偿.pdf
1416,婚姻家庭立法的同一性原理-以婚姻家庭理念、形态与财产法律结构为中心,金眉,中国政法大学,2017,4,37,55,从传统到现代社会，中国人的婚姻家庭理念、形态与财产法律结构发生了巨大的变化，有关婚姻与家庭的观念与生活呈现多元的状态。婚姻不再具有在古代那样的当然的意义，但仍然被视为男女结合的主流方式；单一的宗法意蕴已经转变为传宗接代与生育乃至不生育并存；婚姻仍然具有联姻的功能，只是其重心与往昔已有根本的不同，那就是两个姻亲家庭都要服务于新建立的小家庭，但中国人内置于婚姻家庭中的人生意义追求并没有改变。不论在农村还是城市，夫妻关系都成为家庭关系的主轴，传统的家庭同居共财制为夫妻财产制所取代。夫妻内部的财产关系、与扩展家庭的关系和与双方父母的关系分别受到挑战，但传统的共同、协助、孝道以及男女平等的新传统仍然是人们尊重的价值，对此立法者应有足够的尊重。,婚姻家庭法;同一性原理;从夫居;同居共财;夫妻财产制,D913.9,0,,法学三大刊论文/法学研究/婚姻家庭立法的同一性原理以婚姻家庭理念、形态与财产法律结构为中心.pdf
1417,婚姻缔结行为的效力瑕疵--兼评民法典婚姻家庭编草案的相关规定,李昊[1];王文娜[2],北京航空航天大学人文与社会科学高等研究院暨法学院,2019,4,102,118,"婚姻缔结行为指的是男女双方当事人在婚姻登记机关旨在通过缔结婚姻的意思表示取得结婚法律效果的法律行为。民法典婚姻家庭编对婚姻缔结行为的调整应与民法总则规定的法律行为体系相协调。民法典婚姻家庭编草案确立了婚姻无效和婚姻可撤销的二元效力瑕疵体系,这不同于德国民法典创设的面向未来无效的婚姻可废止制度。从具体的效力瑕疵事由来看,“二审稿”以封闭性规范明确了导致婚姻无效的事由,以开放模式规定了导致婚姻可撤销的事由,但仍存在与民法总则进一步协调的空间。在导致婚姻无效的事由方面,应删除“二审稿”第 828条第4项规定的婚姻无效情形,增加通谋虚伪“假结婚”导致婚姻无效的规定。在导致婚姻可撤销的事由方面,民法总则有关欺诈、胁迫的规定可适用于婚姻缔结行为,应删除“二审稿”第829条和第830条的重复性规定,而民法总则规定的重大误解和显失公平不构成婚姻可撤销事由,需要在婚姻家庭编中明确规定其不予适用。婚姻家庭编还需明确存在形式瑕疵的婚姻亦为可撤销婚姻。",婚姻缔结行为;效力瑕疵;无效婚姻;可撤销婚姻,D923.9,0,,法学三大刊论文/法学研究/婚姻缔结行为的效力瑕疵兼评民法典婚姻家庭编草案的相关规定.pdf
1418,存款货币的权利归属与返还请求权——反思民法上货币“占有即所有”法则的司法运用,朱晓喆[1],上海财经大学法学院,2018,2,116,135,民法上实物货币或现金货币原则上适用动产物权的法则，货币“占有即所有”仅发挥有限的推定作用。存款货币是存款人根据存款合同而对银行享有的债权，与现金货币一样发挥着记账和支付结算的功能，因此很多学者和法院将现金的“占有即所有”法则转用于存款货币，以解决存款的归属和返还问题。对我国司法实务中采用货币“占有即所有”法则解决纠纷的案件进行类型化的梳理，可归纳出借用账户、错误转账、专户存款三类案件。在这三类案型中，无一需要借助“占有即所有”法则即可解决相应的问题。借用他人账户存入资金案型中，根据账户户主与银行之间的存款合同关系，即可认定户主为存款货币权利人，原权利人不可主张物权性返还请求权。在错误转账案型中，受款人根据银行转账而没有法律根据地取得他人财产，错误付款人针对受款人享有不当得利返还请求权。在商事金融交易领域中的保证金和证券交易结算资金，根据专门账户、资金特定化来判定该存款货币的权利归属。存款货币的权属认定和返还请求权不宜作统一规定，司法实践中应就不同的存款货币纠纷案型，依各该领域的具体法则判定存款货币的权利归属及其返还请求权的相应效力。,存款货币;占有即所有;返还请求权;不当得利,D923.6,0,,法学三大刊论文/法学研究/存款货币的权利归属与返还请求权——反思民法上货币“占有即所有”法则的司法运用.pdf
1419,存疑有利于被告原则的刑法适用规则,周光权[1],,2024,3,156,173,存疑有利于被告原则要求构建刑事实体法上分层次、体系性的判断与适用规则。首先，要准确把握定罪的事实性前提存疑的法律效果。影响定罪的事实存疑，没有轻罪可以选择适用的，被告无罪；存疑事实被评价为不重要时，可以得出被告有罪的结论。其次，进一步认真研判存疑且涉及罪名选择适用的情形。事实存疑的效果并非被告一概无罪，重罪事实存疑，但与其他犯罪存在层级关系的，可以选择适用轻罪或基本犯。轻罪、重罪都存疑时的“择一判定”损害法的安定性，应当被否定。再次，在解决定罪问题之后，要关注影响量刑的事实存疑的情形，应当肯定存疑有利于被告。最后，还要审查是否存在存疑有利于被告原则被排斥适用的情形。在法律拟制、法条含义不明等场合，均不能适用存疑有利于被告原则。从刑法角度构建的存疑有利于被告原则的适用规则，突显了体系性思考的重要性，同时兼顾了问题性思考，在方法论上具有优越性。,存疑有利于被告;罪刑法定;事实存疑;法条含义不明,D924.3,,,法学三大刊论文/法学研究/存疑有利于被告原则的刑法适用规则.pdf
1420,孝道：中国传统法律的核心价值,龙大轩[1],西南政法大学,2015,3,176,193,"孝道乃数千年中国文化之精华,对传统法律制度影响至深。孝道与法律之融合,始自上古三代,经秦汉以来的努力,到唐朝终于定型为一套完整的孝道法律体系。法律制定以孝道为指导,厘定＂利亲＂、＂善事＂、＂慎终＂三个层次,并设计出惩治不孝犯罪的周密刑罚体系。法律运行以维护孝道为宗旨,出现＂存留养亲＂、＂宽容复仇＂等各种屈法以伸伦理的制度和惯例。孝道遂成为传统立法与司法的核心价值,形成独特而又一以贯之的孝道法文化,对古代社会的秩序构建和人性磨砺发挥了至关重要的作用,直至清末法制改革方始解体。今日建构和谐社会,若能对其进行创造性转化,于弘扬中华民族优秀传统文化、推进法制建设必大有裨助。",孝道;传统法律;孝道法文化,D909.2,85,,法学三大刊论文/法学研究/孝道：中国传统法律的核心价值.pdf
1421,宅基地使用权的制度困局与破解之维,陈小君[1],广东外语外贸大学土地法制研究院,2019,3,48,72,"宅基地使用权的制度困局,源于宅基地承载的社会保障功能和经济价值功能间的冲突加剧,而流转开禁下的制度因应设计亦难点众多。破解之维,一是完善宅基地使用权取得规则,在取得条件上坚守宅基地使用权的身份属性和基本原则,肯认不同情形下的权利分野,丰富宅基地的申请与重新分配制度并完善配套法定程序;二是照应宅基地使用权流转开禁的现实需求并预设规制,其中宅基地使用权转让的边界、宅基地法定租赁权的制度设计、农房买卖和宅基地使用权抵押的实现路径为其重点;三是补全宅基地使用权消灭机制,完善宅基地使用权收回制度和自愿退出机制,积极探索以保障宅基地资格利益为核心的宅基地使用权回复路径。民法典物权编应以""得丧变更""为主线完整展开宅基地使用权制度的构建。",宅基地;三权分置;宅基地所有权;宅基地成员资格;宅基地使用权,D923.2,0,,法学三大刊论文/法学研究/宅基地使用权的制度困局与破解之维.pdf
1422,宅基地立法政策与宅基地使用权制度改革,韩松[1],西北政法大学民商法学院,2019,6,70,92,"宅基地“三权分置”政策的提出并没有改变宅基地基本政策,没有改变宅基地是农民住房用地的性质。解决农民宅基地闲置和房屋空余问题,提高资源配置效率,不是单纯地对宅基地使用权赋权扩能的问题,而是落实集体土地所有权、保障农户资格权和房屋财产权、适度放活宅基地和农民房屋使用权等多方面的综合改革。改革的制度设计必须遵循基本立法政策,符合宅基地使用权的性质,不应单纯为宅基地使用权赋权扩能。对宅基地的客体空间范围应予界定,宅基地的地上、地下空间发展权应按照规划赋予农民集体,农民集体应当享有宅基地空间经营权。在农民房屋所有权变动中,因受让人不具有集体成员资格而发生的宅基地使用问题,在生活居住目的范围,应当由集体为受让人设定宅基地法定租赁权;在商住、经营范围,应当由集体为受让人设定集体经营性建设用地使用权。对于农户资格权,应在农民集体所有权成员权中加以规定。",宅基地所有权;宅基地农户资格权;宅基地使用权;宅基地空间经营权;宅基地法定租赁权,D92,0,,法学三大刊论文/法学研究/宅基地立法政策与宅基地使用权制度改革.pdf
1423,安全保障义务人侵权补充责任的理论反思,吴越[1],上海交通大学凯原法学院,2024,4,133,151,"安全保障义务人的侵权补充责任在实践中出现了诸多程序和实体问题, 难以真正落地。问题的根源在于, 补充责任是带有补偿义务元素的侵权责任, 而侵权责任和补偿义务难以融合。补充责任的责任承担顺位性、责任范围补充性和追偿权均体现补偿义务元素, 正是补偿义务元素使补充责任在实践中出现了诉讼形态选择僵局、同案不同判、判决内容不确定、难以执行等问题。第三人介入型安保义务人侵权属于无意思联络的数人侵权, 应适用民法典第1172条的按份责任,“第三人故意+安保义务人过失”侵权也不例外, 因为按份责任的份额系综合考量过错和原因力而定, 在此过程中侵权人的过错已被评价。",安全保障义务;补充责任;补偿义务;按份责任,D,,,法学三大刊论文/法学研究/安全保障义务人侵权补充责任的理论反思.pdf
1424,安全竞争格局下的基层执法及其生态优化,邓豪[1],,2024,2,55,72,在中央高度强调统筹发展和安全的政策导向下，地方政府对安全议题的重视程度不断提高。在避责和竞优的双重逻辑支配下，地方政府围绕保障安全这一治理目标展开竞争的趋势日益显著。安全竞争改变了基层执法所处的科层生态，从执法资源、执法组织、执法技术、执法目标四个维度形塑着基层执法。这种形塑效应覆盖了执法活动从决策形成到正式开展的各个阶段。安全竞争格局下，科层执行效能衰减导致的执法不严问题被抑制，但在高强度竞争的阶段或领域，可能出现执法资源分配效率降低、执法组织协作机制失灵、执法技术难以发挥作用、执法目标偏离预设标准等执法偏差问题。安全竞争格局下的执法偏差，根本上是由竞争环境的生态失衡导致的，要避免或矫正执法偏差，需从健全安全风险全过程治理机制、调适惩罚和激励机制的强度、优化执法资源的配置结构等方面入手，对执法生态进行改良和优化。,基层执法;执法偏差;安全竞争;高质量发展;总体国家安全观,D,,,法学三大刊论文/法学研究/安全竞争格局下的基层执法及其生态优化.pdf
1425,宋代故事:一种遵循先例制度的考察,张德美[1],中国政法大学法学院,2021,4,190,208,"在宋代,故事被称为""例""或""常例"",是除了《宋刑统》、编敕、断例等所谓制定法之外,另一种非常重要的法律渊源.宋代故事通常由史官编撰,记录的是某些过去的事实或某些过去的制度安排,这一特点使故事不论在形式上还是在内容上,都有别于现代意义的制定法和习惯法.宋代故事依时间维度可以分为前代故事、祖宗故事和先朝故事,每遇大事检讨故事几乎成为宋代君臣的一种自觉.不循故事的情形也是有的,对故事的变更往往又会形成新的故事.宋代故事的效力来源,并不在于人们摹仿、遵行故事的实际行为,而在于人们已经把故事当作必须遵守的法制的一部分.而以故事为依归,也给宋代君王的政治统治带来了权威性、连贯性和统一性,在某种程度上克服了人亡政息的弊端,这是我们在考察宋代乃至整个中国古代政治法律制度时不可忽视的一个地方.",宋代;故事;历史记录;遵循先例,K244;D929,0,,法学三大刊论文/法学研究/宋代故事_一种遵循先例制度的考察.pdf
1426,完善认罪认罚从宽制度：中国语境下的关键词展开,魏晓娜,中国人民大学刑事法律科学研究中心副教授,2016,4,79,98,随着刑法立法观日益转向积极，刑法修正案不断增加罪名、降低入刑门槛，刑事案件数量持续增长，案多人少矛盾日益突出。速裁程序试点和认罪认罚从宽制度的完善，均以解决上述问题为出发点。从内在逻辑看，对认罪认罚的行为人从宽处理，具有客观和主观两个方面的依据。从外在价值上说，简易程序和速裁程序的适用，均需要被告人认罪认罚作为正当化机制，而被告人认罪认罚反过来需要以从宽处理作为动力机制。随着速裁程序的试点，我国刑事审判已形成“普通程序一简易程序一速裁程序”的三级“递简”格局。但这一格局存在以下问题：着眼于简化审判程序的改革无法有效控制进入审判程序的案件总量；三种程序之间的繁简分化程度不足；简易程序和速裁程序适用率偏低。完善认罪认罚从宽制度，应从以下三个方面着手：构建有效的审前分流机制，实现对审判案件总量的控制；进一步分化审判程序，引入协商程序，改进速裁程序；引入程序激励机制。,认罪认罚从宽;简易程序;速裁程序;审前分流,D925.2,66,,法学三大刊论文/法学研究/完善认罪认罚从宽制度：中国语境下的关键词展开.pdf
1427,实体导向的必要共同诉讼：模式转换与制度重塑,任重[1],清华大学法学院,2024,5,75,94,基于查明案件事实、降低诉讼成本、避免矛盾裁判等诉讼政策，我国确立了程序导向的必要共同诉讼，导致必要共同诉讼的泛用和“同案不同判”。实践中，当事人频繁以诉讼标的非同一为由提出管辖权异议，以遗漏必要共同诉讼人为由提起上诉甚至申请再审。民法典的实施未能改变程序导向模式，司法解释和典型案例的实体导向探索反而模糊了必要与普通共同诉讼的界线。在设置模式上，我国较苏联更偏向程序导向，必要共同诉讼的扩大化和恣意化是其固有弊病。实体导向模式存在以德国法为代表的复数诉讼标的形态和以瑞士法为代表的单一诉讼标的形态。单一诉讼标的形态更契合民法典视阈下必要共同诉讼的模式转换需要，即在必要共同诉讼的制度目的上强调实体决定性，在概念内涵上限定为狭义的“诉讼标的共同”，在基本类型上根据我国实体法的自身特色重塑固有/类似必要共同诉讼以及紧密/松散普通共同诉讼，在法律效果上回归民事诉讼法第135条之文义，并协同完善与之配套的程序导向普通共同诉讼制度。,必要共同诉讼;民法典;诉讼标的;职权追加;普通共同诉讼,D,,,法学三大刊论文/法学研究/实体导向的必要共同诉讼：模式转换与制度重塑.pdf
1428,实体性查封优先权的理论证成及体系展开,马强伟[1],上海财经大学法学院,2025,2,151,171,对于查封债权人优先受偿地位的性质，我国存在程序性优先与实体性优先两种观点。程序性优先权理论认为，查封效力仅为法院在参与分配和破产程序之外分配变价款的依据。其割裂了强制执行与债权清偿的联系，不符合执行优先主义及时清偿债权的立法目的。实体性优先权理论认为，查封赋予执行债权人一项独立的实体性权利，是其优先受偿的实体基础。其能为债权人及时提供司法保护，合理划定对债务人和第三人财产的干涉限度。实体性优先权的构造与担保物权具有相似性，其设立需满足担保物权设立的实体要件。同时，为避免对债务人财产归属的恣意变动，查封行为不可具有违反保护债务人规定的程序瑕疵。实体性优先权应与担保物权制度融合，两者应在标的物范围和权利顺位方面保持内在协调。实体性查封优先权的确立，还可澄清债权保全制度产生优先受偿效力的误解，基于债权保全目的的代位之诉和撤销之诉无法确立保全债权人的优先受偿地位，而是须通过债权查封并满足查封优先权之成立条件方能取得优先受偿地位。,查封效力;查封优先权;执行优先主义;扣押质权;处分原则,D922.291.92,,,法学三大刊论文/法学研究/实体性查封优先权的理论证成及体系展开.pdf
1429,实用艺术作品在著作权法上之独立性,冯晓青[1];付继存[1],中国政法大学民商经济法学院,2018,2,136,154,实用艺术作品纳入著作权法保护体系，是实现著作权法保护和鼓励创作、促进文化科学事业发展与繁荣之立法宗旨的重要方面。但是，我国著作权法对实用艺术作品的保护缺乏内在一致性。在二十余年的法律适用过程中，立法的模糊处理、理论上的争执、司法的摸索以及学理与司法实践的脱节始终纠缠在一起，影响人们的认识及司法裁判的合理统一。为了明晰保护逻辑、界定保护对象与范围、规范法律规则的适用、促进实用艺术作品相关产业的发展，应当在著作权法上明确实用艺术作品的独立地位，即将其作为著作权法中一类独立的受保护的客体，并将其界定为玩具、家具、饰品等实用功能与审美意义整体产生的空间艺术作品，以彰显其独立于美术作品的特质。在著作权法语境下，实用艺术作品的实用功能不受保护，应当纳入著作权法中的公共领域为人们自由地使用，这是法律评价的结果，并成为艺术部分获得著作权法保护的对价。,著作权法；实用艺术作品；实用性；艺术性；公共领域,D923.4,0,,法学三大刊论文/法学研究/实用艺术作品在著作权法上之独立性.pdf
1430,审判中心论的话语体系分歧及其解决,樊传明,华东师范大学法学院,2017,5,192,208,“审判中心主义”是中国学者在进行刑事诉讼制度的比较研究时，提炼出的理论术语；然后以此为参照，对中国的刑事诉讼制度进行类型化描述，开展相应的对策研究。“以审判为中心”则是在当代中国刑事司法改革实践的语境中，由改革决策层、执行部门提出的统括性术语；它旨在解决刑事错案频发、司法公信力不足等现实问题，是推进严格司法的工具性举措之一。这两种话语体系都指向中国的刑事诉讼制度改革，但它们在制度愿景、改革内容、价值定位、推进路径等方面存在诸多分歧。这些分歧导致理论研究和改革实践之间发生错位，使法学理论与法律实务无法就相应改革议题形成有效互动、共识与合力推进。一个或许可行的解决方案是，让二者共享建构性的刑事诉讼法教义学立场，竞争性地为刑事诉讼制度演进提供发展动力和解释框架。,审判中心主义 以审判为中心 刑事司法改革 法教义学,D925.2,0,,法学三大刊论文/法学研究/审判中心论的话语体系分歧及其解决.pdf
1431,审判委员会运行状况的实证研究,左卫民,四川大学法学院,2016,3,159,173,长期以来，基于不同的价值理念和研究方法，司法理论界与实务界围绕审判委员会制度的改革方向产生了较大分歧。由于审判委员会运作的公开性不够，既有的研究存在不少误读与偏见。实证研究发现：审判委员会委员兼具知识技术的专业性和政治上的官僚性，很难简单地对其人员构成状况予以消极评价；审判委员会只是极少数案件而非所有重大案件的最终决策者，且其功能发挥在不同级别、不同地域的法院之间存在较大差异；审判委员会的议事程序相对制度化，在讨论内容上事实问题与法律问题并重，讨论结果在整体上趋向于认同合议庭或审判法官的意见。审判委员会制度未来的改革方向是：大幅限缩审判委员会讨论常规案件的范围，审慎处理审判委员会对案件事实的讨论，分层级、分区域区别化界定审判委员会的功能，进一步构建制度化、民主化和公开化的议事讨论机制。,审判委员会;权力运作;实证研究,D926.2,30,,法学三大刊论文/法学研究/审判委员会运行状况的实证研究.pdf
1432,审判管理的运行体系和制度逻辑,樊传明[1],上海交通大学凯原法学院,2024,5,150,168,审判管理是法院内部约束、监督和调控审判权运行的各类机制的总称。在20世纪末至今的制度脉络中，审判管理呈现出应激式改革的特点，即阶段性地回应审判权下放趋势。当前的审判管理现代化改革亦处在该脉络中，即在司法责任制改革导致审判权进一步下放后，法院力图通过倡导阅核制、推行审判质量评估指标体系来约束审判活动。现行审判管理体系由三种运行机制组成：以案件审理流程为着力点的过程约束机制，以审判质效评价为着力点的事后考核机制，以审判权配置为着力点的事先审核机制。推行审判管理具有特定改革语境所赋予的正当性，但也存在背离该语境中一些既定目标的风险，包括与司法责任制的背反、对庭审实质化的架空、对正式程序规范的排斥、以政策一致性取代原则融贯性等。应基于案件分类调整审判管理的定位，弱化后果论管理逻辑，限制追求审判信息对称目标，从而推动审判管理制度逻辑的演进，塑造审慎、负责的法官角色。,审判管理;审判质量;审判权;司法责任制,D,,,法学三大刊论文/法学研究/审判管理的运行体系和制度逻辑.pdf
1433,宪法上代表理论的体系建构及逻辑展开,王旭[1],中国人民大学法学院,2024,4,21,38,"代表是宪法概念的预设逻辑前提。基于代表理论, 宪法学完成了现代国家主权论证和国家机构规范体系的建构。西方代表理论中的代表概念经历了从“作为统一人格体链条的代表”向“作为民主正当性链条的代表”的演进过程, 西方代表理论因之呈现形式代表论和实质代表论两种基本理论构造, 塑造了纯粹代表制和半代表制两种基本制度形态, 蕴含了代表制鸿沟和代表关系再生产两重基本逻辑。中国式代表制建立在马克思主义代表理论基础上, 创造性发展出以人民代表大会制度为主要载体的全过程人民民主这种新型代表理论。中国式代表制与西方代议制民主在宪法构造上存在根本差异: 后者建立在代表制鸿沟的基础上, 将民主理解为一种摆脱不了周期性集会的代表场景; 前者则发展出有机民主观, 将民主作为认识现代政治生活本质的一般框架, 为理解和发展人类代表理论提供了另一种视角。",代表制;代议制民主;人民代表大会制度;全过程人民民主,D,,,法学三大刊论文/法学研究/宪法上代表理论的体系建构及逻辑展开.pdf
1434,宪法上的尊严理论及其体系化,王旭,中国人民大学法学院,2016,1,37,55,尊严是当代世界各国宪法文本及实践中的核心概念，然而在理论体系上，它也面临实证化程度不一、概念模糊和价值冲突等挑战。完成尊严理论自身的体系化是应对这些挑战的关键。尊严来自人反思、评价进而选择自己生活的基本属性，由此可以发掘尊严概念的最基本含义。尽管由于宪法实践及其环境的差异，各国将尊严实证化的程度不同，仍然可以“宪法保护尊严的方式”为标准将之提炼为尊严理论的形式体系，并从其核心意义出发建构一个融贯的内容体系。这样一个抽象的双重体系，需要通过宪法解释实现保障范围具体化与价值判断理性化两个核心目标。中国宪法上的尊严条款，在形式上体现为“内部统摄与外部相互构成的规范地位”，规范含义上则体现为一种对君子人格的追求与国家伦理的拟人化塑造。,人的尊严;尊严形式体系;尊严内容体系;宪法尊严条款,D921,70,,法学三大刊论文/法学研究/宪法上的尊严理论及其体系化.pdf
1435,宪法中的禁止保护不足原则——兼与比例原则对比论证,陈征[1],中国政法大学法学院,2021,4,55,72,"针对基本权利国家保护义务的履行,应适用禁止保护不足原则审查立法者采取的保护方案是否达到了宪法要求.禁止保护不足原则与比例原则在结构上不具备对称性,仿照比例原则建构禁止保护不足原则并不可行.无论是否存在基本权利冲突,禁止保护不足原则均只对立法者提出最低保护要求,只要立法者的不作为对被保护人而言具有期待可能性,立法者就不违反禁止保护不足原则.判断期待可能性应综合考量多项因素,并在现代科学和技术认知的基础上,以当前社会个体的通常接受度和容忍度为标准.当涉及基本权利冲突时,在比例原则与禁止保护不足原则的双向约束下,立法者仍然享有一定的决策空间.较之比例原则,禁止保护不足原则留给立法者的决策空间通常更大.",禁止保护不足原则;比例原则;国家保护义务;期待可能性;基本权利,D911,0,,法学三大刊论文/法学研究/宪法中的禁止保护不足原则——兼与比例原则对比论证.pdf
1436,宪法功能转型的社会机理与中国模式,李忠夏[1],中国人民大学法学院,2022,2,3,18,"宪法的传统功能在于调整国家与个体两极的关系,市民社会内部的关系主要由私法处理.社会复杂性的提升导致市民社会内部出现冲突和分化,需要通过国家调控解决市民社会内部的问题,宪法的功能因之发生转型.中西宪法在现代复杂社会中面临相似的时代任务,即实现国家建构、社会秩序和个体自由的内在融合,妥善处理国家、社会、个体三者之间的立体关系.面对自由主义的社会危机和福利国家的发展瓶颈,新的国家治理模式在西方社会迟迟未能建立.中国则经历了从传统社会主义向中国特色社会主义的变迁,以社会主义、政治整合、社会本位的基本权利体系为依托,形成了独具特色的宪法秩序,不仅有效完成了国家建构、社会调控和个体保护的三重任务,也为世界宪法的发展贡献了中国方案.",宪法功能;宪法范式;宪法变迁;中国宪法道路,D,0,,法学三大刊论文/法学研究/宪法功能转型的社会机理与中国模式.pdf
1437,宪法教义学反思：一个社会系统理论的视角,李.忠夏[1],山东大学法学院,2015,6,3,22,在中国社会面，临转型的时期，宪法教义学需回答如何回应社会转型的问题，以及如何在宪法教义学的体系内进行价值判断的问题。传统法教义学的目的在于通过概念建构和逻辑方法实现法学的科学性，凯尔森将之限定在法规范的认知体系上，而将价值判断视为法政治。随着时代的变迁，法教义学出现了知识上的转向，被凯尔森视为法政治的价值判断领域扩展成为法教义学的任务之一。在社会功能分化背景下，宪法也承载了双重功能：抵御政治、经济等系统的直接侵入，将系统外的价值引入法律系统并辐射至整个法律领域。由此，宪法教义学需要实现从确定性向可能性的转变，需要整合安定性与后果考量，通过引入宪法变迁理论，建立“宪法变迁一确定规范可能性的边界一作出宪法决定”的工作流程。,法教义学;宪法教义学;社科法学;宪法学方法论,D911,125,,法学三大刊论文/法学研究/宪法教义学反思：一个社会系统理论的视角.pdf
1438,宪法相关规定直接实施工作机制的法理内涵与实践展开,莫纪宏[1],中国社会科学院法学研究所,2024,5,3,20,在坚持依宪立法的过程中，作为立法依据和合宪性审查依据的宪法，体现为宪法规定、宪法原则、宪法精神三种形式。宪法规定、宪法原则、宪法精神是宪法规范内容与形式相统一的载体。所有的宪法规范都集中体现在宪法文本所记载的各种形式的宪法规定之中。以宪法原则、宪法精神形式存在的宪法规范，需借助宪法解释的方法才能展现其规范的内涵和要求，其中，宪法原则可以从宪法文本中归纳和抽象出来，宪法精神则需要跳开宪法文本来发现其存在的价值。直接实施宪法是全面实施宪法的核心环节。宪法实施主体的合法性、宪法依据的客观性、宪法解释的必要性、宪法程序的保障性、合宪性审查的纠错性，是宪法直接实施机制中的关键制度要素，对于贯彻落实宪法规定缺一不可。基于政策层面的考虑，“宪法相关规定”特指紧急状态、特别行政区、祖国统一和国家安全这四个领域的宪法规定。只有把与宪法相关规定直接实施有关的各项工作整合在一个领导有力、指挥得当、协调一致、运行通畅的制度平台上，才能富有实效地解决相关宪法规定直接实施的各种难题。,宪法规定;宪法规范;宪法原则;宪法精神;宪法直接实施,D,,,法学三大刊论文/法学研究/宪法相关规定直接实施工作机制的法理内涵与实践展开.pdf
1439,宪法通信权双重保护论,屠振宇[1],,2024,1,55,71,现行宪法上的通信权条款呈现为一种双层构造，其设定的宪法保护并非一般法律保留和加重法律保留，而是一般宪法保护与特别宪法保护。通信自由和通信秘密在内容上相互交织、不可分割，二者作为一个整体，既是实现言论自由的重要手段，也体现了国家对于公民个人隐私权的尊重和保障。肯定性的一般宪法保护和禁止性的特别宪法保护在功能上各有侧重，为通信自由和通信秘密提供着梯度化的动态保护；禁止性的特别宪法保护，针对的是具有侵犯属性的通信权干预方式。宪法针对通信检查这种典型的干预方式设定了通信检查三要件，通信检查构成相对禁止事项。在针对其他通信权干预方式的合宪性审查中，通信检查三要件具有参考价值。对于较为严重的通信权干预方式，应设定不低于通信检查三要件之严格程度的限制条件；对于相对缓和的干预方式，则适用不低于“受法律的保护”之严格程度的较低强度宪法保护。,通信权;通信自由;通信秘密;法律保留;合宪性审查,D,,,法学三大刊论文/法学研究/宪法通信权双重保护论.pdf
1440,家事司法运作的实质主义逻辑及其应然面向,李拥军[1],吉林大学法学院,2025,3,37,53,家庭关系具有身份性、伦理性、情感性、持续性等特征，家庭关系的运作具有明显的非形式化的特点，一般的民事司法模式无法真正有效地解决家事纠纷。有效解决纠纷的目标赋予了家事司法以实质主义的属性，也使调解成为最为常规的纠纷解决方式。由家庭关系以及家事纠纷的特殊性所决定，家事司法正义往往较少地依赖形式化的要素来实现，且在表现方式上具有情境性、生活化、默会性的特征。当下中国的家事司法不适合走纯粹的形式主义法治路线，而是需要践行一条实用主义法治路线，在不突破法律基本原则和强行法的基础上，允许家事司法具备更多的灵活性和实用性。为此，有必要构建特殊程序、推进法官的素质建设、加强法官职业伦理和职业保障建设、强化社会力量的参与、培育民间规范的融入机制，在保证司法权力正当行使的基础上，满足家事司法的特殊需求。,家事司法;纠纷解决;形式法治;实用主义;司法正义,D923.9,,,法学三大刊论文/法学研究/家事司法运作的实质主义逻辑及其应然面向.pdf
1441,家庭关系民法适用和续造的顺序,刘征峰[1],,2024,1,72,91,超出家庭法的法律适用和法律续造不仅是可行的，而且是必要的。民法总则和其他分则的某些规范可直接适用于家庭关系。总则规范之形式统摄力原则上仅针对身份财产关系。对于纯粹身份关系，无需将排除总则规范适用作为确定开放漏洞的前提，但需要实质比较总则适用和家庭法内部续造的妥当性。对于身份财产关系，法官需要先就总则规范进行目的限缩论证，再考虑家庭法内部续造问题。在同时满足家庭法上规范和其他分则规范构成要件的情况下，前者通常构成特别法。基于对规范目的之特殊考量，后者亦可能构成特别法。在家庭法无特别规定时，法官同样有义务先就其他分则规范进行目的限缩论证，再考虑家庭法内部续造问题。涉及家庭关系的外部准用属于概括准用，证立负担与类推适用大体相当。家庭法内在体系的相对独立性使得家庭法内部续造原则上优先于外部准用和续造。家庭法内部法律适用、法律续造和超出家庭法的法律适用、法律续造之间顺序的判断，最终依赖于目的性考量。,家庭关系;婚姻法;继承法;民法适用;法律续造,D,,,法学三大刊论文/法学研究/家庭关系民法适用和续造的顺序.pdf
1442,家庭双轴结构中的财产分配体系,冉克平[1],武汉大学法学院,2025,1,118,136,婚姻家庭财产制度贯彻社会分配正义原则，并通过矫正正义实现财产的公平分配。西方现代化理论描绘的核心家庭模式，契合物权法与债法的价值与规则，趋向个人主义价值观和市场分配正义原则。中国现代之“家”是形分而神聚的直系家庭与直系组家庭，二者均呈现夫妻关系与代际关系双轴结构，该结构蕴含实现社会分配正义原则的重要功能。在父母子女之间的财产代际分配上，父母给付彩礼/嫁妆、为子女购房出资等，应当从财产代际流转的角度并结合赠与的报偿目的予以阐释。在夫妻之间的婚内财产分配上，夫妻共同共有制最有利于实现家庭双轴结构及社会分配正义原则之下整体家庭观的伦理期待与促进夫妻实质平等的分配功能。在离婚之际的婚姻财产分配上，离婚财产的法定分配体系与约定分配条款对债权人撤销权的参照适用，均应当以家庭双轴结构为背景进行多元利益衡量。尽管我国历经百余年的社会变革和法律继受，但是传统社会整体主义的“家”观念始终蕴藏于现代性内部。,直系家庭;直系组家庭;目的赠与;夫妻财产;夫妻债务,D,,,法学三大刊论文/法学研究/家庭双轴结构中的财产分配体系.pdf
1443,家庭法与民法知识谱系的分立,刘征峰,中南财经政法大学,2017,4,56,73,作为一种独立的范式，家庭法是被人为创造的。此范式意义上家庭法的生成与民法科学的发展如影随形。民法的科学化从一开始就具有明显的财产法指向，家庭法实际上被排除在外。虽然家庭法的权威性来源经历了从专制的自然伦理秩序到由人权和基本权利所构成的客观价值秩序的转变，但其言说方式的形而上特征依然存在，由此区别于民法科学中那种建立在体系融贯性基础之上的论证。在此过程中，以比例原则为核心的价值体系思维方法被引入家庭法。现代家庭法将其科学性诉求转向了形而下的经验主义，表现出对社会科学的高度依赖。这一伽利略传统的科学化进路与民法所秉持的希腊传统科学化进路存在明显的区分，形成了民法思辨实证主义和家庭法经验实证主义的分立。无论是在形而上还是形而下层面，家庭法都呈现出了明显的开放性特征，与外部知识体系存在高度的牵连。家庭法与民法知识谱系上的分立决定了民法典中财产法与家庭法“法律构造艺术”上的分裂。我国家庭法的知识转型已经初露端倪，但步伐明显慢于民法。,知识谱系;民法;家庭法;科学;人权;范式,D913,0,,法学三大刊论文/法学研究/家庭法与民法知识谱系的分立.pdf
1444,对中国系统论宪法学的反思,陈运生,江西财经大学法学院,2021,2,19,34,"系统论宪法学研究以社会功能分析作为逻辑起点,在研究立场上偏向于经验主义,在方法论上贯彻""从存在推导出当为""的基本论证模式.其认为社会生活的各种经验是宪法实践的规范基础,因而试图通过客观描述系统现象及系统现象得以形成的事实要素,对宪法实践作出妥适的解释与说明.然而,建立在全社会功能分化基础上的系统概念,并不能使特定的宪法实践脱离一般宪法准则.并且,由于对宪法实践的描述经常需要运用价值判断,存在与当为之间又无法进行逻辑推导,系统论宪法学的学术主张虽有一定的现实解释力,但在理论深层仍有反思空间.",系统论宪法学;社会系统理论;规范宪法学;社会宪法,D,0,,法学三大刊论文/法学研究/对中国系统论宪法学的反思.pdf
1445,对待给付风险负担的基本原则及其突破,刘洋[1],上海财经大学法学院,2018,5,95,114,"对待给付风险负担的规范体系中存在“基本原则———例外突破”的基本结构。其基本原则是,对待给付风险负担于给付义务完全履行之前均应停留于债务人方面。它立足于双务合同上给付义务之间的牵连关系,体现了交换正义的法理思想。例外突破则包括交付行为完成、债权人迟延状态出现、可归责于债权人的因素导致履行不能时,对待给付风险负担提前移转或自始由债权人负担。这三种例外规范对于双务合同上给付义务之间牵连关系的打破均有其各自的正当性。交付导致风险负担提前移转的规则亦可用于寄送买卖。债权人迟延制度风险移转功能的规范前提则包括:债务人具有履行能力与履行意愿;履行的实际提供或者例外情形的口头提供,少数特殊场合则可免于履行提供;债权人未履行配合行为。就可归责于债权人因素的判断,根本基准在于合同内容与当事人意思表示的解释;在其具体展开上,债权人违反保护义务与给付义务、不实施必要的协助配合行为、因特约或特殊交易关系承担额外获取风险时,均能将履行不能归入债权人负责的范围,令其自始承担风险。我国现行合同法在对待给付风险负担的规范设置上还存在很多缺漏,民法典合同编草案应当予以增补和完善。",风险负担;牵连关系;债务人负担主义;交付;债权人迟延,D923.6,0,,法学三大刊论文/法学研究/对待给付风险负担的基本原则及其突破.pdf
1446,导致物权变动之法院判决类型,房绍坤[1],烟台大学法学院,2015,1,87,100,法院判决可以直接导致物权变动，而无须物权变动的公示。导致物权变动的法院判决包括民事判决和刑事判决，但主要是民事判决，且限于诉讼判决中的形成判决。在形成判决中，只有具有对世效力且包含物权变动内容的形成判决才能导致物权变动，具体包括分割共有物的判决、撤销合同的判决和撤销债务人损害债权行为的判决等。,物权变动;法院判决;民事判决;形成判决,D925.1,109,,法学三大刊论文/法学研究/导致物权变动之法院判决类型.pdf
1447,将有财产担保效力的破产阻断,张静[1],中南财经政法大学法学院,2025,3,111,129,将有财产担保满足处分权之外的生效要件的，可在担保人取得担保财产时自动生效。普通债权人在与担保权人争夺担保人的责任财产时处于结构性不利地位，故破产法应在担保人破产时妥当限制担保效力。生效于破产撤销临界期内的担保应适用破产撤销规则，且偏颇清偿的认定得以无担保债权额度是否降低为标准。动产、应收账款担保的财产互换不构成偏颇清偿，为避免证明困境、满足交易需求，可在计算无担保债权额度时直接以互换结果为准。担保权人提供的新融资可直接纳入无担保债权额度的计算过程，但债务人的清偿是否构成偏颇清偿需单独认定。依个别清偿无效规则，担保不得延及担保人破产后的新财产，但已经成立的担保权不受影响，且可能因物上代位而发生转换。然而，仅此不足以平衡担保权人与普通债权人的利益，还应通过不当得利制度予以矫正。担保财产及其转换消耗破产财产而增值的，增值利益应归入破产财产。破产财产因担保财产价值贬损而增加的，担保权人有权主张不当得利。,将有财产担保;偏颇清偿;个别清偿;不当得利,D922.291.92,,,法学三大刊论文/法学研究/将有财产担保效力的破产阻断.pdf
1448,履行行政职责的作为可能性,林鸿潮[1],,2022,6,39,55,有关行政机关履职评价的既有理论和制度，聚焦于对作为义务和结果回避可能性的考察，而未真正涉及对行政机关作为可能性的讨论。相关理论假定，立法已经解决了行政职责和行政能力的匹配问题，或相关权责安排已通过民主立法程序得到正当化。但是，我国立法机关对行政资源的配置并不享有实质上的决定权，目标与能力不匹配的行政任务在我国法律中大量存在。要准确评价行政机关的履职状况，在考察作为义务、结果回避可能性之外，还需将分散在机构编制管理、预算、规划等体系中的行政资源配置情况进行“拼组”，综合考虑行政资源的可及性、充足性及其与行政任务的匹配度，确定对行政机关作为可能性的合理预期。在不（完全）具备作为可能性的情况下，应结合行政机关是否采取了替代性履职方案、是否积极调剂其他行政资源、是否合理调节了公众预期等因素，最终评价其履职情况并确定其责任。,行政职责;可问责性;行政不作为;作为可能性,D,,,法学三大刊论文/法学研究/履行行政职责的作为可能性.pdf
1449,工伤认定一般条款的建构路径,郑晓珊[1],暨南大学法学院,2019,4,119,135,"在工伤认定的范围与标准上,《工伤保险条例》第14条先以伤害与工作之紧密关联为指引,形成类型化列举,后辅以“法律、行政法规规定应当认定为工伤的其他情形”作为兜底,形成“列举+兜底”的典型结构。但该兜底条款因缺少能够援引的对象而无法适用。最终使该条变为严格列举,时常因遗留漏洞而陷入过宽或过狭之困,亟需借一般条款之开放性、包容性来加以弥补、矫正。此一般条款,仍需以工作关联性为核心,既可采高度抽象的“大一般条款”模式,以“其他与工作密切相关的事故伤害或疾病”来替代现有兜底条款,同时解决拾遗补缺与整合资源两大难题;也可暂借《工伤保险条例》第 14条第 1项之动态化解释,形成要素确定型“小一般条款”。后者在基础性评价的清晰度以及要素涵盖的全面性、抽象性上略有不足,可做短期过渡使用。前述两种一般条款在具体适用时,均需对所有工作关联要素为整体考量,以其互动及总量平衡为基础做出判断。",工伤认定;一般条款;工作关联;48小时条款,D922.55,0,,法学三大刊论文/法学研究/工伤认定一般条款的建构路径.pdf
1450,已公开个人信息的刑法保护,王华伟[1],北京大学法学院,2022,2,191,208,"合理划定处理已公开个人信息行为的刑事责任边界,意义重大.二次授权分析方案没有准确理解司法解释的规定,导致处罚范围过宽,且难以说明为何区别对待初次获取行为和再次提供行为.合目的性考察路径虽然逻辑更加周延,但是个人信息公开的合目的性在实践中很难把握和判断;而且,在信息已经客观公开的场合,仍然对信息处理者科以合目的性要求和义务,可能会压缩信息自由的空间.一般可访问性标准在个人信息保护和信息自由保障之间取得了平衡,是相对客观明确且易于认定的标准.在个人信息权的法益论立场下,应在对已公开个人信息进行类型化分析的基础上,以信息的客观开放程度为标准,统一认定信息处理行为的刑事责任.在对处理已公开个人信息行为的合法性审查中,不应仅关注下游信息处理行为,更应反思上游信息公开标准的合理性.",已公开个人信息;二次授权;合目的性;一般可访问;客观开放程度,D,0,,法学三大刊论文/法学研究/已公开个人信息的刑法保护.pdf
1451,市场主体平等保护对我国经济宪法的塑造,任喜荣[1],吉林大学法学院,2025,2,3,21,在社会主义市场经济条件下，国家是否以及如何承担对市场主体的平等保护义务，是重要的经济宪法问题。我国的市场经济法律体系对市场主体平等表现出了明显的强国家保护倾向。这种强国家保护倾向是与西方传统平等保护理论中的弱国家保护倾向相比较而言的，是我国由计划经济向市场经济转型过程中长时段制度累积的结果，塑造了我国经济宪法的规范结构和制度倾向。在强平等保护义务的影响下，我国经济宪法的实施应该形成以平等的制度供给与差别对待的合宪性审查齐头并进的局面，具体指向市场主体规则平等、优化公平竞争审查、禁止歧视性分类、确立统一尺度的严格合宪性审查基准等方面，从而保证各种所有制经济依法平等使用生产要素、公平参与市场竞争、同等受到法律保护。,市场经济;市场主体;平等保护;经济宪法;合宪性;审查基准,D921,,,法学三大刊论文/法学研究/市场主体平等保护对我国经济宪法的塑造.pdf
1452,平台形态演变视域下垄断行为的异化与因应,侯利阳[1],,2024,1,184,204,将平台视为固定形态导致我国的学术研究难以形成合力，即将开启的平台监管也举步维艰。平台已经从Web 1.0形态中的信息存储中介进化为Web 2.0形态中的信息交互中介、互联网生态圈形态中的业务聚合中介。平台形态的演变不但改变着平台的定义，也引发了平台垄断行为的扩张与异化，分别是Web 2.0形态与互联网生态圈形态对于相关市场界定的扩张，以及生态圈形态中平台与非竞争平台、商家关系的异化。虽然传统反垄断机制在引入平台形态演变的发展观后可以有效处理平台间的垄断行为，但无法应对平台与商家关系的异化，即平台利用市场组织职能强化市场盈利职能的相关行为。为弥补反垄断机制之不足，应当在区分平台类型的基础上设置分类监管，引导和监督大型平台内部规则的制定，禁止超级平台实施自我优待，并在扼杀性并购中采取举证责任倒置。,互联网生态圈;数字平台;双边市场;反垄断;监管,D,,,法学三大刊论文/法学研究/平台形态演变视域下垄断行为的异化与因应.pdf
1453,平台扼杀式并购的反垄断悖论,李希梁[1],,2024,1,205,224,因应平台经济领域初创企业并购的浪潮，强化反垄断并购审查正逐渐成为中国乃至全球的监管共识。以消除潜在竞争或创新为目标的扼杀式并购以及由此产生抑制投融资的创新杀戮地带的理论基础存在应用局限。作为平台市场中创新研发和商业化过程的有效机制，并购能够实现规模效益、激励风险投资并且产生创新乘数效应。目前中国和域外司法辖区针对初创企业并购制定的包括修正申报标准、创设无门槛申报义务、强化事后调查和倒置举证责任等变革措施，将抑制风险资本市场的并购货币化、增加并购审查的非必要成本以及削弱商业确定性。初创企业并购审查政策的革新应当保持一定的限度，摒弃专门申报标准，澄清创新竞争损害，以及维持举证责任分配。同时，应当结合平台并购特性对既有监管框架作出必要调适，强化排他行为的审查，建立双阶段竞争审查，细化行为性救济措施，以及明确事后调查规则。,平台经济;初创企业;扼杀式并购;反垄断;并购审查,D,,,法学三大刊论文/法学研究/平台扼杀式并购的反垄断悖论.pdf
1454,平台监管的新公用事业理论,高薇,北京大学法学院,2021,3,84,100,"政府对经济进行管制一直是与反垄断法并行的反垄断方式.数字经济时代的反垄断不应局限于适用反垄断法,作为一种反垄断方法和理念上的转变,还可以同时将大型数字企业作为一种新的公用事业进行管制.公用事业管制与反垄断法相结合,将加强反垄断执法.由于公用事业管制能够实现除促进市场竞争目标之外的其他社会管理目标,结合管制和反垄断法的数字平台监管政策,就从单纯的经济反垄断转向了更大范围的社会性规制,将更好地回应当前的社会需求.管制平台的新公用事业框架中应包含""自由竞争原则""""非歧视原则""""消费者保护原则"",同时需建立独立专业的监管机构,明确管制中的私人企业定位,并处理好管制与反垄断法之间的结合与协调.",平台反垄断;公用事业管制;平台中立性,D,0,,法学三大刊论文/法学研究/平台监管的新公用事业理论.pdf
1455,平台经济从业者社会保险法律制度的构建,娄宇[1],中国政法大学民商经济法学院,2020,2,190,208,"为平台经济从业者构建社会保险制度,可以为其提供合理的基本生存保障,促进平台经济和谐健康发展。引入“类雇员”概念可以为网约工提供类似于劳动者的保障,但是需要结合我国的立法和司法实践,通过分项处理劳动福利制度克服劳动关系认定规则较低的可预见性。网约工对平台企业的经济从属性以及基本权利的辐射效力,可以作为这个群体强制参保社会保险以及“拆包”参保各险种的理论依据。工作时长取自我国现行立法,体现了经济从属性的程度,可以作为网约工强制参保职工社会保险的标准。社会保险各险种对应的基本权利类型有别。基本医疗保险保障了作为核心权利的生命权和健康权,网约工应当强制参保职工基本医疗保险,通过该制度的无过错支付设计和商业意外事故险部分地补偿工作伤害导致的损失。基本养老保险和失业保险不应当作为强制网约工参保的险种,但是应当通过重复保险的基本原理解决网约工以不同身份参保基本养老保险和基本医疗保险之后的待遇给付问题。",平台经济从业者;劳动关系;就业关系;社会保险;重复保险,D92,0,,法学三大刊论文/法学研究/平台经济从业者社会保险法律制度的构建.pdf
1456,广播组织权的客体——兼析“以信号为基础的方法”,王迁,华东政法大学,2017,1,100,122,在世界知识产权组织主持起草《保护广播组织条约》的过程中，各国都同意对广播组织权的保护应当采用“以信号为基础的方法”。但各国立法并没有真正体现这一方法，其中一些国家采取的“节目保护模式”将“广播”规定为一类作品，保护的实际上是节目，这将导致严重的正当性问题。另一些国家采取的“伪信号保护模式”名义上只保护载有节目的信号，但由于为广播组织规定了针对节目录制品的专有权利且规定了至少20年的保护期，其真正保护的仍然是节目。创设广播组织权的理由，在于防止分流广播的听众或观众，从而损害作为节目传播者而非节目创作者或制作者的广播组织的利益。只有将载有节目的信号设定为保护客体，才能既保护广播组织的利益，又不至于造成法律逻辑的混乱、权利归属与授权机制的错位和对公有领域的侵蚀。基于信号的流动性：防止“信号盗窃”的途径是为广播组织规定“转播权”，而非规定以信号中的节目为保护客体的复制权、发行权和信息网络传播权等专有权利。由于“转播权”控制的是同步传播信号的行为，对保护期的规定并无意义。,广播组织权;信号盗窃;以信号为基础的方法,D923.43,0,,法学三大刊论文/法学研究/广播组织权的客体——兼析“以信号为基础的方法”.pdf
1457,庭审实质化的路径和方法,龙宗智[1],四川大学法学院,2015,5,139,156,在我国，推动庭审实质化是刑事审判方式的重大变革，与刑事司法的体制、机制、制度、理念的变革紧密相关。实现庭审实质化，需适度阻断侦审联结，直接、有效地审查证据，包括完善证人出庭作证制度和非法证据排除程序；需充实庭审调查，改善举证、质证与认证；需完善庭审调查规则，调整审判节奏，加强释明权的运用，改革裁判方式；需充实二审庭审，明确检察官在二审法庭的职能定位，发挥其诉讼功能，合议庭则应当运用职权推动二审审理的精细化和庭审实质化。为适应庭审实质化要求，应改善庭审准备、加强辩护权保障、推动案件繁简分流以及建立、完善司法责任制。,以审判为中心;庭审实质化;司法改革;司法权,D925.1,27,,法学三大刊论文/法学研究/庭审实质化的路径和方法.pdf
1458,建设用地国有制的逻辑、挑战及变革,徐键,上海财经大学法学院,2017,5,93,112,在计划经济和人民公社体制下，全民所有制和集体所有制承载了城乡土地资源的权力性支配职能，以此形成了城乡二元的建设用地使用和管理制度。人民公社体制消解及计划经济体制转型后，集体所有制的权力性支配取向与国家意志产生了偏离，农村地区乱占滥用耕地的现象愈渐严重。在规约土地利用和土地资源市场化配置的社会性管制制度无法快速形成的情况下，权力性支配框架得以延续并得到改造，原本由全民所有制和集体所有制分别承载的权力性支配职能被集中于全民所有制，由此确立了建设用地国有制。建设用地国有制的实现依赖于征收，但计划经济体制下基于“国家需要”的征收正当化论述，无法容纳市场经济体制下的“市场需要”和“个人需要”，产生了征地正当性的疑问。权力性支配的逻辑也与市场逻辑相背离。在土地使用制度改革中，应当剥离所有制的权力性支配职能；土地公有的公共职能则应聚焦于居住权的保障和土地收益的分配。,土地公有制 建设用地 权力性支配 集体所有土地,D920.0,0,,法学三大刊论文/法学研究/建设用地国有制的逻辑、挑战及变革.pdf
1459,归责视野下共同犯罪的区分制与单一制,何庆仁,中国青年政治学院法学院,2016,3,140,158,我国刑法总则“共同犯罪”一节采取的是区分制还是单一制，近年来学界的争论颇多。但是，这些争论大多围绕条文规定本身展开，而未深入到对共同犯罪归责基础的分析。实际上，在区分制与单一制日渐趋同的今天，仅从是否区分了正犯与共犯，或者是否区分了定罪与量刑等方面，已经很难准确界定区分制与单一制。只有引入归责的视角，才能看到单一制的单独归责模式给不法概念的内涵带来的深层次问题。我国刑法规定主犯与从犯的立法采纳的是共同归责模式，并且区分了共同归责的核心人物与边缘人物。就此而言，我国刑法总则“共同犯罪”一节采取的是归责意义上的区分制。,共同犯罪;区分制;单一制;共同归责;单独归责,D913,61,,法学三大刊论文/法学研究/归责视野下共同犯罪的区分制与单一制.pdf
1460,当代中国司法生态及其改善,顾培东,四川大学法学院,2016,2,23,41,司法生态是指司法生存与运作所处的外部环境、条件及氛围，主要由政治生态、社会生态、法律职业生态三个要素构成。基于多种原因，我国司法生态在这三个方面都存在着不同程度的缺失，由此造成了现实中司法的诸多困窘。司法生态的改善必须着重解决三个基础性问题：主导政治力量如何切实保证司法权依法独立行使；社会应当如何正确认知和对待司法；司法自身如何恰当地体认和履践自己的政治和社会角色。改善司法生态的最根本路径在于建立以司法权威为核心的社会权威体系。在全面推进依法治国和深化司法改革的背景下，不仅需要提出和探索中国需要、应当有什么样的司法，同时全社会也需要真切地关注和思考中国司法需要、应当有怎样的外部生态。,司法生态;司法权威;司法改革,D922.296,108,,法学三大刊论文/法学研究/当代中国司法生态及其改善.pdf
1461,当代中国政法体制的形成及意义,侯猛,北京大学法学院副教授,2016,6,3,16,政法体制是党领导依法治国的制度和工作机制的重要组成部分，也是建设中国特色社会主义法治国家，实现国家治理体系和治理能力现代化的重要基石。当代中国的政法体制是在历史的演进中逐渐形成的，它主要包括两个方面：在条块关系中，以块块管理为主的同级党委领导体制；在央地关系中，党内分级归口管理和中央集中统一领导体制。研究中国的政法体制，仅用具有普适意义的现代西方概念来理解还不够，还需要运用本土概念深描中国的法律经验事实。这样才有可能反思和建构“关于中国”的社会主义法治理论。,政法体制;社会主义法治;条块关系;央地关系;民主集中制,D262.11,0,,法学三大刊论文/法学研究/当代中国政法体制的形成及意义.pdf
1462,当代中国法治共识的形成及法治再启蒙,顾培东,四川大学法学院,2017,1,3,23,社会成员法治共识的缺乏，是当代中国法治进程中最值得关注的问题之一。社会成员在法治问题上的分歧，集中体现于理想主义法治观与实用主义法治观的差异。理想主义法治观可分为朴素的理想主义、偏执的理想主义和理性的理想主义三种类型；实用主义法治观可分为朴素的实用主义、放纵的实用主义和理性的实用主义三种类型。理想主义法治观与实用主义法治观的形成及分歧，与法治知识传播和交流中的智识屏障直接相关，这些智识屏障造成了社会不同层面对法治本相了解的失真，进而在一定程度上造就了法治观念的差异。为此，应通过法治的再启蒙，强化全社会对于法治基本知识或法治本相的了解与认同，并以此为基础，推动全社会法治共识的形成。,法治观念;法治共识;法治启蒙,D621,0,,法学三大刊论文/法学研究/当代中国法治共识的形成及法治再启蒙.pdf
1463,当代国际私法上的一般性例外条款,陈卫佐,清华大学法学院,2015,5,194,207,最密切联系原则在当代国际私法上得到广泛运用，而传统的萨维尼式冲突规则又存在不足的背景下，以最密切联系原则为基础的例外条款在国际私法立法上有其必要性。由于作为总则性的一般条款的最密切联系原则、作为补充性原则的最密切联系原则和只存在于特定领域的特别例外条款均有其不足，例外条款在国际条约、欧盟统一国际私法和一国国际私法立法中的引入，呈现出了从特别例外条款到一般性例外条款的发展态势。一般性例外条款被赋予具有一般意义的矫正功能，同时须满足一定的适用条件。一般性例外条款一方面维持了一国正常的冲突规则在通常情况下的适用，另一方面又准许该国法院在正常的冲突规则所指定的法律体系与案件并无密切联系时，例外地适用与案件有最密切联系的另一法律体系，从而在保持法律适用的可预见性和安定性的同时，避免或克服了传统冲突规则的固定性、僵化性、机械性和盲目性。将一般性例外条款纳入一国的国际私法法典或主要的国际私法制定法已成为当代国际私法立法的一大趋势。,一般性例外条款;最密切联系原则;国际私法立法;矫正功能,D997,47,,法学三大刊论文/法学研究/当代国际私法上的一般性例外条款.pdf
1464,惩罚性赔偿的行政法反思,赵鹏[1],中国政法大学法治政府研究院,2019,1,41,55,"惩罚性赔偿在我国的引入和发展是对行政规制失灵的回应。该制度在激励私人参与公共规制的同时,也带来了过度的、缺乏效率的诉讼,导致法律规范当中不合理、不一致和表意模糊的内容被高度滥用。为此,司法系统需要发展和提高调控私人行动的技术与能力。我国过去偏于倚重行政规制,在此背景下引入惩罚性赔偿,需要在制度设计层面作大量精细化处理,确保惩罚性赔偿与既有行政规制体系的功能相协调,并在制度演进过程中兼顾彼此。",行政规制;惩罚性赔偿;职业索赔;请求行政机关履职之诉,D923.8,0,,法学三大刊论文/法学研究/惩罚性赔偿的行政法反思.pdf
1465,成文法背景下的判例实践——近代中国最高审判机构判例汇编与实效,刘昕杰[1],四川大学法学院,2021,5,193,208,"与大理院时期不同,国民政府最高法院时期的判例汇编是在成文法典陆续颁行的背景下进行的.在造法功能向释法功能转变的背景下,判例仍是最高司法机关行使法律解释权的重要方式.由于官方判例汇编不及时,国民政府时期出现了大量的民间判例汇编,因对判例的界定不清,不同的判例汇编也呈现出内容的差异.为了法官适用便捷,判例汇编大多将判例的裁判要旨摘录、拆分、重组,并以现行法律条文为体例,将最高法院判例的裁判要旨法条化、体系化,形成了事实上的法律补充规则体系.这种汇编方式强化了判例的适用便利,但遮蔽了判例的司法特征,判例之于成文法的实践优势并未得到彰显.在司法实践中,最高法院判例对下级法院审理同类案件仍具拘束力,但其实效已远不如大理院时期.随着成文法典的日益完善,判例在近代中国影响力的日益衰减也就势在必然了.",近代中国;最高法院;判例;判例汇编,D929,0,,法学三大刊论文/法学研究/成文法背景下的判例实践——近代中国最高审判机构判例汇编与实效.pdf
1466,成片开发与土地征收,黄忠[1],西南政法大学,2020,5,72,89,"新修订的土地管理法未采狭义公共利益的观点,仍将成片开发纳入了征收范围。将成片开发纳入征收有助于公共产品供应与规划落实,化解土地利用的负外部性,也有利于地利共享目标的实现,是我国工业化、城市化的必要基础。基于公共利益本身的发展性,将成片开发纳入征收亦不必然违背公共利益的内涵,反而符合发展中国家的现实国情。但相较土地管理法第45条第1款前四项,成片开发中的公共利益强度较弱,且有被滥用之风险。预防成片开发下的征收风险,既需规划和审批的事前内部控制,又应强化民主参与和司法审查等外部监督,更要围绕公共产品、地利共享的目标制定实体规范,即要求政府在成片开发中提供优质公共产品,为人的市民化提供物质基础,并设置议价购买的前置程序,引入留地安置的补偿方式,改革出让金的收支制度,以为城乡融合、地利共享提供制度保障。",成片开发;公共利益;征收;公共产品;地利共享,D92,0,,法学三大刊论文/法学研究/成片开发与土地征收.pdf
1467,我国侦查权的程序性控制,詹建红[1];张威[1],中南财经政法大学法学院,2015,3,139,157,"我国现有的侦查权程序性控制表现为以内部自律的科层制控制为主、外部他律的分权式控制为辅的基本制度格局。从制度构造的表象看,传统的线性分工模式、功利导向的控制方式和不彻底的程序性救济,暴露了侦查权程序性控制体系的残缺和现有制度的赢弱。在社会文化和制度环境的作用下,长期的科层制控制和检察监督所形成的固化观念,使我国侦查权的程序性控制陷入了理念上的＂内卷化＂,并逐步消解着以现有制度为对象而进行的种种机制性改良尝试。立足于未来发展,我国侦查权程序性控制的制度远景应该是建立合乎我国国情的司法审查模式,使侦查权的控制走向彻底的法治化和专业化。在既有的法律框架下,侦查权程序性控制的制度近景则是以非法证据排除规则为后盾,通过与检察监督的衔接,建立审前程序中以检察机关为中心、审判程序中以法院为中心的二阶层控制模式;并通过与案例指导、国家赔偿、司法建议等制度的配套运行,形成制度合力,倒逼侦查方式和技术的改善,进而促进制度远景目标的实现。",侦查权;程序性控制;司法审查;检警关系;二阶层控制模式,D925.2,36,,法学三大刊论文/法学研究/我国侦查权的程序性控制.pdf
1468,我国刑事上诉制度多元化的建构路径——以认罪认罚案件为切入点,牟绿叶[1],浙江大学光华法学院,2020,2,108,127,"世界主要国家和国际公约为保障被告人的上诉权,确立了权利型上诉和裁量型上诉两种上诉制度。上诉权的本质是要求国家保障被告人获得上一级法院审查的机会,两种上诉制度都体现了保障审查机会的核心要求。上诉理由审核制是裁量型上诉的重要特征,它体现了被告人申请权和法院决定权的分离,既能确保被告人有机会获得上诉救济,也有助于防止滥行上诉、控制案件数量并维护第一审程序的中心地位。目前,在我国部分认罪认罚案件中,确立裁量型上诉和上诉理由审核制具有正当性和必要性。未来,我国应综合考虑案件类型、刑罚轻重、认罪与否、一审程序等因素以及二审程序的价值取向和功能预期,探索构建二元或多元上诉结构,在上诉阶段进一步推进案件繁简分流和司法资源优化配置。",上诉权;上诉理由审核制;认罪认罚;审级制度,D92,0,,法学三大刊论文/法学研究/我国刑事上诉制度多元化的建构路径——以认罪认罚案件为切入点.pdf
1469,我国刑事诉讼中的检察院证明责任减轻制度,艾明[1],西南政法大学刑事检察研究中心,2025,2,190,207,随着多种减轻检察院证明责任的具体方法的创设，在我国刑事诉讼领域，检察院证明责任减轻制度已然成形。检察院证明责任减轻制度，是我国司法机关为克服证明困难，积极探索而取得的制度成果，具有鲜明的中国特色。目前，减轻检察院证明责任的具体方法主要包括推定、抽样取证、证明妨碍制度、犯罪数额综合认定，这四种方法运用不同机理，减轻了检察院的主观证明责任。未来我国应当通过强化制度正当性，提升具体规则的科学化和精细化水平，限制某些方法的扩张适用，建立必要的司法审查机制等举措，进一步完善检察院证明责任减轻制度。,刑事诉讼;检察院;证明责任;证明困难;证明责任减轻,D925.2,,,法学三大刊论文/法学研究/我国刑事诉讼中的检察院证明责任减轻制度.pdf
1470,我国协调国际平行诉讼的立场与方法——民事诉讼法第281条之体系解读,黄志慧[1],中南财经政法大学法学院,2024,4,205,224,"先受理法院规则作为协调国际平行诉讼的方法, 在两大法系国家的适用模式不同。我国民事诉讼法第281条针对国际平行诉讼确立的先受理法院规则之中国模式, 虽展现了我国在民事管辖权跨国分配中适度礼让外国法院的合作立场, 但由于忽视其适用场域的转换, 导致先受理法院规则理论上蕴含的协调国际平行诉讼之优势难以发挥。为克服法律僵化而对先受理法院规则设置的逃避条款, 既忽视了我国涉外民事诉讼规范体系自身蕴含的矫正作用, 也模糊了先受理法院规则与不方便法院原则的关系。鉴于国际民事诉讼中“先受案法院”与“适当法院”的关联性, 不方便法院原则可以替代先受理法院规则协调国际平行诉讼的功能。国际平行诉讼的规制存在国内法与多边机制之方法差异。多边机制规定的先受理法院规则, 可为我国协调国际平行诉讼提供跨国司法合作路径。对于多边机制规制外的国际平行诉讼, 我国更宜依据国内法规定的不方便法院原则予以规制。国际平行诉讼的有效规制, 最终取决于各国间司法互信的累积和提升。参与相关条约的磋商及善意履行条约义务, 并积极适用国内法规定的不方便法院原则确定管辖案件之“适当法院”, 应是我国协调国际平行诉讼的基本立场与方法。",先受理法院规则;不方便法院原则;国际平行诉讼;适当法院;管辖权项目,D,,,法学三大刊论文/法学研究/我国协调国际平行诉讼的立场与方法——民事诉讼法第281条之体系解读.pdf
1471,我国司法判决中的宪法援引及其功能——基于已公开判决文书的实证研究,冯健鹏,华南理工大学法学院,2017,3,44,59,我国司法实践中存在着援引宪法规范作为判决依据的现象。从裁判文书网收录的判决文书来看，援引宪法规范的判决涵盖了民事、行政和刑事等类型，但以前两种为多，它们在时间、法院层级和区域上也不平衡。在功能上，有个别判决体现出合宪性解释的意味；部分判决展现出多样化的基本权利第三人效力样态，但在应用上存在盲目性；大多数判决中，和宪法同时作为判决依据的法律规范与相关宪法条文内容基本一致，这种情况下对宪法规范的援引意义很有限，不过少数判决仍能体现出法院对于宪法相关内容的理解。整体而言，我国司法判决中的宪法援引存在关注内容而不关注效力的特点，而这是法院避开各种可能的制度争议的结果。,宪法实施;宪法援引;合宪性解释;基本权利第三人效力,D915.13,0,,法学三大刊论文/法学研究/我国司法判决中的宪法援引及其功能——基于已公开判决文书的实证研究.pdf
1472,我国批准《选择法院协议公约》的问题与对策,刘仁山[1],中南财经政法大学,2018,4,188,208,"《选择法院协议公约》是不同法系主要国家在协议管辖及与之相关的判决承认与执行问题上妥协的结果,是当今国际民商事规则的重要组成部分和国际民商事秩序的重要内容。我国立法及司法实践与《公约》核心条款尚有差距,虽不构成批准《公约》的根本障碍,但我国批准《公约》所面临的整体性问题、声明问题及具体修法问题,均须妥善解决。虽然批准《公约》有助于促进我国民商事判决的域外承认与执行,并推动我国涉外民事诉讼法制度与体系的完善,但是对于我国批准《公约》的时机,尚需慎重考虑。在我国参与包括《公约》在内的全球国际私法造法活动及国际民商事新秩序的构建过程中,应正确看待国家主权与当事人私人利益之间的关系。",《选择法院协议公约》;判决承认与执行;国际民商事秩序,D925.1,0,,法学三大刊论文/法学研究/我国批准《选择法院协议公约》的问题与对策.pdf
1473,我国民事执行回转理论基础与制度构造的革新,陈刚[1],广州大学法学院,2022,1,86,103,"我国民事执行回转制度一方面因在实践运行中背离民事诉讼法的立法趣旨,出现了""审执合一""的程序构造和可能被执行回转之诉替代之问题;另一方面因生成于传统职权主义诉讼体制,又面临着理论基础和制度构造都需要彻底改造的问题.相较于其他被执行财产事后救济制度,民事执行回转制度对于实现诉讼经济和诉讼迅速的理念,促成纠纷一次性或最大化解决,有着十分明显的制度优势.因此,将民事执行回转制度由职权进行主义运行模式改造成贯彻处分权主义的运行模式,使之在保留原有制度功能及优势的同时,又符合新时代民事诉讼的发展需要,是当下民事强制执行法立法过程中应予充分考虑和努力解决的重大课题.具体制度构建上,应将不当得利之债规定为民事执行回转制度的实体法基础,并将其定性为实质诉讼规范;坚持审执分立的程序构造和排除另诉的处理方案;将回转制度规定在民事诉讼法""审判程序""编中,并设立裁判解释程序.",执行回转;最终调整说;审执分立;不当得利,D,0,,法学三大刊论文/法学研究/我国民事执行回转理论基础与制度构造的革新.pdf
1474,我国民事自认的非约束性及其修正,段文波[1],西南政法大学,2020,1,100,116,"我国于2001年设立了以英美法为样板的自认制度,但其并非诉讼体制转向当事人主义的一环,而是法院提高诉讼效率、简化审理的手段之一。从立法规定和司法运作来看,我国法上的自认具有非约束性特征,具体表现为适用对象泛化、成立场域扩大化与拘束效力单向化。这不仅导致当事人在庭审中倾向于一概否认对方陈述,抑制了辩论的活性,自认的争点压缩机能也随之丧失殆尽。从法律移植的便宜性、亲缘性而言,完善自认制度应当借鉴大陆法系的相关经验,并以辩论主义为理论基础。在以争点为中心的新型两阶段审理模式中,自认应限于争点整理程序期日,并以主要事实和重要的间接事实为对象,同时注重当事人排除争点的意思要素,以保障当事人自由主张和辩论。",辩论主义;争点;自认;审判排除效,D92,0,,法学三大刊论文/法学研究/我国民事自认的非约束性及其修正.pdf
1475,我国民法典法人基本类型模式选择,罗昆,武汉大学法学院副教授,2016,4,119,136,法人基本类型模式迄今仍属于制定民法典的重大争议问题之一。欲解决此等争议，须先就民法典法人类型化的方法及其意义、法人基本类型模式选择的标准等基础性理论形成清晰认识。为了充分实现民法典法人制度的价值承载和制度表达功能，民法典法人制度应采“解析性类型化”方法而非“叙述性类型化”方法，并以逻辑周延性、确定性和实质性区别作为民法典法人基本类型模式选择的三项标准。营利法人与非营利法人基本类型模式因无法满足任何一项标准、企业法人与非企业法人基本类型模式因无法满足确定性和实质性区别标准，均不足采用。经由重新认识的社团法人与财团法人基本类型模式可以满足全部三项类型选择标准，但此种类型模式还需以公法人制度、开放性的财团法人制度为支撑方得合理可行。我国民法典法人基本类型模式选择应舍弃“捐助法人”概念，采用社团法人与财团法人基本类型模式。,法人;营利法人;企业法人;社团法人;财团法人,D923,91,,法学三大刊论文/法学研究/我国民法典法人基本类型模式选择.pdf
1476,我国法治政府建设地区差异的定量分析,王敬波,中国政法大学法治政府研究院,2017,5,35,52,地方法治政府的建设水平是全国法治政府建设的微观镜像。通过对地方政府法治水平的全面评估，验证了区域法治发展不平衡的客观现实。这种不平衡既表现为东、中、西部之间的法治水平存在差异，也表现为不同区域城市间均衡度不同。通过相关性分析发现，城市的法治政府状况与GDP、人均收入等经济指标之间存在正相关，这种相关性在东部和西部表现的更加明显。中部部分省市的政治推动也起到了重要作用，在一定程度上稀释了经济的基础作用。区域所具有的相同或者相似的文化因素缩小了城市间的差异，提高了区域政府法治状况的趋同度。区域法治水平差距的加大存在影响国家法治平衡和统一的可能性，也会加剧经济和社会发展的不平衡。不同地区应根据本地区特点探索加快法治进步的着力点。政务公开对于法治相对落后地区可以起到“牵一发动全身”的倒逼作用。地方政府应当加大公众参与力度，提高行政决策民主化程度，增强社会对于法治进步的“获得感”。,法治政府 区域法治 地方政府 定量分析,D922.11,0,,法学三大刊论文/法学研究/我国法治政府建设地区差异的定量分析.pdf
1477,我国犯罪附随后果制度规范化研究,彭文华[1],,2022,6,171,188,犯罪附随后果是指刑法之外的法律法规、规章等规定的，对有犯罪前科者及其家庭成员或亲属适用的，对特定权利和资质的限制、禁止或者剥夺。犯罪附随后果与刑罚、保安处分等具有性质上的不同，也会给犯罪人的正常工作、学习和生活造成严重影响，其严厉性有时不亚于刑事处罚。我国犯罪附随后果的表现形式复杂多样，其消极影响随着轻罪时代的到来会愈发严重。犯罪附随后果制度的规范化应贯彻权利理念，满足宪法规定和比例原则的要求，并以风险规避理论为指导；在方法上则有立法规范、司法程序和配套制度保障之别，应采取体系化、综合化的策略；基本路径是在明确犯罪附随后果具体适用条件的基础上，建立下位规范失效制度和系统化的犯罪人权利恢复与保障制度，确立合理有效的救济机制，在相关规定竞合适用时遵循司法优先原则，并构建犯罪附随后果数据库。,犯罪附随后果;刑事处罚;合宪性;比例原则,D,,,法学三大刊论文/法学研究/我国犯罪附随后果制度规范化研究.pdf
1478,我国知识产权法院的治理实效与制度逻辑,陈天昊[1];苏亦坡[1],,2023,1,179,204,运用双重差分法对2011年至2020年上市公司数据进行分析表明，我国于2014年底设立的知识产权法院取得了积极的治理实效，知识产权法院通过裁判提升纠纷解决效率及输出规范资源可以显著促进企业创新。回顾知识产权法院创设、建制及发展的历程可以发现，知识产权法院作为新创设组织面临的合法性压力及其采取的向上回应、横向竞争的行为逻辑，驱使其在过去的实践中努力提升裁判效率及裁判文书质量，这为司法治理发挥实效提供了具体案例，也为后续专门法院的建设及司法改革的推进积累了宝贵经验。知识产权法院在未来仍面临挑战，包括不同行为逻辑交互耦合导致的工作重心不规律摇摆，以及竞争环境下的资源压力可能引发其重新嵌入常规体系，今后的司法改革需对此采取措施审慎应对。,知识产权法院;司法改革;裁判质效;技术调查官;繁简分流,D,,,法学三大刊论文/法学研究/我国知识产权法院的治理实效与制度逻辑.pdf
1479,我国社区矫正法的历史地位与立法特点,吴宗宪[1],北京师范大学刑事法律科学研究院,2020,4,55,72,"2019年12月28日通过的社区矫正法,对于我国及国际社会的社区矫正具有重要意义,是我国社区矫正发展历史上一个新的里程碑。这部法律规定了中国特色的社区矫正基本法律制度,具有重要的历史地位。同时,这部法律的诸多规定有不少值得关注的特点,比如采取了合理的立法结构,确立了帮扶罪犯的制度,考虑了罪犯的生活便利,构建了社会参与的机制,肯定了专职社工的价值,规定了购买服务的制度。",社区矫正;社区矫正法;社会参与,D92,0,,法学三大刊论文/法学研究/我国社区矫正法的历史地位与立法特点.pdf
1480,我国行政诉讼中的预防性保护,罗智敏[1],中国政法大学法学院,2020,5,122,138,"行政诉讼中的预防性保护措施旨在为行政相对人提供富有实效性的司法保护。我国行政诉讼法及其司法解释中规定的行政行为停止执行、先予执行、财产保全、行为保全四种制度措施具有预防性保护功能。不过,相关规定着眼于维护公共利益与保障行政相对人权益的双重目的,集监督行政机关依法行政、保障行政行为的目的顺利实现、防止行政相对人权益遭受不可弥补的损害三重功能于一身,且立法没有针对上述不同功能配给不同规则,各项措施的申请程序不完善、裁量要件不完整,导致预防性保护功能在司法实践中未能得到充分发挥。建议在未来修法时,对具有预防性保护功能的制度措施加以整合,进一步明确相关裁量要件与审查模式,细化审查程序、增加上诉程序,以更好地满足行政相对人获得预防性保护的需求。",预防性保护;停止执行;先予执行;保全措施;实质性化解行政争议,D92,0,,法学三大刊论文/法学研究/我国行政诉讼中的预防性保护.pdf
1481,我国证券虚假陈述侵权责任规范模式之重构,邢会强[1],中央财经大学法学院,2025,1,137,154,我国证券法基于“威慑导向策略”，以统一的侵权责任规范、相同的侵权责任构成要件，规制不同市场以及不同发行方式的证券虚假陈述侵权行为，形成了证券虚假陈述侵权责任规范的一元模式。基于投资者特殊保护的目的，该一元模式下的侵权责任规范被定位为特殊侵权责任规范，实行无过错责任或过错推定责任、交易因果关系（信赖）推定和损失因果关系推定。这不完全符合欺诈市场理论，其过度应用扰乱了证券法制度的基本逻辑，导致证券市场主体利益失衡。我国证券虚假陈述侵权责任规范模式应重构为二元模式，即公开发行市场欺诈发行的特殊证券侵权责任规范与除公开欺诈发行之外的其他虚假陈述的一般证券侵权责任规范，后者仅在有效市场或信息披露义务人隐瞒重大信息情形下实行交易因果关系推定。,虚假陈述;欺诈发行;欺诈市场理论;过错推定;因果关系推定,D,,,法学三大刊论文/法学研究/我国证券虚假陈述侵权责任规范模式之重构.pdf
1482,我国集体土地征收制度的构建,王克稳,苏州大学王健法学院、东吴公法与比较法研究所,2016,1,56,72,与国有土地上房屋征收制度相比，构建我国集体土地征收制度所面临的问题要复杂得多，阻力也大得多。现行集体土地征收是为实现和保障国家对建设用地的垄断建立起来的。要缩小征地范围，将征地限缩在公共利益需要的范围内，必须首先打破“先征收、再出让”的国家垄断建设用地的供地模式，建立公益性建设用地与经营性建设用地相分离的建设用地供应制度。现行的集体土地征收以集体土地公有为逻辑起点，以国家利益至上为中心，以公权力为主导，制度设计上反映了公权的至上与私权的虚化。要平衡土地征收中的公益与私益，必须打破失衡的公权与私权配置机制，明确被征收人及其在土地征收中的基本权利，并为权利的行使提供充分有效的救济与保障。,集体土地征收;公益性建设用地;集体经营性建设用地,F371.2,16,,法学三大刊论文/法学研究/我国集体土地征收制度的构建.pdf
1483,所指确定与法律解释——一种适用于一般法律词项的指称理论,陈坤,山东大学法学院,2016,5,108,129,法律解释的一个重要任务是明确相关法律规则中的一般词项的所指，因此理应能够得到关于所指如何确定的一般理论的指导。然而，语言哲学中已有的三种指称理论（描述指称理论、直接指称理论与意向性理论）都难以直接运用到法律领域中。这或者是由于它们本身所存在的局限，或者是由于法律实践作为一种独特的交流活动所具有的区别性特征。一般法律词项的所指是由立法意图、客观知识与语言惯习共同决定的。其中，语言惯习的作用是限制性的，立法意图与客观知识的作用是指引性的。在所指确定的过程中，立法意图提供所指识别的标准，客观知识明确所指的范围。,法律解释;一般法律词项;语言惯习;立法意图,D90,103,,法学三大刊论文/法学研究/所指确定与法律解释——一种适用于一般法律词项的指称理论.pdf
1484,托底型回购合同的风险转嫁机理,王文胜[1],湖南大学法学院,2020,4,150,169,"融资租赁回购合同中,在第三人迟延履行债务等条件成就时,回购权利人可以选择要求回购义务人支付回购价款。商品房按揭贷款回购合同与之类似。此类合同的本质在于回购权利人将第三人不履行债务的风险转嫁给回购义务人,换言之,回购义务人为回购权利人对第三人的债权利益进行托底,故可称为托底型回购合同。托底型回购合同的权利义务构造与保证合同存在重大差异,不应适用或类推适用有关保证合同的规则。托底型回购合同在不同情况下可为债权让与、合同权利义务概括移转、买卖、约定形成权等多个模块的不同组合。托底型回购合同为分期履行债务关系中的债权人提供了一种在交易遭遇变故时将其在交易中的全部财产权益打包转让出去、迅速退出这一交易的新机制,对于鼓励交易、促进资金融通和商品销售具有独特价值。",回购合同;融资租赁;按揭;担保;保证,D92,0,,法学三大刊论文/法学研究/托底型回购合同的风险转嫁机理.pdf
1485,执法能力的损耗与重建——以基层食药监执法为经验样本,刘杨[1],中南财经政法大学法学院,2019,1,23,40,"执法是一个交织着执法偏差与执法纠偏的复杂实践,执法能力的损耗与重建是理解这一复杂实践的有益视角。执法能力会因行政体制内部张力而有所损耗,产生内部控制失灵、执法地方化、部门“孤岛化”等问题。执法能力也会在社会中发生损耗,造成执法资源稀释、执法过程异化等现象。面对执法能力的损耗,执法者应通过灵活执法、解释和创造规则、集中执法资源、建构执法空间等策略,在一线执法场景中再造执法能力。立法者和决策者也应不断改革和优化执法体制,通过强化执法控制、重构执法责任、延伸执法组织、动员社会力量来推动执法能力的重建。以基层执法经验作为分析样本,理解执法能力的损耗与重建机理,有助于从整体上把握转型期中国执法的实践逻辑,为当下的执法体制改革和执法能力建设带来启发。",执法偏差;执法能力;执法过程;执法体制;一线执法,D631,0,,法学三大刊论文/法学研究/执法能力的损耗与重建——以基层食药监执法为经验样本.pdf
1486,扩用无因管理相反请求权研究,李中原[1],,2024,3,57,76,扩用无因管理相反请求权可以作为我国民法典第980条的学术统称。第980条的适用范围包括不真正无因管理、不正当无因管理以及有益无因管理。改良或处分自己财产行为的溢出效应、宣传性或政府性行为的惠及效应均应排除于扩用无因管理的边界之外。判定扩用无因管理相反请求权能否成立，须依次评估管理行为给本人带来的得利是否具有可转移性、本人是否构成自由接受、得利对本人是否具有主观价值、管理对本人是否必要、管理人对管理行为之不正当性或权利瑕疵的认知状态。扩用无因管理人依第980条享有的价值补偿请求权，在得利对本人无价值或者管理人明知管理行为之不正当性或权利瑕疵仍然实施管理并产生有益费用的场合，应予排除，除非本人自由接受；在管理人因过失而不知管理行为之不正当性或权利瑕疵的场合，其管理行为产生的有益费用应当根据管理人的过失程度减轻本人的补偿责任。本人对有益费用承担补偿责任的，应当在其经济能力的范围内适当补偿。,扩用无因管理;相反请求权;不当得利;自由接受;强迫得利,D923,,,法学三大刊论文/法学研究/扩用无因管理相反请求权研究.pdf
1487,技术从属性下雇主的算法权力与法律规制,田思路[1],,2022,6,132,150,区别于民事雇佣关系的劳动关系，被认为包含“从属性”之特征，学界主要从人格从属性、经济从属性和组织从属性等方面加以研究，而作为本源性从属和间接性从属的技术从属性一直未受重视。技术要素是形成大工业时代工厂劳动的基本动因，也是雇主在劳动过程中将劳资直接矛盾转移为机器与劳动者间接对立之手段。随着人工智能的发展和算法的运用，本来意义上自主灵活的用工形态受到了技术要素的影响，雇主管控效能得以提高，形成了雇主算法权力。雇主算法权力是劳动管理权的技术构成和范围扩张，其形成和运行有特殊性，由此产生了劳资之间的技术势差。需以劳动关系平衡作为雇主算法权力行使之界限，通过制定系统规则，对雇主算法权力的溢出和滥用加以限制和矫正。算法权力构成应防止劳动的技术异化，算法系统设计应做到透明、知情及可释，算法机制运行应避免劳动歧视、直接决定劳动者重大利益及破坏劳动团结。,劳动关系;技术从属性;算法权力;劳动管理权;算法规制,D,,,法学三大刊论文/法学研究/技术从属性下雇主的算法权力与法律规制.pdf
1488,技术侦查证据使用问题研究,程雷[1],中国人民大学刑事法律科学研究中心,2018,5,153,170,"2013-2016年的司法实践状况表明,2012年刑事诉讼法第152条规定的技术侦查证据使用条款面临法律适用难题。对中国裁判文书网该期间内73例样本案件的分析,揭示了上述法律适用难题。要实现平衡技术侦查权效能与公民权利保障的目标,需完善一系列基本的技术侦查证据使用制度,包括:技术侦查材料用作证据的,必须事先告知辩方并经辩方质证方可作为定案根据;技术侦查证据的形式应当是原始的实物证据,使用传来证据的,应当适用实物证据的鉴真规则;法官可以对技术侦查证据进行庭外核实,但仍应保障辩方的质证权。为保护技术侦查方法与过程不被泄密、国家秘密、公民的人身安全,应允许在证据使用过程中设置若干变通措施,比如:使用证据替代品、衍生品;对证据来源予以保密;设立特定律师代理制度,由特定律师而非被告人本人对证据进行质证。",技术侦查措施;技术侦查证据;监听;证据使用,D918.2,0,,法学三大刊论文/法学研究/技术侦查证据使用问题研究.pdf
1489,"技术标准之许可定价规则的""非国家化""——以可比许可法为中心",马一德[1],,2022,3,103,124,"技术标准是全球基础设施的组成部分,技术标准许可是国际技术服务贸易的重要内容.技术标准是经标准化组织批准、非强制执行、可重复使用的通用技术方案规则和指南.在技术标准许可定价规则尚未统一的情况下,""国家""试图强化对技术标准实施活动的控制,表现为不同国家的司法机关在裁决标准必要专利许可费时适用不同的定价规则,而这些规则为国家力量的介入创造了空间.可比许可法是一种""非国家化""的技术标准许可定价规则,能集中反映消费者愿为标准必要专利支付的信息,注重参考在市场作用下业已形成的许可费水平,从而克服分摊式专利价值评估方法的缺陷.可比许可协议的识别、可比许可协议中许可费信息的披露以及复杂标准必要专利许可情形中隐性单向许可费率的解析,是可比许可法适用的关键.专利劫持和技术标准化价值等问题的澄清,有利于认定标准必要专利许可费的范围,打破对部分可比许可协议参考价值的质疑,确保可比许可法适用的稳定性.作为一项由市场主导的技术标准许可定价规则,可比许可法有助于定价规则的""非国家化"",在不同国家的司法机关间形成""规则共识"".",技术标准;价值评估;可比许可法;专利劫持,D,,,法学三大刊论文/法学研究/技术标准之许可定价规则的“非国家化“——以可比许可法为中心.pdf
1490,报偿赠与论,刘勇[1],,2023,5,132,151,赠与合同以其丰富的现实类型实现了市场交易之外的资源分配，在我国社会生活中具有重要意义。欧陆尤其是德国法传统上的赠与合同规范以有限赠与观为基础，辅之要式行为补强的立场。我国民法典的相关规范并未采取要式、不要式赠与的二分，仅部分继受了上述比较法来源，导致赠与合同拘束力极为薄弱，与赠与的现实价值明显龃龉。对此，应立足于我国本土的报偿赠与观，将报偿作为决定性的主观因素，基于赠与目的塑造我国法上赠与合同拘束力的解释框架，以此作为“第三次分配”的民法表达。民法典第658条中的“道德义务性质的赠与”应作为我国赠与合同的典型情形，赠与合同的普遍拘束力应概括性地承认，仅在报偿目的嗣后落空的场合赋予赠与人解除权，从而形成“诺成+非要式+目的落空的解除”的本土赠与法规范构造。,赠与合同;报偿赠与;合同目的;解除权,D,,,法学三大刊论文/法学研究/报偿赠与论.pdf
1491,抵押权时效问题的民法表达,邹海林,中国社会科学院法学研究所,2018,1,52,66,我国物权法第202条对抵押权的时效问题已有自创性的表达，为学理和司法实务制造了解释难题。缺乏对立法例经验借鉴的科学分析，总结我国司法实务的经验不足，以致物权法就抵押权的时效问题的表达具有了权宜性特点，内容草率、简单。抵押权的时效问题，依照物权法定主义，应属物权关系范畴，与我国民法规定的诉讼时效制度本无联系，这是物权法表达抵押权的时效问题的基础。因为有此考虑，我国物权法难以借鉴法国、日本和德国民法的已有制度经验，但可以借鉴渊源相近的我国台湾民法的相应表达。物权法第202条若以除斥期间制度来表达抵押权的物权变动及其效果，所有的解释难题将不复存在。,抵押权 时效 诉讼时效 除斥期间,D923,0,,法学三大刊论文/法学研究/抵押权时效问题的民法表达.pdf
1492,抵销预期的发现及其价值———以保证金的破产抵销为线索,娄爱华[1],苏州大学王健法学院,2022,2,92,110,"忽视了当事人的抵销预期,无法妥善解决保证金的破产抵销问题.保证金权益具有不确定性,权益数额不确定,权益是否发生也不确定,保证金给出人可以基于其抵销预期主张破产抵销,抵销效果在待抵销权益确定后发生.保证金与所担保债务具有发生上的牵连性,作为债务人的保证金给出人的抵销预期不受债权让与影响,民法典第549条第2项规定的""同一合同"" 应基于抵销预期予以解释.为保障债务人抵销预期的同一合同内抵销,与传统大陆法系中司法抵销范畴下的同一合同内抵销不同.我国无需在破产法中区分独立抵销和同一合同内抵销.在以封金、专户方式设立保证金担保或者保证金收受人有设立保证金专户的法定义务时,保证金权益归属于给出人对保证金协议外的第三人有约束力,保证金给出人的权利为取回权或共益债权,保证金给出人的抵销预期对第三人有约束力,无需考虑破产抵销的偏颇清偿问题.解决保证金破产抵销问题的过程,也是发现抵销预期之价值的过程.",抵销预期;保证金;破产;同一合同;偏颇清偿,D,0,,法学三大刊论文/法学研究/抵销预期的发现及其价值———以保证金的破产抵销为线索.pdf
1493,抽逃出资规则及公司分配制度的系统性改造,王军[1],中国政法大学,2021,5,81,97,"抽逃出资规则的含义和适用标准一直是模糊的.司法解释确立的损害公司权益标准并未解决其适用难题.侵蚀股本标准改进了认定抽逃出资的可操作性,但难以筛除那些符合资本维持要求却损害公司实际偿付能力的交易.抽逃出资规则的困境根源于并反映了我国公司分配制度的结构性缺陷.公司分配制度的系统性改造,应当致力于建立一种实际偿付能力检测法和资本维持规范优势互补的结合模式:以资本维持规范为基础框架,为公司分配事项提供明确且不会对资本运作形成过重负担的规则;以实际偿付能力检测法为兜底机制,要求董事履行审慎评估义务,对资本维持规范难以筛除的不当行为加以约束.在结合模式的分配制度框架内,抽逃出资规则不宜作为裁判规则适用,其原本指向的各种行为应当依据利润分配、股份回购或减资规则处理,并接受实际偿付能力标准的检测.",抽逃出资;公司分配;资本维持;实际偿付能力检测;董事义务,D922.291.91,0,,法学三大刊论文/法学研究/抽逃出资规则及公司分配制度的系统性改造.pdf
1494,担保物权实现的程序标的：实践、识别与制度化,任重,清华大学法学院,2016,2,114,133,“无民事权益争议”的界定是理解和适用担保物权实现程序的难点。我国立法和司法实践采取程序标的与相关诉讼标的的一元结构，其实质是通过向非讼程序逃逸，挤压被申请人的诉讼权利。以此为代表的诉讼案件非讼化趋势与我国多年来为了摆脱“非讼化”的当事人主义改革目标背道而弛。为了将“无民事权益争议”的法定标准落到实处，充分保障当事人的诉讼权利，应当坚持非讼标的与诉讼标的的二元格局。非讼程序并不确认民事权利义务关系，而仅产生获得执行依据的诉讼法律效果。除了非实质性异议以及程序性异议，其他民事权益争议包括对其成立与否的判断均应通过诉讼程序加以解决。为了避免预决效力对后诉当事人证明活动的不利影响以及节约司法资源，应当避免诉讼标的与非讼标的在审理范围上的高度重合。以物权法第16条为参照，考虑到超短审限和审级特征，较为稳妥的做法是将担保物权实现程序的标的原则上限于不动产抵押权，例外认可存在统一登记机构实质性审查和采取登记生效要件主义的权利质权，如上市公司股权质权。,担保物权;非讼程序;民事权益争议;诉讼标的;事实预决效力,D925.1,50,,法学三大刊论文/法学研究/担保物权实现的程序标的：实践、识别与制度化.pdf
1495,拼图抑或印证：中国刑事法官事实认定的实践检视,左卫民[1],,2023,3,188,204,实证研究发现，“不证”或者“少证”似乎是中国刑事法官认定事实的主流态势，特别是在无证据争议的案件；只有在极少数存在证据争议的案件中，法官才会进行“细证”。总体上看，中国刑事法官运用证据认定事实的模式并非单一模式，而是多种模式并存。具体而言，在没有证据争议的案件中，普遍采用的是“拼图模式”；在有证据争议的案件中，一部分采用“拼图模式”对在案事实进行论证，而另一部分采用“印证 + 拼图”的综合性证据使用模式，即通过印证来解决争议证据信息指向的一致性问题，通过“拼图模式”来确保在案证据能够涵盖案件的全部要件事实。从长远看，需要持续打造更具中国特色的科学化刑事案件事实认定（证明）模式，并进行相关的理论构建。,事实认定;法官心证;印证;拼图模式;实证研究,D,,,法学三大刊论文/法学研究/拼图抑或印证：中国刑事法官事实认定的实践检视.pdf
1496,探索激励相容的个人数据治理之道——中国个人信息保护法的立法方向,周汉华[1],中国社会科学院法学研究所,2018,2,3,23,在大数据时代，信息控制者对于个人信息有很强的利用激励而缺乏同等程度的保护激励。如果法律规则只是简单施加各种禁止性或者强制性规定，势必因为激励不相容影响有效实施。尽管立法模式不同，不论欧盟还是美国，近年来都在探索建立激励相容的个人数据治理体系。我国目前的个人信息保护相关立法存在法律要求与信息控制者内部治理机制脱节、刑法制裁与其他法律手段脱节、责任规范与行为规范脱节等问题。个人信息保护法应以培育信息控制者内部治理机制为目标，以构筑有效的外部执法威慑为保障，促使信息控制者积极履行法律责任，并对违法行为予以制裁。个人信息保护法应确认信息主体在公法上的个人信息控制权，不能也不应该回避基本权利话语。个人信息保护法的实施，需要先从信息安全风险管理角度切入，由易到难，循序渐进，推动激励相容机制实现,激励相容;个人信息保护法;个人信息控制权;信息安全风险;大数据时代,D927.53,0,,法学三大刊论文/法学研究/探索激励相容的个人数据治理之道——中国个人信息保护法的立法方向.pdf
1497,援引法定刑的刑法解释——以马乐利用未公开信息交易案为例,孙谦,最高人民检察院,2016,1,148,164,刑法分则对某些性质相近、危害程度相当的犯罪，采用了援引法定刑的立法技术。由于有的法条罪状表述特殊，实务中容易产生分歧。这突出地表现在刑法第180条第4款援引同条第1款的法定刑时，是全部援引还是部分援引的争议。这一争议影响了地方检察院、法院在类似利用未公开信息交易等案件的处理上，对法律适用的理解。以最高人民检察院提起抗诉的马乐利用未公开信息交易案为例，围绕刑法第180条第1款、第4款的规定，运用文义解释、体系解释和目的解释等方法，按照罪刑法定原则和罪刑相适应原则的要求，对援引法定刑问题进行探讨，可得出刑法第180条第4款对同条第1款法定刑的援引，是全部援引而非部分援引的结论。另外，存疑时有利于被告原则仅适用于案件事实存疑的场合，法官解释刑法时只需得出正确的解释结论而非有利于被告的结论。在马乐案的处理上坚持抗诉和上述刑法解释立场，对于统一法律适用和法治发展都有积极意义。,援引法定刑;刑法解释;存疑时有利于被告;罪刑相适应;马乐案,D924,26,,法学三大刊论文/法学研究/援引法定刑的刑法解释——以马乐利用未公开信息交易案为例.pdf
1498,支持理论下民事诉讼当事人法律意识的实证研究,"冯晶[1,2]",西南政法大学法学院,2020,1,27,51,"传统研究重视“法的供给”视角,致力于创设“良法良制”。通过转向“对法的需求”视角,本研究基于支持理论和法律意识理论,访谈了142名四类常见民事诉讼案件的当事人。本研究发现,当事人对司法的信赖分为“特定支持”和“普遍支持”两个维度。负面的诉讼经历仅会降低当事人对主审法官(法院)的评价(特定支持),尚未削弱他们对法院系统及司法制度的评价(普遍支持)。此外,当事人可以被进一步分为“门外汉”和“入门者”。前者不信赖法院的根本原因在于其法律意识与司法制度间存在巨大的冲突和矛盾;“入门者”的意识则限定于法律体系内,只在意法官的审判质量。随着司法系统的日渐完善,“入门者”对司法的信赖有望逐步提升。但“门外汉”则需要通过“知情(法)受益”这一过程先转化为“入门者”。",法律意识;司法公信力;特定支持;普遍支持;司法改革,D92,0,,法学三大刊论文/法学研究/支持理论下民事诉讼当事人法律意识的实证研究.pdf
1499,支持起诉原则的法理及实践意义再认识,陈刚[1],华东政法大学外国法与比较法研究院,2015,5,87,104,我国现行民事诉讼法第15条规定的支持起诉原则，源于苏联法上的社会干预诉讼制度。当下，我国处于社会转型时期，传统国家干涉主义下的社会干预诉讼理论已不适应新时期的发展要求，支持起诉原则也因此在法理依据上面临转型的必要。但是，在制度设计和功能定位上，我们不应以苏联法已经过时为理由而拒绝参考之。从法系意识论而言，一方面，我们要学习和借鉴苏联于诉讼制度和实体制度两个方面有机统一的立法经验，科学地建构我国保护国家财产、集体财产、公共利益不受侵害的社会参与诉讼制度。另一方面，不能简单地盲从和照搬苏联法，而是要立足于国情和社会发展现实，通过理论创新和制度创新，构建符合现代法治精神的中国特色社会参与诉讼制度。,社会干预;支持起诉;公益诉讼;社会管理参与权,D925.1,32,,法学三大刊论文/法学研究/支持起诉原则的法理及实践意义再认识.pdf
1500,收养法的社会化:从亲子法转向儿童法,邓丽[1],中国社会科学院法学研究所,2020,6,43,61,"现代收养制度通过承继和改造“法律行为—法律关系”的私法逻辑,实现拟制亲子关系的制度目标。“二战”以后,社会现实需求、国际人权思潮等推动各国收养法立足本土国情不断社会化,发展出以儿童最大利益原则为统率,以收养条件、收养程序、收养效力和收养服务为制度支柱的伞型儿童保护架构。我国民法典收养章在承袭既有私法框架的同时,通过确立最有利于被收养人原则、引入收养评估机制等,释放出积极的社会化信号,但尚缺乏针对民间收养屡禁不绝、被收养人权益不彰等突出社会问题的有效应对。其后,未成年人保护法经修订亦明确规定最有利于未成年人原则,强化政府和社会保护机制。至此,儿童最大利益原则的中国法表达与路径已渐趋明朗。自领域法视角而言,我国收养法正逐步突破私法边界,融入社会保护法律规范,从传统亲子法范畴转向更加明确和统一的儿童保护法,有望形成内外体系协调一致的本土化、社会化新架构。未来改革宜聚焦于放宽一般收养条件、疏导特殊收养通道、建立实质审查机制和支持服务体系等,致力于实现特定情境下特定被收养人的最大利益。",收养法;社会化;儿童最大利益;最有利于被收养人原则,D92,0,,法学三大刊论文/法学研究/收养法的社会化_从亲子法转向儿童法.pdf
1501,改革型地方立法变通机制的反思与重构,王建学[1],天津大学法学院,2022,2,36,52,"在过去四十多年的改革与法治实践中,改革型地方立法变通机制发挥了重要的先行试验作用.随着此种立法变通机制的不断发展,其与国家法制统一原则之间的张力有可能进一步加剧.改革型地方立法变通受到法制统一、平等和单一制等宪法原则的约束.宪法原则具有适用上的弹性,只有在宪法权衡中才能对变通机制予以准确评价.比例原则是反思和重构改革型地方立法变通机制的重要支点.改革型地方立法变通机制应服务于改革之目的,并在手段上保持适当性、必要性与均衡性.在全面依法治国的新时代,必须在比例权衡中增加法制统一的分量.按照习近平法治思想中重大改革于法有据的要求,应对改革型地方立法变通增设必要限制,并协同各种改革授权机制的功能,促进改革与法治的良性互动.",法制统一;立法变通;地方立法;比例原则,D,0,,法学三大刊论文/法学研究/改革型地方立法变通机制的反思与重构.pdf
1502,故意伤害案件中赔偿影响量刑的机制,"高通[1,2]",南开大学法学院,2020,1,154,170,"赔偿作为一种酌定情节,对量刑有重要影响。通过对近3000份故意伤害案件刑事裁判文书的实证研究发现:赔偿对主刑量刑结果和缓刑适用均有重要影响;随着案件严重程度的增加,赔偿对量刑的影响相对下降,谅解对量刑的影响相对上升;赔偿时间对主刑量刑结果的影响不显著,但可显著提高非羁押性强制措施和缓刑的适用率;谅解时赔偿数额的确定机制兼具理性与非理性的双重因素。受法院功利主义量刑思维的影响,故意伤害案件中赔偿影响量刑机制的运行存在失范风险,如赔偿谅解后“量刑剪刀差”的出现、赔偿谅解中的“贫富差距”问题、谅解时赔偿数额的确定中非理性因素的放大等。为防范上述风险,可从实体法和程序法两个层面,完善故意伤害案件中赔偿影响量刑的机制。",故意伤害案件;赔偿;谅解;量刑,D92,0,,法学三大刊论文/法学研究/故意伤害案件中赔偿影响量刑的机制.pdf
1503,故意杀人罪死刑裁量机制的实证研究,王越,北京大学法学院,2017,5,151,170,实证分析发现，将刑法第48条的有关规定理解为“责任刑情节决定是否判处死刑，预防刑情节决定是否判处死刑立即执行”的学术观点与司法实务的死刑裁量实践不符，基于此提出的死刑司法控制方案的理论基础和实际功用值得怀疑。现阶段故意杀人罪的死刑裁量更可能是一种减法机制：对于有死亡结果的案件，原则上判处死刑，但有足够从宽情节的，不判处死刑；对于被判处死刑的案件，原则上判处死刑立即执行，但有足够从宽情节的，判处死刑缓期执行。为实现死刑的司法控制，须将死亡结果作为判处死刑的必要非充分条件，变减法机制为加法机制，建立严格的死刑从严情节体系和指导性的死刑从宽情节体系；对于有死亡结果的案件，原则上判处死缓，仅对其中有死刑从严情节的考虑判处死刑立即执行，对于无死刑从严情节但有死刑从宽情节的案件，不判处死刑；对于同时存在多种量刑情节的案件，根据案件的具体情况，在实证分析和刑罚理论的指导下决定刑罚。,故意杀人罪 死刑 实证研究,D924.34,0,,法学三大刊论文/法学研究/故意杀人罪死刑裁量机制的实证研究.pdf
1504,数字人权规范构造的体系化展开,高一飞[1],,2023,2,37,51,"数字人权的规范构造, 意在将数字人权从价值观念转化为融贯于现有法律体系的制度规范。数字人权从内容上可分为数字生存权、数字自由权、数字平等权、数字救济权四类二阶权利, 并进一步衍生出一个具有开放性的权利体系。数字人权规范的形式构造, 可基于法律概念、法律规则、法律原则三者的互动关系理论。数字人权规则的司法适用需要借助演绎推理和类比推理; 数字人权原则的司法适用重在明确权衡的情境, 并细化权衡的方法。在数字人权规范的适用过程中, 解决权利竞合问题宜遵循最小限制原则和最大相关原则; 解决权利冲突问题需经过三阶权衡: 基于数据的可识别性进行前置性判断、以公共利益为取向作出利益衡量、根据比例原则检验合理性。",数字人权;数字法学;规范构造;数字权利;数字化生存,D,,,法学三大刊论文/法学研究/数字人权规范构造的体系化展开.pdf
1505,数字公民的身份确认及权利保障,马长山[1],,2023,4,21,39,数字化生存已成为人类生活的基本属性与核心机制，数字公民身份问题由此应运而生。数字公民是自然公民的数字化身与数字表达，承载着数字公共生活中的公民身份、行动逻辑和权利义务关系。数字赋能和技术赋权的不平衡，导致数字公民遭遇机制性游离困境，这具体表现为平台构架中数字公民的边缘化、算法决策中数字公民的离场化、数字控制中数字公民的对象化、技术赋权中数字公民的失能化、技术理性中数字公民的去人化等。数字公民的机制性游离，对公民的平等自由、基本权利和民主法治价值形成了严峻挑战。消解数字公民的机制性游离，加强数字公民权利的法治化保障，维护数字社会的公平正义，需要坚持“以人为本”的数字法治原则，实现数字公民身份的合法化确认，构建包容共治的数字民主机制，提升数字公民的素养能力。,数字法治;数字公民;数字政府;数字人权;数字权利,D,,,法学三大刊论文/法学研究/数字公民的身份确认及权利保障.pdf
1506,数字平台管制：公共性理论的反思与经济管制的适用,李剑[1],,2023,5,22,41,以公共承运人、新公用事业为代表的公共性理论希望改变反垄断法实施不力的局面，通过赋予特殊义务来强化对数字平台市场力量的约束。公共性理论历史悠久，但基本概念模糊不清，难以明确管制范围；所主张的非歧视、普遍服务等管制义务，在没有结构性剥离、价格管制、准入限制等措施的配合下，难以独立实现；基于平台服务的性质来实施管制，还会造成过度的市场干预。以自然垄断理论为内核的经济管制不仅定义清晰，而且将管制范围限定在具有自然垄断性质的平台，更适合数字平台快速发展的特点。实现数字平台的经济管制，需要借鉴传统经济管制中成熟的管制理论和实践经验，尤其要对具有自然垄断属性的平台功能进行结构性剥离，并对剥离后的自然垄断平台附加互操作义务。,数字平台;公共承运人;新公用事业;经济管制;互操作义务,D,,,法学三大刊论文/法学研究/数字平台管制：公共性理论的反思与经济管制的适用.pdf
1507,数字时代保护作品完整权的功能更代及存废思考,易玲[1],,2023,5,42,56,数字技术催生了新的创作方式和传播手段，作者主体的范围逐渐扩大，新型作品类型不断涌现，集体创作模式日益兴起，作为著作人格权制度核心的保护作品完整权面临作者身份日益模糊、作品类型愈加复杂及作品共享理念不断冲击等诸多挑战。保护作品完整权最初旨在保护作者人格利益，保证传播过程中精神思想的纯正性，但创作模式的根本性变革使得以“作品体现人格”为前提假定的著作人格权理论预设越发脆弱，保护作品完整权的弱人身属性和强财产属性推动其功能流变。著作人格权制度的现代发展应更多契合财产交易的特定目的，重新审视保护作品完整权与改编权等的关系。囿于履行《伯尔尼公约》义务之要求，我国可先在司法实践中类型化分析“歪曲、篡改”作品之结果，使保护作品完整权的功能或被名誉权替代，或被改编权、复制权替代，待时机成熟时通过修法予以废除。,保护作品完整权;著作人格权;名誉权;改编权,D,,,法学三大刊论文/法学研究/数字时代保护作品完整权的功能更代及存废思考.pdf
1508,数字时代的技术性正当程序：理论检视与制度构建,苏宇[1],,2023,1,91,107,伴随数字时代信息技术的高速发展和自动化行政的广泛应用，行政法中的正当程序模态正面临全方位的挑战。通过一系列制度方案，对包括行政相对人在内的社会公众予以全过程、全方位的赋能，是确保人在自动化行政过程中充分享有正当程序保障的关键。以赋能为核心旨趣，以提升人的信息能力和行动能力为出发点，技术性正当程序的既有实践和理论主张可被重构为一套理想化模型，这一模型具体包含全程参与、原理公开、充分告知、有效交流、留存记录、人工审查六方面内容。我国立法实践中已有不少能够体现技术性正当程序内在价值的制度设计，未来还需探索建立层次化的原理解释机制、标准化的记录留存机制、结构化的人工介入机制，形成技术性正当程序的完整制度方案。,技术性正当程序;数字政府;自动化行政;智能决策;程序正义,D,,,法学三大刊论文/法学研究/数字时代的技术性正当程序：理论检视与制度构建.pdf
1509,数字时代的身份构建及其法律保障:以个人信息保护为中心的思考,陆青[1],浙江大学光华法学院,2021,5,3,23,"个人信息保护的对象并不是个人信息本身,而是个人在各种社会关系中身份建构的自主性和完整性.通过历史梳理可以发现,人格权的发展过程,其实也是个人身份权益不断得到法律彰显的过程.而个人信息保护的规范特质,其实在于将对""作为结果的个人身份保护""转向了""作为生成过程的个人身份保护"".个人身份权益尤其是动态身份权益(也即个人的社会镜像)的保护,并不能为姓名、肖像、名誉、隐私等具体人格权保护所涵盖.在身份建构的视域下,个人信息的一系列制度安排有重新梳理和解释的必要.人类进入到数字时代后,面对个体自我的数字化呈现可能带来的身份危机,以数字身份为中心重新建构人际关系调整秩序,或许是未来法治发展的方向.",身份建构;个人信息;数字身份;隐私权,D923;D922.16,0,,法学三大刊论文/法学研究/数字时代的身份构建及其法律保障_以个人信息保护为中心的思考.pdf
1510,数字私力救济——基于远程控制网联物的权利实现,王琦[1],,2023,5,57,78,数字经济社会中物的网联化，使权利人可以通过远程控制义务人占有的网联物来督促其履行或者直接实现权利，此即数字私力救济。我国司法实践中已经出现了大量数字私力救济案件，但学理研究尚不充分。数字私力救济作为非暴力且通常基于当事人合意的自力救济手段，不但具有合法性，而且具有法政策优势，法律应当肯定其正当性并予以积极规制。物权法的规制作用体现在，占有保护规则型塑了数字私力的合法性界限。不同数字私力形态与占有保护的关系不同。“闭锁或取走型”私力构成占有侵夺，需要义务人的有效事前同意才能排除占有保护，“软件锁定型”和“云服务停止型”私力则不构成占有妨害。合同法的规制作用体现在，一方面，质量瑕疵规则会对远程控制系统的效果起到限制作用；另一方面，合同关系存续使得当事人有义务避免远程控制，为解除这种义务，操控方要么需要法定依据即抗辩权，要么需要意定依据即“数字私力条款”，对该条款的内容应当按照正当程序理念加以严格规制。,远程控制;网联物;私力救济;占有保护;共同占有;格式条款,D,,,法学三大刊论文/法学研究/数字私力救济——基于远程控制网联物的权利实现.pdf
1511,数字经济视域下包容审慎监管的法治逻辑,刘权[1],,2022,4,37,51,"传统的监管体系和监管治理手段,已不能适应数字经济的发展要求.包容审慎监管旨在追求效率与安全的动态平衡,其要求政府给予新业态必要的发展时间与试错空间,并根据公共风险的大小进行适时适度干预,是有利于破解传统监管困局的新型监管模式.数字经济的发展规律和特点,为包容审慎监管的实施带来诸多挑战.包容审慎监管的灵活性与能动性,也易引发监管的不确定性问题.为在法治轨道上推进包容审慎监管的理性实施,面对一时看不准发展趋势的新业态,有必要为市场留足发展空间,通过开放决策程序提升行政理性,引入试验机制促成监管的包容审慎,建立容错机制以激励市场与政府探索创新,完善并加强监督机制以确保行政便宜性与最佳性有机统一.",包容审慎监管;数字经济;营商环境;容错机制;有为政府,D,,,法学三大刊论文/法学研究/数字经济视域下包容审慎监管的法治逻辑.pdf
1512,数字证据及其阶梯式分类审查机制,郑飞[1],北京交通大学法学院,2024,5,169,186,证据数字化呈现出五个基本面向———电子化、区块链化、大数据化、人工智能化和虚拟仿真化，从而形成电子数据、区块链证据、大数据证据、人工智能证据和虚拟仿真证据等五种基本的数字证据类型。由于数字技术的发展，传统电子数据概念和证据规则已不能有效涵盖和规制现有各种数字证据。基于数字空间理论以及不同类型数字证据在技术证明逻辑上的不同，应将2018年刑事诉讼法第50条第2款第8项中的“视听资料、电子数据”统一修改为一种整合开放的数字证据，以容纳因数字技术迭代升级而产生的各种数字化证据，并在司法解释中具体规定各种数字证据的审查判断规则，从而形成一种以电子数据证据规则为基础的阶梯式分类审查机制。同时，还应从证据采纳的必要性审查和实质性审查等层面，建立一种数字证据阶梯式审查的更新机制，以应对技术发展可能带来的对证据审查的冲击。,数字证据;电子数据;区块链证据;大数据证据;人工智能证据;虚拟仿真证据,D,,,法学三大刊论文/法学研究/数字证据及其阶梯式分类审查机制.pdf
1513,数据产权的法律表达,刘文杰[1],,2023,3,36,53,数据具有客观实在性、可确定性和作为劳动成果的财产属性，可以作为独立的交易客体进入市场流通，设立财产权性质的数据权因而具有正当性。为数据生产与交易提供充分激励，维系围绕数据生产加工所形成的社会分工合作和按劳分配格局，亦需要法定权利的设置。综合来看，将数据权初始配置给数据生产者最为合适。原始取得的数据权应为一种总括性权利而非分散性的权利束。国家政策文件中列举的数据产权类型重在揭示经济生活中数据生产和利用的不同形态，其在法律属性上则为数据权或从数据权中派生的权利。结合数据的电子形态和传播特性以及数据利用的方式特点，对数据权内容较为贴切的区分是访问权、复制权、使用权和处分权，并以访问权为数据权的首要权项。相应地，数据侵权规范的构建宜以保护权利人对数据访问的控制为中心。,数据权;数据生产者;数据来源者;访问权;合理使用,D,,,法学三大刊论文/法学研究/数据产权的法律表达.pdf
1514,数据何以确权,王利明[1],,2023,4,56,73,我国民法典已经确认了数据的民事权益客体属性，为数据确权提供了民事基本法层面的依据。虽然有关数据政策和地方性立法确认了数据权益，但在全国性立法层面并没有对数据确权作出回应。数据确权是数据立法需要解决的关键问题，数据确权有利于保护劳动，可激励数据生产，促进数据流通，强化数据保护。由于现有法律制度如反不正当竞争法、知识产权法、个人信息保护法等无法实现对数据的全面保护，因此数据确权立法势在必行。数据立法要在区分数据来源者和数据处理者权利的基础上，构建数据确权的双重权益结构，尊重和保护数据来源者的在先权益，确认和保护数据处理者的财产权益，包括持有权、使用权、收益权、处置权以及数据财产权遭受侵害或者妨碍时的停止侵害、排除妨碍和消除危险请求权。,数据确权;数据流通;双重权益结构;合理使用,D,,,法学三大刊论文/法学研究/数据何以确权.pdf
1515,数据公平利用的法理反思与制度重构,丁晓东[1],,2023,2,21,36,"在当前的数据交易与利用实践中, 数据作为关键性生产要素, 主要为少数企业所控制, 作为用户的个人与中小商家则难以利用数据。为实现数据的公平利用,欧盟试图赋予用户以数据访问与利用权, 美国注重个人信息数据的市场交易, 我国则强调对企业数据进行确权。然而, 数据具有聚合性、关联性、场景依附性、非竞争性与非排他性等特征, 确权无助于解决数据利用过程中的争议, 将数据视为权益混同的聚合型财产, 通过行为规制与数据治理实现数据公平利用, 是更为合理可行的路径。对于商业主体数据的利用, 应强调市场自治与竞争秩序公平。对于个人数据的利用,应从“个人—企业”“个人集合—企业”两个关系维度构建和完善数据治理规则。对于公开数据的利用, 应克减平台企业的数据控制权, 赋予平台内商家以有限的数据访问与利用权, 保障平台内个人用户的个人信息携带权, 以有效平衡各方主体间的利益关系。",数据利用;数据确权;数据访问与利用权;数据治理;数字经济,D,,,法学三大刊论文/法学研究/数据公平利用的法理反思与制度重构.pdf
1516,数据的私法定位与保护,纪海龙[1],华东师范大学法学院,2018,6,72,91,"符号层面的数据文件应当与内容层面的数据信息严格区分。数据文件是信息的表现形式,而数据信息则是数据文件蕴含的信息内容。在经济属性上,数据信息具有非竞争性。对于数据文件中蕴含的信息,不必一般性地设定绝对权。在现行法下数据文件以及数据信息所负载的利益受到若干制度的保护,但都有其局限。数据文件是物理的存在,虽然可被人控制但无法被人的肉眼观察(无形)。基于数据文件可被界分和控制以及可以很方便地和存储载体相分离的特点,数据文件可以成为权利客体。尤其是基于占有法、破产法、强制执行法等方面的理由,应在数据文件上设定绝对权即数据文件所有权。数据文件所有权的原始取得人为交易观念视角下的数据文件制造者。数据文件所有权的权能和保护与其他绝对权类似但也有所不同。",数据;数据文件所有权;个人信息;权利客体,D913,0,,法学三大刊论文/法学研究/数据的私法定位与保护.pdf
1517,数据确权的误区,周汉华[1],,2023,2,3,20,"数据不同于其他生产要素, 无论是否确权, 都只适宜以责任规则保护。我国法律对个人数据与企业数据的保护水平已经比责任规则要高, 数据确权因此没有实际意义。数据确权只能采取权利束解决方式, 这必然导致反公地悲剧的结果, 阻碍数据的利用与共享。推动数据利用与共享, 本质是实现网络效应。在此方面, 我们面临诸多现实挑战, 需要制定“公共数据开放条例”促进公共数据开放, 并通过不同部门法的体系性回应, 构筑非公共数据利用与共享的制度基础。“数据二十条”肯定我国法治实践对数据权益保护的经验, 创新数据产权观念, 淡化所有权、强调使用权, 聚焦数据使用权流通, 其采用的“数据产权”概念, 完全不同于传统的财产权或产权概念, 需要在实践中科学理解并逐步完善相关制度。",数据确权;财产规则;责任规则;反公地悲剧;网络效应,D,,,法学三大刊论文/法学研究/数据确权的误区.pdf
1518,数据确权：理路、方法与经济意义,熊丙万[1];何娟[2],,2023,3,54,72,关于数据之上应否确权的问题，当前有一种较为流行的看法，一方面基于数据的某种不确定性，认为数据确权欠缺可行性且会阻碍数据流通复用，不具有经济性；另一方面倡导一种场景化的行为规制模式，并辅之以当事人自主合同磋商机制，认为数据确权并无必要。但此种看法未能充分考虑数据市场的运行逻辑，过度放大了确权对数据流通复用的阻碍作用，且未能充分意识到行为规制模式背后隐含的确权思维，更未系统理解数据确权的社会经济意义。数据确权不等于确立一个财产所有权。相反，数据确权工作需遵循“财产权标准化”的一般原理，根据数据财产权利人与不同社会交往对象之间的社会关系熟悉度，分别构建相应标准化程度的数据财产权样态。数据财产权的标准化有助于在数据持有人与不同主体的交往活动中实质性节省交易成本，更有助于提升数据生产水平和流通效率。,数据财产权;行为规制;持有权;使用权;经营权,D,,,法学三大刊论文/法学研究/数据确权：理路、方法与经济意义.pdf
1519,整体法秩序视野下被害人自陷风险的理论重塑,陈璇[1],,2023,3,168,187,被害人自陷风险并不是一个仅涉及刑事可罚性的单纯部门法问题。以“仿共犯”模式为代表的单一刑法思维，一方面将“行为人—行为人”责任划分模式错误地套用于“行为人—被害人”责任分配问题，另一方面拘泥于被害人自陷风险在界分罪与非罪方面的功能，却忽视了其在初级规范层面的意义。被害人自陷风险问题的分析框架，由法律性质和法律责任两个层面构成。在法律性质层面，首先，从权利分配格局的视角出发，某些自陷风险的情形足以直接否定注意义务违反性；其次，在确定行为人违反了注意义务的情况下，需进一步考察能否根据被害人承诺例外地阻却过失行为的违法性。在法律责任层面，既可能因为“被害人过错”而降低甚至排除行为人行为的刑事可罚性，也可能借由“过失相抵”而减轻行为人的侵权损害赔偿责任。,被害人自陷风险;注意义务;被害人承诺;整体法秩序,D,,,法学三大刊论文/法学研究/整体法秩序视野下被害人自陷风险的理论重塑.pdf
1520,文书真伪认定的中国路径,曹志勋[1],北京大学法学院,2019,6,115,133,"文书在我国民事诉讼证据中占据核心地位。大陆法系常见的文书真伪之诉,体现了确认之诉原理的例外规则,但我国没有专门规定这种特殊程序的必要。文书真伪应当在普通诉讼中成为争点,参考其他大陆法系的经验和我国实务做法,我国应在形式要件上明确要求相对方就文书真伪表态,但需注意我国语境下的必要例外。在实质要件上,文书真伪问题应当以规范说作为证明责任分配标准,而不应以待证事实在审理过程中的证明状态为标准。应当正确认识文书真伪鉴定及以勘验为代表的其他制度和技术促进真相发现的作用。应区分公、私文书的证明力规则和文书的形式及实质证明力。文书形式证明力应当包含文书真伪问题,从我国现行法中可以解释出公文书形式证明力的推定规则。",文书;形式证明力;文书真伪之诉;证明责任;公文书,D92,0,,法学三大刊论文/法学研究/文书真伪认定的中国路径.pdf
1521,文体活动自甘冒险的风险分配与范围划定,申海恩[1],,2023,4,93,113,文体活动是我国民法典创设的一个特殊的风险分配场域。由于文体活动的风险喜好、娱乐社交等特性，在这一领域，风险的开启与控制、避免与分散、成本与收益、信赖保护等传统风险分配考量因素均已失灵。文体活动自甘冒险中参加者并无自己承担损失或免除对方责任的意思，不能基于受害参加者之自愿得出免责的结论。文体活动风险分配的决定性考量因素在于风险的固有性和共同性，在这一领域采取注意标准降低至避免无谓损害的风险分配路径更能反映其实质。文体活动注意标准的降低，在立法上表现为对重大过失负责，因此在司法裁量是否构成重大过失时，也应结合具体文体活动，判断致害参加者是否尽到避免无谓损害的注意义务。对文体活动范围的扩张或者限制论，均未从文体活动风险的特殊性入手，具备这些特征风险的文体活动，即应纳入民法典第1176条的文体活动自甘冒险规则的适用范围内。,自甘冒险;文体活动;注意义务;重大过失;风险分配,D,,,法学三大刊论文/法学研究/文体活动自甘冒险的风险分配与范围划定.pdf
1522,文化中国的法律构建——以历史文化遗产法为中心,李富鹏[1],中国政法大学法学院,2025,2,208,224,中国式法治现代化以历史为本，同时以中华优秀传统文化为旨归，不断完善“文化中国”的法律体系构建。八二宪法之“文化中国”的国家目的条款，将规范秩序的合法性奠基于历史、文化与传统所构筑的正当性之中，亦即一种多元兼容而悠久审慎的历史观念。同时，八二宪法之“文化国”的国家目标条款，尤其是保护历史文化遗产的基本国策，通过文化遗产法的观念变迁与体系化，以法律守护着历史文化。当代中国法治这种近乎本能地的文化复归，一方面脱胎于中华传统文化对于国家建构的根本规定性，一种经与史、道与事、规范性与经验性、法律与文化彼此互构的观念；另一方面又因应现代法治国的形式，化身为宪法及文化遗产法的概念与规范、体系与机制。可见，当代中国的法治实践不断对中华法律传统与世界法律文明进行着双重转译，从而催生着中国法的创造性转化与创新性发展。,文化中国;文化国;国家目的;国家目标;历史文化遗产法,K87,,,法学三大刊论文/法学研究/文化中国的法律构建——以历史文化遗产法为中心.pdf
1523,文化传承视角下的中国传统法典编纂,宋玲[1],中央民族大学法学院,2025,1,208,224,文化是制度的渊源与根基，制度推进文化的弘扬与传承。从文化传承的视角来审视中国传统法典编纂，更可以透视文化与制度的关系。中国传统法典编纂的外在形式，展示了其文化的形式之美；法典编纂的“祖制”情结，凸显了其文化的连续性；法典编纂的“因时”特征，突出了其文化的创新性；从政治法律文化角度而言，法典编纂的“治吏”色彩，突出了其文化的核心要义；就更宏阔的文化而言，法典编纂的“共同体”意识，凸显了其文化的“铸牢”力量。传统法典编纂在文化传承中进行，本身亦可视为一种文化。传统法典编纂体现了文化自觉与法治建设的关系，为当代文化传承与现代法治建设的互动提供了一个生动范例。,文化传承;中国传统;法典编纂;法治建设,D,,,法学三大刊论文/法学研究/文化传承视角下的中国传统法典编纂.pdf
1524,新思想引领法治新征程——习近平新时代中国特色社会主义思想对依法治国和法治建设的指导意义,张文显,中国法学会,2017,6,3,20,习近平新时代中国特色社会主义思想是马克思主义中国化的最新成果，是中国特色社会主义理论的重大创新发展，是全党全国各族人民全面建设社会主义现代化强国、为实现中华民族伟大复兴而奋斗的行动指南。习近平总书记在十九大报告中用八个“明确”精辟概括和深刻阐述了新时代中国特色社会主义思想的精髓。八个“明确”的每一项都与法治有着紧密的逻辑关联，都对依法治国和法治建设有着重大而深远的指导意义。本文在认真研读习近平总书记十九大报告和十八大以来系列讲话的基础上，结合中国特色社会主义法治实践，就八个“明确”对依法治国和法治建设的战略性、基础性、现实性、前瞻性指导意义逐一进行了分析和阐释。,八个“明确” 依法治国 法治新征程 中国特色社会主义法治,D092.7,0,,法学三大刊论文/法学研究/新思想引领法治新征程——习近平新时代中国特色社会主义思想对依法治国和法治建设的指导意义.pdf
1525,新时代中国法治理论创新发展的六个向度,李林[1],中国社会科学院法学研究所,2019,4,3,20,"推进中国特色社会主义法治理论创新发展,是新时代法理学和法治理论研究的时代使命和学术责任。在推进全面依法治国、建设法治中国的伟大实践中,推动新时代法治理论创新发展,应当关注和把握六个重要向度,即法治中国的法理向度、政治中国的政理向度、法治体系的时代向度、法治效能的实证向度、法治世界的国际向度、系统法治的综合向度,由此加快构建新时代具有中国风格、中国气派、中国特色的社会主义法治理论体系。",法治理论;依法治国;法治体系;法治实效;国际法治,D621,0,,法学三大刊论文/法学研究/新时代中国法治理论创新发展的六个向度.pdf
1526,新时代推进社会公平正义的法治要义,"胡玉鸿[1,2]",苏州大学王健法学院\中国法治现代化研究院,2018,4,39,52,"“社会公平正义”是党的十九大报告中的高频词汇,社会公平正义思想是新时代中国特色社会主义思想的有机组成部分。社会公平正义是人民美好生活的基本需要,决定着人民生活的获得感、幸福感、安全感。民生问题是衡量社会公平正义的标尺,在初始条件上,要保障每一个公民都有提高生活质量、追求美好生活的机会与条件;在补足条件上,国家应积极投入,为公民获取机会和增长能力提供条件;在分配正义层面,要通过国家法律、政策的推行,为社会公平正义的实现提供制度保障。十九大报告就竞争公平、教育公平、司法公正等重点问题进行了阐述,明确了当代中国在推进社会公平正义方面的主要制度着力点。当然,实现社会公平正义并非一蹴可就的事业,要以“尽力而为、量力而行”作为推进社会公平正义的基本步骤。",新时代中国特色社会主义思想;学习十九大报告;社会公平正义,D523,0,,法学三大刊论文/法学研究/新时代推进社会公平正义的法治要义.pdf
1527,新时代行政审判因应诉源治理之道,章志远,华东政法大学,2021,3,192,208,"诉源治理观嵌入行政审判过程之中,既是坚持党对人民法院工作绝对领导的政治体现和人民法院纾解行政审判工作困境的现实需求,也是中国特色行政审判制度从单纯权力监督制约模式转向兼顾权力互动模式的真实写照.在以有效调控行政诉讼增量为目标的政策参与型诉源治理格局中,人民法院通过扮演参与者和分流者角色追求诉讼的源头治理.在以根除行政争议产生土壤为目标的法治规范型诉源治理格局中,人民法院通过扮演主导者和裁判者角色追求诉求的源头治理.人民法院行政审判活动依法因应诉源治理理想局面的形成,尚需从行政诉讼法上诉讼目的条款内涵延展、诉前调解合法性补强、繁简分流程序规范、一并解决民事争议条款扩容、变更判决适用范围适度拓宽等方面予以推动,以加快行政审判制度全面融入法治一体建设的历史进程.",诉源治理;诉前调解;社会治理;法治社会;行政审判,D,0,,法学三大刊论文/法学研究/新时代行政审判因应诉源治理之道.pdf
1528,新时代行政生效裁判检察监督之道,章志远[1],华东政法大学,2024,5,21,37,近五年来，中国特色行政检察监督的范围不断拓展、手段日渐丰富，在全面依法治国进程中的独特作用更为明显，同时也面临规范依据欠缺和监督资源不足的现实问题。新时代国家治理现代化进程中行政检察监督的全面深化，应当坚持依法履职和积极稳妥拓展并重原则，围绕行政生效裁判监督高质效办好每一个案件。着眼于为行政诉权提供全面有效的司法保护，检察机关应秉承起诉条件低阶化原则，积极拓展对确有错误的不予立案、驳回起诉裁定的监督形态，提升国家吸纳化解行政争议的治理能力。为实现行政法律规范的统一正确适用，检察机关应熟练运用文义解释、目的解释方法，不断拓展对适用法律、法规确有错误的生效裁判的监督形态，提升国家维护社会主义法治统一的治理能力。从坚持党的领导和执法办案“三个效果”相统一的理念出发，检察机关应树立法政兼容思维，不断拓展法理、情理、事理融入行政生效裁判监督的形态，提升国家定分止争和塑造法治社会的治理能力。行政生效裁判检察监督制度的发展，能够进一步丰富贯彻习近平法治思想的检察实践，为中国式现代化贡献更多行政检察力量。,行政检察;检察监督;行政生效裁判;行政争议实质性化解;国家治理现代化,D,,,法学三大刊论文/法学研究/新时代行政生效裁判检察监督之道.pdf
1529,方法论演进视野下的中国法律实证研究,雷鑫洪,中国人民公安大学法学院,2017,4,97,116,以中国知网收录的法律实证研究文章为主要样本，运用信息化手段进行统计发现，2000年以来，我国的法律实证研究成果在数量和质量上均呈稳步提升态势，预计未来数年也将处于上升发展的趋势。尚在成长中的法律实证研究，面临理论储备不足、科际整合有限、获取资料困难等问题。法律实证研究应以思考中国社会的现实问题为己任，形成科学的方法论，通过多学科合作研究，建立具有本土属性的理论体系，推动中国的法学研究从书斋走向实践，从行动中获取知识。,法律实证研究;可视化计量分析;法学方法论;法学研究范式,D922.29,0,,法学三大刊论文/法学研究/方法论演进视野下的中国法律实证研究.pdf
1530,无益费用的赔偿限制原理,尚连杰[1],南京大学法学院,2024,5,55,74,因信赖合同有效性或信赖获得给付而支出的无益费用，均为信赖利益损失，其赔偿限制标准具有整合的逻辑基础。当存在可确定的履行利益时，无益费用赔偿均应以履行利益为限，从而避免债权人将错误评估的风险转移给债务人。即使履行利益因可预见性规则或过失相抵规则的适用而被削减，无益费用赔偿也应以可赔偿履行利益为限，从而避免限制履行利益赔偿的规范目的落空。基于可预见性与相当因果关系的同质性以及法解释上的可能性，应将可预见性规则一体适用于无益费用的赔偿限制。在判断所支出费用是否可预见时，应区分典型费用与非典型费用，前者均可预见。当债权人以赢利为目的时，如果合同中未作明示或默示约定，则不赔偿非典型费用；当债权人不以赢利为目的时，非典型费用可在对待给付的范围内获得赔偿。在可赔偿履行利益的范围内，无益费用均应获得赔偿，不再受可预见性规则或狭义过失相抵规则的限制，仅适用减损规则。当履行利益不确定或不存在履行利益时，应承认可预见性规则和过失相抵规则的功能差异，由二者共同发挥限制无益费用赔偿的功能。,无益费用;信赖利益;履行利益;过失相抵;可预见性,D,,,法学三大刊论文/法学研究/无益费用的赔偿限制原理.pdf
1531,既判力相对性原则：根据、例外与制度化,张卫平[1],清华大学法学院,2015,1,68,86,既判力相对性原则是既判力制度中的一项基本原则，是指判决的既判力在一般情形下仅发生于当事人之间。这一原则不仅有助于纠纷的终局解决，保障法律关系的稳定，同时能够为没有参加诉讼的案外第三人的民事权益提供程序保障。作为既判力相对性原则的例外，确定判决对于诉讼系属后的承继人及为当事人或其承继人占有请求之标的物者，亦有效力。为他人之利益而作为原告或被告者之确定判决，对于该他人也有效力。我国现行民事诉讼法尚未明确规定既判力相对性原则。这一原则的缺失导致了民事诉讼法在第三人权益的程序保障方面存有重大缺陷，也造成了实践中第三人撤销之诉适用的混乱局面。应当完善既判力制度，确立既判力相对性原则，将第三人撤销之诉的适用限制在确定判决既判力相对性的例外情形。,既判力;既判力相对性原则;既判力主观范围;第三人撤销之诉,D923.6,69,,法学三大刊论文/法学研究/既判力相对性原则：根据、例外与制度化.pdf
1532,明代监察系统内部监察制度析论,陈国平[1],,2022,6,206,222,明朝统治者高度重视对监察权的监督制约，本着“治人者必先自治”的原则，将法定的监察形式充分运用于监察系统内部，在六科与都察院系统之间、都察院与十三道监察御史之间、都察院及御史与按察使司之间、巡按御史与督抚之间都建立了互相监察的制度。明代监察系统内部监察制度具有相互制衡、网络严密、全过程监察、规则明确、形式丰富多样等特点，对于充分发挥监察机关的监察效能，维护中央集权统治起到了重要促进作用。但是，因其为绝对君主专制制度的伴生物，核心在于维护以皇权为中心的君主专制统治，在专制统治走向衰败时就暴露出一些致命缺点，最终成了它的殉葬品。,明朝;监察制度;内部监察,D,,,法学三大刊论文/法学研究/明代监察系统内部监察制度析论.pdf
1533,明清时期地权秩序的构造及其启示,汪洋,清华大学法学院,2017,5,113,132,明清时期的地权秩序表现为受制于国家政治权力的宏观地权秩序与乡土社会原生自发形成的微观地权秩序的二元结构。民间地权秩序以“业”为核心概念，以私人契约为工具，分化为永佃、一田二主、典制等多样态的管业层级以及典卖、活卖、绝卖等一系列交易形态。诸管业层级根据经营收益、流通性、管业年限与税赋风险等四种影响因子，体现为不同的权利内容与地权价值。诸地权交易类型以当前收益与未来收益两个维度构建起统一的交易链条与理论框架。民间自发的地权分化所催生的复杂地权结构起到了明晰产权与降低交易成本的积极功效，其成因根植于明清社会经济的变迁之中。明清时期地权秩序呈现出来的抽象和相对性观念、时间维度上的灵活性特征，不同于大陆法系以绝对所有权为中心的物权观念以及“所有权一他物权”结构，这一观察对我国农地“三权分置”改革颇具启发意义。,管业秩序 地权分化 一田多主 典制 三权分置,F321.1,0,,法学三大刊论文/法学研究/明清时期地权秩序的构造及其启示.pdf
1534,晚清时期国人对法院组织的认知,侯欣一[1],,2022,4,185,204,"《南京条约》的签订,标志着中外关系史上不平等条约时代的到来.在中外、主要是中西交往规模逐渐扩大的背景下,国人通过各种渠道开始了对源自于西方的现代法院组织的认知.认知由点到面,大致形成了直观感受、法院组织功能、法院组织价值和操作知识等四个层面.一种文明的器物、公断是非的工具、审判独立以及法院组织法、民事诉讼法及刑事诉讼法之体用集合分别对应着上述四个层面.这些认知,作为一种思想资源或深或浅地影响着现代法院组织在中国的创制及运行.换言之,国人对法院组织的认知水平,以及将这种认知水平发展成一套自主的话语体系,用以适应公、私两域生活方式转变的能力决定着法院组织这一舶来品在古老中国的生存状况.",法院认知;法院功能;独立审判;法院组织;诉讼程序,D,,,法学三大刊论文/法学研究/晚清时期国人对法院组织的认知.pdf
1535,晚清杀尊亲属罪转型中的基本问题,张一民[1],,2022,3,194,208,"尊亲属的概念、法典编纂及减刑主义的司法转向是杀尊亲属罪的近代转型中的基本问题.1902年清廷一改旧律""仅叙可原之情,不拟应减之罪""的裁判惯例,首先以司法判例的形式确定了减刑主义的司法转向.1907年《刑律草案》、1910年《修正刑律草案》均拟确立外祖父母的尊亲属地位,但1911年《钦定大清刑律》终未能将外祖父母纳入尊亲属范畴,应与外祖父母的""服轻而义重""、持服与否的旧律定位直接相关.关于杀尊亲属罪宜否另立专章并章节前置,礼法两派往来说理均流露出对旧律复杂且客观的认知.总之,借助近代西方法律之""器""修剪固有礼法伦常之""道"",杀尊亲属罪的近代转型试图在维系孝道伦理的同时,平稳推进晚清新政改革.",杀尊亲属;外祖父母;减刑主义;编纂体例,D,,,法学三大刊论文/法学研究/晚清杀尊亲属罪转型中的基本问题.pdf
1536,晚清西方视角中的中国家庭法--以哲美森译《刑案汇览》为中心,于明[1],华东政法大学法律学院,2019,3,190,208,"哲美森在《中国评论》上发表的""中国刑法案例"",是目前所见《刑案汇览》最早的英文翻译。哲美森的翻译,既源自他的中国民法研究计划,也来自英国法律人对于民事习惯与判例的关注。通过对哲美森著《中国家庭法与商事法》与其所译《刑案汇览》案例的对勘,可见哲美森对中国家庭法中的婚约效力、嫁娶违律、立嗣继承等问题的独到观察与深入研究,并由此折射19世纪下半叶西方人对中国家庭法的一般看法。回到维多利亚时代的学术背景之中,哲美森的中国家庭法研究来自于梅因等人所开创的比较历史人类学的研究传统,其中既有对已有研究的继承,也有汉学研究的独特视角与智识贡献。同时,由于殖民者的视野局限,这种比较研究的背后也存在不可忽视的偏见与不足。",家庭法;中国评论;哲美森;刑案汇览;立嗣,D929,0,,法学三大刊论文/法学研究/晚清西方视角中的中国家庭法以哲美森译《刑案汇览》为中心.pdf
1537,智能互联网时代的法律变革,马长山[1],华东政法大学,2018,4,20,38,"智能互联网的迅猛发展产生了很多革命性后果,形成了双层空间—虚实同构、人机共处—智慧互动、算法主导—数字生态的时代特征。这使得既有法律规范对其难以进行有效涵盖和调整,既有规则逻辑的解释力日显困难,既有司法解纷机制也遭遇了明显障碍,因此,必然会引发深度的法律变革。一是在法律价值上,会出现新型的数据正义观、代码正义观和算法正义观;二是在法律关系上,权利与义务关系面临着根本性的重塑,权力与权利的关系发生了结构性转向;三是在法律行为上,形成了立足双重空间、人机混合、行为协同的复杂行为模式、因果关系和社会后果。这样,就需要确立适应智能互联网时代发展要求的时代法律理念,构建一体融合的法律体系,探索新型的代码规制方式,塑造高度自主的精细化治理秩序,促进执法司法的智能化发展,并嵌入风险控制的制度机制,进而推进法律制度和规则秩序的转型升级。",互联网;大数据;人工智能;法律变革;法律转型,D920.0,0,,法学三大刊论文/法学研究/智能互联网时代的法律变革.pdf
1538,智能投资顾问模式中的主体识别和义务设定,高丝敏[1],清华大学法学院,2018,5,40,57,"在智能投资顾问模式下,不具有独立的法律人格的智能投资顾问取代自然人为投资者提供咨询意见,主要以金融从业者为规制对象的传统法律体系实际上被架空,从而导致义务主体虚无化和义务体系失灵的问题,因此有必要重构相关主体识别制度及其义务体系。智能投资顾问是运营者(投资咨询机构)延伸出去开展业务的长臂,运营者及其内部智能投资顾问的监管者应当被识别为受托人,承担信义义务和合规义务。智能投资顾问的研发是投资咨询行为前置为算法的过程,是对自然人投资顾问行为的模拟。程序研发者区别于研发过程中提供交易和决策模型的金融从业者,前者仅是投资顾问的辅助人,不承担投资顾问的义务;后者应当被识别为投资顾问,并承担相应的义务。智能投资顾问模式下义务的设定需要穿透到算法层面,基本的原则是,既要避免以算法黑盒为由逃避和减少义务,导致责任缺位,也要充分体现人工智能的发展,避免过于苛责义务人。",智能金融;智能投资顾问;长臂规则;信义义务,D923.8,0,,法学三大刊论文/法学研究/智能投资顾问模式中的主体识别和义务设定.pdf
1539,最小必要原则在平台处理个人信息实践中的适用,武腾[1],中央财经大学法学院,2021,6,71,89,"最小必要原则包括相关性、最小化、合比例性三个子原则.在适用该原则时,我国实践中的主流做法是只承认网络平台的次要处理目的,即实现具体业务功能,而不承认其主要处理目的,即提供精准的交易媒介服务.最小化原则的要求与网络平台实现其主要处理目的之间存在巨大张力,个人信息自主控制制度、匿名化制度都难以缓解该张力.鉴于最小必要原则的适用范围局限于利益减损型处理行为,如果网络平台实际上为增进信息主体的利益而行动,便不满足最小必要原则的适用条件.按照补充性的合同解释方法,网络平台在提供媒介服务时应当承担给付型忠实义务,即有义务为消费者在所媒介交易中的可得利益最大化而行动.履行给付型忠实义务的网络平台,在其个人信息处理的综合影响为正面,且给信息主体造成的损害或者危险有限的情况下,可以在合理的必要范围内处理非敏感的和敏感度低的个人信息.",个人信息保护;最小必要原则;网络平台;忠实义务;补充性的合同解释,D922.16,0,,法学三大刊论文/法学研究/最小必要原则在平台处理个人信息实践中的适用.pdf
1540,有组织犯罪案件分案审理问题研究,龙宗智,四川大学法学院,2021,3,152,170,"刑事案件的合并与分离,应考量案件关联性的性质与强度,保障司法公正、效率及当事人权利,且注意司法能力约束.有组织犯罪案件审理,具有人员众多、罪行多样、关联性紧密,以及须查明组织状态与框架等特点.将被告过多的案件分案审理,能促进庭审有序,防止过于拖延,保障质证辩论,降低审理难度,体现刑事政策.但分案审理的弊端也突出,易导致审理碎片化及同案犯质证受限,案件裁决趋于行政化,尤其是出现""无质证认证""及""不审而判""等程序不公.司法实践中存在分案随意、过度,对辩方程序权利保障不足等问题.完善分案制度,应坚持以同案同审为原则,同案分审为例外;应把握条件,权衡利弊,慎重选择分案审理,分案时遵循案件自身逻辑;应妥当处理对组织、领导者及骨干成员的审理方式,慎重对待认罪认罚案件的分案审理,保障辩方诉讼权利;应注意分案时的审判组织构成与裁判协调,加强分案问题上的诉审协调并确认法院的审理决定权.他案被告人在本庭陈述,仍应视为被告人供述而非证人证言;需利用庭前会议解决相关证据与程序问题.应进一步完善关联案件并案与分案审理规范.",有组织犯罪;分案审理;合并审理,D,0,,法学三大刊论文/法学研究/有组织犯罪案件分案审理问题研究.pdf
1541,期待可能性理论的引入及限定性适用,钱叶六,苏州大学王健法学院,2015,6,116,135,期待可能性理论不仅具有对实定法相关规范（法定的责任减免事由）的解释功能，在特定场合下，还能为超法规的期待可能性事由（超法规的责任减免事由）的具体适用提供理论根据。区分违法要件和责任要件的阶层式犯罪构成体系在我国刑法学中的确立和发展，为期待可能性理论的引入及其应用排除了体系上的障碍。基于刑法安定性的要求，应严格限定超法规的期待可能性事由的适用条件，合理划定其适用范围。实践中，可以考虑适用超法规的期待可能性事由的情形，主要限于牺牲他人生命保全自己生命的紧急避险、安乐死、执行上级的违法命令、本犯单纯妨害作证、近亲属妨害司法、单纯脱逃、妇女不堪忍受长期家庭暴力而杀夫、迫于生活困难而出卖子女以及妇女因生活所迫而重婚等一些特殊的案件。,期待可能性;阶层式犯罪构成体系;责任减免事由;超法规的期待可能性事由,D914,68,,法学三大刊论文/法学研究/期待可能性理论的引入及限定性适用.pdf
1542,期待权之检讨,袁野[1],,2024,3,77,95,期待权概念发端于德国民法，在我国民法学说和实务中颇为流行。但是，从期待到期待权的证立过程不仅草率，而且具有循环论证的明显缺陷。期待权在规范层面实则多余，并进一步造成了体系违和及其他衍生的学理误区。期待权的正确定位应系描述性概念而非规范性概念，宜在描述和归纳功能方面发挥有限价值，在此意义上，期待权系对（高度确定的）受保障的特定法律地位的概括性指称。我国民法不仅无需继续依赖德国期待权理论，亦无需构建期待权制度，且尤其要注意（物权）期待权在方法论层面的运用风险。,期待权;规范性概念;描述性概念;所有权保留;不动产买受人,D923,,,法学三大刊论文/法学研究/期待权之检讨.pdf
1543,机能的思考方法下的罪数论,庄劲,中山大学法学院,2017,3,143,159,奉行“本来的思考方法”的传统罪数论，把罪数视为犯罪本来的数量属性。这种朴素的思考方法造成罪数论庞杂的问题域、双主线的矛盾体系和不合理的结论。移植竞合论也不能摆脱上述困境，因为二者在思考方法上是相似的。在罪数论中应提倡“机能的思考方法”，以罪数论在刑法学体系中的机能为导向，限制其问题域，重新确立界分一罪和数罪的罪数标准。罪数论承担的是并罚前的过滤机能：在进入数罪并罚之前，把诸罪名之间存在重复不法评价的情形过滤出来，避免对其进行并罚。据此，只有触犯不同罪名的情形才需要判断罪数；罪数判断并非对犯罪个数进行计算，其标准应是诸罪名所评价的法益侵害之重合性；若诸罪名所评价的法益侵害存在重合，为一罪，反之则一律数罪并罚。,罪数论;竞合论;罪数标准,D924,0,,法学三大刊论文/法学研究/机能的思考方法下的罪数论.pdf
1544,构建公共服务法律体系的理论逻辑及现实展开,陈云良[1];寻健[2],广东外语外贸大学法学院,2019,3,3,14,"公共服务最初导源于""生存照顾""理念,主要体现为针对弱势群体的社会保障制度。现代社会的公共服务理念正在向激励并促进个人和社会全面发展的方向转变,它要求建立面向广泛社会成员的、全方位的公共服务法律体系。我国宪法及相关法律法规已经覆盖到公共服务的大部分领域,但仍然存在关键领域立法缺位、立法理念落后、可操作性不强等实际问题,这些问题严重制约着我国公共服务的供给能力和供给水平。现阶段,我国亟需制定一部公共服务基本法,以发挥立法上的统领和指导作用。在公共服务基本法的基础上,还应制定或完善公用事业法、社会保障法、公共安全法、社会事业法、公共财政法等公共服务单行法,形成公共服务基本法与单行法协调统一的中国特色公共服务法律体系。",公共服务;社会保障;公共服务基本法;平衡充分发展,D920.0,0,,法学三大刊论文/法学研究/构建公共服务法律体系的理论逻辑及现实展开.pdf
1545,构建行政公益诉讼的客观诉讼机制,刘艺[1],西南政法大学,2018,3,39,50,"我国行政诉讼鲜明的主观诉讼特征,致使行政公益诉讼很难自然生长出来。2017年行政诉讼法修正,正式确立了由检察机关提起的行政公益诉讼制度,构建和发展具有客观诉讼特征的行政公益诉讼机制势在必行。2015年7月起开展的两年行政公益诉讼试点实践,已经呈现出诸多客观诉讼的特征:以违法造成实际损害为起诉条件并以实质合法性为审查标准,诉讼前置程序发挥督促执法功效,受案范围从行政行为扩展到行政活动,主要提起责令履职之诉,确认之诉次之。构建我国行政公益诉讼制度的客观诉讼机制,仍需在受案范围、审理规则、立案程序、审理程序、期限、判决类型等方面突出其客观诉讼特征。",行政诉讼;行政公益诉讼;客观诉讼,D925.3,0,,法学三大刊论文/法学研究/构建行政公益诉讼的客观诉讼机制.pdf
1546,构成要件错误的本质:故意行为危险的偏离,柏浪涛[1],华东师范大学法学院,2018,3,136,154,"关于构成要件错误,法定符合说与具体符合说的分析视角是效果论,通过比对预想结果与实际结果来决定结果归属,然而这一分析路径并不能为结果归属提供实质根据。相反,考察危险发生机理的机理论能够揭示错误的本质,为结果归属提供实质根据。例如就打击错误而言,行为人的一个行为同时制造了故意行为危险和过失行为危险;前者具有目的性与支配性,后者具有盲目性与任意性,对二者不能等同视之,认为故意行为危险与过失行为危险具有同一性的观点难以成立。若结果不是故意行为危险的实现,而是过失行为危险的实现,亦即危险发生了实质偏离,则结果不能归属于故意。关于结果归属的判断,罗克辛的计划实现理论、弗里施的风险理论、普珀的故意危险理论均存在不足,而故意行为危险的实现标准具有合理性。依此判断,故意行为危险在对象错误中并未发生偏离,在打击错误中发生了偏离;而在各种因果关系错误中,是否发生偏离需作具体分析。",构成要件错误;法定符合说;行为意志;故意归属;危险偏离,D923.6,0,,法学三大刊论文/法学研究/构成要件错误的本质_故意行为危险的偏离.pdf
1547,案件事实的归属论证,黄泽敏,中南财经政法大学法学院,2017,5,74,92,案件事实的归属论证是司法裁判说理的灵魂所在。它主要是为了打通事实与法律之间的屏障，解决案件事实能否归属于法律规则构成要件之下的说理难题。当前，涵摄模式与等置模式在归属论证方面均存在难以克服的缺陷。可以在汲取它们各自优势的基础上，根据可普遍化公理，对归属论证模式进行重新建构，确立事实论证与价值论证的递进式符合模式，以及相应的论述型式论证规范和“事实解释在先，价值解释在后”的法律解释原理。递进式符合模式具体表述为：若能够证明待决案件事实与构成要件指陈的要件事实在事实特征上相符合，则应当把案件事实归属在构成要件之下；事实特征无法证明相符合，就应当递进到对案件事实的价值判断是否符合法律规则的价值预设的证明：若符合，便将案件事实归属在构成要件之下，反之则不予归属。,法律论证 归属论证 涵摄模式 等置模式 递进式符合模式,D915.13,0,,法学三大刊论文/法学研究/案件事实的归属论证.pdf
1548,案外人对执行标的主张实体权利的程序救济,金印[1],中国人民大学法学院,2021,5,114,128,"为保护案外人排除对执行标的强制执行的实体权利,民事诉讼法第227条第2句建立了以案外人申请再审与案外人异议之诉为内容的二元救济体系.二元救济体系将程序认定的正确性与实体权利的真实性绑定在一起,体现了民事程序法对实体法的依附,这既不符合民事诉讼的结构、民事诉讼法的基本原则和具体制度,又浪费司法资源、增加当事人诉累,还会造成司法保护漏洞.二元救济体系应回归比较法通行的一元救济体系:只要案外人对执行标的主张足以排除执行的实体权利,不论其是否认为原判决、裁定错误,亦不论案外人的请求是否与原判决、裁定有关,均由案外人异议之诉调整.在立法修改之前,司法可促成二元救济体系一元化.","案外人异议之诉;案外人申请再审;""客体同一性""",D925.1,0,,法学三大刊论文/法学研究/案外人对执行标的主张实体权利的程序救济.pdf
1549,检察人员对分类管理改革的立场——以问卷调查为基础,程金华[1],华东政法大学国际金融法律学院,2015,4,71,85,对全国7省市13家中基层检察院1748位检察人员进行问卷调查发现，受访者对检察人员分类管理改革所面临的现存问题和改革必要性有较高的共识度，但在具体的改革举措上，不同岗位的受访者的改革立场存在明显差异。从数据分析结论看，今后在司法人员分类管理改革的操作方面，应当注重司法系统内外的联动性，把拓宽党政部门对司法部门的人财物支持作为分类管理改革的根本来抓，而把员额制的“入额”问题放在改革的技术层面来操作。在改革方法论方面，司法改革顶层决策者要通过科学的问卷调查等实证分析方法，来系统了解司法人员针对改革诸多事项的具体态度与不同看法，并在此基础上有针对性地进行利益相关者动员，以达到凝聚改革共识的效果。,司法改革;司法人员分类管理;利益相关者;实证研究,D926.3,25,,法学三大刊论文/法学研究/检察人员对分类管理改革的立场——以问卷调查为基础.pdf
1550,检察官相对独立论,朱孝清[1],原最高人民检察院,2015,1,137,153,法学界一般认为，“人民检察院依照法律规定独立行使检察权”中的“独立”是指检察院作为整体的独立，而非检察官独立。但实际上，检察官相对独立具有检察制度内在的必然性和现实的必要性：它是检察院整体独立的基础，是“检察一体”的前提和防止“检察一体”弊端的重要措施，是检察官法律地位、活动原则、司法规律和深化司法体制改革的必然要求。检察官相对独立是依法独立，是党的领导、人大监督和“检察一体”下的独立，是“独立”与“受制”的有机统一。,检察官;检察一体;相对独立;检察体制改革,D926.3,35,,法学三大刊论文/法学研究/检察官相对独立论.pdf
1551,欺诈市场理论反思,耿利航[1],中国政法大学民商经济法学院、制度学研究院,2020,6,128,148,"对于中国证券市场虚假陈述民事责任纠纷,最高人民法院参考美国欺诈市场理论,给出了推定虚假陈述与投资者之间交易因果关系和损失因果关系之裁判规则。然而,不仅欺诈市场理论在美国经历了激烈的、持续的理论和司法适用纷争,该理论所支撑的虚假陈述民事集团诉讼补偿投资者和威慑不当行为人的政策目标也落空。政策困境是美国欺诈市场理论和司法适用纷争缘起之主因。在同为欺诈市场理论支撑下的中国虚假陈述民事群体诉讼既往实践中,法院不仅遇到了同样的司法适用窘迫,政策困境也一样不少。立法(司法)的努力方向应是竭力控制公司对外赔偿责任,将虚假陈述民事诉讼的核心目标定位在打击隐于公司背后的实施欺诈责任人。法院适当提高代表人诉讼中交易因果关系推定的适用门槛,也许是一个暂时可行的改革方案。",欺诈市场理论;交易因果关系;虚假陈述;集团诉讼;代表人诉讼,D92,0,,法学三大刊论文/法学研究/欺诈市场理论反思 (1).pdf
1552,欺诈市场理论反思,耿利航[1],中国政法大学民商经济法学院、制度学研究院,2020,6,128,148,"对于中国证券市场虚假陈述民事责任纠纷,最高人民法院参考美国欺诈市场理论,给出了推定虚假陈述与投资者之间交易因果关系和损失因果关系之裁判规则。然而,不仅欺诈市场理论在美国经历了激烈的、持续的理论和司法适用纷争,该理论所支撑的虚假陈述民事集团诉讼补偿投资者和威慑不当行为人的政策目标也落空。政策困境是美国欺诈市场理论和司法适用纷争缘起之主因。在同为欺诈市场理论支撑下的中国虚假陈述民事群体诉讼既往实践中,法院不仅遇到了同样的司法适用窘迫,政策困境也一样不少。立法(司法)的努力方向应是竭力控制公司对外赔偿责任,将虚假陈述民事诉讼的核心目标定位在打击隐于公司背后的实施欺诈责任人。法院适当提高代表人诉讼中交易因果关系推定的适用门槛,也许是一个暂时可行的改革方案。",欺诈市场理论;交易因果关系;虚假陈述;集团诉讼;代表人诉讼,D92,0,,法学三大刊论文/法学研究/欺诈市场理论反思.pdf
1553,正当防卫中的退避义务,江溯[1],北京大学法学院,2024,6,162,181,刑法理论和实践在特定场合承认防卫人负有退避义务，但对该义务的类型、根据和适用均欠缺充分说明和论证。正当防卫中的退避义务，可以细分为侵害回避义务、侵害接受义务和狭义退避义务。侵害回避义务和侵害接受义务是对防卫权的否定，狭义退避义务则是对防卫权的限制。若不法侵害发生时具备获得公力救助的机会，寻求公力救助不会给被侵害者造成额外的行动负担且不会降低防卫效果的，鉴于国家暴力垄断原则对私人暴力的封锁，被侵害者就负有侵害回避义务。若不法侵害显著轻微，或者系由被侵害者违反自我维护义务而招致的，防卫权的事实前提或者归属前提没有得到满足，被侵害者就负有侵害接受义务。狭义退避义务的根据既不来自防卫的根据，亦不在于权利滥用，而是源于团结原则。在不完全答责者的不法侵害和部分涉及重大人身法益的防卫中，有作为团结义务的狭义退避义务的存在空间。,正当防卫;防卫权;退避义务;团结义务,D,,,法学三大刊论文/法学研究/正当防卫中的退避义务.pdf
1554,正当防卫法律规则司法重构的经验研究,赵军[1],北京师范大学刑事法律科学研究院,2019,4,156,173,"回归模型数据及访谈资料显示,“人数对比”“侵害工具”“反击方式”等与防卫相当性、必要性密切关联,有可能有利于认定成立正当防卫的情节,在司法适用中并无显著作用;“能回避而未回避”“提前准备防卫工具”等与正当防卫成立要件无必然联系的情节,对成立正当防卫具有显著阻却作用;“谁先动手”这种事关反击行为合法性的关键情节,对认定结果只有极为有限的影响;真正对认定结果有重大影响的因素,是“损害后果”“被害方谅解”。正当防卫司法裁判规则与立法精神的错位,是一种以限制成立正当防卫为目标的规则重构。警务驱动、控强辩弱的“政法协作型办案机制”为这种重构提供了动因与操作空间,“政法共同体”成员的防卫观、犯罪观为其提供了底层逻辑。",正当防卫;法律规则的司法重构;经验研究,D924,0,,法学三大刊论文/法学研究/正当防卫法律规则司法重构的经验研究.pdf
1555,死刑存废的民意维度——以组织卖淫罪可罚性观念的测量为中心,赵军[1],北京师范大学刑事法律科学研究院,2015,2,26,41,概率样本数据显示，组织卖淫罪适用死刑的民意支持率极低，这与公共空间所呈现的舆论态势存在较大反差；围绕本罪死刑存废的拉锯过程对进一步推进死刑改革具有重要启示。由政治领袖推动的“突然死亡”式死刑废除模式在我国不具有可行性，而依靠精英话语引导民众支持死刑废除的思路则面临“精英观念缺位”的尴尬。以个罪死刑的民意支持度为依据，逐步废除罪刑失衡的个罪的死刑，是我国死刑改革的必由之路。在这一过程中，要特别防止“沉默的螺旋”等传播现象所导致的“错位民意”对立法与司法的不当影响。以官方人口统计信息为参照获取概率样本，采用匿名电脑调查法和“讲故事法”测量相对敏感的“外指观念”，是进行民意测量时可行且有效的方法。,死刑改革;组织卖淫罪;民意;可罚性观念,D924.12,28,,法学三大刊论文/法学研究/死刑存废的民意维度——以组织卖淫罪可罚性观念的测量为中心.pdf
1556,死刑适用标准的体系化构造,劳东燕[1],清华大学法学院,2015,1,170,190,当前我国死刑适用的主导思路存在严重缺陷。对刑法第48条第1款应采取以适用死缓为通例、以适用死刑立即执行为例外的解读方式；该款前句是划定“死刑圈”的标准，后句是进一步适用死刑立即执行的条件。对“罪行极其严重”应从行为刑法入手来界定，“罪行”的内容包括行为的主客观侧面，但不应包含人身危险性的内容；对“不是必须立即执行”的理解则采取行为人刑法的视角，着眼于行为人的人身危险性；有必要转换思路从正面界定“必须立即执行”。刑法第50条第2款的规范目的是减少死刑立即执行的适用；对该款规定的适用条件，应从人身危险性的角度来解读。适用死刑时有必要采取“普通死缓→死缓限制减刑→死刑立即执行”的思考顺序。在满足“死刑圈”标准的前提下，应以普通死缓为量刑基准，优先考虑其适用；是否适用死缓限制减刑或死刑立即执行，则进一步取决于对人身危险性的评估与测定。,死刑适用;死缓;死缓限制减刑;死刑立即执行;指导案例,D924.13,63,,法学三大刊论文/法学研究/死刑适用标准的体系化构造.pdf
1557,比例原则位阶秩序的司法适用,蒋红珍[1],上海交通大学凯原法学院,2020,4,41,54,"位阶秩序构成比例原则的规范内涵和操作路径,为比例原则调整目的与手段关系提供了重要基础。与学理建构的""三阶论""不同,我国司法实践中的比例原则,至少存在位阶秩序的""全阶式适用""""截取式适用""""抽象式适用""三种类型。位阶秩序在司法实践中的多样化呈现,既与分支原则的独立性和附属性有关,也与位阶秩序构成论的自身特点有关。分支原则的""显性""与""隐匿"",在某种程度上反映着司法审查介入行政判断的意愿强弱。近年来,司法审查强度及其界定标准已在我国司法实践中得到发展,对比例原则的本土适用产生影响。从位阶秩序适用的多样模式到司法审查强度的多元选择,代表着比例原则在我国司法适用中的未来发展趋势。",比例原则;位阶秩序;司法适用;审查强度;司法与行政,D92,0,,法学三大刊论文/法学研究/比例原则位阶秩序的司法适用.pdf
1558,比例原则的适用范围与限度,梅扬[1],武汉大学法学院,2020,2,57,70,"比例原则是对限制公民权利的国家权力的限制,其适用需要满足一定的前提条件。比例原则保护的是一种相对权利,审查的是国家权力行使的合理性问题,不可克减的公民权利以及目的正当性不在其适用范围内。比例原则具有独特的内涵和价值功能,没有必要也不应当在民法、刑法等部门法中普遍适用,理应回归行政法这一固有领地。为适应国家任务的多样性,比例原则在关注侵益行政行为的同时,也应当向授益行政行为和互益行政行为的领域拓展,但“最小侵害”的严格标准和“法益均衡”的目标追求,决定了其主要用于规制常态意义下的行政权力行使,在紧急状态中的适用要受到一定限制。",比例原则;人权保障;法益均衡;紧急状态,D92,0,,法学三大刊论文/法学研究/比例原则的适用范围与限度.pdf
1559,民事实质诉讼法论,陈刚[1],广州大学法学院,2018,6,128,144,"民事实质诉讼法是指调整民事争讼法律关系的诉讼规范,也是有关民事法律关系的诉讼形成之诉讼规范。民事诉讼法的独立化过程,既是实质诉讼法与实体私法的离缘过程,也是实质诉讼规范与诉讼程序规范的联姻过程。因此,民事诉讼法应当是集合实质诉讼规范和诉讼程序规范之法律。实质诉讼法在本质上经历了从附随于私法的诉讼规范到隶属于公法性质的民事诉讼法规范之“变性”。因此,对于民事争讼法律关系的调整,应当在立法论和解释论上排除私法原则及法理。目前,实质诉讼规范虽在我国现行民事诉讼法中严重缺位,但却大量散落在各单行民事法律及其司法解释以及处于立法审议阶段的民法典各分编草案之中。从长远计,究竟将实质诉讼规范置于民法还是民事诉讼法中加以规定,应当成为民法典编纂中优先考虑的一个重大理论问题。",民事实质诉讼法;民事争讼法律关系;民事诉讼程序法;民法典,D923,0,,法学三大刊论文/法学研究/民事实质诉讼法论.pdf
1560,民事裁判援引规章及行政规范性文件的审查义务,汪君[1],中南财经政法大学法学院,2021,5,144,158,"民事裁判中法官援引规章或行政规范性文件作为说理依据时,需对规章或行政规范性文件的合法有效进行审查.此种审查的实质,是法官在找法过程中以规范秩序统一性为标准,对规章或行政规范性文件之说理依据资格的判断.其与专门审查抽象行政行为合法性的司法审查在制度属性、审查目的、主动程度、处理方式等方面存在不同.民事裁判中对规章或行政规范性文件的审查,可以借鉴行政审判领域权威且成文的审查标准,但应在明确规章和行政规范性文件各自审查范围的基础上,适用不同的审查标准.对规章的审查宜以条文内容为限,对行政规范性文件的审查应从制定权限、条文内容、制定程序三方面进行.民事裁判文书对于审查结果的呈现,尤其是对规章或行政规范性文件合法与否的评价,应较行政裁判更为谦抑.",裁判依据;说理依据;司法审查;民法渊源;民行协作,D925.1,0,,法学三大刊论文/法学研究/民事裁判援引规章及行政规范性文件的审查义务.pdf
1561,民事证明责任分配之解释基准——以物权法第106条为分析文本,徐涤宇,中南财经政法大学法学院,2016,2,98,113,就证明责任如何分配，学理上存在多种判断基准，以至于引发不同的结论。以物权法第106条的证明责任问题为例，存在“善意推定说”、“善意要件之批评说”、“善意要件之肯定说”等学理争议。就上述学说，需要回到法学方法论的立场进行评判。证明责任的确定，实际上是实体法规范的解释问题，应遵循当代法解释学以规范目的为核心的方法论。也即确定民事证明责任分配的法解释学操作，应当以规范目的为其基准。这种操作首先是综合各种解释方法，论证物权法第106条的规范目的；其次是从规范目的出发而非拘泥于法条的文义，重新对该条的证明责任分配进行确定，并在此基础上对上述三种学说进行评判。这种分析路径和结论，不仅验证了以规范目的为解释基准的方法论的可行性，而且也实现了证明责任问题与主流法学方法论的合流。,善意取得;证明责任;规范目的;解释基准,D925.1,49,,法学三大刊论文/法学研究/民事证明责任分配之解释基准——以物权法第106条为分析文本.pdf
1562,民事诉讼中具体化责任的转移:法理、条件与程度,周翠[1],浙江大学光华法学院,2021,5,98,113,"具体化责任转移,是指在满足一定条件后,将对事实主张的具体化责任从负担证明责任的当事人处转移至对方,其法理基础是真实完整陈述义务.具体化责任转移的目的在于消弭因双方当事人的信息来源存在巨大落差而导致的证明困难,既不导致证明责任或举证责任倒置,也未改变传统的攻击与防御手段.我国未来可借助比较法经验,引入具体化责任转移之概念,统一适用条件为负担证明责任的当事人无能力获取信息且积极主张、不负证明责任当事人可被期待具体化主张,明确不负证明责任的当事人的具体化责任与普遍的阐明义务之区别,并根据个案判断不负证明责任的当事人是否满足积极查证要求及其可以简单争辩的情形,细化拟制自认的成立条件.",主张具体化;附理由的否认;拟制自认;真实陈述;普遍阐明义务,D925.1,0,,法学三大刊论文/法学研究/民事诉讼中具体化责任的转移_法理、条件与程度.pdf
1563,民事诉讼中的程序异议权研究,占善刚,武汉大学法学院,2017,2,113,131,在民事诉讼中，程序异议权是一方当事人所享有的指责受诉法院及对方当事人所实施的诉讼行为违反诉讼程序进而主张其无效的权利。程序异议权确立的依据在于保障民事诉讼程序合法、妥当地进行，维护诉讼程序的安定。当事人应当及时行使程序异议权，迟延行使将会导致程序异议权的丧失。当事人可以舍弃程序异议权，但仅限于针对主要或专为当事人进行诉讼的便利等程序利益而设的具有私益性质的诉讼程序规范所规制的诉讼行为。当事人舍弃程序异议权与程序异议权的丧失具有同一法律效果，即违反了诉讼程序的诉讼行为由于当事人未及时提出异议或者放弃异议而使得所存在的程序瑕疵予以消除，并成为自始有效的诉讼行为。,程序异议权;程序利益;瑕疵治愈;程序安定;诉讼经济原则,D925.1,0,,法学三大刊论文/法学研究/民事诉讼中的程序异议权研究.pdf
1564,民事诉讼撤销原判决之程序违法事由,占善刚,武汉大学环境法研究所,2021,1,89,102,"在民事诉讼中,程序违法乃当事人不服判决的原因.二审法院撤销原判决应以程序违法与判决结论之间有因果关系为要件,这不仅是判决理由没有既判力的内在要求,也是对上诉以纠正错误裁判为目的的必然回应.现行民事诉讼法将""严重违反法定程序""作为撤销原判的程序违法事由,不仅未能因应当事人的不服,也抹煞了撤销原判决与发回重审之间应有的功能界限,侵蚀了当事人的上诉利益.撤销原判决的程序违法事由应回归""原判决违反法定程序,可能影响案件正确判决""之立法设计.程序违法与判决结论之间因果关系的认定采""可能性""标准,""民诉法解释""中规定的""严重违反法定程序""具有不可反驳地推定程序违法与判决结论之间有因果关系之意义.",程序违法;撤销原判;因果关系;严重违反法定程序,D,0,,法学三大刊论文/法学研究/民事诉讼撤销原判决之程序违法事由.pdf
1565,民众对司法判决的认同与信赖——基于认知实验的研究,林喜芬[1];陈齐等[2];秦裕林[1],,2024,2,39,54,从法学、心理学、传媒科学等交叉学科的角度研究司法公信力，揭示信息社会中民众对待司法的认知态度，有助于在更深层次上理解民众与司法的关系，推动我国司法公信力建设。采用法律认知实验方法，让1326名被试在不同的启动信息条件下对50个案例中的商标组进行形式混淆判定，所得实验数据和统计结果表明，民众对司法判决有较高的认同度和信赖度；媒体关于法律问题的意见会对民众判断产生影响，但司法判决对民众判断的影响力总体上高于媒体意见对民众判断的影响力。将问卷调查和认知实验结合起来，结果显示，被试对解决商标侵权问题有强烈的司法诉求、对司法应实现公平正义有着强烈的理念认同，而根据回归分析，这两者的强度可以比较好地解释被试对法院判决的信赖感。这进一步说明，司法只要能解决好民众急难愁盼的问题，并让民众感受到公平正义，就可以提升其公信力。,司法公信力;司法认同度;司法信赖度;法律认知;实验法学,D,,,法学三大刊论文/法学研究/民众对司法判决的认同与信赖——基于认知实验的研究.pdf
1566,民刑交叉诉讼关系处理的规则与法理,"张卫平[1,2]",天津大学\清华大学法学院,2018,3,102,117,"在民刑交叉诉讼关系的处理上,“先刑后民”一直被视为一项原则。但从审判权独立行使的原理以及法律的规定来看,“先刑后民”都不应作为一项处理民刑交叉诉讼的原则。在具体处理民刑交叉诉讼时,应当首先考虑彼此之间是否有先决关系。在相互之间存在先决关系时,作为前提的诉讼可先行,另一诉讼应予以中止,等待前提诉讼的审结。将先决关系作为原则,考虑的是社会对裁判一致性的认同与追求以及司法制度的现实。但先决原则不是绝对的,诉讼效率也是民事诉讼所追求的重要价值之一,不可以因为具有先决关系的前提诉讼的迟延而使另一诉讼受到过分迟延。拥有管辖权的法院可以独立行使审判权,包括对事实的认定和法律适用。在民刑主体交叉的诉讼中,当民事诉讼对刑事诉讼具有先决关系时,由于诉讼主体的人身自由受到限制,不能在并行的民事诉讼中充分行使诉讼权利,因此可以考虑将民事案件移至刑事审判庭,在同一审判庭适用不同程序,实行“先民后刑”的审理,以维持同一事实认定的一致性。这一做法需要修改法律,将其程序法定化。",民刑交叉;民事诉讼;刑事诉讼;独立审判;先决关系,D925.1,0,,法学三大刊论文/法学研究/民刑交叉诉讼关系处理的规则与法理.pdf
1567,民国时期公务员惩戒委员会体制研究,聂鑫,清华大学法学院,2016,3,193,207,公务员惩戒与其权益保障是公务员管理体制中的一对矛盾。欧美各国对公务员惩戒及其救济设置了不尽相同的机关与程序。其中德国独辟蹊径，由司法机关主导惩戒程序，“寓公务员保障于惩戒之中”。近代中国的公务员惩戒体制在一定程度上取法德国，设立独立的委员会掌理公务员惩戒事宜，并且惩戒委员会日趋司法化。作为准司法机关的公务员惩戒委员会难免会与其他权力机关发生权力冲突，这一问题在五权宪法的架构下变得更为复杂。在公务员惩戒机关一元化、司法化的同时，行政、考试、监察机关也为规避公务员司法惩戒找到了出口，公务员处分在制度上与实务上仍是多权分享、多轨并行。任何改革公务员惩戒制度，将其进一步司法化、“理性化”的尝试，在理论上难免会与既有的制度背景脱节，在实务上也未见得能够奏效。,公务员惩戒;司法救济委员会制;五权宪法,D630.3,51,,法学三大刊论文/法学研究/民国时期公务员惩戒委员会体制研究.pdf
1568,民法与商法二元格局的演变与形成,施鸿鹏,浙江大学光华法学院,2017,2,75,94,民法相对于商法的备位性问题应当重返两者在私法体系中的相对关系加以理解。近代早期之前，商法经历了体系性缺位、商人法形成和国家化三个阶段，而同时期的民法则稳定地以地方习惯法、罗马法与教会法为主要渊源。其中，罗马法阶段的私法状态奠定了后世民法与商法二元格局的历史基础。中世纪以来，商人法以其超越国家法的特质完全隔绝于民法之外，而在近代早期，民法的迟滞则使其与商法的二元格局更为固化。现代意义上民法与商法的二元格局始于19世纪。近代以来民法的进步使得商法的外在独立性有所削弱，就此欧洲私法领域形成了民商关系的“相对性理论”，并对19世纪晚期的商事立法产生重要影响，但该理论的有效性其实以时间、制度内容等方面的限制为前提。商法规范独立性的消亡将导致其内在独立性失去意义。就狭义商法而言，其作为特别法在本质上是以特定主体为对象加以建构的，企业经营组织作为主体性要素为狭义商法奠定了制度基础，商法规制目的及商业事实基础上的商法原则确保了规范层面外在独立性的存续。从目的论体系角度看，民法与商法负担着截然不同的建构目的，两者的二元格局在今日仍得到维持。这种二元格局的认识具有体系意义与实践意义。,民商法;二元格局;企业经营组织;独立性,D923.99,0,,法学三大刊论文/法学研究/民法与商法二元格局的演变与形成.pdf
1569,民法典不当得利返还责任体系之展开,陈自强[1],台湾大学法律学院,2021,4,91,110,"不当得利虽自民法通则即有规定,但到民法典才对其法律效果有进一步的规定.返还范围区别得利人为善意或恶意,似乎被认为理所当然.不当得利有给付与非给付得利两大类型,已蔚为共识,但如果返还效果规定无视启动返还因素的不同,无差别地适用于所有不当得利案型,""非统一说""并无实际意义.双务契约无效或被撤销,已为之给付没有法律依据,构成不当得利,但返还关系之内容,应优先适用民法典第157条,原物返还不能,应折价补偿,而不适用民法典第986条及第987条之规定.非基于双务契约的一方给付案型及侵害权益不当得利案型,为适用该二规定最重要的对象.金钱得利人负有金额返还义务,通常无所受利益不存在的问题,但在溢付薪资或扶养费案例,比较法上常基于不当得利法以外之价值判断,从宽认定所受利益不存在.民法典第987条恶意得利人赔偿损失规定之解释适用,有待厘清,若认为属侵权责任,则不当得利返还责任与侵权责任之关系,剪不断,理还乱.",不当得利返还责任;双务契约无效;契约之回复;所受利益不存在;恶意得利人责任,D923,0,,法学三大刊论文/法学研究/民法典不当得利返还责任体系之展开.pdf
1570,民法典与民事诉讼法的连接与统合——从民事诉讼法视角看民法典的编纂,张卫平,清华大学法学院,2016,1,22,36,民法与民事诉讼法有着不可分割的内在联系。民法典的编纂作为一项巨大的系统工程，不仅涉及实体法内容，也将涉及民事诉讼法的内容。民法典的编纂必须注意民事诉讼法的发展、完善过程，不能将陈旧的、即将过时的民事诉讼法规范纳入民法典之中。民法典编纂过程中也需要关注与民事诉讼法的对接、协调与统合，并从民事诉讼法发展、完善的角度思考民法典的相应规制，以便引导和支持民事诉讼法的修改和完善。民法典编纂过程中应当统一全盘考虑民法与民事诉讼法的概念统一问题，避免二者在制定和修改过程中出现彼此不予关照、不予统一的封闭现象。民法典与民事诉讼法在程序规范方面存在分工，原则上相对特殊的、具体的程序性规范应考虑规定在实体法中，而相对一般的、抽象的程序规范则规定在民事诉讼法中。,民法典;民事诉讼法;请求权;诉权;诉讼时效;强制执行,D925.1,25,,法学三大刊论文/法学研究/民法典与民事诉讼法的连接与统合——从民事诉讼法视角看民法典的编纂.pdf
1571,民法典中的动产和权利担保体系,龙俊[1],清华大学法学院,2020,6,22,42,"为了解决中小企业融资难、融资贵的问题并优化营商环境,民法典对我国的动产和权利担保相关制度进行了重大改革,具体而言可分为六个环环相扣的步骤:消灭隐形担保、建立统一的人的编成主义的登记簿、构建统一的担保物权优先顺位规则、扩张正常经营活动中的买受人规则的适用范围、合并浮动抵押与一般动产抵押的登记对抗规则、引入超级优先权规则。这一改革对物权理论影响深远:证明了在物权与债权之间存在稳态的、有意义的中间状态;修正了物权公示原则,应摒弃“全有或全无”式的表述,重新定义为“公示范围之所在,对抗效力之所及”;修正了物权客体特定原则,即物权的客体并不要求一开始就特定,只要执行时特定即可。",民法典;动产担保;权利担保;统一登记;登记对抗,D92,0,,法学三大刊论文/法学研究/民法典中的动产和权利担保体系.pdf
1572,民法典体系下动产抵押权善意取得的规范续造,黄家镇[1],西南政法大学民商法学院,2024,4,76,93,"我国民法上的所有权善意取得规范在准用于动产抵押权善意取得案件时,出现了裁判规范构成要件样态混乱、要件认定标准不统一等问题。相关问题的理论研究也未形成共识。因被准用规范的构造未顾及动产抵押权的特性, 无法为后者的善意取得提供足够的参照供给, 故比照前者进行要件修改增删的一般准用方法已无法满足裁判需要, 法官必须进行法律续造。动产抵押权善意取得规范应分二阶构造。第一阶层是所有动产抵押权变动的前提性条件, 即须抵押合同有效和主债权存续, 否则无需进入后续考察。在第二阶层, 因动产抵押权的权利构造不同于所有权, 其善意取得无需合理价格要件。为避免善意取得的抵押权因未登记而无对抗力的无意义状态, 登记应作为构成要件。考虑到不同动产抵押法律基础条件的差异, 善意的认定标准应有所不同。就特殊动产而言, 抵押权人查询登记信息并考察占有等情况仍无法发现处分权瑕疵的, 可认定为善意; 就一般动产而言, 在所有权人主张权利或主张善意取得抵押权的当事人实行抵押权时, 该当事人仍无重大过失地不知处分权瑕疵, 方可认定为善意。",动产抵押权;善意取得;法律续造;参照适用;动产和权利担保统一登记,D,,,法学三大刊论文/法学研究/民法典体系下动产抵押权善意取得的规范续造.pdf
1573,民法典总则编“法律行为”一章学者建议稿的编写说明,孙宪忠[1],中国社会科学院法学所,2015,6,53,64,民法典总则编之中，法律行为制度的设计，不论是体系结构还是具体条文的编写，都对民法整体功能具有核心价值。法律行为得以建立的法思想渊源，是人文主义革命以来得以确立的民事主体对于自己权利义务甚至法律责任的选择权和决定权。按照这种法思想确立的意思自治原则，在确定法律行为整体结构和具体制度上发挥决定性作用。我国现有立法在法律行为理论的接受方面的主要不足，恰恰在于未能全面地接受法律行为制度的法思想基础，因而在现行立法的制度体系和条文设计中未能全面贯彻法律行为理论。现行立法在行为主体的类型划分方面存在不足。现行立法在贯彻作为民法基本权利类型的支配权和请求权的划分方面，只承认请求权的法律行为根据，而不承认支配权的法律行为根据，在关于现代人事关系、人身关系方面，未能接受法律行为作为根据。这些缺陷应当在编纂民法典总则编时予以弥补。,民法典;民法总则;法律行为;意思自治;负担行为;处分行为,D923,22,,法学三大刊论文/法学研究/民法典总则编“法律行为”一章学者建议稿的编写说明.pdf
1574,民法典所有权保留之担保权构成,纪海龙[1],,2022,6,72,92,我国现行法下关于所有权保留的规则之间存在矛盾，对此应秉持民法典优于司法解释以及后法优于前法的原则解释。对于民法典以及“担保制度解释”中的相关实质规则，所有权保留之所有权构成说无法提供令人满意的解释方案，担保权构成说可顺畅解释。所有权保留的担保权构成更有利于实现物尽其用以及出卖人赚取价款的真实意图。我国现行法下的矛盾规定源于规则和学理的混合继受。民法典下所有权保留规则的继受史，揭示了这些规则间接继受自1918年《美国统一附条件买卖法》下的担保权构成，实质规则体现的是标的物被交付后保留卖主只享有担保权，但学理和民法典前司法解释的起草者却用德国的所有权构成加以解释。就担保权的产生而言，是保留卖主交付标的物的同时在标的物上保留担保物权，而非保留买主取得标的物后为保留卖主设定担保权。现行法下保留卖主和保留买主的法律地位以及所有权保留在破产和强制执行等情形中的处理，均应以担保权构成作为前提进行解释和设计。,所有权保留;取回权;回赎权;担保权保留,D,,,法学三大刊论文/法学研究/民法典所有权保留之担保权构成.pdf
1575,民法典的精神损害赔偿体系——以功能主义为视角,洪国盛[1],北京大学国际法学院,2024,4,94,112,"民法典第583条、第996条、第1183条虽均涉及精神损害赔偿, 但制度功能的差异决定三者在保护范围与具体适用方面存在根本区别, 确立了民法典精神损害赔偿的“三源并流”体系。具体而言, 第583条经由保护交易满足个性化的精神需求, 贯彻合同编保护私人自治、执行自愿交易的宗旨, 促进人格自由发展与社会多元。第996条通过扩大责任主体和提升保护义务标准, 实现人格权编强化合同关系下人格权保护的要求。第1183条旨在强化人身权益保护, 精细化地服务于侵权编衡平行为自由与权益保护的整体目标。此外, 制度功能差异决定了第996条和第1183条之精神损害“严重”要件应采不同标准, 第583条则不应存在该限制要件。",精神损害赔偿;违约精神损害赔偿;人格权;严重精神损害,D,,,法学三大刊论文/法学研究/民法典的精神损害赔偿体系——以功能主义为视角.pdf
1576,民法典编纂的宪法学透析,林来梵,清华大学法学院教授,2016,4,99,118,构想中的民法典具有一定的政治性，其有关“根据宪法……，制定本法”的立法依据条款即隐含了一种“政治教义宪法学”式的幽思，并由于中国迄今未能对于宪法和民法的基础性价值原理究竟应当为何作出深入讨论和根本决定，其存在徒具象征意义，更优的替代性或补强性方案是设立合宪性解释基准条款。民法典也被寄寓了发挥宪法性功能的雄心，但该功能只具有限定性的内容，可理解为一种“准宪法性”的社会建构功能，尽管其不应被刻意夸大，但毕竟有助于宪法国家统合功能的实现，并可奠立宪法秩序的基础。在民法典中写入公法性条款可理解为“民法的宪法化”，后者从比较法的角度来看，实际上是宪法与民法之间在规范上对向互化、彼此交融的一种规范现象。,民法典编纂;民法的宪法化;合宪性解释,D911,65,,法学三大刊论文/法学研究/民法典编纂的宪法学透析.pdf
1577,民法典编纂视野下合同法第402条、第403条的存废,方新军[1],苏州大学王健法学院,2019,1,78,99,"合同法第402条、第403条的原初立法目的是为了解决外贸代理的特殊问题,在合同法立法过程中上述条文的体系位置和具体内容数易其稿。由于对所移植的制度的了解不彻底和本国特殊因素的刺激,上述条文的内容出现了严重异化。尤其是第402条,其既不属于大陆法系,也不属于英美法系。第402条将第403条代表的不公开本人代理制度对合同相对性的冲击放大了若干倍,对第三人的影响非常大。在原初的立法背景消失以后,第402条、第403条在司法实践中引发了诸多乱象。上述条文的存在不但没有起到简化法律关系的作用,反而被当事人频频用来逃避责任、规避法律。各级各地法院的判决经常出现理解不一和同案不同判的现象。民法典编纂中,应该将第402条彻底删除,第403条则可以通过改变体系位置和明确限制条件予以保留。这样一方面可以维持合同相对性原则不动摇,另一方面也可以弥补传统大陆法系在受托人破产时可能出现的不公平问题。",间接代理;不公开本人的代理;介入权;选择权;合同相对性;名义标准,D923.6,0,,法学三大刊论文/法学研究/民法典编纂视野下合同法第402条、第403条的存废.pdf
1578,民法合宪性解释的事实条件,李海平[1],吉林大学法学院,2019,3,15,31,"合宪性解释的宪法适用性质、宪法与民法的公私法属性之别以及民法合宪性解释对裁判结果的决定性影响,为民法合宪性解释事实条件的设定提供了理论依据。公权力和公共利益是宪法价值秩序的覆盖范围,也是价值意义上宪法适用的判断标准。民法合宪性解释的事实条件包括国家权力事实、社会公权力事实和公共利益事实三种类型。在存在国家权力事实或者社会公权力事实的民事案件中,合宪性解释的启动还需在区分法律行为和事实行为的基础上综合判断。民法合宪性解释事实条件的设定将促使合宪性解释理论体系作出相应调整。合宪性解释从特殊解释方法到一般解释方法的回归、法官义务从裁量义务到羁束义务的转变,是合宪性解释理论回应民法合宪性解释事实条件设定的具体体现。",宪法与民法;宪法适用;合宪性解释;法律解释,D911.05,0,,法学三大刊论文/法学研究/民法合宪性解释的事实条件.pdf
1579,民法基本原则的意义脉络,易军[1],中国政法大学,2018,6,53,71,"民法总则第3-9条列举了权益保护、平等、私人自治等八项基本原则。藉此,民事立法者以十分直观的方式表达了其意欲追求的基本价值观念或理想的社会生活蓝图。这一立法也提出了需梳理民法基本原则的意义脉络之棘手且重要的问题。民法基本原则可分为旨在实践个体性价值的基本原则与旨在实践社会性价值的基本原则两大板块。其中,权益保护、形式平等、消极自由、形式公平等具有融贯性的个体性基本原则,构成民法上最稳固、坚硬的部分,应严予坚守,以维系民法之不堕;诚实信用、合法、公序良俗、环保等社会性基本原则,是民法上柔软的部分,具有弹性与灵活性,以使民法能适应社会变迁之需要。这两者共同作用,型构出民法之整体图景。共同作用的方式并非静态的凝固不变,而是动态的相互协作,即不仅相互补充亦相互限制。个体性基本原则相较于社会性基本原则具有初显优先性,即在初步判断上,个体性基本原则具有更大的分量或权重,但此种判断嗣后可被基于更充分理由的论证所推翻。",民法基本原则;个体性价值;社会性价值;科学研究纲领理论,D923,0,,法学三大刊论文/法学研究/民法基本原则的意义脉络.pdf
1580,民法基本原则：理论反思与法典表达,于飞,中国政法大学民商经济法学院,2016,3,89,102,我国制定民法总则要不要沿袭民法通则体例，将民法基本原则集中规定于法典开篇，这一问题具有重要的立法意义，但却未经真正的讨论。传统民法知识体系中，基本原则指不具裁判功能的“一般法律思想”，并不在民法典中规定；其与作为裁判规范的诚实信用、善良风俗等概括条款迥然不同。民法通则“基本原则”章实际上是把“一般法律思想”与“概括条款”混而为一，导致了诸多理论误区与实践弊端。民法通则“基本原则”章的产生，有其特定的社会背景和历史原因。民法总则不应再于法典伊始集中规定基本原则，也不应再将一般法律思想明文化。诚实信用、公序良俗这些概括条款应当各归其位，放在各自的适用领域之中。,民法总则;基本原则;一般法律思想;概括条款,D923,71,,法学三大刊论文/法学研究/民法基本原则：理论反思与法典表达.pdf
1581,民法总则与公司法的适用关系论,钱玉林[1],华东政法大学经济法学院,2018,3,51,65,"民法总则作为私法的一般性规则,对公司法具有补充适用和漏洞填补的功能。民法总则施行后,在法律适用上应协调好与公司法的关系。民法总则有关法人、营利法人以及法律行为的一般性规则,对公司法均有补充适用的余地。在公司决议的成立与撤销、公司解散时的清算义务与清算后剩余财产的处理等问题上,应处理好公司法特别规定的优先适用与民法总则一般规定的补充适用之间的关系。公司法对公司董事以法人名义实施的民事法律行为缺乏规范,应以类推适用的方法适用民法总则的规定,以填补该项漏洞。同时,以民法总则的法源条款填补公司法上的其他漏洞时,应充分关注法源适用的顺位,使有关公司的商事习惯法优先于民法适用。公司法在被民法总则提取共同性规则后,出现诸如公司法总则的空洞化、民法总则一般规定抽象不足而引起的法律理解与适用上的难度,以及民法总则个别规定造成体系违反等问题,对此需要重新整合。",民法总则;公司法;补充适用;漏洞填补,D923,0,,法学三大刊论文/法学研究/民法总则与公司法的适用关系论.pdf
1582,民法总则中非法人组织权利能力之证成,张其鉴[1],北京大学法学院,2018,2,97,115,《中华人民共和国民法总则》创设了非法人组织这一概念，并明确了其主体地位，但却没有赋予其像自然人、法人一样的权利能力，有违主体平等原则，应属立法缺陷。在历史渊源上，权利能力是一项主体性思维工具，初衷在于从法律层面上解决生物人与法律人作为权利主体的合一，并客观上实现了自然人与法人在人法框架下的统一。在概念使用上，权利能力是抽象立法技术的结果，是仅仅表征主体资格的空壳和标签，规范层面上有且只有主体属性。对于民事主体在具体权利范围上的差异，应该单列研究，不能与权利能力混为一谈。对于胎儿、死者等的利益保护，应该在抽象权利能力的概念框架下通过二重命题解决，不能对权利能力在主体资格意义上作具体化和切割。团体取得权利能力不以独立财产责任为必要，主要理由在于法人本质理论不以财产能力为基础，实定法上无独立责任之团体已经取得权利能力。法律实证主义决定了团体取得权利能力的基础是国家承认行为，国家对团体类型的塑造表明独立责任是其结果而非条件。非法人组织是法定民事主体，以登记和类型强制为前提，尽管缺乏财产独立性，但完全具有权利能力，立法应予明定。,非法人组织；权利能力；主体属性；独立财产责任；法律实证主义,D912.29,0,,法学三大刊论文/法学研究/民法总则中非法人组织权利能力之证成.pdf
1583,民法总则法源条款的缺失与补充,于飞,中国政法大学民商经济法学院,2018,1,36,51,我国民法总则第10条规定了“法律-习惯”二位阶法源体系。该体系会造成大陆法系实证法根本矛盾无法克服、法官不得拒绝裁判无法实现、民事诉讼目的无法达致的弊端。以上弊端无法以第一位阶“法律”中已包含民法基本原则来解决，弊端的实质思想基础也值得反思。为克服以上弊端，应将“依基本原则确立的规则”作为第三位阶补充性法源，在我国背景下该表述较之其他可能选项具有更大的优越性。适用该法源时，法官具有“确立规则的义务”，并须在判决书中展示从原则到规则的推导过程，方法上应优先适用建立在平等原则基础上的类推。通过目的性扩张的方法论路径，可以在解释论上产生该第三位阶补充性法源。,民法总则第10条 习惯 补充性法源 民法基本原则,D923,0,,法学三大刊论文/法学研究/民法总则法源条款的缺失与补充.pdf
1585,治理体系的完善与民法典的时代精神,石佳友,中国人民大学法学院、中国人民大学民商事法律科学研究中心,2016,1,3,21,民法典的编纂是当代中国全面推进依法治国、实现国家治理体系和治理能力现代化进程中的重要环节。治理体系的完善要求未来的中国民法典具备鲜明的时代特征，回应时代的需求。这些时代精神表现为：自由主义要求民事立法中严格限制公权力的介入，方法论个人主义要求进一步强化对个人民事权利尤其是个人所有权的保护，人文主义则表现为私法关系中对宪法基本权利给予保护，开放性表现为民法典对其他法律渊源的开放与包容，生态主义则要求民法典在物权法、侵权法等规则设计中给予环境保护以更重要的考虑。中国民法的法典化与治理体系的现代化之间存在着辩证性的互动关系：前者是后者的重要组成，有力地促成后者的实现，而后者则为前者规定了框架与前景，由此对前者提出了要求与目标。,治理;民法典;自由主义;人文主义;开放性;生态主义,D923,62,,法学三大刊论文/法学研究/治理体系的完善与民法典的时代精神.pdf
1586,法人依瑕疵决议所为行为之效力,徐银波[1],西南政法大学,2020,2,149,168,"决议不成立、无效或被撤销,无法完全适用民法总则第157条关于法律行为无效之后果规定。民法总则第85条、第94条以及“公司法解释四”第6条设定的善意相对人保护规则,过于简单和武断,需区分决议主体、决议内容、瑕疵事由而类型化地认定法人依瑕疵决议所为行为之效力。在法人内部,瑕疵决议溯及无效,但需依裁量驳回制度认定后续决议之效力,并适用法律行为相对无效理念保护第三人利益。就外部行为,决议无效导致行为违法,应依民法总则第153条认定行为效力。决议不成立或被撤销,则仅在法律设有强制决议规则之前提下方才导致行为欠缺法定要件,从而影响外部行为效力。因不同强制决议规则所欲保护的成员利益不同、所涉第三人利益不同,需区分营利法人与非营利法人、交易行为与组织行为,认定此种情形下外部行为之效力。有别于交易行为的相对性、独立性,组织行为具有涉他性、持续性之特征,需设立特别的公司组织行为效力诉讼规则,方可解决这一组织法问题。",瑕疵决议;决议无效;相对无效;增资纠纷,D92,0,,法学三大刊论文/法学研究/法人依瑕疵决议所为行为之效力.pdf
1587,法典化背景下环境法基本制度的法理反思与体系建构,吴凯杰[1],,2024,2,135,154,在法典化背景下，对环境法基本制度的传统认识亟需法理反思。环境法基本制度本质上是环境法规范基于共通调整手段的有机结合，具有涵盖多个环境法子部门的适用广泛性，贯彻落实环境法内在价值体系的价值融贯性，以及区别于环境法特别制度与相关部门法制度的规范层次性。为增进内在的价值融贯性，环境法基本制度应具备包括目标导向、直接管控、激励诱导、事后应对类制度的类型构造，与环境法基本原则构成充分的相互证立关系。法典编纂应据此从现行环境立法中提取基本制度类型，并结合环境政策予以改革补充。为确保外在的规范层次性，环境法基本制度需具备包括定义规则、权义配置规则、制度衔接规则、法律责任规则的规则构造，与环境法体系内外的其他制度形成明确的规范分工。法典编纂应据此优先承继完善成形的基本制度，进而通过抽象提炼形成共通性规则，同时对照相关部门法排除重复规则。,环境法典;环境法基本制度;环境法体系化;体系融贯,D,,,法学三大刊论文/法学研究/法典化背景下环境法基本制度的法理反思与体系建构.pdf
1588,法学研究中裁判文书运用的方法论检讨——以刑事法文献为例的内容分析,何挺[1],,2022,3,175,193,"裁判文书上网为研究者提供了观察我国司法实践的便捷途径.通过对重要期刊发表的刑事法文献的内容分析发现,虽然裁判文书上网对法学研究有助推作用,但其尚不能完全满足学术研究探知经验的需求,相关研究在方法运用方面也存在短板.基于裁判文书的研究,在裁判文书获取、抽样、研究设计、数据分析与运用、研究发现与结论适用等方面,存在较多不规范之处,并且缺乏针对裁判文书这一特殊数据来源的特殊方法论关注.考虑到我国法律数据所受的现实环境制约,裁判文书仍将在较长时间内是实证研究的主要数据来源之一.因此,应当在遵循实证研究基本规范的基础上,正确看待裁判文书所能提供的信息,采取多种方式应对裁判文书总体不清、代表性存疑等问题,并迈向真正具备大数据思维的实证研究.",裁判文书;实证研究;内容分析,D,,,法学三大刊论文/法学研究/法学研究中裁判文书运用的方法论检讨——以刑事法文献为例的内容分析.pdf
1589,法学研究新范式: 计算法学的内涵、范畴与方法,申卫星[1];刘云[1],清华大学法学院,2020,5,3,23,"信息技术的本质是计算。计算的内涵已经超越传统的数学运算,扩展到逻辑推理乃至成为观察世界的一种方法论。计算法学是传统法学面对“计算无处不在”的时代现象和“计算主义”认识论所形成的一种新范式。计算法学是基于计算的对象、方法以及能力等方面的差异而产生不同的法律问题以及与法律相关的技术问题,从而融入计算思维研究法律问题,利用计算方法开展法律大数据分析,以及结合计算技术研究法律科技的一门学科。法学的“计算范式”转变有利于去除“法律+信息技术”的碎片化问题,同时促进计算空间的治理结构从过去的权威法治规范向多元治理转变,促进法学研究方法从规范分析向数据分析拓展,并有利于形成计算化社会所需要的法律与技术融合治理模式。计算法学的发展需要构建跨学科融合的学术共同体,以提升我国普适计算时代的法律科学研究水平和现代化的法治能力。",计算法学;交叉学科;法学范式;信息社会,D92,0,,法学三大刊论文/法学研究/法学研究新范式_ 计算法学的内涵、范畴与方法.pdf
1590,法学研究目标受众选择的大数据分析,周翔[1];刘东亮[2],浙江大学光华法学院,2020,1,171,189,"文章为谁而写,是法学研究需要解决的基础性命题。从近二十年约2.5万篇法学核心期刊文章的大数据机器学习分类结果看,我国的法学研究成果呈多重目标格局,其中近三成服务于执法机关(包括行政机关和司法机关),同时也有为立法者、执政者建言献策的成果。经检验,目标受众类型的选择与论文的传播能力以及获得基金支持的机会之间有显著相关性。这一决定成果影响力大小的机制迟早会被个体习得并不断强化,成为研究者选择目标受众类型的重要因素。该机制良性运转的关键是处理好学者和实践受众的关系,保持学术研究必要的自主性,警惕学术研究在追逐发表、经济支持时被有关主体“认知俘获”。",法学研究;法学期刊;大数据;目标受众;评价体系,D92,0,,法学三大刊论文/法学研究/法学研究目标受众选择的大数据分析.pdf
1591,法官个体本位抑或法院整体本位——我国法院建构与运行的基本模式选择,顾培东[1],四川大学法学院,2019,1,3,22,"法官个体本位与法院整体本位是法院建构与运行的两种基本模式。我国法院改革在某种程度上呈现出对法官个体本位模式的趋从,但宪法制度安排、法院在政治结构中的地位、司法的社会生态、对法官的激励与约束条件以及综合统筹运用审判资源的要求等,都决定了我国法院建构应当坚持法院整体本位。学术界从技术化层面论证的“法官独立”以及以此为核心的法官个体本位,都经不起实践逻辑的检验。法院改革的方向,不应是从法院整体本位转向法官个体本位,而应是从以院庭长为主导的法院整体本位转向以法官为主导的法院整体本位。当前法院的综合配套改革亦应在这一理念下进行,满足并完善法院整体本位所要求的基本要素。",法院改革;法官个体本位;法院整体本位;法官独立,D926.2,0,,法学三大刊论文/法学研究/法官个体本位抑或法院整体本位——我国法院建构与运行的基本模式选择.pdf
1592,法律事实理论视角下的实质性宪法解释,莫纪宏[1],中国社会科学院法学研究所,2021,6,3,18,"对于我国当下是否已经存在具有法律拘束力的宪法解释行为或结果,宪法学界存在不同认识.部分学者认为我国已经产生了具有法律拘束力的实质性宪法解释文件,但实质性宪法解释的判断方法和标准尚无学术共识.宪法解释是否已经成为实体与程序相统一的、具有法律拘束力的宪法实施制度,仍需从法理上进行严谨和细致的分析.结合宪法解释制度的法律事实特征来看,我国现行宪法第67条确立的宪法解释制度,在宪法实施的实践中已经具备了构成完整法律事实意义上的宪法解释的实体性要件,并且通过具有法律拘束力的法律文件发挥着实质性宪法解释的制度功能,但其程序性要件还不完备.宪法解释制度今后完善的重点,应当是全面和系统地整合各种具有法律拘束力的宪法解释文件,通过统一、规范的宪法解释程序发布正式的宪法解释令,构建判断方法科学、认定标准清晰、结构体系严密的完整法律事实意义上的宪法解释制度.",宪法解释;宪法实施;法律解释;实质性宪法解释;宪法解释程序法,D921,0,,法学三大刊论文/法学研究/法律事实理论视角下的实质性宪法解释.pdf
1593,法律保留的中国方案：“本质重要性”标准的引入及应用,李忠夏[1],中国人民大学法学院,2025,2,22,37,法律保留原则的适用方式在历史中不断变迁，但始终保留了实现法治国和民主控制的双重功能。于法治国的实现而言，法律保留最初旨在保障自由和财产，现其功能已扩展至对整个基本权利体系的保障；于民主控制而言，法律保留强调行政权乃至所有国家公权力的行使原则上都要受到民主立法的约束与控制。法律保留本质上涉及立法与其他国家机构之间的权限分配，不能简单地将法律保留视为一种形式原则，认为凡是国家公权力的行使或对基本权利的限制，均必须符合法律保留的要求。法律保留的适用需要借助实质的判断标准，即“本质重要性”标准。在我国，法律保留不仅涉及立法与行政之间的权限分配，还涉及全国人大及其常委会的决定/决议与立法、立法与监察、法律与地方性法规之间的权限分配。在围绕这些权限分配进行判断时，尤其需要融入实质化的标准，突破法律保留完全形式化、受民主原则支配的一面，从而将法治国原则的逻辑融入进来，借助基本权利的阶层化构造，形成法律保留的中国方案。,法律保留;基本权利;法治国;依法律行政;合宪性审查,D921,,,法学三大刊论文/法学研究/法律保留的中国方案：“本质重要性”标准的引入及应用.pdf
1594,法律关系范式之反思——以民事诉讼法为中心,袁中华[1],,2024,1,129,147,法律关系范式，即视法律关系为民法的核心概念、体系基石与基本方法论的思维模式。这种范式贯穿于民法以及民事诉讼法领域。在民事诉讼法中，它具体体现在案由、诉讼标的、证明责任、当事人等制度及民事审判方式等领域。虽然这种范式对我国民事司法有着历史性贡献，但其也带来诸多弊端。考察私法史可以发现，无论是萨维尼式、苏联式还是本土式的法律关系范式，均在抽象性或者伦理性方面存在缺陷，难以承担民法体系化及民事司法基本方法论之重任。法律关系范式应让位于权利范式。以权利范式替代法律关系范式，并在权利范式中发挥请求权的基础性作用，方能实现民事诉讼中实质诉讼法的体系化，并推动诉讼程序法的变革。,法律关系范式;权利范式;诉讼标的;民事案由;证明责任,D,,,法学三大刊论文/法学研究/法律关系范式之反思——以民事诉讼法为中心.pdf
1595,法律概念是重要的吗,雷磊,中国政法大学法学,2017,4,74,96,目前国内法理学界对于法律规范的研究要远远超过法律概念，一个重要原因或许在于受到“法理论上的规范主义”的影响。其中强规范主义立场认为，法律概念没有自身意义和语义所指，完全由包含它们的法律规范来决定甚至穷尽。对此可从性质论与功能论两方面进行反驳。在一般意义上，概念是对象的属性在观念中的呈现，是思维的工具，无法被还原为语词，也不由语言层面的规范来决定和穷尽。在法律语境中，法律概念的语义所指是作为制度性事实的法律事实，纯粹规范上的推论分析无法赋予其意义。法律概念在法律推理中发挥着首要功能，很多时候需要由解释者对法律概念的语义进行确证或具体化。特定法律概念是引发特定法律后果的前提，法律概念的语义构成目的论证的界限，有时也会对后者施加论证负担。因此，法律概念是法律规范的基础，也是进行法律思维和推理的根本环节。法理学界需要加强对于以法律概念为中心的一般法学说的研究。,法律概念;观念论;法律推理;法理论上的规范主义,D90,0,,法学三大刊论文/法学研究/法律概念是重要的吗.pdf
1596,法律漏洞填补的司法论证,黄泽敏[1],华东师范大学法学院,2020,6,62,79,"法律漏洞填补的司法论证包括认定论证和填补论证两个部分。根据法律漏洞的两个构成性特征,认定论证由规则缺失论证和圆满性论证组成,对此可分别提出论证型式α和论证型式β。法律漏洞一旦根据论证型式得到认定,论证目标即指向漏洞的填补。法律漏洞填补在司法上有两条路径:规则引入(有规则填补)与规则创设(无规则填补)。填补论证分为引入论证和创设论证两种类型,对此可分别提出论证型式Ⅰ和论证型式Ⅱ及其附属论证型式。这两种论证在法律漏洞填补上存在竞争关系,最终还需确立一条填补论证原则P,以避免选择之难题。",法律漏洞;司法论证;论证型式;裁判规则,D92,0,,法学三大刊论文/法学研究/法律漏洞填补的司法论证.pdf
1597,法律继受中的“制度器物化”批判——以近代中国司法制度设计思路为中心,李启成,北京大学法学院,2016,2,191,208,在帝制中国，君遵君道，臣尽臣道，相互合作，共同构成“治道”。它只有职能分工，不存在权力分立。司法是各级官府的核心职能，用“司法官兼理行政”比“行政官兼理司法”归纳官府职能更准确。在近代法律继受过程中，改革者将传统衙署归于行政范畴，新设各级审判衙门，考选合格的法官行使司法权。这种忽略固有治道的制度创设具有明显的“制度器物化”特征。继受主体缺乏国族自觉，直接导致近代司法权威难以真正确立，妨碍从功能和精神层面进行理想的法律继受。,制度器物化;国族自觉;司法权威;法律继受,D926,56,,法学三大刊论文/法学研究/法律继受中的“制度器物化”批判——以近代中国司法制度设计思路为中心.pdf
1598,法律行为内容评判的个案审查比对方法——兼谈民法典格式条款效力规范的解释,李世刚[1],复旦大学法学院,2021,5,24,43,"法律行为的规范属性提出了把控意思自治的制度需求,即从内容切入,比照两个规范(法律行为与公序)所涉利益之冲突并确定法律行为的效力.由此,法律行为内容评判应遵循个案审查比对的方法:法官识别出""公序""规则及其保护的利益,并以之与个案中违反公序的法律行为之具体内容进行比对.该方法的展开涉及评判的依据、实质标准和制裁三个方面.其中,公序为依据;公序所特别保护之利益是否被损害为实质标准;公序保护之利益可区分为公共利益与个体利益,制裁方式也可相应区分为法律行为绝对无效与相对无效(可撤销).上述法律行为内容评判路径的功能和方法,有助于解释我国民法典中作为一般条款的第153条与第154条以及规范格式条款效力的第496条与第497条.",法律行为;公序良俗;强制性规定;格式条款,D923,0,,法学三大刊论文/法学研究/法律行为内容评判的个案审查比对方法——兼谈民法典格式条款效力规范的解释.pdf
1599,法律行为效力瑕疵情形的返还清算,周江洪[1],浙江大学光华法学院,2024,4,58,75,"法律行为效力瑕疵情形的返还清算受制于不同的效力瑕疵原因, 将不同效力瑕疵原因一体化处理的做法有待反思。不同效力瑕疵情形的返还清算, 既存在相同之处, 亦有相异之处, 应依具体情形分别考量。法律行为无效情形的折价补偿义务,原则上不受当事人善意与否的主观状态影响。但受领给付人善意与否、法律行为是否有偿、是否为行为能力瑕疵等因素, 则影响无效情形的折价补偿范围。法律行为被撤销情形的返还清算, 当事人的主观状态会因撤销事由不同而成为影响返还及折价补偿的因素。法律行为确定不发生效力的返还清算, 须考虑占有所受领给付的信赖保护程度。法律行为不成立情形的返还清算, 应依返还义务人占有财产的不同权源分别处理, 没有必要适用民法典第157条。折价补偿基准日方面, 亦因法律行为效力瑕疵类型的不同而不同。",法律行为;效力瑕疵;返还清算;折价补偿,D,,,法学三大刊论文/法学研究/法律行为效力瑕疵情形的返还清算.pdf
1600,法律行为汉字术语的日本翻译与中国传播史,"吴奇琦[1,2]",澳门大学法学院,2025,1,95,117,“法律行为”一词乃日本明治时期法学家所创造。根据立法会议记录，日本德式新民法草案最初采用的术语是“法律上的行为”，后来才改采“法律行为”。“行为”一译，是沿用了日本法式旧民法中“acte”的译法。然而，起草委员们未注意到德国学说上“Rechtsgeschäft”与“Rechtshandlung”之分，故“Rechtsgeschäft”“Rechtshandlung”“acte juridique”曾被当时日本文献视作同义。因立法后术语难再改动，起草委员们只能以学说之名，将“法律行为”分为广狭二义，广义者指“Rechtshandlung”，狭义者指“Rechtsgeschäft”，而“acte juridique”可作广狭二用，至于“法律上的行为”，则专指“Rechtshandlung”。因“行为”同被用于“Geschäft”“Handlung”甚至“Akt”等，使汉字术语相当混乱。这一混乱随着清末留日学生翻译的日本著作与讲义传入我国。译本的不理想，使我国错失改译的良机。本文发现了两部从未被引用的文献：1917年，余棨昌对“法律行为”译语提出了批评，这一发现可将学界认知前推90年；1977年，刘世民首次提出改译方案，主张将“法律行为”改译为“法律事务”。虽然21世纪又出现了各家改译方案，但将“Rechtsgeschäft”与“Rechtshandlung”分别译为“法律行为”与“法律上的行为”仍是主流。,法律行为;法律上的行为;法律事务;准法律行为;事实行为,D,,,法学三大刊论文/法学研究/法律行为汉字术语的日本翻译与中国传播史.pdf
1601,法律规范合宪性解释的方法论构造,刘召成[1],天津大学法学院,2020,6,80,97,"合宪性解释旨在寻求解释者对于立法自由权的尊重义务与对于宪法基本价值的尊重义务之间的调和与妥协,确保立法者的意愿在宪法允许的可能范围内得到最大程度的实现。为尊重立法机关的立法自由权,不可要求法律规范在逻辑上与宪法规范保持一致,只能要求其在价值评价上保持一致,故合宪性解释并非体系解释方法,而是从体系性目的解释中分离出的独立解释方法。合宪性解释具有确定的论辩效力上的优先性,可压制经典解释方法的解释倾向而在解释结论上得到优先实现,其方法论构造与基于宪法的解释明显不同,后者并非优先性解释方法而是衡量性解释方法。为达成法律规范解释结论与宪法基本价值相合的结果,固然可以对法律规范的文义予以扩张或限缩,但基于对立法自由权的尊重,不得排除或篡改文义的实质核心方面。",合宪性解释;目的解释;合宪性判断;合宪性续造,D92,0,,法学三大刊论文/法学研究/法律规范合宪性解释的方法论构造.pdf
1602,法律解释与法律续造的区分标准,陈坤[1],南京大学法学院,2021,4,21,38,"法学方法论通说区分法律解释与法律续造,并在很长一段时间内以""文义可能性""作为区分标准.随着意义理论的发展与法律解释研究的深入,越来越多的学者认识到这一标准的不足,并提出了一些新标准.然而,这些标准要么外延宽窄不当,适用时会遇到反例;要么缺乏一般性与明确性,无法真正有效地区分解释与续造.一个合理的区分标准应当中立于不同的解释立场,使得同法治相关的各种价值理想都有机会参与到解释活动的权衡程序中.由此,可以基于已有标准提出一个复合标准:一个探究法律文本意义的活动是解释,当且仅当它:(1)是探究法律文本的规约性意义、说话者意义或真实意义的活动;或者(2)当不存在规约性意义时,是探究法律文本的合理意义的活动.",法律解释;法律续造;文义可能性;立法意图;价值权衡,D90,0,,法学三大刊论文/法学研究/法律解释与法律续造的区分标准.pdf
1603,法律选择协议效力的法律适用辩释,沈涓,中国社会科学院国际法研究所,2015,6,191,206,意思自治原则下，当事人选择法律的合意是否有效，直接关系到意思自治的实现，但现有研究较少涉及这一问题。目前国际私法学界存在当事人选法协议效力适用当事人所选之法和适用法院地法两种主张的分歧。适用当事人所选之法确定选法协议效力的主张和规定存在逻辑矛盾等诸多弱点，特别是存在合同之外领域无法采行的重大缺陷。选法协议的内容是法律选择规则，确定选法协议效力是法律选择规则的适用过程。意思自治原则体系既包括赋予当事人选择法律的权利，也包括限制当事人意思自治的条件。合同领域之外的法律关系适用当事人选择的法律确定选法协议效力存在更大不合理性。适用法院地法确定选法协议效力才是更合理、更可行的方法。,法律选择协议;法律适用;意思自治原则;当事人选择的法律;法院地法,D925.7,68,,法学三大刊论文/法学研究/法律选择协议效力的法律适用辩释.pdf
1604,法教义学与法治:法教义学的治理意义,雷磊[1],中国政法大学法学院,2018,5,58,75,"法教义学与法治之间具有紧密联系。一方面,通过简要梳理观念史发现,法教义学可以从两个角度来理解,即作为知识的法教义学与作为方法的法教义学。另一方面,最低限度的法治概念包含两方面的要素:在价值目标上,它以法的安定性作为构成要素;在制度目标上,它以融贯法律体系的存在为基础条件。作为方法的法教义学既能促进法的安定性,又有助于融贯法律体系的建构,对于任意类型的法治都具有重要意义。中国在法治建设的过程中应形成自己的法教义学体系,既要在教义学方法的层面倡导法学方法论和一般法学说的研究,又要在教义学知识的层面结合判例研究、习惯梳理和法律评注的编纂,构造出具有本土特色的教义学知识体系。",法教义学;法治;法的安定性;融贯法律体系,D90,0,,法学三大刊论文/法学研究/法教义学与法治_法教义学的治理意义.pdf
1605,法条授权行政立法的规范化,王克稳[1],苏州大学王健法学院,2024,5,38,54,全国人大及其常委会授权行政立法可以通过决定授权与法条授权两种方式。决定授权受到立法法的严格规范，而法条授权则缺少基本的规范约束。在我国立法实践中，法条授权面广量大，授权立法的事项远比决定授权更为广泛和复杂，且创制性授权立法与执行性授权立法难以区分。规范法条授权立法已成为法治国家建设中的重要课题，影响相对人权利义务的创制性授权立法尤其需被重点规范。针对宪法、法律规定的法律保留事项的法条授权，应当适用立法法关于决定授权的规定加以规范；针对因法律制定而产生的保留事项的法条授权，应当参照适用立法法有关决定授权的规定。为规范授权行为、防止过度授权，法条授权行政立法应当遵循必要性原则、明确性原则和审慎授权原则。,法条授权;行政立法;创制性授权立法;法律保留;立法体制,D,,,法学三大刊论文/法学研究/法条授权行政立法的规范化.pdf
1606,法条竞合与想象竞合的区分,张明楷,清华大学法学院,2016,1,127,147,法条竞合与想象竞合的法律后果存在明显区别，对二者必须进行严格区分。不借助具体案件事实的联结，仅通过对构成要件的解释，就能够肯定两个法条之间存在包容或交叉关系，是法条竞合的形式标准。实质标准之一是法益的同一性，即一个行为侵害了两个以上犯罪的保护法益时，就不可能是法条竞合，而只能认定为想象竞合。实质标准之二是不法的包容性，即在一个行为同时触犯两个法条，只适用其中一个法条就能够充分、全面评价行为的所有不法内容时，两个法条才可能是法条竞合；倘若适用任何一个法条都不能充分、全面评价行为的不法内容，即使符合形式标准与法益的同一性标准，也只能认定为想象竞合。法条竞合与想象竞合的区分并不是固定不变的。,法条竞合;想象竞合;法益的同一性;不法的包容性,D924.33,57,,法学三大刊论文/法学研究/法条竞合与想象竞合的区分.pdf
1607,法治化营商环境建设的合规机制——以刑事合规为中心,李本灿,山东大学法学院,2021,1,173,190,"法治化营商环境建设与组织体合规具有相同的价值追求,即行为的合规性.合规计划兼具高效、节约公共资源、国际化等优势,可以成为营商环境建设的法治工具.公共机构、企业是最主要的商业环境参与者、营造者;公共机构依法行政、提供公共服务,企业合法经营,则法治化营商环境水到渠成.借助公权合规计划,可以更好地实现公共机构合法运行的目的.公共机构不仅要通过合规计划实现自身合规,还要通过外部激励机制促进企业合规.作为公共机构与企业之间的桥梁,行业自治组织可以通过行业监督、共建失信信息系统、促进联合调查等方式促进企业守法.未来可以通过在组织体内构建自上而下的责任链条与自下而上的信息流、强化外部正反向激励机制、淡化行业自治组织的行政色彩等方式,促进公共机构、企业以及行业自治组织的合规参与.",营商环境建设;公权合规计划;企业合规,D,0,,法学三大刊论文/法学研究/法治化营商环境建设的合规机制——以刑事合规为中心.pdf
1608,法治国的宪法内涵——迈向功能分化社会的宪法观,李忠夏,山东大学法学院,2017,2,3,23,自清末立宪开始，中国就始终追求“国家整合”，试图将个体自由、社会秩序与国家富强整合到一起，在内忧外患之际取向“国家主义”。新中国成立之初延续了这一思路，试图通过社会改造实现个体、社会与国家的同质化。改革开放打破了铁板一块的社会同质性，促进了个体利益的分出，使经济系统逐渐独立于政治系统。法治国建设，则在于实现法律系统的分出，并通过以宪法为基础的法律系统的逐渐封闭化，进一步促进整个社会系统的功能分化。对宪法的认识。需从社会系统功能分化的角度加以反思，并由此推导出法治国原则所具有的形式和实质的双重属性及其各自所承担的功能，以此为基础可以讨论“八二宪法”所内含的实质价值基础。,立宪;法治国;宪法功能;宪法观;社会功能分化,D90,0,,法学三大刊论文/法学研究/法治国的宪法内涵——迈向功能分化社会的宪法观.pdf
1609,法治如何定量——我国法治评估量化方法评析,周祖成;杨惠琪,西南政法大学行政法学院,2016,3,20,35,对法治状态的定量评价，可以为法治建设提供方向和技术指引。法治评估中所运用的量化方法科学与否，将直接影响评估结果的合理性、执行力及社会效果。通过对几种典型的法治量化评估体系在数据搜集处理、权重设置、指数计算中采用的计量方法进行比对分析，可以发现，当前实践与理论研究中量化方法存在着整体局面复杂混乱、具体运用多有瑕疵、实施过程不公开、缺乏结果校验机制等问题。必须正视当下法治评估背后所隐藏的计量隐患，以社会实效为导向探索和建构法治评估的方法论体系。,法治指数;法治量化评估;法治量化方法,D920.0,37,,法学三大刊论文/法学研究/法治如何定量——我国法治评估量化方法评析.pdf
1610,法治评估模式辨异,钱弘道[1];杜维超[1],浙江大学法学院,2015,6,38,52,法治评估对法治社会建设具有重大作用，但当前我国理论界对法治评估体系的一元化构想并不完备，忽视了我国法治评估实践中两种话语模式的分化。两种法治评估类型的理论基点，分别是以治理功能为核心的实验主义治理理论和以管理功能为核心的公共行政管理理论。两种评估模式在方法、目标、主体和后果上均存在着结构性的差异。必须严格区分两种评估模式，通过区隔和整合方法，建立二阶性、一体化的法治评估体系，以实现法治评估效果的最佳化。,法治评估;法治指数;国家治理;行政管理;法治评估模式,D920.0,58,,法学三大刊论文/法学研究/法治评估模式辨异.pdf
1611,法理论:历史形成、学科属性及其中国化,雷磊[1],中国政法大学,2020,2,20,41,"要破除部门法学因过度教义化形成的学科壁垒,不能走向要求法学无条件地向其他社会科学全面开放的极端,而应该深化和发展法理论研究。通过历史的梳理可以发现,科学范式的转换、传统法哲学的衰落和部门法学的内在诉求构成了法理论研究形成的背景。它发端于历史法学时期,以19世纪的法学百科全书运动为其先声,而其作为独立的法学分支学科则经历了创始、成熟和多样化三个阶段,从一开始的分析法理论逐渐发展为包括多种进路在内的宽泛领域。法理论是一门从内部观察者的视角出发,通过研究基本法律概念来致力于法律知识的一般化与体系化的关于实在法的规范学科,包括法的理论与法律科学理论两部分。它对部门法学发挥着体系构造、学说批判和知识筛选功能,构成部门法学之知识和方法的法理。当下中国的法理论研究,要在兼容并蓄的基础上与部门法学形成良性互动,提升研究的整体自洽性和一般性,加强分析法理论和社会法理论方法间的分工与合作。",法理论;一般法学说;基本法律概念;科学化;中国化,D92,0,,法学三大刊论文/法学研究/法理论_历史形成、学科属性及其中国化.pdf
1612,法秩序统一性原理之建构,雷磊[1],中国政法大学,2025,1,22,41,法秩序是基于实在法的法学构造物，它预设了应然的和动态的视角。法秩序由法律体系、得到制定法认可的其他一般规范，以及依据一般规范产生的个别规范构成，是以制定法为主体的多元规范体系。法秩序的统一性既是法律科学追求的理想，又是司法裁判的辅助性原则。法秩序统一性的认识论要求包括两个方面：一是法秩序的效力统一性，这既包括空间面向上法的阶层构造与效力统合，又包括时间面向上法的连续性与稳定性；二是法秩序的价值统一性，这包括空间面向上部门法间的价值协调和时间面向上的同案同判。法秩序的效力统一性和价值统一性应在宪法层面实现耦合。法秩序统一性的方法论构造体现为规范意义的体系化塑造、规范要求的一致化建构，以及规范体系的完备化发展。法秩序统一性的“价值基点”在于法的安定性和形式正义，它是法秩序必要而非充分的构成条件，是相对的而非绝对的理想原则。,法秩序;法律体系;法律适用;同案同判;法制统一,D,,,法学三大刊论文/法学研究/法秩序统一性原理之建构.pdf
1613,注册制度改革背景下基于商标不使用的实体法抗辩,谢晴川[1],武汉大学法学院,2024,5,95,113,在注册取得制度改革及增设“使用意图”注册条件的背景下，需要以民法理论为基础，逐一辨析在理论上可能成立的商标不使用之相关抗辩的法律属性，以解决注册商标三年不使用抗辩之适用标准模糊不清且被糅合为“免赔抗辩”的问题。应将不使用抗辩区分为从未使用和连续不使用之两种情形下的抗辩，分别探讨有无可能构造理论中基于权利未产生或已消灭的要件事实抗辩，以及基于抗辩权的权利抗辩。“免赔抗辩”本是为了避免不得不通过推算或者酌定方式确定损害赔偿数额的做法所导致的极端情形，然而其将不使用商标的情形一律推定为无损害，同样落入机械判断损害结果之“全有或全无”的窠臼。注册商标的不使用可被定性为影响因果关系的与有过失，从而参与损害赔偿责任的分配，以还原个案中的真实情况。,商标注册;商标使用;要件事实抗辩;抗辩权;损害赔偿,D,,,法学三大刊论文/法学研究/注册制度改革背景下基于商标不使用的实体法抗辩.pdf
1614,"注册商标使用中的""未改变显著特征""",付继存[1],中国政法大学民商经济法学院,2021,6,186,206,"注册商标使用的判定因""未改变显著特征""的语义不精确而有或然性,进而影响与商标专用权确认、维持与保护有关的预期,助长市场机会主义.其实,""未改变显著特征""所蕴含的法律理念是,在理性、具体化的消费者看来,实际使用的商标标志与注册商标具有相同的识别效果.该理念与定性比较分析405份裁判文书所发现的应判定为""未改变显著特征""的条件或其组合相互对应.判定""未改变显著特征""的基准类型是组合使用注册商标、增删关联元素、改变装饰元素、替换字体字形、改变元素排列方式或任意组合上述变化方式,且能够明确指代该注册商标并不易导致消费者混淆.确权裁判还认可同时使用注册商标与变化的商标标志.在形成""未改变显著特征""这一判断时,识别公用性关联元素、替代性关联元素与装饰元素应分别采用竞争必需测试、稳定对应测试与表达需要测试.相同识别效果的判断应衡量明确指代、消费者认知习惯与商标法秩序等因素.",注册商标;商标使用;显著特征;商标通信模型,D923.43,0,,法学三大刊论文/法学研究/注册商标使用中的“未改变显著特征“.pdf
1615,注意义务的规范本质与判断标准,陈璇[1],中国人民大学刑事法律科学研究中心,2019,1,136,154,"注意义务本质上是能力维持规范,其机能在于将行为人遵守行为规范的能力维持在一定的水平之上。因此,注意义务概念以行为人有遵守行为规范之心却无遵守行为规范之力为适用前提。从刑法目的、理论思维以及政策效果等方面综合分析,注意义务“标准人”的设定,只能以行为人本人的能力为基础。通过填充规范可以类型性地推断注意义务,也可以划定被容许的风险的边界,但行为人的能力始终是业务过失犯中判断注意义务违反性的“压舱石”。一方面,司法者需要借助个人能力关联性标准对填充规范加以甄别;另一方面,被容许的风险的成立,除了要求行为须符合填充规范,还要求行为人在实施行为时现实地处于欠缺结果避免能力的状态。",过失犯;注意义务;标准人;被容许的风险,D914,0,,法学三大刊论文/法学研究/注意义务的规范本质与判断标准.pdf
1616,浙路风潮中的诸权之争,张玲玉[1],,2022,5,190,206,清末的浙路风潮涉及中英之间、中央与地方、政府与民众等多方利益纠葛，围绕《苏杭甬铁路草合约》《铁路简明章程》等一系列章程、合约的制定与实施，各方展开了持久的利益博弈，充分利用法律武器试图实现自己的权利诉求最大化。《苏杭甬铁路草合约》原本从属于中英之间的政治借款合同，是中外不平等关系的产物。清政府批准设立浙路公司虽有借助兴建铁路收回路权的意图在内，然而在浙路风潮发生后，反倒加剧了本已紧张的中央和地方关系。清政府无力应对内外危机，对外没有足够的实力与英国就废约一事进行谈判，对内不能很好地处理中央和地方的关系。特别是，清政府制定《公司律》却不遵守相关规定，背法而治，失信于民，引发了自身的合法性危机。,浙路风潮;保路运动;路权;铁路国有化,D,,,法学三大刊论文/法学研究/浙路风潮中的诸权之争.pdf
1617,海上保险的最大诚信:制度内涵与立法表达,初北平[1],大连海事大学法学院,2018,3,66,83,"英国2015年保险法开启了最大诚信义务由诚信规则向诚信解释原则改良的新篇,这似乎与我国保险法和海商法现有的“诚信原则+具体义务规则”模式有所趋同。但英国法下保险合同的诚信标准超过了英国法下一般合同的诚信标准,也超过了大陆法系及我国保险法下保险合同的诚信标准。其原因不是英国法下“最大诚信义务”中“最大”的法律效果,而是源于保险合同归属于“诚信的合同”,合同方在订约过程中需为对方的利益考量,主动告知有关标的的重要信息。此项具体的告知义务与我国海商法中的告知义务标准相当。实践中,我国法院对于被保险人是否尽到告知义务的认定标准并不严苛,保险的实务操作也不存在一个始终由被保险人主动进行无限告知的程序,我国海商法中规定的“主动告知”作为一项兜底性义务,应予保留以发挥其安全阀功能,而被保险人无需告知的事项则宜适当补充。",海上保险;最大诚信;保险法;诚信原则;告知义务,D922.284,0,,法学三大刊论文/法学研究/海上保险的最大诚信_制度内涵与立法表达.pdf
1618,涉外代理关系准据法的确定,林强[1],清华大学法学院,2020,6,186,206,"涉外民事关系法律适用法第16条对代理类型、连结对象与连结点的界定均不清晰,需从学理上予以重述。第1款中的“代理”不能径直依民法来解释,宜从功能识别与目的识别的原理出发,将法定代理与机关代理排除在外,而仅指涉意定代理。代理实体法的学说与体系构造影响着冲突规则的设置。无论是从实体法还是冲突法的立场出发,我国都应采纳德国的意定代理权独立连结理论,而非混合继受英国法与海牙《代理法律适用公约》。继受该德国学说时,需明确代理内部基础关系与外部法律行为均可在第16条之外找到对应的冲突规则,第16条的连结对象只为意定代理权。第16条第1款前段的“代理”应进一步限缩解释为意定代理权,第1款但书未来宜完全删除。在依第16条规定的主、客观连结点确定意定代理权的准据法时,应依实体类型作精细化的利益衡量,从而具体化连结点的运用。",涉外代理;代理冲突法;代理行为地;意思自治;利益衡量,D92,0,,法学三大刊论文/法学研究/涉外代理关系准据法的确定.pdf
1619,涉外法律适用的冲突正义——以法律关系本座说为中心,徐鹏,西南政法大学,2017,3,189,207,将冲突正义的内涵设定为判决一致，不仅存在着实践中的困难，而且其作为外在工具性价值难以为双边冲突规范体系提供充分的正当性基础。将冲突正义理解为适用空间上最好的法律，也难以避免进一步的质疑。因此宜回溯到法律关系本座说，在萨维尼的私法体系、历史法学以及康德道义论伦理观等编织而成的整体脉络中探究冲突正义的内涵。对人的平等对待和自由意志的尊重构成了萨氏涉外法律适用的价值基础。自由和平等价值依赖于以罗马法和基督教为支柱的国际法律共同体的预设。伴随欧洲民族国家法典化进程和基督教的式微，冲突正义也面临着挑战。全球化背景下国际民商事交往中社会行动的复杂性以及与之相伴而生的主体行为的偶然性，需要与之相适应的合作体系。国家无法在所有的涉外民事关系领域主动地发挥参与和塑造功能，难以全面构建实质性公正标准并依其型塑主体的行为方式。秉持平等和自由价值，通过发现当事人自愿遵循或者经过商谈后合意确立的规范体系，可以实现当事人“期望的期望”的契合和相互调适。,冲突正义;判决一致;自由;平等;法律关系本座说,D90,0,,法学三大刊论文/法学研究/涉外法律适用的冲突正义——以法律关系本座说为中心.pdf
1620,涉外知识产权归属的法律适用,阮开欣[1],华东政法大学知识产权学院,2019,5,191,208,"权属分歧现象是知识产权领域法律属地主义的体现之一,不符合全球化 背景下法律普遍主义的发展趋势,应当在一定程度上采取单一准据法以适用于知识 产品在各国的权属。从应然的角度来说,在知识产权的初始取得和继受取得过程 中,基于在先关系的知识产权归属规则均在一定程度上存在权属普遍制的适用空 间,这有助于知识产品的跨境流动和最大化利用。对于强行法范畴的知识产权归属 规则,则不存在权属普遍制的适用空间。现行国际条约并不妨碍权属普遍制的适 用。如何确定权属普遍制中的单一准据法是亟待解决的问题,选取规则的明晰化并 在各国获得共识是权属普遍制有效运行的前提。解决权属普遍制和被请求保护国原 则共存所导致的法律冲突,应当遵循被请求保护国对于本国知识产权归属规则享有 最终决定权的准则,反致规则的适用内含于被请求保护国原则。",知识产权归属;法律适用;被请求保护国原则;权属普遍制,D,0,,法学三大刊论文/法学研究/涉外知识产权归属的法律适用.pdf
1621,涉诉信访治理的正当性与法治化——1978-2015年实践探索的分析,彭小龙,中国人民大学法学院,2016,5,86,107,涉诉信访治理是法律、行政、经济等调整机制与程序、绩效等正当性基础相互作用的过程。1978年以来的“绩效合法性下的综合调整”，化解了大量涉诉信访，但法律调整与非法律调整的混同日益无法适应实践需要。20世纪90年代之后，涉诉信访法律调整机制不断健全，程序正当性逐渐确立，但受国家治理整体格局、信访体制、司法政策等影响，涉诉信访治理具有明显的绩效导向，调整效果不佳，相关政策反复调适。从目前来看，“程序正当性下的法律调整”过于理想化，十八大以来的涉诉信访改革方案可以解读并进一步整合为“程序正当性下的综合调整”，通过法律程序和程序惯例释放并统摄各种正当性资源和调整机制的作用，形成一种可持续发展的常规治理结构。,涉诉信访;绩效合法性;程序正当性,D926.2,70,,法学三大刊论文/法学研究/涉诉信访治理的正当性与法治化——19782015年实践探索的分析.pdf
1622,混合共同担保人相互间无追偿权论,崔建远[1],清华大学法学院,2020,1,83,99,"同一个债权被数个担保措施保障,应当区分情况而定担保人相互间是否享有追偿权:在共同保证、共同抵押的场合可存在追偿权,在混合共同担保关系中,物上担保人之间、物上担保人与保证人相互间不应享有追偿权,除非当事人之间另有约定或法律另有规定。反对此说者,在解释论层面不合中国现行法及法理,在立法论层面不宜被采纳,因其未能证成担保人相互间存在着各项义务间具有内在联系的共同关系,利益衡量时未能全面而平等地照顾到担保人的全体,不当地限制了意思自治原则作用的发挥,未把债的相对性和自己责任等原则及规则纳入权衡因素,将目光局限于单一的交易关系,忽视了系列交易、一组交易中各个子交易之间环环相扣、处处衔接的特殊安排。其所谓公平理念及标准以及当事人预期,明显带有解释者的主观偏好,似不中立。至于将降低交易成本作为混合共同担保人相互间享有追偿权的根据,更是偏离了路径。",混合共同担保;追偿权;当事人预期;公平原则,D92,0,,法学三大刊论文/法学研究/混合共同担保人相互间无追偿权论.pdf
1623,清代君臣的法外施仁博弈,蒋铁初,杭州师范大学沈钧儒法学院,2021,2,138,155,"清代的法外施仁有法外宽待及依法宽待两种表现.死罪案件的法外宽待具有不确定性,既是君臣心目中的可益之事,还是君臣都能参与审判的案件,因而成为君臣博弈的对象.清代君臣在大臣发起法外施仁与君主主动法外施仁两个回合展开博弈.其中大臣发起法外施仁,又有大臣事先奏请君主法外施仁及大臣先法外施仁再奏请君主追认两种表现,后一种做法主要出现在晚清时期.君主主动法外施仁的同时,往往会要求大臣宣扬君主的法外施仁,还会通过特殊案件宣扬法外施仁以及在立法中宣扬法外施仁.结果是清代大臣接受了君主是法外施仁唯一主体的观念.君臣博弈形成了清代慎重法外施仁及法内之仁法外化的特征,也加剧了应当施仁案件不施仁及法外施仁偏向亲贵等问题.清代社会的特殊性对法外施仁实践产生了一定的影响.",法外施仁;法内之仁;君臣博弈,D,0,,法学三大刊论文/法学研究/清代君臣的法外施仁博弈.pdf
1624,清代州县讼事中的国家与个人——以巴县档案为中心,汪雄涛[1],苏州大学王健法学院,2018,5,171,188,"学界以往比较强调社会与国家在清代纠纷解决中的互动,对国家与个人关注不多。在清代州县讼事中,“状不轻准”是国家的基本立场,词讼的开启主要依赖于个人的艰难行动。当讼事进入候审以后,可能会因国家的消极理讼而陷于停滞,但个人仍试图通过诉禀对抗来推动诉讼进程。在讼事的审断阶段,国家往往希望“一讯而结”,倘若个人对讯断结果不满,会拒绝具结,进而复禀乃至上控。但是,这类再审的请求同样会受到国家的压制。由于讼事对国家和个人而言,都是一种“不能承受之重”,所以,在争讼的任何阶段,个人都没有停止和息的努力。一旦成功,国家也会乐观其成。国家对讼事的压制和消极,与个人的困难和积极,共同构成清代州县“压制型诉讼”的一体两面。“压制型诉讼”的解说,一方面意在强调清代的纠纷解决机制不容高估,另一方面也在提示国家的司法能力应该更加强化和开放。",讼事;州县;国家;个人;压制型诉讼,D032,0,,法学三大刊论文/法学研究/清代州县讼事中的国家与个人——以巴县档案为中心.pdf
1625,清代州县词讼积案与上级的监督,邓建鹏[1],中央财经大学法学院,2019,5,173,190,"清代法律制度在要求州县官及时审结自理词讼方面,多有细致而严格的 规定,但在基层司法实践中,自理词讼积压却异常严重。自清中期以降,历任皇帝 在位时多发布各种上谕,催促各省高官监督基层官员及时审结案件。州县官必须按 月向上级申送自理词讼清册,以供上司核查。就制度而言,州县官听讼面对知府、 道员及省级官员等重重监督的压力。但是在实践中,这种多层级高压并未带来有效 的监督效果。多层级监督体系效率低下,地方官之间基于利益合谋,共同规避中央 的监督要求。上级监督州县官听讼明显具有 “人存政举”的特征,统治者对导致词 讼尘积的客观因素 (如人口剧增、经费有限)视而不见。州县官处理命盗案件审转 尚且顾及不暇,遑论自理词讼,因此词讼积压问题并未得到有效解决。",清代;州县官;监督;自理词讼;积案,D,0,,法学三大刊论文/法学研究/清代州县词讼积案与上级的监督.pdf
1626,清代的地权习惯与法律介入———国家与市场的互动视角,赖骏楠[1],复旦大学法学院,2024,5,187,203,清代地权习惯浸透着市场法理。考察清代国家法对地权习惯的应对，既有助于澄清清代国家与市场的具体关系，又能为检验相关经济学理论提供重要案例。在诸种有利的制度和意识形态条件下，清代中国拥有前工业社会中最为成熟的地权市场体系。各类地权习惯均体现出市场—产权逻辑。针对地权习惯，清代国家法从相互并不协调的诸种目的出发，产生诸种并不协调的应对态度。但相对较弱的国家能力，导致法律对地权的介入范围和力度有限。在诸种介入中，顺应产权与市场之要求的保护式介入较为成功，以反市场的逻辑取消原有契约与产权安排的干预式介入，则遭遇重重阻力。从近代大变局的角度出发，可以发现，由于国家权力与地权市场未能实现同步发育和良性互动，清朝这一政治经济体在近代国家建设和工业化等议题上，面临诸多严峻挑战。在近代的视域下，国家与市场的理想关系，应是一种和谐共生、互利共赢的状态。,清代地权;习惯;一田多主;田赋征收,D,,,法学三大刊论文/法学研究/清代的地权习惯与法律介入———国家与市场的互动视角.pdf
1627,清代讼师贪利形象的多重建构,尤陈俊[1],中国人民大学法学院,2015,5,177,193,清代官员们在向民众宣扬讼师之恶时，往往极力强调其贪婪成性的逐利特点。这种贪利讼师的形象刻画，可以在一些真实案例中找到原型，并在一些文学作品中被放大。将官代书的收费情况和一些实际案例中讼师所收的写状费用进行对比，可以发现其中的讼师收费通常要远超官代书的规定收费标准和实际所收报酬。但是，这并不意味着讼师收费皆是高不可攀，因为除了那些精擅此道而引起官府注意乃至被查拿严惩的讼师外，还有一些为人代写词状的下层识字人士其实只收取较低的酬劳，而后一种情形通常不容易在史料中得到具体记载。清代官方借助于对“贪利讼师”这一模式化形象的塑造和宣扬，来对民间助讼之人进行整体污名化，试图以此警示民众要远离这一“危险”群体，从而避免更多的诉讼案件被催生出来，以减轻区域性诉讼社会之背景下日趋严峻的压力。,健讼;讼师;包揽词讼;写状费用,D90-052,104,,法学三大刊论文/法学研究/清代讼师贪利形象的多重建构.pdf
1628,清律“家人共盗”的法思想源流,谢晶[1],中国政法大学法学院,2018,2,195,208,在儒家的治国平天下理想及方案中，教化是其重要部分。以《大清律例》为代表的传统律典因深受儒家之影响，也将这一理念容纳进来，并在有关“家人共盗”问题的律例中集中展现，在赋予尊长对卑幼的专制之权时，亦给他们附加教化之责——“养不教，父之过”的“连坐”责任。在儒家看来，推行教化的理想方式是礼乐（而非刑政）。礼乐源自人心、顺应人性，能在较大程度上发挥预防犯罪、维护社会秩序的效用。历代王朝在将这一理念转化为法律制度并运用于实践之中时，片面强调百姓中家长的责任，忽略“为民父母”的统治者所应同样负有的（甚至更大的）责任，在一定程度上反映出君主推诿自身责任的心理。,大清律例；共同犯罪；一家人共犯罪；共盗；礼教,D909.249,0,,法学三大刊论文/法学研究/清律“家人共盗”的法思想源流.pdf
1629,清末《新民丛报》与《民报》论战中的“国民”议题,赖骏楠[1],复旦大学法学院,2018,4,171,187,"在清末变法时期,思想界一度出现“国民程度不足论”,亦即主张当时中国国民的智识、道德和法政知识水平,皆不足以支撑近代宪法的运行。“国民程度”议题,也以“共和国民资格”之争这一形态,出现在1905至1907年间梁启超《新民丛报》与革命派《民报》之大论战中。对本次论战双方言论的系统梳理,能够表明双方虽在各具体问题上一度展开激战,但却共享一个思考上的前提,亦即实行近代宪法要以充足的“国民程度”为前提。“国民程度论”所依赖的思维方式主要源自儒家思想,尤其源自心性儒学。该论调一方面意识到政治领域之外的思想文化因素对于宪法运行质量的间接影响,另一方面也相对忽视了政治领域之内诸因素对于宪法运行的直接影响。",宪法;国民;梁启超;革命派;儒家,D0-0,0,,法学三大刊论文/法学研究/清末《新民丛报》与《民报》论战中的“国民”议题.pdf
1630,滥用知情权的逻辑及展开,王锡锌,北京大学法学院,2017,6,41,60,在我国信息公开实践中，出现了申请人大量申请、反复申请政府信息公开的情形。司法实践将此类申请行为界定为“滥用政府信息申请权”或“滥用知情权”，并认为此类行为构成权利滥用。由于公法上权利关系的特殊性和知情权的复合性功能，在将发源于私法领域的禁止权利滥用原则适用于公法上的知情权问题时，必须对该原则的适用进行严格的范围界定和规则限制，通过对知情权行使的原则设定、滥用权利行为的类型化以及建构滥用权利的测试标准等途径，抑制行政机构和司法机关适用权利滥用原则的自由裁量空间，从而实现对知情权的权利保障和抑制权利滥用之间的平衡。,信息公开 知情权 权利滥用 纠缠性申请,D923.8,0,,法学三大刊论文/法学研究/滥用知情权的逻辑及展开.pdf
1631,版权保护与创作、文化发展的关系,章凯业[1],中国海洋大学法学院,2022,1,205,224,"将版权的功能等同于鼓励创作,是对现实的过度简化.从作者的角度来看,个体的创作受到多重动机的驱使,版权只扮演着一个相对边缘性的角色.版权更重要的向度是在产业领域,其作用是在媒介稀缺和信息传递依附价值传递的产业环境下,确保知识的大规模商品化得以顺利进行,后者在客观上提高了社会知识的存量和传播范围,同时强化和扩大了作者作为一种职业的地位和范围.当前的媒介充裕和创作传播手段的分散化,催生了大众化创作,并使其成为自媒体时代公众之间重要的对话交流形式.同时,互联网的零边际成本和平台的网络效应与版权相结合,提高了版权人垄断定价的能力和网络版权的市场集中度.版权与文化繁荣的关系,需要在新的信息社会的背景下进行类型化分析.一个宽松的文化发展环境、以产业政策为主导的规模化大市场、低成本的知识要素自由流动以及国家的支持和反垄断介入,是目前我国进一步实现文化发展与繁荣的必由之路.",版权;媒介稀缺;文化产业;信息社会;知识产权反垄断,D,0,,法学三大刊论文/法学研究/版权保护与创作、文化发展的关系.pdf
1632,物业服务合同法律构造之中国模式,徐涤宇,中南财经政法大学法学院,2021,3,52,67,"我国物业服务合同适用非常态缔约规则,与民法典中的其他典型合同有本质区别.物业服务合同与集体合同在法律构造上并无二致,在规范目的上更是殊途同归,即以团体缔约的构造实现当事人双方的""势均力敌"",同时赋予合同规范性效力,以促成小区管理中的强制自治与和谐物业服务关系.物业服务合同""入典""没有改变其特别法规范模式.包括物业服务合同在内的建筑物区分所有制度这一微观体系,构成民法典所有权制度的特别法.在理解和适用物业服务合同规则时,必须将其置于这一微观体系下予以解释.",物业服务合同;团体缔约;集体合同;规范性效力;特别法模式,D,0,,法学三大刊论文/法学研究/物业服务合同法律构造之中国模式.pdf
1633,牵连关系的类型——基于刑事立法、司法解释规定的分析,王彦强[1],,2022,3,159,174,"厘清牵连犯问题,有必要先区分""规范的牵连犯概念""与""事实的牵连犯现象""两个范畴.在牵连犯现象客观存在的情况下,应将关注点从牵连犯存废之争转向如何界定类型化牵连关系.对牵连犯现象进行归纳总结和类型化分析,是可尝试的问题解决方案.通过样本分析发现,立法中唯一呈现出类型化特征的""受贿犯罪与徇私型渎职犯罪""类型,因受制于加重犯立法模式和司法解释数罪并罚的规定,难以被推广运用.相较而言,司法解释提供了更丰富的分析样本,其大体可分为三种类型:侵害法益同一型、必然性关联型和高伴随关系型.前两类分别因""侵害同一法益""和""(准)想象竞合""特性而具有较牢固的从一重处断基础;而占比最多的高伴随关系型,大多数也坚持了客观的、类型化牵连关系的基本立场.",牵连犯;牵连关系;从一重处断,D,,,法学三大刊论文/法学研究/牵连关系的类型——基于刑事立法、司法解释规定的分析.pdf
1634,特别条款优先效力的理论困境及其解决路径——以特别关系的类型区分为视角,邓毅丞[1],华南师范大学法学院,2025,3,150,170,特别关系是指，普通条款与特别条款之间具有法益同一性和逻辑包容性的竞合类型。关于特别条款的优先效力，存在两个理论误区，一是夸大特别条款对普通条款的排斥作用，二是消解法条竞合与想象竞合的界限。对此，应当以特别关系的类型区分作为纠偏路径。特别关系的具体类型取决于特别条款与普通条款在不法和责任上的不同点。据此，特别关系可区分为特别减轻关系和特别加重关系，前者排除普通条款的重刑适用功能和补充适用功能，后者则不然。特别加重关系和特别减轻关系的区分，不能仅依据司法解释确立的立案标准，而应当根据法定的处罚效果进行综合比较，法定最高刑、法定最低刑、附加刑等都是处罚效果的判断因素。基本犯和加重犯的处罚效果不能混同，应当在罪刑构造的基础上，以罪刑均衡为导向，确定特别关系类型的区分范围在基本犯层面和加重犯层面是整体评价还是个别评价。据此，盗伐林木罪、贪污罪、金融诈骗罪等争议条款的优先效力需要重新审视。,法条竞合;特别条款;特别加重关系;特别减轻关系;处罚效果,D924.1,,,法学三大刊论文/法学研究/特别条款优先效力的理论困境及其解决路径——以特别关系的类型区分为视角.pdf
1635,犯罪参与体系中区分制与单一制的融合,黎宏[1],清华大学法学院,2024,4,152,167,"我国学界对犯罪参与体系上区分制与单一制的对立有夸大之嫌。在共同正犯、间接正犯、共谋共同正犯等概念以及作为正犯判断标准的犯罪支配说出现之后,作为区分制基础的正犯概念逐渐实质化, 正犯与共犯的形式界限几近于无。特别是在共犯从属性的问题上, 一旦采用与共同犯罪本质论中的行为共同说具有亲和性的实行行为从属性说, 就会在犯罪参与体系上必然走向单一制。当今的单一制, 在法益侵害说的洗礼下, 已不是“行为人刑法”或者“意思刑法”的产物, 而是在各犯罪参与人的行为必须直接或者间接与具体犯罪构成要件结果相关的前提下, 基于共同犯罪的本质是行为共同的理念, 将正犯理解为为构成要件的实现作出因果贡献的人。这表明, 当今的区分制与单一制正相向而行, 渐趋融合。从我国的相关刑事立法和司法实践看, 我国的犯罪参与体系接近于单一制。这一理解, 不仅能合理解释我国刑法有关共同犯罪的规定, 也能妥当说明帮助信息网络犯罪活动罪的相关司法解释规定。",犯罪参与体系;共同犯罪;区分制;单一制;正犯;共犯,D,,,法学三大刊论文/法学研究/犯罪参与体系中区分制与单一制的融合.pdf
1636,"犯罪故意概念中的""危害社会"":规范判断与归责机能",曾文科[1],中国政法大学刑事司法学院,2021,5,159,174,"""危害社会""是我国刑法故意概念中最具特色的表述.在规范责任论下,故意的判断不再是单纯的事实认定,而是规范评价.故意概念中的""危害社会""表明,进行故意归责时,行为人必须具有形成反对动机的可能性.成立故意犯罪时,只要求行为人明知构成要件事实;""危害社会""不是明知的内容,其只是对行为或结果属性的修饰或表达.应当根据法规范标准说,立足行为时,以行为人认识的内容为判断素材,由作为法规范总和的国家,对""危害社会""作出符合科学法则的判断.成立故意犯罪时,行为人不必具有现实的违法性认识,形式违法性认识可能性只是用以判断实质违法性认识可能性的资料.""危害社会""为实质违法性认识可能性在故意概念中留下了一席之地,因此不必在故意之外再讨论违法性认识可能性问题.",犯罪故意;危害社会;违法性认识,D924.1,0,,法学三大刊论文/法学研究/犯罪故意概念中的“危害社会“_规范判断与归责机能.pdf
1637,环境侵权因果关系类型化视角下的举证责任,陈伟,南京大学法学院,2017,5,133,150,环境侵权因果关系的举证责任分配问题是环境法学和侵权法学理论界存在争论的疑难问题。虽然立法已经明文规定，然而司法实践中却常出现直接或间接违背立法的现象。对环境侵权因果关系这一概念本身的模糊认识是导致理论争论和实践矛盾的重要原因。在英美法对因果关系所作的一般因果关系与特定因果关系两分法的基础上，根据科学认知难度可进一步把一般因果关系分为三种类型：常识型、科学确定型和科学不确定型。只有科学不确定型因果关系的举证责任才应由被告承担。根据污染物致害的时空顺序，可把特定因果关系分为到达的因果关系和致害的因果关系，而致害的因果关系则可根据证明的需要区分为暴露的因果关系和真实的因果关系。到达的因果关系之举证责任，根据现行立法与司法解释应由被告承担。致害的因果关系中暴露的因果关系之举证责任应由原告承担，真实的因果关系之举证责任则由被告承担。,一般因果关系 特定因果关系 环境侵权 因果关系 举证责任,D915.2,0,,法学三大刊论文/法学研究/环境侵权因果关系类型化视角下的举证责任.pdf
1638,环境民事公益诉讼性质定位省思,巩固[1],浙江大学光华法学院,2019,3,127,147,"民事公益诉讼是为弥补行政执法在社会公益保障方面的不足而创制的一种特殊司法机制,不是传统意义上的民事诉讼,不能照搬传统民事诉讼规则。从国外一般经验来看,环境民事公益诉讼具有严格依法实施、类型化发展、有限适用、行政分权担责、法院有限能动、普通公众参与等特性。在我国,环境民事公益诉讼被定位为侵权诉讼之一种,主要依据司法解释运行,具有法律依据不足、混同""代位执法""诉讼与损害填补诉讼、适用泛化、行政消极卸责、司法过度能动、公众参与不足等弊端。未来应扭转其作为民事诉讼的错误定位,以公法诉讼为指向完善相关制度。就目前法治实践而言,当务之急是修改相关司法解释,妥善拟定民法典侵权责任编相关条款,协调民法一般规则与环境特别立法的关系,科学推进民法典之绿色化。长远来看,应制定专门的环境公益损害救济法,对环境公益诉讼和生态损害赔偿分别作专章规定,前者应囊括民事公益诉讼与行政公益诉讼;后者应综合利用诉讼、磋商、行政执法等多种机制,并以对《生态环境损害赔偿制度改革方案》的立法转化为核心。",环境民事公益诉讼;代位执法;生态损害赔偿;民法典侵权责任编,D925.1,0,,法学三大刊论文/法学研究/环境民事公益诉讼性质定位省思.pdf
1639,环境法体系中的自然保护地立法,吴凯杰[1],北京大学法学院,2020,3,123,142,"作为正在制定过程中的新兴环境立法,自然保护地法、国家公园法等自然保护地立法与环境法体系中的其他法律存在发生规范冲突和赘余的可能,有必要明确其价值定位以及相应的规范表达。在生态文明入宪、入环境基本法的背景下,环境基本法的保护优先原则和综合治理原则内含对优先保护生态整体性的价值期待,需要自然保护地立法予以表达。相较于污染防治法与资源保护法,自然保护地立法以生态环境保护为根本调整目标,且具有调整对象的系统性和调整方式的调适性,契合优先保护生态整体性的需要。为落实这一价值期待,自然保护地立法需构建以分区定保护级别制度、总行为控制制度为核心的制度体系,并采用“自然保护地基本法+各类自然保护地特别法”的总分结构。",自然保护地立法;环境法;保护优先原则;综合治理原则;生态整体性,D92,0,,法学三大刊论文/法学研究/环境法体系中的自然保护地立法.pdf
1640,环境行政处罚规制功能之补强,谭冰霖[1],中南财经政法大学社会科学研究院,2018,4,151,170,"行政处罚是环境规制的基础性手段,应注重其规制功能的发挥。环境行政处罚的规制功能包括法律威慑、风险预防和生态恢复三个维度,我国现行法制在这些方面尚存结构性缺陷。补强其规制功能的具体路径是:在法律威慑维度,在环境罚款中引入不法利益追缴制度,不法利益追缴属于法定罚最高幅度以上、不法利益总额以下的加重量罚,其“不法利益”应同时涵盖消极利益和积极利益两个层面。在风险预防维度,应通过不确定法律概念赋予行政机关一定的判断余地,一方面,运用类推、预估和降格证明标准的方式判断事实性风险的不确定概念;另一方面,运用分量公式对价值性风险的不确定法律概念作出妥当的利益衡量。在生态恢复维度,要正确认识行政权在生态恢复中的主导作用,从理论上证成生态恢复责任能够作为行政处罚的法律定位,并从直接性恢复、替代性恢复和恢复性罚款三个方面构建系统化的生态恢复行政处罚责任形式。",环境行政处罚;环境规制;环境执法;风险预防;生态恢复,D901,0,,法学三大刊论文/法学研究/环境行政处罚规制功能之补强.pdf
1641,环境责任保险与环境风险控制的法律体系建构,马宁,西北政法大学,2018,1,106,125,保险被视为一类独立的应对环境风险的工具。相较于第一方保险，责任保险在环境风险下具有制度优势，应被视为保险工具内的优先选项。基于夏维尔模型得出的市场机制通常能自发实现责任保险最优效果的结论，在抽象环境风险与具体国情背景下均难以证成，强制保险模式因此成为必然。环境责任保险的价值实现对外主要受制于保险人对环境风险的识别、控制与承保能力，对内则受限于保险规范设计的妥当性。在前者，保险人可通过将自身的风险评估与管控活动融入国家环境管理体系，尽可能明确数人环境侵权的形态与责任承担，利用连带责任内的责任再分配机制，构建双重风险保费体系等方式，强化自身的风险评控能力，消减立法与司法因素诱发的责任不确定性；在后者，则需谨慎设计承保范围，将纯粹经济损失与对环境自身的损害责任纳入保障范围，经由被保险人范围的控制等方式来实现对保险人承受能力的照顾。,环境风险 环境侵权 强制责任保险 环境责任保险 纯粹经济损失,D920.0,0,,法学三大刊论文/法学研究/环境责任保险与环境风险控制的法律体系建构.pdf
1642,现代监护理念下监护与行为能力关系的重构,彭诚信[1];李贝[1],上海交通大学凯原法学院,2019,4,61,81,"民法总则继续将监护理解为行为能力的补正工具,实行两者之间的全面“挂钩”。在行为能力采“三分法”的语境下,该“挂钩”关系使得我国监护制度存在适用范围过窄、忽视被监护人意思自治、保护内容缺漏等问题,并与联合国《残疾人权利公约》倡导平等、反对歧视、尊重残疾人意愿偏好的基本精神不合。监护与行为能力的“挂钩”成因在于对两者本质的混淆,同时两者在制度功能、适用对象和时间效力上的部分重合以及“监护”概念的歧义性都加剧了该“挂钩”现象。现代监护理念指引下的监护制度应兼顾被监护人的利益保护及其意思自治,未来立法应致力于实现监护与行为能力的有限“脱钩”:一是建立并完善独立的监护程序,使监护启动条件与行为能力的判断标准相分离;二是建立包含自治型、协助型、替代型决策模式的多元监护体系,限缩法定代理权的适用范围,完善行为能力的类型划分。",监护;行为能力;成年监护;未成年监护;残疾人权利公约,D923,0,,法学三大刊论文/法学研究/现代监护理念下监护与行为能力关系的重构.pdf
1643,生命科技时代民法中人的主体地位构造基础,汪志刚,江西财经大学,2016,6,29,48,近现代民法中人的主体地位是以植根于启蒙哲学的二元对立思维下的单向度的理性人为构造基础。在经历了历史的检验之后，这种理性人观念所固有的弊端已充分显现，并因此受到了各方批判。生命科技的发展则进一步加剧了这种状况。为回应时代发展需求，民法应更新其所持的人的本质观，建构一个在价值质引导下的兼顾人的生物质、精神质、社会质和历史质的整全的人的本质观，并以此为基础来更新人的主体地位构造模式，将人的身体所具有的各项价值（本体价值、工具价值、关系生成价值和目的价值）和类的人性尊严原则对各“涉身性”人身权（含人体物权）行使的统制作用融入其体系，同时对一些与人身有关的法律制度进行必要的调整。,民事主体;人格;人体;理性;人性尊严,B82-057,0,,法学三大刊论文/法学研究/生命科技时代民法中人的主体地位构造基础.pdf
1644,用户价值与数字税立法的逻辑,张牧君[1],,2022,4,112,131,"在数字商业模式中,跨国经营者通过用户对免费数字商品或服务的消费占有了用户价值,但没有通过纳税实体取得货币价值,这突破了传统所得税法的规范逻辑,使得国家无法依托所得税法对用户价值征税.用户价值不只是用户数据的价值或用户忠诚的价值,用户所在国可以将其规定为用户加入用户网络的价值或用户数字劳动的价值,主张经营者的收入由本国用户创造,以数字商业模式中的付费交易总额为税基进行数字税立法.为了减少国家之间的规范冲突,追求最低限度共识,OECD放弃对用户价值定性,转而采取定量规则,将部分剩余利润拟制为用户价值.我国根据""支柱一""方案的逻辑进行数字税立法时,需要制定法人合并计税规则、境外交易视同境内发生规则、剩余利润计算规则以及对境外交易进行税收征管的规则等.同时,应当认识到""支柱一""方案定量逻辑的缺陷,明确市场、市场价值等与用户之间的联系,促使数字税立法回归对用户价值的定性规范.","用户价值;数字税;数字服务税;双支柱;""金额A""规则",D,,,法学三大刊论文/法学研究/用户价值与数字税立法的逻辑.pdf
1645,申请保全错误损害赔偿责任：规范、定性及诉讼实现,占善刚[1],,2024,2,155,171,民事诉讼法第108条是由完全法条构成的规范申请保全错误损害赔偿的独立实体法依据。学理及司法解释对“申请（保全）有错误”的理解或界定均是对民事诉讼法第108条的误读。审判实务中将申请保全错误损害赔偿责任定性为侵权责任，并将债权人是否有过错作为主观要件，不仅存在方法论及认识论上的错误，客观上也阻碍了债务人损害赔偿请求权的实现。申请保全错误损害赔偿责任为债权人基于非终局地确定债权人与债务人实体法律关系的保全裁定之执行而自担风险的风险责任。“申请有错误”之要义为法院依申请作出的保全裁定因欠缺保全的实体要件而自始不当。被保全的权利存在与保全具有必要性同为保全要件，欠缺其一则保全不当。应由申请保全错误损害赔偿诉讼法院依客观法律状况独立地审查保全是否不当，而不受保全诉讼裁判的拘束，但受本案诉讼法院就被保全的权利是否存在之裁判的拘束。应立足于平衡保护两造的立场，引入保险制度分散申请保全错误责任人之损害赔偿风险，完善诉讼保全责任保险与申请保全错误损害赔偿制度的对接。,申请保全错误;法定之债;风险责任;保全必要性;诉讼保全责任保险,D,,,法学三大刊论文/法学研究/申请保全错误损害赔偿责任：规范、定性及诉讼实现.pdf
1646,电子数据在刑事证据体系中的定位与审查判断规则--基于网络假货犯罪案件裁判文书的分析,"胡铭[1,2]",浙江大学光华法学院,2019,2,172,187,"互联网时代,电子数据在刑事审判中的重要性日益彰显。然而,在规则层面与审判实践层面,对电子数据的定位却呈现显著差异。通过对北大法意中国裁判文书库收录的2005-2015年网络假货犯罪案件裁判文书的分析发现,电子数据在刑事审判实践中存在定位泛化的问题,相关审查判断规则主要围绕电子数据的真实性展开,其关联性审查本质上也是真实性审查,其合法性审查亦主要是为了保障真实性。电子数据鉴定虽然被广泛适用,却未能发挥预期作用,而专家辅助人的引入尚处于初级阶段。为了准确定位电子数据并发挥其应有的作用,应在广义理解电子数据的基础上,在真实性与正当程序保障的价值权衡中,构建适应互联网时代需求的电子数据审查判断规则。",电子数据;证据体系;真实性;合法性;关联性,D915.13,0,,法学三大刊论文/法学研究/电子数据在刑事证据体系中的定位与审查判断规则基于网络假货犯罪案件裁判文书的分析.pdf
1647,电子数据的技术性鉴真,谢登科[1],吉林大学法学院,2022,2,209,224,"电子数据鉴真是信息时代重要的证据问题.我国司法机关在实践中尝试将完整性校验、可信时间戳、数字签名、区块链存证等信息技术应用于电子数据鉴真.这既源于传统的""保管链证明"" 和""独特性确认"" 鉴真方法无法完全适应电子数据的虚拟性、可分离性、海量性等特征,也源于证据鉴真方法的开放性所提供的制度空间和在线诉讼推广适用所产生的内在需求.技术性鉴真并非简单地将信息技术应用于电子数据鉴真,其也会带来电子数据鉴真方法和规则的改变.技术性鉴真在价值功能、鉴真标准等方面与传统鉴真方法并无区别,但在内在机理、证明责任、程序保障等方面存在较大差异,因此有必要在整合现有制度的基础上构建电子数据技术性鉴真规则.技术性鉴真有其适用边界,其主要适用于电子数据""单独提取"" 模式,在""转化收集"" 模式中的适用具有限制性,在""一体收集"" 模式中的适用则具有阶段性;技术性鉴真方法可与传统鉴真方法交叉适用,但也存在独立适用的发展态势;技术性鉴真仅能解决电子数据的形式真实性问题,而无法保障其实质真实性.在电子数据技术性鉴真中,应保障诉讼主体的平等参与和有效对抗.",电子数据;鉴真;完整性校验;数字签名;区块链存证,D,0,,法学三大刊论文/法学研究/电子数据的技术性鉴真.pdf
1648,电子证据的关联性,刘品新,中国人民大学刑事法律科学研究中心,2016,6,175,190,关联性是电子证据在法庭上运用的关键性指标。作为一种虚拟空间的证据，电子证据用于定案必须同时满足内容和载体上的关联性。前者是指其数据信息要同案件事实有关，后者突出表现为虚拟空间的身份、行为、介质、时间与地址要同物理空间的当事人或其他诉讼参与人关联起来。这些关联性的良好实现，有赖于我国电子证据规则、刑事民事取证制度以及司法鉴定技术规范的创新。大数据的出现和发展，为电子证据的关联性理论带来了新的挑战。,电子证据;大数据;关联性;证据规则,D915.13,0,,法学三大刊论文/法学研究/电子证据的关联性.pdf
1649,电子证据真实性的三个层面——以刑事诉讼为例的分析,褚福民[1],证据科学教育部重点实验室(中国政法大学)、司法文明协同创新中心,2018,4,121,138,"电子证据真实性的三个层面是指电子证据载体的真实性、电子数据的真实性和电子证据内容的真实性。从电子证据真实性的三个层面进行分析,可以发现我国法律规定和司法实践中有关电子证据真实性的规则存在四个方面的问题:真实性审查规则没有区分三个层面以及明确三个层面之间的审查顺序;对各个层面的审查规则缺乏系统、明确的规定;对不同层面同类问题的规则没有作出区分;电子证据真实性的保障措施和审查方式亟需完善。未来相关规则的完善,应从以下四个方面进行:区分电子证据真实性的三个层面,并明确审查顺序;针对不同层面建立系统、明确的审查规则;明确区分针对不同层面同类问题的规则;实现技术措施与程序规则的有效配置与衔接,并确保电子证据在庭审中通过直接言词的方式进行质证。",电子证据;真实性;证据载体;电子数据;证据内容,D915.13,0,,法学三大刊论文/法学研究/电子证据真实性的三个层面——以刑事诉讼为例的分析.pdf
1650,电子诉讼制度构建的法律基础,王福华,上海财经大学法学院教授,2016,6,88,106,电子诉讼的发展经历了内部电子法院与电子诉讼（外部电子法院）两个阶段。在法本质上，电子诉讼中信息通讯技术的工具性虽然能够满足司法实用主义的需求，但不应在根本上改变诉讼的价值与结构。在立法论上，立法与法律解释构成了电子诉讼制度构建的两个进路，法律解释方法有利于兼顾诉讼法的完整性与开放性，立法路径则要求妥善处理诉讼原则与技术应用之间的关系。在功能论视角，电子诉讼的发展应在诉讼阶段细分的基础上引入相应技术措施，适应不同的程序保障需要；对小额诉讼程序和督促程序则可试行全程化电子诉讼。在技术保障层面，电子法律交往需要法律上的安全性及真实性保障，应通过立法明确技术规制的方法与限度。,电子诉讼;电子法院;电子法律交往;电子送达;电子提交,D90,0,,法学三大刊论文/法学研究/电子诉讼制度构建的法律基础.pdf
1651,界定行政处罚行为的功能性考量路径,陈鹏,厦门大学法学院,2015,2,99,114,“制裁性”不能成为在个案中界定某种行政措施是否属于行政处罚的标准，因制裁性标准的两个要素，即行政相对人行为的“违法性”和行政措施为相对人施加“额外不利效果”，本身并不周全。是否将某种有争议的行政措施视作行政处罚，关联着能否实现相关立法所期待的维护行政相对人的权利和利益、确保依法行政、确保行政管理的有效性、维护法的安定性以及实现程序经济原则等功能。在大体维持形式性界定标准的前提下，将没有必要进入个案的功能要素予以裁减，进而考量各种相冲突的功能的重要性，并借此作出判断，是在个案中界定行政处罚行为的可由之路。在相关判决不断积累的基础上对案件进行类型化处理，能够使此种功能性考量逐步走向理性化。,争议性行政措施;行政处罚;个案考量;行政处罚法,D922.1,68,,法学三大刊论文/法学研究/界定行政处罚行为的功能性考量路径.pdf
1652,疫学因果关系及其证明,陈伟[1],南京大学法学院,2015,4,127,146,侵权法有关因果关系的一般理论有助于从总体上理解法律上的因果关系的性质与特征，却很难将其直接适用于对特定侵权类型的因果关系判断。疫学因果关系理论对司法审判实践中如何认定特定类型的环境侵权因果关系具有重要的指导意义，却未受到我国理论界的重视。将疫学型环境侵权的因果关系分为一般因与特定因，不但可以从理论上更为清晰地界定此类侵权因果关系的特征，还可以为在司法审判实践中判断因果关系是否存在提供参考框架。证明一般因存在与否的关键证据为流行病学证据，而证明特定因存在与否的证据则包括暴露学、临床医学、病理学等科学证据以及其他的一般证据。在对科学证据进行司法审查的基础上，结合其他证据和具体案情对因果关系作出司法判断，才有可能对疫学型环境侵权案件作出合理判决。,疫学因果关系;环境侵权;专家证言;科学证据;举证责任,D914,36,,法学三大刊论文/法学研究/疫学因果关系及其证明.pdf
1653,监听侦查的法治实践：美国经验与中国路径,曾赟[1],浙江工商大学法学院,2015,3,158,175,"20世纪50年代,我国侦查机关就开始采用耳目监听等秘密方式收集违法犯罪证据。20世纪90年代至21世纪初,国家安全机关、公安机关、检察机关的监听侦查行为相继得到合法化。在这一合法化过程中,我国监听侦查法治实践主要从构建＂附需要理由的严格批准程序＂和满足＂侦查犯罪的需要＂的实体性程序这两个方面展开,公民宪法上的隐私权并未在这一过程中得到体现。为保护公民宪法上的隐私权免受监听侦查权的任意侵害,我国监听侦查法治实践应沿着程序性正当程序与实体性正当程序的构建渐次推进。首先,发展宪法上隐私权对监听侦查的防御功能;其次,通过不同层级法院许可令的构建,创设程序性正当程序的控权机制;再次,通过廓清犯罪调查的一般需要与超越法律执行一般需要的特别需要之间的界线,建立隐私期待的适当性和＂特别需要＂原则这两个实体性正当程序审查标准。",监听侦查;隐私权;程序性正当程序;实体性正当程序,D925.2,55,,法学三大刊论文/法学研究/监听侦查的法治实践：美国经验与中国路径.pdf
1654,监察过程中的公安协助配合机制,江国华[1];张硕[1],武汉大学法学院,2019,2,154,171,"基于监察法授权的不完整性与非对称性,监察机关必须借助公安机关等执法部门的协助配合,方能充分行使监察职能,履行监察职责。较诸其他执法机关,公安机关的协助配合对于监察职能的有效行使尤为重要。构建科学有效的警监协助机制,在监察法治体系建设中居于基础地位。在规范意义上,构建警监协助机制应基于""互相配合,互相制约""的宪法原则,明确协助配合的事项范围,规范协助配合之申请、审批、执行等程序机制,厘定协助配合之管辖、法律适用、人员经费以及责任分配等配套机制。现阶段,鉴于制度供给的阙如,警监协助工作只能通过出台较低位阶的规范性文件予以调试。为长远计,有必要制定监察程序法,修改警察法等相关法律,并出台配套的法律法规,逐步形成权威、高效、完备的监察协助配合机制。",警监协助;政务连带;监察程序法;监察协助,D631,0,,法学三大刊论文/法学研究/监察过程中的公安协助配合机制.pdf
1655,直接适用的法与相关制度的体系平衡,张春良[1],西南政法大学,2018,3,189,207,"直接适用的法是我国冲突法中的新制度,但其针对的却是在入法前就较为普遍存在的旧问题。我国司法实践通过法律规避禁止、公共秩序保留及法律选择的除外条款等替代措施,对其入法前的制度空缺予以补救,形成制度间的体系性平衡。由于存在共同的公共关切,它的入法挤压了替代制度的功能边界,造成竞合适用的制度干扰。各制度在适用位序上的落差及功能侧重的差异,本应避免制度干扰,但因直接适用的法在界定及适用上的结果导向以及各制度功能特征的弱化乃至丧失,使被隔离开来的各制度再生适用干扰之乱。应通过法律规避禁止制度的功能转向,使其从仅保护法院地法中的强制性规范转为多边保护相关法律体系,以此错开直接适用的法的关注点;通过公共秩序保留制度的功能减负,由直接适用的法肩承其积极功能,公共秩序保留制度仅退守其消极功能。如此可勘定三种制度的适用边界与位序,重建三制度间的体系性再平衡。",涉外民事关系法律适用法;直接适用的法;法律规避禁止;公共秩序保留,D676.58,0,,法学三大刊论文/法学研究/直接适用的法与相关制度的体系平衡.pdf
1656,省级统管地方法院法官任用改革审思——基于实证考察的分析,左卫民[1],四川大学法学院,2015,4,23,40,对于地方法院法官的任用，实践中已经发展出一套独特的机制：绝大部分法官任用的实质性决策权主要由法院内部及本级党组掌握，法院外部的权力主体及上级法院仅参与法院领导的任用；任用标准表现为以职业化为主，兼顾领导管理能力；任用程序上则形成多元化、有限竞争的选任格局。从效果层面分析，这套机制具有相当的经济性，通常能够选拔出具有一定业务能力和领导管理能力的法官及法院领导，但其存在的问题也较为明显。这套机制的形成主要与中国整体的干部任用制度以及司法制度建设、改革的进程有关。整体上看，目前着手推进的省级统管地方法院法官任用的改革，会在一定程度上解决以往地方法院法官、院长任用过程中可能存在的“地方主义”甚至“山头主义”、“保护主义”等问题，但也可能存在信息收集能力较差、任用成本过高等不足。“有限集中，分层授权”是既可解决上述问题，又能兼顾地方法院法官任用机制改革基本出发点的有效改革方略。,地方法院;法官任用;省级统管,D916.2,8,,法学三大刊论文/法学研究/省级统管地方法院法官任用改革审思——基于实证考察的分析.pdf
1657,真正地理标志保护的实质与我国地理标志统一立法,王笑冰[1],,2023,6,94,115,真正的地理标志是独立类型的智力成果，其本质是产品类别而非商业标记，其制度是产品保护制度而非标记保护规则。地理标志的稀缺性、非工业性和公共属性均为产品类别特性，其溢价效应、传统文化技艺保护和地方发展帮扶功能均通过产品保护实现。真正地理标志制度在名称通用化、声誉属性、保护范围以及与商标的关系等方面均遵循产品法理逻辑，在职权归口、表达形式、确权审查、执法监管乃至域外效力方面的规则机制均以产品合规性监管为核心，属于公法范畴。产品保护与标记保护在实定法中的折中调和是国际实力政治妥协的结果。不论地理标志专门保护、商标保护还是综合性立法保护，根据制度的属性导向，可分为产品保护模式、商业标记模式和混合模式。我国地理标志统一立法应采产品保护模式，在质量治理体系下把现行专门制度整合为专门法，并将地理标志从私法中剥离出来，使地理标志商标保护退出产品领域并回归商业标记制度。,地理标志;原产地名称;产品保护;商标法;反不正当竞争法,D,,,法学三大刊论文/法学研究/真正地理标志保护的实质与我国地理标志统一立法.pdf
1658,知情与行为相分离情形下法人知情归责的认定,萧鑫[1],中国社会科学院法学研究所,2021,4,130,148,"法人运行中常会出现知情与行为相分离的情况,如何对法人进行知情归责,特别是能否进行聚合知情归责,是实践和理论中的重要问题.依据知情规范和法人归责规范内含的完整性原则,聚合知情归责并不可取.知行分离下法人知情归责的处理,根本上仍然需要基于一定的理由来确定法人合理的责任范围.就此而言,机关说和平等对待理论都存在根本性缺陷.知情责任理论将知行分离下知情归责的基础置于法人对信息组织义务的违反上,则更为妥当.但该理论本质上遵循了客观归责的思路,与明确排除""应当知道""的知情规范间存在内在冲突,需结合相关知情规范的涵摄范围、消极法律后果、客观归责适用的妥当性、可预期性以及司法政策等来加以协调.",聚合知情归责;知情规范;法人归责规范;知情责任理论,D913,0,,法学三大刊论文/法学研究/知情与行为相分离情形下法人知情归责的认定.pdf
1659,知识产权国际博弈与中国话语的价值取向,吕炳斌[1],南京大学法学院,2022,1,153,170,"美国在知识产权全球治理中呈现出一味强化权利保护的价值倾向.受其影响,知识产权保护的国际规则呈现不断强化之势.但是,美国在国内法中存在对知识产权强化保护的平衡机制,有别于其对外片面输出强化保护规则.一味强化保护的知识产权制度会走向偏颇.我国在知识产权国际博弈和对话中需要提出自己的话语和话语体系,其前提是明确本国话语的价值取向.相比历史、文化取向而言,话语构造的价值取向路径具有优越性.在国际博弈中,我国宜秉持并提倡知识产权法的二元价值取向.二元价值取向契合知识产权法基本原理,体现了世界共同价值,其核心作用在于纠偏,我国应坚持和发扬这一价值取向.",知识产权;国际博弈;话语体系;药品专利期限补偿;合理使用,D,0,,法学三大刊论文/法学研究/知识产权国际博弈与中国话语的价值取向.pdf
1660,知识产权惩罚性赔偿的类型化适用与风险避免——基于国际知识产权规则的视角,刘银良[1],北京大学法学院,2022,1,171,187,"惩罚性赔偿制度的目的在于通过惩罚既往侵权行为而威慑未来侵权行为,其前提包括权利的确定性、侵权判断可行和过度威慑的消极影响小.知识产权的不确定性决定了它与惩罚性赔偿有着根本冲突,难以全面适用惩罚性赔偿制度.从惩罚性赔偿制度的前提和侵权行为的道德可责性出发,可对知识产权惩罚性赔偿进行类型化适用,恶意知识产权侵权行为或可适用惩罚性赔偿,一般知识产权侵权行为则难以适用.在国际知识产权规则下,既要保护知识产权,又要为正当竞争保留合理空间,知识产权与竞争的平衡才可产生最优的创新激励效果.知识产权惩罚性赔偿可能造成过度威慑,打破知识产权与竞争的平衡,妨碍知识产权法基本目标的实现.类型化适用有利于降低或避免知识产权惩罚性赔偿的制度风险.",知识产权;惩罚性赔偿;加重赔偿;恶意侵权;过度威慑,D,0,,法学三大刊论文/法学研究/知识产权惩罚性赔偿的类型化适用与风险避免——基于国际知识产权规则的视角.pdf
1661,知识产权法与反不正当竞争法一般条款的关系--以图式的认知经济性为分析视角,蒋舸[1],清华大学法学院,2019,2,118,136,"在非典型信息成果和非传统利用方式大量出现的背景下,正确认识著作权法、专利法、商标法等具体知识产权部门法和以反不正当竞争法一般条款为代表的兜底规范之间的关系,具有重大意义。兜底规范被频繁用于调整新型创新活动的现象引发了顾虑,但停留在本体论层面的研究并不能为纠偏提供完善的指引。激励创新是高度复杂的认知任务,其完成离不开认识论层面的分析。具体知识产权部门法代表高效的图式化认知,能为解决细分创新领域的认知难题提供结构化经验,大幅提升认知效率。兜底规范则代表迫不得已的非图式化认知,所提供的经验在数量和质量方面都无法与具体知识产权部门法媲美。创新规则体系的发展方向是在谨慎对待信息产权扩张的前提下充分利用和发展图式,而非放任兜底规范的滥用。",知识产权;反不正当竞争;兜底规范;图式;认知心理学,D922.294,0,,法学三大刊论文/法学研究/知识产权法与反不正当竞争法一般条款的关系以图式的认知经济性为分析视角.pdf
1662,"破产法的指标化进路及其检讨——以世界银行""办理破产""指标为例",高丝敏,清华大学法学院,2021,2,193,208,"世界银行营商环境指标弥补了比较法研究中缺少明确度量性的""黑箱难题"",但存在法律渊源的偏见以及衡量工具的缺陷,并且追求整齐划一的最佳规则可能引发监管的道德风险.世界银行""办理破产""指标存在评估程序和评估债权选择上的缺陷,评估方式无法真正反映回收率以及对营运价值的理解偏差,且忽视了破产规则本身的体系性及其背后的价值.对标世行指标而制定的我国""破产法解释三""的新融资制度遗漏了关于新融资的重要限定条件,缺少关于权益""受调整或影响""的界定,债权人信息获取权制度存在理念偏差.获得满分的待履行合同制度和债权人最佳利益标准等由于现有规则的漏洞和错位而无法有效回应实践需要.破产法效率的衡量指标应当侧重评估破产企业控制权和资产的优化配置以及破产前后投资的预期收益保护这两个制度目标的实现程度,如保证破产程序中集体决议的效率和底线公平,并在管理人、债权人会议和法院之间合理分配新融资的决定权.",计量比较法;营商环境;办理破产指标;破产融资;债权人保护,D,0,,法学三大刊论文/法学研究/破产法的指标化进路及其检讨——以世界银行“办理破产“指标为例.pdf
1663,破产程序中的抵销预期保护,朱虎[1],中国人民大学民商事法律科学研究中心,2025,2,94,111,基于社会成本和社会收益的考量，应保护债权人在破产申请受理时依据非破产法规范形成的抵销预期。该抵销预期的形成，首先要求债权人的债权债务在破产申请受理时均实际发生或具备发生原因，其次要求破产申请受理时债权人的抵销权已产生，或者虽未产生但债权人的债权比债务先到期或同时到期。抵销人在破产申请受理后制造相互性，或在破产申请受理前的临界期内恶意通过可撤销方式制造相互性，均构成偏颇行为，其在破产申请受理时不具有抵销预期。银行的扣款还贷构成抵销，即便不属于禁止抵销的情形，也可能构成可撤销的偏颇清偿，在破产申请受理后不应被允许。非独立抵销中，抵销人的抵销预期较强，不受破产抵销的诸多限制。因股东不当行为而产生债务的禁止抵销，并非基于衡平居次，而是基于非破产法规范的禁止抵销情形，股东同样不具有抵销预期。据此，关于破产抵销的诸多规范、理论和实践问题，均可统合于抵销预期中得到解释。,抵销;破产抵销;抵销预期;偏颇行为,D922.291.92,,,法学三大刊论文/法学研究/破产程序中的抵销预期保护.pdf
1664,破产视角下的抵销,许德风[1],北京大学法学院,2015,2,137,157,为更好地反映抵销制度的正当性基础，应细化抵销的类型，区分“独立的抵销”与“同一交易内的抵销”，并在破产法上作不同的处置。对照“同一交易内的抵销”制度，有助于我们更准确地认识债权债务折算及解除返还的制度，更深刻地理解民法上“牵连关系”、同时履行抗辩、留置权（尤其是商事留置权）等概念或制度，并更好地安排抵销在诉讼法上的处置。从立法论的角度，“同一交易内的抵销”制度可作为未来我国修订企业破产法的参考。在判断可否进行破产抵销时，一方面应继续贯彻破产撤销制度尤其是偏颇清偿制度的基本理念，另一方面应充分考虑抵销制度中的公平考量，承认实际利益主体与名义权利人可能分离的现实，更注重利益的关联，限制转让债权与受让债权的抵销，但同时又不过分拘泥于债权之间形式上的相互性。另外，应重视抵销的担保功能，保护包括后顺序债权人在内的破产债权人于破产程序之外本应享有的权利。在抵销与其他担保权竞争的情况下，原则上应承认抵销的优先性。,抵销;破产抵销;独立的抵销;同一交易内的抵销;三角抵销,D922.29,81,,法学三大刊论文/法学研究/破产视角下的抵销.pdf
1665,确认之诉的限缩及其路径,刘哲玮,北京大学法学院,2018,1,126,145,确认之诉在域外的历史演进过程决定了其具有补充性、预防性和反转性的特征，需要予以限缩。我国理论界认为确认之诉的诉讼标的是争议的民事法律关系，未对其作具体限定，实务中法院从司法解释和具体案件两个维度将其扩张到各种有争议的法律效力问题。确认之诉的扩张导致诉讼标的功能失灵，无法有效地解决禁止再诉、诉的合并与变更等程序问题，也使得其与给付之诉和形成之诉的界限不明，更可能对行政登记制度产生冲击，影响民事实体法律秩序的稳定。为了限缩确认之诉的范围，大陆法系国家抽象出了确认利益的概念，将其作为特殊的诉讼要件。由于缺乏明确的法律规则、成熟的理论框架和专门的审查程序，我国短期内无法复制确认利益的路径，更宜从诉讼标的上直接限缩确认之诉，原则上只允许对特定的诉讼标的提起，并审慎地建构例外规则。,确认之诉 诉讼标的 确认利益 诉的类型,D925,0,,法学三大刊论文/法学研究/确认之诉的限缩及其路径.pdf
1666,社会主义核心价值观融入司法裁判的方法论反思,雷磊[1],,2023,1,3,19,从最高人民法院发布的典型案例来看，目前社会主义核心价值观的司法适用存在显现度不够、释法功能较弱、价值宣示色彩过浓、结合个案进行的“融入式”论证不足等问题，有必要对核心价值观融入司法裁判的方法论进行系统反思。核心价值观入法入宪后，已从纯粹的道德范畴或司法政策转变为当代中国法的效力渊源，成为法律体系和规范理论双重意义上的法律原则。核心价值观可通过三种途径融入司法裁判：作为裁判理由发挥说理功能、作为裁判依据发挥广义上的释法功能、在特定情况下作为价值冲突的解决基础。广义上的释法功能可通过法律解释、漏洞填补或法律修正三种方式实现。核心价值观融入司法裁判的前提在于，结合个案事实对核心价值观进行具体化论证。核心价值观的具体化论证以实践多段论为形式，且至少应当符合饱和性规则、连贯性规则和切合性规则。,社会主义核心价值观;法律原则;裁判理由;裁判依据;具体化论证,D,,,法学三大刊论文/法学研究/社会主义核心价值观融入司法裁判的方法论反思.pdf
1667,禁止财务资助规则的公司法建构,皮正德[1],,2023,1,143,161,财务资助行为横跨资本制度前端的增资与后端的分配，兼具分配属性与经营属性，在实践中演变出循环增资、变相分配等具有欺诈性质的行为样态。禁止财务资助规则因其债权人保护功能而被纳入公司分配行为的规制轨道，但财务资助行为的经营属性使其无法摆脱经营行为规制的路径依赖。财务资助行为可以从受资助购买的标的、受资助方信用以及提供资助方的主观状态三方面进行类型化。我国应在原则禁止财务资助行为的基础上，设置商业判断例外与债权人安全例外。前者允许为公司利益并经董事会特别多数决或金融机构正常经营业务中的财务资助行为，后者允许公司以合法的利润分配、回购、减资方式实现的财务资助，或以未分配利润为限为员工持股计划提供的财务资助。在责任设计上，宜将救济主体拓展为公司、股东和债权人，将责任主体限缩为董事和高级管理人员。公司违法提供财务资助时，应根据受资助方善意与否确定财务资助行为的效力。,财务资助;利润分配;对赌协议;股份回购;抽逃出资,D,,,法学三大刊论文/法学研究/禁止财务资助规则的公司法建构.pdf
1668,离婚协议中的“赠与子女财产”条款研究,陆青,浙江大学光华法学院,2018,1,87,105,针对离婚协议中的“赠与子女财产”条款，主流理论和实践在肯定其具有“赠与”性质的前提下，就其能否适用合同法第186条关于赠与合同的任意撤销权的规定，产生诸多争议。通过考察离婚协议中财产处理约定的整体性可以发现，此类条款在性质上属于夫妻婚姻关系解除下的财产清算协议，虽名为“赠与”，实则缺乏赠与的意思，不应界定为赠与协议，进而可以排除合同法第186条的适用。作为身份法上的“离婚财产清算协议”，离婚协议中的“赠与子女财产”条款涉及多方利益之平衡，须综合考察夫妻之间的财产清算关系、夫妻针对子女的为第三人利益合同关系、对外与债权人的关系三重维度以确定具体法律适用规则。,离婚协议 赠与 任意撤销权 离婚财产清算协议 为第三人利益合同,D923.9,0,,法学三大刊论文/法学研究/离婚协议中的“赠与子女财产”条款研究.pdf
1669,私法中善意认定的规则体系,石一峰[1],浙江大学光华法学院,2020,4,131,149,"私法中适用信赖保护之善意普遍存在且多样。究其本质,善意是对私法主体认知状态的评价结果,这一认知状态是私法主体对可信赖事实之表象与真实情况不一致的不知悉。对于此种不知悉的评价,依善意的发展历史及其认定的特性,应属于法律价值判断,并可通过过失要件进行利益衡量。鉴于善意及其认定的共性,为化解善意认定规则上的争议,可以可信赖事实之可信赖性为主线脉络,对善意的认定进行体系化的规则建构。其中,一般可信赖程度是善意认定类型的层级区分依据,依此形成的规范标准以过失作为层级协调因素。一般可信赖程度加上影响特定可信赖性的因素,决定了具体认定善意中的实体考量因素和程序方式选择。依此,可形成""非为明知""和""非因过失而不知""的实体标准判断要素,以及一般性推定与有条件推定的程序展开方式,最终构建起以体系思维为引导的善意认定规则体系。",善意认定;可信赖事实;一般可信赖性;特定可信赖性,D92,0,,法学三大刊论文/法学研究/私法中善意认定的规则体系.pdf
1670,私法中理性人标准之构建,叶金强[1],南京大学法学院,2015,1,101,114,他人内心世界的无法直接获知性，决定了个案裁判中理性人标准的不可或缺。司法实践中，需要运用理性人标准来完成相应的评价工作。理性人标准的运用包括三个阶段：理性人建构、场景重构、透过认知图式得出结论。个案中，通过设想一个具有特定知识结构和能力水准之人，在具体的场景下会形成什么样的认识，来完成对行为人的评价任务。理性人的内部结构主要包括知识结构、认知能力和行动能力，理性人的具体化即表现为理性人的知识结构和能力水准的具体确定。理性人的具体化、场景的重构，均需在价值指引下进行。对此，认为理性人标准系为单一价值服务的观点不可取。理性人标准所要实现的价值，必须结合其所要解决的问题领域具体地加以确定，不同领域中理性人标准所要实现的价值也会不同。价值实现的基本途径是，将价值取向作为确定理性人能力水平和具体知识状况的标准，并指引场景的重构。理性人标准在私法中有着非常广泛的适用空间，并可扩展到公法领域。,理性人标准;认知图式;适用机制;价值实现,D923.3,71,,法学三大刊论文/法学研究/私法中理性人标准之构建.pdf
1671,秦及汉初逃亡犯罪的刑罚适用和处理程序,张传玺[1],中国政法大学法律古籍整理研究所,2020,3,192,208,"秦及汉初律令对逃亡犯罪的规定繁复而成体系。逃亡大体可分为一般逃亡和犯罪后逃亡二类。在刑罚适用上,一般逃亡的刑罚因逃亡者身份不同而各异,犯罪逃亡的刑罚是以本罪刑罚为基础,叠加亡罪刑罚后加以确定。在处理程序上,吏、民的一般逃亡不导致审判和追缉程序,刑徒或特别身份人逃亡的,区分亡罪刑罚轻重,分别适用审判并通缉的“论,命之”程序和审判并命令其出现、领受刑罚的“论,令出、会之”程序。犯罪逃亡的,以本罪刑罚为基准,分别适用“论,命之”和“论,令出、会之”程序,后一程序中未按规定领受刑罚的,以刑罚已执行时逃亡来论断其刑。在不同类型逃亡犯罪及司法程序的不同阶段自出的,有处以笞刑、本罪之刑减一等或本罪之刑叠加亡罪之刑后总减一等等不同减刑效果。",秦及汉初;逃亡;自出;命会,D92,0,,法学三大刊论文/法学研究/秦及汉初逃亡犯罪的刑罚适用和处理程序.pdf
1672,秦汉律所见“质钱”考辨,李力[1],华中科技大学法学院,2015,2,176,191,关于秦汉律所见“质钱”，现有的契税说与抵押（或担保）之钱说，均存在疑点，难以成立。“质”是秦汉律中债的一种担保方式。以《说文》“以物质钱”的解释为据，并参照文献所见南北朝时期有关质钱的记载，可以推测，秦汉律所见“质钱”是因官府（债权人）占有民（债务人）之物以保证其借贷而产生的，是官府在借贷期限届满时所收到的、由民交来的款项（本钱与子钱之和）。中国古代“以物为质”担保制度的出现，因此被提前到战国时期秦律之中。由此可以窥见早期中国法中担保制度及其在当时社会运行实况之一斑。,质钱;担保;睡虎地秦简;岳麓秦简;张家山汉简,D929,100,,法学三大刊论文/法学研究/秦汉律所见“质钱”考辨.pdf
1673,积极刑法立法观在中国的确立,周光权,清华大学法学院教授,2016,4,23,40,晚近两个刑法修正案显示出刑法规制社会生活的范围拓展、力度增强，学界对此几乎一边倒地予以批判。这些批判基本从消极刑法立法观出发，其论证以古典理念型刑法思想为支撑，未能有效回应中国当下的社会情势。在刑法观念逐步转向功能主义、刑法与政策考虑紧密关联的今天，刑法的谦抑性并不反对及时增设一定数量的新罪；刑罚早期化与转型中国社会的发展存在内在联系；意欲建设法治国家，就必须将限制、剥夺公民人身权利的处罚事项纳入刑事司法的审查范围。积极刑法立法观的确立有其社会基础，也更符合时代精神。与之相匹配，未来中国的刑法立法从技术层面需要考虑进行相当规模的犯罪化，但处罚不能轻易由轻改重；增强立法的问题意识、难题意识和实证支撑，提升不法的直观性、可感性；对公众的情绪化呼吁保持足够的理性与警惕；建立与新设大量轻罪相契合的刑事程序；尽可能降低犯罪的附随负面效应，使罪犯能够顺利回归社会。,刑法修正;古典刑法思想;谦抑性;积极刑法立法观,D914,39,,法学三大刊论文/法学研究/积极刑法立法观在中国的确立.pdf
1674,积极应对人口老龄化的法治进路,郭春镇[1],,2023,1,20,37,贯彻和践行积极老龄化理念，是系统推进积极应对人口老龄化国家战略的重要依托。我国已逐步形成以健康老龄化、生产性老龄化、智慧老龄化为基本维度的积极老龄化政策框架，具体政策的落实有赖法治充分发挥其引领、促进和保障作用。健康老龄化的实现，需要通过法律制度保障老年人的健康权，也需要借助法治手段提升老年人的内在能力，营造老年友好型社会环境。生产性老龄化的推进，需要以法治方式助推社会观念的革新，通过法治激励引领社会各方的行动计划、协助调配社会资源，通过法治权衡调处老年人群体与其他社会群体间的利益关系。智慧老龄化旨在通过“赋能”与“促权”为健康老龄化和生产性老龄化提供保障。在智慧老龄化的发展过程中，有待立法引导科技向善、消除数字鸿沟，保障老年人的个人信息权、隐私权等不受侵犯。,老龄化社会;积极老龄化;生产性老龄化;老年人权益保护;健康权,D,,,法学三大刊论文/法学研究/积极应对人口老龄化的法治进路.pdf
1675,积极悔罪制度的体系化：平等适用刑法原则消极面向的展开,李本灿[1],武汉大学法学院,2025,1,155,171,积极悔罪制度对于落实平等适用刑法原则具有重要意义，我国当前的积极悔罪立法规定呈现政策回应性、片段性特征，不利于平等适用刑法原则的进一步落实。过往研究根据不同的功能取向，将积极悔罪区分为预防型和补偿型，这一类型区分无法完全涵盖我国当前立法，也无法有效回应刑事和解、认罪认罚从宽等制度的实体法供给需求，因而有必要予以重新类型化。积极悔罪制度可以类型化为构成要件关联型和非构成要件关联型，前者的法理基础是“刑罚目的实现+被害人保护”，后者的法理基础是“刑罚目的实现+公共利益维护/被害人保护”。尽管不同类型的积极悔罪方式各异、法理根据有别，但都具有刑罚论上的意义，这就为积极悔罪制度的总则化奠定了基础。在明确体系地位的基础上，应合理限定积极悔罪的法律后果。对此，应否定“以强制免罚为原则”的法律后果立法方案，并且注意与现行积极悔罪制度的体系协调。,积极悔罪;平等适用刑法;刑罚目的;需罚性;认罪认罚从宽,D,,,法学三大刊论文/法学研究/积极悔罪制度的体系化：平等适用刑法原则消极面向的展开.pdf
1676,积极抗辩事由的证明责任：误解与澄清,李昌盛,西南政法大学诉讼法与司法改革研究中心,2016,2,171,190,近年来，国内有学者主张应当将所谓“积极抗辩事由”的证明责任分配给被告人，认为这种分配机制不仅契合“谁主张，谁举证”的证明责任分配原理和“由容易举证者举证”的证明政策，而且符合当前法治成熟国家的普遍做法。但是，这些观点不仅在比较法上存在严重误解，而且没有认识到刑事证明责任的特殊性，更缺乏对我国法律和实践的充分关照，因此，这些观点不足以成为要求我国刑事诉讼中的被告人承担积极抗辩事由证明责任的依据。相反，由于存在因客观败诉风险而导致的证明必要，当下亟需强化对被告人辩护权的保障以及司法机关的“照顾义务”，而不是要求被告人承担积极抗辩事由的证明责任。,积极抗辩事由;证明责任;说服责任;提供证据责任;证明必要,D925.1,69,,法学三大刊论文/法学研究/积极抗辩事由的证明责任：误解与澄清.pdf
1677,税收构成要件理论的反思与再造,叶金育[1],中南民族大学法学院,2018,6,109,127,"税收构成要件不仅具有构成要件的普适性能,而且保有税法学科的独特秉性。这一复合性特质使其内生税收法定、法益保障和税际识别三大本体机能。然而,税收构成要件基本概念、范畴与合理的逻辑结构缺失等体系缺陷致使其本体机能不断弱化,已然偏离了税收构成理论预设的轨道,使其指引税收法治建设的工具价值大打折扣。以可税性阶层与应税性阶层为体系驱动,以定性构成要件与定量构成要件为阶层分解,以定性要素系统与定量要素系统为具体展开,以可税阻却事由与应税阻却事由为体系补足的阶层税收构成理论,应当作为税法体系建造与实务推进的基石理论和基准范式。税收立法、税法实施和税法解释均可围绕可税性识别和应税性计量两大阶层展开。",税收构成要件;阶层税收构成;可税性;税收法定,D914,0,,法学三大刊论文/法学研究/税收构成要件理论的反思与再造.pdf
1678,税法续造与税收法定主义的实现机制,汤洁茵,中国青年政治学院法学院,2016,5,67,85,契约自由化为市场主体进行经济活动的安排提供了无限的可能性，相对安定的税法不可避免地滞后于社会发展。由于缺乏明确的税法规则的指引，为确保课税公平，新型交易的税收待遇不得不由税务机关在个案中予以裁量。但主要甚至完全仰赖于裁量解决新型交易的课税问题，并不符合税收法定主义的要求。在新型交易尚未被市场广泛、普遍地接受的情况下，立法者可以选择以标准的形式对这一征税事项作出规定。在标准规范之下，税务机关对新型交易的征税作出裁量决定，所形成的先例可以为这一征税事项严格规则的制定提供必要的经验积累。但在社会高度流变的背景下，受限于立法技术、税务人员的专业水平等因素，新型交易的征税事项的规范形式实现从标准到严格规则的演进将是漫长的过程。,税收法定主义;税法漏洞;法律续造,D922.22,71,,法学三大刊论文/法学研究/税法续造与税收法定主义的实现机制.pdf
1679,算法透明层次论,安晋城[1],,2023,2,52,66,"算法透明的功能价值、技术基础与规范体系问题值得反思讨论。价值层面, 除改进与证明两项工具价值外, 算法透明还可增进算法社会的交往、理性与信任, 监督算法权力, 从而促进人格自由、保障人性尊严, 具有内生价值。技术层面,可解释人工智能近年来飞速发展, 形成了“模型为中心”的透明与“用户为中心”的透明、“内在透明”与“事后透明”、“可观察、可分解与可模拟的透明”等技术层次, 为打开黑箱、实现算法透明提供了技术基础。规范层面, 现行算法透明制度在规范性质上左右摇摆, 应将前述价值目标、技术基础与规范体系相互耦合, 建构由柔性规范、中性规范和刚性规范组成的多层次体系。",算法;透明原则;可解释人工智能;算法黑箱,D,,,法学三大刊论文/法学研究/算法透明层次论.pdf
1680,类案适用的司法论证,杨知文[1],,2022,5,54,68,适用类案裁判需先通过类案检索寻找类案，然后进行类案适用的司法论证。类案适用的司法论证，包括类案的判定论证和适用过程论证两个阶段。以作为陈述的案件事实为案件相似性的判断标准，可将递进式同质论证确立为类案判定的论证模式。类案适用的过程论证，由基于类案的法律推理和类案推论的保证性论证构成。在前一环节，要在类比推理的基础上附加依据一般性规则的论证，确保类案适用过程具有正当性；在后一环节，可借助保证性论证的一般形式，解释法官在类案推理中对一般性规则的选择，通过作为保证性论证补充形式的差异重要性排除论证与重要相似性缺失论证，回应论辩中的相反意见。若案件之间的相似特征与差异特征的重要性相当，则可补充权衡性论证。类案适用及其司法论证凸显了制定法传统中司法案例的应有功能，为法律的统一实施提供并补充了重要机制。,类案检索;类案适用;司法论证;裁判要点;指导性案例,D,,,法学三大刊论文/法学研究/类案适用的司法论证.pdf
1681,精准塑造更高水平对外开放与涉外私法制度创新,张春良[1],西南政法大学,2024,5,204,224,涉外私法关系基于其跨法域属性而在案件管辖及法律适用等方面具有选择可能性，其选择自由度与对外开放水平密切相关。涉外私法关系的选择可能性满足了境外投资者的安全保障需求，有助于消除其投资顾虑，作为营商环境的重要组成，可转化为一国对外商的投资吸引力和对外开放的制度竞争力。但境外投资者基于经营便利，常采当地法人的直接投资模式，在主体维度丧失了涉外性。我国为推进高水平开放设置了一系列试验区，主要采用“区域限定+资本限定”双要素叠加标准，赋予境外投资者在直接投资形式不变的前提下重获涉外法律治理红利即选择可能性，使之从对外开放的制度堵点转变为竞争支点。从“区域限定+外资外仲裁”到“区域限定+港资港法港仲裁”，再到“区域限定+外资外法外仲裁”，构成我国对外开放前沿的三代渐进实践。作为中国式现代化题中应有之义的更高水平对外开放，可将该积极经验在其他特定区域按需复制推广；将“区域”因素替换为行业、领域等因素，在治理模式上进化为行业、领域等因素限定下的“外资外法外仲裁”，实现多元因素导向的精确开放调控；并纵深革新境外仲裁机构的准入准营机制。变式赋予非涉外私法关系以选择可能性，可赋能我国靶向调控对外开放的区域、行业、领域和其他维度，锚定释放涉外法律治理红利，分类吸引外商外资，在更大范围、更宽领域、更深层次上精准塑造更高水平对外开放。,涉外私法关系;管辖权;境外仲裁;临时仲裁;法律适用选择,D,,,法学三大刊论文/法学研究/精准塑造更高水平对外开放与涉外私法制度创新.pdf
1682,纪检监察机关大数据监督的规范化与制度构建,杨建军[1],西北政法大学法治学院,2022,2,19,35,"多地纪检监察机关开展的大数据监督实践探索,推动了权力监督制约机制的现代化,也引发了对于大数据监督正当性的追问.当前的大数据监督实践,缺乏规范化的大数据支撑和明晰的大数据监督准则,在制度层面存在赋权不足和限权不足的问题.完善大数据监督制度,既需要对纪检监察机关共享大数据予以制度赋权,也需要强化对纪检监察机关大数据监督的权力制约,化解数据处理规则与监督规则、数字逻辑与法律专业逻辑之间的冲突.应明确纪检监察机关对政务大数据的共享权力,及其对政法类数据与法律监督类数据的调取和使用规则;规范纪检监察机关技术调查手段的使用;改进非立案情形下的数据查询制度.纪检监察机关在查办涉嫌刑事犯罪的案件时,还应对照刑事诉讼证据规则搜集、调取和固定证据,避免证据因违反法定程序而被排除.",纪检监察;大数据监督;个人信息保护;政务数据,D,0,,法学三大刊论文/法学研究/纪检监察机关大数据监督的规范化与制度构建.pdf
1683,组织体刑事责任论及其应用,黎宏[1],清华大学法学院,2020,2,71,88,"在我国刑法明文规定了单位犯罪及其处罚的情况下,再提倡单位犯罪否定论,意义不大。就单位犯罪研究而言,现在面临的重大问题是,如何在自然人刑法之下,合理认定刑法第30条、第31条所规定的单位犯罪及其处罚。单位是由人和物复杂结合而成的法律实体,具有自己独特的制度特征、文化气质和环境氛围,这些要素能够对单位中的自然人的思想和行为产生影响。在我国刑法的规定之下,单位犯罪的认定和处罚,首先应考虑单位组成人员在业务活动中实施的侵害法益行为或结果,其次必须甄别作为单位“手足”的自然人的行为是否体现单位意思。只有在单位组成人员的行为体现了单位意思时,才能处罚单位自身。在判断单位意思时,必须依据单位的结构、制度、宗旨,单位高级管理人员的决定乃至单位的政策等客观要素进行推定。在单位业务活动中出现违法结果时,应首先考虑成立自然人犯罪,之后再考虑成立单位犯罪。",单位犯罪;单位意思;组织体刑事责任,D92,0,,法学三大刊论文/法学研究/组织体刑事责任论及其应用.pdf
1684,缔约过失与欺诈的制度竞合——以欺诈的“故意”要件为中心,刘勇[1],南京大学法学院,2015,5,55,70,由于欺诈构成中的主观故意要件与缔约过失中的过失要件的对立，我国合同法中的缔约过失与欺诈制度对于“缔约时隐匿信息或告知虚假信息”的情形作出了矛盾评价，形成了典型的制度竞合。德国债法改革前后针对类似的制度竞合所展开的解释与立法均没有彻底解决二者之间的矛盾。欺诈中的“故意”要件是刑法中“行为无价值论”在民法中的体现，并且其与“违法性”要件的界限暧昧不清，导致了欺诈制度偏重于保护欺诈人的行动自由，而非表意人的决定自由。考虑到缔约过失与欺诈的体系价值，并不能简单地通过制度的删减来消除两者之间的制度竞合。正视故意要件的历史意义，承认“过失的欺诈”，方能在现有民法体系内保持逻辑的顺畅。“过失的欺诈”不仅在解释论上是可行的，也能通过信息提供义务来确实地实现。,故意;制度竞合;过失的欺诈;信息提供义务,D923.6,32,,法学三大刊论文/法学研究/缔约过失与欺诈的制度竞合——以欺诈的“故意”要件为中心.pdf
1685,缔约过程中说明义务的动态体系论,尚连杰,南京大学法学院,2016,3,103,121,作为一种方法论，动态体系论适用于民法的诸多领域，缔约过程中的说明义务即为其中之一。通过运用信息需求、信息可能性与职责范围三个要素，德国学者布雷登巴赫建构了用以判断是否成立说明义务的动态体系。而德国学者洛伦茨与弗莱舍对其的理论批判对动态体系要素的修正与完善有所裨益。借鉴既有学理与规范的经验性认识，可使用信息重要性、披露可能性、期待合理性与信赖紧密度四个要素构建新的动态体系。在我国的司法实践中，在判断是否存在说明义务时，动态体系论已经被不自觉地实践。未来可将动态体系的要素法定化，并通过动态体系论的运用，为法解释以及指导性案例提供理论依据。此外，可在信息重要性、披露可能性、期待合理性与信赖紧密度四个要素之下，通过案例群的积累，遴选出若干亚要素，使说明义务的判断标准更具可操作性。为防止动态体系论的滥用，原则上仅当不存在法律规定、当事人约定或者交易习惯时，方可运用动态体系论。,缔约过程;说明义务;动态体系;要素,D922.16,84,,法学三大刊论文/法学研究/缔约过程中说明义务的动态体系论.pdf
1686,缺省性公司法规则的构造——基于减少交易成本和代理成本的分析,伍坚[1],,2023,5,152,170,缺省性公司法规则一般由默认规则和排除路径组合而成。在默认规则的选择上，将多数公司偏好的规则设为默认可以减少交易成本，如有限责任公司股权对外转让规则应当简化为其他股东优先购买权的单一规则。如果多数默认有利于大股东或者管理层，应适用惩罚或可逆缺省标准，将不利于大股东或者管理层的规则设为默认，以减少代理成本，如股份有限公司选举董监事时的累积投票制应为默认规则。在排除路径的设置上，降低排除难度可节省交易成本，但为抑制有损部分主体利益的机会主义式偏离，需要收紧排除路径直至所有股东同意。默认规则因很难被排除而更接近于强制性规则，比起强制/缺省的简单二分法，公司法规则的刚性序列显然存在更多变化。在此二元构造之外，以赋权性规则的形式提供可以替代默认规则的备选方案，或者以时间型和事件型日落条款对偏离默认规则进行事后规制，可减少排除默认规则时的交易成本和代理成本，但法律修订型日落条款应有限适用。,强制性规则;缺省性规则;默认规则;公司章程;日落条款,D,,,法学三大刊论文/法学研究/缺省性公司法规则的构造——基于减少交易成本和代理成本的分析.pdf
1687,网络平台的公共性及其实现——以电商平台的法律规制为视角,刘权[1],中央财经大学法学院,2020,2,42,56,"网络平台是组织生产力的新型主体,在数字经济时代承担着维护网络市场秩序、保障用户权益的公共职能。网络平台对其用户,特别是对平台内经营者,具有强大的支配力和影响力,此种平台权力属于典型的私权力。网络平台行使私权力有助于减少平台内经营行为的负外部性,弥补政府规制能力的不足,但其私权力也容易遭到滥用。除了要借助市场竞争机制和传统私法规范约束平台私权力,还有必要引入公法原理及其价值要求,对平台私权力进行适度干预。网络平台制定和实施规则时,应遵循基本的程序正义和实体正义标准。法院应对平台滥用私权力的行为进行必要的司法审查。立法者应根据权责利相统一的原则,科学合理地设置平台责任。",网络平台;私权力;平台责任;数字经济;合作治理,D92,0,,法学三大刊论文/法学研究/网络平台的公共性及其实现——以电商平台的法律规制为视角.pdf
1688,网络暴力治理的法治化转型及立法体系建构,刘艳红[1],,2023,5,79,95,网络暴力问题是新时代国家治理过程中的重大性、交叉性、领域性难题。当前我国治理网络暴力的相关法律规定内容分散且缺乏协调配合，在权责主体、制裁措施、救济方式等方面存在制度疏漏，无法有效回应对于网络暴力问题的治理需求。积极推进网络暴力治理的法治化转型及立法体系建构，是纾解我国网络暴力治理困局之关键。推动网络暴力治理的法治化转型，既要树立协同共治理念，实现多元治理主体的协同以及法律与技术的协同，也要确立系统性法治模式，充分发挥部门法的协同共治功能。在协同共治理念与系统性法治模式的指引下，应遵循领域性立法思维，制定反网络暴力法，搭建网络暴力治理的基本法律制度框架，完善网络暴力治理配套法律法规制度，构建起网络暴力治理领域的专门性立法体系，全面实现我国网络暴力治理的法治现代化转型。,网络暴力;反网络暴力法;领域法;协同共治,D,,,法学三大刊论文/法学研究/网络暴力治理的法治化转型及立法体系建构.pdf
1689,网络空间中犯罪帮助行为的类型化——来自司法判决的启发,"邓矜婷[1,2]",中国人民大学刑事法律科学研究中心,2019,5,138,156,"提供侵入、非法控制计算机信息系统的程序、工具罪和帮助信息网络犯 罪活动罪项下公开的一审判决书显示,实践中对下游犯罪、“明知”的把握缺乏明 确标准,并且对帮助行为本身较为关注。网络空间中犯罪帮助行为应依其危害性和 独立性进行分类,确立不同的入罪标准。对下游犯罪实行行为的促进作用程度与网 络帮助行为的危害性、独立性直接相关,据此可将网络帮助行为分为三类:对下游 犯罪实行行为有极大促进作用类;对下游犯罪实行行为有部分促进作用类;帮助下 游犯罪前后期类。第一类对应提供专门用于侵入、非法控制计算机信息系统的程 序、工具犯罪,第二类对应明知他人实施侵入、非法控制计算机信息系统的违法犯 罪行为而为其提供程序、工具犯罪,第三类对应帮助信息网络犯罪活动罪。对于第 一类,可以独立评价帮助行为的危害性;对于第二类、第三类,仍要求对帮助下游 犯罪应具备 “明知”要素以及应查实下游犯罪的不法性。",网络帮助行为;提供侵入、非法控制计算机信息系统的程序、工具罪;帮;助信息网络犯罪活动罪;明知,D,0,,法学三大刊论文/法学研究/网络空间中犯罪帮助行为的类型化——来自司法判决的启发.pdf
1690,羁押必要性判断中的“一贯表现”证据研究,秦宗文[1],,2023,6,187,205,无论在理论上，还是在司法实践中，降低羁押率都有很强的正当性。逮捕的社会危险性评估是降低羁押率的最大变量，犯罪嫌疑人一贯表现的价值指向与降低羁押率的诉求有着内在契合，这为一贯表现证据在羁押必要性判断中发挥作用提供了空间。引入一贯表现有助于弱化对犯罪嫌疑人不利的社会危险性评估倾向，提高逮捕决策的社会认同度。当前在社会危险性评估中引入一贯表现证据存在诸多障碍，可考虑从以下方面予以突破：破解运用一贯表现证据的认识论困惑；降低对社会危险性评估准确性的过高期待；坚持降低羁押率的政策导向；明确一贯表现的规范地位；通过轻重分流控制需要调查一贯表现的案件量；通过证据指引和辩方的积极参与拓宽一贯表现证据的来源；以公开审查提高适用一贯表现证据的公信力等。,羁押必要性;社会危险性;一贯表现;品格证据;逮捕,D,,,法学三大刊论文/法学研究/羁押必要性判断中的“一贯表现”证据研究.pdf
1691,羁押必要性审查制度试点研究报告,陈卫东[1],中国人民大学法学院,2018,2,175,194,为探索2012年刑事诉讼法第93条规定的羁押必要性审查制度的实施机制，中国人民大学诉讼制度与司法改革研究中心在Ａ省Ｗ市开展了为期两年的试点研究。试点的内容是羁押必要性审查制度落实的各项支撑机制，包括归口管理、公开听证、风险评估、跟踪监督等。在两年试点期间，羁押必要性审查人数较之试点前增加了57.4％，占同期全市批捕人数的9.2％；适用案件范围逐步扩大，但仍然主要适用于审查起诉阶段的案件；审查后的释放或变更强制措施建议采纳率高达99.6％；在14％的案件中采用了公开听证的诉讼化方式进行审查，取得了良好的法律效果与社会效果。基于试点的发现，完善羁押必要性审查制度，需要在理论上明确：羁押必要性审查的制度性质是对逮捕适用条件的持续、定期审查，具有司法权属性，对羁押必要性审查应进行诉讼化改造并将建议权改为决定权；同时，应更新对侦查保密原则的传统认识，向辩方开示与逮捕适用条件有关的证据，以便辩方有效参与羁押必要性审查程序。,逮捕；羁押；羁押必要性审查,D925.2,0,,法学三大刊论文/法学研究/羁押必要性审查制度试点研究报告.pdf
1692,群体诉讼的博弈分析,王福华[1],,2022,4,132,151,"对群体诉讼展开博弈分析,能为制度完善及程序优化提供微观经济学和社会心理学依据.群体诉讼博弈主要在群体内部、群体诉讼原被告之间、群体与法院之间、群体与代理律师之间展开,每一类博弈中的主体都有特定的诉讼策略及诉讼收益.一般而言,博弈双方在程序选择和实体处分决策上能够实现博弈均衡,找到满足各方利益的折中策略.在群体形成的各种博弈中,抑制""搭便车""策略、采纳""选择退出""规则以及采取措施激励高额受害者,有利于维系和巩固群体并实现群体诉讼制度价值.群体原告与被告之间的博弈中,有关起诉、应诉的策略选择反映了协调当事人诉讼预期和促进诉讼合作的必要性;群体原告与被告的诉讼和解博弈则揭示出诉讼成本、程序运作的准确性对诉讼和解的影响,以及法院协调和监督诉讼和解的必要性.群体诉讼案件管理的博弈活动表明,法院受理群体诉讼案件应得到合理激励;律师胜诉取酬博弈则应被合理规制,以防止制度滥用.",群体诉讼;诉讼博弈;诉讼和解;胜诉取酬,D,,,法学三大刊论文/法学研究/群体诉讼的博弈分析.pdf
1693,老龄社会婚姻规则多元论,鲁晓明[1],,2023,2,67,82,"爱情、性、共同生活、生育是婚姻的基本元素, 亦是追寻婚姻意蕴之钥匙。围绕这些元素, 人类社会构建了一整套婚姻制度。但在老年人婚姻中, 婚姻内涵发生明显变化, 原有的仅对标年轻群体婚姻形态的婚姻规则遭遇巨大挑战。传统社会人均寿命不高, 在严密的婚姻伦理加持下, 婚姻一旦缔结即处于极强的稳定状态, 故婚姻规则聚焦年轻群体即为已足。但在传统婚姻伦理崩解之现代老龄社会, 老年人成为婚姻关系之活跃参加者, 因而婚姻规则需要展开全龄视域的检视。在既有婚姻制度外, 根据老龄社会之需求, 补充构建“注册伴侣”制度和“见(公) 证互惠”制度,形成见(公) 证互惠—注册伴侣—狭义婚姻之多元规则, 视情况酌定当事人权利义务, 是值得正视和深入探讨的命题。",老龄社会;婚姻;注册伴侣;见(公)证互惠,D,,,法学三大刊论文/法学研究/老龄社会婚姻规则多元论.pdf
1694,股东会决议无效的公司法解释,"叶林[1,2]",中国人民大学民商事法律科学研究中心,2020,3,61,81,"股东会决议无效是公司法上的特殊现象,在立法上宜做缜密细致的特别规定。然而,公司法和“公司法解释四”表述简约,在决议无效判断标准上诱发众多理论和实务分歧。我国就股东会决议效力规制,经历了从英美法向大陆法模式的转型。前者以1993年公司法第111条为代表,关注对股东会决议实施的控制;后者以公司法第22条为核心,强调对股东会决议形成的控制。在现行法下,对股东会决议无效规则的解释,不应采用概念法学分析路径,不宜搬用法律行为规则或侵权责任法的分析路径,应当尽力回归公司法解释路径,也即,斟酌公司关系的安定性、决议形成的程序性和效力控制的时间性,达成维护公司关系安定性与消除决议违法性的双重目标。在认定股东会决议违法无效时,应当从决议无效的本质出发,重视决议无效与撤销规则在适用中的交叉和互动,将违反公司本质、违反公司民主参与规则、违反强制性规定和违反公序良俗,作为股东会决议无效的一般法定事由。",决议无效;股东会;公司安定性;公司民主;裁判标准,D92,0,,法学三大刊论文/法学研究/股东会决议无效的公司法解释.pdf
1695,股东出资加速到期的理论证成,钱玉林[1],华东政法大学经济法学院,2020,6,114,127,"“股东出资加速到期”这一命题并不足以涵盖公司债权人请求出资未到期的股东承担责任的全部现象。股东对公司的出资义务既是约定义务,又是法定义务。从约定义务的角度,股东应依照公司章程的规定向公司交付出资标的的财产,同时对公司享有出资期限尚未届至的抗辩;从法定义务的角度,股东应以其认缴的出资额为限对公司承担责任,该认缴出资额构成以价值形态而非以股东出资方式存在的公司财产,公司债权人可申请强制执行股东认缴出资范围内的该部分公司责任财产。在非破产情形下,所谓股东出资加速到期的本质不是股东丧失出资期限利益而履行约定的出资义务,而是股东应以其认缴的出资额为限承担对公司出资的法定义务,是股东有限责任的实质内容。公司法司法解释所规定的股东对公司债权人的补充赔偿责任,其本质是股东以出资额为限对公司承担的责任。完善股东出资义务规则,应增加规定股东违反出资义务的延迟赔偿责任,并以公司资产不能清偿到期债务为界限,确立公司法第3条的适用条件。",认缴资本制;出资加速到期;出资期限利益;公司责任财产;补充赔偿责任,D92,0,,法学三大刊论文/法学研究/股东出资加速到期的理论证成.pdf
1696,股东溢价出资的会计表达与法律属性,郑彧[1],,2023,4,114,130,我国理论界和司法审判实践往往将股东溢价出资视为一种意定之债，企业会计准则也仅要求在资产负债表中记载实缴的出资溢价。在缺少更为明确的会计和法律解释的背景下，出现了股东溢价出资不属于法定出资义务的普遍理解。这种理解有违将面值和溢价共同作为股东认购义务并需如期缴付的立法趋势，也混同了公司法定资本制度中“股本认缴”和“资本认缴”的本质区别。其他法域的公司法制度大多要求将包括溢价在内的所有股东为换取股份所承诺的对价在资产负债表中进行披露，使得溢价出资成为股东对于公司的一种确定性义务，从而构成公司资产信用的重要组成部分。在我国公司资本认缴制下，应正确理解股东出资的会计和法律意义，将所有认缴、未缴的注册资本和溢价均作为公司可从股东处获得的经济利益，在资产负债表中披露出来，使溢价出资涵盖在公司法定资本之内，并与注册资本一起构成股东向公司承担的一种法定义务。,认缴制;溢价出资;所有者权益;法定义务,D,,,法学三大刊论文/法学研究/股东溢价出资的会计表达与法律属性.pdf
1697,自然人民事权利能力差等论的批判与反思,汪志刚[1],江西财经大学法学院,2021,4,73,90,"与平等论主张自然人的权利能力应具有先验性、平等性和不可放弃剥夺性不同,差等论则认为,自然人的权利能力仅具实证性、不平等性和可放弃剥夺性.这种主张不仅内含了将权利能力的予与夺作为管治工具的危险,而且误解了权利能力的概念,混淆了规范与事实、权利能力与权利,割裂了权利能力规范与其基础伦理的关系,不足为采.结婚能力等""具体权利能力""并非权利能力,而是由实施特定行为所需资格条件的设置反射出来的自由权权能.权利能力制度只负责分配主体资格,并无范围问题,也不解决权利的可有性和实享条件问题,后两个问题是权利分配问题,需要运用权利适配性考量和权利实享条件考量.自然人的权利能力除具有平等论所主张的三性外,还具有抽象整体性、规范性和潜在性.",自然人;民事权利能力;法律平等;民事主体,D913,0,,法学三大刊论文/法学研究/自然人民事权利能力差等论的批判与反思.pdf
1698,自然资源分出物的自由原始取得,张力[1],西南政法大学民商法学院,2019,6,50,69,"对自然资源分出物的自由取得,须通过私法上不同的所有权原始取得手段实现。针对仅在宪法意义上归国家所有或集体所有,但尚未成为私法上所有权客体的自然资源,可适用针对无主物的先占取得规则。针对自然资源已成为私法上所有权客体者,可适用不基于前手所有权人与用益物权人意志的添附取得与孳息取得规则。劳动因融入前述原始取得手段而非为单独的原始取得手段。自然资源分出物自由原始取得应遵循“为生存而合乎自然标准和节俭”的取得限度、“为他人保留足够好和同样多”的取得机会、不违反有关自然资源保护的禁止性规定与公序良俗、不对自然资源用益物权形成竞争性侵夺等限制性规则。自然资源分出物所有权原始取得自由本身并非私法上的绝对权与财产性权利,而应作为人格性法益在个案中被保护。",自然资源;先占取得;添附取得;孳息取得;法益,D92,0,,法学三大刊论文/法学研究/自然资源分出物的自由原始取得.pdf
1699,自然资源国家所有权公权说再论,巩固[1],浙江大学光华法学院,2015,2,115,136,从宪法与民法之别、权利与权力之别以及宪法第9条的完整表述来看，资源国家所有权的公权性确定无疑。作为国家对于公共资源的一种“公权性支配”，资源国家所有权的实质是对资源利用的“积极干预”权，内容在于保障自然资源的合理利用，通过立法、行政和司法加以行使，并为这三种权力施加规范与限制。在实践层面，资源国家所有权只有衍生出以资源实际利用者为主体、以对资源物的合理利用为内容的私权性的“资源利用权”，才能真正形成资源利用秩序。日常生活中在民法层面使用的“国家所有权”的本质是“公共法人所有权”，其并非严谨的法律概念，其成立须一系列条件支撑，范围较窄，其与“宪法国家所有权”的区别是划分“国有私物”与“国有公物”的前提。资源国家所有权来源于主权但不等于主权，其为资源主权的积极行使创设权力载体和概念装置，具有重要意义。,自然资源;国家所有权;公权;私权;主权,D923.2,41,,法学三大刊论文/法学研究/自然资源国家所有权公权说再论.pdf
1700,自然资源国家所有权的双重权能结构,叶韫平,上海财经大学法学院,2016,3,53,69,自然资源国家所有权，以实现全体人民的公共福利为宗旨，具有多种社会功能，既要实现物尽其用、定分止争的规范任务，也要实现自然资源利益全民共享的“分配正义”。因此，它既具有一般所有权的共性，又具有显著的特殊性；在内容和效力上表现出双重性的权能结构，既具有私法性的权能，又具有公法性的权能。私法权能是自然资源国家所有权作为一种所有权的内在规定性内容，立法权、管理权、监督权和分配权等公法权能则保障着私法权能的行使不脱离自然资源国家所有权制度的目的和价值轨道。自然资源国家所有权权能体系的完善，必须充分彰显自然资源国有所有权的性质和内涵，需要建立民主制度和程序来保障这些权能的有效实现，从而维护自然资源国家所有权在促进自然资源有效利用和维护公共福利上的价值。,自然资源;国家所有权;所有权权能,D923.2,59,,法学三大刊论文/法学研究/自然资源国家所有权的双重权能结构.pdf
1701,自然资源资产国家所有权委托代理的法律性质,汪志刚[1],,2023,2,136,153,"自然资源资产国家所有权委托代理机制试点中, 存在委托代理法律性质处理难题。委托代理试点顶层设计的核心逻辑是民法逻辑, 其概念和理论基础为自然资源资产国家所有权的概念及其民事权利定性; 主体构造机理为在行政机关组织结构逻辑上叠加民法法人的组织结构逻辑, 进而实现所有权委托代理行使主体的具体化; 客体范围确定依据为所有权行使可适用委托代理、监管权不适用委托代理; 法律形式为以编制自然资源清单的方式实施委托授权。这种委托代理性质上应属于部分事务委托和部分事务委托代理共同构成的综合民事委托和代理, 同时又是由所有权代表行使主体授予代理权形成的以国家为被代理人的代理, 依法可与国家所有权代表行使和法定代理行使一样, 适用以自身名义代国家实施行为并代国家独立承担法律责任的规则。",自然资源资产;国家所有权;委托代理;所有者职责;监管权,D,,,法学三大刊论文/法学研究/自然资源资产国家所有权委托代理的法律性质.pdf
1702,苏俄宪法在中国的传播及其当代意义,韩大元[1],中国人民大学法学院,2018,5,189,208,"苏俄宪法最早中译本的译者是张君劢,发表时间是1919年11月15日。此后,有十余种著作收录苏俄宪法全文,援引苏俄宪法条文的文章更是不计其数。苏俄宪法最先在上海、北京、广州和闽南地区传播开来。中国共产党不仅积极传播苏俄宪法,而且认真实践苏维埃制度,并将苏俄宪法的基本制度和基本精神体现于1954年宪法。一百年前诞生的苏俄宪法虽然已经成为历史,但其精神永存,在世界宪法史上的地位和影响是不可抹煞的。苏俄宪法开创的社会主义宪法事业,将在中国特色社会主义的伟大实践中继续发扬光大。",苏俄宪法;社会主义宪法;1954年宪法;张君劢,D921,0,,法学三大刊论文/法学研究/苏俄宪法在中国的传播及其当代意义.pdf
1703,英美在近代中国行使治外法权主体之型化与形替,屈文生[1],,2023,3,205,224,在“条约世纪”里，英美在华行使治外法权的主体，大致经历过一种以领事官为主向以法官为主的转变过程。依照不平等条约、英王御准的枢密令/美国国会法令等成文法，英美两国驻华领事官曾获得非同寻常的司法权和管辖权。但自19世纪中叶起，限制或规制领事官司法权却成为半殖民地国家反抗领事裁判权和英美本国政府加强治外法权统治的“共同目标”。对于领事官司法权的整个讨论，便转移到如何在华设立并运作“混合法院”以及专门法院之上。两国在华攫取的司法权由此从非职业的领事官渐次流动至驻华职业法官，但这不过是两国域外管辖权制度安排中“左手倒右手”的把戏，遑论领事官司法权事实上并未被彻底削弱。两国变换行使治外法权的主体，意在加强“治外法权统治”。,领事法庭;会审公堂;大英上海最高法院;美国对华法院;治外法权统治,D,,,法学三大刊论文/法学研究/英美在近代中国行使治外法权主体之型化与形替.pdf
1704,著作权合同中作者权益保护的规则取舍与续造,熊琦[1],华中科技大学法学院,2022,1,188,204,"著作权合同规则和集体协商所需中介组织的双重缺失,导致我国作者在著作权合同领域面临诸多不公平待遇时处于无法可依的境地.比较法上作者权益保护的制度安排,又因不同国家相关产业力量对比差异而有不同路径.在缺乏本土基本规则支撑的情况下,更符合我国产业特点的解决路径,一方面是根据比较法经验来重新校准作者权益的保护范畴,避免以事后规则直接保障作者收益,通过事前规则增助作者的自治能力;另一方面是运用法教义学的方法从著作权法合同章和民法典合同编两个领域完成对作者权益保护的解释学续造.应将著作权法合同章中规定的许可或转让的权利种类作为合同成立的""必要之点"",要求合同条款明确列举每项权利的使用范围、目的、期限和版税标准.应在区分无偿和有偿的著作权专有许可合同的基础上,类推适用民法典合同编中合同终止的一般规则和相关有名合同终止权来完成对作者利益保护规则的续造.",著作权合同;作者权益;合同解除;合同终止,D,0,,法学三大刊论文/法学研究/著作权合同中作者权益保护的规则取舍与续造.pdf
1705,著作权法与专利法中“惩罚性赔偿”之非惩罚性,蒋舸,清华大学法学院,2015,6,80,97,著作权法与专利法应引入加重赔偿，但不应追求惩罚目的，“惩罚性赔偿”的术语在创新规则体系中有误导性。创新领域的救济以最佳预防为上限，而惩罚的本质是独立于预防目的的责难，二者无法兼容。创新具有连续性，在后创新常常无法绕开在前创新的产权瓶颈，因此合理的创新规则不能只保护在先创新者，还需激励在后创新者。同时，集体理性选择了模糊的智力成果产权边界，从而给在后创新带来巨大的侵权风险，这要求救济不仅要避免补偿不足、预防不力，还要警惕预防过度。在著作权与专利法领域，加重赔偿的主要目的是实现个案中的完全补偿，特殊情况下也可追求宏观层面的最佳预防，但不应超出预防之需追求非功利的惩罚效果。加重赔偿之“非惩罚性”能够缓解其与填平原则的冲突，有助于降低主观要件给损害赔偿带来的不确定性。加重的幅度应与后来者利用在先智力成果的创新程度相关，而与侵权人的支付能力无关。如有可能，法官应在衡量其他救济手段威慑效果的前提下，确定损害赔偿所追求的最佳预防。,著作权法;专利法;惩罚性赔偿;加重赔偿;创新,D923.8,151,,法学三大刊论文/法学研究/著作权法与专利法中“惩罚性赔偿”之非惩罚性.pdf
1706,著作权法中传播权的体系,王迁,华东政法大学,2021,2,55,75,"传播权体系化的缺失导致了立法和司法实践中的诸多问题,而交互式传播与非交互式传播的分类只适用于部分传播权中的专有权利,并未实现传播权的体系化.传播权应被区分为现场传播权和远程传播权,前者针对面向传播发生地的公众进行的传播,包括著作权法中的表演权、放映权、展览权和广播权中播放接收到的广播作品的权利;后者针对向不在传播发生地的公众进行的传播,包括著作权法中的信息网络传播权和广播权中的初始传播及转播的权利.""传播发生地""并不是一个绝对的物理概念,当传播涉及利用技术手段将作品从一处传输至另一处时,就发生向不在传播发生地的公众进行的传播.对传播权的体系化有助于立法的科学化和解决司法实践中的疑难问题.我国2020年修改后的著作权法对广播权的重新定义及对录音制作者获酬权的规定用语不当,可能导致传播权中各项专有权利之间的混淆,同时广播权混搭了远程传播权和现场传播权,应当对其进行修改,以构建科学的传播权体系.",传播权;向公众传播权;公开传播权;表演权;广播权,D,0,,法学三大刊论文/法学研究/著作权法中传播权的体系.pdf
1707,著作权法中作品独创性的审美逻辑,王国柱[1],,2023,3,130,148,审美能够以特定方式作用于作品独创性，审美逻辑是著作权法的内在逻辑。审美可以作为作品独创性中人格要素、个性要素和创造性要素的阐释方式。审美可以作为判定艺术作品独创性的前提性条件，为作品独创性设定“外部过滤机制”。审美可以作为作品独创性表达类型化的实现途径，为作品独创性设定“内部分类机制”，进而为作品类型转换行为法律性质的界定、作品类型开放背景下作品独创性的判定以及著作权侵权判定方法的选取提供指引。审美是作品独创性司法裁判的非量化评价因素，“是否可以进行审美评价”适宜作为审美的非量化判断标准，审美价值的高低不影响作品独创性的判定，“审美共通感”能够强化审美判断的公信力。,作品独创性;审美;实用艺术作品;作品类型转换;著作权侵权,D,,,法学三大刊论文/法学研究/著作权法中作品独创性的审美逻辑.pdf
1708,著作权法限制音乐专有许可的正当性,王迁[1],华东政法大学,2019,2,98,117,"音乐作品的特殊性在于其传播通常需要借助音乐表演的录音。欣赏音乐的主要渠道在前网络时代主要为购买音乐表演的录音制品,在网络时代为点播或下载音乐表演的录音。如果大量音乐作品的权利人对于录制、发行和通过网络以交互式手段传播音乐录音的权利发放专有许可,会影响人们欣赏风格各异的音乐表演,从而损害音乐文化的多样性。通过非自愿许可对此种专有许可进行限制具有正当性。同时,要提供音乐录音的点播和下载,还需要针对表演和录音取得许可。如果各录音制作者向一家数字音乐平台发放数量占绝对优势的音乐录音的专有许可,人们欣赏音乐的主要渠道就会被垄断。基于我国实体唱片市场几乎消亡的现实,对此种专有许可进行干预具有正当性。与设定非自愿许可相比,为表演和录音的专有许可规定法定期限更具有可行性。",音乐作品;专有许可;制作录音制品法定许可;强制许可,D923.41,0,,法学三大刊论文/法学研究/著作权法限制音乐专有许可的正当性.pdf
1709,董事合规义务：责任限缩与助推型公司法规则的构建,楼秋然[1],,2024,3,96,112,伴随董事会向监督职能的转型、企业合规改革的持续推进、董事义务严格化的发展趋势，公司法很有可能习惯性地采取实质化董事合规义务、继续强化董事合规责任的改革路径。由于加重董事责任可以避免合规失败、董事懈怠是造成合规失败的主要原因、强调董事责任可以有效形成合规文化等认识误区的存在，该种改革路径难以实现预期目标。应当在承认董事负有积极合规义务的基础上，采取一种兼顾法律责任和声誉处罚功能的合规义务认定标准，当公司出现具有重大性的不合规事件或者长期、普遍、持续地出现不合规事件时，应当推定董事未履行合规义务。在董事合规责任被适当限缩之后，应当从提升股东诉讼积极性和便利度的角度设置董事责任限免规则和股东派生诉讼的适用范围，通过董事会的结构性改革、扩充股东知情权等公司法规则帮助或者倒逼董事会解决结构洞问题，并以遵守或者解释模式推进有效的企业合规标准的采纳。,企业合规;董事合规义务;信义义务;商业判断规则;独立董事,D922.291.91,,,法学三大刊论文/法学研究/董事合规义务：责任限缩与助推型公司法规则的构建.pdf
1710,董事间披露义务的法律构造,袁崇霖[1],清华大学法学院,2024,5,114,132,信息是董事会知情决策的基础，从个体董事到董事会集体的决策信息横向流动具有重要意义。由于集体决策的固有局限和日益凸显的董事异质性，董事会决策信息横向流动面临着结构性困境。针对董事会内部的信息不对称和信息流动受阻问题，基于勤勉义务的董事间披露义务可以作为规范上的应对。知情董事应当向董事会或其他全部董事，及时披露足以引起多数董事合理注意或能够改变个体董事决策判断的重大信息。董事会集体决策失败并给公司造成损失时，应在董事集体归责的基础上，结合披露义务的履行情况，甄别和评价董事的个体责任，实现董事集体责任与个体责任的区分和兼容。对于知情董事而言，在董事会决议作出之前及时履行披露义务，是责任减免的关键因素。,信息不对称;董事间披露义务;勤勉义务;董事责任,D,,,法学三大刊论文/法学研究/董事间披露义务的法律构造.pdf
1711,虚假陈述比例连带责任的认定模式与体系展开,邹学庚[1],,2023,4,131,151,作为施加于过失虚假陈述人的新型责任形式，比例连带责任彰显比例原则精神、契合激励相容原理、与现行法不存在价值判断或规范矛盾。美国1934年证券交易法第21D条（f）规定的比例责任，实质是比例连带责任。在认定比例时，应采识别不同虚假陈述事项的区分认定模式，以过错和因果关系为标准，认定所有对原告损失负有责任之人的责任占总责任的比例，且诸比例相加须为100%。该比例既是比例连带责任之比例，也是其内部责任份额之比例，故在内部关系上，不存在责任大小无法确定的情形，追偿问题依民法典第178条第2款处理。在外部关系上，应采将债务人资力不足之风险全部分配给债务人群体的强保护模式，只要债权人未获全额清偿且存在比例连带债务人的给付未达其比例份额，该债务人就须继续给付。为缓和比例连带责任替代全额连带责任后对投资者利益之冲击，宜使比例连带债务人对自然人小投资者承担全额连带责任，对其他投资者未获清偿部分继续承担总计不超过其比例份额50%的责任。,中介机构;虚假陈述;比例连带责任;数人侵权;民事责任,D,,,法学三大刊论文/法学研究/虚假陈述比例连带责任的认定模式与体系展开.pdf
1712,行刑衔接中采信专业性认定之困境及其破解——以事故调查报告为研究对象,张泽涛[1],,2024,1,166,183,根据2021年《最高人民法院关于适用〈中华人民共和国刑事诉讼法〉的解释》第101条的规定，事故调查报告中有关专门性事项的认定可以在刑事诉讼中使用。事故调查报告是一种较具代表性的专业性认定，以其为研究对象可以透视行政执法证据在刑事诉讼中使用时面临的如下共性问题：法定证据种类归属不明；采信专业性认定在法律和司法解释上存在障碍；责任追究形式不符合追究刑事责任的要求；无法发挥行政执法机关在事实认定和法律适用上的专长，等等。立法和司法解释应当把专门性证据规定为新的证据种类，明确行政执法证据在刑事诉讼中的使用范围，细化公安司法机关提前介入专业性认定的机制，完善行政执法机关与公安司法机关的双向咨询机制等。,专业性认定;事故调查报告;专门性证据;行刑衔接,D,,,法学三大刊论文/法学研究/行刑衔接中采信专业性认定之困境及其破解——以事故调查报告为研究对象.pdf
1713,行政协议诉讼的制度构建,刘飞[1],中国政法大学中欧法学院,2019,3,32,47,"我国行政诉讼制度系以""对具体行政行为是否合法进行审查""为中心构建的,行政协议引发的争议原本难以进入受案范围。通过将行政协议拆分为""行政行为""和""其他协议行为""两个部分,行政协议中的""行政行为""部分得以进入行政诉讼。此种做法尽管在某种程度上有助于争议的部分解决,却无法得到行政法学理的支撑。行政协议与行政行为同为行政机关的活动方式,二者之间应是并列关系。认清行政协议与行政行为的关系定位,是构建行政协议诉讼制度的关键性前提。我国尚未有实体法对行政协议及其制度构建作出明确规定。先期对行政诉讼制度加以调整,借助""行政争议""而非""行政行为""界定行政诉讼受案范围,有助于缓解当下制度设计与学理之间的紧张关系,为未来行政协议诉讼制度的构建提供必要的制度空间。",行政协议;行政行为;行政诉讼受案范围;行政协议诉讼,D925.3,0,,法学三大刊论文/法学研究/行政协议诉讼的制度构建.pdf
1714,行政处罚中择一重罚规则的体系化阐释,刘连泰[1],厦门大学法学院,2022,1,38,51,"择一重罚规则的适用面临执法管辖权与高额罚款权归属主体不一的难题.综合执法制度可以部分解决该问题,在综合执法之外,则需分情况适用不同的解决方案.在识别""罚款数额高的规定""时,应根据法定罚的上限而非决定罚来比较罚款的轻重.根据法定罚款额高的法律作出的决定罚,其数额不能低于法定罚款额低的法律所规定的罚款下限.行政机关错误适用择一重罚规则作出罚款决定,人民法院可以作出变更判决,但变更判决要受禁止不利变更规则的约束.在被人民法院判决撤销并责令重作的情形中,行政机关加重对当事人的罚款,通常应证明其加重罚款没有恶意,因裁量逾越被判决责令重作的除外.",行政处罚;择一重罚;执法管辖权;高额罚款权;禁止不利变更,D,0,,法学三大刊论文/法学研究/行政处罚中择一重罚规则的体系化阐释.pdf
1715,行政处罚的预防目的及其规范建构,谭冰霖[1],中南财经政法大学现代行政法研究中心,2024,6,90,109,将报应作为行政处罚的目的，不仅存在法哲学上的正当性疑虑和法释义学上的逻辑困境，也无法充分解释现代行政处罚的制度现实。现代意义上的社会风险已超越传统秩序行政中的危险范畴，对行政法治提出一系列挑战，进而形塑了行政处罚的预防目的。在行政处罚的设定和实施过程中，法律威慑机制着眼于对常规违法行为风险的消极排除，风险预防原则承载着对新兴社会风险的分配和管控。基于法律威慑和风险预防的二元构造，预防目的主要从构成要件和法律效果两个层面，对行政处罚的规范构造产生深刻的体系效应。基于风险预防原则，应当从风险认知、危害预期、预防措施和证明机制等维度，调适应受处罚行为的构成要件；基于法律威慑机制，应当从定罚和量罚两个维度优化行政处罚的法律效果，更好发挥一般威慑和特殊威慑的作用。为了防止行政处罚的不当扩张，有必要从法益侵害约束、义务创设约束和比例原则约束等方面为预防目的划定必要的法治界限。,行政处罚;预防目的;法律威慑;风险预防;法治约束,D,,,法学三大刊论文/法学研究/行政处罚的预防目的及其规范建构.pdf
1716,行政复议法的修改与完善以 “实质性解决行政争议”为视角,王万华[1],中国政法大学,2019,5,99,117,"“实质性解决行政争议”主要包含两方面内容:行政诉讼程序终结后未再启动新的法律程序;行政实体法律关系经由行政诉讼程序获得实质处理。相较于行政诉讼,行政复议具有更大空间实现“实质性解决行政争议”。经由复议体制改革和复议程序制度改革,行政复议制度的立法定位逐渐由内部监督机制向行政争议解决机制转型,有必要将“实质性解决行政争议”引入行政复议法的修订中。未来的行政复议机构应与政府法制工作机构分离,在行政复议机关之下直接设立专门的行政复议机构,组织形式采用行政复议委员会模式而非行政复议局模式;复议案件审理模式的建构,应强调发挥复议机构的能动性,在引入直接言词原则的基础上采职权主义;复议决定体系的完善,应建构以变更决定和明确履职内容的履职决定为主的复议决定体系,侧重对行政实体法律关系直接进行调整,与以撤销之诉为核心的行政诉讼形成合理分工。",行政复议法;实质性解决行政争议;程序终结;实质救济,D,0,,法学三大刊论文/法学研究/行政复议法的修改与完善以 “实质性解决行政争议”为视角.pdf
1717,行政审批改革政策试验机制的法治化图景,卢超[1],,2022,6,56,71,在全面深化改革的背景下，政策试验机制在行政审批改革领域中获得了前所未有的深度应用，这极大地加速了中国行政规制改革的进程。然而，由于行政许可法对行政审批改革的拘束乏力，当前的政策试验面临科学性与法治化水平相对不足的困境，中央统筹与地方自主、政治弹性与法治拘束之间的张力亟待缓解。重构审批改革政策试验程序并设立专业化的行政机构，是有效提升审批改革试验科学性与法治化水平的重要途径。未来修改行政许可法时，可考虑增设审批改革试验的专项授权条款，以强化试验授权程序的规范性；细化许可评价程序、明确评价方法、设立专业化的评价机构，以增强许可评价条款在审批改革试验中的可适用性；增设创新容错条款，以有效提升地方在审批改革试验中的能动性和创新积极性。,行政审批;政策试验;行政许可法;许可评价机制;容错机制,D,,,法学三大刊论文/法学研究/行政审批改革政策试验机制的法治化图景.pdf
1718,行政执法和解的模式及其运用,方世荣[1];白云锋[2],中南财经政法大学法治发展与司法改革研究中心,2019,5,83,98,"执法和解作为一种执法方法,能够发挥提高执法效率、节约行政成本、化解执法纠纷等重要功能。丰富多样的执法活动和执法场景决定了执法和解的运用不能局限于某一固定模式,而需要有多样化的安排。和解的适用前提不应限于事实或法律状态不确定且不能查明,在事实或法律状态易查或已经查清的情形下也可以进行和解。和解的意愿表达无需拘泥于双方协商谈判的形式,公示回应同样能够发挥作用。和解的实现并非只能通过签订行政契约,单方行政决定亦能实现和解。这些不同的适用前提、表意形式和实现方法经过组合变化,能够形成八种不同的执法和解模式,不同模式适用于不同的执法情境,执法主体应根据执法实践的需要灵活运用。",行政执法;执法和解;行政裁量;执法效率,D,0,,法学三大刊论文/法学研究/行政执法和解的模式及其运用.pdf
1719,行政撤诉之再诉禁止效力的构造与限度,黄锴[1],浙江工业大学法学院,2024,4,168,185,"再诉禁止效力是我国行政诉讼撤诉所特有的效力, 其本质是再诉之诉的利益的丧失。在监督行政的制度目标下, 撤诉被定位为终结监督机制, 其要求法院进行高强度的撤诉审查, 通过审查撤诉的自愿性和合法性, 预判再诉之诉的利益; 经法院准许的撤诉, 原则上皆属丧失诉的利益之情形, 再诉禁止效力的适用应予肯认。随着行政诉讼的制度目标从以监督行政为中心转向以实质性解决行政争议为中心, 撤诉的定位转换为协调和解机制, 法院需对撤诉进行低强度审查; 若继续全面肯认再诉禁止效力的适用, 可能严重侵害当事人诉权。撤诉审查强度的调适, 要求再诉禁止效力的适用从原则转为例外, 法院应综合考量撤诉类型、撤诉理由、撤诉情形等因素判定再诉之诉的利益, 限定再诉禁止效力的作用空间。",行政诉讼;撤诉审查;再诉禁止;行政争议,D,,,法学三大刊论文/法学研究/行政撤诉之再诉禁止效力的构造与限度.pdf
1720,行政第三人的程序权利及其司法保护,赵宏[1],,2024,3,21,36,私人的程序权利是其拥有的公法权利的重要构成。在双边法律关系下，有关程序权利的讨论，常在程序瑕疵的实体法效果和司法审查的双重视角下展开。在三边法律关系下，程序法关系与实体法关系共同呈现于行政处理私人利益的多边冲突框架下，对第三人程序权利的司法保护，不仅需要考虑程序权利是否具有独立性的问题，还应避免对一方程序法地位的强化不当缩减甚至牺牲利益相对方的实体法地位，避免程序瑕疵的风险分配成为利益冲突权衡框架下决定风险分配的唯一要素。在公权论下，第三人的程序权利与相对人的程序权利一样，原则上仅具有相对性，绝对的不依赖于实体决定的程序权利只是例外，法院对程序瑕疵的审查不能摆脱实体决定而进行。在保留法院实体审查空间的同时，程序权利的保护目标可通过尽可能开放诉权、更多地承认绝对程序权利以及压缩法院对实体内容的审查等方式实现。,行政第三人;分配行政;冲突调和模式;绝对程序权利;相对程序权利,D925.3,,,法学三大刊论文/法学研究/行政第三人的程序权利及其司法保护.pdf
1721,行政行为无效的认定,王贵松[1],中国人民大学法学院,2018,6,161,174,"无效的行政行为在实体法上自始至终不产生效力,在救济法上当事人可随时在任何相关的程序中主张其无效。无效是法安定性与实质正义权衡后的结果,难以从法规范的逻辑演绎中得出判断。行政诉讼法第75条确立的“重大且明显违法”的判断标准,符合确认无效行政行为的功能需要,其实质是要求法院在个案中对系争个人权益大小、有无第三人、法的安定性、行政效益等具体价值进行衡量。鉴于现实的复杂性,应当允许法院在这一判断标准的实质精神的指引下,对并非明显违法的特定行政行为作出无效认定。根据诉权保障、正当程序原则等要求,只有在确认无效诉讼中,才有必要审查行政行为是否无效。",无效行政行为;重大且明显说;具体价值衡量说;确认无效,D922.1,0,,法学三大刊论文/法学研究/行政行为无效的认定.pdf
1722,行政行为程序瑕疵的指正,杨登峰,南京师范大学法学院,2017,1,24,41,在我国近年的行政诉讼实践中，对于行政行为的一些程序瑕疵，法院大量采用指正的方法加以处理。指正作为司法机关解决行政行为程序瑕疵的一种方法，仅于裁判理由中指出程序瑕疵之所在，但不否定行政行为的合法性，对行政行为效力也不产生任何负面影响。目前法院的指正，多以程序瑕疵未影响行政行为实体内容、未侵害利害关系人合法权益等为前提，没有划清指正与轻微程序违法确认之间的界限。本质上，指正是行政行为矫正方法多元化的一种表现，是人民法院在合法性审查权限范围之外对“程序不合理”与“其他行政瑕疵”的积极灵活处理，值得肯定和推广，但不可将构成违法的程序瑕疵纳入指正范围。,行政行为;程序瑕疵;指正;确认违法,D922.1,0,,法学三大刊论文/法学研究/行政行为程序瑕疵的指正.pdf
1723,行政规范性文件司法审查权的实效性考察,余军;张文,浙江大学光华法学院,2016,2,42,61,通过对《最高人民法院公报》公布的14个涉及行政规范性文件司法审查案例的考察，可以发现这项由司法解释创设的权力遭遇了严重的实效性问题。其原因在于：第一，由我国法院系统“政策实施型”制度逻辑、过度科层化的权力组织结构和司法权的行政化等因素所决定的法官行为逻辑，导致了法院对行政规范性文件实施司法审查的能力存在不足；第二，这项权力本身面临的正当性、合法性疑问，则加剧了法官行使这一权力的消极程度。新行政诉讼法的施行，可以消解第二个方面的问题，但行政规范性文件司法审查机制中的诸多问题，仍有待于通过司法审查标准的完善乃至通过宏观层面的司法制度改革予以解决。,行政诉讼法;行政规范性文件;实效;司法审查,D922.1,48,,法学三大刊论文/法学研究/行政规范性文件司法审查权的实效性考察.pdf
1724,行政规范性文件直接审查模式的证立与建构,王青斌[1],中国政法大学法治政府研究院,2024,6,74,89,2014年修订的行政诉讼法正式确立了行政规范性文件附带审查制度，在近十年的司法实践中，法院对行政规范性文件的审查始终保持谦抑姿态，已经确认违法的行政规范性文件也较少得到纠正，同一行政规范性文件经常会在不同案件中被重复审查。究其原因，附带审查模式在配置审查权力、启动审查程序、执行审查结论、复议和诉讼审查衔接等方面存在制度缺陷，且这些问题难以通过局部制度优化获得解决。相较附带审查模式，直接审查模式具有显著的比较优势，建构直接审查模式在我国当前行政诉讼制度的整体结构下也有充分的法理基础和制度空间。未来修法应删除行政诉讼法第53条中的“一并”二字以及行政复议法中的附带审查条款，转而建构复议前置的行政规范性文件直接审查模式。在具体的制度建构中，应严格控制原告资格、确立有限的申请期限、明确裁判方式，并对审查内容予以规定。,行政诉讼;行政复议;行政规范性文件;附带审查;直接审查;合法性审查,D,,,法学三大刊论文/法学研究/行政规范性文件直接审查模式的证立与建构.pdf
1725,行政诉讼司法建议制度的功能衍化,卢超[1],中国社科院法学所宪法行政法研究室,2015,3,19,30,"行政诉讼司法建议原本是一项裁判执行措施,但随着最高人民法院司法政策的变化,其发挥的事实功能被大大扩展。实践中,行政诉讼司法建议在规范性文件修改中发挥着功能性审查的作用。从社会变迁的视角观察不难发现,维稳压力、协调和解政策与地方发展型政府的模式变迁,诱发了对于行政诉讼司法建议的制度性需求,从而迫使司法建议成为行政诉讼工具箱中的重要工具。行政诉讼司法建议制度的功能衍化,为法社会学研究提供了一个极具价值的制度样本,亦为行政诉讼法的未来发展提供了背景材料。",司法建议;规范性文件审查;协调和解;地方发展型政府;行政诉讼法,D925.3,63,,法学三大刊论文/法学研究/行政诉讼司法建议制度的功能衍化.pdf
1726,行政诉讼给付判决的构造与功能,黄锴[1],浙江工业大学法学院,2020,1,67,82,"司法实践中存在对给付判决作扩张解释的现象,这将导致给付判决与其他判决类型在适用范围上发生重叠,致使新增给付判决的立法目的落空。行政诉讼法“监督行政—纠纷解决”的立法目的,塑造了“低强度审查模式—高强度审查模式”的司法审查强度区间,要求法院对程序性裁判与实体性裁判作出区分。履行判决原则上只能是程序性裁判。给付判决的制度功能在于确立实体性裁判的裁判方式,弥补履行判决在功能上的不足。现阶段,给付判决尚不能发挥“多用途武器”之功能,其适用空间应限于法律规范规定的给付义务、给付行政范畴内的给付义务、以金钱或财产为内容的给付义务。",给付判决;给付义务;实体性裁判;纠纷解决,D92,0,,法学三大刊论文/法学研究/行政诉讼给付判决的构造与功能.pdf
1727,行贿罪之“谋取不正当利益”的法理内涵,车浩,北京大学法学院,2017,2,132,148,“谋取不正当利益”是行贿罪解释论的核心问题。为了实现行贿罪的法益保护目的，保证行贿罪构成要件结构的完整性，应当将解释方向由行为人一端转换到国家工作人员一端，将国家工作人员是否违背职务作为判断行为人所谋取的利益是否正当的标准。由此，在立法文字上缺失的“违背职务与给予财物之间的对价关系”，就在解释论上被建构起来，被补充进行贿罪的构成要件。国家工作人员违背职务，包括违反规则与违背原则两种形式。在适用2012年“两高”《关于办理行贿刑事案件具体应用法律若干问题的解释》第12条第1款时，可以抛弃前段中关于实体违法利益的无益规定；在适用该条第2款时，应当注意规范对象已由行为人回归到国家工作人员，注意“酌情决定”与任意处置性职务行为的区分。注意违背公平、公正原则与“竞争优势”之间的关系。,行贿罪;谋取不正当利益;新违背职务说,D924.392,0,,法学三大刊论文/法学研究/行贿罪之“谋取不正当利益”的法理内涵.pdf
1728,表见代理中的被代理人可归责性,朱虎,中国人民大学民商事法律科学研究中心,2017,2,58,74,关于表见代理，民法总则延续了合同法的规定形式，就表见代理构成中是否要求被代理人的可归责性仍然不清晰。采取积极信赖保护方式的善意取得和表见代理具有结构相似性，可透过善意取得规范抽取出权利外观责任的一般性评价，因此，与善意取得的构成相一致，表见代理的构成中也应包括被代理人的可归责性，且应采取风险归责原则予以解释和具体构建。该原则具有动态综合权衡的特征，为实现确定性可予以具体化。此时应区分不同案例类型，比较权衡行为人的信息成本、被代理人的防免成本、被代理人是否获益、双方的救济成本和商事交易的特性等因素，分别予以实质性论证，将风险归责原则具体化到不同案例类型的规则中。同时，即使被代理人不具有可归责性因此不承担积极信赖保护责任，但其仍可能要承担消极信赖保护责任，以实现法律后果方面的比较权衡。,表见代理;善意取得;信赖保护;可归责性;风险归责,D923.6,0,,法学三大刊论文/法学研究/表见代理中的被代理人可归责性.pdf
1729,被动管理型信托的效力澄清,邹星光[1],清华大学法学院,2024,6,144,161,立法上关于信托即“受人之托、代人理财”的功能定位隐含着受托人主动管理之意，掩盖了被动管理型信托与主动管理型信托实为信托之双轨这一事实。学理上关于“消极信托无效”的误读以及监管上对通道信托的禁止、对主动管理型信托的倡导，导致被动管理型信托的正当性与合法性存疑。被动管理型信托的法律效力原则上应予认可，但亦应回应效力方面的质疑。在债权人保护维度，即便是受托人极端被动的信托，通常也只需否定信托的资产区隔效果或信托财产的独立性，无需否定信托的效力。在信义义务的强制性维度，应在立法上单独构建被动管理型信托受托人的行为标准，明确指示型信托受托人的故意不当行为标准以及转委托型信托受托人的合理选任与监督义务。在公共利益维度，监管部门不应通过事前禁止被动管理型结构来防范通道风险，法院也不应过度附和金融监管，而应基于是否损害公共利益来实质判断通道信托的效力。,被动管理型信托;消极信托;通道信托;信义义务;信托财产,D,,,法学三大刊论文/法学研究/被动管理型信托的效力澄清.pdf
1730,被害人因受骗而同意的法律效果,付立庆,中国人民大学刑事法律科学研究中心,2016,2,154,170,被害人同意阻却犯罪成立的根据，是相应法益失去了“要保护性”。在判断被害人因受骗而作出的同意是否有效时，法益关系错误说提供了合理的思考方向，总体上值得坚持。但是，这一学说在特定场合面临质疑。因此，恰当界定“法益关系”的范围、类型，明确其理论定位是十分重要的。法益关系错误说为判断同意是否有效提供了第一道筛选机制。在不存在法益关系错误时，虽然可以推定同意有效，但例外地也可能因为该同意欠缺任意性而导致同意最终无效。以法益关系错误为基础、以客观判断任意性之有无为实质的客观真意说，是对既有理论的继承和发展，具有重要的刑法解释学意义。,被害人同意;法益关系错误;任意性;客观真意,D925.2,34,,法学三大刊论文/法学研究/被害人因受骗而同意的法律效果.pdf
1731,被误解和被高估的动态体系论,解亘[1];班天可[2],南京大学法学院,2017,2,41,57,动态体系论正在为国内越来越多的学者所接受，并越来越频繁地出现在民法学各个领域的解释论和立法论当中。然而，学界却在一定程度上误读了动态体系论，并由此对其抱有过高的期待。作为评价法学的一个版本，动态体系论既要对抗概念法学的僵硬，也要对抗自由法学的恣意和非合理性。国内学界往往忽略了后者的意义，片面强调结果的弹性化，导致其所主张的立法论和解释论并不能克服自由法学带来的恣意和不确定性。另一方面，即便澄清了误读，动态体系论也存在自身的局限性。动态体系论的体系性，由要素体系和基础评价这两大支柱构成，但是内在体系本身的捉摸不定导致了要素体系的不限定性，实定法上也普遍缺失基础评价。先天的不足极大地限制了动态体系论发挥作用的空间。,动态体系论;要素体系;基础评价;评价法学,D90,0,,法学三大刊论文/法学研究/被误解和被高估的动态体系论.pdf
1732,被追诉人的权利处分:基础规范与制度构建,郭松[1],四川大学法学院,2019,1,155,170,"被追诉人处分权利是现代刑事诉讼维系协商性乃至行政式案件处理方式正当性的关键机制。我国在制度层面明确确立被追诉人权利处分机制,既有现实必要,也有理论根据。当然,认可被追诉人处分权利,并不等于任何条件下的权利处分都具有正当性,更不意味着权利处分可以不受任何限制。相反,被追诉人处分权利必须满足特定的程序与实体要件,并受他人权利、法律优位与公共利益等因素的制约。鉴于权利处分必然减损被追诉人受法律保护的程度,再加上我国保障被追诉人权利处分合法性的相关机制存在较多疏漏,当前在制度构建方面最为紧要的工作是明确权利处分的构成要件与可处分的权利范围,并确立必要的核查机制,以防止被追诉人的权利处分沦为公权力主体实现特定目的的工具。",权利处分;程序选择;处分限度,D925.2,0,,法学三大刊论文/法学研究/被追诉人的权利处分_基础规范与制度构建.pdf
1733,被追诉人认罪认罚的撤回,汪海燕[1],"中国政法大学刑事司法学院、""2011 计划"" 司法文明协同创新中心",2020,5,175,193,"认罪认罚从宽具结内含协商与合意的因素,但其权利品性不应被忽视。允许被追诉人撤回认罪认罚是保障认罪认罚自愿性的内在要求,符合无罪推定之精神,契合诉讼运行规律,也是有效防范相关制度风险的需要。撤回认罪认罚的对象,可以分为撤回认事、认罪、认罪名和认罚等不同层次;撤回理由包括有因撤回和无因撤回。被追诉人行使认罪认罚撤回权之后,具结书的认罪内容不应再作为被追诉人有罪供述的证据使用,也不能因撤回认罪认罚而作出对被追诉人不利的推定;撤回的效果是“恢复原状”,但撤回认罪认罚对强制措施的适用、不起诉决定、审理程序和量刑等均可能产生影响。当前语境下,不应剥夺认罪认罚案件被告人的上诉权,也不应以各种方式限制“上诉不加刑”原则的适用。",认罪认罚;撤回;上诉不加刑,D92,0,,法学三大刊论文/法学研究/被追诉人认罪认罚的撤回.pdf
1734,被遗忘权：传统元素、新语境与利益衡量,刘文杰[1],中国传媒大学法律系,2018,2,24,41,以同意权开始，以删除权（“被遗忘权”）收尾的一整套个人数据权利建立在“个人信息自治”的理念之上，体现了更高水平的个体权利保护，是对新媒介技术及其催生的互联网社会的法律应对。一方面，这些权利具有绝对权的某些特征，另一方面，它们并非放之四海而皆准，其最佳适用场合为当事人为平等主体的民事交易交往语境，包括21世纪新兴的社交网络。于此，是否以及在多大程度上利用公民个人信息，决定于当事人的意思。而当被遗忘权指向对互联网上旧闻及其搜索链接的删除时，则进入了新的语境，即新闻报道和信息自由对人格利益的侵入。此时，是否以及在多大程度上披露个人信息，决定于公共利益的需要，须考虑所报道事件的公共属性、信息的时效性和报道对当事人将会造成的影响。将旧报道置于互联网存档具有重大公共价值，且不属于对当事人进行新闻聚焦，故个体人格保护原则上应让位于信息自由。基于类似的利益衡量，应当认为，如源网址的公开不构成侵权，只有在极特殊的情况下才允许发生移除姓名搜索链接的后果。,个人信息保护；数据删除权；被遗忘权；信息自由,D90-051,0,,法学三大刊论文/法学研究/被遗忘权：传统元素、新语境与利益衡量.pdf
1735,裁判文书援引学说的基本原理与规则建构,金枫梁[1],上海大学法学院,2020,1,190,208,"学说的内容实质正当性及其约束法官自由裁量空间的外观进而增强裁判可接受性的功能,是裁判文书援引学说的基本原理,也是建构援引规则的出发点。学说根据其竞争力可以分为通说、主流说、少数说,法官既可以援引通说也可以援引非通说;援引非通说应当成为援引的主流。法官在援引学说时应尽量采用对话技术,尤其是在援引通说时应尽量避免对学说进行大篇幅的“复制与粘贴”;应尽量援引不同体裁的代表性作品以体现学说的数量优势外观。学者姓名承担了标识学术产品的质量担保功能、“商誉”功能与司法修辞功能,学说出处具有定位学者学说发展脉络等功能,援引学说须注明姓名与出处。裁判文书援引学术作品实质上是法官“购买”学术产品的行为,它将刺激处于供给侧的学者主动生产实务所需的产品,继而促成学术与实务的良性互动。最高人民法院可以考虑出台有关裁判文书援引学说的具体规则指引。",裁判文书;可接受性;援引;学说;通说,D92,0,,法学三大刊论文/法学研究/裁判文书援引学说的基本原理与规则建构.pdf
1736,西周邦国的法秩序构建：以新出金文为中心,王沛,华东政法大学法律古籍整理研究所副教授,2016,6,191,206,受资料限制，以往学界对西周时代王畿之外的邦国法秩序知之甚少。近期公布的山东、山西、湖北出土之金文资料，为探讨相关问题提供了线索。将这些铭文信息连缀起来可发现，周人在邦国法秩序构建中恪守其“收放界限”，并未将自己的法度全面移植，而是各依其便，甚至主动学习土著部族的制度。与之相应的是，王朝的司法力量会积极参与到邦国的法秩序构建中。当邦国内部秩序被破坏或出现不稳定迹象时，周王或者体现周王权力的执政大臣会担任审判官的角色，通过审判权力重新恢复其内部秩序。在以法律手段管控异族邦国时，王朝侧重“司法手段”而非“立法手段”，即通过充当裁判者的角色确立王朝的权威，而并不倾向强加周人法度于异族。是为西周邦国法秩序构建的基本特征。,西周邦国;法秩序;立法;司法;金文,D625,0,,法学三大刊论文/法学研究/西周邦国的法秩序构建：以新出金文为中心.pdf
1737,规划许可诉讼中邻人保护的权利基础与审查构造,赵宏[1],,2022,3,86,102,"关于规划许可诉讼的既有学理讨论,已意识到邻人提起行政诉讼的权利基础并非私法相邻权,也觉察到实体审查中""合规即不侵权""的裁判思路与邻人保护的意旨相矛盾,却一直未形成公法上邻人保护的学理体系,无法为司法审查提供有效说理.支配规划许可诉讼的核心观念在于邻人公权利,其本质是第三人公权利在具体法领域中的呈现,反映的是在分配行政的格局下,行政机关如何在三边法律关系下识别第三人公权利,并为其配给公法保护的问题.邻人公权利针对的是国家,是邻人向行政机关请求以防御其不动产使用因他人的建筑行为而受到影响的实体权利.完整的邻人保护,不仅意味着应当允许邻人针对规划许可提起诉讼,也意味着法院审查不应仅限于对许可是否符合规划的客观审查,还应包含对邻人是否存在主观公权利以及该权利是否受损的证立.",相邻关系法;相邻权;规划许可;分配行政;区域维护请求权,D,,,法学三大刊论文/法学研究/规划许可诉讼中邻人保护的权利基础与审查构造.pdf
1738,规制大众传播媒介的回应权：功能延续与制度发展,朱虎[1],,2023,1,125,142,针对传统大众传播媒介的回应权，使被报道者能更有效地维护其人格尊严，并能为公众提供多元化的信息来源。信息时代传播媒介的诸多变化，使个人名誉更易受到影响，更为根本和重要的是加剧了社会的碎片化、极端化并产生了注意力经济，从而将对公共领域造成破坏性影响，由此突显了规制媒体表达自由的必要性。作为规制传播媒介的手段，回应权之名誉保护功能和提供多元化信息来源功能在当今依旧延续甚至更有必要。传统回应权的规制对象应予扩张，使回应权也能够针对类似于大众媒体的用户以及平台媒体、搜索引擎行使，回应权并能成为连接点，结合标签、算法等发挥协同治理的作用。但是，回应权毕竟涉及媒体的表达自由，其具体规则的构建、调整和扩充要实现基本权利之间的合比例关系。,回应权;大众传播媒介;人格尊严;公共领域;表达自由,D,,,法学三大刊论文/法学研究/规制大众传播媒介的回应权：功能延续与制度发展.pdf
1739,规制抽象危险犯的新路径:双层法益与比例原则的融合,蓝学友[1],清华大学法学院,2019,6,134,149,"抽象危险犯保护双层法益。其中,阻挡层法益是集体法益,背后层法益是个人法益;阻挡层法益是后设的秩序型法益,背后层法益是先验的利益型法益;抽象危险犯对背后层法益仅有抽象危险,但对阻挡层法益造成了实害;阻挡层法益的观念基础是预防刑法观,背后层法益的观念基础则是自由刑法观。这一系列特征决定了,双层法益之间既非择一关系亦非并列关系,而是手段与目的的关系:保护阻挡层法益只是手段,保护背后层法益才是目的。正是这种手段与目的的关系使得双层法益结构成为以比例原则规制抽象危险犯的方法论载体。通过比例原则的适当性、必要性和均衡性审查,可以实现对抽象危险犯的立法与司法规制。",抽象危险犯;双层法益;比例原则,D92,0,,法学三大刊论文/法学研究/规制抽象危险犯的新路径_双层法益与比例原则的融合.pdf
1740,规范说与侵权责任法第79条的适用——与袁中华博士商榷．,吴泽勇,河南大学法学院,2016,5,49,66,通过检索民事诉讼法学相关理论，考察法院适用侵权责任法第78条、第79条的裁判文书，侵权责任法第79条不存在所谓的“证明责任问题”，也不会因为该问题而被搁置。作为证明责任分配理论通说的规范说，并不排斥文义解释之外的其他解释方法。“请求原因、抗辨、再抗辩”的解释方法与规范说并不矛盾。侵权责任法第79条在司法适用中的确存在一定程度的功能落空，但原因不是立法存在缺陷，也不是传统证明责任分配理论失灵，而是法官没有透过法条的文义和构造，发现正确的法条适用和证明责任分配方案。不是规范说出了问题，而是没有妥善运用规范说导致了问题。,证明责任;规范说;侵权责任法第79条;文义解释;再抗辩,D923,37,,法学三大刊论文/法学研究/规范说与侵权责任法第79条的适用——与袁中华博士商榷．.pdf
1741,警察行政介入民事领域的正当性及类型化调控,陈鹏[1],,2022,4,20,36,"警察行政介入民事领域的正当性,可归结为维护公共安全和社会秩序、保护个人权利、贯彻服务行政理念三方面.警察的介入行为亦可整合为三种类型:作为警察行政之固有内容的、以维护公共安全和社会秩序为目的的职权性介入,行政法范式变革下以保护个人权利为目的的义务性介入,以及基于服务行政理念的柔性介入.依照辅助性原则,职权性介入应以尊重其他行政机关的优先处理权为前提,义务性介入仅应在个人无法通过民事救济渠道及时实现权利时方可实施,实施柔性介入前亦应评估其他行政机关排除危险以及个人通过民事救济渠道保护权利的可能性.若实定法规范体现了法定主义原则,则警察的职权性介入和义务性介入皆无决定裁量之空间,亦不得以柔性介入取代法律明确规定的介入措施.即便实定法规范体现了便宜主义原则,警察的义务性介入亦受裁量权收缩法理的约束,对职权性介入的规范也可借鉴这一法理.",警察权;行政介入;服务行政;辅助性原则;便宜主义,D,,,法学三大刊论文/法学研究/警察行政介入民事领域的正当性及类型化调控.pdf
1742,计算机信息系统作为财产的私法保护,张浩然[1],中国社会科学院法学研究所,2025,3,130,149,数字经济催生各种新型财产形态而要求完善财产权制度，理论上多通过逐一界定客体属性构造财产权模型，非物质财产形态的多样化与动态性使传统制度模式面临困境。不同于传统工业经济，数字经济的市场交易形式由商品交换转变为平台提供服务，企业将各种生产要素纳入平台组织整合开展竞争，财产保护需求由控制单一生产资料转变为控制要素活动系统，可整体性地确认计算机信息系统的财产权益而实现对各类财产要素的保护。按照“有体—无体”的财产二分框架，计算机信息系统的物理硬件可受物权法保护，代码内容的保护则主要依靠知识产权法上的技术措施制度，无法及于非版权内容，制度扩张的前提取决于计算机信息系统之上能否成立私人财产权。回归物权法视角，计算机信息系统物理层、应用层、网络层整体作为“物”成为财产权客体，所有人和占有人有权排除他人非法访问、破坏和控制计算机信息系统，限制访问系统可排除破坏技术措施的非法侵入行为，公开访问系统则对一般公众访问负有容忍义务。在此产权框架下，权利人可通过技术措施自主进行计算机系统资源的配置、利用、收益和处分，实现平台自治与法律保护的激励相容。,计算机信息系统;财产权;知识产权;数据产权;技术措施,D913,,,法学三大刊论文/法学研究/计算机信息系统作为财产的私法保护.pdf
1743,认缴制后公司法资本规则的革新,丁勇[1],华东政法大学,2018,2,155,174,现行公司法资本规则仍以实缴制为模型，无法适应认缴制后公司仅享有出资债权的资本结构。主体规则上，应将债权人限定为公司。到期规则上，应取消由股东事先对出资债权设定期限的要求，交由有限责任公司股东会或股份有限公司董事会决议自治。对于公司非破产条件下的出资加速到期，组织法方案和代位权方案均有根本缺陷，应采强制执行出资债权方案。处分规则上，禁止出资债务免除、延期、更新或替代履行，禁止股东并限制公司抵销出资债权，转让、质押和强制执行出资债权不应有足值的要求，董事依勤勉义务独立地判断出资债权的价值。计量规则上，改变实缴制下仅以实收资本作为分配标尺的做法，在股东明显缺乏履行能力或约定出资期限时，应对出资债权作减值处理并阻却公司利润分配，回归注册资本责任担保本义,认缴制；出资债权；加速到期；强制执行；资本维持,D922.29,0,,法学三大刊论文/法学研究/认缴制后公司法资本规则的革新.pdf
1744,认罪认罚从宽中的特殊不起诉,董坤[1],最高人民检察院检察理论研究所,2019,6,172,188,"2018年刑事诉讼法增设了特殊不起诉,其适用条件之一“重大立功”应比照酌定不起诉中作为免除刑罚情节的“重大立功”作限缩解释,限定为特别重大立功。这种情形下的不起诉在理论上可视为基于利益权衡原理对域外追诉协助型污点证人制度的引入。特殊不起诉的另一适用条件“案件涉及国家重大利益”则是对我国起诉便宜实践的扩展,可比照刑法第63条第2款“案件的特殊情况”的规定厘清其内涵。特殊不起诉的核准机关是最高人民检察院。最高的审批层级、极少的案件量以及审慎的决定程序,限制了特殊不起诉的事后救济渠道和制约路径。值得注意的是,特殊不起诉中选择性起诉的规定折射出协商性司法中“罪数协商”、以刑事案件为刑事诉讼客体在我国立法和司法中的发展和深化。",认罪认罚从宽;特殊不起诉;重大立功;国家重大利益;协商性司法,D92,0,,法学三大刊论文/法学研究/认罪认罚从宽中的特殊不起诉.pdf
1745,认罪认罚何以从宽：误区与正解——反思效率优先的改革主张,左卫民,四川大学法学院,2017,3,160,175,完善认罪认罚从宽制度是当下司法改革的重要议题之一。有关这一制度如何在实践中落地，目前存在着将提高诉讼效率作为改革的主要目的，应在参考美国辨诉交易制度的基础上，构建认罪认罚后从快处理的刑事程序等认识误区。这些认识误区源于论者对我国刑事司法实践所面临的问题的本质，和对美国辩诉交易制度的产生背景及制约因素的误读。认罪认罚从宽制度改革应致力于解决被追诉人认罪认罚却得不到适当、有效从宽处理的实践难题，因此，这一改革应主要从实体法层面着手，明确认罪认罚后从宽处理的具体规则；在程序法方面则应完善认罪认罚从宽案件审理的程序构造，更好地保障实体从宽的实现；相应地，要防止相关改革设计与相关举措过度追求效率。,认罪认罚从宽;司法改革;辩诉交易,D925.2,0,,法学三大刊论文/法学研究/认罪认罚何以从宽：误区与正解——反思效率优先的改革主张.pdf
1746,认罪认罚案件的证明标准,孙长永,西南政法大学诉讼法与司法改革研究中心,2018,1,167,187,我国实务界和理论界围绕应否降低认罪认罚案件的证明标准产生了一定争议，而多数试点地区出台的实施细则实际上降低了证明标准。在美国的答辩交易制度下，因法官对有罪答辩“事实基础”的司法审查过于宽松，导致一些没有实施犯罪的被告人受到有罪判决。德国关于认罪协商的立法和判例并未降低定罪证明标准，但实践中有法官基于司法便利忽视对被告人当庭认罪真实性的审查核实。在认罪认罚案件中，检察机关法庭上的举证责任及其证明标准被显著降低，但法院认定被告人有罪的心证门槛不能降低。坚持法定证明标准并不妨碍检察机关就证据较为薄弱的案件与犯罪嫌疑人及其辩护人进行认罪认罚协商，也不意味着法院不可以根据案件特点、证明对象的不同进行灵活把握，更不意味着把法庭审判阶段的证明标准简单地适用于审前阶段。法庭应当一并审查认罪认罚的自愿性、合法性与真实性，确保法定证明标准得到落实。,认罪认罚 证明标准 答辩交易 认罪协商,D918.2,0,,法学三大刊论文/法学研究/认罪认罚案件的证明标准.pdf
1747,认罪认罚案件量刑建议研究,陈卫东[1],中国人民大学刑事法律科学研究中心,2020,5,158,174,"作为实现从宽预期的主要机制,检察机关的量刑建议是构建认罪认罚从宽制度的关键。量刑建议仅具取效性质,无任何直接的实体效力。虽然2018年刑事诉讼法第201条第1款的“一般应当”只能解释为“应当”,但将该条第2款的“量刑建议明显不当”与第1款的“其他可能影响公正审判的情形”相关联,仍可维持审判机关在量刑中的决定地位。量刑建议的形成需注重辩方意见,辩护的有效性与量刑建议的公正性关系密切。量刑建议以“确定刑为原则,幅度刑为例外”的命题无法得到整全论证,在缺乏精细化量刑指南的当下,仅宜对简单、轻微案件提出确定刑量刑建议。量刑建议的调整存在四种情形,量刑建议是否“明显不当”取决于审判机关的认识,审判机关也无通知检察机关事先调整量刑建议的法定义务。",认罪认罚;量刑建议;量刑权,D92,0,,法学三大刊论文/法学研究/认罪认罚案件量刑建议研究.pdf
1748,许可权抑或禁止权：广播组织权的权能研究,王迁[1],,2023,2,172,188,"将著作权法中广播组织“有权禁止”的规定解释为广播组织权无许可权能的“防止侵害他人权利说”和“遵从国际条约说”均不能成立。前者不能说明为什么其他邻接权及演绎作品的著作权中均含许可权能, 后者未能理解国际条约中“有权许可”“有权许可或禁止”“禁止”“有权禁止”等用语的法律效果。TRIPs协定保护广播组织的条款使用“有权禁止”, 是指世界贸易组织成员可以不为广播组织规定财产性民事权利, 但至少应规定民事救济。广播组织权在著作权法中被规定为财产性民事权利, 应当被解释为具有许可权能。将广播组织的信息网络传播权限定在广播组织自己制作的节目上, 虽然会出现权利重叠现象, 但可有效解决保护具有许可权能的广播组织信息网络传播权所导致的正当性问题。",广播组织权;许可权;禁止权;信息网络传播权,D,,,法学三大刊论文/法学研究/许可权抑或禁止权：广播组织权的权能研究.pdf
1749,"论""数字人权""不构成第四代人权",刘志强,广州大学人权研究院,2021,1,20,34,"从人权的代际划分原理来看,""数字人权""的概念即使成立,也只属于三代人权范畴的内容,可以在既有人权体系的框架内得到合理解释,没有突破既有的三代人权格局;个人数据信息类权利的出现,未构成人权的代际革新.从人权的道德属性来看,""数字人权""不具备人权的道德基础,难以通过""数字人性""来实现道德人权层面的证成,也就无法成为一项基本人权.从基本权利理论来看,""数字人权""既缺乏宪法的规范基础,也不符合""人的尊严""标准和""最低限度基础性""标准,无法被证立为宪法未列举基本权利.总之,""数字人权""不仅不是新一代人权,甚至不宜作为人权的下位概念.",数字人权;第四代人权;道德人权;基本权利,D,0,,法学三大刊论文/法学研究/论“数字人权“不构成第四代人权.pdf
1750,论刑事综合型证明模式及其对印证模式的超越,向燕,西南政法大学,2021,1,103,121,"目前学界对印证证明模式的研究多停留于经验现象层面,忽视了证明模式要解决的终极问题,即如何通过证据发现真实,司法证明的核心要素和作用机理究竟是什么.我国以印证证明模式为代表的传统证明理论和实践,对司法推理活动的关注和分析不足,普遍忽视司法证明中""叙事""和""法则""的作用,倚重核心证据而轻视补助证据,侧重单向的线性推论而忽视事实推理的论证结构,导致印证证明模式在发现真实方面存在局限.依据司法推理的一般原理,确立一种以""自然生活历程事实""为证明对象,融合核心证据与补助证据,容许或然性推论的综合型证明模式,是实现刑事诉讼发现真实目的的根本路径.",印证;综合型证明模式;自然生活历程事实;补助证据,D,0,,法学三大刊论文/法学研究/论刑事综合型证明模式及其对印证模式的超越.pdf
1751,论刑事远程审判的制度规制,崔永存[1],,2023,2,118,135,"制度短缺的局面下, 刑事远程审判的有序性面临较大挑战。为化解实践风险和理论隐忧, 须及时强化刑事远程审判的制度规制。在程序启动上, 既有规范性文件确立了一种“全体合意+法院审查”的方案, 该方案较为注重刑事司法程序的稳定性, 强化了程序启动控制, 但可能存在“门槛过高”“规则单一”等问题, 故应围绕程序选择权问题对程序启动规则作细化处理。在狭义远程程序的适用范围设定上, 既有规范性文件大体采取“具体列举+概括授权”的方式, 其突出问题是“包容”与“规制”的关系失衡; 建议适当放宽列举范围, 修订概括性授权条款并增设重罪案件排除适用条款。在程序构建上, 依据数字正义理论, 应引入恰当的程序规范和技术方案, 以确保有效的程序参与、公平的技术对抗与合理的程序救济。",刑事远程审判;程序选择权;数字正义,D,,,法学三大刊论文/法学研究/论刑事远程审判的制度规制.pdf
1752,论刑法教义学与实证研究,白建军,北京大学法学院,2021,3,117,132,"定性研究与定量分析、规范学与事实学的不同,只是刑法教义学与刑法实证研究之间表面上的不同,其掩盖了两者内在相和的价值.法教义学的实定法合理性假定和法律实证研究的集体经验合理性假定,都是相对的,二者之间不存在根本对立,采用实证方法研究刑法教义学问题并非不可能.刑法教义学与实证研究统一于实践理性,相遇在刑法现象大样本中,交集于法的有效性.没有教义学的刑法实证研究,或者没有实证研究的刑法教义学,都无益于中国刑法研究的全面发展.最极端的恶是非法剥夺他人生命的犯罪,最极端的社会否定性评价是依法剥夺犯罪人生命的死刑,这两个剥夺是其他一切剥夺的边界.以近8万个致死命案死刑适用样本的刑罚教义学研究为例说明,刑法教义学实证研究是一种基于刑法现象大样本的描述性批判,其包括刑法理论学说的教义学实证研究、刑法规定的教义学实证研究和刑事司法实践的教义学实证研究.",刑法教义学;实证研究;死刑适用;法的有效性,D,0,,法学三大刊论文/法学研究/论刑法教义学与实证研究.pdf
1753,论区块链证据,"刘品新[1,2]",中国人民大学法学院,2021,6,130,148,"区块链证据泛指基于区块链技术的一切证明材料,可以具体化为区块链生成、存储与核验之证据.得益于高新技术的加持,区块链证据在厘清涉众复杂案件事实、运用海量异构证据办案与提升智慧司法探索水平等方面独具价值.法律及规范对该新生事物应采取理性态度,遵循同等性对待与差别性归位的原则,并聚焦于真实性问题进行规则适配.缘于哈希校验、时间锁定与节点印证等技术特点,区块链证据在真实性方面得到极大增强,呈现出入链后数据真实性有保障、入链前数据真实性可优化两大定律.我国应以此两定律为技术基础,以既有电子证据真实性规则为制度基础,检讨2021年最高人民法院《人民法院在线诉讼规则》新设条文的不足,挖掘域外探索中可资借鉴的经验,从而构建对区块链证据真实性予以推定、司法认知的规则.",区块链证据;电子证据;证据规则,D915.13;TP311.13,0,,法学三大刊论文/法学研究/论区块链证据.pdf
1754,论我国宪法上的议行复合结构,杜强强[1],,2023,4,40,55,我国宪法上的议行复合结构因全国人大常委会的设立而出现，其功能在于调和国家权力的代表性与行动能力之间的张力。议行复合结构主要由两类议行关系构成：一类是全国人大与国务院的关系，一类是全国人大常委会与国务院的关系。在前一关系维度中，国务院从属于全国人大，这延续着议行合一的形式；在后一关系维度中，国务院不从属于常委会，这可谓对议行合一的超越。在议行复合结构中，全国人大作为民主正当性的源泉，分别向全国人大常委会和国务院传输民主正当性；更具行动能力的全国人大常委会与国务院则承担着日常性的立法、行政职能。我国宪法上议行复合结构的出现，丰富了民主集中制原则的理论内涵，为国务院的职权立法奠定了宪法基础。,议行合一;人民代表大会制度;民主集中制;民主正当性;职权立法,D,,,法学三大刊论文/法学研究/论我国宪法上的议行复合结构.pdf
1755,论我国诉讼证据审查要素及审查方法的调整改革,龙宗智[1],,2023,4,169,188,我国诉讼证据审查的基本逻辑是，以“三性”审查为基础，以“定案根据”确认为依归，同时审查判断证明力，进而认定事实。英美法系和大陆法系的证据审查则呈现为证据资格与证据效用两分格局，其证据法着重规制前端证据资格，而证据“三性”以特定方式嵌入证据制度。我国现行证据审查制度具有要素清晰、审查方式较为灵活等特点，但其平面化特征妨碍了证据审查逻辑的清晰展开；“三性”审查缺乏精准界定及必要区分，且与“两力”关系不清晰。改革完善证据审查方式，首先应准确界定“三性”内涵，厘清“三性”与其他证据审查要素的关系，并适当调整其适用方法。其次，应在司法解释规范中使用证据能力概念，强化“可以（不能）作为证据使用”的审查规范，加强证据准入的前端控制。最后，保留部分定案根据规范，维系后端控制要素，形成前后端控制并重的二元审查机制。,证据审查;证据“;三性”;证据能力;证明力;定案根据,D,,,法学三大刊论文/法学研究/论我国诉讼证据审查要素及审查方法的调整改革.pdf
1756,论政策对刑事诉讼的作用,孙皓[1],天津大学法学院,2025,3,191,206,中国刑事诉讼的常规运行及制度演变，很大程度上会受到不同维度政策的影响。立足于整体主义的治理观念，政策对刑事诉讼产生影响具有历史必然性；政策功能与程序立法之间相得益彰的关系，亦印证了政策对刑事诉讼产生影响具有现实合理性。经由多元化且周期性的、着力于刑事诉讼法律关系变化的政策实施，司法资源配置在不同阶段往往呈现出向特定热点相对集中的趋势。类似的热点效应可能透过某些类型的刑事案件发生作用，也可能直接体现在若干具体的诉讼行为上，继而影响程序形态的变动和重塑。这一过程的形成及巩固，源于政策作用的主要方式及基本路径。但是，政策的存在及影响亦不能超越合理限度，即不能超越“立法主导—政策补充”的基本格局。为此，针对政策执行中可能出现的某些偏差与异化现象，须予以客观辨识并提出一定的因应方案。,政策;刑事诉讼;程序法治;诉讼法律关系;司法资源配置,D925.2,,,法学三大刊论文/法学研究/论政策对刑事诉讼的作用.pdf
1757,论数字法院,贾宇[1],上海市高级人民法院,2024,4,3,20,"作为数字中国总体战略的一部分, 数字法院建设以“公正与效率”为核心命题, 秉持数字赋能、数字正义和以人为本的数字法治理念, 构成司法领域的重塑性变革。数字法院建设是在习近平法治思想指导下, 司法为民理念与科技创新精神在数字中国战略实施中的有机结合。不同于传统的法院信息化建设、智慧法院建设, 数字法院建设是法院工作从根本上实现高质量发展、迈入现代化的方法路径, 其依托大数据手段建立覆盖审判执行各领域的数字场景模型, 对内实现不间断的质量评查和风险预警, 对外升级诉讼服务、参与社会治理, 推动实现了法院工作理念、业务流程、组织架构和治理方式的再造。数字法院建设主要从数助办案、数助监督、数助便民、数助治理、数助政务五个方面展开, 遵循“数据解构—模型构建—嵌入运行”的开发路径, 自下而上地形成场景驱动的业务应用体系。无论数字法院建设到何种阶段, 都必须遵循三项原则: 坚持法官主体地位不变、加强司法数据的安全保障、确保模型算法可靠。",数字法院;司法数据;高质量司法;数字法治;数字中国,D,,,法学三大刊论文/法学研究/论数字法院.pdf
1758,论权利之功能,张恒山[1],天津大学法学院,2020,5,24,36,"权利本体、权利载体和权利之功能是权利概念的三个基本要素。权利本体是权利性行为的正当性,标示的是社会群体成员普遍对该行为表示的赞同性意见或态度。权利载体是正当性所指向的行为,包括自为行为、对物行为、对人行为、令他行为。权利之功能是社会群体的赞同性评判态度对于主体行为的功能,是在权利概念系统内权利本体对权利载体的作用。权利之功能具体包括认可、示善、示选、排他、禁侵、示助六种,六种功能相互关联,缺少其一就不足以构成权利概念。权利之功能的重点在于,向社会其他主体表达权利性行为的“不受侵犯性”和“可获帮助性”。在权利本体概念的基础上阐释权利之功能,有助于澄清有关权利概念的诸种误解,型构当代中国法学关于权利阐释的理论话语。",权利本体;权利载体;权利之功能;权利理论,D92,0,,法学三大刊论文/法学研究/论权利之功能.pdf
1759,论民事规训关系--基于福柯权力理论的一种阐释,汪志刚[1],江西财经大学,2019,4,40,60,"民事规训关系是一种内含了以纪律的制定与执行作为其主要内容的规训权力的“非纯粹”民事法律关系,主要包括劳动、教育、住院医疗和亲权关系等。它们都具有存在上的稳定性和差序化、定型化的结构,是融人身与财产、支配与请求于一体的兼具功能上的私益性和生命治理性的身份关系。其生成的法理基础在于形式平等与实质不平等的分层实证化、自由向权威的妥协、法律与纪律的双重规范与协作。这些关系在形成秩序和生产驯顺而有用的生命时,也因其内含的权力的私利性、强制性和扩张性,权力作用的隐秘性、绵密性及其对个体的区别对待而隐含了对权利的潜在威胁,需要法律通过建基于弱者保护原则之上的各种分权制衡策略来更好地实现其调整,以保障被规训者不堕其自由平等主体之本性。",规训权力;纪律;身份;劳动合同;亲权;住院医疗合同,D923,0,,法学三大刊论文/法学研究/论民事规训关系基于福柯权力理论的一种阐释.pdf
1760,论海法,司玉琢;李天生,大连海事大学,2017,6,74,96,古海法和中世纪海法是调整航海贸易中发生的民事、行政、刑事关系的习惯法。自体性是海法最为本质的特征，其根基在于海法渊源上的习惯起源性和内容上的规范关联性，决定因素是海洋环境的特殊性和海上活动的共通性。近代大陆法系国家将海法肢解纳入陆上各法律门类，导致理论和实践的缺位与误解。英美法系国家则通过以判例法为核心的法律体系的构建，辅以衡平法，有效地维系了海法的自体性特征，促进了国际海事法律的发展。当代海法自成独立体系具备自发秩序的理论基础，符合其超越陆法与国内法约束的系统特性，是中国在“海洋世纪”推进功能立法的战略需求。新时代背景下，中国海法迫切需要创新。创新路径首先是立法创新，通过立法技术和立法组织方式创新促进海法独立体系的构建，以体系化的海法规范全面彰显海洋权益；其次是司法创新，扩大海事法院管辖范围，逐步实行“三审合一”，设立高级海事法院；最后是创建独立的海法学学科，培养面向海洋的复合型法律人才。,海法 自体性 海法典 三审合一 海法学,D90-05,0,,法学三大刊论文/法学研究/论海法.pdf
1761,论清代刑案诸证一致的证据标准——以同治四年郑庆年案为例,王志强[1],复旦大学法学院,2019,6,189,206,"清同治四年郑庆年斗杀人案,地方档案和中央档案的对比显示出地方官员们建构案件事实的过程,从初审时众说纷纭,经过逐步改造和剪裁,变为刑科题本中众口一词、高度一致的证据格局。与该案相印证,其他传世文献同样展现了当时刑案处理中以诸证一致为突出特点的证据标准。该项要求看似不合常理,却是当时中央书面复核的监管方式、地方官庞大权力和苛重职责共同作用的产物,其深层背景是集权式科层制司法权力结构。这展现出司法中微观技术规范与政制上宏大结构体系之间的紧密关联。",清代;刑案;证据标准;司法结构,D92,0,,法学三大刊论文/法学研究/论清代刑案诸证一致的证据标准——以同治四年郑庆年案为例.pdf
1762,论罪量的归属,郑超[1],,2024,2,189,206,在我国的犯罪论体系中，罪量应为构成要件要素。作为相应构成要件要素的主观反映，故意的认识内容也应当涵盖罪量赖以存在的基础事实。虽然都能带来法定刑的提升，但要注意加重犯与加重的行为类型之间的差异。与不存在未遂形态的加重犯不同，对于同一犯罪中的加重的行为类型，在量刑层面存在着就加重行为类型的未遂适用未遂犯规定的可能性。在此前提下，对责任刑的确定，可以从实行行为对法益造成的客观危险、行为人的主观认识内容两个方面进行处理。对于在同一犯罪客观构成要件范围内发生的意图实施轻行为类型却造成重行为类型结果的情况，可以在承认构成要件层面犯罪既遂的同时，在责任层面进一步判断是否存在轻行为类型的故意与重行为类型的过失的想象竞合等情形，通过法定刑升格、未遂犯规定的适用等实现量刑上的均衡。,罪量;客观归属;主观归属;加重的行为类型;加重犯,D,,,法学三大刊论文/法学研究/论罪量的归属.pdf
1763,论行政行为“明显不当”,何海波,清华大学法学院,2016,3,70,88,2014年行政诉讼法修改增加了“明显不当”这一审查根据，法院对行政裁量合理性的审查由此得到立法确认。行政诉讼法总则维持了合法性审查的表述，体现了“实质合法”的观念，在此意义上，行政行为明显不当也属于违法。为维护司法审查根据之间的和谐，明显不当根据的适用范围最好限于针对行政行为处理方式问题的裁量；滥用职权根据则回归原位，限于行政机关违背法律目的、恶意行使权力的情形。行政行为是否“不当”，应当依据法定考虑因素、行政法原则、执法指南等相对客观的标准作出判断，执法者不能放弃其根据具体情境作出裁量的义务。裁量不当是否“明显”，应当以一个通情达理、了解情况的人为标准来判断，要注意给行政机关以充足的裁量空间。法院在承担起监督行政职责的同时，也要对行政裁量予以应有的尊让。,行政诉讼;审查标准;明显不当;合理性审查;实质合法,D922.1,118,,法学三大刊论文/法学研究/论行政行为“明显不当”.pdf
1764,论选择性要素的认识错误,柏浪涛[1],,2022,5,139,156,关于选择性要素的认识错误，首要的问题在于选择性要素是不是独立的客观构成要件要素。从罪刑规范的角度看，法条描述的用语不等于构成要件要素，处在同一罪刑规范内的选择性要素不一定具有等价性。从违法性的角度看，“立法意思的完备性”标准具有适用上的随意性，“条文宣示”标准则有机械主义之嫌。应根据逻辑关系和规范目的来判断选择性要素的地位。如果选择性要素具有共同上位概念，且该概念满足构成要件要素的类型性与违法性特征，则该概念是不成文的构成要件要素，选择性要素是其具体示例。这种选择性要素的对象错误不能排除故意。并列关系、互斥关系、交叉关系及特别关系的选择性要素的对象错误，均可依这种“上位概念法”予以处理。具体符合说的“具体”是指具体的构成要件要素，而非构成要件要素的具体示例。法定符合说以罪刑规范的同一性为由，认为选择性要素一律具有等价性，这种认定等价性的理由并不充分，且未指出故意的认识对象究竟是哪个客观构成要件要素，实际上违反了客观构成要件要素的故意规制机能。,选择性要素;对象错误;打击错误;法定符合说;具体符合说,D,,,法学三大刊论文/法学研究/论选择性要素的认识错误.pdf
1765,论防卫人的救助义务——自由分配视角下的正当防卫与先前行为,赵雪爽[1],,2023,2,100,117,"防卫行为本身符合必要性要求, 但因防卫人不实施救助而导致不法侵害者重伤死亡的, 不构成犯罪。法益衡量理论与正当防卫作为公民权利的概念内涵存在根本冲突。不法侵害者容忍必要防卫行为的义务, 是“自我决定导致自我负责”这一基本原理在其违反“不得侵害他人”义务时的具体表现。由侵害者承担必要防卫行为溢出的重大损害结果风险, 是符合法秩序平等保护公民权利宗旨的自由与责任分配方案。在不真正不作为犯的框架下, 防卫人不负有救助侵害者的义务。这是因为必要防卫行为及其结果终局性地落入了不法侵害者的管辖责任范围, 相应地, 防卫人被免除了管辖责任从而没有义务救助侵害者。不能基于德国判例要求防卫人依照德国刑法第323c条救助不法侵害者, 而在我国未规定见危不救罪的情况下要求防卫人负担保证人义务。",防卫权;正当防卫;先前行为;见危不救罪,D,,,法学三大刊论文/法学研究/论防卫人的救助义务——自由分配视角下的正当防卫与先前行为.pdf
1766,论预防型法治,黄文艺[1],,2024,2,20,38,随着预防性法律制度和实践在全球范围蓬勃发展，预防已逐渐从新兴法律原则演变为新型法治形态。基于这一变化，可将法治形态分为预防型法治与应对型法治。应对型法治以法益损害的事后应对为根本考量，而预防型法治以法益损害的事前预防为根本宗旨。预防型法治与应对型法治不是相互取代、相互排斥的关系，而是长期共存、相互交融、相互促进的关系。在当代中国，预防型法治植根于本土源远流长的预防性治理传统，是本土传统和风险社会、科技革命交互作用的产物。预防型法治大规模扩展了法律权力圈、法律义务圈、法律责任圈、违法犯罪圈，重构重塑了法律规制的版图，推动了法律功能定位、法益保护方式、法律规范类型的历史性变革。为防范滥用预防、过度预防等风险，应加强对预防性规制的规制、对预防性权力的制约、对预防性义务的公平合理设置，构建起预防型法治的反省、评估、监控机制。,预防型法治;应对型法治;预防原则;预防性治理;风险社会,D,,,法学三大刊论文/法学研究/论预防型法治.pdf
1767,论驳回公诉制度及其在我国刑事诉讼中的引入,郭烁[1],中国政法大学诉讼法学研究院,2025,1,172,189,法院受理公诉意味着公诉的合法性受到法院肯认，案件与受诉法院之间形成诉讼系属法律关系，进而产生诉讼客体确定、诉讼拘束确定以及（未来的）上诉审法院确定等法律效果。检视法理逻辑和司法实务，对法院受理公诉的条件有所限制，乃确保诉讼系属法律效果正确实现的制度必然。这些限制性条件，本质上包含案件的受审资格（审判权）、法院的管辖资格（管辖权）以及公诉的提起资格（起诉条件）三个层次。公诉缺乏以上任一条件，不能成立诉讼系属关系，刑事追诉欠缺合法性基础，法院没有进行实体审理从而作出有罪或无罪判决的程序空间；应然的处理方式，是由受请求法院作出以公诉不法为评价内容的终局处分。这种处分，在大陆法系理论中是以“驳回公诉”为内容的形式裁判。在我国刑事诉讼语境下，引入针对诉讼系属不能成立的驳回公诉裁判，既能弥补现有规范中欠缺公诉合法性评价机制的不足，又契合“以审判为中心”的诉讼制度改革、案件质量提升和轻罪治理之起诉控制的时代课题，兼具法理层面的正当性和实务层面的现实必要性。,驳回公诉;诉讼系属关系;起诉条件;形式裁判,D,,,法学三大刊论文/法学研究/论驳回公诉制度及其在我国刑事诉讼中的引入.pdf
1768,证券市场自愿性信息披露的规制,陈洁[1],中国社会科学院法学研究所,2025,3,72,89,自愿性信息披露制度允许并鼓励信息披露义务人自愿披露依法需要强制披露之外的与投资者作出价值判断和投资决策有关的信息。证券信息的重大性是强制性信息披露与自愿性信息披露的分界线。由于社会环境、市场发展阶段以及证券监管目标等的变化，强制性信息披露与自愿性信息披露之间可能发生转化。自愿性信息披露义务人除了应遵守与强制性信息披露相同的行为规范之外，还应满足不得与强制性信息披露相冲突、不得误导投资者、禁止不当行为的特殊规范要求。对于自愿性信息披露的违法违规行为，信息披露义务人应该承担相应的行政责任。自愿性信息披露瑕疵因具有重大性而构成虚假陈述时，信息披露义务人应承担民事赔偿责任。对于预测性信息安全港规则，应扩展免责主体的适用范围，并区分作为预测性信息之前提基础的历史性信息与纯粹的预测性内容的虚假情形，分别适用重大性判断标准和重大偏差判断标准。,信息披露;虚假陈述;重大性;预测性信息;安全港规则,D922.287,,,法学三大刊论文/法学研究/证券市场自愿性信息披露的规制.pdf
1769,证据属性层次论——基于证据规则结构体系的理论反思,郑飞,北京交通大学法学院,2021,2,123,137,"证据属性学说众说纷纭,四套话语体系并立,形成如此局面的根本原因是我国已有学说未认识到证据属性的层次性.层次性的第一个体现是要素论与结构论的区分,关联性(相关性)、真实性和合法性等要素属性是证据评价的基本要素,证据能力(可采性)和证明力等结构属性则体现事实认定的程序结构进程.三个要素属性之间是由相关性统领的平行关系,两个结构属性之间是基于程序结构进程的递进关系;同时,三个要素属性都不同程度地影响着对两个结构属性的审查判断.层次性的第二个体现是基于认识论与价值论的区分,可将证据属性分为自然属性与法律属性.在要素属性中,相关性和真实性是促进事实认定准确性之内部目标的自然属性,合法性是促进除事实认定准确性之外的外部目标的法律属性;在结构属性中,证据能力(可采性)是属于法律问题的法律属性,证明力是属于事实问题的自然属性.我国证据法学应从""只注重要素论""或""只注重结构论""迈向""要素论与结构论并重""的研究范式,并在深入理解""证据规则体系是证据属性层次性的逻辑展开""的基础上,通过改造后的西式结构属性或改良后的""中式结构属性三分法""重塑我国的证据规则体系.",证据属性;证据制度;证据规则体系;证据法学,D,0,,法学三大刊论文/法学研究/证据属性层次论——基于证据规则结构体系的理论反思.pdf
1770,证据法体系化的法理阐释,吴洪淇[1],中国政法大学证据科学教育部重点实验室,2019,5,157,172,"我国证据法规范与理论在蓬勃发展的同时,也面临着证据规范欠缺体系 性,理论话语来源复杂、彼此杂糅等现实困境。证据法理问题是证据法学的基础性 问题,也是证据法学与法理学的交叉地带。系统反思证据法体系化的法理问题,可 形成三个相对稳定的问题域:一是证据法的本体论问题,二是证据法的价值论问 题,三是证据法的规范论问题;这些问题分别从不同层面系统界定了证据法的整体 定位。通过对这三个问题域的梳理与整合,可以为理解与展望中国语境下证据法的 现状和走向提供理论上的参照系。法理学的整体性视角和反思性理念,可以为证据 法学科与规范体系提供整合平台。",证据法;法理学;证据规范体系化,D,0,,法学三大刊论文/法学研究/证据法体系化的法理阐释.pdf
1771,证明责任制度本质重述,胡学军[1],华东政法大学法律学院,2020,5,139,157,"证明责任概念本质所指为客观证明责任,主观抽象证明责任为客观证明责任之表象,而具体举证责任实为证明责任之假象。在“规范说”的方法论下,证明责任既非事实问题,也非纯粹的法律问题,而属将事实与法律连结的“法律适用”问题。证明责任规范应直接来自实体法规范,其本质是一个实体法规范要件的补充规范。现代证明责任是一种作为案件事实真伪不明情形下的一般性克服方法的形式理性制度,其最深层的本质就是以法律价值权衡化解事实认知模糊状态,化消极无解之事实判断为积极的法律价值引导,其性质属于“实质司法权”。",证明责任;客观证明责任;主观抽象证明责任;证明责任规范,D92,0,,法学三大刊论文/法学研究/证明责任制度本质重述.pdf
1772,诈骗罪中的处分意识:必要性及判别,袁国何,复旦大学法学院,2021,3,133,151,"处分意识不要说无法妥当区分盗窃罪和诈骗罪,与肯定权利人的同意排除盗窃罪构成要件的主张不相协调.处分是值得保护的财产价值实现方式,财产权是一种自我决定权,财产权的行使须反映权利人的真实意思,故处分意识必要说能够全面反映盗窃罪与诈骗罪的不法类型差异和不法程度差异,权利人的处分意识是构成诈骗罪的前提.在诈骗罪中,权利人的错误认识仅限于动机错误,而不包括对所处分财产本体属性的认识错误.在处分意识的程度要求上,应坚持严格的处分意识说,权利人须明确认识到其处分行为将转移自己对特定数量财产的占有或支配,但不必认识到被处分财产的价值.对财物重量的误认,只是不影响处分意识的动机错误.在一些特别交易类型中,权利人将若干财物组成集合物进行交付,而不在意组成该集合物的个别财物的个数,此时才能例外地承认整体性的处分意识.",诈骗罪;处分意识;利益诈骗,D,0,,法学三大刊论文/法学研究/诈骗罪中的处分意识_必要性及判别.pdf
1773,诉讼外鉴定的类型化及其司法审查,曹志勋[1],北京大学法学院,2022,2,111,130,"诉讼外鉴定现象在我国广泛存在,其证据定性归类及配套的司法审查规则值得探讨,应当在比较法经验的基础上,就中国问题展开反思与建构,提炼出我国就诉讼外鉴定有特色的理论.诉讼外鉴定涉及情况复杂,只有指向事实发现功能的才是证据法意义上的诉讼外鉴定,具体可能分别构成不同的证据种类.由于鉴定意见的中立性与以异议权为核心的证据收集程序的强制性要求,诉讼外鉴定原则上不宜被视为法定鉴定意见.诉讼外鉴定可以构成事实主张层面的具体案情陈述,而不能构成证据层面的当事人的陈述,但法院应保障当事人通过案情陈述发表意见的机会,其功能在于否定鉴定的必要性和挑战法定鉴定意见.基于民事诉讼契约化的原理,诉讼外鉴定可以例外地根据当事人的合意转换为法定鉴定意见,当事人也有权将其共同委托的诉讼外鉴定意见作为认定事实的依据.基于对证明对象的调整,诉讼外鉴定也能够就鉴定人对待证事实发表的意见(而非待证事实本身) 构成报道性书证.虽然鉴定制度不同于英美法系的专家证人制度,但是诉讼外鉴定也可构成鉴定证人,证明专家在鉴定过程中亲自观察和感知的事实.",诉讼外鉴定;鉴定意见;当事人陈述;报道性书证;鉴定证人,D,0,,法学三大刊论文/法学研究/诉讼外鉴定的类型化及其司法审查.pdf
1774,诉讼标的理论的新范式——“相对化”与我国民事审判实务,陈杭平,清华大学法学院副教授,2016,4,170,189,民诉法学界一直尝试从大陆法系关于诉讼标的的不同学说中择取其一作为基准，统一且固定不变地适用于诉讼程序各领域，并用以解决诉讼法学上的诸多重大问题。但这种“一体化”或“体系性”研究范式不仅未达到学理上的预设目标，更难以回应实务上多义甚至“无序”的概念使用。受域外理论发展、民诉法规范修改及裁判文书网上公开等因素的促动，有必要向“相对化”或“指示性”的新研究范式转换。在此前提下，应当对实务上诉讼标的的使用方法及其在具体程序场景中的含义进行整理与辨析，并围绕相关民诉法规范条文展开解释论作业，建构一种可为理论界与实务界所用的、用以限制裁量权滥用的“相对的诉讼标的”理论框架。,诉讼标的;诉讼系属;重复起诉;一事不再理,D925.1,66,,法学三大刊论文/法学研究/诉讼标的理论的新范式——“相对化”与我国民事审判实务.pdf
1775,"诚信原则修正功能的个案运用———以最高人民法院""华诚案""判决为分析对象",于飞[1],中国政法大学民商经济法学院,2022,2,53,70,"""华诚案"" 中,最高人民法院在适用无效规则产生严重不妥当的个案后果时,以诚信原则修正无效规则并认定合同有效.以立法目的为边界区分目的性限缩与法律修正,""华诚案"" 中的方法论工具是诚信原则的修正功能.一方当事人以自己违法为由主张合同无效,滥用了无效法律制度,构成制度滥用.结合案情尤其是该案中的""特殊情形"" 即建设工程施工合同已经基本履行完毕并且工程验收合格,权衡的结论是,实现原则的重要性超过了支持适用规则的实质理由与形式理由之和,应当依据诚信原则修正规则.诚信原则修正功能的思维过程可整理为:严格适用规则会产生严重不妥当的后果;查明规则的立法目的,并证明本案无法在立法目的范围内妥当处理;引入新的权衡要素即诚信原则;权衡;修正规则,产生但书.",建设工程施工合同;无效;制度滥用;诚信原则;权衡,D,0,,法学三大刊论文/法学研究/诚信原则修正功能的个案运用———以最高人民法院“华诚案“判决为分析对象.pdf
1776,诱惑侦查的程序控制,程雷[1],中国人民大学刑事法律科学研究中心,2015,1,154,169,为应对日益严峻的隐形化犯罪的挑战，在过去二三十年间的侦查实践中，诱惑侦查得到了更多的应用。尽管2012年修改刑事诉讼法过程中，通过新增第151条的规定试图提升此类侦查手段的法治化程度，但由于法律规定的宽泛与模糊、司法处断原则的失当与片面，诱惑侦查适用过程中凸显出执法无序与司法失范的弊端。解决问题的出路是，在法律解释论层面，应当对合法性判断标准、适用对象、程序控制机制与违法制裁后果予以明确；在司法裁断方面，应当跳出“犯意引诱”与“机会提供”二分法的窠臼，基于我国特有的侦查权规制现状，采用控权最为严格的分离式混合模式，即无论是违反诱发他人产生犯意的主观标准，还是僭越客观标准，即侦查人员使用了过度且令普通人难以抵御的诱惑手法，均属违法。,诱惑侦查;特情引诱;隐匿身份侦查;合法性判断标准,D918,41,,法学三大刊论文/法学研究/诱惑侦查的程序控制.pdf
1777,调整个性化定价的公私法协动体系构造,冯洁语[1],,2023,6,116,134,个性化定价问题的核心是买卖合同中的定价。我国目前的研究侧重从规制角度控制经营者的行为，但这一问题事关当事人间的合同效力，需要通过公法与私法的协动解决。从现行法的安定性和法律适用角度来看，以公法和私法共同的规制目的为连接点构建公私法协动体系更为可取。调整个性化定价的公私法协动体系应以确保合同自由和实现合同正义为共同目标。如果个性化定价不违背私法中的合同形式自由，公法应当尊重私法的目标，不予介入。例外情形在于：一方面，如果个性化定价行为侵害了合同实质自由，则需要通过公法与私法上的算法解释权、缔约过失责任等制度的联动，赋予当事人摆脱合同拘束的权利；另一方面，存在一方当事人具备垄断地位或者滥用支配地位的情形时，反垄断法等对个性化定价行为进行规制自不待言，而私法亦须引入公法的规制目的，通过强制缔约进一步赋予当事人缔结更有利合同的权利。,个性化定价;大数据“杀熟”;算法解释权;自动化决策拒绝权;缔约过失,D,,,法学三大刊论文/法学研究/调整个性化定价的公私法协动体系构造.pdf
1778,貌离神合：家庭财产法对传统家观念的呈现,汪洋[1],,2023,3,112,129,在家庭财产法这一中观领域，我国传统家族法与现代婚姻继承法在制度、功能以及正当性方面皆有共通之处，均以秉持家庭利益最大化为目标，同时兼顾家庭成员的个人自由，可谓“貌离神合”。夫妻共同财产制可视为一种新型的同居共财关系且区别于共同共有。家产的对外处分、债务承担以及对内管理以家庭利益为重；当家和日常家事代理仅限于必要范围；非家庭正当原因的负债被排除出家庭债务或夫妻债务范畴。同居共财下的父债子还不是继承法而是家庭财产法问题，与个人财产制下的限定继承并不冲突。家庭财产之外的特有财产常见于随嫁财产以及父母为子女结婚或购房出资，家产代际传承的功能决定了其为对子女一方的赠与且不考虑出资时点。为了家庭利益应区分特有财产的资本收益和劳动收益分别确定婚后归属，遵循但避免僵化适用不转化规则。家产的解体分割和代际传承具有同一性，继承顺位、份额等内容皆强调孝文化及成员贡献度。现代法仅规定死后继承，分家传统呈现为父母对部分子女的生前特别赠与，应适用归扣制度以平衡诸子利益。同居共财只适配法定继承而实质排除遗嘱，现代法强调个人财产权、遗嘱继承和男女平等，但导致遗嘱自由和男女继承权平等的冲突等新问题。,同居共财;夫妻共同财产;夫妻共同债务;生前赠与;继承,D,,,法学三大刊论文/法学研究/貌离神合：家庭财产法对传统家观念的呈现.pdf
1779,财产犯罪中财产性利益的事实占有：以存款债权为中心,徐凌波[1],南京大学法学院,2024,5,133,149,区分占有与所有是盗窃罪规范构造的基石，无论对象是有体物还是财产性利益，均应在此基础上结构性地理解占有概念。财产性利益的所有，是指法律上的权利归属，应遵循民事权利分配规则；财产性利益的占有，是指事实上的行使可能性，应在刑法上作独立判断。规范占有概念导致占有与所有的混同，以及盗窃有体物与盗窃财产性利益的实行行为构造发生二元分化。事实占有概念不否认占有的规范性，但反对以权利归属作为判断财产性利益占有及其转移的标准。财产性利益之上往往存在多重且相互独立的事实占有主体，一方建立占有不以打破另一方占有为前提，因而建立占有可先于破坏占有而发生。当且仅当行为人不仅取得了对财产性利益的事实行使可能性（建立占有），也消除了原权利人对财产性利益的事实行使可能性（破坏占有）时，方符合盗窃罪占有转移的行为特征。,财产犯罪;财产性利益;占有;存款债权,D,,,法学三大刊论文/法学研究/财产犯罪中财产性利益的事实占有：以存款债权为中心.pdf
1780,财政补助社会保险的法学透析：以二元分立为视角,熊伟;张荣芳,武汉大学法学院,2016,1,110,126,社会保险与政府财政是两套不同的体系。社会保险奉行精算平衡，其收入来自参保人的缴费，根据开支大小决定缴费水平，且支出标准受法律保障。除支持制度正常运行、防范系统性风险外，财政一般无须介入社会保险。然而，对本应由政府承担的制度转换成本，社会保险基金负担后，应有权要求政府补偿。社会保险基金应政府要求实施社会政策的成本，政府也有义务偿还。我国财政每年安排巨资补助社会保险，主要就是基于上述两类原因。社会保险法不问缘由，对社会保险基金支付不足的，一律要求政府补助，将政府的财政责任无限放大；预算法修改后，社会保险基金被纳入政府预算，社会保险与政府财政的界限进一步模糊。为推进社会保险的持续发展，厘清和规范政府的财政职能，有必要将社会保险基金从政府预算中剔除，同时明确界定政府补助社会保险的标准和程序，保持社会保险在主体资格、收支标准、财产管理、责任承担方面的独立性。,社会保险;财政预算;政府补助;制度担保人责任;精算平衡,F842.61,29,,法学三大刊论文/法学研究/财政补助社会保险的法学透析：以二元分立为视角.pdf
1781,货币返还请求权规则的重构,马强[1],,2024,2,73,93,货币“占有即所有”法理是对比较法上少数说的残缺继受，应彻底摒弃。货币返还请求权规则应围绕货币作为一般等价物和具有高度流通性的可替代物予以重构。存款货币虽表现为对银行的债权，但在交易中其执行货币功能，本质上也属于货币。对于现金货币与存款货币，都应适用具有物法性效力的“货币返还请求权”。在货币混合时，应成立按份共有，货币权利人可请求分割。货币返还请求权可以等额其他货币履行。在发生货币兑换时，货币权利人的返还请求权不会降格为不当得利请求权，而是可以借助价值返还请求权理论，在兑换后的等额其他货币上延续。在以他人货币取得新物时，取得之物或权利应作为代位物继续纳入货币权利人返还请求权的范围之内。,现金货币;存款货币;货币返还请求权;价值返还请求权;物上代位,D,,,法学三大刊论文/法学研究/货币返还请求权规则的重构.pdf
1782,货运代理转委托行为的类型区分及法律效力,方新军,苏州大学王健法学院,2015,1,115,136,货运代理合同在我国属于无名合同，相关司法解释认为应该参照适用合同法第400条的规定解决货运代理转委托的法律效力问题。这种解释未能准确地区分代理、委任、行纪、复代理、相继货运代理等概念之间的区别和联系，司法实务中同案不同判现象仍然普遍存在。由于货运代理人既可以货主的名义，也可以自己的名义进行法律行为，在司法实务中应该区分货运代理人进行法律行为的名义，分别参照适用民法通则中有关代理的规定和合同法中有关行纪合同的规定，处理货运代理合同的相关纠纷。在此基础上，货运代理转委托行为可以区分为复代理和相继货运代理两种类型，同时应考虑货运代理人转变为承运人的可能性，以及货运代理行业的惯例对货运代理转委托行为的影响。唯有如此，才能实现解释论上的融贯性。,货运代理;行纪;复代理;相继货运代理;承运人,D922.294,70,,法学三大刊论文/法学研究/货运代理转委托行为的类型区分及法律效力.pdf
1783,贿赂犯罪治理策略的定量研究,赵军[1],,2022,6,151,170,定量研究显示，配刑与宽宥对称设置的惩治模式以及不对称程度较低的惩治模式，均无法有效压制受贿冲动，难以取得对贿赂犯罪的良好抑制效果；容忍、放任贿赂的组织文化和社会环境是受贿、行贿倾向的共同促成因素，对权力缺乏有效监督与限制是受贿倾向的特别促成因素；以行贿是受贿的“源头”为由，要求加重处罚行贿或者要求行贿与受贿“同罪同罚”的主张，与经验事实不符；不对称重罚受贿并且附条件大幅度宽宥行贿的设计，对贿赂犯罪具有最佳抑制效果。在坚持“受贿行贿一起查”但不同等处理二者的同时，应积极展开“特别污点证人豁免”制度、企业合规激励机制的尝试与探索，以此疏通涉企业贿赂犯罪打击与治理、治标与治本的中间管道。强化对权力的监督与限制，改善营商环境，是治理贿赂犯罪最关键、最艰巨、最具决定意义的系统工程。,贿赂犯罪;受贿罪;行贿罪;企业合规;定量研究,D,,,法学三大刊论文/法学研究/贿赂犯罪治理策略的定量研究.pdf
1784,赓续法脉：中华法的条标立法设置,周东平[1],厦门大学法学院,2025,3,207,224,条标是设置于法条正文之前或侧边的法律短语，包括概括内容的主旨型条标和指引来源的参引型条标两类。我国古代条标属于主旨型条标，但在清末变法修律中，因照搬日本等国的法条结构而被废除。然而，条标所具有的索引、称名、排列和建构等功能至今仍具有参考价值与实践意义。大陆法系条标则源于罗马法的《学说汇纂》，后消失在法律渊源多样的中世纪。至20世纪，大陆法系受新学说和英美法系的影响，逐渐踏上条标复兴之路。当代中国尚未有设条标之法，而立法、司法和法学教育等领域对条标的现实需求却日益增长。在立法严密化的背景下，应由立法机关主导，在传承中华传统优秀条标立法技术的基础上，理性吸收域外尤其大陆法系条标的设计理论，自主创造出一套符合中国式法治现代化道路的条标规范。,法条标题;立法技术;清末变法;文化传承;中国式法治现代化,D920.0,,,法学三大刊论文/法学研究/赓续法脉：中华法的条标立法设置.pdf
1785,起诉条件前置审理论,段文波,西南政法大学教授,2016,6,70,87,从比较法观之，我国民事诉讼法规定的起诉条件相当于德日民事诉讼法上的诉讼要件。当下，德日学理上几乎都是基于特定的审理构造来认识诉讼要件的本质，即在一体化的复式平行审理诉讼结构下，视其为本案判决的前提要件；或在单层阶段诉讼结构下，视之为本案审理的前提要件。但是，我国民事诉讼采用的是以单层阶段为主、复式平行为补充的混合结构，因而不能简单地套用上述德日学理来解释我国起诉条件的本质。此外，我国的立案程序具有原发性，其并非肇端于大陆法系的诉讼要件理论，而是源于解决起诉难的实践需求。采用何种程序审理诉讼要件及起诉条件，取决于其属性与功能。在二元诉权论的框架内，作为国家干涉甄选纠纷的标尺，起诉条件之本质乃是诉权行使要件，具有职权调查性与先决性，因此将其作为前置审理对象也未尝不可。,起诉条件;诉讼要件;前置审理;立审分立,D925.1,0,,法学三大刊论文/法学研究/起诉条件前置审理论.pdf
1786,超越所有权保留的名实之争——选择性救济路径之证成,庄加园[1],,2023,1,205,224,民法典第641条第1款体现了对价牵连原则，出卖人有权在买受人不能按约支付价款时解除合同并请求返还标的物。第641条第2款规定的“未经登记，不得对抗善意第三人”旨在担保价款债权清偿，通过登记公示制度保留优先顺位。出卖人可以在两款救济中择一行使，但两者不能并存。保留所有权若仿效功能主义立法模式强行解释为担保物权，不免混淆当事人交易的真实目的和效果意思，有损契约自由，而且难以融入以绝对所有权为基础的我国物权法。在维持所有权构造的框架下，解释者通过削弱出卖人的所有权地位、加强买受人的实体权利，可以平衡双方的权利义务。当买受人迟延支付价款时，出卖人既有权在合同解除后主张返还清算，也有权临时性取回标的物，并在变价时放弃所有权移转的停止条件，以实现价款优先受偿。出卖人取回标的物时，未经登记的保留所有权也可对抗扣押债权人和破产管理人，但不得对抗善意取得人。,所有权保留;附条件买卖;买卖合同;取回权,D,,,法学三大刊论文/法学研究/超越所有权保留的名实之争——选择性救济路径之证成.pdf
1787,跨法域合同纠纷中强制性规范的类型及认定规则,陈醇,浙江师范大学法政学院,2021,3,101,116,"在传统二分法关于管理性强制规范与效力性强制规范的区分之外,缔约过失理论以及对赌合同纠纷裁判采用的区隔论均隐含着对强制性规范的区分.联结传统二分法、区隔论与缔约过失理论,可以将合同流程分为缔约、效力与履行三个基本阶段,合同法与其他部门法的接触介面也可从合同效力的单一介面拓展至合同流程的全部介面.相应地,强制性规范可以分为缔约性强制规范、效力性强制规范与履行性强制规范,以实现合同法与其他部门法的价值融合与最大化.在跨法域合同纠纷的裁判中,应当以全介面理念为基础,在不减损其他部门法效果的前提下,尽量减少其强制性规范对合同效力介面的强制,以最后规则、补救规则、可能规则作为认定强制性规范类型的方法,并以此为基础更新跨法域合同纠纷的裁判理由.",强制性规范;对赌协议;缔约过失;合同效力;合同履行,D,0,,法学三大刊论文/法学研究/跨法域合同纠纷中强制性规范的类型及认定规则.pdf
1788,路检盘查的实施依据与程序监督,邓子滨,中国社会科学院法学研究所,2017,6,180,191,路检盘查是落实警察职责的手段之一，其对象是行人和车辆，大致可分为身份查验、交通纠违和禁品搜剿三个类型。它既有预防危险的行政性质，又具事后追究的司法属性。路检盘查随时可以衍生搜查、检查、扣押、留置乃至拘留。路检盘查的实施依据应遵循法保留原则，实施手段应受制于比例原则。在警务实践中，路检盘查启动频繁、手段多样，而法律授权基础却空乏破碎，需要借鉴域外经验，从实体和程序两方面进行规制与监督，也就是解决“为何查、查什么、如何查”的问题。路检盘查的实施根据是“有嫌疑”，而程序监督的核心内容就是如何检验是否真“有嫌疑”。,路检盘查 身份查验 交通纠违 禁品搜剿 人民警察法,D630.9,0,,法学三大刊论文/法学研究/路检盘查的实施依据与程序监督.pdf
1789,转型期国家认同困境与宪法学的回应,陈明辉[1],中南财经政法大学法学院,2018,3,21,38,"国家认同已成为一个全球性的问题,而转型期国家面临的认同困境更为严峻。造成转型期国家认同困境最直接的原因在于,支撑国家认同的原生性认同纽带在社会转型过程中逐渐消散,却没有及时有效地建构出替代性的政治认同纽带来重塑国家认同。解决认同问题的一个可行方案,是以宪法为认同纽带塑造国家认同,引导国家认同从历史、文化、民族等原生性认同向基于公民身份和公民权的宪法认同转变。实施这一方案的具体方法包括:通过理想塑造认同,即以宪法中确立的共同政治理想凝聚国家向心力;通过利益塑造认同,即通过人权保障强化国家的向心力;通过程序塑造认同,即完善并践行民主制度,以民主的政治吸纳和政治整合功能凝聚社会共识;通过象征塑造认同,即以宪法日和宪法宣誓制度的建立为契机,推动宪法成为国家象征,增进国家认同。",国家认同;宪法认同;宪法爱国主义;国家治理,D618,0,,法学三大刊论文/法学研究/转型期国家认同困境与宪法学的回应.pdf
1790,转基因作物基因污染受害者的请求权,阙占文,江西财经大学法学院,2015,6,65,79,转基因作物对其他作物造成的基因污染，分为处于实验阶段的转基因作物造成的基因污染和已经许可上市的转基因作物造成的基因污染。实验阶段，转基因作物尚处于风险交流和风险评估阶段，具有高度危险性；已经许可上市的转基因作物虽不排除风险，但危险性较低。于实验阶段发生的基因污染，应适用侵权责任法中的高度危险责任。基因污染一般发生于相邻土地间，侵害了相邻不动产权利人的财产权，已经许可上市的转基因作物造成的基因污染应适用物权法第90条之不可量物侵害。基因污染对土地、作物造成有形损害后发生的损失，不属于纯粹经济损失。基因污染导致非转基因作物无法以非转基因产品标识投入市场或者只能以转基因产品标识投入市场，且并非当地惯行做法和不可防范时，受害者没有容忍义务，可以行使妨害防止请求权和损害赔偿请求权。,基因污染;危险责任;不可量物侵害;容忍义务;纯粹经济损失,D923.9,74,,法学三大刊论文/法学研究/转基因作物基因污染受害者的请求权.pdf
1791,过分高于损失：违约金调整的基本标准——以民法典第585条第2款为中心,王利明[1],中国人民大学法学院,2024,6,110,127,违约金条款是当事人合同自由的产物，“过分高于损失”作为违约金调减的标准，彰显了尊重当事人意思自治的基本理念。违约金调整应当以不调减为原则、以调减为例外，这不仅体现了对当事人意思自治的尊重，也来源于违约金的补偿和惩罚双重功能。违约金调整应当严格区分是否调整和如何调整这两个不同的问题；违约金过分高于损失是违约金调减程序启动的条件，其主要是一个事实认定而非法律判断问题。法院首先应当审查非违约方的损失，以确定违约金是否过分高于损失。违约金的调减必须以损失为基准，并结合其他因素予以公平合理地判断。违约金调减的结果不得低于非违约方的损失，在调减中应坚持“适当减少”原则，原则上违约金调减的结果保持在损失的100%-130%区间内较为适宜。,违约金;损失;违约金调减;意思自治;违约金功能,D,,,法学三大刊论文/法学研究/过分高于损失：违约金调整的基本标准——以民法典第585条第2款为中心.pdf
1792,迈向公私合作型行政法,章志远[1],华东政法大学,2019,2,137,153,"在我国社会转型时期的行政法治实践中,一种全景式的公私合作治理新动向正在生成。面对合作行政模式的兴起,建立在公私对立基础之上、以行政合法性控制和行政相对人权利保障为取向、以司法审查为后盾的传统行政法学遭遇了结构性挑战,在行政法观念与原则、行政法关系与主体、行政法行为与责任等不同层面面临艰巨的重整任务。为顺应合作行政时代的现实需求,建构中观部门行政法意义上的合作行政法尤为必要。在有效履行行政任务的目标下引入辅助性原则和合作原则,在界限论和责任论的建构进路中引入国家保留和国家担保概念,在法治国家转向合作国家的背景下重述行政主体论、行为论和救济论,是建构合作行政法的基本任务。",公私合作;合作国家;行政法学;合作行政法,D912.1,0,,法学三大刊论文/法学研究/迈向公私合作型行政法.pdf
1793,迈向大数据法律研究,左卫民[1],四川大学法学院,2018,4,139,150,"大数据法律研究是实证法律研究的最新发展,将会带来法学研究范式的革命性变化。当前这项研究存在若干误识,如将“大量数据”“结构化数据”等同于大数据;在如何使用大数据展开研究方面,也存在方法的科学性不足等问题。未来的大数据法律研究不仅应思考如何更好地获取法律大数据,还要探讨如何正确认识与适当使用“大量数据”,更要充分利用统计方法展开大数据法律研究,探讨如何科学使用机器学习等新方式分析法律大数据。此外,继续重视对法律“小数据”的挖掘与运用,以及加强复合型研究人才的培养,也同样重要。",法律数据;大数据法律研究;实证法律研究,D996,0,,法学三大刊论文/法学研究/迈向大数据法律研究.pdf
1794,迈向自主法学知识体系的比较法研究范式——以2003-2022年的比较法论文为样本,宋亚辉[1],,2024,1,19,38,比较法在当代中国的兴起源于服务立法之使命，随着中国特色社会主义法律体系的逐步形成，比较法也在转型发展。以介绍和比较域外法为论题的“显性比较法”逐渐式微，借助比较法上的论据探讨本国问题的“隐性比较法”渐成主流；比较对象的选取日益受本国法体系约束，具有家族相似性的域外法愈发受青睐。这两个发展趋势寓意深远。由于法律问题往往深嵌于本土社会，问题的社会语境因此成为隐性比较法研究的制约因素；如果说社会语境只是一种软约束的话，本国法体系则是一种更为直接的硬约束。这两个约束条件不仅塑造了比较法的研究目标，而且限定了比较对象的选择，同时也影响了比较分析的方法和域外法素材的应用方式。这整体上构成了隐性比较法颇具中国特质的研究范式，其中蕴含着比较法学主体意识回归的积极信号。主体意识的回归是构建自主法学知识体系的关键所在，总体上契合了中国法治的发展进程。,比较法;法律移植;法系;范式转型;自主法学知识体系,D,,,法学三大刊论文/法学研究/迈向自主法学知识体系的比较法研究范式——以20032022年的比较法论文为样本.pdf
1795,近代中国刑事上诉制度的生成及展开,胡震[1],中国农业大学人文与发展学院,2020,5,194,208,"清末民初法制改革中,中国古代上控制度被来自西方的近代上诉制度所取代。上控和上诉的首要制度目的均是平反冤狱、保证司法公正。二者在制度内容、功能和理念上的相似性,为清末法律移植提供了便利条件,使上诉制度在近代中国得以顺利生成。但上控和上诉是分别镶嵌在传统和现代的两种异质型制度,上控的重心在行政控制,上诉则围绕案件事实及规则适用展开。立法上,上控所承载的社会控制、治理信息传递、督察官员等功能被剥离,新的上诉制度则被赋予了统一法律适用、终结裁判、保护被告人权利等现代司法功能。在司法实践中,围绕是否应赋予被害人上诉权、判决确定性、禁止不利益变更原则、上诉期限等问题,民初产生了一系列纷争。采用比较历史法律方法研究这些在当前司法中仍时有显现的问题,有助于认识和推动当前司法改革。",上控;上诉;法制转型;司法改革,D92,0,,法学三大刊论文/法学研究/近代中国刑事上诉制度的生成及展开.pdf
1796,近代中国法学学术团体考证,王灏[1],中国法学杂志社,2018,3,168,188,"法学学术团体,在近代中国法学领域扮演着舆论工具与宣传媒介的重要角色。这些学术团体面对国家的危局和西方法学学术的引介,以其具有的作用及功能,承担起“救时济世”和“昌明法学”的时代使命。其莫不秉承研究法学原理、探求法律学术之信念,以整治中国法政的衰状与乱象,实施近代中国的法治基础建构。特别是民国时期的法学学术团体,几乎都怀抱“合力求知”与“合群救国”的意旨,追求民族、国家不亡以及法律民族化和建立“中国新法系”的神髓和灵魂,成为建立中国现代法学体系和“依法治国”进程中不可缺少的生力军。近代法学学术团体丰富了具有中国气派的法学文化,并为其奠定了牢固的根基,值得复兴与传承。",近代中国;法学学术团体;学会宗旨;社会影响,D90,0,,法学三大刊论文/法学研究/近代中国法学学术团体考证.pdf
1797,近代中国统一法律适用的实践,聂鑫[1],,2023,4,189,205,统一法律适用（解释）是近代中国司法改革的重要目标。清末的法院编制法即明文赋予最高审判机关以统一解释法令权，从北洋政府大理院时期到南京国民政府最高法院、司法院时期，最高审判机关判决例与解释例的制作规则日趋完善，“司法造法”的编辑体例也逐渐定型。面对政治分立与积案如山的挑战，最高审判机关仍普遍地行使终审权，这是实现统一法律适用的基础。判例要旨及其汇编呈现出明显“法条化”的特色，这不仅适应了当时司法的现状，也与“律例并行”的传统相暗合。民国时期的解释例也是“广义的判例”，司法解释呈现出“裁判化”的特色。近代中国的制度建设与司法实践，对于当代中国的统一法律适用亦有一定的参考价值。,最高审判机关;司法统一;终审权;判例要旨;解释例,D,,,法学三大刊论文/法学研究/近代中国统一法律适用的实践.pdf
1798,返还原物请求权如何适用诉讼时效———民法典第196条第2项的解释论,孙鹏[1],西南政法大学民商法学院,2022,2,71,91,"民法典彻底放弃了取得时效,其第196条第2项规定请求返还未登记的动产适用诉讼时效.该动产应具有较高经济价值和可交易性.诉讼时效完成后,占有人的时效抗辩将消灭原权利人的所有权,同时使自己先占取得所有权.诉讼时效期间的起算、中断、时效完成后重新起算等规则吸收了取得时效之公然占有、自主占有、继续占有要件,对盗赃物返还请求权的特别规制兼容了取得时效之和平占有要件,而善意占有要件则被合理""放逐"".通过权利承受取得占有的,可合并计算前手已进行的时效期间,但后续侵占人的时效期间应独立重新起算.",返还原物请求权;诉讼时效;取得时效;解释论,D,0,,法学三大刊论文/法学研究/返还原物请求权如何适用诉讼时效———民法典第196条第2项的解释论.pdf
1799,违约获益交出责任的正当性与独立性,吴国喆[1];长文昕娉[1],西安交通大学法学院,2021,4,111,129,"违约获益是违约方因其违约行为而从第三人处获得的具体而确定的利益,其实现不是通过守约方的给付或者其他的价值移转形式.违约获益交出责任在于让违约方将其不法所得的全部利益交出,而不在于弥补守约方的损失.违约获益交出责任有特定的构成要件,特别是关于主观故意和因果关系的要求,还需要注意其适用的例外情形.其正当性论证首先需要排除效率违约的适用,其次可以从理念和原则以及排除民事收缴的适用两个视角展开.违约获益交出无法通过损害赔偿或不当得利返还来实现,与其他类似制度之间也存在一系列重要区别.违约获益交出责任无法纳入现有规则体系,承认其独立性就成为必然选择.",违约责任;违约获益;违约获益交出;损害赔偿;不当得利,D923.6,0,,法学三大刊论文/法学研究/违约获益交出责任的正当性与独立性.pdf
1800,违约金担保功能的异化与回归——以对违约金类型的考察为中心,韩强[1],华东政法大学,2015,3,47,61,"违约金在历史上仅作为债务履行的担保工具而存在。为促使债务人履行债务,当事人往往约定较高数额的违约金,以形成一种履行上的压力。此类违约金的目的在于担保履行,而非解决损害赔偿,是固有意义的违约金。同时,此类违约金也并非当然具有惩罚违约行为之目的。而惩罚性违约金的效力在于,违约方除须支付违约金外,尚须继续履行债务或者负担损害赔偿债务。赔偿性违约金本不属于违约金之范畴,原系当事人在订立合同时对损害赔偿总额之预定。后世法律为简化损害赔偿程序、平衡当事人利益,将违约金推定为损害赔偿总额预定,遂产生赔偿性违约金。我国合同法第114条以规范赔偿性违约金为主,但亦不完全否定惩罚性违约金,其主要问题在于,违约金固有的担保功能丧失殆尽,而赔偿性违约金之简化损害赔偿的功能也没能充分发挥。应对合同法第114条在重新解释的基础上进行必要的改造,以明确违约金的功能定位,并改进其法律效力。",固有意义的违约金;惩罚性违约金;赔偿性违约金;损害赔偿总额预定,D923.6,57,,法学三大刊论文/法学研究/违约金担保功能的异化与回归——以对违约金类型的考察为中心.pdf
1801,违约金的类型构造,姚明斌[1],华东政法大学,2015,4,147,163,违约金规则以任意性规范为主，其中既包含一个法定模范类型，也允许当事人另作约定形成意定类型。这一规范逻辑决定了违约金类型构造的必要性。当前主流学说的构造方案符合该规范逻辑，理论出发点亦卓具贡献，但囿于标准单一且未重视类型要素在利益衡量上的强度差异，在司法实践中仍不乏疑义。考察德国法上区分违约金和损害赔偿概括计算条款的判例、学说与立法演进，可提炼更为丰富的类型要素并作强度分析，形成违约金的类型谱系。以之为背景定位中国法的法定模范类型和各种意定类型，就能全面厘清各类型的规范适用问题。不同类型承载了不同的自治意思，通过类型构造把握各种类型，可以确保规范适用时尽可能地尊重私法自治。,违约金;法定模范类型;意定类型;类型要素;类型谱系,D923.6,58,,法学三大刊论文/法学研究/违约金的类型构造.pdf
1802,违规合同的效力评价：路径与方法,蔡睿[1],中国社会科学院法学研究所,2025,2,112,130,立法将合同适法规范中的法源位阶限制为法律和行政法规，目的在于排除部门利益和地方利益对合同自由的不当干扰，为全国统一大市场的建立提供法治保障，这一做法形成了独具中国特色的法律保留现象。在“违法—背俗”二元评价框架下，对于既违法又违规的合同，可依被违反之上位法连接适法规范评价合同效力。对于单纯违规合同，若欲“绕道”公序良俗条款评价其效力，则须跨越违规与背俗之间的方法论“鸿沟”。裁判者对单纯违规合同进行背俗审查应保持谦抑性，在方法上，必须对被合同违反之规定进行合秩序评价后，才能进入动态体系下的价值权衡阶段。在价值权衡过程中，作为基本权利的合同自由处于优越地位，否定合同效力必须经过充分的论证。合同适法规范限制法源位阶，不是一种实用主义的权宜之计，而是具有法律适用上的重大意义。,法源位阶;法律保留;公序良俗;合秩序评价;动态体系,D923.6,,,法学三大刊论文/法学研究/违规合同的效力评价：路径与方法.pdf
1803,连带债务发生明定主义之反思,张定军[1],,2023,2,154,171,"基于对连带债务会给债务人带来过于严苛之法律后果的担忧, 我国学界和实务界对连带债务的发生持明定主义立场。但明定主义的立论基于对连带债务之成立要件与法律后果的认识偏差, 而其所强调之两端, 即连带债务的发生要么基于当事人明确之意思表示、要么基于法律的明确规定, 已出现不能适应现实生活之困境。对于依法律行为发生连带债务, 比较法上多突破意思表示明确性之束缚, 我国司法实践亦有表现; 对于依法律规定成立连带债务, 比较法上多引入不真正连带债务或类似制度缓解成文法规范供给不足之困境, 我国司法实践近年来也较多借鉴此制度。但以不真正连带债务应对成文法之固有局限, 存在较大缺陷。鉴此, 有必要对民法典第518条第2款作目的性限缩, 并充分发挥该条第1款第2分句辅助性规范之功能, 以连带债务之成立要件作为判断是否成立连带债务之基础。",多数人之债;连带债务;不真正连带债务;意思表示解释;肇因原则,D,,,法学三大刊论文/法学研究/连带债务发生明定主义之反思.pdf
1804,追求裁判的社会效果：1983-2012,宋亚辉,南京大学法学院,2017,5,18,34,在最高人民法院描绘的法治蓝图中，追求裁判的社会效果无疑是最具中国特色的司法政策之一。“社会效果”是最高人民法院在上世纪80年代初司法职能转型时期提出的概念，其含义随公共政策的变化而变化。最高人民法院创造这一弹性概念，旨在构建公共政策的司法转介机制，借此将党和国家的公共政策输送到司法审判过程。贯彻公共政策是最高人民法院的职能定位之一，但三十年的政策实践表明，最高法院的政策表达和下级法院的实践方法均亟待规范化。政策话语的严谨表达固然可减少误解，却无法化解裁判方法上的随意性和去法治化风险。这一问题的解决，必须在方法论上坚持法律教义与政策资源在司法裁判中的“体”“用”格局，确保在法教义体系内进行政策权衡和结果判断。,最高人民法院 司法政策 社会效果 法治,D915.482,0,,法学三大刊论文/法学研究/追求裁判的社会效果：19832012.pdf
1805,适于法治的法律体系模式,雷磊[1],中国政法大学法学院,2015,5,3,27,法律体系在很大程度上是法学的产物。在规范论的语境中，以规则为基础的阶层构造论和规则一原则论提供了法律体系的两种不同模式。由于规则一原则双重构造模式能实现实践理性的最大化和法治理念的最佳化，因而对应着最优化的法治模型。在理想结构中，法律体系由规则与原则两部分构成：法律规则之间根据效力关系形成了特定的阶层构造，属于体系的刚性部分；而法律原则之间根据内容关系形成了客观价值秩序的统一体，属于法律体系的柔性部分。两部分之间既有静态的联结，更有动态的双向流动。在现实结构中，由于制度性和方法性联结的可能，规则与原则相互结合得更加紧密。,法律体系;阶层构造模式;双重构造模式;法治模型,D920.0,74,,法学三大刊论文/法学研究/适于法治的法律体系模式.pdf
1806,逮捕制度再改革的法释义学解读,李训虎[1],中国政法大学证据科学研究院,2018,3,155,167,"在我国,面对逮捕条件难以把握、审查逮捕诉讼化改造难获实质性突破、短期内难以通过修法对逮捕制度进行根本变革的复杂情势,逮捕制度再改革应超越过度依赖立法式刑事司法改革的思维定势,寻求借助法释义学开拓改革空间。通过宪法维度的法释义学分析,实现逮捕由强制措施到基本权干预的转换,这不仅能为逮捕条件的再解释提供理念支持,而且有助于证成审查逮捕诉讼化改造的正当性;运用法释义学思维,可以对逮捕三要件进行阶层化重构,建构以社会危险性为核心的证明对象体系,并重新厘定证明标准。",逮捕条件;审查逮捕诉讼化;刑事司法改革;法释义学,D925.2,0,,法学三大刊论文/法学研究/逮捕制度再改革的法释义学解读.pdf
1807,逮捕审查判断中犯罪嫌疑人社会危险性的量化评估,周翔[1],,2024,3,191,208,通过对2020年以来13万余份起诉书和不起诉书的机器学习，研究发现：我国司法人员在判断羁押必要性时，会评估犯罪嫌疑人的社会危险性，但相应评估侧重于罪行危险性因素，却忽略了人身危险性因素；引入量化评估方法，主要有利于改善仅依靠基本案情信息难以准确判断是否需要羁押的“复杂”案件的羁押必要性判断，量化方法有可能显著降低此类案件的羁押率。当前在判断羁押必要性时，办案人员主要依靠罪行危险性因素的主观综合判断，规范改革路径着力于规则细化和要件重构，但这无力化解社会危险性判断信息不足的问题。引入大数据建模方法，有助于系统统合零散的社会危险性判断信息。此外，可通过问卷、量表、数字化设备等方式扩充模型的训练数据，通过深化对社会危险性发生机制的理解，区分案由和社会危险性类型，构建多个子模型，以进一步提升量化工具的准确性。,逮捕;社会危险性;量化评估;羁押必要性审查,D925.2,,,法学三大刊论文/法学研究/逮捕审查判断中犯罪嫌疑人社会危险性的量化评估.pdf
1808,道路交通事故责任认定研究,余凌云,清华大学法学院教授,2016,6,126,139,针对道路交通事故责任认定是否可诉这一问题，法院和公安机关进行了长期的角力。这一问题的实质在于，应由谁承担涉及专业判断的过错认定职责，而产生这一问题的深层次原因却在于，道路交通安全法确立的完全开放的专家证言模式无法一蹴而就，法官不愿意采纳专家证言并承受审判风险，因此会尽量依赖警察的责任认定。未来，应当改革道路交通事故责任认定制度，采取可控的开放模式，这样既对现有机制震动不大，又能有序推进制度的改革。,交通事故;责任认定;专家证言;行政诉讼,D922.14,0,,法学三大刊论文/法学研究/道路交通事故责任认定研究.pdf
1809,避税行为可罚性之探究,汤洁茵[1],中国社会科学院大学政法学院,2019,3,111,126,"避税制裁难以形成对潜在避税者的真正威慑和阻吓,以罚款补偿因避税产生的税收流失反而造成新的不公平的结果。与逃税行为损害的是已发生的征税权不同,避税行为损害的是国家依据税法规定和商业惯例取得未来特定金额的税收收入的期待状态,其社会危害性相对较弱。避税行为违法性论断所依据的价值评判标准,即以交易的法律形式确定纳税义务不符合应税性和税收负担能力的判断,无法为具体纳税义务的确定提供客观的依据。仅因不符合税收立法宗旨或目的,难以将符合税法字面含义的避税行为认定为违法。交易存在法律形式与经济实质的脱节,是法律评价的结果。要求纳税人在纳税申报时主动如实揭示交易的经济实质、与税务机关就税法条文的适用持完全一致的法律见解,不具有期待可能性。以法律形式的选择获取立法者未期待的税收利益,未必建立在税法的敌对意识之上。从规范价值论而言,避税行为的违法性和可非难性非常薄弱。避税处罚并非基于避税行为具有可罚性的价值判断,不过是在特定环境下基于特定政策目的的选择而已。",避税;税收筹划;税收利益;反避税规则,D914,0,,法学三大刊论文/法学研究/避税行为可罚性之探究.pdf
1810,醉酒型危险驾驶罪量刑影响因素实证研究,文姬,湖南大学法学院,2016,1,165,186,通过对已有研究进行比较，指出醉酒型危险驾驶罪量刑问题实证研究的回归模型构建中存在的哑变量设置以及标准化系数计算等问题；总结出在利用回归模型作为量刑模型预测刑罚量时，必须有较高的决定系数，在利用回归模型分析量刑影响因素的相对重要性、计算基准刑时，则不需要有较高的决定系数。在计算基准刑时，拘役判决的基准事实不仅包括血液酒精含量等因素，还应当包括量刑影响因素的参照水平；罚金判决的基准事实则不必然包括血液酒精含量，但可能包括行为人的经济状况。通过对全国2912份醉酒型危险驾驶罪判决书的研究，分析出影响拘役天数、罚金数额、缓刑情况的显著因素，并排列出相对重要性顺序；总结出拘役判决的基准事实为血液酒精含量，并据此计算出基准刑，即基准事实所对应的拘役天数回归模型的预测值；分析出罚金判决的基准事实包括血液酒精含量和车型，并据此计算出基准刑；指出缓刑判决的规范化标准同时包括血液酒精含量和认罪态度，并据此计算出参照标准。,醉酒型危险驾驶罪;量刑影响因素;基准刑,D914,11,,法学三大刊论文/法学研究/醉酒型危险驾驶罪量刑影响因素实证研究.pdf
1811,释明变更诉讼请求的标准--兼论“证据规定”第 35条第 1款的规范目的,任重[1],清华大学法学院,2019,4,136,155,"我国既有释明变更诉讼请求的理论尚难以为司法实践提供明确标准。通过整理和分析最高人民法院相关裁判文书可以发现,释明变更诉讼请求除“证据规定”第35条第1款所包含的法律关系性质和民事行为效力的释明之外,相关释明实践还包括合同解除及其法律后果、增加请求数额、变更被告以及追加必要共同诉讼人的释明,若干裁判文书还向被告释明追加无独立请求权第三人。部分裁判文书突破了处分原则的底线,这源于对“诉讼请求”的形式化理解、对二审增加“独立的诉讼请求”的误读以及当事人后诉权在司法实践中被否定的现实。通过将“证据规定”第35条第1款“变更诉讼请求”理解为变更诉讼标的,将基于相同事实或因情势变更而产生的变更诉讼请求归入“非独立的诉讼请求”,并在裁判文书中加入诉权释明,能够在一定程度上使释明变更诉讼请求符合处分原则和法官中立原则的要求。“证据规定”第 35条第 1款的规范目的应为有限的纠纷一次性解决,即以当事人的请求范围及其要件事实主张作为释明基础。这不仅能够为释明变更诉讼请求提供统一标准,而且能够在贯彻处分原则和法官中立原则的前提下实现当事人自我决定和纠纷一次性解决之间的平衡。",释明;变更诉讼请求;诉讼标的;处分原则;纠纷一次性解决,D925.1,0,,法学三大刊论文/法学研究/释明变更诉讼请求的标准兼论“证据规定”第 35条第 1款的规范目的.pdf
1812,重复诉讼禁止及其在知识产权民事纠纷中的应用——基本概念解析、重塑与案例群形成,卜元石,德国弗莱堡大学,2017,3,91,106,《最高人民法院关于适用（中华人民共和国民事诉讼法）的解释》第247条是中国法中首次对重复诉讼禁止作出明文规定的一个尝试。由于该条所使用的关键术语——诉讼标的与诉讼请求——的含义不够确定，所以易于导致法律适用的不统一。解决这一问题的途径在于首先明确这两个概念的含义。针对诉讼标的，可以延续中国民事诉讼法所一贯遵循的旧实体法说，但应明确案件事实在识别诉讼标的过程中所发挥的作用。针对诉讼请求，则有必要确立一个不因诉讼标的理论的不同而变化的、恒定的诉讼请求概念。在此基础上，把民事诉讼法关于重复诉讼禁止的一般理论运用到知识产权民事纠纷之中，可以根据司法实践总结出若干案例群，并对法院的处理方式提出相应的解决方案。,诉讼标的;诉讼请求;一事不再理;既判力;知识产权民事诉讼,D631.5,0,,法学三大刊论文/法学研究/重复诉讼禁止及其在知识产权民事纠纷中的应用——基本概念解析、重塑与案例群形成.pdf
1813,重思个人信息权利束的保障机制：行政监管还是民事诉讼,王锡锌[1],,2022,5,3,18,个人在个人信息处理活动中的权利，包括知情、决定、查阅、复制、删除、可携带等权利的集合，是立法为个人配置的个人信息权利束。这些权利并非个人民事权利的逻辑延伸，而是国家为了履行个人信息保护义务，通过制度性保障赋予个人的工具性权利。这些工具性权利与个人信息处理规则在内容上同构，二者共同构成个人信息保护的规制秩序。以行政监管为中心对个人信息权利束进行保障，是个人信息保护法内在逻辑的必然要求，其能够更高效地规制个人信息处理活动，更有效地实现保障个人信息权益和规范信息处理活动的双重目标。以行政监管为中心，并不排斥民事诉讼等私法救济途径。如果违法处理个人信息的行为在侵害个人信息权利束的同时，也侵害了民事实体权益，个人可依法提起侵权之诉。,个人信息权利束;个人信息处理规则;行政监管;侵权责任;个人信息保护法,D,,,法学三大刊论文/法学研究/重思个人信息权利束的保障机制：行政监管还是民事诉讼.pdf
1814,量刑指导意见的司法实践与重构——以盗窃罪为切入点,彭雅丽[1],美国芝加哥大学,2021,4,171,189,"学界对量刑指导意见已有诸多研究,但依托计量分析模型评估其运行效果的实证研究,尚属空白;现有的规范研究,也难以从规范制定技术上满足对量刑指导意见的改进需要.以盗窃罪量刑为切入点,实证地考察了量刑指导意见的司法实践,并有如下发现:在有期徒刑量刑中,趋轻情节的作用力不及趋重情节;量刑指导意见对罚金刑的指导不足.通过借鉴英美量刑指南的立法技术,可以改进我国的量刑指导体系:其一,要将量刑起点确定为具体的点;其二,在以数额为量刑中心的现状下,要缓和边际数额的决定性作用;其三,从量刑起点出发确定基准刑时,应当合并考虑数额;其四,在量刑情节的编排上,要先确定责任刑情节、后确定预防刑情节,并在有期徒刑量刑中扩大趋轻情节的适用空间;其五,应当加强对罚金刑的量刑指导,构建更为细致的罚金刑量刑体系,并在与自由刑的搭配上做到实质公平.",量刑指导意见;盗窃罪;量刑基准;罚金,D924.13;D924.35,0,,法学三大刊论文/法学研究/量刑指导意见的司法实践与重构——以盗窃罪为切入点.pdf
1815,量刑自由裁量权的边界:集体经验、个体决策与偏差识别,吴雨豪[1],北京大学国际法学院,2021,6,109,129,"在量刑规范化改革中,如何在赋予法官自由裁量权的前提下,将""案件由谁审理""这一因素所导致的量刑偏差控制在合理限度内,是理论和实务要解决的问题.一种可行的方案是,将法官个体的刑罚裁量与法官量刑集体经验进行对比,对靠近集体经验量刑的法官的自由裁量权采取肯定和尊重的态度,而对量刑显著偏离集体经验的法官的量刑决策进行识别并纠正其偏差.基于北京地区五类案件近5万份刑事判决书,对盗窃、诈骗、抢劫、故意伤害和交通肇事案件的刑罚裁量展开实证研究后发现:""案件由谁审理""这一变量能够解释5%11%的量刑差异;大多数法官的量刑结果在集体经验附近浮动,只有少部分法官的量刑结果显著偏离集体经验;更有少部分法官在多个罪名的刑罚裁量中均出现量刑偏差.量刑结果显著偏离集体经验的法官应成为自由裁量权规制中重点关注的对象,尤其是在多个罪名的刑罚裁量中均出现偏差的法官.量刑自由裁量权的规制方案,彰显了大数据与算法在量刑规范化改革中的应用前景,在引入""算法的程序控制""理念的前提下,具有推广价值.",量刑规范化;自由裁量权;集体经验;偏差识别,D924.13,0,,法学三大刊论文/法学研究/量刑自由裁量权的边界_集体经验、个体决策与偏差识别.pdf
1816,金融法中混业“但书”规定之反思,刘志伟[1],西南政法大学经济法学院,2019,6,93,114,"中国金融立法以分业原则为指引,但该原则始终未得到金融部门法的完全遵从。金融部门法中逐步成型的混业“但书”已借助规范实践从边缘走向主流。内嵌概括授权、限制转介条款的复合性混业“但书”,与变动不居的国家金融政策、竞相割据分野的金融监管、追求效益最大化的金融资本,导致以其为依托的规范实践在目的、形式、内容上呈现出“三多三少一无”的失衡局面。与混业“但书”创设时相比,当下中国的金融监管格局、司法裁判环境尚未发生实质改变,且混业实践还对上述诸要素形成了惯性依赖。更重要的是,分业基础上的混业经营、分业监管的统合变革,尚需以具有分业例外功能的混业“但书”为依托。因而,金融基本法律不仅应继续保留混业“但书”,还须进一步优化其价值功能、文本内容、条款结构,以应对竞相割据的金融监管、过度礼让的金融司法。",金融混业;分业原则;金融监管;但书条款;概括授权,F83,0,,法学三大刊论文/法学研究/金融法中混业“但书”规定之反思.pdf
1817,金融科技背景下金融监管范式的转变,周仲飞[1];李敬伟[2],中国浦东干部学院,2018,5,3,19,"金融科技在提高金融效率、丰富金融产品的同时,也带来了金融风险泛化。传统金融监管范式下的金融规则通常系危机型立法和监管的产物,以“命令和控制”为特征,无法应对金融科技带来的泛金融化、金融风险频发、金融体系内生和外生风险等问题。金融监管范式的转变势在必行。金融监管新范式要求在专门金融监管机构之上建立跨业风险监管机构,防止风险在金融体系内外传递;要求采用适应性监管,在金融立法机构、金融监管机构和被监管机构之间合理分配金融规则制定权;要求采用试验性监管,以应对监管介入的时点难题;要求采用数据驱动监管,对金融科技进行实时或者准实时监管,为解决监管滞后探索新的途径。",金融科技;跨业风险监管;适应性监管;试验性监管;监管科技,F832.1,0,,法学三大刊论文/法学研究/金融科技背景下金融监管范式的转变.pdf
1818,金钱 “占有即所有”原理批判及权利流转规则之重塑,孙鹏[1],西南政法大学民商法学院,2019,5,25,43,"金钱的高度可替代性并不必然排除其特定性,而金钱之特定包括物理特定和价值特定两个层面。“占有即所有”原理毫无节制地保护金钱的后续受领人,也不当保护了占有人的债权人,其流通保护功能可为善意取得制度所替代。金钱占有移转时,原权利人之物权只能依移转所有权的意思而消灭,但金钱占有非因移转所有权的意思而移转时,原权利人也将因金钱丧失其价值特定性而失去物权性保护。原权利人与占有人的金钱混同后,若能确定原权利人的金钱价值仍为占有人支配,则价值特定性犹存。若混同金钱全部消耗,则价值特定性丧失。若混同金钱部分消耗,推定原权利人的金钱价值按比例减少。为合理平衡原权利人和占有人之债权人的利益,当混同金钱或其替代物价值降低时,原权利人应通过拟制信托按比例分享混同金钱之价值。价值升高时,原权利人应基于优先权回收其金钱价值。价值恒定时,可选择拟制信托或优先权对原权利人进行物权性救济。",金钱;占有即所有;权利流转规则;价值返还请求权,D,0,,法学三大刊论文/法学研究/金钱 “占有即所有”原理批判及权利流转规则之重塑.pdf
1819,间接正犯概念之否定——单一正犯体系的视角,刘明祥[1],中国人民大学刑事法律科学研究中心,2015,6,98,115,“间接正犯”是德、日刑法学为弥补限制的正犯概念与极端从属性说所带来的处罚漏洞，而不得不提出的“补救概念”。尽管间接正犯的正犯性无法得到合理论证，承认间接正犯概念会产生许多弊病，甚至会动摇区分正犯与共犯的区分制犯罪参与体系的根基，因而早就有学者从不同立场提出了取消间接正犯概念的观点，但由于间接正犯概念具有弥补区分制缺陷的功能，所以，在采取区分制的德、日，还不得不保留这一概念。我国刑法在犯罪参与体系的问题上，采取不区分正犯与共犯的单一正犯体系，因此并无间接正犯概念赖以依存的法律基础；在我国，采用间接正犯概念不仅不能合理解决相关问题，而且在处理有关案件时存在明显的弊病；在不采用间接正犯概念的同时，运用单一正犯体系，反而能更好地解决相关问题，还有操作更为简便、易于司法人员掌握执行的优点。,间接正犯;犯罪参与体系;区分制;单一正犯体系;教唆犯,D924.11,74,,法学三大刊论文/法学研究/间接正犯概念之否定——单一正犯体系的视角.pdf
1820,防卫过当的阶层式判断规则,高巍[1],,2023,6,155,169,在防卫过当的认定中，一元论和二分说都存在不合理之处，应当构建阶层式的防卫过当判断规则。具体而言，可区分为递进的两个阶层分别进行判断。第一阶层为防卫过当的质的判断，即对防卫行为必要限度的判断。对必要限度的判断采取必要说，具体从有效性、最小强度手段两个方面展开。第二阶层为防卫过当的量的判断，即对刑事可罚性的判断。在区分不罚的防卫过当和可罚的防卫过当的基础上，对超过必要限度的防卫行为进行可罚性判断。只有在具有刑事可罚性时，才作为可罚的防卫过当进行刑事处罚。同时，在可罚性的判断方法上，应当把可罚性判断确定为整体性判断：一方面，“明显”与“重大损害”统一于可罚性之中；另一方面，提示“明显”和“重大损害”的事实性要素，可相互补充、相互辅助。,正当防卫;防卫过当;必要限度;刑事可罚性,D,,,法学三大刊论文/法学研究/防卫过当的阶层式判断规则.pdf
1821,防卫限度判断中的利益衡量,徐成[1],北京大学法学院,2019,3,148,166,"在防卫限度判断的学说中,利益衡量是基本相适应说的核心内涵。既有研究从正当防卫的法理根据出发,对基本相适应说进行了全方位批判,并试图排除利益衡量在防卫限度判断中的应用。排斥利益衡量的做法,不仅难以体现正当防卫制度的法理基础,还会造成论者的主张自相矛盾,因而不具备合理性。正当防卫的法理根据与防卫限度判断是两个不同层面的问题,应当区别对待。根据宪法关于公民权利的规定,可以推知在防卫限度的判断中利益衡量具有必要性。因此,应当从""防卫行为是否属于能够制止不法侵害的最低手段""以及""法益关系是否失衡""两个方面,判断防卫行为是否过当。对于利益均衡性的判断,应当以法益位阶为核心进行综合分析。构成防卫过当的行为人,要么成立过失犯,减轻或者免除处罚;要么不成立犯罪,不承担刑事责任。",正当防卫;防卫限度;利益衡量;法益位阶,D90-051,0,,法学三大刊论文/法学研究/防卫限度判断中的利益衡量.pdf
1822,附条件不起诉制度实施状况研究,"何挺[1,2]",北京师范大学刑事法律科学研究院,2019,6,150,171,"附条件不起诉制度为涉罪未成年人提供了新的审前转处与非犯罪化途径,其实施状况也是观察我国少年司法发展进程和不起诉裁量权运用的重要参照。对2013—2017年全国和部分地区相关数据的考察发现,虽然附条件不起诉的适用增长显著,但总体适用范围仍然过窄、适用数量较低且地区间差异较大。对少年司法发展程度不同的四省市八个基层地区进行实地调查,运用阅卷和访谈等方法进行研究,呈现了附条件不起诉在适用条件与影响因素、监督考察、附带条件与撤销等四个方面的实施状况及存在的问题。对于这些问题需要通过修改法律、完善司法、转变观念、完善政策保障以及培育社会支持体系等予以应对。",附条件不起诉;少年司法;实证研究,D92,0,,法学三大刊论文/法学研究/附条件不起诉制度实施状况研究.pdf
1823,陕西紫阳诉讼档案中的清代土地交易规范及其私法理念,汪世荣,西北政法大学法治学院,2021,1,122,138,"陕西省档案馆保存的""紫阳县正堂""诉讼档案系当事人起诉到官府的土地纠纷案例,其呈现的土地交易规范包括:""买卖由地主为政"",交易应""契明价足"",""不得事后争买"",从交易的启动、程序和结果等层面,既规范了土地交易活动,也与律典、习惯、判例等资料相印证.通过当事人双方呈请,官府批词和判词的申明,土地交易规范在当事人之间、官府和乡民之间被不断强化,得以遵循.交易规范不仅约束交易活动,还规制诉讼程序和裁判结果,进而被社会成员普遍认可.诉讼档案反映的清朝土地交易规范中蕴含的私法理念包括:尊重卖主意愿,保障交易自由;便利产权转移,降低交易成本;预防减少纠纷,维护交易安定;促成守信践诺,优化交易环境.土地交易规范还体现了平衡双方利益的特点,表明中国私法文化具有源头上的内生性,需要高度重视其创造性转化和创新性发展.",紫阳诉讼档案;土地交易规范;私法理念,D,0,,法学三大刊论文/法学研究/陕西紫阳诉讼档案中的清代土地交易规范及其私法理念.pdf
1824,集体商标和证明商标保护体系的重构,王迁[1],华东政法大学,2025,2,131,150,集体商标、证明商标不具有区分商品或服务经营者的功能，只分别具有表明经营者在某一组织中的成员身份和证明商品或服务具有特定特征的功能。商标法没有在体系上区分对普通商标的保护与对集体商标、证明商标的保护，所有商标在注册时均要求显著性的做法导致了逻辑错位。为此提供正当性解释的“显著性含义扩大说”“获得显著性说”“标识本身显著性说”均不能成立。对集体商标、证明商标的司法保护也与其注册标准相脱节，造成了对显著性要求的虚置或对注册效力的虚置。应建立保护集体商标、证明商标的特殊体系，其核心是将其注册条件与显著性脱钩，并以破坏这两种商标的独特功能为其侵权认定标准，从而与来源混淆脱钩。,集体商标;证明商标;显著性;来源混淆,D923.43,,,法学三大刊论文/法学研究/集体商标和证明商标保护体系的重构.pdf
1825,集体建设用地向宅基地的地性转换,耿卓[1],广东外语外贸大学土地法制研究院,2022,1,52,69,"法律要求和实践需求提出了宅基地和集体建设用地之间地性转换的改革命题.集体建设用地向宅基地的地性转换,是突破制度制约和摆脱观念羁绊的改革举措,具有重要的政策价值和实践意义.地性转换有其伦理基础和历史基础,集体建设用地和宅基地的规范构造亦为地性转换奠定了制度基础.从实践发展来看,地性转换具有间接性、模糊性和非正式性的特点,可以划分为自发自为阶段、严格管制阶段、""三块地""改革阶段和新一轮改革阶段,其中蕴含了值得挖掘利用的制度资源,可以为未来发展提供启发和参考.地性转换应坚持底线思维,坚持以人为本,坚持节约集约利用集体建设用地,尊重基层实践,突出分类施策,注重改革协同.我们可以从地性转换的决定主体、内容和程序等方面明晰其制度要点,为实现农民户有所居的改革目标提供理论方案.",土地管理法;户有所居;宅基地;集体建设用地;地性转换,D,0,,法学三大刊论文/法学研究/集体建设用地向宅基地的地性转换.pdf
1826,集体法益的刑法保护及其边界,孙国祥[1],南京大学法学院,2018,6,37,52,"法益的本源性价值在于保护个人自由,集体法益的核心则是维护秩序。集体法益在形式上与个人自由是此消彼长的关系,但二者并非完全对立。真正和稳定的个人自由,只有在社会共同体中通过各种制度性安排才能实现。自由的内在逻辑决定了,刑法保护集体法益通常也是在维护个人自由,是自由发展的必要外在条件。传统上以个人法益保护为中心的刑法,无法有效回应现代社会的各种风险和挑战,于是集体法益的保护在现代刑法中呈现扩张趋势。面对这一现象,不应过于夸大集体法益的抽象性、模糊性,从而全盘否定集体法益扩张的必要性和正当性。不过,集体法益也极具工具性扩张潜能,对集体法益的扩张仍需警惕。通过嵌入个人法益因素并以此作为刑法保护集体法益的“门槛”,可以适度消解集体法益与个人法益的紧张关系。",法益;集体法益;个人法益,D914,0,,法学三大刊论文/法学研究/集体法益的刑法保护及其边界.pdf
1827,集体经营性资产股份合作与农村集体经济组织之关系重构,宋志红[1],,2022,3,39,56,"农村集体产权制度改革围绕新型农村集体经济组织的设立和运行展开,集体经营性资产股份合作作为改革的重点任务,被""内嵌""于农村集体经济组织的治理结构之中,股份合作的载体——股份经济合作社本身被定性为农村集体经济组织,并成为行使全部集体资产所有权的主体.此种操作模式使农村集体经济组织行使集体土地所有权的核心职能被集体经营性资产股份合作的光环所""遮蔽"",导致集体土地所有权被变相股份合作,农村集体经济组织陷入股权管理困境.解困之策是将集体经营性资产股份合作从""内嵌""转向""外置"",让股份合作的载体以农村集体经济组织出资设立的法人企业的身份存在,而非以农村集体经济组织本体存在.这一新的操作模式可以有效克服""内嵌""模式的弊端,在促使农村集体经济组织回归其核心职能的同时,也有利于充分释放集体经营性资产活力,是兼顾公平与效率的最优选择.",农村集体经济组织;股份合作;集体经营性资产;集体土地,D,,,法学三大刊论文/法学研究/集体经营性资产股份合作与农村集体经济组织之关系重构.pdf
1828,雾霾应急的中国实践与环境法理,陈海嵩,中南大学法学院教授,2016,4,152,169,我国已经基本形成雾霾应急的规范体系与制度体系，但实践中仍然存在对健康权保护不足和对财产权、自由权侵害过度的问题。由于雾霾形成机理与传统权利侵害在结构上存在差异，基于传统公法学体系的行政紧急权力理论无法对政府重污染天气应急行为进行有效监督和制约。以国家环保义务理论为基础，可以从效果裁量的两个方面入手，对雾霾应急进行更具针对性的分析。针对目前部分城市的空气重污染应急预案不符合国家环保义务的内在要求的情况，可以根据2014年修订的行政诉讼法，对应急预案中的应急响应条件和应急响应措施进行不同程度的司法审查，通过司法途径监督、纠正当前各地重污染天气应急预案中的不当规定。,雾霾应急;行政紧急权力;国家环境保护义务,D925.3,58,,法学三大刊论文/法学研究/雾霾应急的中国实践与环境法理.pdf
1829,非法人组织与其他组织的关系困局及其破解,谭启平[1],西南政法大学民商法学院,2020,6,3,21,"就非法人组织与其他组织的相互关系,目前在立法、理论与实务中均存在“区分论”和“同一论”之争。“区分论”乃立足于对我国民法典第102条和“民诉法解释”第52条的文义解释,在纵向上切断了非法人组织概念与此前立法的历史脉络,横向上割裂了民法与其他立法的关联结构,无助于非法人组织制度权利保障和法律规制功能的实现,应予摒弃。非法人组织与其他组织的关系应定位于以体系、历史及目的解释得出的“同一论”。在此基础上,应以“打包”修法方式将主体意义上的“其他组织”统一为“非法人组织”,并通过引入“其他法人或非法人组织”及“无权利能力组织”的立法表达,让非主体意义的“其他组织”专指特定组织之外的所有组织体,从而实现法秩序中第三类民事主体概念的融贯统一。",非法人组织;其他组织;民事主体;诉讼主体,D92,0,,法学三大刊论文/法学研究/非法人组织与其他组织的关系困局及其破解.pdf
1830,非法集资刑事案件涉案财产处置程序的商法之维,陈醇,浙江师范大学法政学院,2015,5,71,86,非法集资刑事案件涉案财产的处置有三套可供选择的程序，即行政处置程序、刑事诉讼程序、商法清算程序。相应地，在上述处置程序的选择上，也有三种不同的观点。行政处置程序缺陷众多，同时，它既不应当处置私人债权债务，也不应当以部际联席会议制度建立行政机关与法院之间的主导甚至领导关系。刑事诉讼程序难以承担此类涉案财产清算的大任，也不宜在刑事诉讼中大量援引民商事实体法并对民商事纠纷作出判决。这种涉案财产的清算应当适用商法清算程序。商法应当尽快建立自然人破产制度以便于依法进行涉案财产的清算，刑事诉讼法也应当对商法清算程序予以尊重。,非法集资;涉案财产处置;行政处置程序;刑事诉讼程序;商法清算程序,D925.2,24,,法学三大刊论文/法学研究/非法集资刑事案件涉案财产处置程序的商法之维.pdf
1831,面向共治格局的法治形态及其展开,杜辉[1],重庆大学法学院,2019,4,21,39,"构建政府、市场和社群共治的治理秩序,是法治中国战略下有关治理结构的重要命题。共治格局将给法治系统带来新的挑战,引发法权关系及其法理的结构性调整,挑战程式主义法治观的动态适应性,加剧治理的实用主义取向与法治的形式理性之间的紧张关系。为此,有必要塑造与共治格局相匹配的法治形态。面向共治格局的法治形态,在本体论上,需立足于治理结构之更新、机制之整合,强调依法治理与有效治理双重规范性的统一;在基本架构上,需着眼于开放的规范结构、互嵌的治理组织、交涉平衡的共治程序、面向任务和过程的工具四个维度的建设。面向共治格局的法治形态的展开,应从发展法律体系的融贯性功能、建立法治秩序与治理秩序的新型协调关系、塑造“政府社会市场”三强结构、根据治理改革的实践逻辑确立法律建制重心四个维度加以推动。",共治秩序;法治形态;依法治理;有效治理,D902,0,,法学三大刊论文/法学研究/面向共治格局的法治形态及其展开.pdf
1832,预约合同效力和违约救济的实证考察与应然路径,耿利航,山东大学法学院,2016,5,27,48,欧陆法上的预约是给那些经法院判断后当事人承诺最后交易的诸如认购书之类的初步（中间）协议贴上的一个标签。合同法的目标是执行允诺，保护当事人基于合意的期望。对于约定有将来订立合同条款之协议（无论是否称之为预约合同），法律效力可能是应当缔约，也可能是善意磋商。法院应当区分事实，以探究当事人真意为出发点，既不能任由当事人违反当初的完成交易之承诺，也不能施加给当事人从未允诺的强制缔约责任。对于违约救济，也应根据法律效力区分对待，前者救济应同本约，后者守约方只能请求赔偿信赖利益损失，且一般情况下不应给予机会损失赔偿救济。,预约;本约;信赖利益;机会损失,D923.6,75,,法学三大刊论文/法学研究/预约合同效力和违约救济的实证考察与应然路径.pdf
1833,预防刑法的扩张及其限度,何荣功,武汉大学法学院,2017,4,138,154,预防刑法是刑法开放发展、适应社会变迁的产物，它表现出与传统刑法的结构性差异。预防刑法在我国已由碎片化条款转变为类型化立法。刑法中的“秩序安全”具有双面含义，预防刑法追求对法益侵害的事先预防，实现有效的社会控制，却隐含着扩张和模糊刑法干预界限的风险。刑法立法的预防转向是现代社会法律整体价值立场转换的一个具体面相，未来我国预防刑法的发展不可避免，如何防范预防刑法对法治的解构是一个重要问题。限制预防刑法需要从宪法和刑法两方面进行。对于刑法立法而言，关键在于确立法益侵害危险的规范构造，坚持刑法的谦抑性。,预防刑法;刑法立法;风险社会;刑法谦抑性,D924,0,,法学三大刊论文/法学研究/预防刑法的扩张及其限度.pdf
1834,风险规制中的央地政府关系之规范建构,靳文辉[1],,2022,5,69,83,央地政府关系事关政府基础性权力的配置与运行，对风险规制中的央地政府关系予以规范建构，是增进风险规制有效性的重要途径。一体化和弹性化是塑造风险规制中的央地政府组织关系形态的基本要求。一体化可补强风险规制的系统性和权威性，弹性化则能克服传统科层制的封闭性和层级性弊端。在事权配置方面，风险规制权的央地配置在制度上宜采取定限模糊化的规范形式，以更好契合风险的不确定性，提升风险规制行为的动态适应性。实践中，风险规制权的央地配置，应依据能力标准和效能标准来确定具体方案。风险规制中的央地政府关系主要有“命令服从”“央地合作”“地方主导—中央协助”“地方实施—中央监督”几种类型。规制过程中需结合具体的规制目标对央地政府关系类型进行择取和组合，以使央地政府关系类型与风险规制任务相互契合和协调。,风险规制;行政组织;央地关系;突发事件,D,,,法学三大刊论文/法学研究/风险规制中的央地政府关系之规范建构.pdf
1835,风险预防原则的结构化阐释,苏宇,中国人民公安大学法学院,2021,1,35,53,"风险预防原则已在全球范围的理论与实践中形成多种版本,众版本间的分歧与争论,使得构成该原则的基础性要素不断凸显,各要素间的关系也被逐步廓清.风险预防原则的基础性要素主要包括危害预期、不确定性、预防措施和证明机制,四项要素及其相互间关系决定了风险预防原则的内部结构.结构化的风险预防原则,内含积极授权原则、整体比例原则、最小最大值原则、反向证明原则四项子原则.依此检视我国风险预防的法律制度及相关实践,要进一步发挥风险预防原则的作用,需要完善不确定性条件下采取风险预防措施的法律授权,引入等级化或概率化的合比例性要求,普遍建立反向证明机制及风险预防措施动态调整机制.",风险社会;风险治理;风险预防原则;风险预防措施;反向证明机制,D,0,,法学三大刊论文/法学研究/风险预防原则的结构化阐释.pdf
1836,马克思主义法律理论中国化的当代意义,封丽霞,中共中央党校政法教研部,2018,1,3,17,马克思主义创始人的法律理论，与当代中国特色社会主义法治理论具有某种高度契合性和统一性。马克思主义法律理论中国化表现为，以马克思主义世界观与方法论来认识中国法治建设的历史特点、现实国情并指导中国法治的具体实践，以中国特色社会主义法治理论推动马克思主义法律理论与时俱进、不断发展。马克思主义基本原理对于当代中国法治发展的启示意义主要体现为：它揭示了东方社会独特的法治发展道路，诠释了当代中国法治发展的历史必然性及其经济社会发展制约性，阐释了当代中国法治“人民性”的基本属性，规定了当代中国法治的平等原则的基本内涵；其“限制国家自由”观与当代中国法治建设的权力制约的基本指向高度契合，其关于法的历史继承性理论有助于正确对待中华传统法律文化，其辩证思维诠释了当代中国法治建设目标设定的多维视角。,马克思主义法律理论 马克思主义中国化 中国特色社会主义法治,D90,0,,法学三大刊论文/法学研究/马克思主义法律理论中国化的当代意义.pdf
