编号,期刊,年份,卷,期,题目,作者,作者机构,页数,主题词,分类-Q,分类-G,分类-D,分类-K,分类,duplicate_group,canonical_pid,analysis_included
1,中国法学,2025,000,2,AIGC版权判定的认知经济性分析,蒋舸[1],[1]清华大学法学院,21,人工智能生成内容;最低限度创造性标准;认知经济性;独立创作;邻接权,知识产权法学,民商法学,知识产权法学,知识产权法学,知识产权法学,,1,yes
2,中国法学,2016,,2,APEC成员合作反腐司法一体化机制构建,楼伯坤,浙江工商大学法学院,20,APEC成员合作反腐;司法一体化机制;《联合国反腐败公约》,国际法学,国际法学,国际法学,国际法学,国际法学,,2,yes
3,中国法学,2016,,5,CISG在中国国际商事仲裁中的适用,韩世远,清华大学法学院,21,联合国国际货物销售合同公约;国际商事仲裁;法源,国际法学,国际法学,国际法学,国际法学,国际法学,,3,yes
4,中国法学,2024,000,4,ESG对董事义务的改造：从商业判断到社会判断的进化,蒋大兴[1],[1]北京大学法学院,22,CSR;ESG;公司法;董事义务;商业判断;社会判断,民商法学,民商法学,民商法学,民商法学,民商法学,,4,yes
5,中国法学,2017,,6,“一带一路”争端解决制度研究,王贵国,浙江大学,16,一带一路 争端解决 调解 仲裁,国际法学,国际法学,国际法学,国际法学,国际法学,,5,yes
6,中国法学,2017,,6,“一带一路”多元争端解决中心构建的当下与未来,初北平,大连海事大学法学院,19,一带一路 争端解决 仲裁 司法协助,国际法学,国际法学,国际法学,国际法学,国际法学,,6,yes
7,中国法学,2017,,6,“一带一路”建设与公司准据法的确定,邢钢,北京师范大学法学院,19,一带一路 公司准据法 内部事务主义《涉外民事关系法律适用法》,国际法学,国际法学,国际法学,国际法学,国际法学,,7,yes
8,中国法学,2019,,6,“一带一路”背景下铁路提单与铁路运单的协同创新机制,杨临萍[1],[1]重庆市高级人民法院,20,铁路提单;铁路运单;物权凭证;运输凭证;协同创新,国际法学,国际法学,国际法学,国际法学,国际法学,,8,yes
9,中国法学,2023,000,6,“五湖四海”：政法系统干部交流机制的发生与形态,刘忠[1],[1]复旦大学法学院,19,干部交流;五湖四海;政法系统,党内法规学,宪法学与行政法学,宪法学与行政法学,宪法学与行政法学,宪法学与行政法学,,9,yes
10,中国法学,2018,,5,“人格物”的司法困境与理论突围,冷传莉,贵州大学法学院,19,人格物;人格利益;财产利益;人与物的二分模式;民事权利客体,民商法学,民商法学,民商法学,民商法学,民商法学,,10,yes
11,中国法学,2016,0,6,“以刑制罪”视阈下财产罪保护法益的再认识,徐光华,江西财经大学法学院,25,以刑制罪;所有权;占有权;量刑均衡,刑法学,刑法学,刑法学,刑法学,刑法学,,11,yes
12,中国法学,2023,000,4,“但书”出罪运行机制实证研究,夏伟[1],[1]中国政法大学刑事司法学院,23,“但书”;出罪机制;罪量因素;轻微犯罪;定罪免刑,刑法学,刑法学,刑法学,刑法学,刑法学,,12,yes
13,中国法学,2016,,5,“南海仲裁案”后续法律应对的关键问题研究,管建强,华东政法大学,21,南海仲裁案;强制仲裁;管辖权;领土争端,国际法学,国际法学,国际法学,国际法学,国际法学,,13,yes
14,中国法学,2016,,5,“南海仲裁案”最终裁决研判与我国的对策,邹立刚,海南大学,6,仲裁案;南海;裁决;研判;海洋权益;权利主张;国际法依据;不利影响,国际法学,国际法学,国际法学,国际法学,国际法学,,14,yes
15,中国法学,2016,,5,“南海仲裁案”有关岛礁的裁决与法律和事实不符,吴慧,国际关系学院,6,南海争端;裁决;仲裁案;法律;关岛;仲裁庭;仲裁程序;《公约》,国际法学,国际法学,国际法学,国际法学,国际法学,,15,yes
16,中国法学,2016,,5,“南海仲裁案”裁决缘何非法无效,马新民,外交部条约法律司,8,仲裁案;裁决;南海;适用法律;中国政府;法律依据;管辖权;仲裁庭,宪法学与行政法学,宪法学与行政法学,宪法学与行政法学,宪法学与行政法学,宪法学与行政法学,,16,yes
17,中国法学,2016,0,1,“印证”证明模式反思与重塑：基于中国刑事错案的反思,左卫民,四川大学法学院,15,证明模式;“印证”模式;正当程序,刑法学,刑法学,刑法学,刑法学,刑法学,,17,yes
18,中国法学,2017,,1,“合宪性解释”理论辨析及其可能前景,夏正林,华南理工大学法学院,15,合宪性解释;违宪审查;独立审判;宪法价值实现,诉讼法学,诉讼法学,诉讼法学,诉讼法学,诉讼法学,,18,yes
19,中国法学,2016,,3,“土地属于集体所有”的规范属性,刘连泰,厦门大学法学院,19,土地集体所有;土地承包经营权;建设用地使用权,环境与资源保护法学,环境与资源保护法学,环境与资源保护法学,环境与资源保护法学,环境与资源保护法学,,19,yes
20,中国法学,2018,,4,“契约＋非要式＋任意撤销权”：赠与的理论模式与规范分析,李永军,中国政法大学,18,赠与合同;要物合同;任意撤销权;债因;缔约过失责任,民商法学,民商法学,民商法学,民商法学,民商法学,,20,yes
21,中国法学,2023,000,6,“审执分离”本质与路径的再认识,张卫平[1],[1]烟台大学,21,审执分离;民事执行;民事审判权;执行裁决权;执行实施权,诉讼法学,诉讼法学,诉讼法学,诉讼法学,诉讼法学,,21,yes
22,中国法学,2019,,3,“居住权”之定位与规则设计,"鲁晓明[1,2]",[1]广东财经大学法学院;[2]广东财经大学法治与经济研究所,17,居住权;人役性;用益性,民商法学,民商法学,民商法学,民商法学,民商法学,,22,yes
23,中国法学,2021,0,6,"""应税所得""的法律建构与所得税法现代化",施正文[1],[1]中国政法大学民商经济法学院,21,应税所得;毛所得;所得;所得税;税法现代化,经济法学,经济法学,经济法学,经济法学,经济法学,,23,yes
24,中国法学,2020,,3,“开元六典”的继受传播及对中华法系的影响,胡兴东[1],[1]云南大学法学院,19,开元六典;中华法系;法制文明,法律史,法律史,法律史,法律史,法律史,,24,yes
25,中国法学,2023,000,3,“技术—组织”互动论视角下的中国智慧司法,郑智航[1],[1]山东大学法学院,19,互动机制;信息技术;智慧司法;组织结构;人工智能,数字法学,诉讼法学,诉讼法学,诉讼法学,诉讼法学,,25,yes
26,中国法学,2024,000,5,“数字枫桥”的法治原理、模式与机制,杨力[1],[1]上海交通大学凯原法学院、智慧司法研究院,22,枫桥经验;数字枫桥;纠纷解决;源头治理,数字法学,诉讼法学,诉讼法学,民商法学,诉讼法学,,26,yes
27,中国法学,2022,000,4,“无效行政行为”制度的追溯与认定标准的完善,胡建淼[1],[1]中央党校(国家行政学院)专家工作室,21,无效行政行为;可撤销行政行为;越权行为;重大且明显违法;无效确认之诉,宪法学与行政法学,宪法学与行政法学,宪法学与行政法学,宪法学与行政法学,宪法学与行政法学,,27,yes
28,中国法学,2019,,1,“最高国家权力机关”的权力边界,黄明涛[1],[1]武汉大学法学院,18,《宪法》第62条;最高国家权力机关;权力边界;权力监督,宪法学与行政法学,宪法学与行政法学,宪法学与行政法学,宪法学与行政法学,宪法学与行政法学,,28,yes
29,中国法学,2023,000,6,“枫桥经验”与当代中国纠纷解决机制结构变迁,彭小龙[1],[1]中国人民大学法学院,22,枫桥经验;纠纷多元化解;纠纷解决机制结构;国家干预;社会治理,法学理论,法学理论,法学理论,法学理论,法学理论,,29,yes
30,中国法学,2018,,6,“枫桥经验”视野下的基层社会治理制度供给研究,汪世荣[1],[1]西北政法大学,18,村规民约;制度供给;基层治理;枫桥经验;制度体系,法学理论,法学理论,法学理论,法学理论,法学理论,,30,yes
31,中国法学,2022,000,4,“法律脱嵌治理”：中国式邻避纠纷的制度成因及治理,何艳玲[1],[1]中国人民大学公共管理学院,19,中国式邻避纠纷;物权;物权空置;法律脱嵌治理;住房,民商法学,民商法学,民商法学,民商法学,民商法学,,31,yes
32,中国法学,2016,0,1,“法治中国”命题的理论逻辑及其展开,王旭,中国人民大学法学院,18,法治;主权;治权;代表制;合宪性,宪法学与行政法学,宪法学与行政法学,宪法学与行政法学,宪法学与行政法学,宪法学与行政法学,,32,yes
33,中国法学,2015,0,1,“特区租管地”：一种区域合作法律制度创新模式,董皞[1],[1]广州大学,17,特区租管地;区域合作;中央与地方关系法治化,宪法学与行政法学,宪法学与行政法学,宪法学与行政法学,宪法学与行政法学,宪法学与行政法学,,33,yes
34,中国法学,2019,,5,“犯罪所得投资收益”追缴的影响因素与判断规则,庄绪龙[1],[1]苏州大学王健法学院,20,犯罪所得;投资收益;资本投机;组合投资;层次性判断,刑法学,刑法学,刑法学,刑法学,刑法学,,34,yes
35,中国法学,2020,,1,“社会主义公共财产”的宪法定位:“合理利用”的规范内涵,李忠夏[1],[1]山东大学法学院,20,公共财产;社会主义初级阶段;公私并存;合理利用,宪法学与行政法学,宪法学与行政法学,宪法学与行政法学,宪法学与行政法学,宪法学与行政法学,,35,yes
36,中国法学,2018,,1,“绿色原则”在民法典中的贯彻论纲,吕忠梅[1];竺效[2];巩固[3];刘长兴[4];刘超[5],[1]清华大学法学院;[2]中国人民大学法学院;[3]浙江大学光华法学院;[4]华南理工大学法学院;[5]华侨大学法学院,23,民法典;绿色原则;民法分则;民法基本原则,民商法学,民商法学,民商法学,民商法学,民商法学,,36,yes
37,中国法学,2017,,1,“蛋壳脑袋”规则之反思与解构,孙鹏,西南政法大学民商法学院,20,蛋壳脑袋;侵权责任;素因竞合;异常损害,民商法学,民商法学,民商法学,民商法学,民商法学,,37,yes
38,中国法学,2017,,5,“裁执一体化”财产保全的逻辑与改革,刘君博,中央财经大学法学院,21,财产保全 “裁执一体化” “低水平”均衡 执行难,诉讼法学,诉讼法学,诉讼法学,诉讼法学,诉讼法学,,38,yes
39,中国法学,2019,,2,"""认""与""缴""二分视角下公司催缴出资制度研究",袁碧华[1],[1]广州大学法学院,19,认缴制;股东出资;催缴制度;公司自治,民商法学,民商法学,民商法学,民商法学,民商法学,,39,yes
40,中国法学,2018,,4,“诉讼爆炸”的中国应对：基于W区法院近三十年审判实践的实证分析,左卫民,四川大学法学院,23,民事案件;案多人少;应对策略;体制的适应性,诉讼法学,诉讼法学,诉讼法学,诉讼法学,诉讼法学,,40,yes
41,中国法学,2024,000,6,“超期申请行政复议”的形成逻辑与体系化应对,范伟[1],[1]中国政法大学法律硕士学院,22,超期申请行政复议;起诉期限;诉的利益;行政争议实质性解决,宪法学与行政法学,宪法学与行政法学,宪法学与行政法学,宪法学与行政法学,宪法学与行政法学,,41,yes
42,中国法学,2019,,6,“长臂管辖权”的法理分析与对策研究,肖永平[1],[1]武汉大学国际法研究所,27,“长臂管辖权”;立法管辖权;司法管辖权;执法管辖权;域外适用,国际法学,国际法学,国际法学,国际法学,国际法学,,42,yes
43,中国法学,2016,,3,“预防性”反恐刑事立法思考,何荣功,武汉大学法学院,19,恐怖主义;预防性刑法;反恐国家战略,刑法学,刑法学,刑法学,刑法学,刑法学,,43,yes
44,中国法学,2017,,2,《中华人民共和国民法总则》的制定,"张鸣起[1,2,3]",[1]十二届全国人民代表大会法律委员会;[2]中国法学会;[3]中国法学会民法典起草研究领导小组,20,《民法总则》;《民法总则》的立法过程;《民法总则》的主要特色,民商法学,民商法学,民商法学,民商法学,民商法学,,44,yes
45,中国法学,2024,000,4,《刑事诉讼法》再修改之证据制度完善,张保生[1],[1]中国政法大学证据科学教育部重点实验室、司法文明协同创新中心、重罪检察证据分析研究基地,20,《刑事诉讼法》再修改;刑事证据制度;证据排除规则;庭审实质化,刑法学,刑法学,刑法学,刑法学,刑法学,,45,yes
46,中国法学,2019,,1,《大清律例》条标的运用与启示,王立民[1],[1]华东政法大学,18,《大清律例》;条标;法典结构,法律史,法律史,法律史,法律史,法律史,,46,yes
47,中国法学,2023,000,3,《民法典》背景下劳动法与民法的关系,王全兴[1],[1]上海财经大学法学院,21,劳动法;民法;私法社会化;一般法与特别法,民商法学,民商法学,民商法学,民商法学,民商法学,,47,yes
48,中国法学,2022,000,4,《民法典》视域下的一般人格权,温世扬[1],[1]武汉大学法学院,18,民法典;一般人格权;非典型人格法益;人身自由;人格尊严,民商法学,民商法学,民商法学,民商法学,民商法学,,48,yes
49,中国法学,2019,,3,《民法总则》民商合一中国模式之检讨,李建伟[1],[1]中国政法大学民商经济法学院,20,民法总则;民商合一;民商分立;商法规范体系;商法独立性,民商法学,民商法学,民商法学,民商法学,民商法学,,49,yes
50,中国法学,2023,000,2,《行政处罚法》主观过错条款适用展开,熊樟林[1],[1]东南大学法学院,20,行政处罚;主观过错;一般过失;具体过失;另有规定,宪法学与行政法学,宪法学与行政法学,宪法学与行政法学,宪法学与行政法学,宪法学与行政法学,,50,yes
51,中国法学,2018,,4,三权分置下农地流转权利体系重构研究,宋志红,中共中央党校（国家行政学院）法学部,21,三权分置;土地经营权;农地流转;权利体系,环境与资源保护法学,环境与资源保护法学,环境与资源保护法学,环境与资源保护法学,环境与资源保护法学,,51,yes
52,中国法学,2016,0,1,上市公司私有化的监管逻辑与路径选择,李文莉,上海对外经贸大学法学院,16,上市公司私有化;主动退市;上市公司监管,民商法学,民商法学,民商法学,民商法学,民商法学,,52,yes
53,中国法学,2022,0,1,上市公司虚假陈述行政处罚内部责任人认定逻辑之改进,邢会强[1],[1]中央财经大学法学院,18,虚假陈述;信息披露;证券行政处罚;注意义务;勤勉尽责,民商法学,民商法学,民商法学,民商法学,民商法学,,53,yes
54,中国法学,2018,,1,不动产被征收人参与权的价值定位与制度重构,渠滢,华东政法大学中国法治战略研究中心,20,不动产征收;参与权;价值定位;制度重构,宪法学与行政法学,宪法学与行政法学,宪法学与行政法学,宪法学与行政法学,宪法学与行政法学,,54,yes
55,中国法学,2024,000,6,不当联结禁止原则的重述与应用,金成波[1],[1]中共中央党校(国家行政学院)政治和法律教研部,19,不当联结禁止;行政法基本原则;连坐;行政行为;多元行政,宪法学与行政法学,宪法学与行政法学,宪法学与行政法学,宪法学与行政法学,宪法学与行政法学,,55,yes
56,中国法学,2017,,1,不正当竞争行为认定中的实用主义批判,焦海涛,安徽大学法学院,20,不正当竞争行为;实用主义;竞争关系;公平竞争秩序,经济法学,经济法学,经济法学,经济法学,经济法学,,56,yes
57,中国法学,2023,000,5,不确定鉴定意见的证据属性及功能,郭华[1],[1]中央财经大学法学院,16,不确定鉴定意见;倾向性鉴定意见;证据属性;佐证功能,诉讼法学,诉讼法学,诉讼法学,诉讼法学,诉讼法学,,57,yes
58,中国法学,2020,,4,不阻止他人犯罪的刑事责任,黎宏[1],[1]清华大学法学院,21,不阻止他人犯罪;作为共犯;作为义务;结果回避可能性;行为支配,刑法学,刑法学,刑法学,刑法学,刑法学,,58,yes
59,中国法学,2024,000,1,世界刑事诉讼的四次革命,"冀祥德[1,2]",[1]中国社会科学院法学研究所;[2]中国社会科学院大学法学院,21,刑事诉讼;司法权行政权分离;控审分离;控辩平等;控辩合作,刑法学,刑法学,刑法学,刑法学,刑法学,,59,yes
60,中国法学,2015,0,4,东京审判与追究侵略之罪责,朱文奇,中国人民大学法学院,20,东京审判;反和平罪;侵略罪,诉讼法学,诉讼法学,诉讼法学,诉讼法学,诉讼法学,,60,yes
61,中国法学,2021,0,1,个人信息国家保护义务及展开,王锡锌,教育部人文社会科学重点研究基地北京大学宪法与行政法研究中心,22,个人信息受保护权;国家保护义务;工具性权利;个人信息保护,数字法学,宪法学与行政法学,宪法学与行政法学,民商法学,宪法学与行政法学,,61,yes
62,中国法学,2021,0,1,"个人信息处理中的""同意""与""同意撤回""",万方,北京外国语大学法学院,22,告知同意;同意撤回权;个人信息保护;撤销权;人格权,数字法学,民商法学,民商法学,民商法学,民商法学,,62,yes
63,中国法学,2022,000,5,个人信息处理者过错推定责任研究,王道发[1],[1]中央财经大学法学院,19,个人信息保护法;民法典;个人信息处理者;过错推定责任,数字法学,民商法学,民商法学,民商法学,民商法学,,63,yes
64,中国法学,2019,,4,个人信息权作为民事权利之证成:以知识产权为参照,吕炳斌[1],[1]南京大学法学院,22,个人信息;知识产权;行为规制权利化;民事权利体系,知识产权法学,民商法学,民商法学,民商法学,民商法学,,64,yes
65,中国法学,2020,,1,个人所得税纳税义务的法律建构,叶姗[1],[1]北京大学法学院,20,量能课税原则;综合所得;所得分项;纳税义务发生;重构纳税义务,经济法学,经济法学,经济法学,经济法学,经济法学,,65,yes
66,中国法学,2024,000,5,个人数据交易的私法制度构造研究,夏庆锋[1],[1]安徽大学法学院,21,个人数据;交易主体;交易客体;权利配置;规则设置,数字法学,民商法学,民商法学,民商法学,民商法学,,66,yes
67,中国法学,2021,,4,个人破产免责的理论基础与规范构建,徐阳光[1],[1]中国人民大学法学院,20,个人破产立法;债务人合作;免责理论;免责路径;免责例外,民商法学,民商法学,民商法学,民商法学,民商法学,,67,yes
68,中国法学,2024,000,2,中华法律文化之起源考,魏琼[1],[1]华东政法大学,19,中华法律文化;起源;传世文献;考古遗存,法律史,法律史,法律史,法律史,法律史,,68,yes
69,中国法学,2021,,3,"中国""宪法实施""的话语体系与演变脉络",苗连营[1],[1]郑州大学法学院,20,宪法实施;话语体系;演变脉络,宪法学与行政法学,宪法学与行政法学,宪法学与行政法学,宪法学与行政法学,宪法学与行政法学,,69,yes
70,中国法学,2017,,2,中国与“一带一路”国家税收协定优惠安排与适用争议研究,崔晓静,武汉大学法学院国际法所,21,一带一路;税收协定优惠;国际避税;相互协商程序,国际法学,国际法学,国际法学,国际法学,国际法学,,70,yes
71,中国法学,2022,000,2,"中国人权法学""三大体系""论纲",刘志强[1],[1]广州大学人权研究院,19,人权法学;学科体系;学术体系;话语体系,法学理论,法学理论,法学理论,法学理论,法学理论,,71,yes
72,中国法学,2022,000,5,中国传统司法中的察狱以情及其现代价值,蒋铁初[1],[1]杭州师范大学沈钧儒法学院,19,古代司法;察狱以情;入罪;出罪;经验法则,刑法学,刑法学,刑法学,刑法学,刑法学,,72,yes
73,中国法学,2022,000,5,中国传统司法如何处置“真伪不明”,胡学军[1],[1]华东政法大学法律学院,20,证明责任;疑案处置;真伪不明;法律儒家化;法律实证主义,法律史,法律史,法律史,法律史,法律史,,73,yes
74,中国法学,2021,,3,中国传统生态环境法文化及当代价值研究,柴荣[1],[1]北京师范大学法学院,18,传统生态环境法文化;马克思主义生态观;生态环境法律体系,环境与资源保护法学,环境与资源保护法学,环境与资源保护法学,环境与资源保护法学,环境与资源保护法学,,74,yes
75,中国法学,2016,0,6,中国减刑程序公平性的实证研究,林喜芬,上海交通大学凯原法学院,20,减刑;“三类罪犯”;司法公平运动式治理;正当程序,刑法学,刑法学,刑法学,刑法学,刑法学,,75,yes
76,中国法学,2025,000,2,中国刑法学自主知识体系的内涵阐释与建构路径,姚建龙[1],[1]上海社会科学院法学研究所,21,习近平法治思想;刑法学自主知识体系;主体意识;刑法学研究,刑法学,刑法学,刑法学,刑法学,刑法学,,76,yes
77,中国法学,2017,,5,中国刑法立法晚近20年之回眸与前瞻,赵秉志,北京师范大学刑事法律科学研究院暨法学院,22,刑法立法 刑法修正案 刑事制裁措施 适度犯罪化,刑法学,刑法学,刑法学,刑法学,刑法学,,77,yes
78,中国法学,2016,0,1,中国参与国际气候治理的法律立场和策略：以气候正义为视角,曹明德,中国政法大学民商经济法学院,20,气候正义;巴黎气候大会;国家自主贡献;碳排放交易;碳税,环境与资源保护法学,环境与资源保护法学,环境与资源保护法学,环境与资源保护法学,环境与资源保护法学,,78,yes
79,中国法学,2020,,6,中国参与极地全球治理的法治构建,杨华[1],[1]上海政法学院,20,极地全球治理;人类共同继承财产;极地法治;极地立法,民商法学,民商法学,民商法学,民商法学,民商法学,,79,yes
80,中国法学,2016,,4,中国反腐败立法的战略转型及其体系化构建,"刘艳红[1,2]",[1]东南大学反腐败法治研究中心;[2]东南大学法学院,27,腐败治理;反腐败立法;体系化,刑法学,刑法学,刑法学,刑法学,刑法学,,80,yes
81,中国法学,2015,0,3,中国在南海的历史性权利,贾宇[1],[1]国家海洋局海洋发展战略研究所,25,南海断续线;历史性水域;历史性权利;历史性所有权,法学理论,法学理论,法学理论,法学理论,法学理论,,81,yes
82,中国法学,2015,0,1,中国基层法院财政制度实证研究,左卫民[1],[1]四川大学法学院,15,基层法院;财政制度;实证研究;司法改革,诉讼法学,诉讼法学,诉讼法学,诉讼法学,诉讼法学,,82,yes
83,中国法学,2015,0,1,中国基本法文化的特征及其当代变迁,陈晓枫[1],[1]武汉大学法学院,17,中国基本法;一元权力文化;文化冲突;整合重构,法律史,法律史,法律史,法律史,法律史,,83,yes
84,中国法学,2015,0,4,中国大众平等观念评析,张永和,,19,平等观念;道德平等观;法律平等观;公民平等观;身份平等观,法学理论,法学理论,法学理论,法学理论,法学理论,,84,yes
85,中国法学,2019,,2,"中国宪法上""社会主义市场经济""的规范结构",韩大元[1],[1]中国人民大学法学院,22,社会主义市场经济;中国宪法;非公有制经济,宪法学与行政法学,宪法学与行政法学,宪法学与行政法学,宪法学与行政法学,宪法学与行政法学,,85,yes
86,中国法学,2018,,4,中国宪法的环境观及其规范表达,张震,西南政法大学,18,中国宪法;环境观;环境权;环境治理,环境与资源保护法学,环境与资源保护法学,环境与资源保护法学,环境与资源保护法学,环境与资源保护法学,,86,yes
87,中国法学,2018,,3,中国式影子银行的风险溯源与监管创新,郭雳,北京大学法学院,22,影子银行;信用中介;脱媒性;期限错配;金融抑制;资产管理,经济法学,经济法学,经济法学,经济法学,经济法学,,87,yes
88,中国法学,2025,000,1,中国式现代化之党规回应,宋功德[1],[1]中共中央办公厅法规局,24,中国式现代化;强治图兴;党内法规制度建设改革;依规治党,党内法规学,宪法学与行政法学,党内法规学,党内法规学,党内法规学,,88,yes
89,中国法学,2025,000,1,中国式现代化背景下社会法体系的完善,"林嘉[1,2]",[1]中国人民大学法学院;[2]民商事法律科学研究中心,21,中国式现代化;保障和改善民生;社会法体系,经济法学,民商法学,经济法学,经济法学,经济法学,,89,yes
90,中国法学,2024,000,4,中国式现代化视域下民事诉权的反思与重塑,任重[1],[1]清华大学法学院,21,民事诉权;中国式现代化;起诉权;胜诉权;立案登记制,诉讼法学,诉讼法学,诉讼法学,诉讼法学,诉讼法学,,90,yes
91,中国法学,2020,,3,中国律例统编的传统与现代民法体系中的指导性案例,张生[1],[1]中国社会科学院法学研究所,20,法典简约化;判例成文化;律例统编;民法体系;指导性案例,民商法学,民商法学,民商法学,民商法学,民商法学,,91,yes
92,中国法学,2022,000,4,中国最高审判体制的刑民分立——传统与现代化,聂鑫[1],[1]清华大学法学院,18,最高审判体制;刑民分流;刑民合流;死刑复核;传统与现代,刑法学,刑法学,刑法学,刑法学,刑法学,,92,yes
93,中国法学,2022,000,2,中国比较宪法学的重新定位与方法论重构,刘晗[1],[1]清华大学法学院,18,域外宪法;法律移植;比较宪法学;涉外法治,国际法学,国际法学,国际法学,国际法学,国际法学,,93,yes
94,中国法学,2015,0,4,中国民法典编纂：观念、愿景与思路,薛军,[1]北京大学法学院,25,民法典;法律重述;民法总则;债法总则,民商法学,民商法学,民商法学,民商法学,民商法学,,94,yes
95,中国法学,2018,,5,中国民法学的效率意识,"熊丙万[1,2]",[1]中国人民大学民商事法律科学研究中心;[2]中国人民大学未来法治研究院,20,中国民法学;私人自治;效率意识;公平观念;比例原则,民商法学,民商法学,民商法学,民商法学,民商法学,,95,yes
96,中国法学,2015,0,2,中国法史及法史学研究反思——兼论学术研究的规律,马小红[1],[1]中国人民大学法学院,14,法史研究;学术传承;学术规律,法律史,法律史,法律史,法律史,法律史,,96,yes
97,中国法学,2019,,6,中国法域外适用法律体系:现状、问题与完善,廖诗评[1],[1]北京师范大学法学院,19,域外适用;域外效力;域外管辖;连接点;法律体系,国际法学,国际法学,国际法学,国际法学,国际法学,,97,yes
98,中国法学,2018,,5,中国法治主体性的文化向度,李拥军,吉林大学法学院,20,传统文化;依法治国;法治;主体性,法学理论,法学理论,法学理论,法学理论,法学理论,,98,yes
99,中国法学,2022,000,6,中国法院“案多人少”的实证评估与应对策略,程金华[1],[1]上海交通大学凯原法学院,24,案多人少;司法能力危机;诉讼需求;司法供给;法院管理,诉讼法学,诉讼法学,诉讼法学,诉讼法学,诉讼法学,,99,yes
100,中国法学,2022,000,6,中国特色刑法域外适用规则的问题与完善,蒋娜[1],[1]北京师范大学刑事法律科学研究院,19,刑法域外适用;域外效力范围;域外犯罪;多重管辖;增设连接点,国际法学,国际法学,国际法学,国际法学,国际法学,,100,yes
101,中国法学,2024,000,3,中国特色反腐败制度框架下贿赂犯罪法益的确定,陈金林[1],[1]武汉大学法学院,20,贿赂犯罪;法益;敲诈勒索;谋取不正当利益;紧急避险,刑法学,刑法学,刑法学,刑法学,刑法学,,101,yes
102,中国法学,2015,0,5,中国特色社会主义法治体系的理论基础、指导思想和基本构成,李龙,武汉大学法学院,15,中国特色社会主义法治体系;马克思主义法学;习近平关于依法治国的论述,法学理论,法学理论,法学理论,法学理论,法学理论,,102,yes
103,中国法学,2015,0,5,中国特色社会主义法治道路的时代进程,公丕祥,南京师范大学法学院,24,法治发展;中国道路;社会主义法治;依法治国,法学理论,法学理论,法学理论,法学理论,法学理论,,103,yes
104,中国法学,2023,000,5,中国环境司法的能动协同现象与形成发展逻辑,"张忠民[1,2]",[1]中南财经政法大学法学院;[2]中南财经政法大学生态文明研究院,22,环境司法;政法协同;司法能动主义;党政逻辑;改革逻辑,党内法规学,宪法学与行政法学,环境与资源保护法学,环境与资源保护法学,环境与资源保护法学,,104,yes
105,中国法学,2022,000,5,中国知识产权制度现代化的实践与发展,吴汉东[1],[1]中南财经政法大学知识产权研究中心,20,知识产权;制度现代化;思想遵循;中国道路,知识产权法学,民商法学,知识产权法学,知识产权法学,知识产权法学,,105,yes
106,中国法学,2016,,2,中国语境下的“宪法实施”：一项概念史的考察,翟国强,中国社会科学院法学研究所,16,宪法实施;变法思维;政治化,宪法学与行政法学,宪法学与行政法学,宪法学与行政法学,宪法学与行政法学,宪法学与行政法学,,106,yes
107,中国法学,2022,000,6,中国语境下的“检察权”概念考察,王海军[1],[1]华东政法大学法律史研究中心,20,检察制度;检察权;法律监督;概念史,诉讼法学,诉讼法学,诉讼法学,诉讼法学,诉讼法学,,107,yes
108,中国法学,2015,0,1,主任检察官制度研究,"最高人民检察院2013年重点课题组[1,2]",[1]复旦大学法学院;[2]上海市闵行区人民检察院,17,主任检察官制;“闵检模式”;制度构建;路径完善,诉讼法学,诉讼法学,诉讼法学,诉讼法学,诉讼法学,,108,yes
109,中国法学,2023,000,6,主权原则在中国宪法中的展开,王理万[1],[1]中国政法大学人权研究院,20,人民主权;国家主权;全过程人民民主;总体国家安全观,宪法学与行政法学,宪法学与行政法学,宪法学与行政法学,宪法学与行政法学,宪法学与行政法学,,109,yes
110,中国法学,2025,000,1,主渠道目标导向下行政复议与行政诉讼衔接关系研究,曹鎏[1],[1]中国政法大学法治政府研究院,17,主渠道目标;行政复议;行政诉讼;衔接耦合;监督模式,宪法学与行政法学,宪法学与行政法学,宪法学与行政法学,宪法学与行政法学,宪法学与行政法学,,110,yes
111,中国法学,2017,,3,习近平互联网法治思想研究,周汉华,中国社会科学院法学研究所,17,习近平互联网法治思想;网络空间法治化;互联网法,数字法学,法学理论,法学理论,国际法学,法学理论,,111,yes
112,中国法学,2017,,5,习近平全球治理与国际法治思想研究,黄进,中国政法大学,18,全球治理 国际法治 人类命运共同体,国际法学,国际法学,国际法学,国际法学,国际法学,,112,yes
113,中国法学,2019,,6,习近平总书记全面依法治国新理念新思想新战略:发展脉络、核心要义和时代意义,付子堂[1],[1]西南政法大学,13,全面依法治国新理念新思想新战略;党的领导;法治体系;信仰法治;“中国之治”;马克思主义法治思想,党内法规学,法学理论,法学理论,法学理论,法学理论,,113,yes
114,中国法学,2017,0,4,习近平文物事业法治思想研究,张舜玺,中国社会科学院法学研究所,18,习近平文物事业法治思想;文物事业权利体系;文物事业法治化,法学理论,法学理论,法学理论,法学理论,法学理论,,114,yes
115,中国法学,2022,000,5,习近平法治思想中的构建新型诉讼格局理论,程琥[1],[1]北京市第一中级人民法院,19,习近平法治思想;新型诉讼格局;行政区划法院;跨行政区划法院;专门法院,法学理论,法学理论,法学理论,法学理论,法学理论,,115,yes
116,中国法学,2024,000,1,习近平法治思想中的社会公平正义理论研究,胡玉鸿[1],[1]华东政法大学人权研究院、习近平法治思想研究中心,20,习近平法治思想;社会公平正义;法治中国建设,法学理论,法学理论,法学理论,法学理论,法学理论,,116,yes
117,中国法学,2021,,3,"坚持抓住领导干部这个""关键少数""",陈训秋[1],[1]中国法学会,13,习近平法治思想;全面依法治国;领导干部;关键少数,党内法规学,法学理论,法学理论,法学理论,法学理论,,117,yes
118,中国法学,2021,,2,习近平法治思想是马克思主义法治理论中国化的新发展新飞跃,"王晨[1,2,3]",[1]中共中央政治局;[2]全国人大常委会;[3]中国法学会,15,习近平新时代中国特色社会主义思想;习近平法治思想;中国化;全面依法治国,法学理论,法学理论,法学理论,法学理论,法学理论,,118,yes
119,中国法学,2023,000,4,习近平法治思想的司法理论,游劝荣[1],[1]湖北省高级人民法院,21,习近平法治思想;司法理论;司法改革;司法工作现代化,诉讼法学,诉讼法学,诉讼法学,诉讼法学,诉讼法学,,119,yes
120,中国法学,2024,000,6,习近平法治思想的法治文明论,郭晔[1],[1]北京师范大学法学院,19,习近平法治思想;习近平文化思想;法治文明;中国式现代化;中华传统法律文化,法律史,法律史,法律史,法律史,法律史,,120,yes
121,中国法学,2021,0,1,习近平法治思想的生态文明法治理论,吕忠梅,清华大学法学院,17,习近平法治思想;生态文明;生态法治;生态治理,环境与资源保护法学,环境与资源保护法学,环境与资源保护法学,环境与资源保护法学,环境与资源保护法学,,121,yes
122,中国法学,2021,0,1,习近平法治思想要义的法理解读,卓泽渊,中共中央党校(国家行政学院),14,"习近平法治思想;""十一个坚持"";全面依法治国;法治道路;法治体系",法学理论,法学理论,法学理论,法学理论,法学理论,,122,yes
123,中国法学,2016,,5,争议专属经济区内适度性执法研究,熊勇先,海南大学法学院,18,争议专属经济区;维权行政执法;适度性执法;执法合作,国际法学,国际法学,国际法学,国际法学,国际法学,,123,yes
124,中国法学,2015,0,2,事实因果与刑法中的结果归责,劳东燕[1],[1]清华大学法学院,29,因果关系;结果归责;客观归责;风险升高;疫学因果,刑法学,刑法学,刑法学,刑法学,刑法学,,124,yes
125,中国法学,2015,0,6,事实认定“难题”与法官独立审判责任落实,侣化强,重庆大学法学院,19,证据裁判主义;自由心证;司法责任证明力规则,诉讼法学,诉讼法学,诉讼法学,诉讼法学,诉讼法学,,125,yes
126,中国法学,2020,,3,二审上诉问题重述:以认罪认罚案件为例,郭烁[1],[1]北京交通大学法学院,17,认罪认罚从宽;上诉权;二审程序;职权主义;对抗制,刑法学,刑法学,刑法学,刑法学,刑法学,,126,yes
127,中国法学,2020,,1,互构关系中社区矫正对象与性质定位研究,郑丽萍[1],[1]北京航空航天大学法学院,17,社区矫正对象;社区矫正性质;互构关系;非监禁性,刑法学,刑法学,刑法学,刑法学,刑法学,,127,yes
128,中国法学,2024,000,1,互联网司法的正义体系,王福华[1],[1]上海交通大学凯原法学院,21,互联网司法;在线诉讼;人工智能司法;数字正义,数字法学,诉讼法学,诉讼法学,诉讼法学,诉讼法学,,128,yes
129,中国法学,2022,000,4,互联网法院的时代创新与中国贡献,景汉朝[1],[1]中国法学会,25,互联网法院;“双线诉讼”;司法理论;“调适论”;中国贡献,数字法学,诉讼法学,诉讼法学,诉讼法学,诉讼法学,,129,yes
130,中国法学,2015,0,3,互联网金融风险规制路径,"杨东[1,2]",[1]中国人民大学法学院;[2]中国人民大学民商事法律科学研究中心,18,互联网金融;金融消费者;金融风险,经济法学,经济法学,经济法学,经济法学,经济法学,,130,yes
131,中国法学,2021,0,1,交易性贬值损失之赔偿,张红,武汉大学法学院,19,交易性贬值损失;可赔性;损失计算;以新换旧;损益相抵,民商法学,民商法学,民商法学,民商法学,民商法学,,131,yes
132,中国法学,2024,000,6,人口老龄化背景下监护人承担侵权责任的体系解释,李国强[1],[1]大连海事大学法学院,19,成年监护;民事行为能力;民事责任能力;法定监督义务,民商法学,民商法学,民商法学,民商法学,民商法学,,132,yes
133,中国法学,2021,,2,人工智能歧视的法律治理,李成[1],[1]四川大学法学院,21,人工智能;歧视;结构性不平等;算法;数字平权,数字法学,宪法学与行政法学,宪法学与行政法学,民商法学,民商法学,,133,yes
134,中国法学,2021,,4,人格权侵害民事责任认定条款适用论,朱晓峰[1],[1]中央财经大学法学院,19,人格权侵害;民事责任;动态体系论;利益权衡论;自由裁量权,民商法学,民商法学,民商法学,民商法学,民商法学,,134,yes
135,中国法学,2015,0,3,人格权确认与构造的法律依据,韩强[1],[1]华东政法大学,21,人格法益;具体人格权;一般人格权,民商法学,民商法学,民商法学,民商法学,民商法学,,135,yes
136,中国法学,2023,000,3,人格权编的中国范式与中国式现代化的实现,石佳友[1],[1]中国人民大学民商事法律科学研究中心,19,民法典;人格权;人格尊严;自主知识体系;中国式现代化,民商法学,民商法学,民商法学,民商法学,民商法学,,136,yes
137,中国法学,2023,000,4,人格标识的“他为性”及其规范影响,曹相见[1],[1]吉林大学理论法学研究中心、法学院,19,人格标识;他为性;隐私权;有利解释;解除权,数字法学,民商法学,民商法学,民商法学,民商法学,,137,yes
138,中国法学,2023,000,3,人民团体规章：概念、体系和效力,屠凯[1],[1]清华大学法学院,20,人民团体规章;团内规章;人民团体;群团组织;党内法规,党内法规学,宪法学与行政法学,党内法规学,党内法规学,党内法规学,,138,yes
139,中国法学,2021,,4,人民调解员的制度角色考,吴元元[1],[1]西南财经大学法学院,21,人民调解员;制度角色;社会资本;调解技艺;再生产激励机制,诉讼法学,诉讼法学,诉讼法学,诉讼法学,诉讼法学,,139,yes
140,中国法学,2024,000,6,人身损害赔偿请求权的分级与整合,张平华[1],[1]山东大学法学院,22,人身损害赔偿请求权;框架请求权;具体请求权;项目请求权;损害赔偿,民商法学,民商法学,民商法学,民商法学,民商法学,,140,yes
141,中国法学,2016,,3,从合理原则走向统一的比例原则,杨登峰,南京师范大学法学院,18,裁量行政行为;合理原则;比例原则,宪法学与行政法学,宪法学与行政法学,宪法学与行政法学,宪法学与行政法学,宪法学与行政法学,,141,yes
142,中国法学,2024,000,4,从同一性到相似性：法律解释的结构转向与体系重构,陈辉[1],[1]南京师范大学法学院,18,法律解释;同一性;相似性;类推解释;法律概念,法学理论,法学理论,法学理论,法学理论,法学理论,,142,yes
143,中国法学,2020,,4,从基础司改到综配司改:“内卷化”效应纾解,"杨力[1,2]",[1]上海交通大学中国法与社会研究院;[2]上海交通大学中国城市治理研究院,20,司法体制改革;综合配套改革;政法改革;内卷化,诉讼法学,诉讼法学,诉讼法学,诉讼法学,诉讼法学,,143,yes
144,中国法学,2022,000,4,从相邻权到空间利益公平分配权：规划许可诉讼中“合法权益”的内涵扩张,成协中[1],[1]中国政法大学法学院,19,规划许可;相邻权;合法权益;空间利益;分配行政,民商法学,民商法学,民商法学,民商法学,民商法学,,144,yes
145,中国法学,2016,,2,从立案审查到立案登记：法院在社会转型中的司法角色,陆永棣,浙江省高级人民法院,21,立案审查;选择性司法;立案登记,诉讼法学,诉讼法学,诉讼法学,诉讼法学,诉讼法学,,145,yes
146,中国法学,2015,0,3,从隐私到个人信息：利益再衡量的理论与制度安排,张新宝,[1]中国人民大学法学院,22,个人信息保护;隐私权;利益衡量“两头强化;三方平衡”,数字法学,民商法学,民商法学,民商法学,民商法学,,146,yes
147,中国法学,2018,,2,以买卖合同担保借贷的解释路径与法效果,陈永强,中国计量大学法学院,20,买卖型担保;代物清偿;清算;民间借贷,民商法学,民商法学,民商法学,民商法学,民商法学,,147,yes
148,中国法学,2021,,4,以危险方法危害公共安全罪认定规则研究,江溯[1],[1]北京大学法学院,26,以危险方法危害公共安全罪;认定规则;回归分析;契合关系分析,刑法学,刑法学,刑法学,刑法学,刑法学,,148,yes
149,中国法学,2017,,5,以古代中国与日本为中心的中华法系之律家考,何勤华,华东政法大学法律文明史研究院,20,中华法系 律家,法律史,法律史,法律史,法律史,法律史,,149,yes
150,中国法学,2024,000,5,以大协同格局加强涉外法治建设,郭雳[1],[1]北京大学法学院,6,,国际法学,国际法学,国际法学,国际法学,国际法学,,150,yes
151,中国法学,2016,,2,以审判为中心背景下的刑事辩护突出问题研究,顾永忠,中国政法大学诉讼法学研究院,21,以审判为中心;辩护;质证;交叉询问,刑法学,刑法学,刑法学,刑法学,刑法学,,151,yes
152,中国法学,2022,000,3,企业合规不起诉改革的实体法障碍及其消除,黎宏[1],[1]清华大学法学院,20,企业合规不起诉;单位犯罪;组织责任论;双罚制,刑法学,刑法学,刑法学,刑法学,刑法学,,152,yes
153,中国法学,2015,0,5,企业犯罪预防中合规计划制度的借鉴,"李本灿[1,2]",[1]山东大学法学院;[2]山东大学博士后流动站,29,合规计划;企业犯罪;自我管理,刑法学,刑法学,刑法学,刑法学,刑法学,,153,yes
154,中国法学,2024,000,2,优先购买权中转让人的利益失衡与校正,"梁上上[1,2]",[1]清华大学法学院;[2]清华大学法学院新利益法学研究中心,21,优先购买权;利益衡量;不受损害原则;同等履约能力,民商法学,民商法学,民商法学,民商法学,民商法学,,154,yes
155,中国法学,2020,,5,传销犯罪的司法限缩与立法完善,"印波[1,2]",[1]北京师范大学刑事法律科学研究院;[2]中国企业家犯罪预防研究中心,20,传销犯罪;组织、领导传销活动罪;诈骗;团队计酬;非罪化,刑法学,刑法学,刑法学,刑法学,刑法学,,155,yes
156,中国法学,2019,,2,作为利害调整法的行政法,王贵松[1],[1]中国人民大学法学院,20,利害调整型行政法;自由防御型行政法;利害关系;三方行政法关系,宪法学与行政法学,宪法学与行政法学,宪法学与行政法学,宪法学与行政法学,宪法学与行政法学,,156,yes
157,中国法学,2020,,2,作为化解行政争议主渠道的行政复议:功能反思及路径优化,曹鎏[1],[1]中国政法大学法治政府研究院,20,行政复议;良法善治;实现路径,宪法学与行政法学,宪法学与行政法学,宪法学与行政法学,宪法学与行政法学,宪法学与行政法学,,157,yes
158,中国法学,2016,,4,作为方法论的“地方法制”,葛洪义,浙江大学法学院,16,方法论;规则意识;权利意识;责任意识;地方法制,法学理论,法学理论,法学理论,法学理论,法学理论,,158,yes
159,中国法学,2021,,2,"作为行政处罚一般种类的""通报批评""",朱芒[1],[1]上海交通大学凯原法学院,18,名誉罚;声誉罚;通报批评;行政处罚种类,宪法学与行政法学,宪法学与行政法学,宪法学与行政法学,宪法学与行政法学,宪法学与行政法学,,159,yes
160,中国法学,2021,,4,依法治国和依规治党有机统一研究,韩春晖[1],[1]中共中央党校(国家行政学院)政治和法律教研部,20,依法治国;依规治党;有机统一;国家治理体系现代化,党内法规学,法学理论,党内法规学,党内法规学,党内法规学,,160,yes
161,中国法学,2018,,1,依法治国语境下检察机关的性质与职权,魏晓娜,中国人民大学刑事法律科学研究中心,19,垂直领导;诉讼职权;监督职权,诉讼法学,诉讼法学,诉讼法学,诉讼法学,诉讼法学,,161,yes
162,中国法学,2024,000,6,侵害企业数据权益的民事责任,王叶刚[1],[1]中央财经大学法学院,21,数据权益;企业数据;个人数据;数据来源者;民事责任,数字法学,民商法学,民商法学,民商法学,民商法学,,162,yes
163,中国法学,2020,,4,侵权责任编:在承继中完善和创新,"张新宝[1,2]","[1]中国人民大学法学院,中国人民大学民商事法律科学中心;[2]中国法学会民法典编纂项目领导小组",21,民法典侵权责任编;自甘风险;自助;网络侵权责任;生态破坏责任,数字法学,民商法学,民商法学,民商法学,民商法学,,163,yes
164,中国法学,2020,,4,保护规范理论的误解澄清与本土适用,赵宏[1],[1]中国政法大学法学院,19,保护规范理论;主观公权利;一般法依赖,宪法学与行政法学,宪法学与行政法学,宪法学与行政法学,宪法学与行政法学,宪法学与行政法学,,164,yes
165,中国法学,2020,,4,保险人撤销权:保险法中的一个制度选择及其合理性追问,"于海纯[1,2]",[1]对外经济贸易大学;[2]国家对外开放研究院,20,保险合同;撤销权;解除权;不可抗辩条款;权利放弃,民商法学,民商法学,民商法学,民商法学,民商法学,,165,yes
166,中国法学,2019,,5,保险损失补偿原则适用范围思考,任自力[1],[1]北京航空航天大学法学院,20,损失补偿;财产保险;人身保险;生命价值;定值保险,民商法学,民商法学,民商法学,民商法学,民商法学,,166,yes
167,中国法学,2019,,2,信用、法治与现代经济增长的制度基础,王若磊[1],[1]中央党校政法部,17,信用;信任;法治;经济增长;现代社会,法学理论,法学理论,法学理论,法学理论,法学理论,,167,yes
168,中国法学,2015,0,5,修复、矫治与分控：社区矫正机能三重性辩证及其展开,李川[1],[1]东南大学法学院,19,社区矫正;正义修复;规范矫治;分流监控,刑法学,刑法学,刑法学,刑法学,刑法学,,168,yes
169,中国法学,2024,000,4,债务人合法权益平等保护制度论纲,谭启平[1],[1]西南政法大学民商法学院,22,债务人保护;平等原则;生存发展权;纠纷多元化解;善意文明执行,诉讼法学,诉讼法学,诉讼法学,诉讼法学,诉讼法学,,169,yes
170,中国法学,2020,,5,债权转让中对债务人的延续性保护,"朱虎[1,2]",[1]中国人民大学民商事法律科学研究中心;[2]中国人民大学法学院,17,债权转让;债权同一性;债务人抗辩;债务抵销,民商法学,民商法学,民商法学,民商法学,民商法学,,170,yes
171,中国法学,2024,000,5,健全保证宪法全面实施制度体系,韩大元[1],[1]中国人民大学法学院,6,,宪法学与行政法学,宪法学与行政法学,宪法学与行政法学,宪法学与行政法学,宪法学与行政法学,,171,yes
172,中国法学,2024,000,5,健全公正执法司法体制机制,贺小荣[1],[1]最高人民法院党组,6,,诉讼法学,诉讼法学,诉讼法学,诉讼法学,诉讼法学,,172,yes
173,中国法学,2019,,5,健康权的规范构造,陈云良[1],[1]广东外语外贸大学广东法治研究院,16,健康权;消极权利;积极权利,环境与资源保护法学,环境与资源保护法学,环境与资源保护法学,环境与资源保护法学,环境与资源保护法学,,173,yes
174,中国法学,2018,,3,儒家民族观影响下的中国古代民族法制,邵方,中国政法大学法律史学研究院,18,儒家思想;民族法制;华夷之辨;用夏变夷;因俗而治,法律史,法律史,法律史,法律史,法律史,,174,yes
175,中国法学,2022,000,6,元宇宙治理法治化的理论定位与基本框架,王奇才[1],[1]上海师范大学哲学与法政学院,19,元宇宙治理;法治化;理论定位;基本框架;治理策略,数字法学,法学理论,法学理论,法学理论,法学理论,,175,yes
176,中国法学,2022,000,6,元宇宙的行政规制路径：一个框架性分析,黄锫[1],[1]同济大学法学院,22,元宇宙;行政规制;身份匿名化;数据集聚化;算法权力化,数字法学,宪法学与行政法学,宪法学与行政法学,宪法学与行政法学,宪法学与行政法学,,176,yes
177,中国法学,2015,0,3,先公司合同问题研究,方斯远,最高人民法院中国应用法学研究所,22,先公司合同;发起人;设立中公司;违约责任,民商法学,民商法学,民商法学,民商法学,民商法学,,177,yes
178,中国法学,2022,000,2,免罚清单的实证与法理,张淑芳[1],[1]上海财经大学法学院,21,免罚清单;行政处罚法;法理逻辑;契合路径,宪法学与行政法学,宪法学与行政法学,宪法学与行政法学,宪法学与行政法学,宪法学与行政法学,,178,yes
179,中国法学,2019,,6,党内法规制定技术规范论纲,管华[1],[1]西北政法大学行政法学院,21,党内法规;统筹技术规范;语言技术规范;结构技术规范;活动技术规范,党内法规学,宪法学与行政法学,党内法规学,党内法规学,党内法规学,,179,yes
180,中国法学,2024,000,3,党内法规的概念分析,朱林方[1],[1]西南政法大学行政法学院,20,党内法规;概念分析;语义学概念;分类学概念;诠释性概念,党内法规学,宪法学与行政法学,党内法规学,党内法规学,党内法规学,,180,yes
181,中国法学,2021,,5,党内法规的百年演进与治理之道,宋功德[1],[1]中共中央办公厅法规局,34,依规治党;制度治党;党内法规;党内法规体系;党内法规保障逻辑,党内法规学,宪法学与行政法学,党内法规学,党内法规学,党内法规学,,181,yes
182,中国法学,2020,,1,党政联合发文的信息公开困境与规则重塑:基于司法裁判的分析,张力[1],[1]中国政法大学法学院,19,政府信息;党政联合发文;双重属性;形式化审查;职责要素,宪法学与行政法学,宪法学与行政法学,宪法学与行政法学,宪法学与行政法学,宪法学与行政法学,,182,yes
183,中国法学,2024,000,1,党领导立法的规范原理与构造,封丽霞[1],[1]中共中央党校(国家行政学院)政治和法律教研部,19,党的领导;党领导立法;党委;党组;党法关系,党内法规学,宪法学与行政法学,党内法规学,党内法规学,党内法规学,,183,yes
184,中国法学,2023,000,1,全国人大常委会授权的宪法定位及合宪性展开,秦小建[1],[1]中南财经政法大学法学院,19,授权改革试点;权力配置;权力混合;功能适当原则;合宪性,宪法学与行政法学,宪法学与行政法学,宪法学与行政法学,宪法学与行政法学,宪法学与行政法学,,184,yes
185,中国法学,2018,,5,全球治理背景下人类命运共同体的阐释与构建,"廖凡[1,2]",[1]中国社会科学院国际法研究所;[2]最高人民法院＂一带一路＂司法研究基地,20,人类命运共同体;一带一路;全球治理;中国方案,国际法学,国际法学,国际法学,国际法学,国际法学,,185,yes
186,中国法学,2017,,3,全球治理背景下国际税收秩序的挑战与变革,张泽平,华东政法大学,18,全球治理;数字经济;国际税收秩序;税基侵蚀与利润转移,数字法学,国际法学,国际法学,经济法学,国际法学,,186,yes
187,中国法学,2023,000,3,全球经贸关系演变中的国际法治危机及其应对,刘敬东[1],[1]中国社会科学院国际法研究所,20,全球经贸关系;国际经贸规则;国际法治;中国方案,国际法学,国际法学,国际法学,国际法学,国际法学,,187,yes
188,中国法学,2015,0,4,全面深化改革中的民法典编纂,王利明,[1]中国人民大学;中国人民大学民商事法律科学研究中心,16,全面深化改革;法典编纂;民法典,民商法学,民商法学,民商法学,民商法学,民商法学,,188,yes
189,中国法学,2022,000,5,公共健康危机的知识产权法应对,万勇[1],[1]中国人民大学法学院,19,新冠肺炎疫情;公共健康危机;分配正义;强制许可;知识产权豁免,知识产权法学,民商法学,知识产权法学,知识产权法学,知识产权法学,,189,yes
190,中国法学,2021,,5,公共卫生预警原则和机制建构研究,解志勇[1],[1]中国政法大学比较法学研究院,23,传染病防治法;突发公共卫生事件;预警原则;预警机制;科学不确定性原理,宪法学与行政法学,宪法学与行政法学,宪法学与行政法学,宪法学与行政法学,宪法学与行政法学,,190,yes
191,中国法学,2019,,4,公共服务供给权责配置研究,李蕊[1],[1]中国政法大学民商经济法学院,17,公共服务供给;公共服务民营化;公共化约束;权责配置,宪法学与行政法学,宪法学与行政法学,宪法学与行政法学,宪法学与行政法学,宪法学与行政法学,,191,yes
192,中国法学,2022,000,6,公司利益范式下的董事义务改革,傅穹[1],[1]吉林大学理论法学研究中心、法学院,22,公司利益;勤勉义务;忠实义务;授权资本制;公司治理,民商法学,民商法学,民商法学,民商法学,民商法学,,192,yes
193,中国法学,2020,,5,公司法定代表人越权签署的担保合同效力规则的反思与重构,刘俊海[1],[1]中国人民大学法学院,20,法定代表人;越权代表;公司决议;效力性规范;善意相对人;中小股东,民商法学,民商法学,民商法学,民商法学,民商法学,,193,yes
194,中国法学,2021,,2,公司法改革的文化拘束,蒋大兴[1],[1]北京大学法学院,23,公司法;中国文化;人格信用;公司治理;法人格,诉讼法学,诉讼法学,诉讼法学,诉讼法学,诉讼法学,,194,yes
195,中国法学,2016,0,6,公司解散纠纷的司法实践和裁判规则改进,耿利航,山东大学法学院,23,公司解散;股东压制;人合性障碍,民商法学,民商法学,民商法学,民商法学,民商法学,,195,yes
196,中国法学,2015,0,6,公司资本制度改革的正当性：基于债权人保护功能的法经济学分析,黄辉,香港中文大学法学院,20,公司资本制度;债权人保护;认缴制改革;成本收益分析,民商法学,民商法学,民商法学,民商法学,民商法学,,196,yes
197,中国法学,2021,,5,公司软法定位及其与公司法的衔接,王兰[1],[1]厦门大学法学院,18,公司法;公司软法;公司规范体系;公司治理,民商法学,民商法学,民商法学,民商法学,民商法学,,197,yes
198,中国法学,2015,0,6,公平公正待遇条款的法方法困境及出路,梁开银,浙江师范大学法政学院,21,公平公正待遇;条约规则;条约原则;法方法论,国际法学,国际法学,国际法学,国际法学,国际法学,,198,yes
199,中国法学,2021,,3,公平竞争原则与政府规制变革,孙晋[1],[1]武汉大学法学院,22,可竞争市场理论;公平竞争原则;政府规制;政府主导型规制;市场回应型规制,宪法学与行政法学,宪法学与行政法学,宪法学与行政法学,宪法学与行政法学,宪法学与行政法学,,199,yes
200,中国法学,2016,0,6,公序良俗在我国的司法适用研究,蔡唱,湖南大学法学院,22,公序良俗;司法适用;类型化方法,法学理论,法学理论,法学理论,法学理论,法学理论,,200,yes
201,中国法学,2021,,4,公民遵守劳动纪律义务的宪法变迁与启示,"阎天[1,2]",[1]北京大学宪法与行政法研究中心;[2]北京大学法学院,18,劳动纪律;基本义务;宪法变迁;宪法解释,宪法学与行政法学,宪法学与行政法学,宪法学与行政法学,宪法学与行政法学,宪法学与行政法学,,201,yes
202,中国法学,2015,0,1,公私关系的认识论重建与国际法发展,蔡从燕[1],[1]厦门大学法学院,20,国际法认识论;公私关系;和平发展,国际法学,国际法学,国际法学,国际法学,国际法学,,202,yes
203,中国法学,2023,000,5,共享经济财产容他权研究,付大学[1],[1]天津工业大学法学院,21,共享经济;财产权;容他权;排他权;共同治理,民商法学,民商法学,民商法学,民商法学,民商法学,,203,yes
204,中国法学,2020,,2,共同市场支配地位制度拓展适用于算法默示共谋研究,"时建中[1,2]",[1]中国政法大学;[2]中国政法大学法治经济研究院,19,共同市场支配地位;寡头垄断;算法默示共谋,数字法学,经济法学,经济法学,经济法学,经济法学,,204,yes
205,中国法学,2020,,2,共同市场支配地位的理论基础与规则构造,张晨颖[1],[1]清华大学法学院,21,共同市场支配地位;寡头垄断;平行行为;寡头依赖,经济法学,经济法学,经济法学,经济法学,经济法学,,205,yes
206,中国法学,2020,,2,共犯处罚根据论的反思与修正:新混合惹起说的提出,王昭武[1],[1]云南大学法学院,18,共犯处罚根据;混合惹起说;行为共同说;违法的相对性;最小从属性说,刑法学,刑法学,刑法学,刑法学,刑法学,,206,yes
207,中国法学,2015,0,6,内幕交易违法所得司法判断规则研究,刘宪权,华东政法大学,24,内幕交易犯罪;违法所得;信息价值;实际成交差额;选择性披露,刑法学,刑法学,刑法学,刑法学,刑法学,,207,yes
208,中国法学,2023,000,6,再论建设用地使用权出让合同的民事属性,屈茂辉[1],[1]湖南大学法学院,21,建设用地使用权出让合同;民事合同;行政协议,环境与资源保护法学,环境与资源保护法学,环境与资源保护法学,环境与资源保护法学,环境与资源保护法学,,208,yes
209,中国法学,2021,0,6,再论行政应急性原则:内涵、证立与展开,彭錞[1],[1]北京大学法学院,19,行政应急性原则;行政法基本原则;事前立法;事后免责;应急法治,宪法学与行政法学,宪法学与行政法学,宪法学与行政法学,宪法学与行政法学,宪法学与行政法学,,209,yes
210,中国法学,2018,,4,再论辩护律师向犯罪嫌疑人、被告人核实证据,朱孝清,中国法学会,21,核实证据;实然与应然;有限制阅卷权,刑法学,刑法学,刑法学,刑法学,刑法学,,210,yes
211,中国法学,2015,0,4,农村土地流转的合宪性分析,李忠夏,[1]山东大学法学院,19,土地流转;集体所有制;《土地管理法》;土地发展权;土地财政,环境与资源保护法学,环境与资源保护法学,环境与资源保护法学,环境与资源保护法学,环境与资源保护法学,,211,yes
212,中国法学,2019,,2,农民集体成员权、农民集体决议与乡村治理体系的健全,王雷[1],[1]中国政法大学民商经济法学院,20,农民集体成员权;农民集体决议;村民委员会组织法;乡村治理;村民自治,民商法学,民商法学,民商法学,民商法学,民商法学,,212,yes
213,中国法学,2019,,3,减税、减负与预算法变革,陈治[1],[1]西南政法大学经济法学院,23,减税;减负;预算权力;税收调控权力;纳税人预算权利,数字法学,经济法学,经济法学,民商法学,经济法学,,213,yes
214,中国法学,2017,,6,减负与转型的经济法推进,张守文,北京大学法学院,16,市场主体减负 制度转型 主体负担 经济法治,经济法学,经济法学,经济法学,经济法学,经济法学,,214,yes
215,中国法学,2023,000,5,分层土地利用中的强制地役权研究,林旭霞[1],[1]福建师范大学法学院,20,分层土地利用;强制缔约;强制地役权;法律原则冲突,民商法学,民商法学,民商法学,民商法学,民商法学,,215,yes
216,中国法学,2016,,4,刑事司法实证研究：以数据及其运用为中心的探讨,何挺,北京师范大学刑事法律科学研究院,20,刑事司法;实证研究;数据;测量;大数据,数字法学,刑法学,刑法学,刑法学,刑法学,,216,yes
217,中国法学,2017,0,4,刑事司法应坚持罪责实质评价,阮齐林,中国政法大学刑事司法学院,12,王力军案;罪责实质评价;非法经营罪;犯罪概念;犯罪构成,刑法学,刑法学,刑法学,刑法学,刑法学,,217,yes
218,中国法学,2019,,1,刑事对物之诉的初步研究,陈瑞华[1],[1]北京大学法学院,20,涉案财物追缴程序;对人之诉;对物之诉;独立性对物之诉;附带性对物之诉,刑法学,刑法学,刑法学,刑法学,刑法学,,218,yes
219,中国法学,2018,,1,刑事庭审实质化的维度与机制探讨,陈实,中南财经政法大学法学院,17,庭审实质化;以审判为中心;司法改革;审判制度转型,刑法学,刑法学,刑法学,刑法学,刑法学,,219,yes
220,中国法学,2022,000,2,刑事强制医疗解除程序实证研究,王迎龙[1],[1]北京工商大学法学院,20,刑事强制医疗解除程序;司法精神病鉴定;人身危险性;定量分析,刑法学,刑法学,刑法学,刑法学,刑法学,,220,yes
221,中国法学,2019,,4,刑事案件的差异化判决及其合理性,周少华[1],[1]广州大学法学院,20,刑事司法;个案公正;同案同判;差异化判决,刑法学,刑法学,刑法学,刑法学,刑法学,,221,yes
222,中国法学,2023,000,5,刑事涉案虚拟财产强制处分论,田力男[1],[1]中国人民公安大学法学院,17,虚拟财产;比特币;强制处分;技术性过程监督,刑法学,刑法学,刑法学,刑法学,刑法学,,222,yes
223,中国法学,2021,0,1,刑事职能管辖错位的程序规制,谢小剑,江西财经大学法学院,16,职能管辖;监察委员会;程序性制裁;管辖错位,刑法学,刑法学,刑法学,刑法学,刑法学,,223,yes
224,中国法学,2024,000,4,刑事裁判中法律学说的运用困境及其解决路径,梁健[1],[1]浙江大学光华法学院,20,法律学说;刑事裁判;司法实践;制度标准;沟通机制,刑法学,刑法学,刑法学,刑法学,刑法学,,224,yes
225,中国法学,2023,000,1,刑事证据“生命流程”的理论阐释,冯俊伟[1],[1]山东大学法学院,20,刑事证据;审前程序;审判证据;证据可追溯,刑法学,刑法学,刑法学,刑法学,刑法学,,225,yes
226,中国法学,2017,,6,刑事证据审查的基本制度结构,吴洪淇,中国政法大学证据科学教育部重点实验室,20,证据准入 证据审查 定案根据 证明力 印证,刑法学,刑法学,刑法学,刑法学,刑法学,,226,yes
227,中国法学,2021,,5,"刑事诉讼中的""人"":一种主体性研究",左卫民[1],[1]四川大学法学院,16,诉讼实践;主体性研究;刑事诉讼;执法者,刑法学,刑法学,刑法学,刑法学,刑法学,,227,yes
228,中国法学,2021,,3,刑事诉讼中程序惯性的反思与规制,郑曦[1],[1]北京外国语大学法学院,17,程序惯性;刑事诉讼质量;程序正义;实体公正,刑法学,刑法学,刑法学,刑法学,刑法学,,228,yes
229,中国法学,2023,000,3,刑事诉讼主体理论的扬弃与超越,谢澍[1],[1]中国政法大学刑事司法学院,21,刑事诉讼主体;认知主体;认知决策;自主性;可控性,刑法学,刑法学,刑法学,刑法学,刑法学,,229,yes
230,中国法学,2022,000,2,刑事诉讼事实形成机理探究,杨波[1],[1]吉林大学法学院,21,程序性事实观;程序性共识;博弈性事实;合意性事实,刑法学,刑法学,刑法学,刑法学,刑法学,,230,yes
231,中国法学,2024,000,5,刑事诉讼数据处理的全流程监管,郑曦[1],[1]北京外国语大学法学院,19,刑事诉讼;数据处理;数据安全;数据流动;全流程监管,数字法学,刑法学,刑法学,诉讼法学,诉讼法学,231-232,231,yes
232,中国法学,2024,,5,刑事诉讼数据处理的全流程监管,郑曦,北京外国语大学法学院,,,数字法学,刑法学,刑法学,诉讼法学,诉讼法学,231-232,231,no
233,中国法学,2019,,2,刑事诉讼法与监察法的衔接难题与破解之道,程雷[1],[1]中国人民大学刑事法律科学研究中心,16,监察法;刑事诉讼法;监察机关;法法衔接,刑法学,刑法学,刑法学,刑法学,刑法学,,233,yes
234,中国法学,2017,,1,刑事陪审中法律问题与事实问题的区分,陈学权,对外经济贸易大学法学院,18,人民陪审员制度;法律问题;事实问题,刑法学,刑法学,刑法学,刑法学,刑法学,,234,yes
235,中国法学,2021,0,1,刑民界分视野下诈骗罪成立范围的实质认定,陈少青,对外经济贸易大学法学院,20,诈骗罪;民事欺诈;财产损失;欺骗行为,刑法学,刑法学,刑法学,刑法学,刑法学,,235,yes
236,中国法学,2018,,2,刑法中行为论的新展开,李世阳,浙江大学光华法学院,20,规范的社会行为论;行为的特定论;一体的行为论;犯罪论;罪数论,刑法学,刑法学,刑法学,刑法学,刑法学,,236,yes
237,中国法学,2023,000,5,刑法再法典化的法理与蓝图,姜涛[1],[1]华东政法大学,22,刑法典;刑法再法典化;刑法法理;永续模式;刑法立法观,刑法学,刑法学,刑法学,刑法学,刑法学,,237,yes
238,中国法学,2021,,3,刑法干预前置化的理性反思,王强军[1],[1]南开大学法学院,19,刑法干预前置化;刑法最后有效干预点;积极一般预防;刑法谦抑性,刑法学,刑法学,刑法学,刑法学,刑法学,,238,yes
239,中国法学,2015,0,2,刑法立法阻却事由的理论界定与制度前景,姜涛[1],[1]南京师范大学法学院,24,立法阻却事由;法教义学;立法刑法学;比例原则;明确性原则,刑法学,刑法学,刑法学,刑法学,刑法学,,239,yes
240,中国法学,2019,,6,制度型对外开放的支点:私法关系涉外性之界定及重构,张春良[1],[1]西南政法大学,19,私法关系;涉外性;制度型对外开放;全球私法治理,民商法学,民商法学,民商法学,民商法学,民商法学,,240,yes
241,中国法学,2018,,4,制度角色与制度能力：论刑事证明标准的降格适用,陈虎,中南财经政法大学法学院,19,制度角色;制度能力;证明标准;降格适用,刑法学,刑法学,刑法学,刑法学,刑法学,,241,yes
242,中国法学,2024,000,5,加快推进新时代区域法治发展,公丕祥[1],[1]南京师范大学法学院,6,,法学理论,法学理论,法学理论,法学理论,法学理论,,242,yes
243,中国法学,2018,,5,劳动法上“合理”的多重意蕴及其应用,冯彦君,吉林大学法学院,17,劳动法;“合理”;文义解释,经济法学,民商法学,经济法学,经济法学,经济法学,,243,yes
244,中国法学,2023,000,3,劳动法典编纂的重大意义与体例结构,谢增毅[1],[1]中国社会科学院法学研究所,20,劳动法;法典化;劳动法典;体例结构,经济法学,民商法学,经济法学,经济法学,经济法学,,244,yes
245,中国法学,2022,0,1,劳动者个人信息处理中同意的适用与限制,吴文芳[1],[1]上海财经大学法学院,23,劳动者个人信息;同意;体系性限制;审查要素,数字法学,民商法学,经济法学,民商法学,经济法学,,245,yes
246,中国法学,2017,,3,区分制理论解释共同过失犯罪之弊端及应然选择,刘明祥,中国人民大学刑事法律科学研究中心,24,区分制;解释;共同过失犯罪;单一正犯;共同正犯,刑法学,刑法学,刑法学,刑法学,刑法学,,246,yes
247,中国法学,2020,,6,区际利益补偿权利生成与基本构造,"陈婉玲[1,2]",[1]华东政法大学科学研究院;[2]华东政法大学产业与区域经济法制研究中心,18,区际利益;利益外溢;损益关系;补偿权,法学理论,法学理论,法学理论,法学理论,法学理论,,247,yes
248,中国法学,2020,,6,医疗损害赔偿中原因力减责的法理及适用,郑永宽[1],[1]厦门大学法学院,19,医疗损害;患者自身伤病;原因力;因果关系;比例因果关系,刑法学,刑法学,刑法学,刑法学,刑法学,,248,yes
249,中国法学,2022,000,3,单位的反性骚扰义务与相关侵权责任研究,张新宝[1],[1]中国人民大学民商事法律科学研究中心,22,性骚扰;反性骚扰义务;积极作为义务;安全保障义务;过错责任;劳动者保护,民商法学,民商法学,民商法学,民商法学,民商法学,,249,yes
250,中国法学,2022,000,3,单边制裁是否具有合法性：一个框架性分析,张辉[1],[1]武汉大学国际法研究所,22,单边制裁;安全例外;立法管辖权;不干涉原则;反措施,国际法学,国际法学,国际法学,国际法学,国际法学,,250,yes
251,中国法学,2019,,1,印证的证明原理与理论塑造,栗峥[1],[1]中国政法大学诉讼法学研究院,20,印证;相互印证;信念理性;可靠主义,诉讼法学,诉讼法学,诉讼法学,诉讼法学,诉讼法学,,251,yes
252,中国法学,2024,000,2,双重社会转型下中国环境法的挑战与因应,秦天宝[1],[1]武汉大学环境法研究所,18,双重社会转型;风险社会;环境法;差异性一体化;央地关系,环境与资源保护法学,环境与资源保护法学,环境与资源保护法学,环境与资源保护法学,环境与资源保护法学,,252,yes
253,中国法学,2020,,4,反不正当竞争法中“一定影响”的语义澄清与意义验证,刘继峰[1],[1]中国政法大学,15,反不正当竞争法;“一定影响”;语境分析,经济法学,经济法学,经济法学,经济法学,经济法学,,253,yes
254,中国法学,2022,000,5,反不正当竞争法对未注册商标的有效保护及其制度重塑,黄汇[1],[1]西南政法大学新科技法治创新研究中心、“互联网知识产权治理体系创新研究团队”,20,未注册商标;平行保护理论;反不正当竞争法;商标法;协同保护,知识产权法学,民商法学,知识产权法学,知识产权法学,知识产权法学,,254,yes
255,中国法学,2015,0,6,司法中的社会科学判断,侯猛,北京大学法学院,18,事实问题;裁判事实;法官心证;后果判断,诉讼法学,诉讼法学,诉讼法学,诉讼法学,诉讼法学,,255,yes
256,中国法学,2020,,6,司法人员职务犯罪双重管辖制度的多维思考,吴建雄[1],[1]湘潭大学法学院,17,司法人员;职务犯罪;双重管辖;检察优先,刑法学,刑法学,刑法学,刑法学,刑法学,,256,yes
257,中国法学,2017,,6,司法体制综合配套改革的路径和重点,"姜伟[1,2]",[1]最高人民法院;[2]中国法学会,6,司法体制改革 综合配套改革 中国特色社会主义 社会主义司法制度 社会主义的本质 路径 依法治国 司法责任制,诉讼法学,诉讼法学,诉讼法学,诉讼法学,诉讼法学,,257,yes
258,中国法学,2017,,6,司法判决中的指导性案例,彭中礼,中南大学法学院,20,指导性案例 法律适用 法律方法,法学理论,法学理论,法学理论,法学理论,法学理论,,258,yes
259,中国法学,2019,,3,司法判决对正当程序原则的发展,周佑勇[1],[1]东南大学法学院,20,正当程序原则;正当性基础;司法审查程度;案例指导制度,诉讼法学,诉讼法学,诉讼法学,诉讼法学,诉讼法学,,259,yes
260,中国法学,2021,,4,司法大数据在中国法院的应用与前景展望,孙晓勇[1],[1]国家法官学院,22,大数据;司法大数据;智慧法院;人工智能,数字法学,诉讼法学,诉讼法学,诉讼法学,诉讼法学,,260,yes
261,中国法学,2018,,2,司法审查图景中行政协议主体的适格,陈无风,浙江财经大学,16,行政协议;主体资格;诉讼主体;法律效力,宪法学与行政法学,宪法学与行政法学,宪法学与行政法学,宪法学与行政法学,宪法学与行政法学,,261,yes
262,中国法学,2019,,4,司法改革与法律职业激励环境的变化,吴洪淇[1],[1]中国政法大学证据科学教育部重点实验室,21,司法改革;法律职业;激励机制,诉讼法学,诉讼法学,诉讼法学,诉讼法学,诉讼法学,,262,yes
263,中国法学,2017,,3,司法改革背景下逮捕的若干问题研究,孙谦,最高人民检察院,27,逮捕;社会危险性条件;证明标准;诉讼化转型,刑法学,刑法学,刑法学,刑法学,刑法学,,263,yes
264,中国法学,2018,,4,司法改革试点再认识：与实验研究方法的比较与启示,何挺,北京师范大学刑事法律科学研究院,19,司法改革;试点;社会科学实验研究;循证评估;试错,诉讼法学,诉讼法学,诉讼法学,诉讼法学,诉讼法学,264-265,264,yes
265,中国法学,2018,,4,司法改革试点再认识：与实验研究方法的比较与启示,何挺,北京师范大学刑事法律科学研究院,,,诉讼法学,诉讼法学,诉讼法学,诉讼法学,诉讼法学,264-265,264,no
266,中国法学,2015,0,1,司法裁判中的意义分歧及其消解路径,王林清[1],[1]最高人民法院,17,司法裁判;意义阐释;法律解释;法律方法,法学理论,法学理论,法学理论,法学理论,法学理论,,266,yes
267,中国法学,2016,0,1,司法规律层次论,江国华,武汉大学法学院,24,司法结构规律;司法运行规律;司法实践规律;司法社会关系,法学理论,法学理论,法学理论,法学理论,法学理论,,267,yes
268,中国法学,2016,0,1,司法视域下夫妻财产制的价值转向,赵玉,国家检察官学院,18,夫妻财产制;分配正义;伦理关怀,民商法学,民商法学,民商法学,民商法学,民商法学,,268,yes
269,中国法学,2021,0,6,司法解释中的出罪规范:类型、依据与完善方向,刘科[1],[1]北京师范大学刑事法律科学研究院,20,出罪规范;出罪事由;出罪后果;无罪;有罪归为无罪,刑法学,刑法学,刑法学,刑法学,刑法学,,269,yes
270,中国法学,2016,,3,司法解释权限的界定与行使,刘风景,华东政法大学法律方法研究院,19,司法解释权限;立法法;司法公正;法律解释,法学理论,法学理论,法学理论,法学理论,法学理论,,270,yes
271,中国法学,2019,,3,司法认定无效行政协议的标准,王敬波[1],[1]中国政法大学法治政府研究院,20,行政协议;效力模型;无效标准,宪法学与行政法学,宪法学与行政法学,宪法学与行政法学,宪法学与行政法学,宪法学与行政法学,,271,yes
272,中国法学,2017,,6,司法认知偏差与量化裁判中的锚定效应,杨彪,中山大学法学院,22,司法认知偏差 量化裁判 锚定效应 精神损害赔偿 抚偿比,民商法学,民商法学,民商法学,民商法学,民商法学,,272,yes
273,中国法学,2019,,1,合宪性、合法性、适当性审查的区别与联系,王锴[1],[1]北京航空航天大学法学院,20,合宪性审查;合法性审查;适当性审查;初级规则;次级规则;立法裁量空间,宪法学与行政法学,宪法学与行政法学,宪法学与行政法学,宪法学与行政法学,宪法学与行政法学,,273,yes
274,中国法学,2021,0,6,"合宪性审查中""相抵触""标准之建构",王旭[1],[1]中国人民大学法学院,20,层级结构;合宪性审查;相抵触;法教义学,宪法学与行政法学,宪法学与行政法学,宪法学与行政法学,宪法学与行政法学,宪法学与行政法学,,274,yes
275,中国法学,2024,000,3,合宪性审查中的宪法精神,左亦鲁[1],[1]北京大学法学院,19,宪法精神;宪法原则;合宪性审查;宪法实施,宪法学与行政法学,宪法学与行政法学,宪法学与行政法学,宪法学与行政法学,宪法学与行政法学,,275,yes
276,中国法学,2020,,2,合规制度的公司法设计及其实现路径,赵万一[1],[1]西南政法大学民商法学院,20,合规制度;公司法理;公司法;制度设计,民商法学,民商法学,民商法学,民商法学,民商法学,,276,yes
277,中国法学,2020,,4,员额法官遴选机制改革实证研究:以A省为样板,左卫民[1],[1]四川大学法学院,22,司法体制改革;员额法官;遴选机制,诉讼法学,诉讼法学,诉讼法学,诉讼法学,诉讼法学,,277,yes
278,中国法学,2016,,5,商业反腐的结构性治理和模式,杨力,上海交通大学凯原法学院,22,商业反腐;结构性治理;利益交换;社会支持,刑法学,刑法学,刑法学,刑法学,刑法学,,278,yes
279,中国法学,2024,000,4,商业秘密保护中默示保密义务研究,黎华献[1],[1]北京理工大学法学院,20,商业秘密;默示保密义务;保密关系;注意义务;可预见性使用,法学理论,法学理论,法学理论,法学理论,法学理论,,279,yes
280,中国法学,2019,,3,商主体资格形成机制的革新,季奎明[1],[1]华东政法大学经济法学院,19,营商环境;商主体资格;设立登记;行政干预;公共服务,宪法学与行政法学,宪法学与行政法学,宪法学与行政法学,宪法学与行政法学,宪法学与行政法学,,280,yes
281,中国法学,2018,,5,商事信用：商法的内在逻辑与体系化根本,赵磊,中国社会科学院法学研究所,21,商事交易;信用;商法独立性,民商法学,民商法学,民商法学,民商法学,民商法学,,281,yes
282,中国法学,2019,,5,商标使用地域性原理的理解立场及适用逻辑,黄汇[1],[1]西南政法大学,17,商标使用地域性;注册维持使用;在先使用;侵权使用,知识产权法学,民商法学,知识产权法学,知识产权法学,知识产权法学,,282,yes
283,中国法学,2023,000,5,商标本质基础观念的重构,余俊[1],[1]北京化工大学文法学院,18,商标本质;标记主义;市场范式;产权制度;注册制度,知识产权法学,民商法学,知识产权法学,知识产权法学,知识产权法学,,283,yes
284,中国法学,2018,,4,商标权行使与姓名权保护的冲突与规制,马一德,中南财经政法大学知识产权研究中心,17,个性化利益;商品化权;商业行为;比例原则;诚信原则,知识产权法学,民商法学,知识产权法学,知识产权法学,知识产权法学,,284,yes
285,中国法学,2015,0,3,商标法律制度的失衡及其理性回归,杜颖[1],[1]中央财经大学法学院,18,消费者混淆;商业信誉;公共领域,知识产权法学,民商法学,知识产权法学,知识产权法学,知识产权法学,,285,yes
286,中国法学,2016,,2,商标注册“不良影响”条款的适用,马一德,中南财经政法大学知识产权研究中心,13,不良影响;在先权利;公众误导,知识产权法学,民商法学,知识产权法学,知识产权法学,知识产权法学,,286,yes
287,中国法学,2024,000,4,商法独立的逻辑和体系：基于组织化交易论,段丙华[1],[1]中南财经政法大学法学院,19,组织化交易;商事交易;市场理论;商法独立,民商法学,民商法学,民商法学,民商法学,民商法学,,287,yes
288,中国法学,2016,,2,国家所有的法律表达及其解释,谢海定,中国社会科学院法学研究所法学研究杂志社,19,国家所有制;国家所有权;物权实现机制,民商法学,民商法学,民商法学,民商法学,民商法学,,288,yes
289,中国法学,2018,,2,国家治理体系视角下党内法规研究的基础概念辨析,王伟国,中国法学会党内法规研究中心,17,国家治理体系;党内法规;规范性文件;党的主张,宪法学与行政法学,宪法学与行政法学,宪法学与行政法学,宪法学与行政法学,宪法学与行政法学,,289,yes
290,中国法学,2022,000,5,国家治理现代化下的知识产权行政执法,董涛[1],[1]北京第二外国语学院法学院,20,知识产权;知识产权治理;行政执法;双轨制;司法保护,知识产权法学,民商法学,知识产权法学,知识产权法学,知识产权法学,,290,yes
291,中国法学,2022,0,1,国家符号的刑法保护,高巍[1],[1]云南大学法学院,21,国家符号;国家运行条件;基本权利;最后手段性;目的性限缩,刑法学,刑法学,刑法学,刑法学,刑法学,,291,yes
292,中国法学,2023,000,2,国有土地出让缔约关系的界定路径,伏创宇[1],[1]中国社会科学院大学法学院,20,国有土地出让;缔约;行政行为;民事合同;行政协议,民商法学,民商法学,民商法学,民商法学,民商法学,,292,yes
293,中国法学,2024,000,6,国际商事仲裁强制性规定适用问题研究,高薇[1],[1]北京大学法学院,20,国际商事仲裁;强制性规定;优先性强制条款;公共政策,国际法学,国际法学,国际法学,国际法学,国际法学,,293,yes
294,中国法学,2018,,5,国际条约适用于国内无涉外因素的民事关系探析,万鄂湘[1];余晓汉[2],[1]国家高端智库武汉大学国际法研究所;[2]最高人民法院民四庭,16,国际条约;民事关系;条约自执性;条约适用,国际法学,国际法学,国际法学,国际法学,国际法学,,294,yes
295,中国法学,2024,000,1,国际民事诉讼管辖权的基础构造,宋晓[1],[1]南京大学法学院,21,国际民事诉讼;一般管辖;特别管辖;合理联系,诉讼法学,诉讼法学,诉讼法学,诉讼法学,诉讼法学,,295,yes
296,中国法学,2019,,6,国际法视野下的中国国有企业改革,韩立余[1],[1]中国人民大学法学院,23,国有企业;政府职能;商业活动;非歧视;公平竞争,国际法学,国际法学,国际法学,国际法学,国际法学,,296,yes
297,中国法学,2016,0,6,国际海上班轮货物运输合同中强制性规则的适当性,胡绪雨,南开大学法学院,16,运输合同;契约自由;契约正义;强制规则;批量合同,民商法学,民商法学,民商法学,民商法学,民商法学,,297,yes
298,中国法学,2018,,3,国际犯罪管辖和审理的制度建构与完善,于阜民,中国海洋大学,15,国际犯罪;管辖权;一国审理;制度完善,刑法学,刑法学,刑法学,刑法学,刑法学,,298,yes
299,中国法学,2019,,2,"在""生活事实""与""法律要件""之间:证明责任分配对象的误识与回归",胡学军[1],[1]南昌大学法学院,21,证明责任;生活事实;法律要件;要件事实;真伪不明,诉讼法学,诉讼法学,诉讼法学,诉讼法学,诉讼法学,,299,yes
300,中国法学,2019,,6,在全面依法治国实践中担当尽责沿着中国特色社会主义法治道路阔步前进,"王晨[1,2]",[1]全国人大常委会;[2]中国法学会,10,全面依法治国;新理念新思想新战略;中国特色社会主义法治,法学理论,法学理论,法学理论,法学理论,法学理论,,300,yes
301,中国法学,2021,0,6,"在法治轨道上有序推进""全过程人民民主""",莫纪宏[1],[1]中国社会科学院法学研究所,20,全过程人民民主;民主治理机制;国家治理;社会治理;民主法律化,党内法规学,宪法学与行政法学,党内法规学,党内法规学,党内法规学,,301,yes
302,中国法学,2024,000,1,地方人大常委会在合宪性审查中的作用及其展开,"温泽彬[1,2]",[1]西南政法大学行政法学院;[2]西南政法大学全面依法治国研究院,20,合宪性审查;字面审查;地方人大常委会;备案审查,宪法学与行政法学,宪法学与行政法学,宪法学与行政法学,宪法学与行政法学,宪法学与行政法学,,302,yes
303,中国法学,2021,,3,地方政府双重负责的宪法内涵,于文豪[1],[1]中央财经大学法学院,24,人民代表大会制度;地方政府双重负责;分工负责;议行关系;中央与地方关系,宪法学与行政法学,宪法学与行政法学,宪法学与行政法学,宪法学与行政法学,宪法学与行政法学,,303,yes
304,中国法学,2017,,3,地方法治竞争范式及其制度约束,周尚君,西南政法大学行政法学院,15,地方法治;国家治理;竞争范式;诱致型,法学理论,法学理论,法学理论,法学理论,法学理论,,304,yes
305,中国法学,2017,,1,地方立法行政许可设定权之法律解释：基于鲁潍案的分析,金自宁,北京大学,19,地方立法;行政许可设定权;体系解释,宪法学与行政法学,宪法学与行政法学,宪法学与行政法学,宪法学与行政法学,宪法学与行政法学,,305,yes
306,中国法学,2021,0,1,坚持以习近平法治思想为指导 谱写新时代全面依法治国新篇章,王晨,全国人大常委会;中国法学会,6,,法学理论,法学理论,法学理论,法学理论,法学理论,,306,yes
307,中国法学,2018,,2,坚持依规治党,宋功德,中央办公厅法规局,23,习近平依规治党思想;依法执政;党内法规;从严治党,党内法规学,宪法学与行政法学,党内法规学,党内法规学,党内法规学,,307,yes
308,中国法学,2015,0,5,坚持和发展中国特色社会主义法治理论,王乐泉[1],[1]中国法学会,9,中国特色社会主义法治理论;依法治国;法治中国,法学理论,法学理论,法学理论,法学理论,法学理论,,308,yes
309,中国法学,2021,,3,坚持抓住领导干部这个：关键少数,陈训秋,中国法学会,,,党内法规学,宪法学与行政法学,党内法规学,党内法规学,党内法规学,,309,yes
310,中国法学,2025,000,1,城乡融合发展视域下农村土地权利制度优化的实现路径,"蔡立东[1,2]",[1]吉林大学法学院;[2]吉林大学农业农村法治研究院,21,城乡融合发展;农村土地权利要素化;农村土地权利财产化;城乡要素双向流动,环境与资源保护法学,环境与资源保护法学,环境与资源保护法学,环境与资源保护法学,环境与资源保护法学,,310,yes
311,中国法学,2018,,3,城管柔性执法：非强制框架下的效益考虑与路径选择,刘福元,东北财经大学法学院,21,城市管理;柔性执法;效益考量;优先级设置,宪法学与行政法学,宪法学与行政法学,宪法学与行政法学,宪法学与行政法学,宪法学与行政法学,,311,yes
312,中国法学,2015,0,4,域外取得的刑事证据之可采性,冯俊伟,山东大学法学院,19,域外刑事证据;证据可采性;证据排除;司法协助,刑法学,刑法学,刑法学,刑法学,刑法学,,312,yes
313,中国法学,2016,0,1,基于“相似性”本质的行政特许界定及其应用,翟翌,重庆大学法学院,18,行政特许;相似性;规制经济学;行政任务委外方式,宪法学与行政法学,宪法学与行政法学,宪法学与行政法学,宪法学与行政法学,宪法学与行政法学,,313,yes
314,中国法学,2022,0,1,基于信任的自动化决策:算法解释权的原理反思与制度重构,丁晓东[1],[1]中国人民大学法学院,20,算法;自动化决策;算法黑箱;算法解释权;个人信息,数字法学,宪法学与行政法学,民商法学,宪法学与行政法学,宪法学与行政法学,,314,yes
315,中国法学,2019,,5,基于学术不端撤销学位的程序制度建构,高俊杰[1],[1]深圳大学法学院,17,学位撤销;学术不端;同行评审,宪法学与行政法学,宪法学与行政法学,宪法学与行政法学,宪法学与行政法学,宪法学与行政法学,,315,yes
316,中国法学,2024,000,6,基于领域性支配的保证人义务：反思与重塑,张梓弦[1],[1]北京大学法学院,19,领域性支配;保证人义务;危险源;权利让渡;不作为犯,刑法学,刑法学,刑法学,刑法学,刑法学,,316,yes
317,中国法学,2021,,4,基本原则与概括条款的区分:我国诚实信用与公序良俗的解释论构造,于飞[1],[1]中国政法大学民商经济法学院,19,基本原则;概括条款;诚实信用;公序良俗;裁判依据,法学理论,法学理论,法学理论,法学理论,法学理论,,317,yes
318,中国法学,2017,,2,基本权利对民事法律行为效力的影响及其限度,刘志刚,复旦大学法学院,15,基本权利;民事法律行为;公法性强制规范;私法自治,民商法学,民商法学,民商法学,民商法学,民商法学,,318,yes
319,中国法学,2023,000,2,基本权利私人间效力法理基础的澄清与重构,杨登杰[1],[1]北京航空航天大学法学院,20,基本权利;第三人效力;客观价值;私法自治;公法与私法,民商法学,民商法学,民商法学,民商法学,民商法学,,319,yes
320,中国法学,2022,000,5,境外追赃中犯罪资产分享制度研究,商浩文[1],[1]北京师范大学法学院暨刑事法律科学研究院,19,涉外法治;境外追赃;资产分享;个案协定,国际法学,国际法学,国际法学,国际法学,国际法学,,320,yes
321,中国法学,2017,,1,境外追逃中的量刑承诺制度研究,张磊,北京师范大学刑事法律科学研究院,18,境外追逃;量刑承诺;引渡,刑法学,刑法学,刑法学,刑法学,刑法学,,321,yes
322,中国法学,2024,000,6,备案审查实施法制统一原则的必要性、可能性及其难点,秦前红[1],[1]武汉大学法学院,18,备案审查;法制统一;人权保障;规范审查;个案审查,宪法学与行政法学,宪法学与行政法学,宪法学与行政法学,宪法学与行政法学,宪法学与行政法学,,322,yes
323,中国法学,2023,000,1,大变局下中国式民主的制度优势与宪法保障,周佑勇[1],[1]中央党校(国家行政学院)政治和法律教研部,19,世界大变局;文明新形态;中国式民主;依宪治国,宪法学与行政法学,宪法学与行政法学,宪法学与行政法学,宪法学与行政法学,宪法学与行政法学,,323,yes
324,中国法学,2017,,1,大数据时代的隐私危机及其侵权法应对,徐明,武汉工商学院,20,大数据;隐私权;侵权法;责任扩张;过错推定,数字法学,民商法学,民商法学,民商法学,民商法学,,324,yes
325,中国法学,2024,000,5,大数据预测警务的运作机理、风险与法律规制,陈永生[1],[1]北京大学法学院,20,大数据;预测警务;算法;法律规制,数字法学,宪法学与行政法学,宪法学与行政法学,民商法学,宪法学与行政法学,,325,yes
326,中国法学,2020,,5,大规模侵害个人信息高额罚款研究,孙莹[1],[1]西南政法大学人工智能法学院,21,大规模侵害个人信息;行政执法;高额罚款,数字法学,民商法学,宪法学与行政法学,民商法学,宪法学与行政法学,,326,yes
327,中国法学,2017,,5,夫妻团体债务的认定及清偿,冉克平,武汉大学法学院,22,夫妻团体 共同债务 夫妻财产制 家庭利益 个人主义,民商法学,民商法学,民商法学,民商法学,民商法学,,327,yes
328,中国法学,2022,000,2,夫妻财产归属约定的法理明晰及规则适用,陈永强[1],[1]中国计量大学法学院,21,夫妻财产归属约定;物权变动;夫妻财产制;夫妻财产契约,民商法学,民商法学,民商法学,民商法学,民商法学,,328,yes
329,中国法学,2023,000,2,央地关系中的法律保留,"俞祺[1,2]",[1]北京大学法学院;[2]北京大学宪法与行政法研究中心,20,法律保留;纵向分权;立法权;法制统一;单一制,宪法学与行政法学,宪法学与行政法学,宪法学与行政法学,宪法学与行政法学,宪法学与行政法学,,329,yes
330,中国法学,2016,,4,央地关系视角下的司法改革：动力与挑战,姜峰,山东大学法学院,16,央地关系;司法改革;上访困局;民主过程;司法过程,诉讼法学,诉讼法学,诉讼法学,诉讼法学,诉讼法学,,330,yes
331,中国法学,2017,,6,奋力建设法治政府,"袁曙宏[1,2]",[1]国务院法制办公室党组;[2]中国法学会,5,法治政府建设 中国特色社会主义 全面建成小康社会 公正文明执法 依法治国 依法行政 历史方位 总书记,宪法学与行政法学,宪法学与行政法学,宪法学与行政法学,宪法学与行政法学,宪法学与行政法学,,331,yes
332,中国法学,2020,,3,契约文明起源考:以古代西亚为中心,魏琼[1],[1]华东政法大学,21,契约;契约法;契约文明;私法史,法律史,法律史,法律史,法律史,法律史,,332,yes
333,中国法学,2020,,4,婚姻家庭编的创新和发展,"夏吟兰[1,2]",[1]中国政法大学;[2]中国法学会民法典编纂项目领导小组,22,民法典婚姻家庭编;可撤销婚姻;夫妻共同债务;登记离婚冷静期;亲子关系确认收养,民商法学,民商法学,民商法学,民商法学,民商法学,,333,yes
334,中国法学,2019,,2,存款占有的归属与财产犯罪的界限,钱叶六[1],[1]华东师范大学法学院,18,现金;存款债权;存款名义人;占有;第三方支付;盗窃;侵占,刑法学,刑法学,刑法学,刑法学,刑法学,,334,yes
335,中国法学,2024,000,1,存疑有利于被告原则及司法适用,龙宗智[1],[1]四川大学法学院,20,存疑有利于被告;事实存疑;有利被告;无罪推定;司法适用,刑法学,刑法学,刑法学,刑法学,刑法学,,335,yes
336,中国法学,2024,000,5,完善推进法治社会建设机制,李林[1],[1]中国社会科学院法学研究所,6,,法学理论,法学理论,法学理论,法学理论,法学理论,,336,yes
337,中国法学,2015,0,6,定罪与量刑证明一分为二论,吕泽华,青岛大学法学院,20,量刑证明;定罪证明;证明标准;规范证明,刑法学,刑法学,刑法学,刑法学,刑法学,,337,yes
338,中国法学,2023,000,5,实体与程序互动视野下的刑事合规立法,李本灿[1],[1]山东大学法学院,21,刑事合规;单位犯罪;一元制;二元制;分离诉讼,刑法学,刑法学,刑法学,刑法学,刑法学,,338,yes
339,中国法学,2018,,2,实行犯的对象错误与教唆犯的归责问题,柏浪涛,华东师范大学法学院,17,对象错误;打击错误;教唆犯;实行犯;故意归责,刑法学,刑法学,刑法学,刑法学,刑法学,,339,yes
340,中国法学,2025,000,2,实质法益保护理念下行政犯行刑反向衔接机制的展开,刘艳红[1],[1]中国政法大学刑事司法学院,20,行政犯;行刑反向衔接;实质法益保护;审查监督机制;行政处罚,刑法学,刑法学,刑法学,刑法学,刑法学,,340,yes
341,中国法学,2015,0,5,实验法院：近代中国司法改革的一次地方试点,刘昕杰[1],[1]四川大学法学院,17,实验法院;司法改革;民国法制,法律史,法律史,法律史,法律史,法律史,,341,yes
342,中国法学,2018,,2,审判委员会制度改革路径实证研究,无,徐向华课题组,28,审判委员会;司法体制改革;审判权,诉讼法学,诉讼法学,诉讼法学,诉讼法学,诉讼法学,,342,yes
343,中国法学,2016,0,6,宪法个案解释基准的证成逻辑及其法律控制,汪进元,东南大学法学院,18,宪法解释;宪法个案基准;宪法审查;恣意释宪的控制,宪法学与行政法学,宪法学与行政法学,宪法学与行政法学,宪法学与行政法学,宪法学与行政法学,,343,yes
344,中国法学,2025,000,2,宪法实施情况报告制度的理论阐释和体系构建,李云霖[1],[1]湘潭大学法学院,19,宪法实施情况报告制度;宪法实施情况专项报告;宪法全面实施;全过程人民民主;制度体系,宪法学与行政法学,宪法学与行政法学,宪法学与行政法学,宪法学与行政法学,宪法学与行政法学,,344,yes
345,中国法学,2015,0,2,宪法的全球化：历史起源、当代潮流与理论反思,刘晗[1],[1]清华大学法学院,23,宪法全球化;司法审查;成文宪法;反多数难题;宪法文化,宪法学与行政法学,宪法学与行政法学,宪法学与行政法学,宪法学与行政法学,宪法学与行政法学,,345,yes
346,中国法学,2022,0,1,家庭法介入家庭关系的界限及其对婚姻家庭编实施的启示,夏江皓[1],[1]中国政法大学,22,家庭法;家庭关系;界限;目的性弃权;婚姻家庭编,民商法学,民商法学,民商法学,民商法学,民商法学,,346,yes
347,中国法学,2025,000,1,宽容原则之上：法律解释与存疑有利于被告,郭烁[1],[1]中国政法大学诉讼法学研究院,20,存疑有利于被告;宽容原则;解释僵局;法律适用;严格解释,刑法学,刑法学,刑法学,刑法学,刑法学,,347,yes
348,中国法学,2016,,5,对“南海仲裁案”的反思：中国如何为国际法治做出贡献,傅崐成,厦门大学南海研究院,5,国际法治;南海争端;仲裁案;中国;反思;《公约》;菲律宾;仲裁庭,国际法学,国际法学,国际法学,国际法学,国际法学,,348,yes
349,中国法学,2019,,2,对我国民事诉判关系的再思考,王杏飞[1],[1]西南政法大学,24,诉讼请求;法律关系;释明;诉判关系,诉讼法学,诉讼法学,诉讼法学,诉讼法学,诉讼法学,,349,yes
350,中国法学,2017,,3,对民事二审中撤回起诉的再认识,王杏飞,西南政法大学高等研究院,19,民事诉讼;二审;撤回起诉;另行起诉,诉讼法学,诉讼法学,诉讼法学,诉讼法学,诉讼法学,,350,yes
351,中国法学,2015,0,4,对民事判决书结构与说理的重塑,曹志勋,[1]上海交通大学凯原法学院,21,判决书;裁判说理;本案事实;裁判理由;裁判技术,民商法学,民商法学,民商法学,民商法学,民商法学,,351,yes
352,中国法学,2015,0,3,寻衅滋事罪的法教义学形象：以起哄闹事为中心展开,陈兴良[1],[1]北京大学法学院,19,寻衅滋事罪;保护法益;行为类型;主观违法要素,刑法学,刑法学,刑法学,刑法学,刑法学,,352,yes
354,中国法学,2019,,5,工伤排除规则重构:从过错到因果,侯玲玲[1],[1]深圳大学法学院,18,工伤;劳动者过错;工伤排除;因果关系,刑法学,刑法学,刑法学,刑法学,刑法学,,354,yes
355,中国法学,2019,,1,市场与政府关系的法学解构,侯利阳[1],[1]上海交通大学凯原法学院,18,市场机制;政府干预;部门法边界,宪法学与行政法学,宪法学与行政法学,宪法学与行政法学,宪法学与行政法学,宪法学与行政法学,,355,yes
356,中国法学,2019,,6,市场主体规则平等的理论阐释与法律制度构建,"刘大洪[1,2]",[1]湖北经济学院法学院;[2]中南财经政法大学法学院,18,市场主体规则平等;国有企业;国家干预,民商法学,民商法学,民商法学,民商法学,民商法学,,356,yes
357,中国法学,2023,000,2,平台用工的“劳动三分法”治理模式,王天玉[1],[1]中国社会科学院法学研究所,19,平台用工;新就业形态;类雇员;劳动三分法,数字法学,民商法学,经济法学,民商法学,经济法学,,357,yes
358,中国法学,2021,0,6,平台组织内网络企业对个人信息保护的信义义务,吴伟光[1],[1]清华大学法学院,16,个人信息保护;平台组织;网络企业;信义利益;信义义务,数字法学,民商法学,民商法学,民商法学,民商法学,,358,yes
359,中国法学,2024,000,2,平台金融化规制路径的反思与重构：以长租平台为例,冯辉[1],[1]对外经济贸易大学法学院,19,平台金融化;长租平台;住房租赁金融;结果主义规制;整体主义规制,数字法学,经济法学,经济法学,经济法学,经济法学,,359,yes
360,中国法学,2018,,5,应对灵活用工的劳动法制度重构,涂永前,中国人民大学劳动人事学院,19,灵活用工;非标准劳动关系;劳动法,经济法学,民商法学,经济法学,经济法学,经济法学,,360,yes
361,中国法学,2017,,6,庭审中心视域下的民事审前准备程序研究,段文波,西南政法大学,18,庭审中心 审前准备程序 口头辩论主义 争点整理,诉讼法学,诉讼法学,诉讼法学,诉讼法学,诉讼法学,,361,yes
362,中国法学,2017,,6,建设中国特色社会主义法治文化,张苏军,中国法学会党组,5,中国特色社会主义思想 社会主义法治文化 中国特色社会主义事业 建设中国特色社会主义 全面建成小康社会 社会主义法治精神 国家发展 国内外形势,法学理论,法学理论,法学理论,法学理论,法学理论,,362,yes
363,中国法学,2020,,4,张居正改革中的考成法考论,陈国平[1],[1]中国社会科学院法学研究所,17,张居正改革;考成法;姑息之政;官僚主义,法律史,法律史,法律史,法律史,法律史,,363,yes
364,中国法学,2017,0,4,强制预防接种补偿责任的性质与构成,伏创宇,中国青年政治学院法学院,15,预防接种;危险责任;特别牺牲,环境与资源保护法学,环境与资源保护法学,环境与资源保护法学,环境与资源保护法学,环境与资源保护法学,,364,yes
365,中国法学,2015,0,6,当代中国的法律实证研究,程金华,华东政法大学国际金融法律学院、法律实证研究中心,19,法律实证研究;社科法学;法社会学;法学方法论,法学理论,法学理论,法学理论,法学理论,法学理论,,365,yes
366,中国法学,2018,,2,形式与实质之争：税法视域的检讨,汤洁茵,中国社会科学院大学政法学院,21,法律形式主义;实质课税;税收构成要件;税法解释;事实判定,经济法学,经济法学,经济法学,经济法学,经济法学,,366,yes
367,中国法学,2017,0,4,恶意串通法律规范的合理性,张平华,烟台大学法学院,20,恶意串通;构成要件;民法总则;虚假行为,民商法学,民商法学,民商法学,民商法学,民商法学,,367,yes
368,中国法学,2015,0,2,成年监护制度的现代转向,李霞[1],[1]华东政法大学,21,人权监护;部分监护;意定监护;监护监督,法学理论,法学理论,法学理论,法学理论,法学理论,,368,yes
369,中国法学,2019,,1,我国《证券法》上证券概念的扩大及其边界,邢会强[1],[1]不详,20,证券;金融商品;金融投资商品;投资合同;豪威测试,民商法学,民商法学,民商法学,民商法学,民商法学,,369,yes
370,中国法学,2025,000,1,我国专利制度现代化的自主逻辑体系建构,马一德[1],[1]中国科学院大学知识产权学院,19,专利制度现代化;市场机制;新型举国体制;开放式创新,知识产权法学,民商法学,知识产权法学,知识产权法学,知识产权法学,,370,yes
371,中国法学,2018,,5,我国个人敏感信息界定之构想,胡文涛,上海海事大学法学院,20,个人敏感信息;个人信息安全规范;个人信息保护,数字法学,民商法学,民商法学,民商法学,民商法学,,371,yes
372,中国法学,2020,,5,我国保险法因果关系判断路径与规则,初北平[1],[1]大连海事大学保险法研究中心,21,因果关系;实质作用原因;比例因果关系;复合原因;合同解释,刑法学,刑法学,刑法学,刑法学,刑法学,,372,yes
373,中国法学,2020,,5,我国公共卫生法治的理论坐标与制度构建,李广德[1],[1]中国社会科学院法学研究所,19,公共卫生法;公共卫生法理;公共卫生法治;健康权利保障,环境与资源保护法学,环境与资源保护法学,环境与资源保护法学,环境与资源保护法学,环境与资源保护法学,,373,yes
374,中国法学,2016,,5,我国养老基金投资的审慎投资人规则,张春丽,中国政法大学民商经济法学院,21,养老基金;投资风险;审慎投资人规则,经济法学,经济法学,经济法学,经济法学,经济法学,,374,yes
375,中国法学,2025,000,2,我国农村集体养老的法律制度供给,李蕊[1],[1]中国政法大学民商经济法学院,20,农村养老;农村集体养老;集体所有权;农村集体经济组织,民商法学,民商法学,民商法学,民商法学,民商法学,,375,yes
376,中国法学,2021,,5,我国刑事缺席审判程序中的异议权,邵劭[1],[1]杭州师范大学沈钧儒法学院,22,刑事缺席审判;异议权;重新审理;救济,刑法学,刑法学,刑法学,刑法学,刑法学,,376,yes
377,中国法学,2016,0,6,我国刑事证据推理模式的转型：从日常思维到精密论证,封利强,浙江工商大学法学院,24,司法证明;证据推理;威格莫尔分析法;图尔敏模型,刑法学,刑法学,刑法学,刑法学,刑法学,,377,yes
378,中国法学,2022,000,2,我国刑法制裁体系的反思与完善,彭文华[1],[1]上海政法学院,20,刑法制裁体系;刑法制裁方法;刑法制裁制度;分配正义,刑法学,刑法学,刑法学,刑法学,刑法学,,378,yes
379,中国法学,2017,,5,我国刑法的新发展,"郎胜[1,2]",[1]全国人大常委会 [2]全国人大法律委员会,24,1997年刑法 刑法修正案 刑法立法 刑法谦抑性,刑法学,刑法学,刑法学,刑法学,刑法学,,379,yes
380,中国法学,2016,,4,我国受贿罪量刑地区差异问题实证研究,王剑波,首都经济贸易大学法学院,21,受贿罪;量刑差异;实证研究,刑法学,刑法学,刑法学,刑法学,刑法学,,380,yes
381,中国法学,2021,,4,我国成文法体制下不同属性判例的功能定位,顾培东[1],[1]四川大学法学院,20,判例运用;指导性案例;示范性案例;一般性判例,法学理论,法学理论,法学理论,法学理论,法学理论,,381,yes
382,中国法学,2021,0,6,我国政府架构下的权力配置模式及其定型化,门中敬[1],[1]山东大学法学院(威海),22,"国家权力配置;党的领导;责任政治;""统分结合""模式;定型化",宪法学与行政法学,宪法学与行政法学,宪法学与行政法学,宪法学与行政法学,宪法学与行政法学,,382,yes
383,中国法学,2025,000,2,我国权责清单制度质效研究,刘启川[1],[1]东南大学法学院,20,权责清单;权力清单;责任清单;制度效用;提质增效,宪法学与行政法学,宪法学与行政法学,宪法学与行政法学,宪法学与行政法学,宪法学与行政法学,,383,yes
384,中国法学,2018,,1,我国民事司法多元化改革的现状与未来,周翠,浙江大学光华法学院,24,司法多元化;民事司法;审限;在线调解;大数据,数字法学,诉讼法学,诉讼法学,民商法学,诉讼法学,,384,yes
385,中国法学,2015,0,2,我国民事庭审阶段化构造再认识,段文波[1],[1]西南政法大学,27,庭审结构;辩论主义;口头辩论;证据调查,诉讼法学,诉讼法学,诉讼法学,诉讼法学,诉讼法学,,385,yes
386,中国法学,2015,0,2,我国民事案件开庭审理程序与方式之检讨与重塑,章武生[1],[1]复旦大学法学院,15,开庭审理;法庭辩论;争点确定;疑点排除,诉讼法学,诉讼法学,诉讼法学,诉讼法学,诉讼法学,,386,yes
387,中国法学,2019,,4,我国民事管辖审查程序的反思与修正,段文波[1],[1]西南政法大学,21,复式混合审查;管辖权异议;应诉管辖;口头辩论;程序保障,诉讼法学,诉讼法学,诉讼法学,诉讼法学,诉讼法学,,387,yes
388,中国法学,2019,,4,我国民法典中的成年人自主监护:理念与规则,费安玲[1],[1]中国政法大学比较法研究院,22,成年人自主监护;意定监护;监护规则,民商法学,民商法学,民商法学,民商法学,民商法学,,388,yes
389,中国法学,2024,000,1,我国海洋法权的宪法规范构建,杨华[1],[1]上海政法学院,19,海洋法权;宪法规范;海洋法治;海洋强国战略,国际法学,国际法学,国际法学,国际法学,国际法学,,389,yes
390,中国法学,2017,,3,我国环境公益诉讼制度的建构问题与解决对策,罗丽,北京理工大学法学院,23,环境民事公益诉讼;环境行政公益诉讼;刑事附带民事诉讼,刑法学,刑法学,刑法学,刑法学,刑法学,,390,yes
391,中国法学,2018,,4,我国电子商务法调整的社会关系范围,刘颖,暨南大学法学院,22,电子商务立法;《电子商务法（草案）》;调整对象;社会关系,民商法学,民商法学,民商法学,民商法学,民商法学,,391,yes
392,中国法学,2017,0,4,我国监察体制改革若干问题思考,"陈光中[1,2];邵俊[1,3]",[1]国家2011计划司法文明协同创新中心;[2]中国政法大学诉讼法学研究院;[3]中国政法大学刑事司法学院,14,监察体制改革;国家治理现代化;监察权;司法权,诉讼法学,诉讼法学,诉讼法学,诉讼法学,诉讼法学,,392,yes
393,中国法学,2023,000,6,我国立法权的内在构成及其配置原理的完善,杨登峰[1],[1]东南大学法学院,20,地方先行立法;立法权配置;权力层级配给制;事务性质配给制,宪法学与行政法学,宪法学与行政法学,宪法学与行政法学,宪法学与行政法学,宪法学与行政法学,,393,yes
394,中国法学,2015,0,6,我国第三人撤销之诉的实践运行研究,郑金玉,河南大学法学院,19,第三人撤销之诉;构成要件;虚假诉讼;原告适格,诉讼法学,诉讼法学,诉讼法学,诉讼法学,诉讼法学,,394,yes
395,中国法学,2020,,4,我国继承制度的完善与规则适用,"杨立新[1,2]","[1]中国人民大学法学院,中国人民大学民商事法律科学研究中心;[2]中国法学会民法典编纂项目领导小组",21,民法典继承编;继承规则;遗嘱;遗产管理人,民商法学,民商法学,民商法学,民商法学,民商法学,,395,yes
396,中国法学,2024,000,2,我国继承法自主知识体系的守正与创新,马新彦[1],[1]吉林大学法学院,21,法学自主知识体系;守正创新;限定继承;代际传承性遗产,民商法学,民商法学,民商法学,民商法学,民商法学,,396,yes
397,中国法学,2015,0,1,我国网络信息的政府治理机制研究,尹建国[1],[1]华中科技大学法学院,18,网络信息;政府治理;网络法治,数字法学,宪法学与行政法学,宪法学与行政法学,民商法学,宪法学与行政法学,,397,yes
398,中国法学,2018,,3,我国网络法治的经验与启示,徐汉明,中南财经政法大学法治发展与司法改革研究中心,20,网络治理;网络强国;数字经济;智慧社会,数字法学,经济法学,经济法学,经济法学,经济法学,,398,yes
399,中国法学,2021,,4,我国行政法法典编纂的程序主义进路选择,王万华[1],[1]中国政法大学诉讼法学研究院,20,行政法法典;法典编纂;程序主义进路;行政活动,宪法学与行政法学,宪法学与行政法学,宪法学与行政法学,宪法学与行政法学,宪法学与行政法学,,399,yes
400,中国法学,2023,000,2,我国行政给付义务类型化及其法律拘束,胡敏洁[1],[1]浙江大学光华法学院,19,行政给付义务;类型化;公私法;法律拘束,民商法学,民商法学,民商法学,民商法学,民商法学,,400,yes
401,中国法学,2023,000,3,我国证券集体诉讼的制度创制与初步实践研究,焦津洪[1],[1]中国证监会,21,证券集体诉讼;境外证券集团诉讼;康美药业案,民商法学,民商法学,民商法学,民商法学,民商法学,,401,yes
402,中国法学,2017,,2,我国证券集团诉讼的模式选择与制度重构,章武生,复旦大学法学院,27,集团诉讼;证券集团诉讼;加入制;退出制,民商法学,民商法学,民商法学,民商法学,民商法学,,402,yes
403,中国法学,2024,000,6,我国轻罪案件的程序实践检讨,张栋[1],[1]华东政法大学刑事法学院,19,轻罪案件;程序出罪;以证据为中心的刑事指控体系;检察官裁判,刑法学,刑法学,刑法学,刑法学,刑法学,,403,yes
404,中国法学,2023,000,5,我国逮捕与羁押制度改革若干问题探讨,"陈光中[1];路旸[2,3]",[1]中国政法大学;[2]中国政法大学诉讼法学研究院;[3]中国政法大学检察基础理论研究基地,22,逮捕;羁押;社会危险性;电子监控;风险量化评估,刑法学,刑法学,刑法学,刑法学,刑法学,,404,yes
405,中国法学,2019,,5,我国逮捕制度改革检讨,刘计划[1],[1]中国人民大学刑事法律科学研究中心,21,逮捕制度;逮捕条件;逮捕审查程序;羁押必要性,刑法学,刑法学,刑法学,刑法学,刑法学,,405,yes
406,中国法学,2023,000,4,我国金融机构股东加重责任的扩张与规范,赖虹宇[1],[1]西南财经大学法学院,20,股东加重责任;金融控股公司;金融稳定法;公司法,民商法学,民商法学,民商法学,民商法学,民商法学,,406,yes
407,中国法学,2020,,5,我国飞跃上诉的制度构建:兼论有限三审制的改革路径,方斯远[1],[1]暨南大学法学院/知识产权学院,21,飞跃上诉;审级制度;许可上诉;有限三审制,诉讼法学,诉讼法学,诉讼法学,诉讼法学,诉讼法学,,407,yes
408,中国法学,2015,0,3,我国食品安全责任强制保险的法律构造研究,于海纯[1],[1]对外经济贸易大学法学院,21,食品安全责任强制保险;食品安全治理;信用增进;风险分担,民商法学,民商法学,民商法学,民商法学,民商法学,,408,yes
409,中国法学,2023,000,5,执行价款分配模式转型之辨,陈杭平[1],[1]清华大学法学院,20,执行价款分配;平等主义;优先主义;群团优先主义,诉讼法学,诉讼法学,诉讼法学,诉讼法学,诉讼法学,,409,yes
410,中国法学,2020,,1,执行时效期间的再改革,"霍海红[1,2]",[1]浙江大学光华法学院;[2]国家“2011计划”司法文明协同创新中心,19,执行时效;诉讼时效;终本程序;执行难,诉讼法学,诉讼法学,诉讼法学,诉讼法学,诉讼法学,,410,yes
411,中国法学,2018,,4,承包地三权分置的法律表达,"高圣平[1,2]",[1]中国人民大学民商事法律科学研究中心;[2]中国人民大学法学院,21,“三权”分置;土地承包经营权;土地承包权;土地经营权,环境与资源保护法学,环境与资源保护法学,环境与资源保护法学,环境与资源保护法学,环境与资源保护法学,,411,yes
412,中国法学,2023,000,3,投资者保护基金先行赔付制度的反思与重构,袁康[1],[1]武汉大学法学院,22,证券民事赔偿;先行赔付;投资者保护基金;公共补偿,民商法学,民商法学,民商法学,民商法学,民商法学,,412,yes
413,中国法学,2017,,6,抢劫罪与敲诈勒索罪之界分：基于被害人的处分自由,车浩,北京大学法学院,21,抢劫罪 敲诈勒索罪 两个当场 处分自由 被害人教义学,法学理论,法学理论,法学理论,法学理论,法学理论,,413,yes
414,中国法学,2016,0,1,担保物权司法解释起草中的重大争议问题,"高圣平[1,2]",[1]中国人民大学民商事法律科学研究中心;[2]中国人民大学法学院,19,越权代表;公司担保;金融担保创新;独立保证;混合共同担保,民商法学,民商法学,民商法学,民商法学,民商法学,,414,yes
415,中国法学,2016,,3,指定居所监视居住实施问题的解释论分析,程雷,中国人民大学刑事法律科学研究中心,18,监视居住;指定居所监视居住;限制自由,法学理论,法学理论,法学理论,法学理论,法学理论,,415,yes
416,中国法学,2015,0,1,指导性案例法源地位再反思,雷磊[1],[1]中国政法大学法理学研究所,19,指导性案例;法源双层构造论;附属的制度性权威;准法源,法学理论,法学理论,法学理论,法学理论,法学理论,,416,yes
417,中国法学,2018,,5,损害救济新旧法适用选择的过渡法规则,刘国乾,云南大学法学院,23,新旧法冲突;过渡法;损害救济;新法即行适用,民商法学,民商法学,民商法学,民商法学,民商法学,,417,yes
418,中国法学,2024,000,4,控制性详细规划的法律定位及控制,李泠烨[1],[1]上海师范大学哲学与法政学院,20,控制性详细规划;“目的—手段”模式;规划权衡;交互一体行政机制;多元行政任务,宪法学与行政法学,宪法学与行政法学,宪法学与行政法学,宪法学与行政法学,宪法学与行政法学,,418,yes
419,中国法学,2022,000,6,推进中国式法治现代化 构建人类法治文明新形态——对党的二十大报告的法治要义阐释,黄文艺[1],[1]中国人民大学法学院,22,中国式现代化;中国式法治现代化;中国特色社会主义法治体系;法治中国;人类法治文明新形态,党内法规学,法学理论,法学理论,法学理论,法学理论,,419,yes
420,中国法学,2016,,2,提高民事诉讼证明标准的理论反思,霍海红,吉林大学法学院,22,证明标准;自由心证;高度盖然性;排除合理怀疑,诉讼法学,诉讼法学,诉讼法学,诉讼法学,诉讼法学,,420,yes
421,中国法学,2016,,3,政府信息公开的宪法逻辑,秦小建,中南财经政法大学,23,知情权;政府信息公开;主权逻辑;治理逻辑,宪法学与行政法学,宪法学与行政法学,宪法学与行政法学,宪法学与行政法学,宪法学与行政法学,,421,yes
422,中国法学,2017,0,4,政府规制中的信用工具研究,王瑞雪,南开大学法学院,16,政府规制;信用工具;公法约束,宪法学与行政法学,宪法学与行政法学,宪法学与行政法学,宪法学与行政法学,宪法学与行政法学,,422,yes
423,中国法学,2017,,3,敌意收购的法律立场,傅穹,吉林大学法学院,18,敌意收购;上市公司控制权争夺;反收购条款;章程自治,民商法学,民商法学,民商法学,民商法学,民商法学,,423,yes
424,中国法学,2025,000,2,敏感个人信息保护制度的解释性重构,丁晓东[1],[1]中国人民大学法学院,20,个人信息保护;敏感个人信息;反歧视;场景化;私密信息,数字法学,民商法学,民商法学,民商法学,民商法学,,424,yes
425,中国法学,2024,000,4,教育法法典化的规范选择,管华[1],[1]广西大学法学院,21,教育法典;涉“教育”规范;“行业法”范式;规范选择,法学理论,法学理论,法学理论,法学理论,法学理论,,425,yes
426,中国法学,2024,000,3,数字丝绸之路跨国法律秩序的建构与完善,彭岳[1],[1]南京大学法学院,20,数字丝绸之路;跨国法律秩序;“北京效应”;跨国法律过程;“布鲁塞尔效应”,数字法学,国际法学,国际法学,国际法学,国际法学,,426,yes
427,中国法学,2024,000,3,数字人权原则司法适用的逻辑展开,高一飞[1],[1]浙江工商大学法学院,20,数字人权;法律原则;司法适用,数字法学,宪法学与行政法学,诉讼法学,宪法学与行政法学,诉讼法学,,427,yes
428,中国法学,2024,000,1,数字人身同一认定的技术力量与规制,李学军[1],[1]中国人民大学法学院,21,数字人身同一认定;人脸识别;个人信息保护;隐私权;算法权力,数字法学,民商法学,民商法学,民商法学,民商法学,,428,yes
429,中国法学,2023,000,6,数字化时代国际贸易协定中的文化条款,时业伟[1],[1]北京师范大学法学院,20,数字经济;国际贸易协定;文化多样性;文化条款,数字法学,国际法学,国际法学,经济法学,国际法学,,429,yes
430,中国法学,2021,,3,数字化行政方式的权力正当性检视,展鹏贺[1],[1]湖南大学法学院,25,数字化;行政方式;行政程序;人工智能;正当性,数字法学,宪法学与行政法学,宪法学与行政法学,宪法学与行政法学,宪法学与行政法学,,430,yes
431,中国法学,2023,000,4,数字时代个人信用权的构造与规制,冉克平[1],[1]武汉大学法学院,20,数字信用;信用权;信用信息;公共信用;损害赔偿,数字法学,民商法学,民商法学,民商法学,民商法学,,431,yes
432,中国法学,2024,000,4,数字时代科学立法的法理研究,金梦[1],[1]华东政法大学法律学院,20,数字时代;科学立法;领域性立法;立法理性;数字化善治,数字法学,法学理论,法学理论,法学理论,法学理论,,432,yes
433,中国法学,2023,000,2,数字时代隐私权的社会理论重构,"余成峰[1,2]",[1]北京航空航天大学法学院;[2]人文与社会科学高等研究院,20,隐私权;个人信息保护;数字时代;社会理论;社会本位,数字法学,民商法学,民商法学,民商法学,民商法学,,433,yes
434,中国法学,2023,000,1,数字法学的前提性命题与核心范式,彭诚信[1],[1]上海交通大学凯原法学院,22,数字法学;数字社会;个人信息;算法识别;核心范式,数字法学,法学理论,数字法学,数字法学,数字法学,,434,yes
435,中国法学,2022,000,3,数字法学的理论表达,马长山[1],[1]华东政法大学,26,新文科;新法科;计算法学;数字法学;数字法治,数字法学,法学理论,数字法学,数字法学,数字法学,,435,yes
436,中国法学,2025,000,1,数字法学范畴体系的分层结构与逻辑展开,"任颖[1,2]",[1]广东外语外贸大学法学院;[2]广东外语外贸大学地方立法基地,20,数字法学;范畴分层;数据安全;信息保护;算法规制,数字法学,宪法学与行政法学,数字法学,数字法学,数字法学,,436,yes
437,中国法学,2022,000,4,数字法学视野下的网络空间治理,何邦武[1],[1]南京航空航天大学人文与社会科学学院,18,数字法学;领域法学;网络空间治理;算法规制;数字权利保护,数字法学,宪法学与行政法学,数字法学,数字法学,数字法学,,437,yes
438,中国法学,2023,000,1,数字经济时代我国数据犯罪刑法规制的挑战与应对,杨志琼[1],[1]东南大学法学院,18,数据犯罪;数据安全法益;访问权限;公开数据;出罪化,数字法学,刑法学,刑法学,经济法学,刑法学,,438,yes
439,中国法学,2024,000,5,数字财产权对传统财产权理论的重构,孙建伟[1],[1]上海市法学会研究部,21,数字货币;数字资产;区块链;数据产权;NFT,数字法学,民商法学,民商法学,民商法学,民商法学,,439,yes
440,中国法学,2023,000,4,数字金融公平价值的实现路径研究,靳文辉[1],[1]重庆大学法学院,18,数字金融;数字技术;金融公平;公平价值,数字法学,经济法学,经济法学,经济法学,经济法学,,440,yes
441,中国法学,2025,000,1,数据产权登记的基本问题研究,孙莹[1],[1]西南政法大学民商法学院,20,数据确权;数据流转;数据登记;数据交付;数据善意取得,数字法学,经济法学,民商法学,民商法学,民商法学,,441,yes
442,中国法学,2021,,2,数据爬取的正当性及其边界,许可[1],[1]对外经济贸易大学法学院,23,数据流通;数据爬取;权衡法则;数据权属;数据再利用,数字法学,民商法学,民商法学,民商法学,民商法学,,442,yes
443,中国法学,2022,000,4,数据科技伦理法律化问题探究,黎四奇[1],[1]湖南大学法学院,21,数据科技;伦理风险;法律;伦理法律化,数字法学,法学理论,法学理论,民商法学,法学理论,,443,yes
444,中国法学,2022,000,4,数据财产的权利架构与规则展开,沈健州[1],[1]清华大学法学院,22,数据财产;权利架构;权利规则;个人信息;数据合理使用,数字法学,民商法学,民商法学,民商法学,民商法学,,444,yes
445,中国法学,2024,000,4,数据资产入表的法律配置,张素华[1],[1]武汉大学法学院,21,数据资产入表;数据确权;数据质量;数据安全;价值评估,数字法学,经济法学,民商法学,民商法学,民商法学,,445,yes
446,中国法学,2022,0,1,数智化社会的法律调控,齐延平[1],[1]北京理工大学法学院,22,数智化社会;架构化;先在规制;法律预嵌;算法化运行,数字法学,法学理论,数字法学,数字法学,数字法学,,446,yes
447,中国法学,2021,,2,整体主义视角下公司法的理念调适与体系重塑,冯果[1],[1]武汉大学法学院,23,公司法;立法体系;整体主义;资本市场,民商法学,民商法学,民商法学,民商法学,民商法学,,447,yes
448,中国法学,2025,000,1,文化法治体系的法理意蕴与实践展开,杨清望[1],[1]中南大学法学院,20,习近平文化思想;习近平法治思想;文化法治体系;文化体制机制改革,法学理论,法学理论,法学理论,法学理论,法学理论,,448,yes
449,中国法学,2024,000,5,文明转型中权利概念的历史场域与理论范式,张恒山[1],[1]天津大学法学院,17,权利;历史场域;理论范式;自由;强制;应得,法学理论,法学理论,法学理论,法学理论,法学理论,,449,yes
450,中国法学,2022,000,3,新一代法律智能系统的逻辑推理和论证说理,刘东亮[1],[1]西安交通大学法学院,20,法律智能系统;逻辑推理;论证说理;人机协同,法学理论,法学理论,法学理论,法学理论,法学理论,,450,yes
451,中国法学,2019,,5,新中国国际法学70年:历程、贡献与发展方向,杨泽伟[1],[1]武汉大学国际法研究所,17,现代国际法;国际法学;“一带一路”倡议;人类命运共同体,国际法学,国际法学,国际法学,国际法学,国际法学,,451,yes
452,中国法学,2020,,2,新出土金文所见西周罚金刑研究,雷安军[1],[1]重庆大学法学院,13,新出土金文;罚金刑;五罚,法律史,法律史,法律史,法律史,法律史,,452,yes
453,中国法学,2024,000,5,新就业形态法律关系认定规则,娄宇[1],[1]中国政法大学民商经济法学院,20,新就业形态;劳动关系认定;从属性;不完全劳动关系;教义学,经济法学,民商法学,经济法学,经济法学,经济法学,,453,yes
454,中国法学,2019,,1,新时代“德法合治”方略的哲理思考,龙大轩[1],[1]西南政法大学,18,法治;德治;德法合治,法学理论,法学理论,法学理论,法学理论,法学理论,,454,yes
455,中国法学,2023,000,1,新时代中国国际法理论的发展,何志鹏[1],[1]吉林大学理论法学研究中心、法学院,22,新时代国际法理论;国际法治;涉外法治;中国特色,国际法学,国际法学,国际法学,国际法学,国际法学,,455,yes
456,中国法学,2018,,3,新时代中国法治现代化的战略安排,公丕祥,南京师范大学法学院,24,法治图式;国家发展战略;法治现代化;战略安排,法学理论,法学理论,法学理论,法学理论,法学理论,,456,yes
457,中国法学,2017,,6,新时代全面依法治国的思想、方略和实践,"张文显[1,2,3]",[1]中国法学会;[2]吉林大学;[3]司法文明协同创新中心,24,法治定力 法治思想 法治方略 法治实践 依法治国 法治中国,法学理论,法学理论,法学理论,法学理论,法学理论,,457,yes
458,中国法学,2018,,5,新时代发展权救济的法理审思,蒋银华,广州大学法学院,21,发展权;法律救济;一体化救济;国家义务,法学理论,法学理论,法学理论,法学理论,法学理论,,458,yes
459,中国法学,2023,000,3,新时代司法改革的逻辑展开与路径思考,丁亮华[1],[1]中南大学法学院,21,司法体制改革;司法管理体制;司法权力运行机制;综合配套改革,诉讼法学,诉讼法学,诉讼法学,诉讼法学,诉讼法学,,459,yes
460,中国法学,2024,000,3,新时代国家安全法学论纲,李翔[1],[1]华东政法大学刑事法学院、国家安全研究院,20,总体国家安全观;习近平法治思想;国家安全法治化;国家安全法学,法学理论,法学理论,法学理论,法学理论,法学理论,,460,yes
461,中国法学,2019,,3,新时代坚定不移走中国特色社会主义法治道路,李林[1],[1]中国社会科学院法学研究所,21,党的领导;依法治国;改革开放;法治道路;新时代,党内法规学,法学理论,法学理论,法学理论,法学理论,,461,yes
462,中国法学,2019,,4,新时代政法改革论纲,黄文艺[1],[1]中国人民大学法学院,21,政法改革;司法改革;法治中国;平安中国,诉讼法学,诉讼法学,诉讼法学,诉讼法学,诉讼法学,,462,yes
463,中国法学,2019,,6,新时代检察权的定位、特征与发展趋向,苗生明[1],[1]最高人民检察院第一检察厅,17,检察权;法律监督;公共利益;检察审查,诉讼法学,诉讼法学,诉讼法学,诉讼法学,诉讼法学,,463,yes
464,中国法学,2024,000,2,新时代能动司法的倡导与回应型司法的构建,顾培东[1],[1]四川大学法学院,20,能动司法;实践面相;回应型司法;回应维度与机制,法学理论,法学理论,法学理论,法学理论,法学理论,,464,yes
465,中国法学,2023,000,1,新科技时代的法学基本范畴：挑战与回应,雷磊[1],[1]中国政法大学法学院,20,新科技时代;人工智能;大数据;法学基本范畴;法理学回应,数字法学,法学理论,法学理论,民商法学,法学理论,,465,yes
466,中国法学,2019,,5,智慧社会背景下的“第四代人权”及其保障,马长山[1],[1]华东政法大学,20,智慧社会;数字人权;第四代人权;法治保障,数字法学,宪法学与行政法学,宪法学与行政法学,宪法学与行政法学,宪法学与行政法学,,466,yes
467,中国法学,2016,0,6,最高人民检察院司法解释研究,孙谦,最高人民检察院,15,最高人民检察院;司法解释;立法解释,诉讼法学,诉讼法学,诉讼法学,诉讼法学,诉讼法学,,467,yes
468,中国法学,2019,,2,有限公司股东清算义务人地位质疑,梁上上[1],[1]清华大学,19,股东;董事;清算;清算义务人;解散,民商法学,民商法学,民商法学,民商法学,民商法学,,468,yes
469,中国法学,2022,000,3,未成年人违警行为的提出与立法辨证,姚建龙[1],[1]上海社会科学院法学研究所,17,预防未成年人犯罪法;未成年人罪错;违警行为;保护主义;先议权,刑法学,刑法学,刑法学,刑法学,刑法学,,469,yes
470,中国法学,2020,,1,机关运行保障的立法逻辑,"湛中乐[1,2]",[1]北京大学法学院;[2]石河子大学法学院,18,《机关事务管理条例》;机关运行保障;《机关运行保障法》,宪法学与行政法学,宪法学与行政法学,宪法学与行政法学,宪法学与行政法学,宪法学与行政法学,,470,yes
471,中国法学,2016,,3,机动车自愿责任险排除连带赔偿责任,"邢海宝[1,2]",[1]中国人民大学民商事法律科学研究中心;[2]中国人民大学法学院,17,可保性;自愿保险;连带责任;按份赔付;直接请求权,民商法学,民商法学,民商法学,民商法学,民商法学,,471,yes
472,中国法学,2018,,1,权力挂起：行政组织法的新变式？,熊樟林,东南大学法学院,19,行政权力挂起;行政不作为;行政组织法,宪法学与行政法学,宪法学与行政法学,宪法学与行政法学,宪法学与行政法学,宪法学与行政法学,,472,yes
473,中国法学,2017,,3,构建我国行政审判“参照”惯例制度,柳砚涛,山东大学法学院,17,行政审判;参照;惯例,诉讼法学,诉讼法学,诉讼法学,诉讼法学,诉讼法学,,473,yes
474,中国法学,2021,,5,构建认定行政违法前置的行政犯追诉启动模式,张泽涛[1],[1]广州大学法学院,17,行政犯;自然犯;专业性认定;刑事在先,刑法学,刑法学,刑法学,刑法学,刑法学,,474,yes
475,中国法学,2015,0,6,标准必要专利反垄断诉讼问题研究,王晓晔,湖南大学法学院,22,标准必要专利;市场支配地位;FRAND许可费;禁令请求;华为诉IDC案,知识产权法学,民商法学,知识产权法学,知识产权法学,知识产权法学,,475,yes
476,中国法学,2024,000,2,核定征收适用范围的延展及其反思,侯卓[1],[1]中南财经政法大学法学院,21,核定征收;查账征收;税收征收管理法;司法审查;法律规制,宪法学与行政法学,宪法学与行政法学,宪法学与行政法学,宪法学与行政法学,宪法学与行政法学,,476,yes
477,中国法学,2015,0,3,核心国际人权条约缔约国报告制度：困境与出路,尹生,中南财经政法大学法学院,18,缔约国报告制度;核心国际人权条约;条约机构;非政府组织;人权法理学,国际法学,国际法学,国际法学,国际法学,国际法学,,477,yes
478,中国法学,2015,0,1,检察官办案责任制相关问题研究,"龙宗智[1,2]",[1]四川大学法学院;[2]教育部2011计划司法文明协同创新中心,17,司法责任制;主任检察官;检察权运行机制,诉讼法学,诉讼法学,诉讼法学,诉讼法学,诉讼法学,,478,yes
479,中国法学,2018,,2,检察指导案例效力研究,万春,最高人民检察院法律政策研究室,14,检察指导案例;参照适用;制约因素;效力发挥,诉讼法学,诉讼法学,诉讼法学,诉讼法学,诉讼法学,,479,yes
480,中国法学,2022,000,4,检察环境公益诉讼的理论优化与制度完善,陈晓景[1],[1]河南财经政法大学民商经济法学院,17,公益;环境公益;生态共同体利益;检察环境公益诉讼,环境与资源保护法学,环境与资源保护法学,环境与资源保护法学,环境与资源保护法学,环境与资源保护法学,,480,yes
481,中国法学,2019,,3,正当程序原则司法适用的正当性:回归规范立场,蒋红珍[1],[1]上海交通大学凯原法学院,18,正当程序原则;司法适用;法定程序;规范依据,诉讼法学,诉讼法学,诉讼法学,诉讼法学,诉讼法学,,481,yes
482,中国法学,2019,,2,"正当防卫中的""误判特权""及其边界",陈璇[1],[1]中国人民大学刑事法律科学研究中心,25,正当防卫;误判特权;判断标准;防卫限度,刑法学,刑法学,刑法学,刑法学,刑法学,,482,yes
483,中国法学,2019,,2,正当防卫限度判断的适用难题与改进方案,"姜涛[1,2]",[1]南京师范大学法学院;[2]中国法治现代化研究院,21,正当防卫;责任阻却事由;必需说;适当说;法律不强人所难,刑法学,刑法学,刑法学,刑法学,刑法学,,483,yes
484,中国法学,2023,000,6,正确认识和评价马锡五审判方式,郝铁川[1],[1]河南大学法学院,17,马锡五审判方式;集体司法智慧;全过程人民民主;全过程能动司法,诉讼法学,诉讼法学,诉讼法学,诉讼法学,诉讼法学,,484,yes
485,中国法学,2015,0,1,死刑替代措施：一个需要警惕的刑法概念,王志祥[1],[1]北京师范大学刑事法律科学研究院,13,死刑替代措施;死刑废除;刑罚结构,刑法学,刑法学,刑法学,刑法学,刑法学,,485,yes
486,中国法学,2021,,2,死刑案件量刑阶段的轻刑推定原则,姚莉[1],[1]中南财经政法大学法学院,17,死刑量刑;无罪推定;轻刑推定;程序正义,刑法学,刑法学,刑法学,刑法学,刑法学,,486,yes
487,中国法学,2018,,2,死刑适用的规范论标准,冯军,中国人民大学刑事法律科学研究中心,18,死刑适用标准;规范论;罪行极其严重,刑法学,刑法学,刑法学,刑法学,刑法学,,487,yes
488,中国法学,2016,,2,比例原则在民法上的适用及展开,郑晓剑,厦门大学法学院,23,比例原则;私法自治;完全赔偿;禁治产制度,民商法学,民商法学,民商法学,民商法学,民商法学,,488,yes
489,中国法学,2017,,5,比例原则的普遍化与基本权利的性质,陈景辉,中国政法大学,24,比例原则 基本权利 权利冲突 公共福祉,宪法学与行政法学,宪法学与行政法学,宪法学与行政法学,宪法学与行政法学,宪法学与行政法学,,489,yes
490,中国法学,2022,000,6,比例原则的法理属性及其私法适用,于柏华[1],[1]浙江工商大学法学院,22,比例原则;价值平衡;三要素比例原则;一要素比例原则;私法,民商法学,民商法学,民商法学,民商法学,民商法学,,490,yes
491,中国法学,2021,0,6,民事二审不开庭审理的反思与修正,段文波[1],[1]西南政法大学,19,续审制;书面审;直接主义;口头辩论;法庭调查,诉讼法学,诉讼法学,诉讼法学,诉讼法学,诉讼法学,,491,yes
492,中国法学,2024,000,2,民事再审之诉“二阶化构造”的程序重塑,段文波[1],[1]西南政法大学比较民事诉讼法研究中心,21,民事再审之诉;再审启动审查;本案再审理;审级职能定位改革,诉讼法学,诉讼法学,诉讼法学,诉讼法学,诉讼法学,,492,yes
493,中国法学,2023,000,2,民事救济规范竞争关系的协调,李世刚[1],[1]复旦大学法学院,20,法条竞合说;请求权竞合;请求权;民事责任;法律职业共同体,刑法学,刑法学,刑法学,刑法学,刑法学,,493,yes
494,中国法学,2023,000,1,民事案件事实形成中的方法论命题,王雷[1],[1]中国政法大学民商经济法学院,22,案件事实的形成;民法学方法论;双阶层司法三段论;民法证据规范,民商法学,民商法学,民商法学,民商法学,民商法学,,494,yes
495,中国法学,2022,000,2,民事禁令程序构建原理,吴英姿[1],[1]南京大学法学院,21,民事禁令程序;略式程序;表面证据;人格权禁令;知识产权禁令,知识产权法学,民商法学,诉讼法学,诉讼法学,诉讼法学,,495,yes
496,中国法学,2016,,4,民事证明责任分配的实质性原则,胡东海,中南财经政法大学法学院,16,民事证明责任分配;实质性原则;表见代理;善意要件,诉讼法学,诉讼法学,诉讼法学,诉讼法学,诉讼法学,,496,yes
497,中国法学,2018,,1,民事诉讼法适用中的证明责任,李浩,南京师范大学法学院,19,公正司法;证明责任;要件事实;分配原则,诉讼法学,诉讼法学,诉讼法学,诉讼法学,诉讼法学,,497,yes
498,中国法学,2018,,1,民事诉讼的社会化,王福华,上海财经大学法学院,25,诉讼社会化;诉讼模式;职权主义;当事人主义,诉讼法学,诉讼法学,诉讼法学,诉讼法学,诉讼法学,,498,yes
499,中国法学,2020,,3,民事诉讼证据失权制度的衰落与重建,吴泽勇[1],[1]华东师范大学法学院,21,举证时限;证据失权;罚款;集中审理,诉讼法学,诉讼法学,诉讼法学,诉讼法学,诉讼法学,,499,yes
500,中国法学,2020,,3,民事非法证据排除的规范解释与实务观察,周翠[1],[1]浙江大学光华法学院,21,非法证据排除;证据禁止;证据收集;证据评价,诉讼法学,诉讼法学,诉讼法学,诉讼法学,诉讼法学,,500,yes
501,中国法学,2022,000,6,民刑共治：中国式现代犯罪治理新模式,刘艳红[1],[1]中国政法大学刑事司法学院,20,民刑共治;刑治;犯罪治理;中国式法治现代化,刑法学,刑法学,刑法学,刑法学,刑法学,,501,yes
502,中国法学,2023,000,1,民刑关系问题重述：基于义务违反的视角,时延安[1],[1]中国人民大学法学院,22,民刑关系;民事义务违反;刑事违法性;刑法解释,刑法学,刑法学,刑法学,刑法学,刑法学,,502,yes
503,中国法学,2023,000,3,民法典人格利益合理使用一般条款研究,姜战军[1],[1]华中科技大学法学院,21,《民法典》第999条;人格利益合理使用;一般条款;新闻报道;舆论监督,诉讼法学,诉讼法学,诉讼法学,诉讼法学,诉讼法学,,503,yes
504,中国法学,2020,,4,民法典人格权编的亮点与创新,"王利明[1,2]","[1]中国人民大学法学院,中国人民大学民商事法律科学研究中心;[2]中国法学会民法典编纂项目领导小组",21,民法典人格权编;人格尊严;禁令制度,民商法学,民商法学,民商法学,民商法学,民商法学,,504,yes
505,中国法学,2017,,3,民法典制定中的国家与国库问题研究,袁治杰,北京师范大学法学院,20,国家;国库;国库理论;民法典,民商法学,民商法学,民商法学,民商法学,民商法学,,505,yes
506,中国法学,2021,0,1,民法典意义的法理诠释,陈金钊,华东政法大学法律方法研究院,20,民法典;法理思维;法律解释;体系思维;法律自主,民商法学,民商法学,民商法学,民商法学,民商法学,,506,yes
507,中国法学,2023,000,2,民法典整体贯彻绿色理念模式研究,徐国栋[1],[1]厦门大学,23,绿色原则;斯德哥尔摩宣言;大生态法模式;节约资源;弥散利益;集体关联权,环境与资源保护法学,环境与资源保护法学,环境与资源保护法学,环境与资源保护法学,环境与资源保护法学,,507,yes
508,中国法学,2022,000,6,民法典时代的法治政府建设转型,王青斌[1],[1]中国政法大学法治政府研究院,23,民法典;法治政府建设;转型;依法行政,民商法学,民商法学,民商法学,民商法学,民商法学,,508,yes
509,中国法学,2016,,4,民法典的编纂与商事立法,赵旭东,中国政法大学民商经济法学院,15,民法典立法;商事立法;商法通则;民商合一;民商分立,民商法学,民商法学,民商法学,民商法学,民商法学,,509,yes
510,中国法学,2016,,4,民法典编纂与雇佣（劳动）合同规则,谢增毅,中国社会科学院法学研究所,19,民法典;雇佣合同;劳动合同,民商法学,民商法学,民商法学,民商法学,民商法学,,510,yes
511,中国法学,2016,,4,民法典编纂中商事主体立法定位的路径选择,肖海军,湖南大学法学院,18,民法典立法;商事主体;营业;民法总则;商事特别法,民商法学,民商法学,民商法学,民商法学,民商法学,,511,yes
512,中国法学,2017,,1,民法典编纂中的立法语言规范化,朱涛,重庆邮电大学法学院,19,民法典;立法语言;规范化,民商法学,民商法学,民商法学,民商法学,民商法学,,512,yes
513,中国法学,2019,,4,民法典编纂视野下的个人信息保护,程啸[1],[1]清华大学法学院,18,民法典编纂;个人信息保护;人格权编;隐私权,数字法学,民商法学,民商法学,民商法学,民商法学,,513,yes
514,中国法学,2020,,6,民法典背景下合伙企业财产制度构造,赵玉[1],[1]国家检察官学院,19,合伙企业;连带责任;无限责任;财产区隔;民事合伙;商事合伙,民商法学,民商法学,民商法学,民商法学,民商法学,,514,yes
515,中国法学,2017,,3,民法分则侵权责任编立法研究,张新宝,中国人民大学法学院,22,民法典编纂;侵权责任编;归责事由;数人侵权责任;损害赔偿体系,民商法学,民商法学,民商法学,民商法学,民商法学,,515,yes
516,中国法学,2017,,2,民法分则合同编立法研究,"王利明[1,2]",[1]中国人民大学法学院;[2]中国人民大学民商事法律科学研究中心,23,民法典编纂;合同编;债法总则;违约责任;合同解释,民商法学,民商法学,民商法学,民商法学,民商法学,,516,yes
517,中国法学,2017,,3,民法分则婚姻家庭编立法研究,夏吟兰,中国政法大学,16,宏观定位;基本原则;非婚同居;离婚自由;离婚救济,民商法学,民商法学,民商法学,民商法学,民商法学,,517,yes
518,中国法学,2017,,2,民法分则物权编立法研究,"崔建远[1,2]",[1]暨南大学法学院;[2]暨南大学知识产权学院,19,物权编立法;物权法定主义;物权变动;物权客体,民商法学,民商法学,民商法学,民商法学,民商法学,,518,yes
519,中国法学,2017,,2,民法分则继承编立法研究,"杨立新[1,2]",[1]中国人民大学法学院;[2]中国人民大学民商事法律科学研究中心,21,民法典;继承编立法;指导思想;具体意见,民商法学,民商法学,民商法学,民商法学,民商法学,,519,yes
520,中国法学,2019,,4,民法基本原则与商法漏洞填补,于莹[1],[1]吉林大学法学院,18,民法原则;商法漏洞;商法通则,民商法学,民商法学,民商法学,民商法学,民商法学,,520,yes
521,中国法学,2016,,4,民法总则设置商法规范的限度及其理论解释,李建伟,中国政法大学民商经济法学院,19,民法总则;商法独立性;商事立法体系化;提取公因式;立法抽象,民商法学,民商法学,民商法学,民商法学,民商法学,,521,yes
522,中国法学,2016,,4,民法法典化运动中的知识产权法,"吴汉东[1,2]",[1]中南财经政法大学;[2]教育部人文社科重点研究基地知识产权研究中心,16,知识产权法;民法典“知识产权编”;知识产权法典,知识产权法学,民商法学,知识产权法学,知识产权法学,知识产权法学,,522,yes
523,中国法学,2017,,5,民间借贷诉讼中的证明责任问题,吴泽勇,华东师范大学法学院,21,民间借贷 证明责任 主张的具体化,诉讼法学,诉讼法学,诉讼法学,诉讼法学,诉讼法学,,523,yes
524,中国法学,2023,000,5,气候共同体责任分担的法理,徐祥民[1],[1]浙江工商大学,20,人类命运共同体;共同但有区别的责任;发展权;自然人平等,法学理论,法学理论,法学理论,法学理论,法学理论,,524,yes
525,中国法学,2019,,2,法人功能性分类与结构性分类的兼容解释,张力[1],[1]西南政法大学民商法学院,19,民法典;法人分类;功能性分类;结构性分类,民商法学,民商法学,民商法学,民商法学,民商法学,,525,yes
526,中国法学,2021,,5,法典化时代的刑法典修订,周光权[1],[1]清华大学法学院,28,刑法典;法典编纂;法益保护;增设新罪;全面修订刑法典,刑法学,刑法学,刑法学,刑法学,刑法学,,526,yes
527,中国法学,2021,,5,法典化的历史叙事,高仰光[1],[1]中国人民大学法学院,19,法典化;历史叙事;比较法;现代性;书写传统,法学理论,法学理论,法学理论,法学理论,法学理论,,527,yes
528,中国法学,2018,,4,法域冲突的排除：立场、规则与适用,于改之,华东政法大学法律学院,21,法域冲突;法秩序的统一性;民事法志向模式;规范保护目的;相对从属性,民商法学,民商法学,民商法学,民商法学,民商法学,,528,yes
529,中国法学,2021,,2,法域协调视角下规范保护目的理论之重构,于改之[1],[1]华东政法大学刑事法学院,21,规范保护目的;法域协调;刑法的相对从属性,刑法学,刑法学,刑法学,刑法学,刑法学,,529,yes
530,中国法学,2015,0,5,法官如何说理：中国经验与普遍原理,凌斌[1],[1]北京大学法学院,19,裁判文书;裁判说理;指导性案例,诉讼法学,诉讼法学,诉讼法学,诉讼法学,诉讼法学,,530,yes
531,中国法学,2023,000,6,法定物权的自由展开：经济分析与法律教义,"熊丙万[1,2]",[1]中国人民大学民商事法律科学研究中心;[2]中国人民大学法学院,21,物权法定;物权自由;经济分析;集中登记;个案排除机制,民商法学,民商法学,民商法学,民商法学,民商法学,,531,yes
532,中国法学,2024,000,2,法律人思维与法律观点,陈景辉[1],[1]中国人民大学法学院,20,法律人思维;实在法;法律观点;法律陈述;法律人格化,法学理论,法学理论,法学理论,法学理论,法学理论,,532,yes
533,中国法学,2022,000,2,法律价值的系统论格局,陈征楠[1],[1]华南理工大学法学院,20,法律价值;系统论;认识论;实践理性;功能主义,法学理论,法学理论,法学理论,法学理论,法学理论,,533,yes
534,中国法学,2022,000,2,法律位阶判断标准的反思与运用,王锴[1],[1]北京航空航天大学法学院,21,法律位阶;条件关系;废止关系;框架秩序,法学理论,法学理论,法学理论,法学理论,法学理论,,534,yes
535,中国法学,2018,,3,法律实证研究的兴起与分化,陈柏峰,中南财经政法大学法学院,18,法律实证研究;问题意识;法治实践;学术传统,法学理论,法学理论,法学理论,法学理论,法学理论,,535,yes
536,中国法学,2024,000,6,法律思维中的“软计算”和贝叶斯语言方法,刘东亮[1],[1]西安交通大学法学院,19,软计算;词语计算;贝叶斯法则;语言概率;法律思维,法学理论,法学理论,法学理论,法学理论,法学理论,,536,yes
537,中国法学,2024,000,3,法律方法的体系构造,黄泽敏[1],[1]上海财经大学法学院,20,法律方法;经典体系;逻辑模式;类案比照;法律适用,法学理论,法学理论,法学理论,法学理论,法学理论,,537,yes
538,中国法学,2020,,6,法律权力的含义和属性,"吴玉章[1,2]",[1]常州大学史良法学院;[2]中国社会科学院法学研究所,17,法律权力;法律规范;法律监督;法律权力有限性,宪法学与行政法学,宪法学与行政法学,宪法学与行政法学,宪法学与行政法学,宪法学与行政法学,,538,yes
539,中国法学,2018,,4,法律的“交叉”研究和应用的原理,郑永流,中国政法大学中欧法学院,16,教义学;非教义学;交叉研究和应用,法学理论,法学理论,法学理论,法学理论,法学理论,,539,yes
540,中国法学,2022,0,1,法律监督机关的宪法内涵,朱全宝[1],[1]宁波大学法学院,21,法律监督机关;检察机关;检察权;宪法定位;法制统一,诉讼法学,诉讼法学,诉讼法学,诉讼法学,诉讼法学,,540,yes
541,中国法学,2016,,5,法律行为解消清算规则之体系统合,汤文平,暨南大学法学院,24,法律行为无效;返还清算;不当得利,民商法学,民商法学,民商法学,民商法学,民商法学,,541,yes
542,中国法学,2016,,3,法律规范之间抵触标准研究,胡建淼,国家行政学院,20,法律规范冲突;法律规范抵触;法律规范不一致,法学理论,法学理论,法学理论,法学理论,法学理论,,542,yes
543,中国法学,2022,000,5,法律规范事中合宪性审查的制度建构,朱学磊[1],[1]中国社会科学院法学研究所,20,法律规范;规范制定权;事中审查;合宪性审查,宪法学与行政法学,宪法学与行政法学,宪法学与行政法学,宪法学与行政法学,宪法学与行政法学,,543,yes
544,中国法学,2022,000,3,法律规范体系化背景下的行政诉讼制度的完善,江必新[1],[1]湖南大学法学院,15,行政诉讼;行政审判体制;行政公益诉讼;体系化;权利救济,诉讼法学,诉讼法学,诉讼法学,诉讼法学,诉讼法学,,544,yes
545,中国法学,2018,,1,法律解释方法在指导性案例中的运用及其完善,孙光宁,山东大学（威海）法学院,22,法律解释;指导性案例;文义解释;目的解释;体系解释;历史解释,法学理论,法学理论,法学理论,法学理论,法学理论,,545,yes
546,中国法学,2023,000,1,法律解释的公共性,"郭春镇[1,2]",[1]厦门大学法学院;[2]党内法规研究中心,20,法律解释;公共偏好;公共理性;公共利益;对话与协商,法学理论,法学理论,法学理论,法学理论,法学理论,,546,yes
547,中国法学,2015,0,6,法律议论的社会科学研究新范式,季卫东,上海交通大学凯原法学院,17,法律社会科学范式;不确定性问题;权利抗辩清单;网络互动关系,数字法学,法学理论,法学理论,法学理论,法学理论,,547,yes
548,中国法学,2022,000,3,法律责任概念的反思与重构,李拥军[1],[1]吉林大学法学院,20,法律责任;刑事责任;民事责任;法律后果;依据,刑法学,刑法学,刑法学,刑法学,刑法学,,548,yes
549,中国法学,2020,,5,法律适用中理由和观点的关系:局外观察视角,刘星[1],[1]中国政法大学法学院,20,法律适用;理由;观点;推断,法学理论,法学理论,法学理论,法学理论,法学理论,,549,yes
550,中国法学,2016,0,6,法治中国建设的“共建共享”路径与策略,马长山,华东政法大学,19,法治中国;国家构建;共建共享,法学理论,法学理论,法学理论,法学理论,法学理论,,550,yes
551,中国法学,2016,0,6,法治中国背景下国家责任论纲,陶凯元,最高人民法院,16,法治中国;国家责任;权利救济;实质正义,法学理论,法学理论,法学理论,法学理论,法学理论,,551,yes
552,中国法学,2015,0,5,法治体系形成指标的法理研究,关保英[1],[1]上海政法学院,20,法治体系;形成指标;法治指标,法学理论,法学理论,法学理论,法学理论,法学理论,,552,yes
553,中国法学,2016,0,6,法治语境下极端主义犯罪治理定量研究,赵军,北京师范大学刑事法律科学研究院,23,极端主义犯罪;恐怖主义犯罪;风险刑法;社会治理精细化,刑法学,刑法学,刑法学,刑法学,刑法学,,553,yes
554,中国法学,2020,,2,法理:法实践的正当性理由,郭晔[1],[1]浙江大学光华法学院,20,法实践;正当性理由;法理话语;法理思维,法学理论,法学理论,法学理论,法学理论,法学理论,,554,yes
555,中国法学,2020,,2,法理即法律原理之解说,"胡玉鸿[1,2]",[1]华东政法大学法律学院;[2]南京师范大学中国法治现代化研究院,25,法理;法律原理;法律本质;法理学,法学理论,法学理论,法学理论,法学理论,法学理论,,555,yes
556,中国法学,2021,,5,法理概念的义项、构造与功能:基于120108份裁判文书的分析,郭栋[1],[1]北京大学法学院,20,法理;义项分布;二元构造;外部功能,诉讼法学,诉讼法学,诉讼法学,诉讼法学,诉讼法学,,556,yes
557,中国法学,2019,,4,法益自决权与侵犯公民个人信息罪的司法边界,"冀洋[1,2]",[1]东南大学法学院;[2]东南大学反腐败法治研究中心暨人民法院司法大数据研究基地,18,个人信息;超个人法益;自决权;权利人同意;整体法秩序,数字法学,诉讼法学,刑法学,刑法学,刑法学,,557,yes
558,中国法学,2015,0,1,注册商标三年不使用撤销制度体系化解读,张玉敏,西南政法大学,15,三年不使用撤销;商标注册异议;商标注册无效;商标侵权责任,知识产权法学,民商法学,知识产权法学,知识产权法学,知识产权法学,,558,yes
559,中国法学,2022,000,2,涉外法治的概念与体系,张龑[1],[1]中国人民大学法学院,19,涉外法治;抽象法治;具体法治;涉外法治体系,国际法学,国际法学,国际法学,国际法学,国际法学,,559,yes
560,中国法学,2024,000,5,深入推进依法行政,马怀德[1],[1]中国政法大学,6,,宪法学与行政法学,宪法学与行政法学,宪法学与行政法学,宪法学与行政法学,宪法学与行政法学,,560,yes
561,中国法学,2024,000,4,清代的轻罪治理及其当代启示,谢晶[1],[1]中国政法大学法学院,16,大清律例;轻罪;犯罪分层治理;出罪;前科,法律史,法律史,法律史,法律史,法律史,,561,yes
562,中国法学,2016,,5,滥用市场支配地位理论的司法考量,刘贵祥,最高人民法院审判委员会,21,相关市场;市场支配地位;交叉弹性;反垄断法,经济法学,经济法学,经济法学,经济法学,经济法学,,562,yes
563,中国法学,2024,000,2,物上担保权益的分层构造及实现保障,张家勇[1],[1]中南财经政法大学法学院,22,物上担保权;担保目的;担保权益;担保物权;赔偿责任,民商法学,民商法学,民商法学,民商法学,民商法学,,563,yes
564,中国法学,2020,,4,物权编对四种他物权制度的完善和发展,"崔建远[1,2]",[1]清华大学法学院;[2]中国法学会民法典编纂项目领导小组,18,民法典物权编;三权分置;集体经营性建设用地使用权;居住权;抵押权,环境与资源保护法学,环境与资源保护法学,环境与资源保护法学,环境与资源保护法学,环境与资源保护法学,,564,yes
565,中国法学,2017,,5,犯罪圈与刑法修正的结构控制,白建军,北京大学法学院,22,犯罪圈 犯罪化 刑法修正 严而不厉 结构控制,刑法学,刑法学,刑法学,刑法学,刑法学,,565,yes
566,中国法学,2016,,2,犯罪热点成因：基于空间相关性的解释,单勇,同济大学法学院,23,犯罪热点区域;犯罪制图;空间相关性;犯罪临界值;立体化防控,刑法学,刑法学,刑法学,刑法学,刑法学,,566,yes
567,中国法学,2017,0,4,环境侵权类型的重构,窦海阳,中国社会科学院法学研究所,21,环境侵权;环境污染;生态破坏;环境司法,环境与资源保护法学,环境与资源保护法学,环境与资源保护法学,环境与资源保护法学,环境与资源保护法学,,567,yes
568,中国法学,2016,0,6,环境司法专门化发展的实证检视：以环境审判机构和环境审判机制为中心,张忠民,中南财经政法大学法学院,20,环境司法专门化;环境审判;环保法庭;环境裁判文书,诉讼法学,诉讼法学,诉讼法学,诉讼法学,诉讼法学,,568,yes
569,中国法学,2016,,3,环境司法理性不能止于“天价”赔偿：泰州环境公益诉讼案评析,吕忠梅,全国政协社会与法制委员会,21,环境公益诉讼;环境侵权;生态损害;环境修复费,环境与资源保护法学,环境与资源保护法学,环境与资源保护法学,环境与资源保护法学,环境与资源保护法学,,569,yes
570,中国法学,2017,,5,环境权的规范效力：可诉性和具体化,胡静,中国政法大学民商经济法学院,21,环境权 规范效力 可诉性,环境与资源保护法学,环境与资源保护法学,环境与资源保护法学,环境与资源保护法学,环境与资源保护法学,,570,yes
571,中国法学,2024,000,1,环境民事公益诉讼中停止侵害责任适用研究,胡静[1],[1]中国政法大学民商经济法学院,20,环境民事公益诉讼;停止侵害;预防性责任;侵权禁令,民商法学,民商法学,民商法学,民商法学,民商法学,,571,yes
572,中国法学,2018,,5,环境民事公私益诉讼并行审理的困境与出路,张旭东,福州大学法学院,25,环境侵害;公益诉讼;私益诉讼;合并审理,环境与资源保护法学,环境与资源保护法学,环境与资源保护法学,环境与资源保护法学,环境与资源保护法学,,572,yes
573,中国法学,2025,000,2,环境法体系化的范式转向及其实现,杜辉[1],[1]重庆大学法学院,21,环境法体系化;实用主义范式;融合主义范式;法律调整机制;体系效用,环境与资源保护法学,环境与资源保护法学,环境与资源保护法学,环境与资源保护法学,环境与资源保护法学,,573,yes
574,中国法学,2022,000,6,环境法典基本原则条款构建研究,曹炜[1],[1]中国人民大学法学院,21,环境法典;环境法基本原则;原则体系;可持续发展,环境与资源保护法学,环境与资源保护法学,环境与资源保护法学,环境与资源保护法学,环境与资源保护法学,,574,yes
575,中国法学,2023,000,2,环境法典编纂论纲,"吕忠梅[1,2]",[1]中国法学会;[2]中国法学会环境资源法学研究会,23,环境法典;人与自然生命共同体;实质性编纂;适度化编纂,环境与资源保护法学,环境与资源保护法学,环境与资源保护法学,环境与资源保护法学,环境与资源保护法学,,575,yes
576,中国法学,2016,,5,环境法学核心范畴之重构：环境法的法权结构论,史玉成,甘肃政法学院,22,环境权利;环境权力;法权结构;合作共治,环境与资源保护法学,环境与资源保护法学,环境与资源保护法学,环境与资源保护法学,环境与资源保护法学,,576,yes
577,中国法学,2018,,6,环境监管中的“规范执行偏离效应”研究,曹炜[1],[1]中国人民大学法学院,22,环境监管;规范执行;规范主义;功能主义,诉讼法学,诉讼法学,诉讼法学,诉讼法学,诉讼法学,,577,yes
578,中国法学,2017,,1,环境质量标准的侵权法适用研究,陈伟,南京大学法学院,21,环境质量标准;污染物排放标准;合规抗辩;环境侵权;因果关系,环境与资源保护法学,环境与资源保护法学,环境与资源保护法学,环境与资源保护法学,环境与资源保护法学,,578,yes
579,中国法学,2015,0,6,环境质量目标主义：关于环境法直接规制目标的思考,徐祥民,中国海洋大学,20,生态文明;环境质量目标;总行为控制主义;不法行为惩罚主义,环境与资源保护法学,环境与资源保护法学,环境与资源保护法学,环境与资源保护法学,环境与资源保护法学,,579,yes
580,中国法学,2020,,2,现货与期货交易的界分标准与法律规制,吴越[1],[1]西南财经大学法学院,21,现货交易;期货交易;整体判定论,经济法学,经济法学,经济法学,经济法学,经济法学,,580,yes
581,中国法学,2023,000,2,生前赠与在继承中的效力问题研究,李永军[1],[1]中国政法大学民商经济法学院,17,生前赠与;继承;死因赠与;任意撤销权;遗赠,民商法学,民商法学,民商法学,民商法学,民商法学,,581,yes
582,中国法学,2021,,2,生态文明体制改革中自然资源资产分级行使制度研究,邓海峰[1],[1]清华大学法学院,20,生态文明体制改革;自然资源资产;国家所有;分级行使,环境与资源保护法学,环境与资源保护法学,环境与资源保护法学,环境与资源保护法学,环境与资源保护法学,,582,yes
583,中国法学,2022,000,6,生态环境修复责任的体系化构造,刘长兴[1],[1]华南理工大学法学院,21,生态环境修复;公共利益;行政法律责任;行政处罚;政府职责,环境与资源保护法学,环境与资源保护法学,环境与资源保护法学,环境与资源保护法学,环境与资源保护法学,,583,yes
584,中国法学,2023,000,6,生态环境犯罪中的拟制财产权,焦艳鹏[1],[1]华东政法大学,20,生态环境犯罪;拟制财产权;生态法益;生态文明;刑法保障,环境与资源保护法学,环境与资源保护法学,环境与资源保护法学,环境与资源保护法学,环境与资源保护法学,,584,yes
585,中国法学,2024,000,6,生成式人工智能训练语料的个人信息保护研究,"张新宝[1,2]",[1]中国人民大学法学院;[2]中国人民大学民商事法律科学研究中心,22,生成式人工智能;训练语料;个人信息保护;行政合规抗辩,数字法学,民商法学,民商法学,民商法学,民商法学,,585,yes
586,中国法学,2021,0,6,生物医学研究伦理规制的法治化,赵鹏[1],[1]中国政法大学法治政府研究院,20,生物医学;生命伦理;伦理规制;法治,环境与资源保护法学,环境与资源保护法学,环境与资源保护法学,环境与资源保护法学,环境与资源保护法学,,586,yes
587,中国法学,2018,,3,用中国特色社会主义法治理论引领法治体系建设,胡明,中国政法大学党委,22,中国特色社会主义法治理论;法治体系;法治中国,法学理论,法学理论,法学理论,法学理论,法学理论,,587,yes
589,中国法学,2019,,6,电子商务平台经营者安保责任研究,王道发[1],[1]中央财经大学法学院,19,《电子商务法》;经营者责任;审核义务;安全保障义务,数字法学,民商法学,民商法学,民商法学,民商法学,,589,yes
590,中国法学,2018,,1,登记对抗主义的反思与改造：《物权法》第24条解析,庄加园,上海交通大学凯原法学院,18,登记对抗主义;不完全物权;物权变动模式;善意取得,民商法学,民商法学,民商法学,民商法学,民商法学,,590,yes
591,中国法学,2016,0,1,监控者与管理者可否合一：行政法学体系转型的基础问题,沈岿,北京大学宪法与行政法研究中心,21,监控者;管理者;行政法学体系;新行政法,宪法学与行政法学,宪法学与行政法学,宪法学与行政法学,宪法学与行政法学,宪法学与行政法学,,591,yes
592,中国法学,2015,0,4,相对集中行政处罚权改革研究,王敬波,,20,相对集中行政处罚权;行政权力配置;跨部门综合执法,宪法学与行政法学,宪法学与行政法学,宪法学与行政法学,宪法学与行政法学,宪法学与行政法学,,592,yes
593,中国法学,2023,000,6,知识产权法与反不正当竞争法关系重探,刘银良[1],[1]烟台大学,19,知识产权法;反不正当竞争法;排他性适用;创新激励;自由竞争,知识产权法学,民商法学,知识产权法学,知识产权法学,知识产权法学,,593,yes
594,中国法学,2021,,5,知识产权许可费赔偿方法的功能、价值准则与体系重构,杨涛[1],[1]华中师范大学法学院,19,知识产权;许可费赔偿;创新功能;价值准则;规范体系,知识产权法学,民商法学,知识产权法学,知识产权法学,知识产权法学,,594,yes
595,中国法学,2022,000,3,知道规则的内在逻辑与科学分类,张继成[1],[1]中南财经政法大学法学院,21,知道;明知;应当知道;知道规则;知道算子,法学理论,法学理论,法学理论,法学理论,法学理论,,595,yes
596,中国法学,2018,,2,破产程序中的税法问题研究,徐阳光,中国人民大学法学院,20,破产清算;破产重整;课税特区;税收优先权;征税权力,民商法学,民商法学,民商法学,民商法学,民商法学,,596,yes
597,中国法学,2022,000,2,社会主义核心价值观的法源地位及其作用提升,孙光宁[1],[1]山东大学法学院(威海),19,社会主义核心价值观;法律渊源;一般法律原则;指导性案例;法律适用方法,法学理论,法学理论,法学理论,法学理论,法学理论,,597,yes
598,中国法学,2019,,5,社会信用体系建设的法治之道,沈岿[1],[1]北京大学法学院,22,社会信用;失信;联合惩戒,法学理论,法学理论,法学理论,法学理论,法学理论,,598,yes
599,中国法学,2024,000,5,社会本位的中国基本权利功能体系构建,"李忠夏[1,2]",[1]中国人民大学法学院;[2]中国人民大学习近平法治思想研究中心,21,基本权利;社会本位;社会秩序塑造;客观价值秩序,宪法学与行政法学,宪法学与行政法学,宪法学与行政法学,宪法学与行政法学,宪法学与行政法学,,599,yes
600,中国法学,2023,000,5,社会系统论视角下实现碳达峰碳中和目标的法律对策,曹明德[1],[1]中国政法大学民商经济法学院,21,碳达峰碳中和;社会系统论;双碳法律体系;应对气候变化法,环境与资源保护法学,环境与资源保护法学,环境与资源保护法学,环境与资源保护法学,环境与资源保护法学,,600,yes
601,中国法学,2017,,1,社会组织及其法制化研究,鲍绍坤,中国法学会,12,社会组织;国家治理;社会治理;双重管理;社团登记,法学理论,法学理论,法学理论,法学理论,法学理论,,601,yes
602,中国法学,2015,0,5,社会自我规制与行政法的任务,高秦伟[1],[1]中央财经大学法学院,26,政府规制;自我规制;后设规制;保障行政法;私行政法,宪法学与行政法学,宪法学与行政法学,宪法学与行政法学,宪法学与行政法学,宪法学与行政法学,,602,yes
603,中国法学,2022,000,3,社会诚信机制基层运用的实践逻辑,陈柏峰[1],[1]中南财经政法大学法学院、国家治理学院,20,社会诚信;基层治理;自治;法治;德治,法学理论,法学理论,法学理论,法学理论,法学理论,,603,yes
604,中国法学,2022,0,1,禁止重复起诉规则之重构:以合同效力的职权审查为背景,曹志勋[1],[1]北京大学法学院,25,依职权审查;合同效力;既判力;先决法律关系;中间确认之诉,诉讼法学,诉讼法学,诉讼法学,诉讼法学,诉讼法学,,604,yes
605,中国法学,2021,0,1,私人复制的著作权法制度应对:从机械复制到云服务,杨明,北京大学法学院,21,著作权法;私人复制补偿金;合理使用;机械复制;数字时代;云服务,知识产权法学,民商法学,知识产权法学,知识产权法学,知识产权法学,,605,yes
606,中国法学,2019,,4,私法渗入公法的必然与边界,张淑芳[1],[1]上海财经大学法学院,22,私法渗入;边界限制;公法主流;公法体系,民商法学,民商法学,民商法学,民商法学,民商法学,,606,yes
607,中国法学,2017,,1,科研人员的刑法定位：从宪法教义学视域的思考,姜涛,南京师范大学法学院,19,科研人员;国家工作人员;公务;职务犯罪,刑法学,刑法学,刑法学,刑法学,刑法学,,607,yes
608,中国法学,2020,,3,科研项目经费管理改革的法治化路径,蒋悟真[1],[1]华南理工大学法学院、法治经济与法治社会研究中心,21,科研项目经费;管理法治化;权力配置;权利本位;责效统一,法学理论,法学理论,法学理论,法学理论,法学理论,,608,yes
609,中国法学,2015,0,2,程序性救济的制度模式及改造,詹建红[1],[1]中南财经政法大学法学院,15,程序性权利;监督型救济;司法型救济,法学理论,法学理论,法学理论,法学理论,法学理论,,609,yes
610,中国法学,2022,000,5,程序性犯罪构成要素的性质,杜宇[1],[1]复旦大学法学院,23,程序性犯罪构成要素;客观处罚条件;客观构成要件要素,刑法学,刑法学,刑法学,刑法学,刑法学,,610,yes
611,中国法学,2016,,4,税收法定视域中的地方税收立法权,苗连营,郑州大学法学院,20,税收法定;地方税收立法权;宪法关系,宪法学与行政法学,宪法学与行政法学,宪法学与行政法学,宪法学与行政法学,宪法学与行政法学,,611,yes
612,中国法学,2018,,4,立案登记背景下立案庭的定位及其未来走向,张嘉军,郑州大学法学院,21,立案登记制;立审分立;立案庭;立案难,诉讼法学,诉讼法学,诉讼法学,诉讼法学,诉讼法学,,612,yes
613,中国法学,2024,000,3,立法主体宪法说理义务的法律化,任喜荣[1],[1]吉林大学理论法学研究中心、法学院,18,立法;宪法说理;合宪性审查;宪法监督;全过程人民民主,宪法学与行政法学,宪法学与行政法学,宪法学与行政法学,宪法学与行政法学,宪法学与行政法学,,613,yes
614,中国法学,2021,,4,立法原意何处寻:评2021年最高人民法院适用刑事诉讼法司法解释,龙宗智[1],[1]四川大学法学院,20,司法解释;立法原意;回避;对质,刑法学,刑法学,刑法学,刑法学,刑法学,,614,yes
615,中国法学,2018,,3,立法性决定的界定与效力,金梦,华东政法大学法律方法研究院、立法与政治发展研究中心,17,立法性决定;规范性法律文件;立法程序;法律效力,法学理论,法学理论,法学理论,法学理论,法学理论,,615,yes
616,中国法学,2020,,1,立法扩张与司法限缩:刑法谦抑性的展开,田宏杰[1],[1]中国人民大学刑事法律科学研究中心,18,象征性刑法;积极刑法观;刑法谦抑;刑事立法扩张;刑事司法限缩,刑法学,刑法学,刑法学,刑法学,刑法学,,616,yes
617,中国法学,2025,000,2,立法社会效果考量的方式及其决策思维,"王怡[1,2]",[1]中国社会科学院法学研究所;[2]中国社会科学院大学法学院,19,科学立法;立法社会效果;立法评估;立法论证;立法策略,法学理论,法学理论,法学理论,法学理论,法学理论,,617,yes
618,中国法学,2017,0,4,符合强制性标准与侵权责任承担的关系,谭启平,西南政法大学民商法学院,14,强制性标准;侵权责任;注意义务;技术法规,民商法学,民商法学,民商法学,民商法学,民商法学,,618,yes
619,中国法学,2022,0,1,符合法律的宪法解释与宪法发展,杜强强[1],[1]首都师范大学政法学院,18,合法宪法解释;合宪性解释;合宪性审查;通信自由和通信秘密,宪法学与行政法学,宪法学与行政法学,宪法学与行政法学,宪法学与行政法学,宪法学与行政法学,,619,yes
620,中国法学,2023,000,4,答复类行政解释的行政诉讼法定位及其司法审查,金自宁[1],[1]北京大学法学院,18,答复类行政解释;司法审查;行政专长;正当程序,诉讼法学,诉讼法学,诉讼法学,诉讼法学,诉讼法学,,620,yes
621,中国法学,2017,0,4,简牍所见秦县少吏研究,朱腾,中国人民大学法学院,19,简牍;少吏;胥吏,法律史,法律史,法律史,法律史,法律史,,621,yes
622,中国法学,2022,000,3,算法侵害责任框架刍议,王莹[1],[1]中国人民大学法学院未来法治研究院、刑事法律科学研究中心,20,算法侵害;算法妨害;算法损害;义务型责任,数字法学,民商法学,民商法学,民商法学,民商法学,,622,yes
623,中国法学,2020,,3,算法规制的谱系,苏宇[1],[1]中国人民公安大学法学与犯罪学学院,20,算法规制;算法风险;谱系,数字法学,宪法学与行政法学,宪法学与行政法学,民商法学,宪法学与行政法学,,623,yes
624,中国法学,2020,,4,类似必要共同诉讼适用机制研究,"汤维建[1,2]",[1]中国人民大学法学院;[2]中国人民大学民商事法律科学研究中心,21,必要共同诉讼;类似必要共同诉讼;既判力扩张;识别标准;程序设置,诉讼法学,诉讼法学,诉讼法学,诉讼法学,诉讼法学,,624,yes
625,中国法学,2018,,4,精神文明的宪法叙事：规范内涵与宪制结构,秦小建,华中科技大学法学院,21,精神文明;社会主义核心价值观;公民教化;主权结构,宪法学与行政法学,宪法学与行政法学,宪法学与行政法学,宪法学与行政法学,宪法学与行政法学,,625,yes
626,中国法学,2018,,1,系列杀人犯罪侦查分析模型的创建与检验,曾赟,广州大学法学院,20,系列杀人;数据编码;聚类分析;方差分析;二元逻辑回归分析,数字法学,刑法学,刑法学,民商法学,刑法学,,626,yes
627,中国法学,2019,,1,系统论宪法学新思维的七个命题,陆宇峰[1],[1]华东政法大学科学研究院,22,系统论宪法学;宪法功能;部门宪法;多元主义宪治,宪法学与行政法学,宪法学与行政法学,宪法学与行政法学,宪法学与行政法学,宪法学与行政法学,,627,yes
628,中国法学,2024,000,6,系统论法学视角下现代司法裁判中规范与事实的区分,泮伟江[1],[1]北京航空航天大学法学院,19,司法裁判;法律规范;案件事实;系统论法学;认知图式,法学理论,法学理论,法学理论,法学理论,法学理论,,628,yes
629,中国法学,2020,,3,索债型非法拘禁罪扩张适用下对绑架罪的再认识,徐光华[1],[1]江西财经大学法学院,21,索债;非法占有目的;绑架罪;以刑制罪,刑法学,刑法学,刑法学,刑法学,刑法学,,629,yes
630,中国法学,2021,,2,紧急状态下的法治与社会正义,郑玉双[1],[1]中国政法大学法理学研究所,20,紧急状态;紧急权力;法治;社会正义;共同体德性,法学理论,法学理论,法学理论,法学理论,法学理论,,630,yes
631,中国法学,2016,0,1,累犯从严量刑适用实证研究,劳佳琦,北京师范大学刑事法律科学研究院,22,累犯从严;量刑;人身危险性,刑法学,刑法学,刑法学,刑法学,刑法学,,631,yes
632,中国法学,2024,000,1,纪检监察学“三大体系”论纲,刘练军[1],[1]东南大学法学院暨东南大学党内法规研究中心,20,纪检监察学;学科体系;学术体系;话语体系;自主知识体系,法学理论,法学理论,法学理论,法学理论,法学理论,,632,yes
633,中国法学,2019,,1,纳税便利原则研究,单飞跃[1],[1]上海财经大学法学院,22,纳税便利;税收效率;纳税人主动遵从;纳税人基本权益,经济法学,经济法学,经济法学,经济法学,经济法学,,633,yes
634,中国法学,2019,,5,组织法的诉讼构造:公司决议纠纷诉讼规则重构,丁勇[1],[1]华东政法大学,20,决议瑕疵诉讼;组织法;诉讼规则;既判力扩张;诉讼标的,诉讼法学,诉讼法学,诉讼法学,诉讼法学,诉讼法学,,634,yes
635,中国法学,2019,,6,组织法视阈中的公司决议及其法律适用,周淳[1],[1]浙江大学光华法学院,22,公司决议;公司意思;程序权限;法律行为,民商法学,民商法学,民商法学,民商法学,民商法学,,635,yes
636,中国法学,2016,,3,经理雇佣合同与委任合同之分辨,王天玉,清华大学法学院,21,经理;雇佣;委任,民商法学,民商法学,民商法学,民商法学,民商法学,,636,yes
637,中国法学,2015,0,5,经营者集中法律界定模式研究,叶军[1],[1]商务部反垄断局,25,反垄断;经营者集中;界定模式,经济法学,经济法学,经济法学,经济法学,经济法学,,637,yes
638,中国法学,2017,,6,绿色“一带一路”环境法规制研究,"孙佑海[1,2]",[1]天津大学法学院;[2]天津大学中国绿色发展研究院,19,一带一路 人类命运共同体 国际环境公约 环境法规制,环境与资源保护法学,环境与资源保护法学,环境与资源保护法学,环境与资源保护法学,环境与资源保护法学,,638,yes
639,中国法学,2019,,2,绿色原则与法经济学,贺剑[1],[1]北京大学法学院,18,节约资源;环境保护;社会成本最小化;民法经济分析;民法基本原则,环境与资源保护法学,环境与资源保护法学,环境与资源保护法学,环境与资源保护法学,环境与资源保护法学,,639,yes
640,中国法学,2016,0,1,绿色发展中的环境法实施问题：基于PX事件的微观分析,陈海嵩,中南大学法学院,18,环境法实施;绿色发展;PX事件;行政权力,环境与资源保护法学,环境与资源保护法学,环境与资源保护法学,环境与资源保护法学,环境与资源保护法学,,640,yes
641,中国法学,2021,,3,编纂实施民法典是习近平法治思想的生动实践,"王轶[1,2]",[1]中国人民大学民商事法律科学研究中心;[2]中国人民大学习近平法治思想研究中心学术委员会,13,习近平法治思想;民法典;国家治理体系和治理能力;法治体系;法治道路,民商法学,民商法学,民商法学,民商法学,民商法学,,641,yes
642,中国法学,2017,,6,网络借贷平台法律监管研究,冯辉,对外经济贸易大学法学院,19,网络借贷平台 公共产品型监管 类型化监管 穿透武监管 混业金融,数字法学,经济法学,经济法学,经济法学,经济法学,,642,yes
643,中国法学,2023,000,3,网络平台治理立法的反思与完善,张新平[1],[1]中南大学法学院,20,平台治理;立法模式;法律归化;平台经济,数字法学,经济法学,经济法学,经济法学,经济法学,,643,yes
644,中国法学,2023,000,5,网络时代的刑法立法体系及其建构,李晓明[1],[1]苏州大学王健法学院,20,网络犯罪;刑法典;刑法立法体系;三元立法模式,数字法学,刑法学,刑法学,刑法学,刑法学,,644,yes
645,中国法学,2019,,6,网络犯罪的刑法解释空间向度研究,刘艳红[1],[1]东南大学法学院,22,刑法解释;网络空间;传统线下犯罪;网络犯罪;隐喻思想,数字法学,刑法学,刑法学,刑法学,刑法学,,645,yes
646,中国法学,2020,,6,网络社会司法治理的实践探索与前景展望,李占国[1],[1]浙江省高级人民法院,19,网络社会;司法治理;治理规则;,数字法学,诉讼法学,诉讼法学,民商法学,诉讼法学,,646,yes
647,中国法学,2018,,2,网络社会法律治理与技术治理的二元共治,郑智航,山东大学法学院,23,网络社会;法律治理;代码规制;技术归化,数字法学,法学理论,数字法学,数字法学,数字法学,,647,yes
648,中国法学,2016,,2,网络空间中犯罪帮助行为的制裁体系与完善思路,"于志刚[1,2]",[1]中国政法大学;[2]中国政法大学网络法研究中心,20,网络犯罪;帮助行为;共同犯罪;共犯的正犯化,数字法学,刑法学,刑法学,刑法学,刑法学,,648,yes
649,中国法学,2022,000,2,网络空间适用禁止使用武力原则的法律路径,张华[1],[1]南京大学法学院,22,禁止使用武力原则;网络空间;实证主义路径;情境主义路径,数字法学,国际法学,国际法学,国际法学,国际法学,,649,yes
650,中国法学,2015,0,3,网络诽谤的争议问题探究,张明楷[1],[1]清华大学法学院,20,网络诽谤;捏造事实诽谤他人;情节严重;告诉的才处理,数字法学,刑法学,刑法学,刑法学,刑法学,,650,yes
651,中国法学,2021,,3,网络谣言的刑法治理:从宪法的视角,"姜涛[1,2,3]",[1]南京师范大学法学院;[2]中国法治现代化研究院;[3]高校区域法治协调创新中心,21,网络谣言;主观真实;危险理论;比例原则;预防模式;自由模式,数字法学,宪法学与行政法学,宪法学与行政法学,民商法学,民商法学,,651,yes
652,中国法学,2017,,2,署名权主体规则的困惑及思考,张玲,南开大学法学院,23,作者;著作权人;署名权;作品权利体系,知识产权法学,民商法学,知识产权法学,知识产权法学,知识产权法学,,652,yes
653,中国法学,2017,0,4,聂树斌案再审：由来、问题与意义,胡云腾,最高人民法院,18,聂树斌案;程序公正;证据裁判;疑罪从无,刑法学,刑法学,刑法学,刑法学,刑法学,,653,yes
654,中国法学,2016,,3,职务发明奖酬管制的理论困境与现实出路,蒋舸,清华大学法学院,20,职务发明;雇佣劳动;奖酬,知识产权法学,民商法学,知识产权法学,知识产权法学,知识产权法学,,654,yes
655,中国法学,2022,000,3,职场智能监控下的劳动者个人信息保护——以目的原则为中心,田野[1],[1]天津大学法学院,17,职场智能监控;劳动者个人信息保护;劳动从属性;目的原则,数字法学,民商法学,经济法学,民商法学,经济法学,,655,yes
656,中国法学,2015,0,5,股东优先购买权“穿透效力”的适用与限制,郑彧[1],[1]华东政法大学,19,股东优先购买权;穿透适用;期待权;人合性,民商法学,民商法学,民商法学,民商法学,民商法学,,656,yes
657,中国法学,2017,,2,股东会与董事会分权制度研究,许可,中国人民大学法学院,20,股东优位主义;董事会优位主义;交易成本;分权;同等主义,民商法学,民商法学,民商法学,民商法学,民商法学,,657,yes
658,中国法学,2023,000,5,股东协议暗箱治理的公司法回应,"汪青松[1,2]",[1]西南政法大学市场交易法律制度研究基地;[2]西南政法大学民商法学院,19,股东协议;公司治理;私序定制;暗箱治理;信义义务,民商法学,民商法学,民商法学,民商法学,民商法学,,658,yes
659,中国法学,2018,,6,股权让与担保纠纷裁判逻辑的实证研究,蔡立东[1],[1]吉林大学法学院,19,股权让与担保;裁判逻辑;区分原则,民商法学,民商法学,民商法学,民商法学,民商法学,,659,yes
660,中国法学,2017,,2,股权转让合同解除权的司法判断与法理研究,万方,北京外国语大学法学院,20,股权转让合同;解除权;分期付款;商事合同,民商法学,民商法学,民商法学,民商法学,民商法学,,660,yes
661,中国法学,2021,0,1,股权转让行为的属性及其规范,钱玉林,华东政法大学经济法学院,18,股权转让行为;合同效力;合同履行;《公司法》第71条;《公司法》修订,民商法学,民商法学,民商法学,民商法学,民商法学,,661,yes
662,中国法学,2025,000,2,脑机接口技术发展中的人格权益保护,张红[1],[1]武汉大学法学院,20,脑机接口;人格权;感知利益;人身自由,民商法学,民商法学,民商法学,民商法学,民商法学,,662,yes
663,中国法学,2021,,4,自然资源之上权利的层次性,单平基[1],[1]东南大学法学院,20,自然资源全民所有;宪法上国家所有权;民法上国家所有权;自然资源用益物权;自然资源产品所有权,环境与资源保护法学,环境与资源保护法学,环境与资源保护法学,环境与资源保护法学,环境与资源保护法学,,663,yes
664,中国法学,2016,0,6,自然资源国家所有的制度性保障功能,刘练军,杭州师范大学法学院,20,自然资源;国家所有;制度性保障;宪法解释,环境与资源保护法学,环境与资源保护法学,环境与资源保护法学,环境与资源保护法学,环境与资源保护法学,,664,yes
665,中国法学,2016,0,1,舆论场内的司法自洽性研究：以李昌奎案的模拟实验分析为介质,"李奋飞[1,2]",[1]中国人民大学法学院;[2]中国人民大学刑事法律科学研究中心,20,舆论场;司法自洽;个案决策,诉讼法学,诉讼法学,诉讼法学,诉讼法学,诉讼法学,,665,yes
666,中国法学,2018,,6,董事会对短期主义行为的治理,侯东德[1],[1]西南政法大学民商法学院,18,激进投资者;短期主义;信义义务;公司章程;反收购措施,民商法学,民商法学,民商法学,民商法学,民商法学,,666,yes
667,中国法学,2023,000,4,虚开增值税专用发票罪的理论误区与治理重塑,"田宏杰[1,2]",[1]中国人民大学法学院;[2]刑事法律科学研究中心,20,虚开增值税专用发票;抵退计征机制;规范构造;行刑共治,刑法学,刑法学,刑法学,刑法学,刑法学,,667,yes
668,中国法学,2017,,2,虚拟财产的刑法属性及其保护路径,陈兴良,北京大学法学院,27,虚拟财产;财物;有体物;无体物;财产性利益,刑法学,刑法学,刑法学,刑法学,刑法学,,668,yes
669,中国法学,2022,000,6,行为市场失灵及其法律应对,应飞虎[1],[1]广州大学法学院,22,行为市场失灵;信息不对称;认知偏差;消费者权益;经济法,经济法学,经济法学,经济法学,经济法学,经济法学,,669,yes
670,中国法学,2016,,2,行刑衔接中的行政执法边界研究,练育强,华东政法大学,20,行刑衔接;执法边界,刑法学,刑法学,刑法学,刑法学,刑法学,,670,yes
671,中国法学,2019,,5,行政举报案件中原告资格认定的构造,伏创宇[1],[1]中国社会科学院大学政法学院,18,行政举报;原告资格;利害关系;实际影响,宪法学与行政法学,宪法学与行政法学,宪法学与行政法学,宪法学与行政法学,宪法学与行政法学,,671,yes
672,中国法学,2015,0,6,行政决策终身责任追究制的法律难题及其解决,韩春晖,国家行政学院,17,行政决策;终身追责制;法治建构;决策评估,宪法学与行政法学,宪法学与行政法学,宪法学与行政法学,宪法学与行政法学,宪法学与行政法学,,672,yes
673,中国法学,2019,,3,行政判决中比例原则的适用,刘权[1],[1]中央财经大学法学院,21,比例原则;行政判决;审查标准;举证责任;审查强度,法学理论,法学理论,法学理论,法学理论,法学理论,,673,yes
674,中国法学,2023,000,2,行政协议与单方行为的界分,刘飞[1],[1]中国政法大学中欧法学院,19,行政协议;单方行为;拆分公式;并行禁止;协议优先,宪法学与行政法学,宪法学与行政法学,宪法学与行政法学,宪法学与行政法学,宪法学与行政法学,,674,yes
675,中国法学,2022,0,1,行政协议变更、解除制度的整合与完善,陈天昊[1],[1]清华大学公共管理学院,24,行政协议;不可抗力;情势变更;根本违约;公共利益,宪法学与行政法学,宪法学与行政法学,宪法学与行政法学,宪法学与行政法学,宪法学与行政法学,,675,yes
676,中国法学,2019,,1,行政协议的识别与边界,陈天昊[1],[1]清华大学公共管理学院,24,行政协议;行政诉讼;政府特许经营协议;土地房屋征收补偿协议,宪法学与行政法学,宪法学与行政法学,宪法学与行政法学,宪法学与行政法学,宪法学与行政法学,,676,yes
677,中国法学,2019,,4,行政契约履行争议适用《行政诉讼法》第97条之探讨,于立深[1],[1]东南大学法学院,16,行政契约;《行政诉讼法》第97条;行政行为;强制执行;契约裁决,诉讼法学,诉讼法学,诉讼法学,诉讼法学,诉讼法学,,677,yes
678,中国法学,2017,,1,行政审批（许可）权力清单建构中的法律问题,王克稳,苏州大学王健法学院,20,行政审批;行政许可;权力清单,宪法学与行政法学,宪法学与行政法学,宪法学与行政法学,宪法学与行政法学,宪法学与行政法学,,678,yes
679,中国法学,2022,000,3,行政机关间的事务委托和职权委托,叶必丰[1],[1]上海交通大学法学院,21,行政委托;事务委托;职权委托;行政职权调整;区域合作,宪法学与行政法学,宪法学与行政法学,宪法学与行政法学,宪法学与行政法学,宪法学与行政法学,,679,yes
680,中国法学,2024,000,3,行政权利论,何海波[1],[1]清华大学法学院,21,行政权利;行政法权利;行政法学体系;通用行政法典,宪法学与行政法学,宪法学与行政法学,宪法学与行政法学,宪法学与行政法学,宪法学与行政法学,,680,yes
681,中国法学,2015,0,1,行政检察：解决行政争议的第三条道路,"解志勇[1,2]",[1]中国政法大学;[2]法治政府协同创新中心,19,行政检察;行政争议;检察建议;行政诉讼,诉讼法学,诉讼法学,诉讼法学,诉讼法学,诉讼法学,,681,yes
682,中国法学,2023,000,3,行政法上权利观念的对立及其消解,黄宇骁[1],[1]上海交通大学凯原法学院,20,合法权益;保护规范理论;既得权;基本权利冲突;利害关系,宪法学与行政法学,宪法学与行政法学,宪法学与行政法学,宪法学与行政法学,宪法学与行政法学,,682,yes
683,中国法学,2016,,3,行政法上的不确定法律概念,王天华,中国政法大学,21,不确定法律概念;行政裁量;解释基准;语义学分析;法律论证,宪法学与行政法学,宪法学与行政法学,宪法学与行政法学,宪法学与行政法学,宪法学与行政法学,,683,yes
684,中国法学,2023,000,3,行政法典编纂视角下明清会典的编纂理念、立法模式及启示,罗冠男[1],[1]中国政法大学法律史学研究院,17,明清会典;编纂理念;立法模式;法典编纂;行政法典,法律史,法律史,法律史,法律史,法律史,,684,yes
685,中国法学,2021,0,1,行政活动法律保留的结构变迁,王贵松,中国人民大学法学院,21,法治国家;法律保留;依法律行政;自由权;侵害保留;权力保留,法学理论,法学理论,法学理论,法学理论,法学理论,,685,yes
686,中国法学,2024,000,2,行政犯“行刑衔接”困境破解：从分离式到联动式,谢小剑[1],[1]江西财经大学法学院,18,行刑衔接;行政执法;刑事侦查;联勤联动,刑法学,刑法学,刑法学,刑法学,刑法学,,686,yes
687,中国法学,2020,,5,行政罚款设定方式研究,张红[1],[1]北京师范大学法学院,22,行政罚款;设定方式;区间倍率式;区间数值式,宪法学与行政法学,宪法学与行政法学,宪法学与行政法学,宪法学与行政法学,宪法学与行政法学,,687,yes
688,中国法学,2016,,3,行政行为违法性继承的中国图景,成协中,北京市社会科学院法学所,19,违法性继承;行政行为效力;法安定性,民商法学,民商法学,民商法学,民商法学,民商法学,,688,yes
689,中国法学,2021,0,6,行政许可承诺制:程序再造与规制创新,卢超[1],[1]中国社会科学院法学研究所,19,许可承诺制;许可程序;规制创新;营商环境;信用规制;事中事后监管,宪法学与行政法学,宪法学与行政法学,宪法学与行政法学,宪法学与行政法学,宪法学与行政法学,,689,yes
690,中国法学,2022,000,4,行政许可条件设定模式及其反思,林华[1],[1]中国政法大学法治政府研究院,21,行政许可;行政许可条件;行政许可设定;行政审批,宪法学与行政法学,宪法学与行政法学,宪法学与行政法学,宪法学与行政法学,宪法学与行政法学,,690,yes
691,中国法学,2025,000,1,行政许可要件契约化的限定及其制度构造,章剑生[1],[1]浙江大学光华法学院,18,行政许可;行政许可要件契约化;目的性要件;管理性要件,宪法学与行政法学,宪法学与行政法学,宪法学与行政法学,宪法学与行政法学,宪法学与行政法学,,691,yes
692,中国法学,2019,,4,行政诉讼原告资格中“利害关系”的判断结构,章剑生[1],[1]浙江大学光华法学院,21,行政诉讼原告资格;利害关系;保护规范理论;行政诉讼,宪法学与行政法学,宪法学与行政法学,宪法学与行政法学,宪法学与行政法学,宪法学与行政法学,,692,yes
693,中国法学,2022,000,4,行政诉讼司法建议的功能扩张及省思,王云霞[1],[1]浙江工商大学法学院,17,行政诉讼;司法建议;功能扩张;司法裁判权,宪法学与行政法学,宪法学与行政法学,宪法学与行政法学,宪法学与行政法学,宪法学与行政法学,,693,yes
694,中国法学,2024,000,2,行政诉讼的诉审判一致性,王贵松[1],[1]中国人民大学法学院,18,诉讼请求;主观诉讼;合法性审查;全面审查;判决类型,诉讼法学,诉讼法学,诉讼法学,诉讼法学,诉讼法学,,694,yes
695,中国法学,2019,,6,行政赔偿案件中原被告举证责任辨析,罗智敏[1],[1]中国政法大学法学院,21,行政赔偿;举证责任;证明妨碍;酌情裁量权,诉讼法学,诉讼法学,诉讼法学,诉讼法学,诉讼法学,,695,yes
696,中国法学,2023,000,6,行政违法性认识错误的性质与处理规则,马春晓[1],[1]南京大学法学院,20,行政犯;双重违法性;违法性认识错误;新责任说,刑法学,刑法学,刑法学,刑法学,刑法学,,696,yes
697,中国法学,2018,,5,行政违法行为被犯罪化处理的程序控制,张泽涛,广州大学法学院,18,行政违法;刑事化;程序成因;程序控制,刑法学,刑法学,刑法学,刑法学,刑法学,,697,yes
698,中国法学,2017,0,4,行政长官制是单一制下新的澳门特别行政区地方政权形式,肖蔚云,,20,单一制;澳门特别行政区;行政长官制;地方政权形式,宪法学与行政法学,宪法学与行政法学,宪法学与行政法学,宪法学与行政法学,宪法学与行政法学,,698,yes
699,中国法学,2015,0,1,行贿犯罪执法困局及其对策,李少平[1],[1]最高人民法院,20,行贿犯罪;执法困局;刑事政策;不正当利益,刑法学,刑法学,刑法学,刑法学,刑法学,,699,yes
700,中国法学,2021,,5,规范多元的法治协同:基于构成性视角的观察,彭小龙[1],[1]中国人民大学法学院,21,规范多元;党内法规;社会规范;规范体系;构成性法治;协同机制,宪法学与行政法学,宪法学与行政法学,宪法学与行政法学,宪法学与行政法学,宪法学与行政法学,,700,yes
701,中国法学,2022,000,5,规范视野下的地方性事务,郑毅[1],[1]中央民族大学法学院,20,地方性事务;地方性法规;立法权纵向配置;事权划分,宪法学与行政法学,宪法学与行政法学,宪法学与行政法学,宪法学与行政法学,宪法学与行政法学,,701,yes
702,中国法学,2017,,1,认罪认罚从宽制度疑难问题研究,王敏远,中国社会科学院法学研究所,18,认罪认罚;权利保障;职权制约,刑法学,刑法学,刑法学,刑法学,刑法学,,702,yes
703,中国法学,2019,,3,认罪认罚从宽制度的基本内涵,孙长永[1],[1]西南政法大学诉讼法与司法改革研究中心,19,认罪认罚;从宽处理;刑事诉讼法,刑法学,刑法学,刑法学,刑法学,刑法学,,703,yes
704,中国法学,2017,,1,认罪认罚从宽制度的若干争议问题,陈瑞华,北京大学法学院,18,刑事速裁;认罪认罚从宽;值班律师;控辩协商;全流程简化,刑法学,刑法学,刑法学,刑法学,刑法学,,704,yes
705,中国法学,2017,,5,认罪认罚从宽制度的若干实体法问题,黄京平,中国人民大学法学院,23,认罪认罚 从宽量刑 事实约束力,刑法学,刑法学,刑法学,刑法学,刑法学,,705,yes
706,中国法学,2016,,2,认罪认罚从宽制度研究,陈卫东,中国人民大学法学院,17,认罪;认罚;从宽;司法审查,刑法学,刑法学,刑法学,刑法学,刑法学,,706,yes
707,中国法学,2023,000,6,认罪认罚从宽制度视野下的“以审判为中心”,汪海燕[1],[1]中国政法大学,19,以审判为中心;认罪认罚从宽;庭审实质化;检察主导;证明标准,刑法学,刑法学,刑法学,刑法学,刑法学,,707,yes
708,中国法学,2020,,4,认罪认罚从宽制度适用中的职权性逻辑和协商性逻辑,杜磊[1],[1]中国人民大学刑事法律科学研究中心,18,以审判为中心;认罪认罚从宽;职权性逻辑;协商性逻辑,刑法学,刑法学,刑法学,刑法学,刑法学,,708,yes
709,中国法学,2024,000,3,认罪认罚从宽适用常态化之实效检验,吴雨豪[1],[1]北京大学法学院,21,认罪认罚从宽;政策评估;司法效率;宽严相济;被害人保护,刑法学,刑法学,刑法学,刑法学,刑法学,,709,yes
710,中国法学,2016,,5,论1954年宪法上的审判独立原则,韩大元,中国人民大学法学院,20,1954年宪法;审判独立原则;人民法院;党的领导,诉讼法学,诉讼法学,诉讼法学,诉讼法学,诉讼法学,,710,yes
711,中国法学,2019,,1,论“唯庭审主义”之辩护模式,"李奋飞[1,2]",[1]中国人民大学法学院;[2]中国人民大学刑事法律科学研究中心,19,唯庭审主义;辩护模式;辩护前移;有效辩护,诉讼法学,诉讼法学,诉讼法学,诉讼法学,诉讼法学,,711,yes
712,中国法学,2023,000,4,论“正常经营买受人”的善意要求,郑永宽[1],[1]厦门大学法学院,17,动产担保;登记;正常经营买受人;善意,民商法学,民商法学,民商法学,民商法学,民商法学,,712,yes
713,中国法学,2025,000,2,论“量化评价类”规制工具,"王瑞雪[1,2]",[1]南开大学法学院;[2]南开大学人权研究中心,17,量化评价工具;指标体系;声誉机制;信用监管;数字治理,数字法学,宪法学与行政法学,宪法学与行政法学,民商法学,民商法学,,713,yes
714,中国法学,2021,0,6,论《民法典》的功能主义释意模式,许中缘[1],[1]中南大学法学院,18,民法典;功能变迁;功能主义释意;内部体系;外部体系,民商法学,民商法学,民商法学,民商法学,民商法学,,714,yes
715,中国法学,2021,,2,论《民法典》的溯及力,熊丙万[1],[1]不详,22,民法典;溯及力;有利溯及;有序溯及;重大公益溯及,民商法学,民商法学,民商法学,民商法学,民商法学,,715,yes
716,中国法学,2016,,4,论一体建设法治社会,"张鸣起[1,2]",[1]全国人大法律委员会;[2]中国法学会,19,法治社会;一体建设;政府主导;社会共治,宪法学与行政法学,宪法学与行政法学,宪法学与行政法学,宪法学与行政法学,宪法学与行政法学,,716,yes
717,中国法学,2024,000,3,论个人数据经济利益的归属与法律保护,程啸[1],[1]清华大学法学院,20,个人信息;个人数据;个人信息权益;数据产权,数字法学,经济法学,经济法学,民商法学,民商法学,,717,yes
718,中国法学,2025,000,2,论中国刑法上的“二阶刑事违法”,杜宇[1],[1]复旦大学法学院,21,二阶刑事违法;初阶违法;次阶违法;客观处罚条件,刑法学,刑法学,刑法学,刑法学,刑法学,,718,yes
719,中国法学,2019,,1,论中国古代的“六事法体系”,"朱勇[1,2]",[1]中国政法大学;[2]中国政法大学'司法文明协同创新中心',21,六事法体系;官法同构;户事法,法律史,法律史,法律史,法律史,法律史,,719,yes
720,中国法学,2018,,2,论中国古代的德法共治,张晋藩,中国政法大学,19,德治;法治;以德化民;以法治国;德法共治,法学理论,法学理论,法学理论,法学理论,法学理论,,720,yes
721,中国法学,2022,000,5,论中国古代的民本思想,张晋藩[1],[1]中国政法大学,21,民本;利民;爱民;教民;以人民为中心,法律史,法律史,法律史,法律史,法律史,,721,yes
722,中国法学,2022,0,1,论中国式法治现代化新道路,张文显[1],[1]吉林大学,27,法治;现代化;新道路;中国式法治现代化新道路,法学理论,法学理论,法学理论,法学理论,法学理论,,722,yes
723,中国法学,2024,000,2,论中国法理学史学科的创立,喻中[1],[1]中国政法大学习近平法治思想研究院,20,法学学科体系;法理学;中国法理学史;西方法理学史;中国法律思想史,法律史,法律史,法律史,法律史,法律史,,723,yes
724,中国法学,2020,,5,论中国特色国际税收法治体系之建构,崔晓静[1],[1]武汉大学法学院国际法研究所,21,国际税收;法治体系;行政约束;司法监督,法学理论,法学理论,法学理论,法学理论,法学理论,,724,yes
725,中国法学,2025,000,1,论中国财税法学自主知识体系的建构,刘剑文[1],[1]辽宁大学法学院,20,财税法学;财税法一体化;中国自主知识体系,经济法学,经济法学,经济法学,经济法学,经济法学,,725,yes
726,中国法学,2017,,1,论中立帮助行为的处罚边界,陈洪兵,南京师范大学法学院,20,中立帮助行为;帮助犯;利益衡量;正当业务行为;网络犯罪,数字法学,刑法学,刑法学,刑法学,刑法学,,726,yes
727,中国法学,2024,000,2,论习近平法治思想的公正司法观,童建明[1],[1]最高人民检察院,21,习近平法治思想;公正司法观;全面依法治国;公平正义;司法体制改革,诉讼法学,诉讼法学,诉讼法学,诉讼法学,诉讼法学,,727,yes
728,中国法学,2022,000,4,论习近平法治思想的制度逻辑,李林[1],[1]中国社会科学院法学研究所,23,习近平法治思想;国家治理;制度逻辑;制度体系;法治体系,法学理论,法学理论,法学理论,法学理论,法学理论,,728,yes
729,中国法学,2021,0,1,论习近平法治思想的时代精神,汪习根,华中科技大学法学院,19,习近平法治思想;时代背景;时代主题;时代之问;时代价值,法学理论,法学理论,法学理论,法学理论,法学理论,,729,yes
730,中国法学,2022,000,3,论习近平法治思想的法理学创新,邱水平[1],[1]北京大学,19,习近平法治思想;法理学;西方法理学;马克思主义法理学中国化;法治现代化,法学理论,法学理论,法学理论,法学理论,法学理论,,730,yes
731,中国法学,2015,0,3,论互联网法,周汉华[1],[1]中国社会科学院法学研究所,18,互联网法;关键信息基础设施;互联网服务提供商;互联网信息,数字法学,宪法学与行政法学,数字法学,数字法学,数字法学,,731,yes
732,中国法学,2024,000,1,论人工智能生成内容的著作权法平等保护,"徐小奔[1,2]",[1]中南财经政法大学知识产权研究中心;[2]中南财经政法大学法学院,20,AIGC;独创性来源;著作权主体;著作权归属,知识产权法学,民商法学,知识产权法学,知识产权法学,知识产权法学,,732,yes
733,中国法学,2024,000,5,论人工智能立法的基本路径,林洹民[1],[1]中央财经大学法学院,21,人工智能立法;专精科技;赋能科技;科技伦理;实验主义治理,数字法学,法学理论,法学理论,民商法学,法学理论,,733,yes
734,中国法学,2025,000,2,论人机协同审判的信任构建,衣俊霖[1],[1]上海交通大学凯原法学院,20,人工智能;人机协同审判;审判信任;法律议论,数字法学,诉讼法学,诉讼法学,诉讼法学,诉讼法学,,734,yes
735,中国法学,2019,,1,论人格权请求权与侵权损害赔偿请求权的分离,"王利明[1,2]",[1]中国人民大学;[2]中国人民大学民商事法律科学研究中心,20,人格权请求权;侵权损害赔偿请求权;民法典制定,民商法学,民商法学,民商法学,民商法学,民商法学,,735,yes
736,中国法学,2023,000,5,论企业合规程序出罪,刘少军[1],[1]安徽大学法学院,21,企业合规;程序出罪;合规不起诉;风险防范;司法审查,刑法学,刑法学,刑法学,刑法学,刑法学,,736,yes
737,中国法学,2015,0,4,论企业名称的竞争法保护——最高人民法院第29号指导案例研究,李友根[1],[1]南京大学法学院,20,指导案例;企业名称;竞争法,民商法学,民商法学,民商法学,民商法学,民商法学,,737,yes
738,中国法学,2024,000,6,论依规范目的认定合同无效：以《合同编通则解释》第16条为中心,"王利明[1,2]",[1]中国人民大学法学院;[2]中国人民大学民商事法律科学研究中心,21,规范目的;合同无效;强制性规定;合同编通则解释;比例原则,民商法学,民商法学,民商法学,民商法学,民商法学,,738,yes
739,中国法学,2025,000,1,论保险告知义务规则与近因原则的衔接,王金玉[1],[1]辽宁大学法学院,20,保险合同;告知义务规则;近因原则;因果关系,刑法学,刑法学,刑法学,刑法学,刑法学,,739,yes
740,中国法学,2018,,3,论全球治理体系中的国内法院,霍政欣,中国政法大学,19,全球治理;国内法院;跨国司法治理权;人民法院,民商法学,民商法学,民商法学,民商法学,民商法学,,740,yes
741,中国法学,2023,000,2,论全面依法治国的战略地位和作用,"熊选国[1,2]",[1]中央全面依法治国委员会办公室;[2]司法部,20,全面依法治国;两个布局;习近平法治思想,法学理论,法学理论,法学理论,法学理论,法学理论,,741,yes
742,中国法学,2017,,3,论公共企业的法律属性,胡改蓉,华东政法大学经济法学院,22,公共企业;公法性;私法性;特殊法人,民商法学,民商法学,民商法学,民商法学,民商法学,,742,yes
743,中国法学,2021,,2,论公共法律服务与诉讼服务体系的制度协同,杨凯[1],[1]华东政法大学公共法律服务研究院,21,多元化纠纷解决;公共法律服务;诉讼服务;制度协同,法学理论,法学理论,法学理论,法学理论,法学理论,,743,yes
744,中国法学,2022,0,1,论公司机关决策权力的配置,潘林[1],[1]山东大学法学院,18,股东会中心主义;董事会中心主义;经理中心主义;权力中心;信义义务,民商法学,民商法学,民商法学,民商法学,民商法学,,744,yes
745,中国法学,2025,000,1,论公司法的宪法基础,陈嘉白[1],[1]清华大学法学院,20,公司法;宪法;依宪立法;基本权利;公司宪治论,民商法学,民商法学,民商法学,民商法学,民商法学,,745,yes
746,中国法学,2022,000,3,论公开的个人信息处理的法律规制,程啸[1],[1]清华大学法学院,20,公开的个人信息;信息处理;告知同意;民法典;个人信息保护法,数字法学,民商法学,民商法学,民商法学,民商法学,,746,yes
747,中国法学,2021,0,6,论具体权利概念的结构,张恒山[1],[1]天津大学法学院,21,具体权利;权利结构;权利本体;权利载体;生命权,民商法学,民商法学,民商法学,民商法学,民商法学,,747,yes
748,中国法学,2015,0,1,论冒名处分不动产的私法效果,冉克平[1],[1]华中科技大学法学院,18,冒名行为;无权处分;善意取得;信赖保护,民商法学,民商法学,民商法学,民商法学,民商法学,,748,yes
749,中国法学,2020,,2,论农民进城落户后集体土地“三权”退出,高海[1],[1]安徽财经大学法学院,18,农民进城落户;集体土地;成员资格;三权分置,环境与资源保护法学,环境与资源保护法学,环境与资源保护法学,环境与资源保护法学,环境与资源保护法学,,749,yes
750,中国法学,2021,,3,论农民集体与农村集体经济组织的关系,宋志红[1],[1]中央财经大学法学院,22,农民集体;农村集体经济组织;土地所有权;集体产权制度改革,环境与资源保护法学,环境与资源保护法学,环境与资源保护法学,环境与资源保护法学,环境与资源保护法学,,750,yes
751,中国法学,2016,,2,论农民集体土地所有权的管理权能,韩松,西北政法大学民商法学院,22,集体土地所有权;管理权能;管理权能行使,环境与资源保护法学,环境与资源保护法学,环境与资源保护法学,环境与资源保护法学,环境与资源保护法学,,751,yes
752,中国法学,2021,0,6,论刑事司法对鉴定的迷信与制度防范,陈永生[1],[1]北京大学法学院,20,司法鉴定意见;认知偏见;鉴定监督,刑法学,刑法学,刑法学,刑法学,刑法学,,752,yes
753,中国法学,2025,000,1,论刑事案件不法原因给付财产的没收,吴光升[1],[1]温州大学法学院,20,不法原因给付财产;违法所得;给付人;返还请求权;没收,刑法学,刑法学,刑法学,刑法学,刑法学,,753,yes
754,中国法学,2022,0,1,论刑事证据资格之多重性,林志毅[1],[1]华南理工大学法学院,18,刑事证据资格;证据能力;证据资格审查,刑法学,刑法学,刑法学,刑法学,刑法学,,754,yes
755,中国法学,2021,,3,论刑事诉讼法的法典化,陈卫东[1],[1]中国人民大学刑事法律科学研究中心,19,刑事诉讼法;法典化;完备化;体系化;治理体系,刑法学,刑法学,刑法学,刑法学,刑法学,,755,yes
756,中国法学,2018,,3,论刑法的网络空间效力,刘艳红,东南大学法学院,21,网络空间;属地管辖;效果原则;普遍原则;关联性标准,数字法学,国际法学,刑法学,刑法学,刑法学,,756,yes
757,中国法学,2020,,3,论反垄断法的重构:应对数字经济的挑战,"杨东[1,2]",[1]中国人民大学法学院未来法治研究院;[2]中国人民大学民商事法律科学研究中心,17,隐私保护;相关市场;相对优势地位;必要设施原则;监管科技,数字法学,经济法学,经济法学,经济法学,经济法学,,757,yes
758,中国法学,2015,0,1,论司法拍卖市场化改革及其完善,汤维建[1],[1]中国人民大学法学院,18,司法拍卖;市场化改革;委托拍卖;网络拍卖,数字法学,诉讼法学,诉讼法学,民商法学,诉讼法学,,758,yes
759,中国法学,2015,0,4,论司法权和司法行政事务管理权的分离,徐汉明,,20,司法改革;司法权;司法行政事务管理权,诉讼法学,诉讼法学,诉讼法学,诉讼法学,诉讼法学,,759,yes
760,中国法学,2016,,3,论司法认同：危机与重建,吴英姿,南京大学法学院,21,司法认同;制度认同;司法规律;司法改革,诉讼法学,诉讼法学,诉讼法学,诉讼法学,诉讼法学,,760,yes
761,中国法学,2018,,2,论司法责任制综合配套改革,张智辉,湖南大学,19,司法改革;司法责任制;综合配套,诉讼法学,诉讼法学,诉讼法学,诉讼法学,诉讼法学,,761,yes
762,中国法学,2015,0,4,论合同法和侵权法在固有利益保护上的分工与协作,王文胜,,20,固有利益;保护义务;损害赔偿;合同解除,民商法学,民商法学,民商法学,民商法学,民商法学,,762,yes
763,中国法学,2020,,3,论唐代无主物法律制度,顾元[1],[1]中国政法大学法律史学研究院,21,唐律;无主物;加功力;罗马法,法律史,法律史,法律史,法律史,法律史,,763,yes
764,中国法学,2022,000,5,论商事习惯的法源位阶,李建伟[1],[1]中国政法大学民商经济法学院,20,商事习惯;商法规范;民法规范;法源位阶;法律渊源体系,民商法学,民商法学,民商法学,民商法学,民商法学,,764,yes
765,中国法学,2016,0,6,论国家所有权与行政权的关系,肖泽晟,南京大学法学院,15,国家所有权;行政权;生产资料;生活资料,民商法学,民商法学,民商法学,民商法学,民商法学,,765,yes
766,中国法学,2020,,2,论国家治理体系下的检察公益诉讼,刘艺[1],[1]中国政法大学法治政府研究院,19,检察公益诉讼;国家治理体系现代化;司法治理;网状治理结构,诉讼法学,诉讼法学,诉讼法学,诉讼法学,诉讼法学,,766,yes
767,中国法学,2020,,1,论国际航空私法条约适用的强制性,董念清[1],[1]中国民航管理干部学院,18,国际航空私法;华沙公约;蒙特利尔公约;强制性适用;地点标准,国际法学,国际法学,国际法学,国际法学,国际法学,,767,yes
768,中国法学,2024,000,3,论国际裁判中的司法政策,朱利江[1],[1]中国政法大学国际法学院,18,国际裁判;司法政策;司法技巧;国际争端;国际法治,国际法学,国际法学,国际法学,国际法学,国际法学,,768,yes
769,中国法学,2015,0,3,论土地承包权与土地承包经营权的分离,丁文[1],[1]华中师范大学法学院,20,土地承包权;土地承包经营权;三权分离,环境与资源保护法学,环境与资源保护法学,环境与资源保护法学,环境与资源保护法学,环境与资源保护法学,,769,yes
770,中国法学,2017,0,4,论地方政府事权的法理基础与宪法结构,王建学,厦门大学法学院,19,地方事权;新固有权说;民主集中制;双重领导,宪法学与行政法学,宪法学与行政法学,宪法学与行政法学,宪法学与行政法学,宪法学与行政法学,,770,yes
771,中国法学,2024,000,4,论垄断行为的竞合,侯利阳[1],[1]上海交通大学凯原法学院,21,垄断行为;竞合;行为类型化;排除限制竞争效果;保护法益,刑法学,刑法学,刑法学,刑法学,刑法学,,771,yes
772,中国法学,2022,000,2,论基本权利私人间效力的范式转型,李海平[1],[1]吉林大学法学院,19,基本权利私人间效力;间接效力;国家保护义务;国家行为;社会权力,宪法学与行政法学,宪法学与行政法学,宪法学与行政法学,宪法学与行政法学,宪法学与行政法学,,772,yes
773,中国法学,2019,,6,论基金托管人的治理功能与独立责任,洪艳蓉[1],[1]北京大学法学院,20,契约型基金;基金托管人;独立责任;“阜兴案”,经济法学,经济法学,经济法学,经济法学,经济法学,,773,yes
774,中国法学,2021,,2,论宣告死亡及其撤销在婚姻上的效力,翟远见[1],[1]中国政法大学比较法学研究院,19,宣告死亡;死亡宣告撤销;婚姻效力;目的性限缩,民商法学,民商法学,民商法学,民商法学,民商法学,,774,yes
775,中国法学,2017,,3,论宪法上的一般人格权及其对民法的影响,王锴,北京航空航天大学法学院,20,人格;人的尊严;人格尊严;一般人格权;基本权利的第三者效力,民商法学,民商法学,民商法学,民商法学,民商法学,,775,yes
776,中国法学,2019,,1,论宪法与国际法的互动,王德志[1],[1]山东大学法学院,18,基本权利保障;合宪性审查;合公约性审查;国际法宪法化,国际法学,国际法学,国际法学,国际法学,国际法学,,776,yes
777,中国法学,2023,000,1,论平台经济反垄断与监管的二元分治,周汉华[1],[1]中国社会科学院法学研究所,19,平台经济治理;二元分治;数据监管;反垄断;监管,数字法学,经济法学,经济法学,经济法学,经济法学,,777,yes
778,中国法学,2016,,5,论应诉管辖制度的司法嬗变及其规则构建,黄忠顺,清华大学法学院,22,应诉管辖;管辖利益;合意管辖;法定管辖,诉讼法学,诉讼法学,诉讼法学,诉讼法学,诉讼法学,,778,yes
779,中国法学,2015,0,2,论建构民事程序权利救济机制的基本原则,潘剑锋[1],[1]北京大学法学院,14,程序权利;对应性原则;比例原则;效益原则,民商法学,民商法学,民商法学,民商法学,民商法学,,779,yes
780,中国法学,2021,,5,论建立分种类、多层级的社会规范备案审查制度,刘作翔[1],[1]上海师范大学哲学与法政学院,20,规范性文件;社会规范;社会组织;备案审查制度;监督制度,宪法学与行政法学,宪法学与行政法学,宪法学与行政法学,宪法学与行政法学,宪法学与行政法学,,780,yes
781,中国法学,2021,,4,论当代中国的交叠特征与法治社会建设:从财产权角度的路径分析,"冉昊[1,2]",[1]广东财经大学法治与经济发展研究所;[2]法学院,18,立体交叠;时代正当性;物权;社会财产权;数据产权,数字法学,民商法学,民商法学,民商法学,民商法学,,781,yes
782,中国法学,2016,,5,论必要性原则的客观化,刘权,中央财经大学法学院,18,必要性;最小损害;相同有效性;成本收益分析,宪法学与行政法学,宪法学与行政法学,宪法学与行政法学,宪法学与行政法学,宪法学与行政法学,,782,yes
783,中国法学,2020,,3,论我国“特定区域”法治先行,王春业[1],[1]河海大学法学院,19,特定区域;法治先行;授权立法,法学理论,法学理论,法学理论,法学理论,法学理论,,783,yes
784,中国法学,2019,,4,论我国个人破产制度的构建,刘冰[1],[1]华北电力大学人文与社会科学学院,21,个人破产;破产理论;破产规则;债务豁免,民商法学,民商法学,民商法学,民商法学,民商法学,,784,yes
785,中国法学,2015,0,2,论我国刑法不采取共犯从属性说及利弊,刘明祥[1],[1]中国人民大学刑事法律科学研究中心,22,共犯;从属性;教唆犯;帮助犯;正犯,刑法学,刑法学,刑法学,刑法学,刑法学,,785,yes
786,中国法学,2024,000,6,论我国刑法分则中的参加型犯罪,唐稷尧[1],[1]西南财经大学法学院,19,参加型犯罪;参加行为;刑法分则;参加黑社会性质组织罪,刑法学,刑法学,刑法学,刑法学,刑法学,,786,yes
787,中国法学,2015,0,1,论我国司法体制的现代化改革,陈光中[1];魏晓娜[2],[1]司法文明协同创新中心暨中国政法大学诉讼法学研究院;[2]中国人民大学法学院,16,司法体制改革;审判权检察权独立;刑罚执行体制,刑法学,刑法学,刑法学,刑法学,刑法学,,787,yes
788,中国法学,2017,,5,论我国引入公司章程防御性条款的制度构造,王建文,南京航空航天大学人文与社会科学学院,19,防御性条款 防御对象 资本多数决,民商法学,民商法学,民商法学,民商法学,民商法学,,788,yes
789,中国法学,2019,,3,论我国数量刑法学的构建,储槐植[1];何群[2],[1]福州大学法学院;[2]北京师范大学刑事法律科学研究院,18,数量刑法学;定量因素;罪刑均衡;人工智能;一体化思维,数字法学,刑法学,刑法学,刑法学,刑法学,,789,yes
790,中国法学,2021,,2,论我国民事诉讼标的与诉讼请求的关系,任重[1],[1]清华大学法学院,19,诉讼请求;诉讼标的;民法典;请求权竞合;重复起诉;诉讼时效,诉讼法学,诉讼法学,诉讼法学,诉讼法学,诉讼法学,,790,yes
791,中国法学,2016,0,1,论我国环境公益诉讼的发展方向：基于行政权与司法权关系理论的分析,王明远,清华大学法学院,20,环境公益诉讼;环境行政公益诉讼;环境司法;“风险社会”模式,诉讼法学,诉讼法学,诉讼法学,诉讼法学,诉讼法学,,791,yes
792,中国法学,2023,000,1,论我国现行宪法的人民民主原则,韩大元[1],[1]中国人民大学法学院,21,现行宪法;社会主义;人民民主原则;全过程人民民主,宪法学与行政法学,宪法学与行政法学,宪法学与行政法学,宪法学与行政法学,宪法学与行政法学,,792,yes
793,中国法学,2020,,2,论我国行政法上的成本收益分析原则:理论证成与适用展开,郑雅方[1],[1]对外经济贸易大学法学院,19,成本收益分析原则;行政法的基本原则;重大行政决策,宪法学与行政法学,宪法学与行政法学,宪法学与行政法学,宪法学与行政法学,宪法学与行政法学,,793,yes
794,中国法学,2019,,5,论我国道路交通事故社会救助基金追偿权,李青武[1],[1]对外经济贸易大学法学院,18,道路交通事故;责任强制保险;社会救助基金,民商法学,民商法学,民商法学,民商法学,民商法学,,794,yes
795,中国法学,2024,000,5,论技术范式转移下元宇宙的法律治理,马永强[1],[1]吉林大学人权研究院,20,元宇宙;技术范式转移;法律治理;数字化;去中心化,数字法学,法学理论,法学理论,民商法学,法学理论,,795,yes
796,中国法学,2022,000,2,论抽象危险犯个罪裁判规范的续造,王飞跃[1],[1]中南林业科技大学政法学院,19,抽象危险犯;裁判规范续造;危险驾驶;高空抛物,刑法学,刑法学,刑法学,刑法学,刑法学,,796,yes
797,中国法学,2017,,2,论拒不履行信息网络安全管理义务罪,谢望原,中国人民大学刑事法律科学研究中心,18,网络安全;管理义务;行为要素;心理要素;违法性认识错误,数字法学,刑法学,刑法学,刑法学,刑法学,,797,yes
798,中国法学,2019,,2,论搭售的违法判断标准,郑鹏程[1],[1]湖南大学法学院,19,合同搭售;捆绑折扣;技术性搭售;本身违法;合理标准,民商法学,民商法学,民商法学,民商法学,民商法学,,798,yes
799,中国法学,2016,,4,论政府购买公共服务合同中的公法责任,胡敏洁,南京大学法学院,16,政府购买公共服务合同;公法责任;契约治理,民商法学,民商法学,民商法学,民商法学,民商法学,,799,yes
800,中国法学,2023,000,1,论数字时代的积极主义法律监督观,胡铭[1],[1]浙江大学光华法学院,17,积极主义法律监督观;大数据法律监督;检察制度;数字法治,数字法学,法学理论,宪法学与行政法学,法学理论,法学理论,,800,yes
801,中国法学,2023,000,1,论数字检察,贾宇[1],[1]上海市高级人民法院,20,数字检察改革;法律监督;大数据;社会治理;重塑变革,数字法学,宪法学与行政法学,宪法学与行政法学,宪法学与行政法学,宪法学与行政法学,,801,yes
802,中国法学,2023,000,4,论数据产权制度的层级性：“三三制”数据确权法,申卫星[1],[1]清华大学法学院,23,层级性思维;数据资源持有权;数据加工使用权;数据产品经营权,数字法学,经济法学,民商法学,民商法学,民商法学,,802,yes
803,中国法学,2024,000,3,论数据信息损害的承认与救济,张凌寒[1],[1]中国政法大学数据法治研究院,21,数据信息损害;个人信息;损害法定化;公益诉讼;法定赔偿,数字法学,民商法学,民商法学,民商法学,民商法学,,803,yes
804,中国法学,2023,000,6,论新时代中国社会治理理论,徐汉明[1],[1]中南财经政法大学国家治理学院,18,习近平新时代中国特色社会主义思想;新时代中国社会治理理论;社会治理;社会治理现代化,法学理论,法学理论,法学理论,法学理论,法学理论,,804,yes
805,中国法学,2019,,3,论无权代理人赔偿责任的双层结构,张家勇[1],[1]中南财经政法大学法学院,21,无权代理;无过失责任;信赖原理;缔约过失,民商法学,民商法学,民商法学,民商法学,民商法学,,805,yes
806,中国法学,2023,000,3,论检察一体化,张智辉[1],[1]湖南大学法学院,18,检察一体化;检察制度;检察权;人员调用;职权划分,诉讼法学,诉讼法学,诉讼法学,诉讼法学,诉讼法学,,806,yes
807,中国法学,2016,0,1,论检察指令权的实体规制,杜磊,北京大学法学院,17,检察指令权;检察官办案责任制;检察一体,诉讼法学,诉讼法学,诉讼法学,诉讼法学,诉讼法学,,807,yes
808,中国法学,2020,,3,论比例原则对立法权的约束及其界限,陈征[1],[1]中国政法大学法学院,19,比例原则;事实认定;预测决定;价值评判,诉讼法学,诉讼法学,诉讼法学,诉讼法学,诉讼法学,,808,yes
809,中国法学,2021,,3,论民事判决的遮断效力,王福华[1],[1]上海交通大学凯原法学院,22,既判力;形成权;遮断效;失权;基准时,诉讼法学,诉讼法学,诉讼法学,诉讼法学,诉讼法学,,809,yes
810,中国法学,2022,0,1,论民事权益位阶:以《民法典》为中心,王利明[1],[1]中国人民大学,23,民法典;民事权益;位阶;私权保护,民商法学,民商法学,民商法学,民商法学,民商法学,,810,yes
811,中国法学,2020,,5,论民事诉讼中的协同主义,杨严炎[1],[1]复旦大学法学院,19,协同主义;辩论主义;职权主义;言词辩论;释明,诉讼法学,诉讼法学,诉讼法学,诉讼法学,诉讼法学,,811,yes
812,中国法学,2020,,5,论民事诉讼中的法官调查取证权,袁中华[1],[1]中南财经政法大学法学院,18,调查取证权;证据调查;事实调查;证据收集,诉讼法学,诉讼法学,诉讼法学,诉讼法学,诉讼法学,,812,yes
813,中国法学,2018,,2,论民事诉讼文书样式实例评注研究的引领功用,杨凯,华中师范大学法学院,23,文书样式;法律评注;裁判要旨;规则指引,诉讼法学,诉讼法学,诉讼法学,诉讼法学,诉讼法学,,813,yes
814,中国法学,2016,,4,论民事诉讼突袭性裁判的防止：以现代庭审理论的应用为中心,杨严炎,复旦大学法学院,21,突袭性裁判;现代庭审理论;释明权;心证公开,诉讼法学,诉讼法学,诉讼法学,诉讼法学,诉讼法学,,814,yes
815,中国法学,2020,,6,论民法典后司法解释之命运,"黄忠[1,2]",[1]西南政法大学;[2]西南政法大学创新型国家建设法治研究院,20,民法典;司法解释;民法法源;指导性案例;,民商法学,民商法学,民商法学,民商法学,民商法学,,815,yes
816,中国法学,2019,,3,论民法典婚姻家庭编的社会化,肖新喜[1],[1]西北政法大学民商法学院,18,民法典婚姻家庭编;私法社会化;整体主义,民商法学,民商法学,民商法学,民商法学,民商法学,,816,yes
817,中国法学,2016,0,6,论民法对合同行政审批的立法态度,马新彦,国家2011司法文明协同创新中心,20,行政审批;权力的边界;合同效力;处分权的终极行使,民商法学,民商法学,民商法学,民商法学,民商法学,,817,yes
818,中国法学,2017,,1,论法律的法规创造力,王贵松,中国人民大学法学院,21,行政法规;行政立法;民主正当性;一般性规范,宪法学与行政法学,宪法学与行政法学,宪法学与行政法学,宪法学与行政法学,宪法学与行政法学,,818,yes
819,中国法学,2024,000,4,论法律科际整合及其对“可靠事实”的探寻,孙笑侠[1],[1]浙江大学数字法治研究院,19,学科交叉;科际整合;法学方法;可靠事实;科际法学,法学理论,法学理论,法学理论,法学理论,法学理论,,819,yes
820,中国法学,2022,000,5,论法律解释目标的逐案决定,陈坤[1],[1]南京大学法学院,21,法律解释目标;意义类型;一般性解释立场;逐案决定,法学理论,法学理论,法学理论,法学理论,法学理论,,820,yes
821,中国法学,2023,000,4,论法律认知的信任逻辑,伍德志[1],[1]武汉大学法学院,20,法律信任;法律认知;系统信任;制度化不信任,法学理论,法学理论,法学理论,法学理论,法学理论,,821,yes
822,中国法学,2021,,3,论法院对规范性文件的附带审查,何海波[1],[1]清华大学法学院,25,行政诉讼法;规范性文件;附带审查;一并审查;合法性审查,诉讼法学,诉讼法学,诉讼法学,诉讼法学,诉讼法学,,822,yes
823,中国法学,2023,000,4,论涉案企业合规的全流程从宽,"李奋飞[1,2]",[1]中国人民大学法学院;[2]刑事法律科学研究中心,18,企业合规;合规不起诉;全流程从宽;再犯预防;刑事诉讼立法,刑法学,刑法学,刑法学,刑法学,刑法学,,823,yes
824,中国法学,2016,,5,论混合型海洋争端的管辖权问题,张华,南京大学法学院,20,混合型海洋争端;管辖权;重心检验;南海仲裁案,国际法学,国际法学,国际法学,国际法学,国际法学,,824,yes
825,中国法学,2015,0,5,论演绎权的保护范围,梁志文[1],[1]南京师范大学法学院,18,演绎权;改编权;复制权;作品表达的层次;合理使用,知识产权法学,民商法学,知识产权法学,知识产权法学,知识产权法学,,825,yes
826,中国法学,2021,0,6,论犯罪参与的共同性:以单一正犯体系为中心,刘明祥[1],[1]中国人民大学刑事法律科学研究中心,22,犯罪参与;共同犯罪;共同正犯;共犯,刑法学,刑法学,刑法学,刑法学,刑法学,,826,yes
827,中国法学,2015,0,2,论环境侵权原因行为的立法拓展,"竺效[1,2]",[1]中国人民大学法学院;[2]中国人民大学民商事法律科学研究中心,18,污染环境;破坏生态;环境侵权;原因行为,环境与资源保护法学,环境与资源保护法学,环境与资源保护法学,环境与资源保护法学,环境与资源保护法学,,827,yes
828,中国法学,2017,,6,论环境质量标准与环境污染侵权责任的认定,尤明青,中南财经政法大学法学院,18,环境质量标准 环境污染侵权责任 事实 规范,环境与资源保护法学,环境与资源保护法学,环境与资源保护法学,环境与资源保护法学,环境与资源保护法学,,828,yes
829,中国法学,2019,,5,论生态损害救济的模式选择,刘静[1],[1]武汉大学环境法研究所,18,生态损害;救济模式;公法救济;环境公益诉讼,环境与资源保护法学,环境与资源保护法学,环境与资源保护法学,环境与资源保护法学,环境与资源保护法学,,829,yes
830,中国法学,2024,000,3,论破产程序中企业数据财产的处理,"赵精武[1,2]",[1]北京航空航天大学法学院;[2]北京科技创新中心研究基地、工信部工业和信息化法治战略与管理重点实验室,21,企业破产;数据处理;企业数据财产权;破产财产;破产管理,数字法学,民商法学,民商法学,民商法学,民商法学,,830,yes
831,中国法学,2021,0,1,论社会信用法的立法模式选择,王伟,中央党校(国家行政学院)政治和法律教研部,20,社会信用法;立法模式;信用主体;信用客体,法学理论,法学理论,法学理论,法学理论,法学理论,,831,yes
832,中国法学,2018,,3,论禁止权利滥用原则的法律适用,彭诚信,上海交通大学凯原法学院,20,权利滥用;《民法总则》第132条;鉴别要素;侵权责任;法律原则规则化,民商法学,民商法学,民商法学,民商法学,民商法学,,832,yes
833,中国法学,2016,,2,论税收国家的基础,张富强,华南理工大学法学院,18,税收国家;社会文化观念,经济法学,经济法学,经济法学,经济法学,经济法学,,833,yes
834,中国法学,2023,000,6,论类案的结构性相似特征及其运用,杨知文[1],[1]华东政法大学法律学院,21,类案;结构性相似;类案判定;类案适用;指导性案例,法学理论,法学理论,法学理论,法学理论,法学理论,,834,yes
835,中国法学,2025,000,1,论经济法治现代化,张守文[1],[1]北京大学法学院,20,经济法治;现代化;现代制度;法定原则;发展导向,经济法学,经济法学,经济法学,经济法学,经济法学,,835,yes
836,中国法学,2021,,4,论绿色原则的规范解释司法适用,竺效[1],[1]中国人民大学法学院,20,绿色原则;规范解释;司法适用;比例原则,法学理论,法学理论,法学理论,法学理论,法学理论,,836,yes
837,中国法学,2019,,3,论缓和的结果归属,张明楷[1],[1]清华大学法学院,22,缓和的结果归属;类型;因果关系;主观责任,刑法学,刑法学,刑法学,刑法学,刑法学,,837,yes
838,中国法学,2017,,3,论网络时代刑法解释的限度,欧阳本祺,东南大学法学院,20,网络犯罪;解释;内部限度;外部限度,数字法学,刑法学,刑法学,刑法学,刑法学,,838,yes
839,中国法学,2017,,2,论网络服务商版权内容过滤义务,崔国斌,清华大学法学院,23,网络服务商;内容过滤;版权侵权,知识产权法学,民商法学,知识产权法学,知识产权法学,知识产权法学,,839,yes
840,中国法学,2016,,4,论网络服务提供者间接侵权责任的过错形态,冯术杰,清华大学法学院,19,网络服务提供者责任;间接侵权;过失;网络侵权,数字法学,民商法学,民商法学,民商法学,民商法学,,840,yes
841,中国法学,2018,,3,论网络法权构建中的主体性原则,陈璞,中国人民大学金融科技与互联网安全研究中心,18,网络法权;主体性原则;网络隐私权;大数据;人工智能,数字法学,民商法学,民商法学,民商法学,民商法学,,841,yes
842,中国法学,2024,000,5,论股东功能之嬗变：从股东治理到股东代理,沈云樵[1],[1]澳门科技大学法学院,22,公司所有权;两权分离;公司治理;股东治理;股东代理,民商法学,民商法学,民商法学,民商法学,民商法学,,842,yes
843,中国法学,2025,000,2,论行政决定保全,江国华[1],[1]武汉大学法学院,20,行政决定保全;强制执行权;诉中保全;非诉强制执行保全;司法审查,诉讼法学,诉讼法学,诉讼法学,诉讼法学,诉讼法学,,843,yes
844,中国法学,2020,,5,论行政协议的司法审查,余凌云[1],[1]清华大学法学院,20,行政协议;混合契约;司法审查,宪法学与行政法学,宪法学与行政法学,宪法学与行政法学,宪法学与行政法学,宪法学与行政法学,,844,yes
845,中国法学,2015,0,2,论行政审批的分类改革与替代性制度建设,王克稳[1],[1]苏州大学王健法学院暨东吴公法与比较法研究所,24,行政审批;资源配置类审批;市场进入类审批;危害控制类审批,宪法学与行政法学,宪法学与行政法学,宪法学与行政法学,宪法学与行政法学,宪法学与行政法学,,845,yes
846,中国法学,2016,0,1,论行政廉洁原则的适用,于安,清华大学公共管理学院,18,行政法治;预防行政腐败;行政廉洁原则,宪法学与行政法学,宪法学与行政法学,宪法学与行政法学,宪法学与行政法学,宪法学与行政法学,,846,yes
847,中国法学,2017,,5,论行政法中技术标准的运用,关保英,上海政法学院,21,行政法规范 技术标准 适用程序,环境与资源保护法学,环境与资源保护法学,环境与资源保护法学,环境与资源保护法学,环境与资源保护法学,,847,yes
848,中国法学,2015,0,3,论行政行为的违法性继承,王贵松[1],[1]中国人民大学法学院,22,违法性继承;公定力;不可争力;法的安定性;权利保障程序,民商法学,民商法学,民商法学,民商法学,民商法学,,848,yes
849,中国法学,2015,0,2,论行政诉讼补救判决的适用——基于104份行政裁判文书的统计分析,陈思融[1],[1]浙江财经大学法学院,14,行政诉讼;补救判决;行政裁判文书,诉讼法学,诉讼法学,诉讼法学,诉讼法学,诉讼法学,,849,yes
850,中国法学,2021,,5,论规划许可变更前和谐相邻关系的行政法保护:以采光权的保护为例,肖泽晟[1],[1]南京大学法学院,22,规划许可变更;和谐相邻关系;相邻权;采光权;行政裁决,民商法学,民商法学,民商法学,民商法学,民商法学,,850,yes
851,中国法学,2024,000,1,论证券监管介入上市公司治理的限度,吕成龙[1],[1]深圳大学法学院,19,证券监管;信息对称标准;上市公司治理;公司法;证券法,民商法学,民商法学,民商法学,民商法学,民商法学,,851,yes
852,中国法学,2022,000,4,论醉驾案件的程序出罪,史立梅[1],[1]北京师范大学刑事法律科学研究院,20,醉驾案件;程序出罪;诉讼结构;需罚性;特殊预防,刑法学,刑法学,刑法学,刑法学,刑法学,,852,yes
853,中国法学,2021,,5,论量刑基准的回归,石经海[1],[1]西南政法大学法学院,21,量刑基准;量刑方法;法定刑;量刑情节;依次适用,刑法学,刑法学,刑法学,刑法学,刑法学,,853,yes
854,中国法学,2021,,2,论金融司法与金融监管协同治理机制,鲁篱[1],[1]西南财经大学法学院,18,金融风险;金融监管;金融司法;分立式治理;协同式治理,经济法学,经济法学,经济法学,经济法学,经济法学,,854,yes
855,中国法学,2025,000,2,论金融法的制定,邢会强[1],[1]中央财经大学法学院,21,金融法;金融法典;金融基本法;金融服务法;金融监管法,经济法学,经济法学,经济法学,经济法学,经济法学,,855,yes
856,中国法学,2016,,5,证券期货市场高频交易的法律监管框架研究,邢会强,中央财经大学法学院,22,高频交易;程序化交易;三足定理;幌骗;塞单,民商法学,民商法学,民商法学,民商法学,民商法学,,856,yes
857,中国法学,2021,0,6,证券虚假陈述中审验机构连带责任的厘清与修正,陈洁[1],[1]中国社会科学院法学研究所,21,证券虚假陈述;审验机构;连带责任;过错;原因力,民商法学,民商法学,民商法学,民商法学,民商法学,,857,yes
858,中国法学,2022,000,6,证据属性的中国法律之道,周洪波[1],[1]西南民族大学法学院,21,证据属性;当前事实性;证据相关性;证据规则,诉讼法学,诉讼法学,诉讼法学,诉讼法学,诉讼法学,,858,yes
859,中国法学,2024,000,1,证据种类法定主义的反思与重构,郑飞[1],[1]北京交通大学法学院,19,法定证据种类;法定证据制度;自由心证;证据分类;证据审查,法学理论,法学理论,法学理论,法学理论,法学理论,,859,yes
860,中国法学,2017,,2,证据链与结构主义,栗峥,国家2011计划司法文明协同创新中心、中国政法大学诉讼法学研究院,21,证据链;结构主义;真实,诉讼法学,诉讼法学,诉讼法学,诉讼法学,诉讼法学,,860,yes
861,中国法学,2019,,3,诈骗罪重构:交易信息操纵理论之提倡,"王莹[1,2]",[1]中国人民大学刑事法律科学研究中心;[2]中国人民大学未来法治研究院,21,认识错误;财产处分;交易信息操纵;信息错误风险分配,刑法学,刑法学,刑法学,刑法学,刑法学,,861,yes
862,中国法学,2023,000,1,诊疗人工智能的医疗损害责任,"郑志峰[1,2]",[1]西南政法大学民商法学院;[2]“互联网知识产权治理体系创新研究团队”,19,诊疗人工智能;辅助型人工智能;诊疗过失;合理医生标准;医疗产品责任,数字法学,民商法学,民商法学,民商法学,民商法学,,862,yes
863,中国法学,2024,000,2,试析明清律中的“罪坐所由”,张德美[1],[1]中国政法大学法学院,21,罪坐所由;明清律;各以所由为罪;公罪追责;罪责自负,法律史,法律史,法律史,法律史,法律史,,863,yes
864,中国法学,2017,,6,谱写新时代人权法治保障的新篇章,"江必新[1,2]",[1]最高人民法院;[2]中国法学会,8,保护人权 法治保障 中国特色社会主义思想 篇章 人权保障制度 人权事业 保障内容 习近平,法学理论,法学理论,法学理论,法学理论,法学理论,,864,yes
865,中国法学,2024,000,5,财产事实支配的宪法定位及其在数据财产领域的运用,杜牧真[1],[1]中国政法大学数据法治研究院,21,财产事实支配;数据财产;自由;权利;国家保护义务,数字法学,宪法学与行政法学,宪法学与行政法学,民商法学,宪法学与行政法学,,865,yes
866,中国法学,2019,,4,财产损失要件在诈骗认定中的功能及其判断,付立庆[1],[1]中国人民大学刑事法律科学研究中心,20,经济财产;整体财产损失;实质个别财产损失;处分目的重大背离;主体同一性,刑法学,刑法学,刑法学,刑法学,刑法学,,866,yes
867,中国法学,2016,,3,财产罪占有之立场：缓和的事实性占有概念,梁云宝,东南大学法学院,22,财产罪;占有;事实性占有;规范性占有,刑法学,刑法学,刑法学,刑法学,刑法学,,867,yes
868,中国法学,2018,,1,财政权利的逻辑体系及其现实化构造,胡明,华南理工大学法学院,23,财政权利;财政信托;财政防御权利;财政受益权利,法学理论,法学理论,法学理论,法学理论,法学理论,,868,yes
869,中国法学,2015,0,4,财税法功能的定位及其当代变迁,刘剑文,[1]北京大学法学院,19,全面深化改革;财税法功能;理财治国,经济法学,经济法学,经济法学,经济法学,经济法学,,869,yes
870,中国法学,2015,0,2,责任保险中的连带责任承担问题——以机动车商业三责险条款为分析样本,韩长印[1],[1]上海交通大学凯原法学院,16,责任保险;连带责任;按责赔付,民商法学,民商法学,民商法学,民商法学,民商法学,,870,yes
871,中国法学,2018,,5,责任清单编制规则的法治逻辑,刘启川,东南大学法学院,20,责任清单;权力清单;编制规则,宪法学与行政法学,宪法学与行政法学,宪法学与行政法学,宪法学与行政法学,宪法学与行政法学,,871,yes
872,中国法学,2015,0,6,质疑法定资本制之改革,蒋大兴,北京大学法学院,23,法定资本;最低资本;股东;债权人,民商法学,民商法学,民商法学,民商法学,民商法学,,872,yes
873,中国法学,2015,0,1,贪污受贿犯罪定罪量刑标准问题研究,赵秉志[1],[1]北京师范大学刑事法律科学研究院暨法学院,23,贪污受贿犯罪;定罪量刑标准;犯罪数额,刑法学,刑法学,刑法学,刑法学,刑法学,,873,yes
874,中国法学,2017,0,4,贿赂犯罪的保护法益与事后受财行为的定性,黎宏,清华大学法学院,19,受贿罪;职务行为公正性;事先约定;事后受财;心理期待,刑法学,刑法学,刑法学,刑法学,刑法学,,874,yes
875,中国法学,2024,000,3,资本市场信息披露双层规范体系的基本建构,郭锋[1],[1]成都理工大学文法学院,21,信息披露;公开发行;私募发行;注册制;虚假陈述,民商法学,民商法学,民商法学,民商法学,民商法学,,875,yes
876,中国法学,2024,000,5,赋能型人工智能治理的理念确立与机制构建,张吉豫[1],[1]中国人民大学法学院、未来法治研究院,21,人工智能;赋能型治理;法治化;以人为本;发展导向,数字法学,法学理论,法学理论,民商法学,法学理论,,876,yes
877,中国法学,2017,,6,走向“精明”的证券监管,张红,北京师范大学法学院,18,证券监管 执法策略 精明规制,民商法学,民商法学,民商法学,民商法学,民商法学,,877,yes
878,中国法学,2021,,4,"超越""依法裁判""的清代司法",李栋[1],[1]中南财经政法大学法学院,17,清代司法裁判;命盗重案;州县自理案件;依法裁判;权宜裁判,法律史,法律史,法律史,法律史,法律史,,878,yes
879,中国法学,2023,000,4,身份人格权论,刘德良[1],[1]中南财经政法大学法学院,20,人身权;人格利益;身份利益;自我人格权;身份人格权,民商法学,民商法学,民商法学,民商法学,民商法学,,879,yes
880,中国法学,2023,000,4,身份权的派生确权与参照保护,张力[1],[1]西南政法大学民商法学院,19,身份权;确权;人格权;派生关联性;参照保护,民商法学,民商法学,民商法学,民商法学,民商法学,,880,yes
881,中国法学,2020,,2,轻罪重判国家赔偿责任的证立及其类型化,金成波[1],[1]中共中央党校(国家行政学院)政治和法律教研部,18,轻罪重判;刑罚;国家赔偿;类型化,刑法学,刑法学,刑法学,刑法学,刑法学,,881,yes
882,中国法学,2023,000,2,过失犯远因溯责的规制路径：以渎职犯罪为中心,陈璇[1],[1]中国人民大学刑事法律科学研究中心,20,过失犯;溯责禁止;自我答责;限制正犯概念;渎职犯罪,刑法学,刑法学,刑法学,刑法学,刑法学,,882,yes
883,中国法学,2018,,5,过程性审查：行政行为司法审查方法研究,刘东亮,浙江工商大学法学院,19,行政行为;司法审查;过程性审查,宪法学与行政法学,宪法学与行政法学,宪法学与行政法学,宪法学与行政法学,宪法学与行政法学,,883,yes
884,中国法学,2023,000,2,过罚相当原则的规范构造与适用,刘权[1],[1]中央财经大学法学院,20,过罚相当原则;处罚正义;行政处罚裁量基准;比例原则,宪法学与行政法学,宪法学与行政法学,宪法学与行政法学,宪法学与行政法学,宪法学与行政法学,,884,yes
885,中国法学,2021,,3,"迈向""规划""时代的法治中国建设",马怀德[1],[1]中国政法大学,20,"法治中国;法治规划;""十四五"";习近平法治思想",法学理论,法学理论,法学理论,法学理论,法学理论,,885,yes
886,中国法学,2015,0,6,近代中国宪制的发展,聂鑫,清华大学法学院,17,议会主权;制宪权;混合政体;宪法法院,法律史,法律史,法律史,法律史,法律史,,886,yes
887,中国法学,2021,0,1,远程工作的立法理念与制度建构,谢增毅,中国社会科学院法学研究所,21,远程工作;灵活用工;远程工人;应急管理;《远程工作框架协议》,法学理论,法学理论,法学理论,法学理论,法学理论,,887,yes
888,中国法学,2015,0,5,连带责任的弹性不足及其克服,张平华,烟台大学法学院,22,连带责任;连带责任法定;自然连带责任;建构性连带责任,民商法学,民商法学,民商法学,民商法学,民商法学,,888,yes
889,中国法学,2015,0,6,退休年龄的法理分析及制度安排,林嘉,中国人民大学法学院、中国人民大学民商事法律科学研究中心,20,退休年龄;延迟退休;退休权;劳动权;男女同龄退休,法学理论,法学理论,法学理论,法学理论,法学理论,,889,yes
890,中国法学,2020,,3,通过政策的司法治理,李红勃[1],[1]中国政法大学法治政府研究院,17,司法政策;司法理念;司法治理,法学理论,法学理论,法学理论,法学理论,法学理论,,890,yes
891,中国法学,2020,,5,通过立法的文化传承,杨建军[1],[1]西北政法大学刑事法学院,19,文化传承;法律机制;创造性转化;创新性发展;文化产业化,法学理论,法学理论,法学理论,法学理论,法学理论,,891,yes
892,中国法学,2023,000,4,逮捕社会危险性条件中犯罪嫌疑人逃跑风险评估研究,张吉喜[1],[1]西南政法大学诉讼法与司法改革研究中心,24,逮捕;取保候审;逃跑;社会危险性;风险评估,刑法学,刑法学,刑法学,刑法学,刑法学,,892,yes
893,中国法学,2021,0,1,遗产限定继承论,马新彦,吉林大学法学院,20,限定继承;无限继承;血缘传承性遗产;财产本源主体;继承顺位,民商法学,民商法学,民商法学,民商法学,民商法学,,893,yes
894,中国法学,2017,0,4,避免将行政违法认定为刑事犯罪：理念、方法与路径,张明楷,清华大学法学院,20,行政违法;刑事犯罪;刑法理念;实质解释;实质判断,刑法学,刑法学,刑法学,刑法学,刑法学,,894,yes
895,中国法学,2018,,3,酌定不起诉制度的再考查,郭烁,北京交通大学法学院,21,不起诉;酌定不起诉;起诉法定;起诉便宜,诉讼法学,诉讼法学,诉讼法学,诉讼法学,诉讼法学,,895,yes
896,中国法学,2016,0,1,释宪机制的影响因子及其中国构造,刘国,江西财经大学法学院,14,释宪机制;政治制度;法律传统,法学理论,法学理论,法学理论,法学理论,法学理论,,896,yes
897,中国法学,2015,0,5,释法抑或造法：由刑法历次修正引发的思考,杨柳[1],[1]中南财经政法大学刑事司法学院,16,刑法修正;释法;造法;严而不厉;疏而不漏,刑法学,刑法学,刑法学,刑法学,刑法学,,897,yes
898,中国法学,2015,0,2,重复诉讼规制研究：兼论“一事不再理”,张卫平[1],[1]清华大学法学院,23,重复诉讼;一事不再理;既判力;诉讼标的,诉讼法学,诉讼法学,诉讼法学,诉讼法学,诉讼法学,,898,yes
899,中国法学,2015,0,3,重大行政决策概念证伪及其补正,熊樟林[1],[1]东南大学法学院,20,重大行政决策;行政程序;行政决策,宪法学与行政法学,宪法学与行政法学,宪法学与行政法学,宪法学与行政法学,宪法学与行政法学,,899,yes
900,中国法学,2020,,6,重新发现“同案”:构建案件相似性的判断标准,孙海波[1],[1]中国政法大学比较法学研究院,20,“同案”;相似性判断标准;关键性事实;规范目的;实质权衡,诉讼法学,诉讼法学,诉讼法学,诉讼法学,诉讼法学,,900,yes
901,中国法学,2015,0,4,重构“禁止抽逃出资”规则的公司法理基础,刘燕,[1]北京大学法学院;北京大学法学院公司财务与法律研究中心,25,抽逃出资;资本维持原则;公司法资本制度改革;侵权责任,民商法学,民商法学,民商法学,民商法学,民商法学,,901,yes
902,中国法学,2024,000,1,金融诈骗罪特别从宽于诈骗罪的再认识,徐光华[1],[1]华东政法大学刑事法学院,20,金融诈骗罪;诈骗罪;金融属性;法条竞合;特别法优先,刑法学,刑法学,刑法学,刑法学,刑法学,,902,yes
903,中国法学,2016,,2,错案责任追究与豁免,"朱孝清[1,2]",[1]全国政协;[2]全国政协社会和法制委员会,23,错案;责任追究;责任豁免,诉讼法学,诉讼法学,诉讼法学,诉讼法学,诉讼法学,,903,yes
904,中国法学,2015,0,4,集体经营性建设用地“同等入市”的法制革新,温世扬,[1]中南财经政法大学法学院,18,集体经营性建设用地;建设用地使用权;用益物权;集体经营性建设用地流转,环境与资源保护法学,环境与资源保护法学,环境与资源保护法学,环境与资源保护法学,环境与资源保护法学,,904,yes
905,中国法学,2015,0,5,非典型与典型案件：术语、成因及其关系,周赟[1],[1]厦门大学法学院,21,疑难案件;非典型案件;事实与规范,法学理论,法学理论,法学理论,法学理论,法学理论,,905,yes
906,中国法学,2017,0,4,非法持有枪支罪的司法认定,王钢,清华大学法学院,19,赵春华案;非法持有枪支罪;犯罪故意;违法性认识,刑法学,刑法学,刑法学,刑法学,刑法学,,906,yes
907,中国法学,2018,,1,预防性刑法观及其教义学思考,高铭暄[1];孙道萃[2],[1]中国人民大学法学院;[2]北京师范大学刑事法律科学研究院,24,风险社会;预防性刑法观;预防性立法;工具法制;谦抑精神,刑法学,刑法学,刑法学,刑法学,刑法学,,907,yes
908,中国法学,2017,0,4,香港新宪制秩序的法理基础：分权还是授权,程洁,清华大学法学院,16,香港基本法;分权论;授权论;规范基础,法学理论,法学理论,法学理论,法学理论,法学理论,,908,yes
909,中国法学,2018,,4,高校校规的法律属性研究,朱芒,上海交通大学法学院,20,高校校规;高校诉讼;规范性文件;行政规定,宪法学与行政法学,宪法学与行政法学,宪法学与行政法学,宪法学与行政法学,宪法学与行政法学,,909,yes
910,中国法学,2017,,5,高校校规：司法适用的正当性与适用原则,徐靖,中南大学法学院,20,高校校规 司法适用 附带性审查 大学自治,宪法学与行政法学,宪法学与行政法学,宪法学与行政法学,宪法学与行政法学,宪法学与行政法学,,910,yes
911,中国法学,2020,,5,高等学校“非升即走”聘用合同法律性质及其制度法治逻辑,徐靖[1],[1]中南大学法学院,20,“非升即走”;高等学校教师聘用;社会行政;自主办学,民商法学,民商法学,民商法学,民商法学,民商法学,,911,yes
912,中国社会科学,2023,000,6,1768年叫魂案再审视与解读,茆巍[1],"[1]华东政法大学科学研究院,上海201620",19,叫魂;孔飞力;制造;小历史;海外汉学,法律史,法律史,法律史,法律史,法律史,,912,yes
913,中国社会科学,2021,0,1,"""一带一路""倡议与国际法——基于国际公共产品供给视角的分析",石静霞,"中国人民大学法学院,北京100872",26,"""一带一路""倡议;国际公共产品;""一带一路""法治化;全球经济治理;国际法保障",国际法学,国际法学,国际法学,国际法学,国际法学,,913,yes
914,中国社会科学,2022,000,12,“中国特色社会主义法治理论” 考,何勤华[1];周小凡[2],"[1]华东政法大学法律文明史研究院,上海200042;[2]上海交通大学凯原法学院,上海200030",14,中国特色社会主义法治理论;中国特色社会主义法治体系;依法治国习近平法治思想;法治文明,法学理论,法学理论,法学理论,法学理论,法学理论,,914,yes
915,中国社会科学,2019,,6,个人信息民法保护的模式选择,王成[1],"[1]北京大学法学院,北京100871",24,个人信息权;科技异化;保护模式;民法典,数字法学,民商法学,民商法学,民商法学,民商法学,,915,yes
916,中国社会科学,2021,0,10,中华法的政治机理——基于秦汉与古罗马时期的比较视角,王志强[1],"[1]复旦大学法学院,上海200438",22,中华法;政治权力结构;秦汉;古罗马;比较法律史,法律史,法律史,法律史,法律史,法律史,,916,yes
917,中国社会科学,2025,000,4,中国专利交易中的绝对权类型法定,张轶[1],"[1]深圳大学法学院,深圳518000",20,无体物;物权类型法定;绝对权类型法定;专利部分转让;专利许可,知识产权法学,民商法学,知识产权法学,知识产权法学,知识产权法学,,917,yes
918,中国社会科学,2022,000,12,中国共产党创造法治文明新形态的历史叙事,付子堂[1],"[1]西南政法大学人权学院、纪检监察学院,重庆401120",14,党的二十大;习近平法治思想;百年法治奋斗;法治文明新形态;中国式法治现代化,党内法规学,法学理论,法学理论,法学理论,法学理论,,918,yes
919,中国社会科学,2022,000,12,中国刑事程序法治文明的新发展,陈卫东[1],"[1]中国人民大学法学院,北京100872",12,刑事程序法治文明;立足国情;创造性转化;创新性发展,刑法学,刑法学,刑法学,刑法学,刑法学,,919,yes
920,中国社会科学,2015,0,7,中国刑事证据制度体系的优化,张栋[1],"[1]华东政法大学法律学院,上海200042",24,证据制度;证据规则;证明标准;非法证据排除;体系化,刑法学,刑法学,刑法学,刑法学,刑法学,,920,yes
921,中国社会科学,2019,,5,中国合宪性审查的宪法文本实现,刘连泰[1],"[1]厦门大学法学院,厦门361005",22,消极规范;积极规范;遵守;执行;宪法责任,诉讼法学,诉讼法学,诉讼法学,诉讼法学,诉讼法学,,921,yes
922,中国社会科学,2023,000,12,中国宪法上基本权利法律保留的生成与构造,陈鹏[1],"[1]厦门大学法学院,厦门361005",20,基本权利;法律保留;《宪法》第51;条;基本权利冲突;合宪性审查,宪法学与行政法学,宪法学与行政法学,宪法学与行政法学,宪法学与行政法学,宪法学与行政法学,,922,yes
923,中国社会科学,2024,000,9,中国宪法权力监督功能的规范分析,刘练军[1],"[1]东南大学法学院,南京211189",11,中国宪法;监督功能;权力监督;监察委员会;自我革命,宪法学与行政法学,宪法学与行政法学,宪法学与行政法学,宪法学与行政法学,宪法学与行政法学,,923,yes
924,中国社会科学,2023,000,3,中国宪法社会权的体系解释,刘晗[1],"[1]清华大学法学院,北京100084",19,社会权;共同富裕;社会主义宪法;劳动权;体系解释,宪法学与行政法学,宪法学与行政法学,宪法学与行政法学,宪法学与行政法学,宪法学与行政法学,,924,yes
925,中国社会科学,2022,000,12,中国式物权制度的文明刻度,蔡立东[1],"[1]吉林大学,长春130012",12,中国式物权制度;三重所有权;多层级用益物权;平等保护,民商法学,民商法学,民商法学,民商法学,民商法学,,925,yes
927,中国社会科学,2018,,1,中国政府治理的法治路径,石佑启;杨治坤,"广东外语外贸大学,广州510420",24,政府管理;政府治理;法治政府;治理现代化;法治,宪法学与行政法学,宪法学与行政法学,宪法学与行政法学,宪法学与行政法学,宪法学与行政法学,,927,yes
928,中国社会科学,2017,,1,中国民众刑法偏好研究,白建军,"北京大学法学院,北京100871",21,刑法偏好;刑法轻重;影子刑法;舆论;民意;刑法修订,刑法学,刑法学,刑法学,刑法学,刑法学,,928,yes
929,中国社会科学,2017,,12,中国法律规范体系与立法效果评估,"冯玉军[1,2]","[1]中国人民大学法学院,北京100872;[2]河北经贸大学,石家庄050061",22,法律规范体系 立法完备性 立法民主性 立法科学性 立法受监 督性,法学理论,法学理论,法学理论,法学理论,法学理论,,929,yes
930,中国社会科学,2019,,1,中国法治社会的结构及其运行机制,陈柏峰[1],"[1]中南财经政法大学法学院、教育部,武汉430073",26,法治社会;社会治理;基层;政府;社会组织,宪法学与行政法学,宪法学与行政法学,宪法学与行政法学,宪法学与行政法学,宪法学与行政法学,,930,yes
931,中国社会科学,2018,,11,中国法理学进步的阶梯,徐显明[1],[1]不详,16,,法学理论,法学理论,法学理论,法学理论,法学理论,,931,yes
932,中国社会科学,2015,0,6,中国海上航运的安保模式及其法律保障——以应对21世纪海上丝路的海盗为例,"李卫海[1,2]","[1]中国政法大学,北京102249;[2]教育部'2011计划'司法文明协同创新研究中心,北京102249",21,一带一路;海运安全;武装护卫;安保公司;国家安全法律观,国际法学,国际法学,国际法学,国际法学,国际法学,,932,yes
933,中国社会科学,2024,000,9,中国生态环境法治的空间拓展及其规则创新,刘超[1],"[1]华侨大学法学院,泉州362021",12,生态环境法典;环境空间;社群主义;自然地理单元,环境与资源保护法学,环境与资源保护法学,环境与资源保护法学,环境与资源保护法学,环境与资源保护法学,,933,yes
934,中国社会科学,2018,,8,中国知识产权法律变迁的基本面向,吴汉东[1],"[1]中南财经政法大学,武汉430074",20,知识产权;法律变迁;本土化;现代化;一体化,知识产权法学,民商法学,知识产权法学,知识产权法学,知识产权法学,,934,yes
935,中国社会科学,2015,0,12,中国自治型公司法的理论证成及制度实现,赵万一;赵吟,"西南政法大学民商法学院,重庆401120",21,自治型公司法;公司法改革;意思自治;效益优先;均衡理念,诉讼法学,诉讼法学,诉讼法学,诉讼法学,诉讼法学,,935,yes
936,中国社会科学,2018,,7,中国著作权立法中的制度创新,熊琦,"华中科技大学法学院,武汉430074",21,著作权法修改;中国问题;法律继受;立法价值;私人自治,知识产权法学,民商法学,知识产权法学,知识产权法学,知识产权法学,,936,yes
937,中国社会科学,2022,000,5,中国行政法学学术体系的构造,周佑勇[1],"[1]中共中央党校(国家行政学院)政治和法律教研部,北京100091",19,中国行政法学学术体系;实定法体系;理论体系;方法体系,宪法学与行政法学,宪法学与行政法学,宪法学与行政法学,宪法学与行政法学,宪法学与行政法学,,937,yes
938,中国社会科学,2021,0,3,习近平法治思想的实践逻辑、理论逻辑和历史逻辑,张文显[1],[1]吉林大学长春130012,23,习近平法治思想;实践逻辑;理论逻辑;历史逻辑,法学理论,法学理论,法学理论,法学理论,法学理论,,938,yes
939,中国社会科学,2017,0,8,事实、证据与事实认定,张保生,"中国政法大学证据科学教育部重点实验室,北京100088",21,经验事实;证据之镜;事实认定;司法理念,诉讼法学,诉讼法学,诉讼法学,诉讼法学,诉讼法学,,939,yes
940,中国社会科学,2017,,2,事权划分法治化的中国路径,刘剑文[1];侯卓[2],"[1]北京大学法学院、中国财税法治战略研究院,北京100871;[2]中南财经政法大学法学院,武汉430073",21,财税体制;事权划分;基本权利;法治化;国家治理,宪法学与行政法学,宪法学与行政法学,宪法学与行政法学,宪法学与行政法学,宪法学与行政法学,,940,yes
941,中国社会科学,2015,0,4,互联网金融的法律规制——基于信息工具的视角,杨东[1],"[1]中国人民大学法学院、中国人民大学民商事法律科学研究中心,北京100872",20,互联网金融;信息不对称;信用风险规制;信息工具,经济法学,经济法学,经济法学,经济法学,经济法学,,941,yes
942,中国社会科学,2022,000,11,人合性在有限公司中的终结,梁上上[1],"[1]清华大学法学院,北京100084",20,人合性;股权转让;流通性;法定主义;意定主义,民商法学,民商法学,民商法学,民商法学,民商法学,,942,yes
943,中国社会科学,2025,000,1,人工智能法律治理的路径拓展,张凌寒[1],"[1]中国政法大学数据法治研究院,北京100083",20,人工智能立法;人工智能风险;分级分类;关键人工智能;适应性治理,数字法学,法学理论,法学理论,民商法学,法学理论,,943,yes
944,中国社会科学,2020,,4,人性民法与物性刑法的融合发展,刘艳红[1],"[1]东南大学法学院,南京211189",26,人性民法;物性刑法;民法典编纂;人文化成;强化保障,刑法学,刑法学,刑法学,刑法学,刑法学,,944,yes
945,中国社会科学,2016,,5,人的尊严的法律属性辨析,胡玉鸿,"苏州大学王健法学院,苏州215006",19,人的尊严;法律身份;法律伦理;法律地位;法律权利,法学理论,法学理论,法学理论,法学理论,法学理论,,945,yes
946,中国社会科学,2021,0,4,"从""权能分离""到""权利行使""",蔡立东,"吉林大学、司法数据应用研究中心,长春130012",20,权能分离;权利行使;多层级用益物权体系,民商法学,民商法学,民商法学,民商法学,民商法学,,946,yes
947,中国社会科学,2022,000,7,从控制到利用：刑法数据治理的模式转换,于改之[1],"[1]上海交通大学凯原法学院,上海200030",19,数据安全;数据法益;刑法治理;控制模式;利用模式,数字法学,法学理论,刑法学,民商法学,刑法学,,947,yes
948,中国社会科学,2018,,2,从民法通则到民法总则：中国当代民法的历史性跨越,杨立新,"天津大学法学院,天津300072",26,民法总则;民法通则;中国当代民法;人文主义;科技发展,民商法学,民商法学,民商法学,民商法学,民商法学,,948,yes
949,中国社会科学,2021,0,4,从治外法权到域外规治——以管辖理论为视角,屈文生,"华东政法大学法律文明史研究院、外语学院,上海201620",24,治外法权;域外规治;管辖;主权;共同体管辖,法律史,法律史,法律史,法律史,法律史,,949,yes
950,中国社会科学,2025,000,5,从身份到行为：劳动法规范构造的转型,王天玉[1],"[1]中国社会科学院法学研究所,北京100720",19,劳动合同;从属性;倾斜保护;劳动行为;权利束,民商法学,民商法学,民商法学,民商法学,民商法学,,950,yes
951,中国社会科学,2020,,2,以“生态恢复论”重构环境侵权救济体系,吕忠梅[1];窦海阳[2],"[1]清华大学法学院,北京100084;[2]中国社会科学院法学研究所,北京100720",25,环境侵权;损害论;生态恢复论;民法典;环境法典,环境与资源保护法学,环境与资源保护法学,环境与资源保护法学,环境与资源保护法学,环境与资源保护法学,,951,yes
952,中国社会科学,2019,,8,作为国家机构原则的民主集中制,王旭[1],"[1]中国人民大学法学院,北京100872",24,民主集中制;国家机构;平等主义自由观;组织活动原则;法教义学,法学理论,法学理论,法学理论,法学理论,法学理论,,952,yes
953,中国社会科学,2020,,11,依宪立法原则与合宪性审查,莫纪宏[1],"[1]中国社会科学院国际法研究所,北京100009",22,依宪立法;依法立法;依宪治国;合宪性审查;合法性审查,宪法学与行政法学,宪法学与行政法学,宪法学与行政法学,宪法学与行政法学,宪法学与行政法学,,953,yes
954,中国社会科学,2023,000,2,先秦法的概念隐喻,汪太贤[1],"[1]广西大学法学院,南宁530004",19,先秦;法的概念隐喻;意义结构;法律工具论;法律根据论,法律史,法律史,法律史,法律史,法律史,,954,yes
955,中国社会科学,2017,,3,公司法中的契约自由——以股权处分抑制条款为视角,冯果;段丙华,"武汉大学法学院,武汉430072",21,股权处分;抑制条款;组织交易;公司自治;股东自治,民商法学,民商法学,民商法学,民商法学,民商法学,,955,yes
956,中国社会科学,2015,0,11,公序良俗原则与诚实信用原则的区分,于飞,"中国政法大学民商经济法学院,北京100088",17,公序良俗;诚实信用;内容审查;行使审查,法学理论,法学理论,法学理论,法学理论,法学理论,,956,yes
957,中国社会科学,2016,,11,公权与私权共治的法律机制,唐清利,"西南财经大学法学院,成都610074",18,公权;私权;社会共治;法律机制,法学理论,法学理论,法学理论,法学理论,法学理论,,957,yes
958,中国社会科学,2016,,6,公民参与行政的风险及法律规制,王旭,"中国人民大学法学院副教授,北京100872",21,参与行政;风险;公共领域;正当程序;问责制,诉讼法学,诉讼法学,诉讼法学,诉讼法学,诉讼法学,,958,yes
959,中国社会科学,2017,,9,共享经济的法律规制,蒋大兴;王首杰,北京大学法学院,22,共享经济 平台 创新 规制,数字法学,经济法学,经济法学,民商法学,民商法学,,959,yes
960,中国社会科学,2018,,4,内幕交易惩罚性赔偿制度的构造原理与现实选择,邢会强,"中央财经大学法学院,北京100081",20,内幕交易;惩罚性赔偿;成本内化法;证券法修改,民商法学,民商法学,民商法学,民商法学,民商法学,,960,yes
961,中国社会科学,2017,,5,农地三权分置的法实现,"蔡立东[1,2];姜楠[1]","[1]吉林大学法学院,长春130012;[2]吉林大学理论法学研究中心",21,农地三权分置;土地承包经营权;农户承包权;土地经营权,环境与资源保护法学,环境与资源保护法学,环境与资源保护法学,环境与资源保护法学,环境与资源保护法学,,961,yes
962,中国社会科学,2021,0,2,刑事司法人工智能的包容性规制,李训虎,"中国政法大学证据科学研究院,北京100088",22,刑事司法;人工智能;技术赋权;技术正当程序;规制,数字法学,刑法学,诉讼法学,刑法学,诉讼法学,,962,yes
963,中国社会科学,2022,000,8,刑事司法领域的宪法判断与刑法制度文明,周光权[1],"[1]清华大学法学院,北京100084",20,宪法;合宪性解释;合宪性调适;最高人民法院;刑法制度,刑法学,刑法学,刑法学,刑法学,刑法学,,963,yes
964,中国社会科学,2023,000,7,刑法解释的价值判断,姜涛[1],"[1]华东政法大学刑事法学院,上海201620",23,刑法解释;价值判断;刑法法理;主体间性;罪刑法定原则,刑法学,刑法学,刑法学,刑法学,刑法学,,964,yes
965,中国社会科学,2016,,4,制度激励、博弈均衡与社会正义,丁利,中山大学法学院,24,法律;社会正义;制度激励;博弈均衡,法学理论,法学理论,法学理论,法学理论,法学理论,,965,yes
966,中国社会科学,2018,,6,包容性法治框架下的社会组织治理,张清;武艳,"扬州大学法学院,扬州225009",19,社会组织;包容性发展;包容性法治;软法;依法自治,法学理论,法学理论,法学理论,法学理论,法学理论,,966,yes
967,中国社会科学,2022,000,4,区域协调发展的国家保障义务,李海平[1],"[1]吉林大学理论法学研究中心,长春130012",20,区域协调发展;国家目标条款;国家义务;共同富裕;实质平等,法学理论,法学理论,法学理论,法学理论,法学理论,,967,yes
968,中国社会科学,2019,,9,原则/例外关系的民法阐释,易军[1],"[1]中国政法大学民商经济法学院,北京100088",26,原则/例外关系;逻辑构造;区分实益;立法改进,民商法学,民商法学,民商法学,民商法学,民商法学,,968,yes
969,中国社会科学,2017,,3,反垄断法分析模式的中国选择,叶卫平,"深圳大学法学院,深圳518060",20,反垄断;反垄断法分析模式;经济分析;法律形式主义;法制统一性,经济法学,经济法学,经济法学,经济法学,经济法学,,969,yes
970,中国社会科学,2023,000,5,发展型财税法的理念跃迁与制度构造,刘剑文[1];侯卓[2],"[1]辽宁大学,沈阳110036;[2]中南财经政法大学法学院,武汉430073",19,新发展理念;财税法;个体发展权;社会经济发展权;公共财产权力,经济法学,经济法学,经济法学,经济法学,经济法学,,970,yes
971,中国社会科学,2015,0,1,口供治理与中国刑事司法裁判,"李训虎[1,2]",[1]2011计划司法文明协同创新中心;[2]中国政法大学证据科学研究院,19,口供依赖;口供治理;刑事裁判合法性;治理转型,刑法学,刑法学,刑法学,刑法学,刑法学,,971,yes
972,中国社会科学,2015,0,4,司法公信力的理性解释与建构,胡铭[1],"[1]浙江大学光华法学院,杭州310008",22,自媒体;刑事司法;司法公信力;理性选择;司法规律,刑法学,刑法学,刑法学,刑法学,刑法学,,972,yes
973,中国社会科学,2017,0,6,司法公正与同理心正义,杜宴林,"吉林大学理论法学研究中心/司法文明协同创新中心,长春130012",19,个案正义;司法公正;同理心正义;公共理性,法学理论,法学理论,法学理论,法学理论,法学理论,,973,yes
974,中国社会科学,2017,0,6,司法方法在裁判中的运用——法条至上、原则裁判与后果权衡,任强,"中山大学法学院,广州510275",22,司法方法;法条至上;原则裁判;后果权衡,法学理论,法学理论,法学理论,法学理论,法学理论,,974,yes
975,中国社会科学,2019,,4,合理怀疑的本土类型与法理建构,栗峥[1],"[1]中国政法大学诉讼法学研究院,北京100088",27,合理怀疑;怀疑版本;聚类集成;微分式证明;积分式证明,诉讼法学,诉讼法学,诉讼法学,诉讼法学,诉讼法学,,975,yes
976,中国社会科学,2023,000,9,唐律说“理”,胡玉鸿[1],"[1]华东政法大学人权研究院,上海200042",23,唐律;唐律疏议;理;法理;法律文化,法律史,法律史,法律史,法律史,法律史,,976,yes
977,中国社会科学,2017,,11,商业银行股东加重责任及其制度建构,杨松[1];宋怡林[2],"[1]辽宁大学法学院,沈阳110136;[2]辽宁科技大学经济与法律学院,鞍山114051",22,商业银行 股东自担剩余风险加重责任 有限责任 金融安全,民商法学,民商法学,民商法学,民商法学,民商法学,,977,yes
978,中国社会科学,2022,0,2,商法一般条款的类型化适用,杨;峰[1],"[1]南昌大学法学院,南昌330031",21,类型化;商法;一般条款;法律适用;解释论,民商法学,民商法学,民商法学,民商法学,民商法学,,978,yes
979,中国社会科学,2018,,12,商法漏洞的特别法属性及其填补规则,钱玉林[1],"[1]华东政法大学经济法学院,上海200042",20,商法;民法;法律漏洞;法源条款;法学方法论,民商法学,民商法学,民商法学,民商法学,民商法学,,979,yes
980,中国社会科学,2016,0,12,商法的独特性与民法典总则编纂,许中缘;颜克云,"中南大学法学院,长沙410086",19,民法典;商法;商事通则;民商合一,民商法学,民商法学,民商法学,民商法学,民商法学,,980,yes
981,中国社会科学,2021,0,11,国家保护视野中的个人信息权利束,王锡锌[1],[1]北京大学法学院北京100871,22,保护法;国家保护义务;工具性权利;个人信息权利束;规制策略,数字法学,宪法学与行政法学,宪法学与行政法学,民商法学,宪法学与行政法学,,981,yes
982,中国社会科学,2017,,3,国际会计准则的困境与财务报表的改进——马克思虚拟资本理论的视角,"周华[1];戴德明[1];刘俊海[2];叶建明[3,4]","[1]中国人民大学商学院,北京100872;[2]中国人民大学法学院,北京100872;[3]芝加哥大学统计学博士和哥伦比亚大学;[4]厦门大学管理学院,厦门361005",22,国际会计准则;公允价值;虚拟资本;历史成本;法律事实,法学理论,法学理论,法学理论,法学理论,法学理论,,982,yes
983,中国社会科学,2015,0,10,国际法治的中国表达,何志鹏,,11,国际法治;中国观;法治化进程;法治中国;国际关系;司法协助;国际事务;法律体系,国际法学,国际法学,国际法学,国际法学,国际法学,,983,yes
984,中国社会科学,2021,0,5,国际法的守正与创新——以全球治理体系变革的规范需求为视角,赵骏,"浙江大学光华法学院,杭州310008",27,两个大局;国际法治;守正创新;全球治理;规范需求,国际法学,国际法学,国际法学,国际法学,国际法学,,984,yes
985,中国社会科学,2015,0,9,国际贸易投资规则的再构建及中国的因应,石静霞[1],"[1]对外经济贸易大学法学院教授,北京100029",18,贸易投资规则;巨型RTAs;服务贸易;规制合作,国际法学,国际法学,国际法学,国际法学,国际法学,,985,yes
986,中国社会科学,2019,,10,在新的历史起点上推进中国特色法学体系构建,张文显[1],[1]不详,20,社会主义现代化强国;新的历史起点;历史方位;体系构建;三重视野;中国特色法学;时代课题;发展趋势,法学理论,法学理论,法学理论,法学理论,法学理论,,986,yes
987,中国社会科学,2021,0,5,地方政府的价值治理及其制度效能,周尚君,"西南政法大学行政法学院,重庆401120",21,价值治理;组织结构;制度伦理;制度化,宪法学与行政法学,宪法学与行政法学,宪法学与行政法学,宪法学与行政法学,宪法学与行政法学,,987,yes
988,中国社会科学,2018,,6,地方法院庭审实质化改革实证研究,左卫民,"国家2011计划“司法文明协同创新中心”、四川大学,成都610207",24,以审判为中心;庭审实质化;诉讼制度改革;司法改革;实证研究,诉讼法学,诉讼法学,诉讼法学,诉讼法学,诉讼法学,,988,yes
989,中国社会科学,2023,000,9,基于中国治理实践的行政法学命题转换,石佑启[1],"[1]广东外语外贸大学法学院,广州510420",22,中国治理;行政法学;命题转换;理论创新;知识体系,宪法学与行政法学,宪法学与行政法学,宪法学与行政法学,宪法学与行政法学,宪法学与行政法学,,989,yes
990,中国社会科学,2016,,7,基于规则与事实的司法哲学范畴,孙笑侠,"复旦大学法学院,上海200438",19,规则;事实;司法哲学;形式正义;实质正义,法学理论,法学理论,法学理论,法学理论,法学理论,,990,yes
991,中国社会科学,2018,,9,基本法律概念的构建与诠释——以权利与权力的关系为重心,刘杨[1],"[1]暨南大学知识产权研究院、法学院/知识产权学院,广州510632",26,基本法律概念;权利;权力;法律观;权利客体,法学理论,法学理论,法学理论,法学理论,法学理论,,991,yes
992,中国社会科学,2023,000,8,多边主义与国际法治,廖凡[1],"[1]中国社会科学院大学法学院,北京102488",20,多边主义;国际法治;国际秩序;全球治理;人类命运共同体,国际法学,国际法学,国际法学,国际法学,国际法学,,992,yes
993,中国社会科学,2019,,6,多边贸易、市场规则与技术标准定价,马一德[1],"[1]中南财经政法大学,武汉430073",19,多边贸易;知识产权;技术标准;标准必要专利;市场定价,知识产权法学,民商法学,知识产权法学,知识产权法学,知识产权法学,,993,yes
994,中国社会科学,2024,000,12,大变局背景下的国际商事仲裁：世界潮流与中国因应,刘晓红[1];冯硕[1],"[1]上海政法学院国际法学院(国际仲裁学院),上海201701",20,大变局;涉外法治;国际商事仲裁;仲裁法;中国式现代化,国际法学,国际法学,国际法学,国际法学,国际法学,,994,yes
995,中国社会科学,2017,,5,大国司法理念与中国国际民事诉讼制度的发展,何其生[1],"[1]北京大学法学院,北京100871",24,大国司法理念;国际民事诉讼;全球竞争力;判决的承认和执行,诉讼法学,诉讼法学,诉讼法学,诉讼法学,诉讼法学,,995,yes
996,中国社会科学,2022,000,7,宋代女性的土地权利保护,柴荣[1],"[1]北京师范大学法学院,北京100875",17,宋代;女性土地权利;整体性法律理论,法律史,法律史,法律史,法律史,法律史,,996,yes
997,中国社会科学,2016,,9,宪法框架下的协商民主及其法治化路径,马一德,"中南财经政法大学法学院教授,武汉430073",18,宪法;法治;国家治理;协商民主;人民代表大会制度,宪法学与行政法学,宪法学与行政法学,宪法学与行政法学,宪法学与行政法学,宪法学与行政法学,,997,yes
998,中国社会科学,2022,000,8,家庭财产功能主义的法律范式,赵玉[1],"[1]国家检察官学院,北京102206",21,家庭财产;夫妻共同财产;家庭成员;婚姻家庭;民法典,民商法学,民商法学,民商法学,民商法学,民商法学,,998,yes
999,中国社会科学,2017,,2,我国劳动关系法律调整模式的转变,谢增毅,"中国社会科学院法学研究所,北京100720",21,劳动关系;劳动者;法律调整;类似雇员的人;特殊雇员,经济法学,民商法学,经济法学,经济法学,经济法学,,999,yes
1000,中国社会科学,2024,000,6,授权资本制的中国运行机理,傅穹[1],"[1]吉林大学法学院,长春130012",22,授权资本制;股份有限公司;董事会决策;类别股份,民商法学,民商法学,民商法学,民商法学,民商法学,,1000,yes
1001,中国社会科学,2016,,7,推进农地三权分置经营模式的立法研究,孙宪忠,"中国社会科学院法学研究所,北京100727",19,三权分置;土地经营权用益物权;自物权,环境与资源保护法学,环境与资源保护法学,环境与资源保护法学,环境与资源保护法学,环境与资源保护法学,,1001,yes
1002,中国社会科学,2024,000,8,政府治理中社会整体利益的法治实现,冯辉[1],"[1]对外经济贸易大学法学院,北京100029",22,社会整体利益;国家治理;政府治理;形式法治;实质法治,宪法学与行政法学,宪法学与行政法学,宪法学与行政法学,宪法学与行政法学,宪法学与行政法学,,1002,yes
1003,中国社会科学,2022,0,2,政法范畴的本体论诠释,黄文艺[1],"[1]中国人民大学法学院,北京100872",21,政法;政刑;礼法;法治;良政;善治,党内法规学,宪法学与行政法学,党内法规学,党内法规学,党内法规学,,1003,yes
1004,中国社会科学,2024,000,7,数字化背景下刑事诉讼权利结构的优化,郑曦[1],"[1]北京外国语大学法学院,北京100089",21,刑事诉讼权利;权利结构;微观结构;宏观结构;数字化,数字法学,刑法学,诉讼法学,民商法学,诉讼法学,,1004,yes
1005,中国社会科学,2021,0,5,数字平台的反垄断监管,孙晋,"武汉大学法学院,武汉430072",29,数字平台;反垄断监管;谦抑性理念;积极的包容审慎监管原则;数字竞争规则,数字法学,经济法学,经济法学,经济法学,经济法学,,1005,yes
1006,中国社会科学,2024,000,10,数字时代劳动关系概念及认定规范的中国表达,谢增毅[1],"[1]中国社会科学院法学研究所,北京100720",24,劳动关系;劳动者;平台用工;从属性,数字法学,民商法学,经济法学,民商法学,经济法学,,1006,yes
1007,中国社会科学,2016,,9,数据的法律属性及其民法定位,梅夏英,"对外经济贸易大学法学院教授,北京100029",20,数据;法律属性;财产;客体,数字法学,法学理论,民商法学,民商法学,民商法学,,1007,yes
1008,中国社会科学,2018,,1,新时代中国法治建设的基本问题,王利明,不详,10,中国特色社会主义;法治建设;社会主义的本质;社会主要矛盾;矛盾转化;人民群众;生活需要;不平衡,法学理论,法学理论,法学理论,法学理论,法学理论,,1008,yes
1009,中国社会科学,2018,,3,新税制改革与创新驱动发展战略,许多奇[1],"[1]上海交通大学凯原法学院,上海200030",24,税制改革;创新驱动;税收优惠;税制结构;税式支出,经济法学,经济法学,经济法学,经济法学,经济法学,,1009,yes
1010,中国社会科学,2019,,4,智慧社会建设中的“众创”式制度变革——基于“网约车”合法化进程的法理学分析,马长山[1],"[1]华东政法大学,上海200042",25,网约车;智慧社会;制度创新;共建共治共享;治理法治化,法学理论,法学理论,法学理论,法学理论,法学理论,,1010,yes
1011,中国社会科学,2025,000,6,构建新时代法学学科体系,马怀德[1],"[1]中国政法大学,北京100088",19,新时代;法学学科体系;习近平法治思想;学科集群,法学理论,法学理论,法学理论,法学理论,法学理论,,1011,yes
1012,中国社会科学,2018,,7,标表型人格权的构造与人格权商品化批判,房绍坤[1];曹相见[2],"[1]吉林大学法学院,长春130012;[2]山东农业大学文法学院,泰安271018",24,标表型人格权;人格权商品化;权利构造;保护模式,民商法学,民商法学,民商法学,民商法学,民商法学,,1012,yes
1013,中国社会科学,2018,,2,欧洲中世纪教会经济立法及其伦理,赵立行,"复旦大学法学院,上海200438",20,中世纪;教会;经济立法;大公会议;神学伦理,法律史,法律史,法律史,法律史,法律史,,1013,yes
1014,中国社会科学,2021,0,4,比例原则适用的范式转型,蒋红珍,"上海交通大学凯原法学院,上海200030",24,比例原则;范式转型;法律原则;法律方法论;司法适用,法学理论,法学理论,法学理论,法学理论,法学理论,,1014,yes
1015,中国社会科学,2015,0,5,民事法律的正当溯及既往问题,房绍坤;张洪波,"烟台大学法学院,烟台264005",19,民事法律;溯及既往;个人自由;权利限制;公共秩序,民商法学,民商法学,民商法学,民商法学,民商法学,,1015,yes
1016,中国社会科学,2015,0,10,治国之法中的国际法：中国主张和制度实践,古祖雪,,12,国际法治;法治中国;治国之法;制度安排;实践;主张;依法治国;法治体系,国际法学,国际法学,国际法学,国际法学,国际法学,,1016,yes
1017,中国社会科学,2017,,4,治国理政的法治理念和法治思维,张文显,,27,法治思维;法治理念;治国理政;建设中国特色社会主义;社会主义法治国家;十一届三中全会以来;依法治国;法治理论,法学理论,法学理论,法学理论,法学理论,法学理论,,1017,yes
1018,中国社会科学,2024,000,5,法律行为的内在正义与外在正义,杨代雄[1],"[1]华东政法大学法律学院,上海201620",18,法律行为;法律行为的效力;内在正义;外在正义;正义理论,法学理论,法学理论,法学理论,法学理论,法学理论,,1018,yes
1020,中国社会科学,2016,0,10,法治视野下的司法预算模式建构,朱大旗;李帅,"中国人民大学法学院,北京100872",18,财政法治;司法预算;公共预算;司法事权,党内法规学,宪法学与行政法学,宪法学与行政法学,党内法规学,宪法学与行政法学,,1020,yes
1021,中国社会科学,2015,0,10,法治：中国与世界——国际法治与中国法治建设,曾令良,,13,国际法治;中国视野;法治建设;世界;中国人民大学;中国社会科学;国际规则;法学研究,国际法学,国际法学,国际法学,国际法学,国际法学,,1021,yes
1022,中国社会科学,2017,0,7,法益保护与比例原则,张明楷,"清华大学法学院,北京100084",21,法益保护;比例原则;刑事立法;审查步骤,刑法学,刑法学,刑法学,刑法学,刑法学,,1022,yes
1023,中国社会科学,2024,000,3,法益修复与功能违法论,杜宇[1],"[1]复旦大学法学院,上海200438",20,法益修复;功能违法论;功能责任论;应罚的违法性;需罚的违法性,刑法学,刑法学,刑法学,刑法学,刑法学,,1023,yes
1024,中国社会科学,2017,,9,海洋法权论,杨华,不详,21,海权 法权 海洋霸权 海洋法权,国际法学,国际法学,国际法学,国际法学,国际法学,,1024,yes
1025,中国社会科学,2018,,10,犯罪化与惩罚体系的完善,时延安,"中国人民大学法学院,北京100059",24,惩罚体系;犯罪化;剥夺自由;刑罚排斥,刑法学,刑法学,刑法学,刑法学,刑法学,,1025,yes
1026,中国社会科学,2021,0,10,犯罪统计与犯罪治理的优化,卢建平[1],"[1]北京师范大学法学院,北京100875",23,犯罪统计;犯罪治理;大数据;国家治理;国家治理现代化,数字法学,刑法学,刑法学,民商法学,刑法学,,1026,yes
1027,中国社会科学,2022,0,2,环境法体系化中的我国保护地体系,杜群[1],"[1]北京航空航天大学法学院,北京100191",20,我国保护地体系;环境法体系;环境法法典化;实证自然保护法;实证生态保护法,环境与资源保护法学,环境与资源保护法学,环境与资源保护法学,环境与资源保护法学,环境与资源保护法学,,1027,yes
1028,中国社会科学,2022,000,12,现代化中华法治文明及其世界意义,李林[1],"[1]中国社会科学院法学研究所,北京100720",11,现代化;中华法系;中华法治文明;法治体系;法治道路,法律史,法律史,法律史,法律史,法律史,,1028,yes
1029,中国社会科学,2017,,11,生态文明保障的刑法机制,焦艳鹏,"重庆大学法学院,重庆400044",24,生态文明 环境保护 刑法机制 环境犯罪 生态法益,环境与资源保护法学,环境与资源保护法学,环境与资源保护法学,环境与资源保护法学,环境与资源保护法学,,1029,yes
1030,中国社会科学,2025,000,2,生态环境刑法立法的内在构造,李梁[1],"[1]中央民族大学法学院,北京100081",22,生态环境刑法立法;生态文明价值目标;生态环境犯罪;生态环境刑法制裁体系;立法体例,环境与资源保护法学,环境与资源保护法学,环境与资源保护法学,环境与资源保护法学,环境与资源保护法学,,1030,yes
1031,中国社会科学,2024,000,3,生态环境法典编纂的二元逻辑及其展开,钭晓东[1],"[1]浙江大学光华法学院,杭州310008",20,生态环境法典编纂;二元逻辑;实质逻辑主线;形式逻辑主线,环境与资源保护法学,环境与资源保护法学,环境与资源保护法学,环境与资源保护法学,环境与资源保护法学,,1031,yes
1032,中国社会科学,2018,,5,监管科技:金融科技的监管挑战与维度建构,"杨东[1,2]","[1]中国人民大学法学院未来法治研究院,北京100872;[2]中国人民大学民商事法律科学研究中心,北京100872",24,金融科技;监管科技;科技治理;监管体制,经济法学,经济法学,经济法学,经济法学,经济法学,,1032,yes
1033,中国社会科学,2024,000,9,知识产权法域外适用的制度构造,万勇[1],"[1]中国人民大学法学院,北京100872",12,知识产权法;涉外法治;域外适用;地域性,知识产权法学,民商法学,知识产权法学,知识产权法学,知识产权法学,,1033,yes
1034,中国社会科学,2022,000,4,知识产权的边界:以客体可控性为线索,易继明[1];李春晖[2],"[1]北京大学法学院,北京100871;[2]天津大学法学院,天津300072",20,知识产权边界;民事权利客体;信息;可控性;知识产权正当性,知识产权法学,民商法学,知识产权法学,知识产权法学,知识产权法学,,1034,yes
1035,中国社会科学,2024,000,1,社会主义核心价值观在民事裁判中的功能,于飞[1],"中国政法大学民商经济法学院,北京102249",20,社会主义核心价值观;民法内在体系;社会效果功能;裁判促成功能,民商法学,民商法学,民商法学,民商法学,民商法学,,1035,yes
1036,中国社会科学,2024,000,9,社会公共利益的私法实现机制,赵万一[1],"[1]西南政法大学市场交易法律制度研究基地,重庆401120",11,社会公共利益;私法实现;限制性目标;促进性目标,民商法学,民商法学,民商法学,民商法学,民商法学,,1036,yes
1037,中国社会科学,2022,000,5,社会诚信建设与基层治理能力的再造,陈柏峰[1],"[1]中南财经政法大学法学院、国家治理学院,武汉430073",21,社会诚信;基层治理能力;国家能力;治权;话语权,法学理论,法学理论,法学理论,法学理论,法学理论,,1037,yes
1038,中国社会科学,2019,,7,社会风险的刑法调控及其模式改造,"姜涛[1,2]","[1]南京师范大学,南京210023;[2]中国法治现代化研究院",27,风险刑法;刑法调控;社会风险;集体法益;二元化犯罪模式,刑法学,刑法学,刑法学,刑法学,刑法学,,1038,yes
1039,中国社会科学,2023,000,9,私法中的分配层次,谢鸿飞[1],"[1]中国社会科学院法学研究所,北京100720",19,私法;初次分配;再分配;分配正义;牺牲责任,民商法学,民商法学,民商法学,民商法学,民商法学,,1039,yes
1040,中国社会科学,2017,,1,科学不确定性背景下的环境正义——基于转基因生物安全问题的讨论,王明远[1];金峰[2],"[1]清华大学法学院,北京100084;[2]上海市农业委员会政策法规处,上海200003",18,科学不确定性;环境正义;法律规制;公共利益,法学理论,法学理论,法学理论,法学理论,法学理论,,1040,yes
1041,中国社会科学,2020,,9,科研合同的功能性规制,胡明[1],"[1]华南理工大学法学院,广州510006",27,科研合同;功能性规制;科研经费;公私融合;治理创新,民商法学,民商法学,民商法学,民商法学,民商法学,,1041,yes
1042,中国社会科学,2015,0,2,税制变迁与税收法治现代化,张守文[1],"[1]北京大学法学院,北京100871",23,税制变迁;关联要素;基本价值;税收法治,法学理论,法学理论,法学理论,法学理论,法学理论,,1042,yes
1043,中国社会科学,2021,0,9,空间正义实现的公共规制,靳文辉[1],"[1]重庆大学法学院,重庆400045",24,空间正义;公共规制;市场失灵;空间权益;协调发展,法学理论,法学理论,法学理论,法学理论,法学理论,,1043,yes
1044,中国社会科学,2019,,11,粤港澳大湾区治理创新的法治进路,石佑启[1];陈可翔[2],"[1]广东外语外贸大学法学院,广州510420;[2]中南财经政法大学,武汉430073",24,粤港澳大湾区;治理创新;法治;区域法治;软法,法学理论,法学理论,法学理论,法学理论,法学理论,,1044,yes
1045,中国社会科学,2019,,12,经济权利保障的宪法逻辑,翟国强[1],"[1]中国社会科学院法学研究所,北京100720",23,经济权利;比较宪法;宪法实施;保障模式,宪法学与行政法学,宪法学与行政法学,宪法学与行政法学,宪法学与行政法学,宪法学与行政法学,,1045,yes
1046,中国社会科学,2016,0,2,网络交易法律关系构造,杨立新,"中国人民大学民商事法律科学研究中心,北京100872",24,网络交易;网络交易平台;互联网+;合同;法律关系,数字法学,民商法学,民商法学,民商法学,民商法学,,1046,yes
1047,中国社会科学,2016,0,10,网络时代言论自由的刑法边界,刘艳红,"东南大学法学院,南京211189",19,言论自由;言论性犯罪;网络犯罪;亲告罪,数字法学,刑法学,刑法学,刑法学,刑法学,,1047,yes
1048,中国社会科学,2018,,2,网络社会治理的法治模式,徐汉明;张新平,"中南财经政法大学,武汉430073",24,网络社会;法治模式;网络治理;法治;治理,数字法学,宪法学与行政法学,宪法学与行政法学,民商法学,民商法学,,1048,yes
1049,中国社会科学,2016,,8,网络空间主权的治理模式及其制度构建,张新宝;许可,中国人民大学法学院,20,国家主权;网络空间;互联网治理;国际合作;制度构建,数字法学,国际法学,国际法学,国际法学,国际法学,,1049,yes
1050,中国社会科学,2021,0,10,网络空间安全立法的双重基础,张龑[1],"[1]中国人民大学法学院,北京100872",24,跨越性;网络空间国家化;网络安全立法;网络空间命运共同体,数字法学,宪法学与行政法学,宪法学与行政法学,宪法学与行政法学,宪法学与行政法学,,1050,yes
1051,中国社会科学,2024,000,1,罪刑关系的体系化及其实现,彭文华[1],"上海政法学院刑事司法学院,上海201600",20,罪刑关系;罪刑规范;犯罪体系;刑罚结构和体系;刑事一体化,刑法学,刑法学,刑法学,刑法学,刑法学,,1051,yes
1052,中国社会科学,2020,,6,营利概念与中国法人法的体系效应,宋亚辉[1],"[1]南京大学法学院,南京210093",25,营利;营利法人;非营利法人;利润分配,民商法学,民商法学,民商法学,民商法学,民商法学,,1052,yes
1053,中国社会科学,2020,,10,著作权法中的公众使用权,刘银良[1],"[1]北京大学法学院,北京100871",22,著作权;邻接权;公众使用权;使用者权,知识产权法学,民商法学,知识产权法学,知识产权法学,知识产权法学,,1053,yes
1054,中国社会科学,2015,0,8,董事会运行中非理性因素的法律规制,朱羿锟,"暨南大学法学院,广州510632",16,董事会治理;集体决策;策略选择;非理性因素;法律规制,民商法学,民商法学,民商法学,民商法学,民商法学,,1054,yes
1055,中国社会科学,2018,,9,行政改革试验授权制度的法理分析,杨登峰[1],"[1]南京师范大学法学院教授、中国法治现代化研究院,南京210023",24,行政改革;行政改革试验;授权制度;法律中止;立法特别授权,法学理论,法学理论,法学理论,法学理论,法学理论,,1055,yes
1056,中国社会科学,2024,000,9,行政检察的监督范畴与体系构建,解志勇[1],"[1]中国政法大学比较法学研究院,北京100088",12,行政检察;法律监督;检察权;行政检察法;中国式法治现代化,诉讼法学,诉讼法学,诉讼法学,诉讼法学,诉讼法学,,1056,yes
1057,中国社会科学,2016,,8,行政法治视阈下的民生立法,张淑芳,上海财经大学法学院,22,行政法治;民生立法;行政法资源;资源挖掘,宪法学与行政法学,宪法学与行政法学,宪法学与行政法学,宪法学与行政法学,宪法学与行政法学,,1057,yes
1058,中国社会科学,2018,,4,行政法视域下权力清单制度的重构,朱新力;余军,"浙江大学光华法学院,杭州310008",23,权力清单;政府管制;产权制度,宪法学与行政法学,宪法学与行政法学,宪法学与行政法学,宪法学与行政法学,宪法学与行政法学,,1058,yes
1059,中国社会科学,2017,0,7,行政组织法功能的行为法机制,"叶必丰[1,2]","[1]上海社会科学院法学研究所,上海200020;[2]上海交通大学法学院,上海200020",22,组织法;行为法;行政审批;地方自主权,宪法学与行政法学,宪法学与行政法学,宪法学与行政法学,宪法学与行政法学,宪法学与行政法学,,1059,yes
1060,中国社会科学,2025,000,3,行政规章与合同效力的关系,梁上上[1],"[1]清华大学法学院,北京100084",19,合同效力;行政规章;善良风俗;法源位阶;法律适用,民商法学,民商法学,民商法学,民商法学,民商法学,,1060,yes
1061,中国社会科学,2020,,5,行政许可的民法意义,"王轶[1,2]","[1]中国人民大学民商事法律科学研究中心;[2]中国人民大学法学院,北京100872",23,行政许可;事实行为;民事法律行为;简单规范;复杂规范;强制性规定,民商法学,民商法学,民商法学,民商法学,民商法学,,1061,yes
1062,中国社会科学,2016,,11,行政转型与行政法学的回应型变迁,江国华,"武汉大学法学院,武汉430072",14,行政法学;转型;回应型;变迁;行政实践;逻辑意义;法治实践;法学研究,宪法学与行政法学,宪法学与行政法学,宪法学与行政法学,宪法学与行政法学,宪法学与行政法学,,1062,yes
1063,中国社会科学,2023,000,1,论“以国际法为基础的国际秩序”,蔡从燕[1],"[1]复旦大学法学院,上海200438",20,以国际法为基础的国际秩序;以规则为基础的国际秩序;国内法;区域国际法;国际法泛政治化,国际法学,国际法学,国际法学,国际法学,国际法学,,1063,yes
1064,中国社会科学,2022,000,3,论《民法典》实施中的思维转化——从单行法思维到法典化思维,王利明[1],"[1]中国人民大学法学院,北京100872",19,《民法典》;法律思维;法典化思维;融贯思维,民商法学,民商法学,民商法学,民商法学,民商法学,,1064,yes
1065,中国社会科学,2015,0,5,论中国法治评估的转型,钱弘道[1];王朝霞[2],"[1]浙江大学光华法学院,杭州310008;[2]浙江工业大学法学院,杭州310023",22,法治评估;法治评估转型;指标体系;考核标准;国家治理,法学理论,法学理论,法学理论,法学理论,法学理论,,1065,yes
1066,中国社会科学,2025,000,1,论人权普遍性的相对性,毛俊响[1],"[1]中南大学人权研究中心,长沙410083",21,人权;人权普遍性;人权普遍性原则;文化相对主义;人权异化,法学理论,法学理论,法学理论,法学理论,法学理论,,1066,yes
1067,中国社会科学,2019,,2,论人类命运共同体构建中的和平搁置争端,黄瑶[1],"[1]中山大学法学院,广州510275",25,人类命运共同体;国际争端;和平搁置争端;不解决;国际合作,国际法学,国际法学,国际法学,国际法学,国际法学,,1067,yes
1068,中国社会科学,2023,000,4,论作为新型财产权的数据财产权,张新宝[1],"[1]中国人民大学法学院,北京100872",20,数据财产权;数据;数字经济;个人信息权益;“人财两分”,数字法学,民商法学,民商法学,民商法学,民商法学,,1068,yes
1069,中国社会科学,2019,,10,论公安侦查权与行政权的衔接,张泽涛[1],"[1]广州大学法学院,广州510006",25,侦查权;行政权;刑事侦查;公安机关;执法司法衔接,刑法学,刑法学,刑法学,刑法学,刑法学,,1069,yes
1070,中国社会科学,2015,0,2,论刑事庭审实质化,汪海燕[1],"[1]中国政法大学刑事司法学院,北京100088",20,庭审实质化;逮捕中心主义;审判中心主义;言词审理;庭前会议,刑法学,刑法学,刑法学,刑法学,刑法学,,1070,yes
1071,中国社会科学,2025,000,6,论司法决策的适度“再情感化”,杜宴林[1],"[1]吉林大学理论法学研究中心,长春130012",20,司法决策;移情;再情感化;个案正义;公平正义,法学理论,法学理论,法学理论,法学理论,法学理论,,1071,yes
1072,中国社会科学,2015,0,12,论国家政策作为民法法源,张红,"中南财经政法大学法学院,武汉430073",23,民法典;国家政策;法源;司法解释裁判规范,民商法学,民商法学,民商法学,民商法学,民商法学,,1072,yes
1073,中国社会科学,2015,0,1,论国家治理商数,江必新[1];邵长茂[2],"[1]中南大学法学院教授,长沙410083;[2]中南大学法学院博士研究生,长沙410083",17,国家治理;国家治理体系;国家治理能力;国家治理成本;国家治理商数,法学理论,法学理论,法学理论,法学理论,法学理论,,1073,yes
1074,中国社会科学,2018,,3,论大数据时代的个人数据权利,程啸[1],"[1]清华大学法学院,北京100084",22,数据;大数据;个人数据;隐私权;数据企业,数字法学,民商法学,民商法学,民商法学,民商法学,,1074,yes
1075,中国社会科学,2020,,8,论我国检察权的新发展,周新[1],"[1]广东外语外贸大学法学院,广州510420",25,检察权;法律监督;检察改革;检察规律,诉讼法学,诉讼法学,诉讼法学,诉讼法学,诉讼法学,,1075,yes
1076,中国社会科学,2017,,4,论指导性案例的内容构成,朱芒,"上海交通大学凯原法学院,上海200030",19,指导性案例;判例分析;法律解释;判例功能,法学理论,法学理论,法学理论,法学理论,法学理论,,1076,yes
1077,中国社会科学,2020,,1,论数字货币的法律属性,杨延超[1],"[1]中国社会科学院法学研究所,北京100720",24,数字货币;比特币;法律属性;监管制度;金融监管,数字法学,经济法学,经济法学,民商法学,民商法学,,1077,yes
1078,中国社会科学,2020,,11,论数据用益权,申卫星[1],"[1]清华大学法学院,北京100084",23,数据用益权;数据所有权;数据财产权;权利分割;数字经济,数字法学,民商法学,民商法学,民商法学,民商法学,,1078,yes
1079,中国社会科学,2018,,10,论新型网络犯罪立法及其适用,皮勇,"武汉大学法学院,武汉470072",25,新型网络犯罪;积量构罪;实质预备犯;帮助行为正犯化;中立帮助;行为,数字法学,刑法学,刑法学,刑法学,刑法学,,1079,yes
1080,中国社会科学,2016,0,2,论民事司法成本的分担,王福华,"上海财经大学法学院,上海200433",21,审判成本;诉讼成本;权利保护;司法改革,诉讼法学,诉讼法学,诉讼法学,诉讼法学,诉讼法学,,1080,yes
1081,中国社会科学,2020,,4,论法律学说的司法运用,彭中礼[1],"[1]中南大学法学院,长沙410083",25,法律学说;司法裁判;司法运用;理论演化规律,法学理论,法学理论,法学理论,法学理论,法学理论,,1081,yes
1082,中国社会科学,2015,0,11,论法律意识形态,季卫东,"上海交通大学法学院,上海200030",18,法律意识形态;解释性转换;价值三分法;公正程序,法学理论,法学理论,法学理论,法学理论,法学理论,,1082,yes
1083,中国社会科学,2024,000,9,论法治体系概念,侯学宾[1],"[1]吉林大学法学院,长春130012",11,法治体系;法治体系内涵;法治体系构成;法治体系意义,法学理论,法学理论,法学理论,法学理论,法学理论,,1083,yes
1084,中国社会科学,2025,000,5,论法治思维的规则,陈金钊[1];李德进[2],"[1]华东政法大学法律方法研究院,上海201620;[2]广西师范大学法学院,桂林541001",19,法治思维;形式法治思维;实质法治思维;利益衡量;法律续造,法学理论,法学理论,法学理论,法学理论,法学理论,,1084,yes
1085,中国社会科学,2015,0,7,论法治评估的类型化,朱景文[1],"[1]中国人民大学法学院,北京100872",17,法治评估;类型化;规则之治;平等实施;良法之治,法学理论,法学理论,法学理论,法学理论,法学理论,,1085,yes
1086,中国社会科学,2020,,12,论算法的法律规制,"丁晓东[1,2]","[1]中国人民大学法学院;[2]中国人民大学未来法治研究院,北京100872",23,人工智能;算法;算法公开;数据权利;算法歧视;场景化规制,数字法学,宪法学与行政法学,宪法学与行政法学,民商法学,民商法学,,1086,yes
1087,中国社会科学,2019,,5,论结果导向的信息披露,应飞虎[1],"[1]广州大学法学院,广州510006",24,结果导向;信息披露;认知偏差;消费者保护;行为经济学,民商法学,民商法学,民商法学,民商法学,民商法学,,1087,yes
1088,中国社会科学,2015,0,8,论统一民事责任制度的建构——基于责任融合的“后果模式”,张家勇[1],"[1]四川大学法学院,成都610207",20,民事责任;责任融合;原因模式;后果模式;民法典,民商法学,民商法学,民商法学,民商法学,民商法学,,1088,yes
1089,中国社会科学,2022,000,12,论统筹推进国内法治和涉外法治,黄进[1],"[1]中国政法大学全面依法治国研究院,北京100088",12,全面依法治国;国内法治;涉外法治;国际法治;习近平法治思想,国际法学,国际法学,国际法学,国际法学,国际法学,,1089,yes
1090,中国社会科学,2015,0,6,论诉权的人权属性——以历史演进为视角,吴英姿[1],"[1]南京大学法学院,南京210093",19,诉权;人权;程序;公正,法学理论,法学理论,法学理论,法学理论,法学理论,,1090,yes
1091,中国社会科学,2024,000,6,论预测性司法,王禄生[1],"[1]东南大学法学院,南京211189",20,司法;算法;预测性司法;自动化司法;精算司法,数字法学,诉讼法学,诉讼法学,诉讼法学,诉讼法学,,1091,yes
1092,中国社会科学,2022,000,5,证券中介机构法律责任配置,邢会强[1],"[1]中央财经大学法学院,北京100081",20,市场看门人;追首恶;独立专家顾问;连带责任,民商法学,民商法学,民商法学,民商法学,民商法学,,1092,yes
1093,中国社会科学,2016,,6,财产权宪法化与近代中国社会本位立法,聂鑫,"清华大学法学院副教授,北京100084",18,宪法财产权;社会性权利;生存权;社会本位,法律史,法律史,法律史,法律史,法律史,,1093,yes
1094,中国社会科学,2024,000,2,财税法一体化的理论逻辑与实践转向,蒋悟真[1],"[1]华南理工大学法学院,广州510006",19,财税法;一体化;法典化;法律体系;整体性治理,经济法学,经济法学,经济法学,经济法学,经济法学,,1094,yes
1095,中国社会科学,2016,,3,赌博的法律规制,许德风,"北京大学法学院,北京100871",22,赌博;风险防范;保险利益;长期合同,民商法学,民商法学,民商法学,民商法学,民商法学,,1095,yes
1096,中国社会科学,2016,,3,转型时期刑法立法的思路与方法,周光权,"清华大学法学院,北京100084",24,社会转型;刑法立法;刑法典;轻犯罪法;罪刑法定,刑法学,刑法学,刑法学,刑法学,刑法学,,1096,yes
1097,中国社会科学,2020,,5,违约金酌减预测研究,屈茂辉[1],"[1]湖南大学法学院,长沙410082",29,违约责任;违约金酌减;预测;实证研究;计量分析,民商法学,民商法学,民商法学,民商法学,民商法学,,1097,yes
1098,中国社会科学,2021,0,6,"重构""法的渊源""范畴",雷磊[1],[1]中国政法大学法学院北京100088,22,法的渊源;法理论;裁判依据;效力渊源;认知渊源,法学理论,法学理论,法学理论,法学理论,法学理论,,1098,yes
1099,中国社会科学,2020,,3,重构罪刑法定原则,高巍[1],"[1]云南大学法学院,昆明650091",24,罪刑法定原则;实定法;文义边界;明确性,刑法学,刑法学,刑法学,刑法学,刑法学,,1099,yes
1100,中国社会科学,2016,0,1,非法证据排除规则的中国范式——基于1459个刑事案例的分析,易延友,"清华大学法学院,北京100084",23,非法证据;非法证据排除;毒树之果;证明责任;人权保障,刑法学,刑法学,刑法学,刑法学,刑法学,,1100,yes
1101,中国社会科学,2024,000,11,面向“三维世界”的数字法学,马长山[1],"[1]华东政法大学,上海200042",19,数字法学;数字权利;数字权力;数字正义;数字法治,数字法学,法学理论,数字法学,法学理论,数字法学,,1101,yes
1102,中国社会科学,2017,,10,风险控制的部门法思路及其超越,宋亚辉,"南京大学法学院,南京210093",23,公共风险 风险立法 部门法分立格局 法律结构,法学理论,法学理论,法学理论,法学理论,法学理论,,1102,yes
1103,中国社会科学,2017,,10,马克思的法律发展思想及其当代意义,公丕祥,"南京师范大学法学院,南京210023",24,马克思 法律发展 理论工具 当代意义,法学理论,法学理论,法学理论,法学理论,法学理论,,1103,yes
1104,法学研究,2017,39,1,2016年后反倾销领域中国（非）市场经济地位问题,左海聪;林思思,南开大学法学院,18,反倾销;《中国入世议定书》第15条;非市场经济地位;替代方法,国际法学,国际法学,国际法学,国际法学,国际法学,,1104,yes
1105,法学研究,2020,42,6,WTO《多方临时上诉仲裁安排》:基于仲裁的上诉替代,石静霞[1],[1]中国人民大学法学院,19,上诉仲裁;《多方临时上诉仲裁安排》;DSU第25条;WTO争端解决,国际法学,国际法学,国际法学,国际法学,国际法学,,1105,yes
1106,法学研究,2022,044,4,"""债权物权化""之范畴厘定",袁野[1],[1]武汉大学法学院,20,债权物权化;债物二分;债权物化;债之随物化;处分保护,民商法学,民商法学,民商法学,民商法学,民商法学,,1106,yes
1107,法学研究,2019,41,1,“八议”源流与腹边文化互动,苏亦工[1],[1]清华大学法学院,22,八辟;《周礼》;君臣伦理;农耕文化;游牧渔猎文化,法律史,法律史,法律史,法律史,法律史,,1107,yes
1108,法学研究,2024,046,4,“六事”视野中的清代则例,陈煜[1],[1]中国政法大学法律史学研究院,19,六事;清代则例;设官分职;严以治吏;一准乎礼,法律史,法律史,法律史,法律史,法律史,,1108,yes
1109,法学研究,2020,42,2,“对赌协议”的裁判路径及政策选择——基于PE/VC与公司对赌场景的分析,刘燕[1],[1]北京大学法学院,21,“对赌协议”;履行障碍;资本维持原则;清偿能力限制;司法商业判断,民商法学,民商法学,民商法学,民商法学,民商法学,,1109,yes
1110,法学研究,2020,42,4,“御史监察”的历史构造与运转实效,明辉[1],[1]北京航空航天大学法学院,23,御史;巡回监察;弹劾实效;监察程序,法律史,法律史,法律史,法律史,法律史,,1110,yes
1111,法学研究,2015,0,6,“直诉”源流通说辨正,王捷,华东政法大学法律古籍整理研究所,17,直诉;审级;周礼;楚简,法律史,法律史,法律史,法律史,法律史,,1111,yes
1112,法学研究,2016,38,4,“祖制”的法律解读,朱勇,中国政法大学法律史学研究院教授,19,祖制;祖制一律令体系;祖制驳议,法律史,法律史,法律史,法律史,法律史,,1112,yes
1113,法学研究,2017,39,3,“谁主张谁举证”规则的历史变迁与现代运用,胡东海,中南财经政法大学法学院,18,谁主张谁举证;消极事实理论;规范说;证明责任分配,诉讼法学,诉讼法学,诉讼法学,诉讼法学,诉讼法学,,1113,yes
1114,法学研究,2017,39,4,《印中搜闻》与19世纪早期西方人的中国法律观,李秀清,华东政法大学法律学院,18,《印中搜闻》;马礼逊;米怜;19世纪早期;中国法形象,法律史,法律史,法律史,法律史,法律史,,1114,yes
1115,法学研究,2017,39,2,《大清新刑律》编纂过程中的法权之争,陈新宇,清华大学法学院,19,立法权;行政权;《大清新刑律》,宪法学与行政法学,宪法学与行政法学,宪法学与行政法学,宪法学与行政法学,宪法学与行政法学,,1115,yes
1116,法学研究,2023,045,5,《巴黎协定》下国家自主贡献的双重义务模式,陈贻健[1],[1]深圳大学法学院,19,《巴黎协定》;国家自主贡献;单方面声明;碳达峰碳中和;碳排放权交易,环境与资源保护法学,环境与资源保护法学,环境与资源保护法学,环境与资源保护法学,环境与资源保护法学,,1116,yes
1117,法学研究,2021,43,2,《新加坡调解公约》在中国的批准与实施,孙南翔,中国社会科学院国际法研究所,18,《新加坡调解公约》;国际商事调解;执行;调解员;虚假调解,国际法学,国际法学,国际法学,国际法学,国际法学,,1117,yes
1118,法学研究,2021,43,1,《海牙判决公约》谈判与知识产权的国际司法合作,何其生,北京大学法学院,17,"知识产权;《海牙判决公约》;国际司法合作;""中美第一阶段经贸协议""",知识产权法学,民商法学,知识产权法学,知识产权法学,知识产权法学,,1118,yes
1119,法学研究,2015,0,5,一人一票原则在我国的适用,屠振宇,南京师范大学法学院,16,一人一票;选区划分;选举权;选举法,宪法学与行政法学,宪法学与行政法学,宪法学与行政法学,宪法学与行政法学,宪法学与行政法学,,1119,yes
1120,法学研究,2019,41,1,一致性解释原则在国际贸易行政案件中的适用,彭岳[1],[1]南京大学法学院,16,国际贸易行政案件;一致性解释原则;司法遵从原则;解释权限,国际法学,国际法学,国际法学,国际法学,国际法学,,1120,yes
1121,法学研究,2023,045,2,一致解释原则的功能及适用要件,彭岳[1],[1]南京大学法学院,18,一致解释原则;司法遵从原则;条约适用;涉外法治,国际法学,国际法学,国际法学,国际法学,国际法学,,1121,yes
1122,法学研究,2021,43,2,上市公司实际控制人法律责任的反思与构建,郑彧,华东政法大学,12,实际控制人;法人人格;信义义务;事实董事;股东派生诉讼,民商法学,民商法学,民商法学,民商法学,民商法学,,1122,yes
1124,法学研究,2025,047,3,不动产定期承租人的预期违约责任——兼评“合同编通则解释”第61条,庄加园[1],[1]上海交通大学凯原法学院,21,继续性合同;定期租赁;合同僵局;预期违约;减损义务,民商法学,民商法学,民商法学,民商法学,民商法学,,1124,yes
1125,法学研究,2018,40,4,不真正不作为犯的边界,姚诗[1],[1]湖南大学法学院,18,不真正不作为犯;保证人;真正不作为犯;结果原因支配说,刑法学,刑法学,刑法学,刑法学,刑法学,,1125,yes
1126,法学研究,2020,42,2,专家参与刑事司法的多元功能及其体系化,"陈如超[1,2,3]",[1]西南政法大学刑事侦查学院;[2]西南政法大学国家安全学院;[3]重庆高校市级刑事科学技术重点实验室,19,刑事司法;专家制度;有专门知识的人;鉴定人;专家辅助人,刑法学,刑法学,刑法学,刑法学,刑法学,,1126,yes
1127,法学研究,2018,40,5,业务侵占:贪污罪的解释方向,王彦强[1],[1]南京师范大学法学院,17,贪污罪;职务侵占罪;竞合论;业务侵占,刑法学,刑法学,刑法学,刑法学,刑法学,,1127,yes
1128,法学研究,2018,40,3,个人信息保护:从个人控制到社会控制,"高富平[1,2]",[1]华东政法大学;[2]华东政法大学数据法律研究中心,18,个人信息;个人信息保护;隐私保护;个人信息社会控制,数字法学,民商法学,民商法学,民商法学,民商法学,,1128,yes
1129,法学研究,2022,044,4,个人信息保护合规的体系构建,敬力嘉[1],[1]武汉大学法学院,16,个人信息保护;企业合规;合规审计;侵犯公民个人信息罪,数字法学,民商法学,民商法学,民商法学,民商法学,,1129,yes
1130,法学研究,2023,045,1,个人信息国家保护义务理论的反思与重塑,李海平[1],[1]吉林大学法学院,17,个人信息保护;个人信息权;国家保护义务;间接效力;部门宪法,数字法学,宪法学与行政法学,宪法学与行政法学,民商法学,宪法学与行政法学,,1130,yes
1131,法学研究,2018,40,2,个人信息大数据与刑事正当程序的冲突及其调和,裴炜[1],[1]北京航空航天大学法学院,20,个人信息；大数据；犯罪治理；正当程序；比例原则,数字法学,刑法学,诉讼法学,刑法学,诉讼法学,,1131,yes
1132,法学研究,2023,045,6,个人信息权的分析与建构,萧鑫[1],[1]中国社会科学院法学研究所,21,个人信息权;支配权;权利束;个人信息决定权;个人信息权利体系,数字法学,民商法学,民商法学,民商法学,民商法学,,1132,yes
1133,法学研究,2018,40,4,个人信息的侵权法保护,叶名怡[1],[1]上海财经大学,20,个人信息;侵权法;构成要件;预防性责任;责任形态,数字法学,民商法学,民商法学,民商法学,民商法学,,1133,yes
1134,法学研究,2018,40,6,个人信息私法保护的困境与出路,"丁晓东[1,2]",[1]中国人民大学法学院;[2]中国人民大学未来法治研究院,13,隐私权益;个人信息;私法保护;消费者保护;风险规制,数字法学,民商法学,民商法学,民商法学,民商法学,,1134,yes
1135,法学研究,2023,045,2,个人所得税法上年龄非中性的实现——以老年人生存权益的保障为核心,汤洁茵[1],[1]中国社会科学院大学法学院,17,个人所得税;综合税制;量能课税;养老费用;老年人权益,经济法学,经济法学,经济法学,经济法学,经济法学,,1135,yes
1136,法学研究,2022,044,5,个人数据交易的双重法律构造,林洹民[1],[1]浙江大学光华法学院,17,数据要素;数据交易;个人信息保护;知情同意,数字法学,民商法学,民商法学,民商法学,民商法学,,1136,yes
1137,法学研究,2022,44,1,中华法系的百年历史叙事,赵明[1],[1]西南大学法学院,19,中华法系;法制现代化;法治;法学话语,法律史,法律史,法律史,法律史,法律史,,1137,yes
1138,法学研究,2016,38,5,中国债编体系构建中若干基础关系的协调——从法国重构债法体系的经验观察,李世刚,复旦大学法学院,24,债法总则;债的渊源;法律行为;法国民法典;法国债法,民商法学,民商法学,民商法学,民商法学,民商法学,,1138,yes
1139,法学研究,2020,42,3,中国刑事专家辅助人向专家证人的角色转变,张保生[1];董帅[2],[1]中国政法大学证据科学教育部重点实验室、司法文明协同创新中心;[2]中国政法大学证据科学研究院,16,鉴定人;专家辅助人;专家证人;科学证据,刑法学,刑法学,刑法学,刑法学,刑法学,,1139,yes
1140,法学研究,2015,0,6,中国刑事印证理论批判,周洪波[1],[1]西南民族大学法学院,20,刑事证明方法模式;印证;自由心证,刑法学,刑法学,刑法学,刑法学,刑法学,,1140,yes
1141,法学研究,2024,046,2,中国刑事司法证明“唯客观化”批判,熊晓彪[1],[1]中山大学法学院,18,刑事司法证明;唯客观化;认识论;“启发式”进路,刑法学,刑法学,刑法学,刑法学,刑法学,,1141,yes
1142,法学研究,2017,39,5,中国司法体制改革的经验——习近平司法体制改革思想研究,陈卫东,中国人民大学法学院,15,全面深化改革 依法治国 司法体制改革 习近平法治思想,诉讼法学,诉讼法学,诉讼法学,诉讼法学,诉讼法学,,1142,yes
1143,法学研究,2024,046,6,中国合同法上的产权平等保护,罗昆[1],[1]武汉大学法学院,18,合同法;产权保护;国有资产;民营经济;形式平等;实质平等,民商法学,民商法学,民商法学,民商法学,民商法学,,1143,yes
1144,法学研究,2015,0,4,中国宪法上国家所有的规范含义,程雪阳[1],[1]苏州大学王健法学院,22,自然资源;国家所有;所有权理论;宪法解释,环境与资源保护法学,环境与资源保护法学,环境与资源保护法学,环境与资源保护法学,环境与资源保护法学,,1144,yes
1145,法学研究,2021,43,5,中国宪法上基本权利限制的形式要件,陈楚风[1],[1]清华大学法学院,15,基本权利;法律保留;宪法保留;无保留基本权利,宪法学与行政法学,宪法学与行政法学,宪法学与行政法学,宪法学与行政法学,宪法学与行政法学,,1145,yes
1146,法学研究,2023,045,6,中国宪法体制中民主集中制的统合作用,沈寿文[1],[1]吉林大学法学院,16,民主集中制;国家机构;宪法体制;依宪执政;依宪治国,宪法学与行政法学,宪法学与行政法学,宪法学与行政法学,宪法学与行政法学,宪法学与行政法学,,1146,yes
1147,法学研究,2024,046,2,中国式法治现代化概念的逻辑构造及其展开,郭晔[1],[1]北京师范大学法学院,17,习近平法治思想;中国式现代化;法治现代化;法治文明;“两个结合”,法学理论,法学理论,法学理论,法学理论,法学理论,,1147,yes
1148,法学研究,2023,045,5,中国式现代化的宪法逻辑,韩大元[1],[1]中国人民大学法学院,19,宪法话语;中国式现代化;宪法实施;社会主义现代化强国,宪法学与行政法学,宪法学与行政法学,宪法学与行政法学,宪法学与行政法学,宪法学与行政法学,,1148,yes
1149,法学研究,2024,046,1,中国式现代化进程中的属地管理原则,叶必丰[1],[1]上海交通大学凯原法学院,16,中国式现代化;属地管理;权力下放;事权分工;分级负责,法学理论,法学理论,法学理论,法学理论,法学理论,,1149,yes
1150,法学研究,2015,0,4,中国投资协议实体保护标准的自由化和多边化演进,沈伟[1],[1]上海交通大学法学院,25,双边投资协议;实体保护规定;跨区域投资协定;全球经济治理体系,法学理论,法学理论,法学理论,法学理论,法学理论,,1150,yes
1151,法学研究,2020,42,4,中国政法体制的规范性原理,黄文艺[1],[1]中国人民大学法学院,20,政法;礼法;法治;政法体制;国家治理,党内法规学,宪法学与行政法学,党内法规学,党内法规学,党内法规学,,1151,yes
1152,法学研究,2024,046,3,中国民事诉讼率变迁的影响机制——对曲线理论的检验和修正,石磊[1],[1]上海交通大学凯原法学院,26,民事诉讼率;曲线理论;调节效应;司法能力;实证研究,诉讼法学,诉讼法学,诉讼法学,诉讼法学,诉讼法学,,1152,yes
1153,法学研究,2020,42,3,中国民法典总则与分则之间的统辖遵从关系,孙宪忠[1],[1]中国社会科学院法学研究所,19,民法典;总则;分则;民事主体;民事权利;法律行为,民商法学,民商法学,民商法学,民商法学,民商法学,,1153,yes
1154,法学研究,2024,046,1,中国民间公益法人制度现代化的路径选择,李德健[1],[1]浙江工业大学法学院,18,民间公益法人;法人自治;慈善目的;信义责任;中国式现代化,经济法学,经济法学,经济法学,经济法学,经济法学,,1154,yes
1155,法学研究,2024,046,3,中国法学对外交流与研究中的概念对接——以多数人之债实体与程序的中德比较研究为例,卜元石[1],[1]德国弗莱堡大学法律系,20,连带之债;原因力;并发侵权;共同诉讼;诉讼告知,民商法学,民商法学,民商法学,民商法学,民商法学,,1155,yes
1156,法学研究,2016,38,5,中国法律传统的经济理性,夏扬,北京师范大学法学院,18,法律传统;经济理性;生产条件;效率追求;路径依赖;信用体系,法学理论,法学理论,法学理论,法学理论,法学理论,,1156,yes
1157,法学研究,2023,045,6,中国法律语境中的国家政策概念,彭中礼[1],[1]中南大学法学院,18,国家政策;行政权;司法裁判;规范性文件;效力位阶,宪法学与行政法学,宪法学与行政法学,宪法学与行政法学,宪法学与行政法学,宪法学与行政法学,,1157,yes
1158,法学研究,2017,39,6,中国法治经济建设的逻辑,谢海定,中国社会科学院法学研究所《法学研究》编辑部,20,法治经济 市场经济 公有制 国家所有权 企业法人财产权,民商法学,民商法学,民商法学,民商法学,民商法学,,1158,yes
1159,法学研究,2025,047,1,中国法治语境下的司法建议：机理、运用与制度完善,顾培东[1],[1]四川大学法学院,19,司法建议;社会治理;司法政策;司法裁判;司法权威,诉讼法学,诉讼法学,诉讼法学,诉讼法学,诉讼法学,,1159,yes
1160,法学研究,2019,,2,中国法科学生留学德国四十年的回顾与展望,,基于博士学位论文的考察-卜元石-德国弗莱堡大学法律系,,,法学理论,法学理论,法学理论,法学理论,法学理论,,1160,yes
1161,法学研究,2022,044,2,中国特色民间文学艺术作品著作权保护理论的构建,胡开忠[1],[1]中南财经政法大学知识产权研究中心,23,民间文学艺术作品;传统性使用;习惯性使用;贬损性使用,知识产权法学,民商法学,知识产权法学,知识产权法学,知识产权法学,,1161,yes
1162,法学研究,2015,0,2,中国特色社会主义人权理论体系论纲,,广州大学人权理论研究课题组,24,人权的概念;人权的属性;人权的分类;人权的实现;人权理论体系,法学理论,法学理论,法学理论,法学理论,法学理论,,1162,yes
1163,法学研究,2018,40,3,中国环境法治中的政党、国家与社会,陈海嵩[1],[1]中南大学法学院,18,环境法治;国家治理体系;国家环境保护义务,环境与资源保护法学,环境与资源保护法学,环境与资源保护法学,环境与资源保护法学,环境与资源保护法学,,1163,yes
1164,法学研究,2019,41,6,中国现行宪法中的“党的领导”规范,秦前红[1];刘怡达[1],[1]武汉大学法学院,14,宪法序言;宪法修改;党的领导;宪法规范,宪法学与行政法学,宪法学与行政法学,宪法学与行政法学,宪法学与行政法学,宪法学与行政法学,,1164,yes
1165,法学研究,2020,42,5,中国第一代马克思主义法学家的理论开创,程梦婧[1],[1]重庆大学法学院,17,马克思主义法学;中国特色法学;法学学科体系;法学学术体系,法学理论,法学理论,法学理论,法学理论,法学理论,,1165,yes
1166,法学研究,2020,42,3,中国行政诉讼中的府院互动,章志远[1],[1]华东政法大学,17,府院互动;优化司法环境;实质性化解行政争议;中国特色行政审判制度,诉讼法学,诉讼法学,诉讼法学,诉讼法学,诉讼法学,,1166,yes
1167,法学研究,2018,40,6,为作为证明方法的“印证”辩护,薛爱昌[1],[1]西安交通大学法学院,16,印证;证明方法;整体主义;真;融贯论,诉讼法学,诉讼法学,诉讼法学,诉讼法学,诉讼法学,,1167,yes
1168,法学研究,2022,044,5,为被告人利益抗诉与上诉不加刑原则之适用———以上诉理由之限制为中心,郭烁[1],[1]中国政法大学诉讼法学研究院,16,上诉不加刑;上诉理由;突袭性裁判;诉因;公诉事实,诉讼法学,诉讼法学,诉讼法学,诉讼法学,诉讼法学,,1168,yes
1169,法学研究,2016,38,2,主体制度民商合一的中国路径,汪青松,西南政法大学民商法学院,17,民事主体;商事主体;法人;组织;民法总则,民商法学,民商法学,民商法学,民商法学,民商法学,,1169,yes
1170,法学研究,2021,43,5,主观权利概念之理论检讨——以胎儿的民事权利能力问题为中心,陈帮锋[1],[1]厦门大学法学院,18,胎儿;权利能力;约束状态;主观权利,民商法学,民商法学,民商法学,民商法学,民商法学,,1170,yes
1171,法学研究,2022,044,5,义务范围理论下证券服务机构过失虚假陈述赔偿责任,洪国盛[1],[1]北京大学国际法学院,19,证券服务机构;虚假陈述;义务范围;损失因果关系;比例责任,刑法学,刑法学,刑法学,刑法学,刑法学,,1171,yes
1172,法学研究,2016,38,2,习近平全面依法治国思想的理论逻辑与创新发展,李林,中国社会科学院法学研究所,20,治国理政;依法治国;宪法权威;良法善治;法治系统;党法关系,宪法学与行政法学,宪法学与行政法学,宪法学与行政法学,宪法学与行政法学,宪法学与行政法学,,1172,yes
1173,法学研究,2023,045,3,习近平法治思想中的依规治党理论及其原创性贡献,王伟国[1],[1]中国法学会党内法规研究中心,16,习近平法治思想;依法治国;依规治党;党内法规;治国理政,党内法规学,法学理论,党内法规学,党内法规学,党内法规学,,1173,yes
1174,法学研究,2021,43,2,习近平法治思想中的法治监督理论,江必新;张雨,中南大学法学院,16,权力监督;权力制约;习近平法治思想;法治监督,法学理论,法学理论,法学理论,法学理论,法学理论,,1174,yes
1175,法学研究,2021,43,4,习近平法治思想对马克思主义法治原理的传承与发展,孙谦[1],[1]最高人民检察院,18,习近平法治思想;马克思主义法治原理;全面依法治国;党的领导,党内法规学,法学理论,党内法规学,党内法规学,党内法规学,,1175,yes
1176,法学研究,2023,045,4,习近平法治思想的数字法治观,周尚君[1],[1]西南政法大学全面依法治国研究院,18,习近平法治思想;数字法治;数字经济;数字政府;网络空间命运共同体,数字法学,法学理论,法学理论,法学理论,法学理论,,1176,yes
1177,法学研究,2022,044,6,习近平法治思想领航中国之治的实践机制,"陈柏峰[1,2]",[1]中南财经政法大学法学院;[2]国家治理学院,17,习近平法治思想;实践伟力;全面依法治国;法治中国建设,法学理论,法学理论,法学理论,法学理论,法学理论,,1177,yes
1178,法学研究,2016,38,1,乡村司法与国家治理——以乡村微观权力的整合为线索,郑智航,山东大学法学院,15,乡村司法;国家治理;国家权力下沉;乡村微观权力,法学理论,法学理论,法学理论,法学理论,法学理论,,1178,yes
1179,法学研究,2020,42,2,乡村基层执法的空间制约与机制再造,陈柏峰[1],[1]中南财经政法大学法学院,17,治理空间;乡村治理;基层执法;执法权,宪法学与行政法学,宪法学与行政法学,宪法学与行政法学,宪法学与行政法学,宪法学与行政法学,,1179,yes
1180,法学研究,2019,41,3,乡村振兴背景下的宅基地权利制度重构,宋志红[1],[1]中共中央党校(国家行政学院)政法部,20,宅基地;宅基地使用权;三权分置;农村土地,环境与资源保护法学,环境与资源保护法学,环境与资源保护法学,环境与资源保护法学,环境与资源保护法学,,1180,yes
1181,法学研究,2019,41,2,书面形式与合同的成立,朱广新[1],[1]中国社会科学院法学研究所,18,合同的成立;合同的形式;形式自由;形式强制;书面形式,民商法学,民商法学,民商法学,民商法学,民商法学,,1181,yes
1182,法学研究,2016,38,1,买卖合同之规定准用于其他有偿合同,易军,中国政法大学,22,参照;类推适用;有偿合同;买卖合同;准用,民商法学,民商法学,民商法学,民商法学,民商法学,,1182,yes
1183,法学研究,2025,047,1,二元规范论视角下刑法第13条但书规定的解释论展开,李世阳[1],[1]浙江大学光华法学院,18,刑法第13;条但书;行为规范;制裁规范;犯罪论;罪量,刑法学,刑法学,刑法学,刑法学,刑法学,,1183,yes
1184,法学研究,2025,047,3,互联网平台处罚权的法律规制,刘权[1],[1]中央财经大学“龙马学者”,18,平台处罚;私权力;过罚相当;比例原则;正当程序,数字法学,宪法学与行政法学,宪法学与行政法学,宪法学与行政法学,宪法学与行政法学,,1184,yes
1185,法学研究,2018,40,5,互联网金融风险的社会特性与监管创新,许多奇[1],[1]上海交通大学凯原法学院,20,社会网络分析;互联网金融;金融科技;监管科技;创新监管,数字法学,经济法学,经济法学,经济法学,经济法学,,1185,yes
1186,法学研究,2021,43,3,交警非现场执法的规范构建,余凌云,清华大学法学院,16,非现场执法;交警执法;行政处罚法;道路交通安全法,宪法学与行政法学,宪法学与行政法学,宪法学与行政法学,宪法学与行政法学,宪法学与行政法学,,1186,yes
1187,法学研究,2020,42,1,人工智能与事实认定,栗峥[1],[1]中国政法大学,17,人工智能;事实认定;心智微结构;小数据,数字法学,诉讼法学,诉讼法学,诉讼法学,诉讼法学,,1187,yes
1188,法学研究,2019,41,6,人工智能时代的法律议论,季卫东[1],[1]上海交通大学法学院,18,人工智能;逻辑法学;法律议论;智慧司法;法律论题学,数字法学,诉讼法学,法学理论,诉讼法学,法学理论,,1188,yes
1189,法学研究,2021,43,6,人工智能时代著作权合理使用制度的重塑,"林秀芹[1,2]",[1]厦门大学法学院、知识产权研究院;[2]厦门大学一带一路研究院,16,人工智能;复制权;数据挖潜;合理使用;结构主义,知识产权法学,民商法学,知识产权法学,知识产权法学,知识产权法学,,1189,yes
1190,法学研究,2024,046,1,人民检察院法律监督的体系分析,王锴[1],[1]北京航空航天大学法学院,16,法律监督;检察权;一般监督;检察一体;独立行使检察权,诉讼法学,诉讼法学,诉讼法学,诉讼法学,诉讼法学,,1190,yes
1191,法学研究,2020,42,1,人民法院改革取向的审视与思考,"顾培东[1,2]",[1]中南财经政法大学;[2]四川大学法学院,24,法院改革;司法责任制;形式主义法治;司法能力,诉讼法学,诉讼法学,诉讼法学,诉讼法学,诉讼法学,,1191,yes
1192,法学研究,2023,045,6,从关键证人回归必要证人：关键证人出庭作证逻辑反思,陈卫东[1],[1]中国人民大学刑事法律科学研究中心,17,以审判为中心;庭审实质化;证人出庭作证;关键证人;必要证人,诉讼法学,诉讼法学,诉讼法学,诉讼法学,诉讼法学,,1192,yes
1193,法学研究,2017,39,3,从国家构建到共建共享的法治转向——基于社会组织与法治建设之间关系的考察,马长山,华东政法大学,20,社会组织;国家构建;共建共享;法治秩序,法学理论,法学理论,法学理论,法学理论,法学理论,,1193,yes
1194,法学研究,2019,,2,从基本权理论看法律行为之阻却生效要件,,一个跨法域释义学的尝试-章程-浙江大学光华法学院,,,法学理论,法学理论,法学理论,法学理论,法学理论,,1194,yes
1195,法学研究,2023,045,3,从数据生产到数据流通：数据财产权益的双层配置方案,宁园[1],[1]武汉大学法学院,19,数据生产;数据流通;数据控制权;数据利用权;“数据二十条”,数字法学,民商法学,民商法学,民商法学,民商法学,,1195,yes
1196,法学研究,2023,045,6,从民事基本法律到基础性法律：民法典地位论,黄忠[1],[1]西南政法大学,20,民法典;民事基本法律;基础性法律;宪法,民商法学,民商法学,民商法学,民商法学,民商法学,,1196,yes
1197,法学研究,2023,045,1,从税收法定到税收法治的实践进阶——以进一步落实税收法定原则为中心,张婉苏[1],[1]南京大学法学院,17,税制改革;税收法定;税收法治;一税一法;税法典,经济法学,经济法学,经济法学,经济法学,经济法学,,1197,yes
1198,法学研究,2024,046,4,从预约到前合同协议——合意多样性视角下的类型化,夏静宜[1],[1]扬州大学法学院,20,预约;本约;前合同协议;缔约过失责任,民商法学,民商法学,民商法学,民商法学,民商法学,,1198,yes
1199,法学研究,2019,41,1,他行为能力问题研究,陈兴良[1],[1]北京大学法学院,17,他行为能力;意志自由;行为论,法学理论,法学理论,法学理论,法学理论,法学理论,,1199,yes
1200,法学研究,2019,41,4,代理公开的例外类型和效果,"朱虎[1,2]",[1]中国人民大学民商事法律科学研究中心;[2]中国人民大学法学院,20,公开代理;不公开代理;间接代理;介入权;选择权,民商法学,民商法学,民商法学,民商法学,民商法学,,1200,yes
1201,法学研究,2022,044,4,以习近平法治思想引领行政审判制度新发展,章志远[1],[1]华东政法大学,17,习近平法治思想;行政审判;法治一体建设;社会主义法治体系,诉讼法学,诉讼法学,诉讼法学,诉讼法学,诉讼法学,,1201,yes
1202,法学研究,2015,0,4,以审判为中心的刑事诉讼制度改革,魏晓娜[1],[1]中国人民大学刑事法律科学研究中心,19,诉讼阶段;以审判为中心;侦查案卷;以庭审为中心;对质权,刑法学,刑法学,刑法学,刑法学,刑法学,,1202,yes
1203,法学研究,2015,0,3,以房抵债协议的法理分析——《最高人民法院公报》载“朱俊芳案”评释,陆青[1],[1]浙江大学光华法学院,20,以房抵债;流押条款;让与担保;代物清偿;变相高利贷,民商法学,民商法学,民商法学,民商法学,民商法学,,1203,yes
1204,法学研究,2020,42,3,以罪名为讨论平台的反思与纠正,丁胜明[1],[1]西南政法大学,17,罪名;犯罪构成;罪数论;错误论,数字法学,刑法学,刑法学,民商法学,刑法学,,1204,yes
1205,法学研究,2024,046,3,以鉴代侦：电子数据司法鉴定的扩张趋势及其制度回应,陈如超[1],[1]西南政法大学刑事侦查学院,17,电子数据;司法鉴定;侦查;以鉴代侦,数字法学,诉讼法学,诉讼法学,诉讼法学,诉讼法学,,1205,yes
1206,法学研究,2023,045,2,仲裁协议主观范围理论的重构,陈杭平[1],[1]清华大学法学院,18,仲裁协议;主观范围;意思表示;书面方式;程序选择,诉讼法学,诉讼法学,诉讼法学,诉讼法学,诉讼法学,,1206,yes
1207,法学研究,2023,045,4,价格行为规制的法理逻辑——基于整体价格法秩序的视角,刘凯[1],[1]华南理工大学法学院,17,价格行为;价格法;哄抬物价;低价倾销;价格欺诈;比例原则,经济法学,经济法学,经济法学,经济法学,经济法学,,1207,yes
1208,法学研究,2019,,3,优先股与普通股的利益分配,,基于信义义务的制度方法-潘林-山东大学法学院,,,民商法学,民商法学,民商法学,民商法学,民商法学,,1208,yes
1209,法学研究,2023,045,1,住房反向抵押的制度反思与规范构建,程威[1],[1]华东政法大学经济法学院,19,以房养老;反向抵押;信息披露;成年监护;担保债权,民商法学,民商法学,民商法学,民商法学,民商法学,,1209,yes
1210,法学研究,2016,38,6,体系化视角下的意定代理权来源,尹飞,中央财经大学法学院教授,21,意定代理;代理权来源;职务代理,民商法学,民商法学,民商法学,民商法学,民商法学,,1210,yes
1211,法学研究,2022,044,5,作为个人信息跨境传输监管工具的标准合同条款,金晶[1],[1]中国政法大学民商经济法学院,18,个人信息;跨境传输;标准合同条款;利益第三人合同;比例原则,数字法学,民商法学,民商法学,民商法学,民商法学,,1211,yes
1212,法学研究,2022,044,5,作为规范的技术标准及其与法律的关系,"陈伟[1,2]",[1]华东政法大学刑事法学院;[2]华东政法大学中国环境犯罪治理研究中心,17,技术标准;合理定型;强制性标准;合规抗辩;环境标准,环境与资源保护法学,环境与资源保护法学,环境与资源保护法学,环境与资源保护法学,环境与资源保护法学,,1212,yes
1213,法学研究,2018,40,5,作品名称的多重功能与多元保护——兼评反不正当竞争法第6条第3项,彭学龙[1],[1]中南财经政法大学知识产权研究中心,21,作品名称;标题权;商标权;商品化权;反不正当竞争法,知识产权法学,民商法学,知识产权法学,知识产权法学,知识产权法学,,1213,yes
1214,法学研究,2015,0,2,依法律行政原理的移植与嬗变,王贵松[1],[1]中国人民大学法学院,19,法治国家;依法律行政;依法行政;法律保留,宪法学与行政法学,宪法学与行政法学,宪法学与行政法学,宪法学与行政法学,宪法学与行政法学,,1214,yes
1215,法学研究,2015,0,4,依法治国与深化司法体制改革法官责任制度的三种模式,陈瑞华[1],[1]北京大学法学院,20,法官责任制度;结果责任;程序责任;办案责任;职业伦理责任,诉讼法学,诉讼法学,诉讼法学,诉讼法学,诉讼法学,,1215,yes
1216,法学研究,2016,38,6,依规治党与依法治国的关系,王若磊,中共中央党校政法部副教授,12,依规治党;依法治国;党内法规;从严治党;政党与法治,党内法规学,宪法学与行政法学,党内法规学,党内法规学,党内法规学,,1216,yes
1217,法学研究,2015,0,6,侦查讯问录音录像制度的功能定位及发展路径,董坤[1],[1]最高人民检察院检察理论研究所,18,侦查讯问录音录像;权利保障模式;权力主导模式,诉讼法学,诉讼法学,诉讼法学,诉讼法学,诉讼法学,,1217,yes
1218,法学研究,2015,0,3,侵害人视角下的正当防卫论,陈璇[1],[1]中国人民大学法学院,19,正当防卫;法益的值得保护性;防卫限度;自招防卫,刑法学,刑法学,刑法学,刑法学,刑法学,,1218,yes
1219,法学研究,2024,046,2,侵权责任与隐私权——责任人和行为人分离情形下的考量,窦海阳[1],[1]中国社会科学院法学研究所,20,隐私权;监护人责任;用人单位责任;学校责任;安全保障责任,数字法学,民商法学,民商法学,民商法学,民商法学,,1219,yes
1220,法学研究,2022,044,3,侵权赔偿体现知识产权价值的民法原理,李承亮[1],[1]武汉大学法学院,16,价值赔偿;许可使用费;可得利益损失;不当得利返还;得利返还型赔偿,知识产权法学,民商法学,知识产权法学,知识产权法学,知识产权法学,,1220,yes
1221,法学研究,2018,40,2,侵犯公民个人信息罪“情节严重”的法理重述,石聚航[1],[1]南昌大学法学院,14,侵犯公民个人信息罪；情节严重；混合认定模式,数字法学,民商法学,刑法学,刑法学,刑法学,,1221,yes
1222,法学研究,2023,045,3,促进人与自然和谐共生的中国式法律协同观,张璐[1],[1]华东政法大学经济法学院,17,中国式现代化;人与自然和谐共生;生态利益;党内法规;环境司法,环境与资源保护法学,环境与资源保护法学,环境与资源保护法学,环境与资源保护法学,环境与资源保护法学,,1222,yes
1223,法学研究,2022,044,6,保底信托效力认定的类型化,吴至诚[1],[1]中国人民大学民商事法律科学研究中心,19,结构化信托;保底条款;刚性兑付;系统性风险;法律行为,法学理论,法学理论,法学理论,法学理论,法学理论,,1223,yes
1224,法学研究,2022,044,6,保理法的再体系化,李宇[1],[1]上海财经大学法学院,20,保理;债权让与;有追索权保理;无追索权保理;让与担保,民商法学,民商法学,民商法学,民商法学,民商法学,,1224,yes
1225,法学研究,2015,0,3,保险人明确说明义务批判,马宁[1],[1]西北政法大学,18,保险合同;免责条款;说明义务;制度成本;意思自治,民商法学,民商法学,民商法学,民商法学,民商法学,,1225,yes
1226,法学研究,2017,39,1,保险法上如实告知义务之新检视,李飞,南京师范大学法学院,17,保险消费者保护;对价平衡;如实告知义务;保险合同,民商法学,民商法学,民商法学,民商法学,民商法学,,1226,yes
1227,法学研究,2017,39,6,保险法因果关系判定的规则体系,武亦文,武汉大学法学院,17,保险法 因果关系 近因规则 保险责任,刑法学,刑法学,刑法学,刑法学,刑法学,,1227,yes
1228,法学研究,2021,43,6,保险法安全维护义务的体系定位与规则重塑,马宁[1],[1]苏州大学王健法学院,19,风险治理;安全维护义务;解除合同;保险责任;比例责任,民商法学,民商法学,民商法学,民商法学,民商法学,,1228,yes
1229,法学研究,2017,39,6,保障房租赁与买卖法律关系的性质,凌维慈,华东师范大学法学院,13,保障房 给付行政 双阶理论 行政协议,宪法学与行政法学,宪法学与行政法学,宪法学与行政法学,宪法学与行政法学,宪法学与行政法学,,1229,yes
1230,法学研究,2017,39,6,信息网络传播权及其与广播权的界限,刘银良,北京大学法学院,18,信息网络传播权 广播权 向公众提供权 向公众传播权,数字法学,民商法学,民商法学,民商法学,民商法学,,1230,yes
1231,法学研究,2016,38,3,信息网络传播行为的认定,刘文杰,中国传媒大学文法学部,18,信息网络传播行为;服务器标准;用户感知标准;加框链接;网页源代码,数字法学,民商法学,民商法学,民商法学,民商法学,,1231,yes
1232,法学研究,2023,045,3,信托受托人忠实义务的功能诠释与规范重塑,杨秋宇[1],[1]西南财经大学法学院,19,信义义务;忠实义务;禁止利益冲突;自我交易;公平交易,民商法学,民商法学,民商法学,民商法学,民商法学,,1232,yes
1233,法学研究,2023,045,6,信用惩戒适用行为人责任的法理及其限度,伏创宇[1],[1]中国社会科学院大学法学院,16,社会信用体系;信用惩戒;行政处罚;行为人责任;失信,宪法学与行政法学,宪法学与行政法学,宪法学与行政法学,宪法学与行政法学,宪法学与行政法学,,1233,yes
1234,法学研究,2018,40,1,受贿犯罪的保护法益,张明楷,清华大学法学院,21,受贿犯罪 保护法益 职务行为的公正性 职务行为的不可收买性,刑法学,刑法学,刑法学,刑法学,刑法学,,1234,yes
1235,法学研究,2017,39,3,修复生态环境责任的实证解析,吕忠梅[1];窦海阳[2],[1]政协第十二届全国委员会社会和法制委员会;[2]中国社会科学院法学研究所,18,民事责任;生态环境损害;恢复原状;民法总则,环境与资源保护法学,环境与资源保护法学,环境与资源保护法学,环境与资源保护法学,环境与资源保护法学,,1235,yes
1236,法学研究,2024,046,6,修正普及主义视域下跨境破产的本土选择,郭帅[1],[1]中国政法大学国际法学院,22,跨境破产;修正普及主义;管辖权;法律适用;承认与协助;企业破产法,国际法学,国际法学,国际法学,国际法学,国际法学,,1236,yes
1237,法学研究,2022,044,3,债务清理上破产法与执行法的关系,何欢[1],[1]上海财经大学法学院,18,债务清理;破产申请;参与分配;强制执行;执行转破产,诉讼法学,诉讼法学,诉讼法学,诉讼法学,诉讼法学,,1237,yes
1238,法学研究,2024,046,2,债权人代位权的类型化构造,俞彦韬[1],[1]华东政法大学,21,债权人代位权;债权回收;责任财产保全;特定债权保全;保存行为代位,民商法学,民商法学,民商法学,民商法学,民商法学,,1238,yes
1239,法学研究,2023,045,4,债权多重让与的体系解释,方新军[1],[1]苏州大学王健法学院,19,债权多重让与;保理合同;担保统一登记;债权让与通知;比例受偿,民商法学,民商法学,民商法学,民商法学,民商法学,,1239,yes
1240,法学研究,2022,044,4,债法总则消亡史,朱庆育[1],[1]南京大学法学院,21,债法总则;民事责任;民法典;合同编;侵权责任编,民商法学,民商法学,民商法学,民商法学,民商法学,,1240,yes
1241,法学研究,2018,40,4,先签合同与后续合同的关系及其解释,崔建远[1],[1]清华大学法学院,14,先签合同;后续合同;主从关系;变更;交易的整体解释,民商法学,民商法学,民商法学,民商法学,民商法学,,1241,yes
1242,法学研究,2017,39,6,免除刑罚制度的比较考察,曾文科,中国政法大学,18,免除刑罚 刑罚免除事由 缓和制裁 强化制裁,刑法学,刑法学,刑法学,刑法学,刑法学,,1242,yes
1243,法学研究,2021,43,6,党内法规体系的形成与完善,孟涛[1],[1]中国人民大学法学院,17,党内法规;党的制度建设;依规治党;国家法律,党内法规学,宪法学与行政法学,党内法规学,党内法规学,党内法规学,,1243,yes
1244,法学研究,2017,39,4,党政体制如何塑造基层执法,陈柏峰,中南财经政法大学法学院,18,基层执法;党政体制;条块治理;政治伦理,宪法学与行政法学,宪法学与行政法学,宪法学与行政法学,宪法学与行政法学,宪法学与行政法学,,1244,yes
1245,法学研究,2021,43,1,党政联合发文的制度逻辑及其规范化问题,封丽霞,中共中央党校(国家行政学院)政治和法律教研部,17,党政联合发文;党内法规;党领导立法;中国特色社会主义法治;国家治理体系,党内法规学,宪法学与行政法学,党内法规学,党内法规学,党内法规学,,1245,yes
1246,法学研究,2017,39,1,党管政法：党与政法关系的演进,周尚君,西南政法大学行政法学院,13,政法领导体制;党管政法;党与政法关系,党内法规学,宪法学与行政法学,党内法规学,党内法规学,党内法规学,,1246,yes
1247,法学研究,2022,044,3,全国人大常委会宪法地位的历史变迁与体系展开,钱坤[1],[1]中国人民大学法学院,19,全国人大常委会;国家权力机关;立法权;宪法解释;合宪性审查,宪法学与行政法学,宪法学与行政法学,宪法学与行政法学,宪法学与行政法学,宪法学与行政法学,,1247,yes
1248,法学研究,2016,38,6,全案移送背景下控方卷宗笔录在审判阶段的使用,孙远,中国青年政治学院法学院副教授,20,全案移送;预断排除;庭前审查;庭前准备;直接审理,诉讼法学,诉讼法学,诉讼法学,诉讼法学,诉讼法学,,1248,yes
1249,法学研究,2021,43,6,全球知识产权治理博弈的深层话语构造:中国范式和中国路径,邵科[1],[1]南京大学法学院,21,全球知识产权治理;知识公域;理念框定;中国范式;中国路径,知识产权法学,民商法学,知识产权法学,知识产权法学,知识产权法学,,1249,yes
1250,法学研究,2020,42,5,全球金融治理的合法性困局及其应对,"廖凡[1,2]",[1]中国社会科学院国际合作局;[2]最高人民法院“一带一路”司法研究基地,18,全球金融治理;二十国集团;软法;全球金融法;多边主义,法学理论,法学理论,法学理论,法学理论,法学理论,,1250,yes
1251,法学研究,2022,044,3,全过程人民民主的法治向度阐析,胡玉鸿[1],[1]华东政法大学人权研究院、习近平法治思想研究中心,16,全过程人民民主;持续民主;真实民主;广泛民主;协商民主,党内法规学,宪法学与行政法学,党内法规学,党内法规学,党内法规学,,1251,yes
1252,法学研究,2021,43,3,全面依法治国与第三方评估制度的完善,周汉华,中国社会科学院法学研究所,17,第三方评估;依法治国;数据治理;法治范式,数字法学,法学理论,法学理论,民商法学,民商法学,,1252,yes
1253,法学研究,2017,39,3,全面依法治国背景下的刑事公诉,孙谦,最高人民检察院,21,依法治国;刑事公诉;司法改革;公诉理念,刑法学,刑法学,刑法学,刑法学,刑法学,,1253,yes
1254,法学研究,2016,38,3,八二宪法土地条款：一个原旨主义的解释,彭錞,北京大学法学院,17,土地公有制;宪法土地条款;土地流转;原旨主义,环境与资源保护法学,环境与资源保护法学,环境与资源保护法学,环境与资源保护法学,环境与资源保护法学,,1254,yes
1255,法学研究,2018,40,1,公众意见影响法官决策的理论和实验分析,陈林林,浙江工商大学,18,公众意见 法官决策 判决说理 影响性案件 法官思维模式,诉讼法学,诉讼法学,诉讼法学,诉讼法学,诉讼法学,1255-1256,1255,yes
1256,法学研究,2018,,1,公众意见影响法官决策的理论和实验分析,陈林林,浙江工商大学,,,诉讼法学,诉讼法学,诉讼法学,诉讼法学,诉讼法学,1255-1256,1255,no
1257,法学研究,2021,43,4,公共性视角下的互联网平台反垄断规制,张晨颖[1],[1]清华大学法学院,22,互联网平台;反垄断;公共性;竞争性义务;公共性滥用,数字法学,经济法学,经济法学,经济法学,经济法学,,1257,yes
1258,法学研究,2019,41,5,公司代表越权担保的制度逻辑解析以公司法第16条第1款为中心,邹海林[1],[1]中国社会科学院法学研究所,20,公司担保;公司代表;越权行为;相对人;抗辩权,民商法学,民商法学,民商法学,民商法学,民商法学,,1258,yes
1259,法学研究,2021,43,3,公司债券非公开发行的规范模式,叶林,中国人民大学民商事法律科学研究中心,16,公司债券;非公开发行;私募;非法集资;注册制,民商法学,民商法学,民商法学,民商法学,民商法学,,1259,yes
1260,法学研究,2020,42,3,公司决议瑕疵立法的范式转换与体系重构,丁勇[1],[1]华东政法大学,20,决议瑕疵;股东诉讼;溯及力;比例原则;公司安定,民商法学,民商法学,民商法学,民商法学,民商法学,,1260,yes
1261,法学研究,2024,046,1,公司分配视角下的股东身份从属债权劣后受偿,何欢[1],[1]上海财经大学法学院,19,公司分配;资本维持;偿债能力;劣后债权;对赌协议,民商法学,民商法学,民商法学,民商法学,民商法学,,1261,yes
1262,法学研究,2018,40,1,公司属人法的确定：真实本座主义的未来,邢钢,北京师范大学法学院,21,公司属人法 真实本座主义 内部事务主义 涉外民事关系法律适用法,民商法学,民商法学,民商法学,民商法学,民商法学,,1262,yes
1263,法学研究,2025,000,2,公司挤出合并下异议股东回购请求权的功能定位,耿利航[1],[1]中国政法大学民商经济法学院,20,挤出合并;现金合并;简易合并;异议股东;股份回购,民商法学,民商法学,民商法学,民商法学,民商法学,,1263,yes
1264,法学研究,2022,044,2,公司机会规则的反思与体系建构,袁崇霖[1],[1]清华大学法学院,19,公司机会;公司利益;忠实义务;识别规则;抗辩规则,法学理论,法学理论,法学理论,法学理论,法学理论,,1264,yes
1265,法学研究,2020,42,4,公司治理中的控股股东及其法律规制,赵旭东[1],[1]中国政法大学,17,公司治理;控股股东;权利滥用;资本多数决;信义义务,民商法学,民商法学,民商法学,民商法学,民商法学,,1265,yes
1266,法学研究,2024,046,3,公司法上社会责任条款司法化的逻辑与再塑,吴维锭[1],[1]中国人民大学法学院,17,公司社会责任;公司利益;利益相关者;信义义务;违信责任,民商法学,民商法学,民商法学,民商法学,民商法学,,1266,yes
1267,法学研究,2019,41,2,公司融资语境下股与债的界分,许德风[1],[1]北京大学法学院,21,股权;债权;企业融资;明股实债;公司重整,民商法学,民商法学,民商法学,民商法学,民商法学,,1267,yes
1268,法学研究,2021,43,1,公司资本制度的后端改革与偿债能力测试的借鉴,"朱慈蕴[1,2];皮正德[2]",[1]深圳大学法学院;[2]清华大学法学院,17,偿债能力测试;资本维持原则;资本制度;公司分配;债权人保护,民商法学,民商法学,民商法学,民商法学,民商法学,,1268,yes
1269,法学研究,2015,0,2,公民参与司法：理论、实践及改革——以刑事司法为中心的考察,陈卫东[1],[1]中国人民大学法学院,23,司法改革;公民参与司法;“依靠群众”原则;刑事司法,刑法学,刑法学,刑法学,刑法学,刑法学,,1269,yes
1270,法学研究,2017,39,2,公法上警察概念的变迁,陈鹏,厦门大学法学院,17,警察权;警察行政;秩序行政;警察法;警察学,宪法学与行政法学,宪法学与行政法学,宪法学与行政法学,宪法学与行政法学,宪法学与行政法学,,1270,yes
1271,法学研究,2020,42,2,公私法协动视野下生态环境损害赔偿的理论构成,"冯洁语[1,2]",[1]南京大学法学院;[2]南京大学中德法学研究所,21,生态环境损害;环境权;损害;恢复原状,环境与资源保护法学,环境与资源保护法学,环境与资源保护法学,环境与资源保护法学,环境与资源保护法学,,1271,yes
1272,法学研究,2020,42,3,公章抗辩的类型与处理,陈甦[1],[1]中国社会科学院法学研究所,22,公章;公章抗辩;权利外观;表见代理;表见代表,民商法学,民商法学,民商法学,民商法学,民商法学,,1272,yes
1273,法学研究,2020,42,1,共犯人关系的再思考,张明楷[1],[1]清华大学法学院,20,共犯人;主犯;共同正犯;教唆犯,刑法学,刑法学,刑法学,刑法学,刑法学,,1273,yes
1274,法学研究,2021,43,1,关联交易规制的世行范式评析与中国范式重构,汪青松,"重庆市人文社科重点研究基地""市场交易法律制度研究基地"";西南政法大学民商法学院",17,营商环境;投资者保护;关联交易;公司集团;公共执法,经济法学,经济法学,经济法学,经济法学,经济法学,,1274,yes
1275,法学研究,2015,0,3,关联性要素与地理标志法的构造,王笑冰[1],[1]山东大学法学院,20,地理标志;原产地名称;关联性;商标法;不正当竞争法,知识产权法学,民商法学,知识产权法学,知识产权法学,知识产权法学,,1275,yes
1276,法学研究,2018,40,6,关键信息基础设施保护的合作治理,陈越峰[1],[1]华东政法大学法律学院,19,关键信息基础设施;网络安全;政府规制;风险治理;合作行政,数字法学,宪法学与行政法学,宪法学与行政法学,宪法学与行政法学,宪法学与行政法学,,1276,yes
1277,法学研究,2015,0,5,具体的打击错误：从故意认定到故意归责,欧阳本祺,东南大学法学院,18,具体的打击错误;法定符合说;具体符合说;故意认定;故意归责,刑法学,刑法学,刑法学,刑法学,刑法学,,1277,yes
1278,法学研究,2023,045,1,养老机构人身损害赔偿责任之过错认定,徐银波[1],[1]西南政法大学,17,人身损害;养老服务合同;过错认定的客观化;事实自证,民商法学,民商法学,民商法学,民商法学,民商法学,,1278,yes
1279,法学研究,2025,047,1,内地与香港继承判决流通制度的构建,张淑钿[1],[1]深圳大学法学院,18,区际私法;继承判决;判决认可和执行;判决流通,诉讼法学,诉讼法学,诉讼法学,诉讼法学,诉讼法学,,1279,yes
1280,法学研究,2023,045,5,再法典化背景下我国刑法犯罪法律后果体系的完善,刘仁文[1],[1]中国社会科学院法学研究所,18,法典化;犯罪法律后果;刑罚;保安处分;刑罚易科,刑法学,刑法学,刑法学,刑法学,刑法学,,1280,yes
1281,法学研究,2016,38,4,再现型摄影作品之著作权认定,马一德,中南财经政法大学知识产权研究中心研究员,15,再现型摄影作品;独创性;异体复制;时事新闻,知识产权法学,民商法学,知识产权法学,知识产权法学,知识产权法学,,1281,yes
1282,法学研究,2016,38,3,农村土地“三权分置”的法理阐释与制度意蕴,高飞,广东外语外贸大学土地法制研究院,17,两权分离;三权分置;集体土地所有权;成员权;农地使用权,环境与资源保护法学,环境与资源保护法学,环境与资源保护法学,环境与资源保护法学,环境与资源保护法学,,1282,yes
1283,法学研究,2019,41,5,农村土地承包法修改后的承包地法权配置,"高圣平[1,2]",[1]中国人民大学民商事法律科学研究中心;[2]中国人民大学法学院,19,农村基本经营制度;三权分置;土地承包经营权;土地经营权,环境与资源保护法学,环境与资源保护法学,环境与资源保护法学,环境与资源保护法学,环境与资源保护法学,,1283,yes
1284,法学研究,2022,044,3,农村集体经济组织法构众说窥略——有关农村集体经济组织法律形式变革的稿件编后感,陈甦[1],[1]中国社会科学院法学研究所,10,,民商法学,民商法学,民商法学,民商法学,民商法学,,1284,yes
1285,法学研究,2022,044,3,农民集体与农村集体经济组织关系之二元论,高海[1],[1]安徽财经大学法学院,18,农民集体;农村集体经济组织;集体资产股份;股份经济合作社,民商法学,民商法学,民商法学,民商法学,民商法学,,1285,yes
1286,法学研究,2022,044,3,农民集体成员的集体资产股份权,韩松[1],[1]西北政法大学民商法学院,18,农村集体产权改革;农民集体所有权;农民集体成员;集体资产股份权,环境与资源保护法学,环境与资源保护法学,环境与资源保护法学,环境与资源保护法学,环境与资源保护法学,,1286,yes
1287,法学研究,2015,0,4,决议行为效力规则之构造,徐银波[1],[1]西南政法大学,20,决议;社团自治;效力规则,民商法学,民商法学,民商法学,民商法学,民商法学,,1287,yes
1288,法学研究,2015,0,5,准抽象危险犯概念之提倡,陈洪兵[1],[1]南京师范大学法学院,16,具体危险犯;抽象危险犯;准抽象危险犯,刑法学,刑法学,刑法学,刑法学,刑法学,,1288,yes
1289,法学研究,2015,0,5,分段审查抑或归口审查：羁押必要性审查的改革逻辑,林喜芬[1],[1]上海交通大学凯原法学院,20,羁押必要性审查;检察审查;分段审查;归口审查;司法生态,环境与资源保护法学,环境与资源保护法学,环境与资源保护法学,环境与资源保护法学,环境与资源保护法学,,1289,yes
1290,法学研究,2025,000,2,分级分类原则下监管标准的建构与运用,石肖雪[1],[1]苏州大学王健法学院,17,事中监管;监管标准;裁量基准;风险分级;分级分类原则,宪法学与行政法学,宪法学与行政法学,宪法学与行政法学,宪法学与行政法学,宪法学与行政法学,,1290,yes
1291,法学研究,2017,39,2,刑事印证证明新探,龙宗智,四川大学法学院,19,印证;证明模式;证明方法;融贯论;符合论,刑法学,刑法学,刑法学,刑法学,刑法学,,1291,yes
1292,法学研究,2024,,4,刑事司法公平正义感受的主观程序正义框架与测度——以2015,2023年全国调查数据为基础,吴洪淇-北京大学法学院,,,刑法学,刑法学,刑法学,刑法学,刑法学,,1292,yes
1293,法学研究,2016,38,5,刑事程序比例构造方法论探析,秦策,南京师范大学法学院,18,刑事诉讼构造;比例原则;比例构造;动态比例性调节,刑法学,刑法学,刑法学,刑法学,刑法学,,1293,yes
1294,法学研究,2017,39,6,刑事被告人答辩制度之构建,欧卫安,广州大学法学院,16,被告人答辩 罪状认否 有罪答辩 程序分流认罪认罚从宽,刑法学,刑法学,刑法学,刑法学,刑法学,,1294,yes
1295,法学研究,2019,41,4,刑事证据分布理论及其运用,冯俊伟[1],[1]山东大学法学院,17,证据分布;证据收集指引;类罪证据规则;证明标准,刑法学,刑法学,刑法学,刑法学,刑法学,,1295,yes
1296,法学研究,2019,41,4,刑事证据标准与证明标准之异同,熊晓彪[1],[1]吉林大学司法文明协同创新中心,18,证据标准;证明标准;要件证据;统一证据标准,刑法学,刑法学,刑法学,刑法学,刑法学,,1296,yes
1297,法学研究,2022,044,6,刑事证明标准的规范偏移与校正——从“刑事诉讼法解释”第140条切入,王星译[1],[1]华中科技大学法学院,17,证明标准;事实认定;间接证据;证据印证;自由心证,刑法学,刑法学,刑法学,刑法学,刑法学,,1297,yes
1298,法学研究,2022,044,4,刑事诉讼专门性证据的扩张与规制,吴洪淇[1],[1]北京大学法学院,17,证据审查;鉴定意见;专门性证据;专门性问题,刑法学,刑法学,刑法学,刑法学,刑法学,,1298,yes
1299,法学研究,2017,39,2,刑事诉讼中变更公诉的限度,周长军,山东大学法学院,22,变更公诉;审判对象;诉因;公诉事实的同一性,刑法学,刑法学,刑法学,刑法学,刑法学,,1299,yes
1300,法学研究,2024,046,6,刑事诉讼办案期限：功能变迁与诉讼化改造,董坤[1],[1]中国社会科学院法学研究所,19,刑事诉讼;办案期限;羁押期限;期限管理;控权保民,刑法学,刑法学,刑法学,刑法学,刑法学,,1300,yes
1301,法学研究,2025,047,3,刑事诉讼时间规范的理论逻辑与制度改良,郭晶[1],[1]中国人民公安大学法学院,20,合理期间;强制处分;追诉时效;时限规则;速审原则,刑法学,刑法学,刑法学,刑法学,刑法学,,1301,yes
1302,法学研究,2017,39,4,刑事诉讼法中的侦查概括条款,艾明,西南政法大,18,侦查概括条款;特别授权条款;法律保留原则;侦查程序自由形成原则,刑法学,刑法学,刑法学,刑法学,刑法学,,1302,yes
1303,法学研究,2020,42,3,刑事诉讼法时间效力规则研究,聂友伦[1],[1]中国人民大学刑事法律科学研究中心,16,程序从新;法律即行适用;法不溯及既往;信赖保护,刑法学,刑法学,刑法学,刑法学,刑法学,,1303,yes
1304,法学研究,2019,,3,刑事辩护率：差异化及其经济因素分析,,以四川省2015-2016年一审判决书为样本-左卫民-四川大学法学院,,,刑法学,刑法学,刑法学,刑法学,刑法学,,1304,yes
1305,法学研究,2017,39,5,刑事速裁程序试点实效检验——基于12666份速裁案件裁判文书的实证分析,李本森,中国政法大学诉讼法学研究院,21,刑事速裁程序 裁判文书 实证分析,刑法学,刑法学,刑法学,刑法学,刑法学,,1305,yes
1306,法学研究,2016,38,3,刑事隐蔽性证据规则研究,秦宗文,南京大学法学院,19,隐蔽性证据;隐蔽性证据规则;口供;口供补强规则;虚假补强,刑法学,刑法学,刑法学,刑法学,刑法学,,1306,yes
1307,法学研究,2020,42,4,刑民交叉实体问题的解决路径——“法律效果论”之展开,陈少青[1],[1]对外经济贸易大学法学院,19,刑民交叉;违法论;法律效果论;法秩序统一性,刑法学,刑法学,刑法学,刑法学,刑法学,,1307,yes
1308,法学研究,2018,40,6,刑民交叉案件中的事实认定与证据使用,龙宗智[1],[1]四川大学法学院,18,刑民交叉;事实认定;预决效力;证据使用,刑法学,刑法学,刑法学,刑法学,刑法学,,1308,yes
1309,法学研究,2024,046,2,刑法上恶劣影响情节的经验考察与理论构建,郭旨龙[1],[1]中国政法大学刑事司法学院,17,恶劣影响;犯罪情节;情节严重;保护法益,刑法学,刑法学,刑法学,刑法学,刑法学,,1309,yes
1310,法学研究,2023,045,5,刑法中义务冲突的界定、类型与体系定位,张小宁[1],[1]上海政法学院上海司法研究所,17,义务冲突;义务位阶;法益衡量;紧急避险,刑法学,刑法学,刑法学,刑法学,刑法学,,1310,yes
1311,法学研究,2016,38,4,刑法体系的合宪性调控——以“李斯特鸿沟”为视角,张翔,中国人民大学法学院教授,20,罪刑法定;刑事政策;法益的宪法关联性;合宪性解释;比例原则,刑法学,刑法学,刑法学,刑法学,刑法学,,1311,yes
1312,法学研究,2017,39,1,刑法修正：维度、策略、评价与反思,梁根林,北京大学法学院,24,刑法修正;刑法结构;刑法立法模式;犯罪圈扩大,刑法学,刑法学,刑法学,刑法学,刑法学,,1312,yes
1313,法学研究,2015,0,2,刑法教义学研究的中国主体性,丁胜明[1],[1]西南政法大学法学院,14,刑法教义学;共犯理论;侵占罪;中国主体性,刑法学,刑法学,刑法学,刑法学,刑法学,,1313,yes
1314,法学研究,2021,43,2,"初查的行政执法化改革及其配套机制——以公安机关""行刑衔接""为视角",张泽涛,广州大学法学院,16,初查;行政执法;行刑衔接,刑法学,刑法学,刑法学,刑法学,刑法学,,1314,yes
1315,法学研究,2015,0,2,删而未除的“管辖错误”再审——基于2013年以来最高人民法院裁定书的分析,李浩[1],[1]南京师范大学法学院,18,2012年民事诉讼法;再审事由;管辖错误;管辖权异议,诉讼法学,诉讼法学,诉讼法学,诉讼法学,诉讼法学,,1315,yes
1316,法学研究,2018,40,2,判例自发性运用现象的生成与效应,顾培东[1],[1]四川大学法学院,21,判例自发运用；裁判文书上网；案例指导制度；司法改革,诉讼法学,诉讼法学,诉讼法学,诉讼法学,诉讼法学,,1316,yes
1317,法学研究,2017,39,6,利他型人寿保险中投保人与受益人的对价关系,岳卫,南京大学法学院,14,人寿保险金 对价关系 债权人撤销权 共同继承人,民商法学,民商法学,民商法学,民商法学,民商法学,,1317,yes
1318,法学研究,2025,047,1,制定法历史解释的论辩效力及其作用限度,杨知文[1],[1]华东政法大学法律学院,17,制定法;法律解释;历史解释;法律方法;法律适用,法学理论,法学理论,法学理论,法学理论,法学理论,,1318,yes
1319,法学研究,2020,42,6,功能主义视域下的行政协议,徐键[1],[1]上海财经大学法学院,16,行政协议;行政私法行为;高权行政;合作行政,民商法学,民商法学,民商法学,民商法学,民商法学,,1319,yes
1320,法学研究,2018,40,5,动产抵押的登记对抗原理,庄加园[1],[1]上海交通大学凯原法学院,19,登记对抗;动产抵押;声明登记制;善意第三人,民商法学,民商法学,民商法学,民商法学,民商法学,,1320,yes
1321,法学研究,2021,43,2,动产担保物权的默示延伸,庄加园,上海交通大学凯原法学院,20,浮动抵押;动产担保;担保物权延伸;默示担保约定;收益登记,民商法学,民商法学,民商法学,民商法学,民商法学,,1321,yes
1322,法学研究,2023,045,6,劳动关系认定的理论澄清与规范建构,朱军[1],[1]上海交通大学凯原法学院,20,劳动关系认定;丧失自主经营的可能;劳动从属性;劳动管理;工作时间,经济法学,民商法学,经济法学,经济法学,经济法学,,1322,yes
1323,法学研究,2017,39,2,劳动力市场灵活性与劳动合同法的修改,谢增毅,中国社会科学院法学研究所,18,劳动力市场;灵活性;劳动合同法;劳动法,民商法学,民商法学,民商法学,民商法学,民商法学,,1323,yes
1324,法学研究,2021,43,2,劳动基准法的范畴、规范结构与私法效力,沈建峰,中央财经大学法学院,19,劳动基准;强行法;私法效力;反射效力;双重效力,民商法学,民商法学,民商法学,民商法学,民商法学,,1324,yes
1325,法学研究,2020,42,4,劳动者社交媒体言论自由及其限制,谢增毅[1],[1]中国社会科学院法学研究所,16,劳动者;社交媒体;言论自由;忠实义务;互联网,法学理论,法学理论,法学理论,法学理论,法学理论,,1325,yes
1326,法学研究,2017,39,1,包需求合同的法理与适用,刘承韪,中国政法大学比较法学研究院,17,包需求合同;合同效力;履行;违约救济,民商法学,民商法学,民商法学,民商法学,民商法学,,1326,yes
1327,法学研究,2019,41,1,协助决定取代成年监护替代决定——兼论民法典婚姻家庭编监护与协助的增设,李霞[1],[1]华东政法大学,19,成年监护;协助决定;替代决定;行为能力;婚姻家庭编,民商法学,民商法学,民商法学,民商法学,民商法学,,1327,yes
1328,法学研究,2025,000,2,单位犯罪废止论,李立丰[1],[1]吉林大学理论法学研究中心,18,单位犯罪;道德否定评价;罪过原则;非刑罚处遇;共同犯罪,刑法学,刑法学,刑法学,刑法学,刑法学,,1328,yes
1329,法学研究,2022,044,5,原情与抑情：从“崔三过失杀父案”看清代中期的礼教与司法,姚宇[1],[1]中国社会科学院法学研究所,17,原情论罪;结果责任;清代司法;明刑弼教;正统性,法律史,法律史,法律史,法律史,法律史,,1329,yes
1330,法学研究,2024,046,6,反不正当竞争法一般条款的保护限度——以市场区分为视角,刘建臣[1],[1]山东大学法学院,18,不正当竞争;一般条款;利益衡量;竞争秩序;附属市场,经济法学,经济法学,经济法学,经济法学,经济法学,,1330,yes
1331,法学研究,2016,38,2,反不正当竞争法一般条款的司法适用模式,吴峻,中国社会科学院法学研究所,20,反不正当竞争法;一般条款;适用模式;具体化,经济法学,经济法学,经济法学,经济法学,经济法学,,1331,yes
1332,法学研究,2022,044,2,反不正当竞争法架构下的区别性原则,吴峻[1],[1]中国社会科学院法学研究所,18,编辑控制;区别性原则;商业信息;编辑处理内容;虚假信息,经济法学,经济法学,经济法学,经济法学,经济法学,,1332,yes
1333,法学研究,2016,38,2,反思财产法制建设中的“事前研究”方法,冉昊,中国社会科学院法学研究所,19,对物权;权利束;事前研究;信息成本;法经济学,民商法学,民商法学,民商法学,民商法学,民商法学,,1333,yes
1334,法学研究,2018,40,1,受害人特殊体质与损害赔偿责任的减轻——最高人民法院第24号指导案例评析,程啸,清华大学法学院,20,损害赔偿 特殊体质 因果关系 受害人过错 过失相抵,刑法学,刑法学,刑法学,刑法学,刑法学,,1334,yes
1335,法学研究,2017,39,1,受贿犯罪保护法益与刑法第388条的解释,黎宏,清华大学法学院,14,受贿罪;斡旋受贿;职务行为的公正性;类似教唆犯,刑法学,刑法学,刑法学,刑法学,刑法学,,1335,yes
1336,法学研究,2018,,1,受贿犯罪的保护法益,张明楷,清华大学法学院,,,刑法学,刑法学,刑法学,刑法学,刑法学,,1336,yes
1337,法学研究,2018,,1,受贿犯罪的保护法益,张明楷,清华大学法学院,,,刑法学,刑法学,刑法学,刑法学,刑法学,,1337,yes
1338,法学研究,2023,045,5,司法“去地方化”改革反思,丁亮华[1],[1]中南大学法学院,18,司法改革;省级统管;跨行政区划法院;司法管辖;司法地方保护主义,诉讼法学,诉讼法学,诉讼法学,诉讼法学,诉讼法学,,1338,yes
1339,法学研究,2020,42,4,司法人工智能的重塑效应及其限度,马长山[1],[1]华东政法大学,18,司法人工智能;可视正义;数字正义;智慧司法,数字法学,诉讼法学,诉讼法学,诉讼法学,诉讼法学,,1339,yes
1340,法学研究,2015,0,3,司法判决中的词典释义,陈林林;王云清,浙江大学光华法学院,16,词典释义;文义解释;司法裁量;法律适用,法学理论,法学理论,法学理论,法学理论,法学理论,,1340,yes
1341,法学研究,2020,42,1,司法审查中的滥用职权标准——以最高人民法院公报案例为观察对象,周佑勇[1],[1]中共中央党校(国家行政学院)政治与法律教研部,15,滥用职权;司法审查;行政裁量;功能主义;裁量基准,民商法学,民商法学,民商法学,民商法学,民商法学,,1341,yes
1342,法学研究,2017,39,4,司法解散公司事由的实证研究,李建伟,中国政法大学民商经济法学院,21,司法解散公司;公司僵局;股东压制;不公平损害;信义义务,民商法学,民商法学,民商法学,民商法学,民商法学,,1342,yes
1343,法学研究,2024,046,6,司法解释性质文件备案审查的困局与出路,聂友伦[1],[1]华东师范大学法学院,16,司法解释;司法解释性质文件;备案审查;立法监督;宪法实施,宪法学与行政法学,宪法学与行政法学,宪法学与行政法学,宪法学与行政法学,宪法学与行政法学,,1343,yes
1344,法学研究,2016,38,1,司法鉴定管理体制改革的方向与逻辑,陈如超,西南政法大学刑事侦查学院,22,司法鉴定;鉴定管理体制;鉴定机构;鉴定人,诉讼法学,诉讼法学,诉讼法学,诉讼法学,诉讼法学,,1344,yes
1345,法学研究,2021,43,2,合作治理语境下的法治化营商环境建设,石佑启;陈可翔,广东外语外贸大学法学院,19,营商环境;优化营商环境;合作治理;包容性治理,经济法学,经济法学,经济法学,经济法学,经济法学,,1345,yes
1346,法学研究,2024,046,6,合同内容的证明责任分配,胡东海[1],[1]中南财经政法大学法学院,16,合同内容;必要条款;非必要条款;规范说;证明责任分配,诉讼法学,诉讼法学,诉讼法学,诉讼法学,诉讼法学,,1346,yes
1347,法学研究,2022,044,5,合同形式主义的演进及其影响———消费者保护的视角,高庆凯[1],[1]上海师范大学哲学与法政学院,19,合同形式;诺成主义;意思表示;现代形式;消费者保护,民商法学,民商法学,民商法学,民商法学,民商法学,,1347,yes
1348,法学研究,2019,41,6,合宪性审查制度的中国道路与功能展开,李忠夏[1],[1]山东大学法学院,15,议行关系;议行合一;功能适当;民主集中制;合宪性审查,宪法学与行政法学,宪法学与行政法学,宪法学与行政法学,宪法学与行政法学,宪法学与行政法学,,1348,yes
1349,法学研究,2020,42,5,合宪性视角下的成片开发征收及其标准认定,程雪阳[1],[1]苏州大学王健法学院,15,成片开发征收;公共利益;交易成本;合宪性;实体标准,宪法学与行政法学,宪法学与行政法学,宪法学与行政法学,宪法学与行政法学,宪法学与行政法学,,1349,yes
1350,法学研究,2016,38,6,合宪性解释在我国法院的实践,杜强强,首都师范大学政法学院副教授,19,合宪性解释;漏洞填补;个案正义;违宪判断,宪法学与行政法学,宪法学与行政法学,宪法学与行政法学,宪法学与行政法学,宪法学与行政法学,,1350,yes
1351,法学研究,2020,42,6,合意式刑事诉讼论,王新清[1],[1]中国社会科学院大学,18,合意式刑事诉讼;对抗式刑事诉讼;认罪认罚从宽,刑法学,刑法学,刑法学,刑法学,刑法学,,1351,yes
1352,法学研究,2017,39,6,周秦两汉法律“布之于民”考论,徐燕斌,武汉理工大学文法学院,15,出土文献 法律公布 权量,法律史,法律史,法律史,法律史,法律史,,1352,yes
1353,法学研究,2024,046,3,唐代笔记所载灵异案件反映的法律文化,赵晶[1],[1]中国政法大学法律古籍研究所,16,唐代笔记;法律文化;灵异;邪不胜正,法律史,法律史,法律史,法律史,法律史,,1353,yes
1354,法学研究,2022,44,1,唐以前盗罪之变迁研究,朱腾[1],[1]中国人民大学法学院,18,盗罪;计赃定罪;与盗同法;群盗;取非其物,法律史,法律史,法律史,法律史,法律史,,1354,yes
1355,法学研究,2017,39,3,唐律中的“余条准此”考辨,刘晓林,吉林大学法学院,13,《唐律疏议》;余条准此;通则性规范,法律史,法律史,法律史,法律史,法律史,,1355,yes
1356,法学研究,2022,044,4,"商标""显著特征""之内涵重释",谢晴川[1],[1]南开大学法学院,19,显著特征;来源识别性;显著性;公有领域,知识产权法学,民商法学,知识产权法学,知识产权法学,知识产权法学,,1356,yes
1357,法学研究,2018,40,6,商标保护与市场竞争关系之反思与修正,章凯业[1],[1]清华大学法学院,17,商标;市场力量;权利限制;合理使用,知识产权法学,民商法学,知识产权法学,知识产权法学,知识产权法学,,1357,yes
1358,法学研究,2023,045,5,商标法法律事实确定的语境论方法,王太平[1],[1]华东政法大学知识产权学院,18,语境论;商标性使用;商标显著性;多因素测试法,知识产权法学,民商法学,知识产权法学,知识产权法学,知识产权法学,,1358,yes
1359,法学研究,2016,38,4,善终、凶死与杀人偿命——中国人死刑观念的文化阐释,尚海明,西南政法大学人权研究院讲师,18,善终;凶死;杀人偿命;死刑观念;文化阐释,法律史,法律史,法律史,法律史,法律史,,1359,yes
1360,法学研究,2021,43,5,嗣后财产灭失、相反行为与遗嘱效力,刘征峰[1],[1]中南财经政法大学法学院,19,相反行为;特定财产;遗嘱撤回,民商法学,民商法学,民商法学,民商法学,民商法学,,1360,yes
1361,法学研究,2015,0,4,四级两审制的发生和演化,刘忠,上海同济大学法学院,18,审判体制改革;四级两审制;司法与政治,诉讼法学,诉讼法学,诉讼法学,诉讼法学,诉讼法学,,1361,yes
1362,法学研究,2022,44,1,回归法律规范:刑事值班律师制度适用问题再反思,贾志强[1],[1]吉林大学法学院,15,值班律师;介入案件;阅卷权;认罪认罚从宽,刑法学,刑法学,刑法学,刑法学,刑法学,,1362,yes
1363,法学研究,2022,44,1,因果关系错误问题及其应对——以行为危险现实化说的再阐释为中心,黎宏[1],[1]清华大学法学院,16,因果关系错误;条件说;相当因果关系;客观归责;行为危险现实化,刑法学,刑法学,刑法学,刑法学,刑法学,,1363,yes
1364,法学研究,2023,045,1,因果力比较规则的刑法理论构造,蒋太珂[1],[1]华东政法大学刑事法学院,17,因果关系;因果力比较;危险现实化;死因,刑法学,刑法学,刑法学,刑法学,刑法学,,1364,yes
1365,法学研究,2016,38,5,国体的起源、构造和选择：中西暗合与差异,佀化强,重庆大学,20,国体;政体;单一制;联邦制,宪法学与行政法学,宪法学与行政法学,宪法学与行政法学,宪法学与行政法学,宪法学与行政法学,,1365,yes
1366,法学研究,2018,40,4,国家在国际造法进程中的角色与功能——以国际海洋法的形成与运作为例,罗欢欣[1],[1]中国社会科学院国际法研究所,16,国际造法;海洋法;法律进程主义;全球治理,国际法学,国际法学,国际法学,国际法学,国际法学,,1366,yes
1367,法学研究,2015,0,3,国家安全视角下的航行自由,袁发强[1],[1]华东政法大学国际法学院,14,航行自由;国家安全;专属经济区;联合国海洋法公约,国际法学,国际法学,国际法学,国际法学,国际法学,,1367,yes
1368,法学研究,2016,38,4,国家所有权遁入私法：路径与实质,张力,西南政法大学民商法学院教授,20,公共财产;全民所有;国家所有权;遁入私法,民商法学,民商法学,民商法学,民商法学,民商法学,,1368,yes
1369,法学研究,2023,045,3,国家治理视野下多元解纷机制的调整与重塑,顾培东[1],[1]中南财经政法大学,20,国家治理;纠纷解决机制;解纷资源;解纷需求,法学理论,法学理论,法学理论,法学理论,法学理论,,1369,yes
1370,法学研究,2018,40,4,国家监察体制改革后检察制度的巩固与发展,朱孝清[1],[1]中国法学会,17,检察制度;国家监察体制改革;法律监督;检察职能,诉讼法学,诉讼法学,诉讼法学,诉讼法学,诉讼法学,,1370,yes
1371,法学研究,2022,044,5,国有企业海外投资跨境补贴的规制,徐昕[1],[1]上海对外经贸大学,18,国有企业;海外投资;跨境补贴;贸易救济;竞争中立,国际法学,国际法学,国际法学,国际法学,国际法学,,1371,yes
1372,法学研究,2024,046,6,国有企业特殊对待与市场主体平等保护的规范势差及其限缩,张力[1],[1]西南政法大学民商法学院,19,国有企业;市场主体;平等保护;国企功能性分类;民营经济促进法,民商法学,民商法学,民商法学,民商法学,民商法学,,1372,yes
1373,法学研究,2018,40,6,国有自然资源资产产权行使机制的完善,程雪阳[1],[1]苏州大学王健法学院,16,自然资源资产;自然资源国家所有权;产权行使机制;混合所有制,环境与资源保护法学,环境与资源保护法学,环境与资源保护法学,环境与资源保护法学,环境与资源保护法学,,1373,yes
1374,法学研究,2023,045,6,国际惯例适用规则的立法范式研究——以我国司法实践为出发点,何其生[1],[1]北京大学法学院,17,国际惯例;直接适用;约定适用;补缺适用;立法范式,国际法学,国际法学,国际法学,国际法学,国际法学,,1374,yes
1375,法学研究,2015,0,2,国际法院解释领土条约的路径、方法及其拓展,张卫彬[1],[1]安徽财经大学法学院,17,条约;领土条约;条约解释;国际法院,国际法学,国际法学,国际法学,国际法学,国际法学,,1375,yes
1376,法学研究,2017,39,1,国际私法与民法典的分与合,宋晓,南京大学法学院,21,国际私法;民法典;冲突规则,国际法学,国际法学,国际法学,国际法学,国际法学,,1376,yes
1377,法学研究,2021,43,1,国际税收协定解释的困境及其纾解,崔晓静,武汉大学国际法研究所,18,税收协定;识别;共同解释;来源国说,国际法学,国际法学,国际法学,国际法学,国际法学,,1377,yes
1378,法学研究,2017,39,3,土地征收决定不是终裁行为——以行政复议法第30条第2款为中心,熊樟林,东南大学法学院,15,土地征收决定;行政机关最终裁决;行政诉讼,宪法学与行政法学,宪法学与行政法学,宪法学与行政法学,宪法学与行政法学,宪法学与行政法学,,1378,yes
1379,法学研究,2015,0,4,地方各级人民法院宪法地位的规范分析,王建学[1],[1]厦门大学法学院,12,地方各级人民法院;审判组织地方性;审判权一体性;司法改革,诉讼法学,诉讼法学,诉讼法学,诉讼法学,诉讼法学,,1379,yes
1380,法学研究,2022,44,1,地方性法规设定行政处罚的空间,王克稳[1],[1]苏州大学王健法学院、公法研究中心,16,地方性法规;行政处罚设定权;地方立法权;地方性事务;央地共同事务,宪法学与行政法学,宪法学与行政法学,宪法学与行政法学,宪法学与行政法学,宪法学与行政法学,,1380,yes
1381,法学研究,2017,39,5,地方预算参与的法治进路,陈治,西南政法大学经济法学院,21,地方预算参与 预算民主 预算参与权 预算法,数字法学,经济法学,经济法学,民商法学,经济法学,,1381,yes
1382,法学研究,2015,0,1,城市化与法治化：城市化的法律治理——农业转移人口公民化与城市治理秩序重建,马长山[1],[1]华东政法大学,17,农业转移人口;市民化与公民化;人的城市化;城市治理,法学理论,法学理论,法学理论,法学理论,法学理论,,1382,yes
1383,法学研究,2015,0,1,城市化升级转型中的社会保障与社会法,魏建国[1],[1]黑龙江大学法学院,14,市场主导的城市化;城市化转型;社会保障;社会法,经济法学,民商法学,经济法学,经济法学,经济法学,,1383,yes
1384,法学研究,2015,0,1,城市空间利益的正当分配——从规划行政许可侵犯相邻权益案切入,"陈越峰[1,2]",[1]华东政法大学;[2]中国社会科学院法学研究所,15,城市规划;行政许可;相邻关系;行政诉讼;行政程序,民商法学,民商法学,民商法学,民商法学,民商法学,,1384,yes
1385,法学研究,2018,40,3,城市高密度区域的犯罪吸引机制,单勇[1],[1]南京大学法学院,18,城市高密度区域;犯罪吸引机制;犯罪制图;犯罪引力模型;城市犯罪学,刑法学,刑法学,刑法学,刑法学,刑法学,,1385,yes
1386,法学研究,2015,0,1,城镇规划区违建执法困境及其解释——国家能力的视角,陈柏峰[1],[1]中南财经政法大学法学院,19,违建执法;国家能力;社会治理;城镇化,法学理论,法学理论,法学理论,法学理论,法学理论,,1386,yes
1387,法学研究,2021,43,3,域外管辖的体系构造:立法管辖与司法管辖之界分,宋晓,南京大学法学院,21,域外管辖;域外立法管辖;域外司法管辖;属地原则;长臂管辖,国际法学,国际法学,国际法学,国际法学,国际法学,,1387,yes
1388,法学研究,2022,044,6,基于中国式扶贫实践的给付行政法治创新,解志勇[1],[1]中国政法大学比较法学研究院,19,发展型给付;共享型给付;给付行政;新发展理念;中国式现代化,宪法学与行政法学,宪法学与行政法学,宪法学与行政法学,宪法学与行政法学,宪法学与行政法学,,1388,yes
1389,法学研究,2022,44,1,基于价格影响的期货市场操纵规制理论:反思与重构,钟维[1],[1]中国人民大学民商事法律科学研究中心,16,价格影响;人为价格;操纵意图;操纵;试图操纵,经济法学,经济法学,经济法学,经济法学,经济法学,,1389,yes
1390,法学研究,2021,43,5,基于决定关系的证据客观性:概念、功能与理论定位,徐舒浩[1],[1]中国人民大学法学院,18,证据客观性;决定关系;待证事实;关联性,诉讼法学,诉讼法学,诉讼法学,诉讼法学,诉讼法学,,1390,yes
1391,法学研究,2021,43,1,基于合意解除合同的规范构造,姚明斌,华东政法大学,18,合意解除;广义之债;处分;清算关系;法律行为转换,民商法学,民商法学,民商法学,民商法学,民商法学,,1391,yes
1392,法学研究,2019,41,2,基于数据主权的国家刑事取证管辖模式,梁坤[1],[1]西南政法大学刑事侦查学院(国家安全学院),21,电子数据;数据主权;取证模式;刑事管辖,数字法学,刑法学,刑法学,诉讼法学,诉讼法学,,1392,yes
1393,法学研究,2016,38,6,基于法官集体经验的量刑预测研究,白建军,北京大学法学院教授,15,多情节组合;量刑确定性;量刑模型;量刑预测,刑法学,刑法学,刑法学,刑法学,刑法学,,1393,yes
1394,法学研究,2025,047,3,基层多元解纷机制的结构转型与模式分化,于龙刚[1],[1]中南财经政法大学法学院,18,多元解纷;纠纷治理;党政协调;组织平台;基层法治,数字法学,诉讼法学,诉讼法学,民商法学,诉讼法学,,1394,yes
1395,法学研究,2017,39,1,基层法院审判委员会压力案件决策的实证研究,王伦刚[1];刘思达[2],[1]西南财经大学法学院;[2]加拿大多伦多大学社会学系,20,审判委员会;司法决策;合法性;合法律性,诉讼法学,诉讼法学,诉讼法学,诉讼法学,诉讼法学,,1395,yes
1396,法学研究,2020,42,3,基层法院的执行生态与非均衡执行,于龙刚[1],[1]中南财经政法大学,21,执行难;执行生态;执行权威;均衡执行,环境与资源保护法学,环境与资源保护法学,环境与资源保护法学,环境与资源保护法学,环境与资源保护法学,,1396,yes
1397,法学研究,2025,047,1,基本权利保护义务关系结构的型变,李海平[1],[1]吉林大学法学院,18,国家保护义务;自由权;社会权;社会法;基本权利;合宪性审查,宪法学与行政法学,宪法学与行政法学,宪法学与行政法学,宪法学与行政法学,宪法学与行政法学,,1397,yes
1398,法学研究,2020,42,5,基本权利保护范围的界定,王锴[1],[1]北京航空航天大学法学院,17,合宪性审查;基本权利保护范围;基本权利干预;基本权利教义学,宪法学与行政法学,宪法学与行政法学,宪法学与行政法学,宪法学与行政法学,宪法学与行政法学,,1398,yes
1399,法学研究,2021,43,6,基本权利冲突及其解决思路,王锴[1],[1]北京航空航天大学法学院,17,基本权利;权利冲突;国家保护义务;实践调和原则;比例原则,宪法学与行政法学,宪法学与行政法学,宪法学与行政法学,宪法学与行政法学,宪法学与行政法学,,1399,yes
1400,法学研究,2025,000,2,基本权利功能视野下平台经济不正当竞争认定范式重塑,张占江[1],[1]浙江大学光华法学院,19,基本权利;平台经济;不正当竞争;利益平衡;比例原则,数字法学,经济法学,经济法学,民商法学,民商法学,,1400,yes
1401,法学研究,2015,0,5,基本权利的功能体系与行政法治的进路,郑春燕[1],[1]浙江大学光华法学院,11,基本权利;行政法治;行政决策;非正式程序,宪法学与行政法学,宪法学与行政法学,宪法学与行政法学,宪法学与行政法学,宪法学与行政法学,,1401,yes
1402,法学研究,2021,43,4,基本权利的国家保护:从客观价值到主观权利,李海平[1],[1]吉林大学理论法学研究中心,16,基本权利;国家保护义务;客观价值秩序;受保护权;禁止保护不足原则,宪法学与行政法学,宪法学与行政法学,宪法学与行政法学,宪法学与行政法学,宪法学与行政法学,,1402,yes
1403,法学研究,2025,047,3,基本权利私人效力的民法审视,杜强强[1],[1]首都师范大学政法学院,16,基本权利;客观价值秩序;公序良俗;第三人效力;宪法与民法,民商法学,民商法学,民商法学,民商法学,民商法学,,1403,yes
1404,法学研究,2021,43,6,基本行政法典的确立、定位与架构,杨伟东[1],[1]中国政法大学法治政府研究院,18,行政法典;法典化;一般行政法;部门行政法;行政程序法,诉讼法学,诉讼法学,诉讼法学,诉讼法学,诉讼法学,,1404,yes
1405,法学研究,2020,42,4,增值税中性原则与民事制度,班天可[1],[1]复旦大学法学院,22,增值税中性原则;发票开具请求权;留置抗辩权;情事变更,民商法学,民商法学,民商法学,民商法学,民商法学,,1405,yes
1406,法学研究,2024,046,3,备案审查的国家治理功能,王理万[1],[1]中国政法大学人权研究院,18,备案审查;宪法监督;依法治国;国家治理;全过程人民民主,宪法学与行政法学,宪法学与行政法学,宪法学与行政法学,宪法学与行政法学,宪法学与行政法学,,1406,yes
1407,法学研究,2022,044,4,外国版权客体在本国的保护,阮开欣[1],[1]华东政法大学知识产权学院,20,版权客体;无条约不保护原则;版权条约;国民待遇,知识产权法学,民商法学,知识产权法学,知识产权法学,知识产权法学,,1407,yes
1408,法学研究,2015,0,6,多元一统的政治宪法结构——政治宪法学理论基础的反思与重建,张龑[1],[1]中国人民大学法学院,15,政治宪法学;政治体公式执政权;市民社会;国家治理,宪法学与行政法学,宪法学与行政法学,宪法学与行政法学,宪法学与行政法学,宪法学与行政法学,,1408,yes
1409,法学研究,2019,41,2,多数人之债的类型建构,李中原[1],[1]苏州大学王健法学院,17,多数人之债;可分之债;不可分之债;协同之债,民商法学,民商法学,民商法学,民商法学,民商法学,,1409,yes
1410,法学研究,2019,41,5,大数据有限排他权的基础理论,崔国斌[1],[1]清华大学法学院,22,大数据;知识产权;公共领域;公开传播权,知识产权法学,民商法学,知识产权法学,知识产权法学,知识产权法学,,1410,yes
1411,法学研究,2015,0,1,大清刑律草案签注考论,高汉成,中国社会科学院法学研究所,18,大清刑律;刑律草案;签注;礼法之争,法律史,法律史,法律史,法律史,法律史,,1411,yes
1412,法学研究,2023,045,4,夫妻债务的清偿顺序,叶名怡[1],[1]上海财经大学法学院,19,夫妻共同债务;连带责任;个人债务;责任财产;执行顺位,诉讼法学,诉讼法学,诉讼法学,诉讼法学,诉讼法学,,1412,yes
1413,法学研究,2017,39,4,夫妻共同财产的潜在共有,龙俊,清华大学法学院,17,夫妻共同财产;潜在共有;夫妻共同债务;交易安全,民商法学,民商法学,民商法学,民商法学,民商法学,,1413,yes
1414,法学研究,2017,39,4,夫妻财产制与财产法规则的冲突与协调,裴桦,大连海事大学法学院,17,夫妻财产制;财产法;夫妻共同财产;夫妻债务;夫妻间赠与,民商法学,民商法学,民商法学,民商法学,民商法学,,1414,yes
1415,法学研究,2017,39,3,委托合同任意解除的损害赔偿,周江洪,浙江大学光华法学院,16,委托合同;任意解除;损害赔偿;受托人利益;报酬请求权,民商法学,民商法学,民商法学,民商法学,民商法学,,1415,yes
1416,法学研究,2017,,4,婚姻家庭立法的同一性原理,以婚姻家庭理念、形态与财产法律结构为中心,金眉-中国政法大学,,,民商法学,民商法学,民商法学,民商法学,民商法学,,1416,yes
1417,法学研究,2019,,4,婚姻缔结行为的效力瑕疵,,兼评民法典婚姻家庭编草案的相关规定-李昊-北京航空航天大学人文与社会科学高等研究院暨法学院,,,民商法学,民商法学,民商法学,民商法学,民商法学,,1417,yes
1418,法学研究,2018,40,2,存款货币的权利归属与返还请求权——反思民法上货币“占有即所有”法则的司法运用,朱晓喆[1],[1]上海财经大学法学院,20,存款货币;占有即所有;返还请求权;不当得利,民商法学,民商法学,民商法学,民商法学,民商法学,,1418,yes
1419,法学研究,2024,046,3,存疑有利于被告原则的刑法适用规则,周光权[1],[1]清华大学法学院,18,存疑有利于被告;罪刑法定;事实存疑;法条含义不明,刑法学,刑法学,刑法学,刑法学,刑法学,,1419,yes
1420,法学研究,2015,0,3,孝道：中国传统法律的核心价值,龙大轩[1],[1]西南政法大学,18,孝道;传统法律;孝道法文化,法律史,法律史,法律史,法律史,法律史,,1420,yes
1421,法学研究,2019,41,3,宅基地使用权的制度困局与破解之维,陈小君[1],[1]广东外语外贸大学土地法制研究院,25,宅基地;三权分置;宅基地所有权;宅基地成员资格;宅基地使用权,环境与资源保护法学,环境与资源保护法学,环境与资源保护法学,环境与资源保护法学,环境与资源保护法学,,1421,yes
1422,法学研究,2019,41,6,宅基地立法政策与宅基地使用权制度改革,韩松[1],[1]西北政法大学民商法学院,23,宅基地所有权;宅基地农户资格权;宅基地使用权;宅基地空间经营权;宅基地法定租赁权,环境与资源保护法学,环境与资源保护法学,环境与资源保护法学,环境与资源保护法学,环境与资源保护法学,,1422,yes
1423,法学研究,2024,046,4,安全保障义务人侵权补充责任的理论反思,吴越[1],[1]上海交通大学凯原法学院,19,安全保障义务;补充责任;补偿义务;按份责任,民商法学,民商法学,民商法学,民商法学,民商法学,,1423,yes
1424,法学研究,2024,046,2,安全竞争格局下的基层执法及其生态优化,邓豪[1],[1]中南财经政法大学法学院,18,基层执法;执法偏差;安全竞争;高质量发展;总体国家安全观,环境与资源保护法学,环境与资源保护法学,环境与资源保护法学,环境与资源保护法学,环境与资源保护法学,,1424,yes
1425,法学研究,2021,43,4,宋代故事:一种遵循先例制度的考察,张德美[1],[1]中国政法大学法学院,19,宋代;故事;历史记录;遵循先例,法律史,法律史,法律史,法律史,法律史,,1425,yes
1426,法学研究,2016,38,4,完善认罪认罚从宽制度：中国语境下的关键词展开,魏晓娜,中国人民大学刑事法律科学研究中心副教授,20,认罪认罚从宽;简易程序;速裁程序;审前分流,刑法学,刑法学,刑法学,刑法学,刑法学,,1426,yes
1427,法学研究,2024,046,5,实体导向的必要共同诉讼：模式转换与制度重塑,任重[1],[1]清华大学法学院,20,必要共同诉讼;民法典;诉讼标的;职权追加;普通共同诉讼,诉讼法学,诉讼法学,诉讼法学,诉讼法学,诉讼法学,,1427,yes
1428,法学研究,2025,000,2,实体性查封优先权的理论证成及体系展开,马强伟[1],[1]上海财经大学法学院,21,查封效力;查封优先权;执行优先主义;扣押质权;处分原则,诉讼法学,诉讼法学,诉讼法学,诉讼法学,诉讼法学,,1428,yes
1429,法学研究,2018,40,2,实用艺术作品在著作权法上之独立性,冯晓青[1];付继存[1],[1]中国政法大学民商经济法学院,19,著作权法；实用艺术作品；实用性；艺术性；公共领域,知识产权法学,民商法学,知识产权法学,知识产权法学,知识产权法学,,1429,yes
1430,法学研究,2017,39,5,审判中心论的话语体系分歧及其解决,樊传明,华东师范大学法学院,17,审判中心主义 以审判为中心 刑事司法改革 法教义学,刑法学,刑法学,刑法学,刑法学,刑法学,,1430,yes
1431,法学研究,2016,38,3,审判委员会运行状况的实证研究,左卫民,四川大学法学院,15,审判委员会;权力运作;实证研究,诉讼法学,诉讼法学,诉讼法学,诉讼法学,诉讼法学,,1431,yes
1432,法学研究,2024,046,5,审判管理的运行体系和制度逻辑,樊传明[1],[1]上海交通大学凯原法学院,19,审判管理;审判质量;审判权;司法责任制,诉讼法学,诉讼法学,诉讼法学,诉讼法学,诉讼法学,,1432,yes
1433,法学研究,2024,046,4,宪法上代表理论的体系建构及逻辑展开,王旭[1],[1]中国人民大学法学院,18,代表制;代议制民主;人民代表大会制度;全过程人民民主,宪法学与行政法学,宪法学与行政法学,宪法学与行政法学,宪法学与行政法学,宪法学与行政法学,,1433,yes
1434,法学研究,2016,38,1,宪法上的尊严理论及其体系化,王旭,中国人民大学法学院,19,人的尊严;尊严形式体系;尊严内容体系;宪法尊严条款,宪法学与行政法学,宪法学与行政法学,宪法学与行政法学,宪法学与行政法学,宪法学与行政法学,,1434,yes
1435,法学研究,2021,43,4,宪法中的禁止保护不足原则——兼与比例原则对比论证,陈征[1],[1]中国政法大学法学院,18,禁止保护不足原则;比例原则;国家保护义务;期待可能性;基本权利,宪法学与行政法学,宪法学与行政法学,宪法学与行政法学,宪法学与行政法学,宪法学与行政法学,,1435,yes
1436,法学研究,2022,044,2,宪法功能转型的社会机理与中国模式,李忠夏[1],[1]中国人民大学法学院,16,宪法功能;宪法范式;宪法变迁;中国宪法道路,宪法学与行政法学,宪法学与行政法学,宪法学与行政法学,宪法学与行政法学,宪法学与行政法学,,1436,yes
1437,法学研究,2015,0,6,宪法教义学反思：一个社会系统理论的视角,李.忠夏[1],[1]山东大学法学院,20,法教义学;宪法教义学;社科法学;宪法学方法论,宪法学与行政法学,宪法学与行政法学,宪法学与行政法学,宪法学与行政法学,宪法学与行政法学,,1437,yes
1438,法学研究,2024,046,5,宪法相关规定直接实施工作机制的法理内涵与实践展开,莫纪宏[1],[1]中国社会科学院法学研究所,18,宪法规定;宪法规范;宪法原则;宪法精神;宪法直接实施,宪法学与行政法学,宪法学与行政法学,宪法学与行政法学,宪法学与行政法学,宪法学与行政法学,,1438,yes
1439,法学研究,2024,046,1,宪法通信权双重保护论,屠振宇[1],[1]南开大学法学院,17,通信权;通信自由;通信秘密;法律保留;合宪性审查,宪法学与行政法学,宪法学与行政法学,宪法学与行政法学,宪法学与行政法学,宪法学与行政法学,,1439,yes
1440,法学研究,2025,047,3,家事司法运作的实质主义逻辑及其应然面向,李拥军[1],[1]吉林大学法学院,17,家事司法;纠纷解决;形式法治;实用主义;司法正义,法学理论,法学理论,法学理论,法学理论,法学理论,,1440,yes
1441,法学研究,2024,046,1,家庭关系民法适用和续造的顺序,刘征峰[1],[1]中南财经政法大学法学院,20,家庭关系;婚姻法;继承法;民法适用;法律续造,民商法学,民商法学,民商法学,民商法学,民商法学,,1441,yes
1442,法学研究,2025,047,1,家庭双轴结构中的财产分配体系,冉克平[1],[1]武汉大学法学院,19,直系家庭;直系组家庭;目的赠与;夫妻财产;夫妻债务,民商法学,民商法学,民商法学,民商法学,民商法学,,1442,yes
1443,法学研究,2017,39,4,家庭法与民法知识谱系的分立,刘征峰,中南财经政法大学,18,知识谱系;民法;家庭法;科学;人权;范式,民商法学,民商法学,民商法学,民商法学,民商法学,,1443,yes
1444,法学研究,2021,43,2,对中国系统论宪法学的反思,陈运生,江西财经大学法学院,16,系统论宪法学;社会系统理论;规范宪法学;社会宪法,宪法学与行政法学,宪法学与行政法学,宪法学与行政法学,宪法学与行政法学,宪法学与行政法学,,1444,yes
1445,法学研究,2018,40,5,对待给付风险负担的基本原则及其突破,刘洋[1],[1]上海财经大学法学院,20,风险负担;牵连关系;债务人负担主义;交付;债权人迟延,民商法学,民商法学,民商法学,民商法学,民商法学,,1445,yes
1446,法学研究,2015,0,1,导致物权变动之法院判决类型,房绍坤[1],[1]烟台大学法学院,14,物权变动;法院判决;民事判决;形成判决,民商法学,民商法学,民商法学,民商法学,民商法学,,1446,yes
1447,法学研究,2025,047,3,将有财产担保效力的破产阻断,张静[1],[1]中南财经政法大学法学院,19,将有财产担保;偏颇清偿;个别清偿;不当得利,民商法学,民商法学,民商法学,民商法学,民商法学,,1447,yes
1448,法学研究,2022,044,6,履行行政职责的作为可能性,林鸿潮[1],[1]中国政法大学法治政府研究院,17,行政职责;可问责性;行政不作为;作为可能性,宪法学与行政法学,宪法学与行政法学,宪法学与行政法学,宪法学与行政法学,宪法学与行政法学,,1448,yes
1449,法学研究,2019,41,4,工伤认定一般条款的建构路径,郑晓珊[1],[1]暨南大学法学院,17,工伤认定;一般条款;工作关联;48小时条款,经济法学,经济法学,经济法学,经济法学,经济法学,,1449,yes
1450,法学研究,2022,044,2,已公开个人信息的刑法保护,王华伟[1],[1]北京大学法学院,18,已公开个人信息;二次授权;合目的性;一般可访问;客观开放程度,数字法学,民商法学,刑法学,民商法学,刑法学,,1450,yes
1451,法学研究,2025,000,2,市场主体平等保护对我国经济宪法的塑造,任喜荣[1],[1]吉林大学法学院,19,市场经济;市场主体;平等保护;经济宪法;合宪性;审查基准,宪法学与行政法学,宪法学与行政法学,宪法学与行政法学,宪法学与行政法学,宪法学与行政法学,,1451,yes
1452,法学研究,2024,046,1,平台形态演变视域下垄断行为的异化与因应,侯利阳[1],[1]上海交通大学凯原法学院,21,互联网生态圈;数字平台;双边市场;反垄断;监管,数字法学,经济法学,经济法学,经济法学,经济法学,,1452,yes
1453,法学研究,2024,046,1,平台扼杀式并购的反垄断悖论,李希梁[1],[1]清华大学法学院,20,平台经济;初创企业;扼杀式并购;反垄断;并购审查,数字法学,经济法学,经济法学,经济法学,经济法学,,1453,yes
1454,法学研究,2021,43,3,平台监管的新公用事业理论,高薇,北京大学法学院,17,平台反垄断;公用事业管制;平台中立性,数字法学,经济法学,经济法学,经济法学,经济法学,,1454,yes
1455,法学研究,2020,42,2,平台经济从业者社会保险法律制度的构建,娄宇[1],[1]中国政法大学民商经济法学院,19,平台经济从业者;劳动关系;就业关系;社会保险;重复保险,数字法学,民商法学,经济法学,民商法学,经济法学,,1455,yes
1456,法学研究,2017,39,1,广播组织权的客体——兼析“以信号为基础的方法”,王迁,华东政法大学,23,广播组织权;信号盗窃;以信号为基础的方法,知识产权法学,民商法学,知识产权法学,知识产权法学,知识产权法学,,1456,yes
1457,法学研究,2015,0,5,庭审实质化的路径和方法,龙宗智[1],[1]四川大学法学院,18,以审判为中心;庭审实质化;司法改革;司法权,诉讼法学,诉讼法学,诉讼法学,诉讼法学,诉讼法学,,1457,yes
1458,法学研究,2017,39,5,建设用地国有制的逻辑、挑战及变革,徐键,上海财经大学法学院,20,土地公有制 建设用地 权力性支配 集体所有土地,环境与资源保护法学,环境与资源保护法学,环境与资源保护法学,环境与资源保护法学,环境与资源保护法学,,1458,yes
1459,法学研究,2016,38,3,归责视野下共同犯罪的区分制与单一制,何庆仁,中国青年政治学院法学院,19,共同犯罪;区分制;单一制;共同归责;单独归责,刑法学,刑法学,刑法学,刑法学,刑法学,,1459,yes
1460,法学研究,2016,38,2,当代中国司法生态及其改善,顾培东,四川大学法学院,19,司法生态;司法权威;司法改革,环境与资源保护法学,环境与资源保护法学,环境与资源保护法学,环境与资源保护法学,环境与资源保护法学,,1460,yes
1461,法学研究,2016,38,6,当代中国政法体制的形成及意义,侯猛,北京大学法学院副教授,14,政法体制;社会主义法治;条块关系;央地关系;民主集中制,党内法规学,宪法学与行政法学,党内法规学,党内法规学,党内法规学,,1461,yes
1462,法学研究,2017,39,1,当代中国法治共识的形成及法治再启蒙,顾培东,四川大学法学院,21,法治观念;法治共识;法治启蒙,法学理论,法学理论,法学理论,法学理论,法学理论,,1462,yes
1463,法学研究,2015,0,5,当代国际私法上的一般性例外条款,陈卫佐,清华大学法学院,14,一般性例外条款;最密切联系原则;国际私法立法;矫正功能,国际法学,国际法学,国际法学,国际法学,国际法学,,1463,yes
1464,法学研究,2019,41,1,惩罚性赔偿的行政法反思,赵鹏[1],[1]中国政法大学法治政府研究院,15,行政规制;惩罚性赔偿;职业索赔;请求行政机关履职之诉,宪法学与行政法学,宪法学与行政法学,宪法学与行政法学,宪法学与行政法学,宪法学与行政法学,,1464,yes
1465,法学研究,2021,43,5,成文法背景下的判例实践——近代中国最高审判机构判例汇编与实效,刘昕杰[1],[1]四川大学法学院,16,近代中国;最高法院;判例;判例汇编,法律史,法律史,法律史,法律史,法律史,,1465,yes
1466,法学研究,2020,42,5,成片开发与土地征收,黄忠[1],[1]西南政法大学,18,成片开发;公共利益;征收;公共产品;地利共享,宪法学与行政法学,宪法学与行政法学,宪法学与行政法学,宪法学与行政法学,宪法学与行政法学,,1466,yes
1467,法学研究,2015,0,3,我国侦查权的程序性控制,詹建红[1];张威[1],[1]中南财经政法大学法学院,19,侦查权;程序性控制;司法审查;检警关系;二阶层控制模式,诉讼法学,诉讼法学,诉讼法学,诉讼法学,诉讼法学,,1467,yes
1468,法学研究,2020,42,2,我国刑事上诉制度多元化的建构路径——以认罪认罚案件为切入点,牟绿叶[1],[1]浙江大学光华法学院,20,上诉权;上诉理由审核制;认罪认罚;审级制度,刑法学,刑法学,刑法学,刑法学,刑法学,,1468,yes
1469,法学研究,2025,000,2,我国刑事诉讼中的检察院证明责任减轻制度,艾明[1],[1]西南政法大学刑事检察研究中心,18,刑事诉讼;检察院;证明责任;证明困难;证明责任减轻,刑法学,刑法学,刑法学,刑法学,刑法学,,1469,yes
1470,法学研究,2024,046,4,我国协调国际平行诉讼的立场与方法——民事诉讼法第281条之体系解读,黄志慧[1],[1]中南财经政法大学法学院,20,先受理法院规则;不方便法院原则;国际平行诉讼;适当法院;管辖权项目,诉讼法学,诉讼法学,诉讼法学,诉讼法学,诉讼法学,,1470,yes
1471,法学研究,2017,39,3,我国司法判决中的宪法援引及其功能——基于已公开判决文书的实证研究,冯健鹏,华南理工大学法学院,16,宪法实施;宪法援引;合宪性解释;基本权利第三人效力,宪法学与行政法学,宪法学与行政法学,宪法学与行政法学,宪法学与行政法学,宪法学与行政法学,,1471,yes
1472,法学研究,2018,40,4,我国批准《选择法院协议公约》的问题与对策,刘仁山[1],[1]中南财经政法大学,21,《选择法院协议公约》;判决承认与执行;国际民商事秩序,国际法学,国际法学,国际法学,国际法学,国际法学,,1472,yes
1473,法学研究,2022,44,1,我国民事执行回转理论基础与制度构造的革新,陈刚[1],[1]广州大学法学院,18,执行回转;最终调整说;审执分立;不当得利,诉讼法学,诉讼法学,诉讼法学,诉讼法学,诉讼法学,,1473,yes
1474,法学研究,2020,42,1,我国民事自认的非约束性及其修正,段文波[1],[1]西南政法大学,17,辩论主义;争点;自认;审判排除效,诉讼法学,诉讼法学,诉讼法学,诉讼法学,诉讼法学,,1474,yes
1475,法学研究,2016,38,4,我国民法典法人基本类型模式选择,罗昆,武汉大学法学院副教授,18,法人;营利法人;企业法人;社团法人;财团法人,民商法学,民商法学,民商法学,民商法学,民商法学,,1475,yes
1476,法学研究,2017,39,5,我国法治政府建设地区差异的定量分析,王敬波,中国政法大学法治政府研究院,18,法治政府 区域法治 地方政府 定量分析,宪法学与行政法学,宪法学与行政法学,宪法学与行政法学,宪法学与行政法学,宪法学与行政法学,,1476,yes
1477,法学研究,2022,044,6,我国犯罪附随后果制度规范化研究,彭文华[1],[1]上海政法学院刑事司法学院,18,犯罪附随后果;刑事处罚;合宪性;比例原则,刑法学,刑法学,刑法学,刑法学,刑法学,,1477,yes
1478,法学研究,2023,045,1,我国知识产权法院的治理实效与制度逻辑,陈天昊[1];苏亦坡[1],[1]清华大学公共管理学院,26,知识产权法院;司法改革;裁判质效;技术调查官;繁简分流,知识产权法学,民商法学,知识产权法学,知识产权法学,知识产权法学,,1478,yes
1479,法学研究,2020,42,4,我国社区矫正法的历史地位与立法特点,吴宗宪[1],[1]北京师范大学刑事法律科学研究院,18,社区矫正;社区矫正法;社会参与,刑法学,刑法学,刑法学,刑法学,刑法学,,1479,yes
1480,法学研究,2020,42,5,我国行政诉讼中的预防性保护,罗智敏[1],[1]中国政法大学法学院,17,预防性保护;停止执行;先予执行;保全措施;实质性化解行政争议,诉讼法学,诉讼法学,诉讼法学,诉讼法学,诉讼法学,,1480,yes
1481,法学研究,2025,047,1,我国证券虚假陈述侵权责任规范模式之重构,邢会强[1],[1]中央财经大学法学院,18,虚假陈述;欺诈发行;欺诈市场理论;过错推定;因果关系推定,刑法学,刑法学,刑法学,刑法学,刑法学,,1481,yes
1482,法学研究,2016,38,1,我国集体土地征收制度的构建,王克稳,苏州大学王健法学院、东吴公法与比较法研究所,17,集体土地征收;公益性建设用地;集体经营性建设用地,环境与资源保护法学,环境与资源保护法学,环境与资源保护法学,环境与资源保护法学,环境与资源保护法学,,1482,yes
1483,法学研究,2016,38,5,所指确定与法律解释——一种适用于一般法律词项的指称理论,陈坤,山东大学法学院,22,法律解释;一般法律词项;语言惯习;立法意图,法学理论,法学理论,法学理论,法学理论,法学理论,,1483,yes
1484,法学研究,2020,42,4,托底型回购合同的风险转嫁机理,王文胜[1],[1]湖南大学法学院,20,回购合同;融资租赁;按揭;担保;保证,民商法学,民商法学,民商法学,民商法学,民商法学,,1484,yes
1485,法学研究,2019,41,1,执法能力的损耗与重建——以基层食药监执法为经验样本,刘杨[1],[1]中南财经政法大学法学院,18,执法偏差;执法能力;执法过程;执法体制;一线执法,宪法学与行政法学,宪法学与行政法学,宪法学与行政法学,宪法学与行政法学,宪法学与行政法学,,1485,yes
1486,法学研究,2024,046,3,扩用无因管理相反请求权研究,李中原[1],[1]苏州大学王健法学院,20,扩用无因管理;相反请求权;不当得利;自由接受;强迫得利,民商法学,民商法学,民商法学,民商法学,民商法学,,1486,yes
1487,法学研究,2022,044,6,技术从属性下雇主的算法权力与法律规制,田思路[1],[1]华东政法大学经济法学院,19,劳动关系;技术从属性;算法权力;劳动管理权;算法规制,数字法学,民商法学,经济法学,民商法学,经济法学,,1487,yes
1488,法学研究,2018,40,5,技术侦查证据使用问题研究,程雷[1],[1]中国人民大学刑事法律科学研究中心,18,技术侦查措施;技术侦查证据;监听;证据使用,诉讼法学,诉讼法学,诉讼法学,诉讼法学,诉讼法学,,1488,yes
1489,法学研究,2022,044,3,"技术标准之许可定价规则的""非国家化""——以可比许可法为中心",马一德[1],[1]中国科学院大学,22,技术标准;价值评估;可比许可法;专利劫持,知识产权法学,民商法学,知识产权法学,知识产权法学,知识产权法学,,1489,yes
1490,法学研究,2023,045,5,报偿赠与论,刘勇[1],[1]南京大学法学院,20,赠与合同;报偿赠与;合同目的;解除权,民商法学,民商法学,民商法学,民商法学,民商法学,,1490,yes
1491,法学研究,2018,40,1,抵押权时效问题的民法表达,邹海林,中国社会科学院法学研究所,15,抵押权 时效 诉讼时效 除斥期间,民商法学,民商法学,民商法学,民商法学,民商法学,,1491,yes
1492,法学研究,2022,044,2,抵销预期的发现及其价值———以保证金的破产抵销为线索,娄爱华[1],[1]苏州大学王健法学院,19,抵销预期;保证金;破产;同一合同;偏颇清偿,民商法学,民商法学,民商法学,民商法学,民商法学,,1492,yes
1493,法学研究,2021,43,5,抽逃出资规则及公司分配制度的系统性改造,王军[1],[1]中国政法大学,17,抽逃出资;公司分配;资本维持;实际偿付能力检测;董事义务,民商法学,民商法学,民商法学,民商法学,民商法学,,1493,yes
1494,法学研究,2016,38,2,担保物权实现的程序标的：实践、识别与制度化,任重,清华大学法学院,20,担保物权;非讼程序;民事权益争议;诉讼标的;事实预决效力,诉讼法学,诉讼法学,诉讼法学,诉讼法学,诉讼法学,,1494,yes
1495,法学研究,2023,045,3,拼图抑或印证：中国刑事法官事实认定的实践检视,左卫民[1],[1]四川大学法学院,17,事实认定;法官心证;印证;拼图模式;实证研究,刑法学,刑法学,刑法学,刑法学,刑法学,,1495,yes
1496,法学研究,2018,40,2,探索激励相容的个人数据治理之道——中国个人信息保护法的立法方向,周汉华[1],[1]中国社会科学院法学研究所,21,激励相容;个人信息保护法;个人信息控制权;信息安全风险;大数据时代,数字法学,民商法学,民商法学,民商法学,民商法学,,1496,yes
1497,法学研究,2016,38,1,援引法定刑的刑法解释——以马乐利用未公开信息交易案为例,孙谦,最高人民检察院,17,援引法定刑;刑法解释;存疑时有利于被告;罪刑相适应;马乐案,刑法学,刑法学,刑法学,刑法学,刑法学,,1497,yes
1498,法学研究,2020,42,1,支持理论下民事诉讼当事人法律意识的实证研究,"冯晶[1,2]",[1]西南政法大学法学院;[2]西南政法大学人民法庭研究中心,25,法律意识;司法公信力;特定支持;普遍支持;司法改革,诉讼法学,诉讼法学,诉讼法学,诉讼法学,诉讼法学,,1498,yes
1499,法学研究,2015,0,5,支持起诉原则的法理及实践意义再认识,陈刚[1],[1]华东政法大学外国法与比较法研究院,18,社会干预;支持起诉;公益诉讼;社会管理参与权,宪法学与行政法学,宪法学与行政法学,宪法学与行政法学,宪法学与行政法学,宪法学与行政法学,,1499,yes
1500,法学研究,2020,42,6,收养法的社会化:从亲子法转向儿童法,邓丽[1],[1]中国社会科学院法学研究所,19,收养法;社会化;儿童最大利益;最有利于被收养人原则,民商法学,民商法学,民商法学,民商法学,民商法学,,1500,yes
1501,法学研究,2022,044,2,改革型地方立法变通机制的反思与重构,王建学[1],[1]天津大学法学院,17,法制统一;立法变通;地方立法;比例原则,法学理论,法学理论,法学理论,法学理论,法学理论,,1501,yes
1502,法学研究,2020,42,1,故意伤害案件中赔偿影响量刑的机制,"高通[1,2]",[1]南开大学法学院;[2]南开大学人权研究中心,17,故意伤害案件;赔偿;谅解;量刑,刑法学,刑法学,刑法学,刑法学,刑法学,,1502,yes
1503,法学研究,2017,39,5,故意杀人罪死刑裁量机制的实证研究,王越,北京大学法学院,20,故意杀人罪 死刑 实证研究,刑法学,刑法学,刑法学,刑法学,刑法学,,1503,yes
1504,法学研究,2023,045,2,数字人权规范构造的体系化展开,高一飞[1],[1]浙江工商大学法学院,15,数字人权;数字法学;规范构造;数字权利;数字化生存,数字法学,宪法学与行政法学,宪法学与行政法学,法学理论,宪法学与行政法学,,1504,yes
1505,法学研究,2023,045,4,数字公民的身份确认及权利保障,马长山[1],[1]华东政法大学,19,数字法治;数字公民;数字政府;数字人权;数字权利,数字法学,宪法学与行政法学,宪法学与行政法学,法学理论,宪法学与行政法学,,1505,yes
1506,法学研究,2023,045,5,数字平台管制：公共性理论的反思与经济管制的适用,李剑[1],[1]上海交通大学凯原法学院,20,数字平台;公共承运人;新公用事业;经济管制;互操作义务,数字法学,经济法学,经济法学,经济法学,经济法学,,1506,yes
1507,法学研究,2023,045,5,数字时代保护作品完整权的功能更代及存废思考,易玲[1],[1]中南大学法学院,15,保护作品完整权;著作人格权;名誉权;改编权,知识产权法学,民商法学,知识产权法学,知识产权法学,知识产权法学,,1507,yes
1508,法学研究,2023,045,1,数字时代的技术性正当程序：理论检视与制度构建,苏宇[1],[1]中国人民公安大学法学院,17,技术性正当程序;数字政府;自动化行政;智能决策;程序正义,数字法学,宪法学与行政法学,宪法学与行政法学,民商法学,民商法学,,1508,yes
1509,法学研究,2021,43,5,数字时代的身份构建及其法律保障:以个人信息保护为中心的思考,陆青[1],[1]浙江大学光华法学院,21,身份建构;个人信息;数字身份;隐私权,数字法学,民商法学,民商法学,民商法学,民商法学,,1509,yes
1510,法学研究,2023,045,5,数字私力救济——基于远程控制网联物的权利实现,王琦[1],[1]北京航空航天大学法学院,22,远程控制;网联物;私力救济;占有保护;共同占有;格式条款,数字法学,民商法学,民商法学,民商法学,民商法学,,1510,yes
1511,法学研究,2022,044,4,数字经济视域下包容审慎监管的法治逻辑,刘权[1],[1]中央财经大学法学院,15,包容审慎监管;数字经济;营商环境;容错机制;有为政府,数字法学,经济法学,经济法学,经济法学,经济法学,,1511,yes
1512,法学研究,2024,046,5,数字证据及其阶梯式分类审查机制,郑飞[1],[1]北京交通大学法学院,18,数字证据;电子数据;区块链证据;大数据证据;人工智能证据;虚拟仿真证据,数字法学,诉讼法学,诉讼法学,诉讼法学,诉讼法学,,1512,yes
1513,法学研究,2023,045,3,数据产权的法律表达,刘文杰[1],[1]中国政法大学比较法学研究院,18,数据权;数据生产者;数据来源者;访问权;合理使用,数字法学,经济法学,民商法学,民商法学,民商法学,,1513,yes
1514,法学研究,2023,045,4,数据何以确权,王利明[1],[1]中国人民大学法学院,18,数据确权;数据流通;双重权益结构;合理使用,数字法学,经济法学,民商法学,民商法学,民商法学,,1514,yes
1515,法学研究,2023,045,2,数据公平利用的法理反思与制度重构,丁晓东[1],[1]中国人民大学法学院,16,数据利用;数据确权;数据访问与利用权;数据治理;数字经济,数字法学,经济法学,民商法学,民商法学,民商法学,,1515,yes
1516,法学研究,2018,40,6,数据的私法定位与保护,纪海龙[1],[1]华东师范大学法学院,20,数据;数据文件所有权;个人信息;权利客体,数字法学,民商法学,民商法学,民商法学,民商法学,,1516,yes
1517,法学研究,2023,045,2,数据确权的误区,周汉华[1],[1]中国社会科学院法学研究所,18,数据确权;财产规则;责任规则;反公地悲剧;网络效应,数字法学,经济法学,民商法学,民商法学,民商法学,,1517,yes
1518,法学研究,2023,045,3,数据确权：理路、方法与经济意义,熊丙万[1];何娟[2],[1]中国人民大学民商事法律科学研究中心;[2]中国人民大学法学院,19,数据财产权;行为规制;持有权;使用权;经营权,数字法学,民商法学,民商法学,民商法学,民商法学,,1518,yes
1519,法学研究,2023,045,3,整体法秩序视野下被害人自陷风险的理论重塑,陈璇[1],[1]中国人民大学刑事法律科学研究中心,20,被害人自陷风险;注意义务;被害人承诺;整体法秩序,法学理论,法学理论,法学理论,法学理论,法学理论,,1519,yes
1520,法学研究,2019,41,6,文书真伪认定的中国路径,曹志勋[1],[1]北京大学法学院,19,文书;形式证明力;文书真伪之诉;证明责任;公文书,诉讼法学,诉讼法学,诉讼法学,诉讼法学,诉讼法学,,1520,yes
1521,法学研究,2023,045,4,文体活动自甘冒险的风险分配与范围划定,申海恩[1],[1]中国政法大学民商经济法学院,21,自甘冒险;文体活动;注意义务;重大过失;风险分配,法学理论,法学理论,法学理论,法学理论,法学理论,,1521,yes
1522,法学研究,2025,000,2,文化中国的法律构建——以历史文化遗产法为中心,李富鹏[1],[1]中国政法大学法学院,17,文化中国;文化国;国家目的;国家目标;历史文化遗产法,法学理论,法学理论,法学理论,法学理论,法学理论,,1522,yes
1523,法学研究,2025,047,1,文化传承视角下的中国传统法典编纂,宋玲[1],[1]中央民族大学法学院,17,文化传承;中国传统;法典编纂;法治建设,法律史,法律史,法律史,法律史,法律史,,1523,yes
1524,法学研究,2017,39,6,新思想引领法治新征程——习近平新时代中国特色社会主义思想对依法治国和法治建设的指导意义,张文显,中国法学会,18,八个“明确” 依法治国 法治新征程 中国特色社会主义法治,法学理论,法学理论,法学理论,法学理论,法学理论,,1524,yes
1525,法学研究,2019,41,4,新时代中国法治理论创新发展的六个向度,李林[1],[1]中国社会科学院法学研究所,18,法治理论;依法治国;法治体系;法治实效;国际法治,国际法学,国际法学,国际法学,国际法学,国际法学,,1525,yes
1526,法学研究,2018,40,4,新时代推进社会公平正义的法治要义,"胡玉鸿[1,2]",[1]苏州大学王健法学院;[2]中国法治现代化研究院,14,新时代中国特色社会主义思想;学习十九大报告;社会公平正义,法学理论,法学理论,法学理论,法学理论,法学理论,,1526,yes
1527,法学研究,2021,43,3,新时代行政审判因应诉源治理之道,章志远,华东政法大学,17,诉源治理;诉前调解;社会治理;法治社会;行政审判,诉讼法学,诉讼法学,诉讼法学,诉讼法学,诉讼法学,,1527,yes
1528,法学研究,2024,046,5,新时代行政生效裁判检察监督之道,章志远[1],[1]华东政法大学,17,行政检察;检察监督;行政生效裁判;行政争议实质性化解;国家治理现代化,诉讼法学,诉讼法学,诉讼法学,诉讼法学,诉讼法学,,1528,yes
1529,法学研究,2017,39,4,方法论演进视野下的中国法律实证研究,雷鑫洪,中国人民公安大学法学院,20,法律实证研究;可视化计量分析;法学方法论;法学研究范式,法学理论,法学理论,法学理论,法学理论,法学理论,,1529,yes
1530,法学研究,2024,046,5,无益费用的赔偿限制原理,尚连杰[1],[1]南京大学法学院,20,无益费用;信赖利益;履行利益;过失相抵;可预见性,民商法学,民商法学,民商法学,民商法学,民商法学,,1530,yes
1531,法学研究,2015,0,1,既判力相对性原则：根据、例外与制度化,张卫平[1],[1]清华大学法学院,19,既判力;既判力相对性原则;既判力主观范围;第三人撤销之诉,诉讼法学,诉讼法学,诉讼法学,诉讼法学,诉讼法学,,1531,yes
1532,法学研究,2022,044,6,明代监察系统内部监察制度析论,陈国平[1],[1]中国社会科学院法学研究所,17,明朝;监察制度;内部监察,法律史,法律史,法律史,法律史,法律史,,1532,yes
1533,法学研究,2017,39,5,明清时期地权秩序的构造及其启示,汪洋,清华大学法学院,20,管业秩序 地权分化 一田多主 典制 三权分置,环境与资源保护法学,环境与资源保护法学,环境与资源保护法学,环境与资源保护法学,环境与资源保护法学,,1533,yes
1534,法学研究,2022,044,4,晚清时期国人对法院组织的认知,侯欣一[1],[1]天津财经大学法学院,20,法院认知;法院功能;独立审判;法院组织;诉讼程序,法律史,法律史,法律史,法律史,法律史,,1534,yes
1535,法学研究,2022,044,3,晚清杀尊亲属罪转型中的基本问题,张一民[1],[1]北京大学历史学系,15,杀尊亲属;外祖父母;减刑主义;编纂体例,法律史,法律史,法律史,法律史,法律史,,1535,yes
1536,法学研究,2019,,3,晚清西方视角中的中国家庭法,,以哲美森译_刑案汇览_为中心-于明-华东政法大学法律学院,,,法律史,法律史,法律史,法律史,法律史,,1536,yes
1537,法学研究,2018,40,4,智能互联网时代的法律变革,马长山[1],[1]华东政法大学,19,互联网;大数据;人工智能;法律变革;法律转型,数字法学,法学理论,数字法学,数字法学,数字法学,,1537,yes
1538,法学研究,2018,40,5,智能投资顾问模式中的主体识别和义务设定,高丝敏[1],[1]清华大学法学院,18,智能金融;智能投资顾问;长臂规则;信义义务,民商法学,民商法学,民商法学,民商法学,民商法学,,1538,yes
1539,法学研究,2021,43,6,最小必要原则在平台处理个人信息实践中的适用,武腾[1],[1]中央财经大学法学院,19,个人信息保护;最小必要原则;网络平台;忠实义务;补充性的合同解释,数字法学,民商法学,民商法学,民商法学,民商法学,,1539,yes
1540,法学研究,2021,43,3,有组织犯罪案件分案审理问题研究,龙宗智,四川大学法学院,19,有组织犯罪;分案审理;合并审理,刑法学,刑法学,刑法学,刑法学,刑法学,,1540,yes
1541,法学研究,2015,0,6,期待可能性理论的引入及限定性适用,钱叶六,苏州大学王健法学院,20,期待可能性;阶层式犯罪构成体系;责任减免事由;超法规的期待可能性事由,刑法学,刑法学,刑法学,刑法学,刑法学,,1541,yes
1542,法学研究,2024,046,3,期待权之检讨,袁野[1],[1]武汉大学法学院,19,期待权;规范性概念;描述性概念;所有权保留;不动产买受人,民商法学,民商法学,民商法学,民商法学,民商法学,,1542,yes
1543,法学研究,2017,39,3,机能的思考方法下的罪数论,庄劲,中山大学法学院,17,罪数论;竞合论;罪数标准,刑法学,刑法学,刑法学,刑法学,刑法学,,1543,yes
1544,法学研究,2019,41,3,构建公共服务法律体系的理论逻辑及现实展开,陈云良[1];寻健[2],[1]广东外语外贸大学法学院;[2]中南大学法学院,12,公共服务;社会保障;公共服务基本法;平衡充分发展,宪法学与行政法学,宪法学与行政法学,宪法学与行政法学,宪法学与行政法学,宪法学与行政法学,,1544,yes
1545,法学研究,2018,40,3,构建行政公益诉讼的客观诉讼机制,刘艺[1],[1]西南政法大学,12,行政诉讼;行政公益诉讼;客观诉讼,宪法学与行政法学,宪法学与行政法学,宪法学与行政法学,宪法学与行政法学,宪法学与行政法学,,1545,yes
1546,法学研究,2018,40,3,构成要件错误的本质:故意行为危险的偏离,柏浪涛[1],[1]华东师范大学法学院,19,构成要件错误;法定符合说;行为意志;故意归属;危险偏离,刑法学,刑法学,刑法学,刑法学,刑法学,,1546,yes
1547,法学研究,2017,39,5,案件事实的归属论证,黄泽敏,中南财经政法大学法学院,19,法律论证 归属论证 涵摄模式 等置模式 递进式符合模式,法学理论,法学理论,法学理论,法学理论,法学理论,,1547,yes
1548,法学研究,2021,43,5,案外人对执行标的主张实体权利的程序救济,金印[1],[1]中国人民大学法学院,15,"案外人异议之诉;案外人申请再审;""客体同一性""",诉讼法学,诉讼法学,诉讼法学,诉讼法学,诉讼法学,,1548,yes
1549,法学研究,2015,0,4,检察人员对分类管理改革的立场——以问卷调查为基础,程金华[1],[1]华东政法大学国际金融法律学院,15,司法改革;司法人员分类管理;利益相关者;实证研究,诉讼法学,诉讼法学,诉讼法学,诉讼法学,诉讼法学,,1549,yes
1550,法学研究,2015,0,1,检察官相对独立论,朱孝清[1],[1]原最高人民检察院,17,检察官;检察一体;相对独立;检察体制改革,诉讼法学,诉讼法学,诉讼法学,诉讼法学,诉讼法学,,1550,yes
1551,法学研究,2020,42,6,欺诈市场理论反思,耿利航[1],[1]中国政法大学民商经济法学院、制度学研究院,21,欺诈市场理论;交易因果关系;虚假陈述;集团诉讼;代表人诉讼,刑法学,刑法学,刑法学,刑法学,刑法学,1551-1552,1551,yes
1552,法学研究,2020,,6,欺诈市场理论反思,耿利航,中国政法大学民商经济法学院、制度学研究院,,,民商法学,民商法学,民商法学,民商法学,民商法学,1551-1552,1551,no
1553,法学研究,2024,046,6,正当防卫中的退避义务,江溯[1],[1]北京大学法学院,20,正当防卫;防卫权;退避义务;团结义务,刑法学,刑法学,刑法学,刑法学,刑法学,,1553,yes
1554,法学研究,2019,41,4,正当防卫法律规则司法重构的经验研究,赵军[1],[1]北京师范大学刑事法律科学研究院,18,正当防卫;法律规则的司法重构;经验研究,刑法学,刑法学,刑法学,刑法学,刑法学,,1554,yes
1555,法学研究,2015,0,2,死刑存废的民意维度——以组织卖淫罪可罚性观念的测量为中心,赵军[1],[1]北京师范大学刑事法律科学研究院,16,死刑改革;组织卖淫罪;民意;可罚性观念,刑法学,刑法学,刑法学,刑法学,刑法学,,1555,yes
1556,法学研究,2015,0,1,死刑适用标准的体系化构造,劳东燕[1],[1]清华大学法学院,21,死刑适用;死缓;死缓限制减刑;死刑立即执行;指导案例,刑法学,刑法学,刑法学,刑法学,刑法学,,1556,yes
1557,法学研究,2020,42,4,比例原则位阶秩序的司法适用,蒋红珍[1],[1]上海交通大学凯原法学院,14,比例原则;位阶秩序;司法适用;审查强度;司法与行政,法学理论,法学理论,法学理论,法学理论,法学理论,,1557,yes
1558,法学研究,2020,42,2,比例原则的适用范围与限度,梅扬[1],[1]武汉大学法学院,14,比例原则;人权保障;法益均衡;紧急状态,法学理论,法学理论,法学理论,法学理论,法学理论,,1558,yes
1559,法学研究,2018,40,6,民事实质诉讼法论,陈刚[1],[1]广州大学法学院,17,民事实质诉讼法;民事争讼法律关系;民事诉讼程序法;民法典,诉讼法学,诉讼法学,诉讼法学,诉讼法学,诉讼法学,,1559,yes
1560,法学研究,2021,43,5,民事裁判援引规章及行政规范性文件的审查义务,汪君[1],[1]中南财经政法大学法学院,15,裁判依据;说理依据;司法审查;民法渊源;民行协作,民商法学,民商法学,民商法学,民商法学,民商法学,,1560,yes
1561,法学研究,2016,38,2,民事证明责任分配之解释基准——以物权法第106条为分析文本,徐涤宇,中南财经政法大学法学院,16,善意取得;证明责任;规范目的;解释基准,诉讼法学,诉讼法学,诉讼法学,诉讼法学,诉讼法学,,1561,yes
1562,法学研究,2021,43,5,民事诉讼中具体化责任的转移:法理、条件与程度,周翠[1],[1]浙江大学光华法学院,16,主张具体化;附理由的否认;拟制自认;真实陈述;普遍阐明义务,诉讼法学,诉讼法学,诉讼法学,诉讼法学,诉讼法学,,1562,yes
1563,法学研究,2017,39,2,民事诉讼中的程序异议权研究,占善刚,武汉大学法学院,19,程序异议权;程序利益;瑕疵治愈;程序安定;诉讼经济原则,诉讼法学,诉讼法学,诉讼法学,诉讼法学,诉讼法学,,1563,yes
1564,法学研究,2021,43,1,民事诉讼撤销原判决之程序违法事由,占善刚,武汉大学环境法研究所;武汉大学法学院,14,程序违法;撤销原判;因果关系;严重违反法定程序,刑法学,刑法学,刑法学,刑法学,刑法学,,1564,yes
1565,法学研究,2024,046,2,民众对司法判决的认同与信赖——基于认知实验的研究,林喜芬[1];陈齐等[2];秦裕林[1],[1]上海交通大学凯原法学院;[2]交通银行安徽省分行财管部,16,司法公信力;司法认同度;司法信赖度;法律认知;实验法学,法学理论,法学理论,法学理论,法学理论,法学理论,,1565,yes
1566,法学研究,2018,40,3,民刑交叉诉讼关系处理的规则与法理,"张卫平[1,2]",[1]天津大学;[2]清华大学法学院,16,民刑交叉;民事诉讼;刑事诉讼;独立审判;先决关系,刑法学,刑法学,刑法学,刑法学,刑法学,,1566,yes
1567,法学研究,2016,38,3,民国时期公务员惩戒委员会体制研究,聂鑫,清华大学法学院,15,公务员惩戒;司法救济委员会制;五权宪法,法律史,法律史,法律史,法律史,法律史,,1567,yes
1568,法学研究,2017,39,2,民法与商法二元格局的演变与形成,施鸿鹏,浙江大学光华法学院,20,民商法;二元格局;企业经营组织;独立性,民商法学,民商法学,民商法学,民商法学,民商法学,,1568,yes
1569,法学研究,2021,43,4,民法典不当得利返还责任体系之展开,陈自强[1],[1]台湾大学法律学院,20,不当得利返还责任;双务契约无效;契约之回复;所受利益不存在;恶意得利人责任,民商法学,民商法学,民商法学,民商法学,民商法学,,1569,yes
1570,法学研究,2016,38,1,民法典与民事诉讼法的连接与统合——从民事诉讼法视角看民法典的编纂,张卫平,清华大学法学院,15,民法典;民事诉讼法;请求权;诉权;诉讼时效;强制执行,诉讼法学,诉讼法学,诉讼法学,诉讼法学,诉讼法学,,1570,yes
1571,法学研究,2020,42,6,民法典中的动产和权利担保体系,龙俊[1],[1]清华大学法学院,21,民法典;动产担保;权利担保;统一登记;登记对抗,民商法学,民商法学,民商法学,民商法学,民商法学,,1571,yes
1572,法学研究,2024,046,4,民法典体系下动产抵押权善意取得的规范续造,黄家镇[1],[1]西南政法大学民商法学院,18,动产抵押权;善意取得;法律续造;参照适用;动产和权利担保统一登记,民商法学,民商法学,民商法学,民商法学,民商法学,,1572,yes
1573,法学研究,2015,0,6,民法典总则编“法律行为”一章学者建议稿的编写说明,孙宪忠[1],[1]中国社会科学院法学所,12,民法典;民法总则;法律行为;意思自治;负担行为;处分行为,民商法学,民商法学,民商法学,民商法学,民商法学,,1573,yes
1574,法学研究,2022,044,6,民法典所有权保留之担保权构成,纪海龙[1],[1]北京大学法学院,21,所有权保留;取回权;回赎权;担保权保留,民商法学,民商法学,民商法学,民商法学,民商法学,,1574,yes
1575,法学研究,2024,046,4,民法典的精神损害赔偿体系——以功能主义为视角,洪国盛[1],[1]北京大学国际法学院,19,精神损害赔偿;违约精神损害赔偿;人格权;严重精神损害,民商法学,民商法学,民商法学,民商法学,民商法学,,1575,yes
1576,法学研究,2016,38,4,民法典编纂的宪法学透析,林来梵,清华大学法学院教授,20,民法典编纂;民法的宪法化;合宪性解释,民商法学,民商法学,民商法学,民商法学,民商法学,,1576,yes
1577,法学研究,2019,41,1,民法典编纂视野下合同法第402条、第403条的存废,方新军[1],[1]苏州大学王健法学院,22,间接代理;不公开本人的代理;介入权;选择权;合同相对性;名义标准,民商法学,民商法学,民商法学,民商法学,民商法学,,1577,yes
1578,法学研究,2019,41,3,民法合宪性解释的事实条件,李海平[1],[1]吉林大学法学院,17,宪法与民法;宪法适用;合宪性解释;法律解释,民商法学,民商法学,民商法学,民商法学,民商法学,,1578,yes
1579,法学研究,2018,40,6,民法基本原则的意义脉络,易军[1],[1]中国政法大学,19,民法基本原则;个体性价值;社会性价值;科学研究纲领理论,民商法学,民商法学,民商法学,民商法学,民商法学,,1579,yes
1580,法学研究,2016,38,3,民法基本原则：理论反思与法典表达,于飞,中国政法大学民商经济法学院,14,民法总则;基本原则;一般法律思想;概括条款,民商法学,民商法学,民商法学,民商法学,民商法学,,1580,yes
1581,法学研究,2018,40,3,民法总则与公司法的适用关系论,钱玉林[1],[1]华东政法大学经济法学院,15,民法总则;公司法;补充适用;漏洞填补,民商法学,民商法学,民商法学,民商法学,民商法学,,1581,yes
1582,法学研究,2018,40,2,民法总则中非法人组织权利能力之证成,张其鉴[1],[1]北京大学法学院,19,非法人组织；权利能力；主体属性；独立财产责任；法律实证主义,民商法学,民商法学,民商法学,民商法学,民商法学,,1582,yes
1583,法学研究,2018,40,1,民法总则法源条款的缺失与补充,于飞,中国政法大学民商经济法学院,16,民法总则第10条 习惯 补充性法源 民法基本原则,民商法学,民商法学,民商法学,民商法学,民商法学,,1583,yes
1585,法学研究,2016,38,1,治理体系的完善与民法典的时代精神,石佳友,中国人民大学法学院、中国人民大学民商事法律科学研究中心,19,治理;民法典;自由主义;人文主义;开放性;生态主义,环境与资源保护法学,环境与资源保护法学,环境与资源保护法学,环境与资源保护法学,环境与资源保护法学,,1585,yes
1586,法学研究,2020,42,2,法人依瑕疵决议所为行为之效力,徐银波[1],[1]西南政法大学,20,瑕疵决议;决议无效;相对无效;增资纠纷,民商法学,民商法学,民商法学,民商法学,民商法学,,1586,yes
1587,法学研究,2024,046,2,法典化背景下环境法基本制度的法理反思与体系建构,吴凯杰[1],[1]北京大学法学院,20,环境法典;环境法基本制度;环境法体系化;体系融贯,环境与资源保护法学,环境与资源保护法学,环境与资源保护法学,环境与资源保护法学,环境与资源保护法学,,1587,yes
1588,法学研究,2022,044,3,法学研究中裁判文书运用的方法论检讨——以刑事法文献为例的内容分析,何挺[1],[1]北京师范大学刑事法律科学研究院,19,裁判文书;实证研究;内容分析,刑法学,刑法学,刑法学,刑法学,刑法学,,1588,yes
1589,法学研究,2020,42,5,法学研究新范式: 计算法学的内涵、范畴与方法,申卫星[1];刘云[1],[1]清华大学法学院,21,计算法学;交叉学科;法学范式;信息社会,数字法学,法学理论,数字法学,数字法学,数字法学,,1589,yes
1590,法学研究,2020,42,1,法学研究目标受众选择的大数据分析,周翔[1];刘东亮[2],[1]浙江大学光华法学院;[2]西安交通大学法学院,19,法学研究;法学期刊;大数据;目标受众;评价体系,数字法学,法学理论,法学理论,民商法学,民商法学,,1590,yes
1591,法学研究,2019,41,1,法官个体本位抑或法院整体本位——我国法院建构与运行的基本模式选择,顾培东[1],[1]四川大学法学院,20,法院改革;法官个体本位;法院整体本位;法官独立,诉讼法学,诉讼法学,诉讼法学,诉讼法学,诉讼法学,,1591,yes
1592,法学研究,2021,43,6,法律事实理论视角下的实质性宪法解释,莫纪宏[1],[1]中国社会科学院法学研究所,16,宪法解释;宪法实施;法律解释;实质性宪法解释;宪法解释程序法,诉讼法学,诉讼法学,诉讼法学,诉讼法学,诉讼法学,,1592,yes
1593,法学研究,2025,000,2,法律保留的中国方案：“本质重要性”标准的引入及应用,李忠夏[1],[1]中国人民大学法学院,16,法律保留;基本权利;法治国;依法律行政;合宪性审查,宪法学与行政法学,宪法学与行政法学,宪法学与行政法学,宪法学与行政法学,宪法学与行政法学,,1593,yes
1594,法学研究,2024,046,1,法律关系范式之反思——以民事诉讼法为中心,袁中华[1],[1]中南财经政法大学法学院,19,法律关系范式;权利范式;诉讼标的;民事案由;证明责任,诉讼法学,诉讼法学,诉讼法学,诉讼法学,诉讼法学,,1594,yes
1595,法学研究,2017,39,4,法律概念是重要的吗,雷磊,中国政法大学法学,23,法律概念;观念论;法律推理;法理论上的规范主义,法学理论,法学理论,法学理论,法学理论,法学理论,,1595,yes
1596,法学研究,2020,42,6,法律漏洞填补的司法论证,黄泽敏[1],[1]华东师范大学法学院,18,法律漏洞;司法论证;论证型式;裁判规则,法学理论,法学理论,法学理论,法学理论,法学理论,,1596,yes
1597,法学研究,2016,38,2,法律继受中的“制度器物化”批判——以近代中国司法制度设计思路为中心,李启成,北京大学法学院,18,制度器物化;国族自觉;司法权威;法律继受,法律史,法律史,法律史,法律史,法律史,,1597,yes
1598,法学研究,2021,43,5,法律行为内容评判的个案审查比对方法——兼谈民法典格式条款效力规范的解释,李世刚[1],[1]复旦大学法学院,20,法律行为;公序良俗;强制性规定;格式条款,民商法学,民商法学,民商法学,民商法学,民商法学,,1598,yes
1599,法学研究,2024,046,4,法律行为效力瑕疵情形的返还清算,周江洪[1],[1]浙江大学光华法学院,18,法律行为;效力瑕疵;返还清算;折价补偿,法学理论,法学理论,法学理论,法学理论,法学理论,,1599,yes
1600,法学研究,2025,047,1,法律行为汉字术语的日本翻译与中国传播史,"吴奇琦[1,2]",[1]澳门大学法学院;[2]人文社科高等研究院,23,法律行为;法律上的行为;法律事务;准法律行为;事实行为,法学理论,法学理论,法学理论,法学理论,法学理论,,1600,yes
1601,法学研究,2020,42,6,法律规范合宪性解释的方法论构造,刘召成[1],[1]天津大学法学院,18,合宪性解释;目的解释;合宪性判断;合宪性续造,宪法学与行政法学,宪法学与行政法学,宪法学与行政法学,宪法学与行政法学,宪法学与行政法学,,1601,yes
1602,法学研究,2021,43,4,法律解释与法律续造的区分标准,陈坤[1],[1]南京大学法学院,18,法律解释;法律续造;文义可能性;立法意图;价值权衡,法学理论,法学理论,法学理论,法学理论,法学理论,,1602,yes
1603,法学研究,2015,0,6,法律选择协议效力的法律适用辩释,沈涓,中国社会科学院国际法研究所,16,法律选择协议;法律适用;意思自治原则;当事人选择的法律;法院地法,法学理论,法学理论,法学理论,法学理论,法学理论,,1603,yes
1604,法学研究,2018,40,5,法教义学与法治:法教义学的治理意义,雷磊[1],[1]中国政法大学法学院,18,法教义学;法治;法的安定性;融贯法律体系,法学理论,法学理论,法学理论,法学理论,法学理论,,1604,yes
1605,法学研究,2024,046,5,法条授权行政立法的规范化,王克稳[1],[1]苏州大学王健法学院,17,法条授权;行政立法;创制性授权立法;法律保留;立法体制,法学理论,法学理论,法学理论,法学理论,法学理论,,1605,yes
1606,法学研究,2016,38,1,法条竞合与想象竞合的区分,张明楷,清华大学法学院,21,法条竞合;想象竞合;法益的同一性;不法的包容性,刑法学,刑法学,刑法学,刑法学,刑法学,,1606,yes
1607,法学研究,2021,43,1,法治化营商环境建设的合规机制——以刑事合规为中心,李本灿,山东大学法学院,18,营商环境建设;公权合规计划;企业合规,刑法学,刑法学,刑法学,刑法学,刑法学,,1607,yes
1608,法学研究,2017,39,2,法治国的宪法内涵——迈向功能分化社会的宪法观,李忠夏,山东大学法学院,21,立宪;法治国;宪法功能;宪法观;社会功能分化,宪法学与行政法学,宪法学与行政法学,宪法学与行政法学,宪法学与行政法学,宪法学与行政法学,,1608,yes
1609,法学研究,2016,38,3,法治如何定量——我国法治评估量化方法评析,周祖成;杨惠琪,西南政法大学行政法学院,16,法治指数;法治量化评估;法治量化方法,法学理论,法学理论,法学理论,法学理论,法学理论,,1609,yes
1610,法学研究,2015,0,6,法治评估模式辨异,钱弘道[1];杜维超[1],[1]浙江大学法学院,15,法治评估;法治指数;国家治理;行政管理;法治评估模式,法学理论,法学理论,法学理论,法学理论,法学理论,,1610,yes
1611,法学研究,2020,42,2,法理论:历史形成、学科属性及其中国化,雷磊[1],[1]中国政法大学,22,法理论;一般法学说;基本法律概念;科学化;中国化,法学理论,法学理论,法学理论,法学理论,法学理论,,1611,yes
1612,法学研究,2025,047,1,法秩序统一性原理之建构,雷磊[1],[1]中国政法大学,20,法秩序;法律体系;法律适用;同案同判;法制统一,诉讼法学,诉讼法学,诉讼法学,诉讼法学,诉讼法学,,1612,yes
1613,法学研究,2024,046,5,注册制度改革背景下基于商标不使用的实体法抗辩,谢晴川[1],[1]武汉大学法学院,19,商标注册;商标使用;要件事实抗辩;抗辩权;损害赔偿,知识产权法学,民商法学,知识产权法学,知识产权法学,知识产权法学,,1613,yes
1614,法学研究,2021,43,6,"注册商标使用中的""未改变显著特征""",付继存[1],[1]中国政法大学民商经济法学院,21,注册商标;商标使用;显著特征;商标通信模型,知识产权法学,民商法学,知识产权法学,知识产权法学,知识产权法学,,1614,yes
1615,法学研究,2019,41,1,注意义务的规范本质与判断标准,陈璇[1],[1]中国人民大学刑事法律科学研究中心,19,过失犯;注意义务;标准人;被容许的风险,法学理论,法学理论,法学理论,法学理论,法学理论,,1615,yes
1616,法学研究,2022,044,5,浙路风潮中的诸权之争,张玲玉[1],[1]对外经济贸易大学法学院,17,浙路风潮;保路运动;路权;铁路国有化,法律史,法律史,法律史,法律史,法律史,,1616,yes
1617,法学研究,2018,40,3,海上保险的最大诚信:制度内涵与立法表达,初北平[1],[1]大连海事大学法学院,18,海上保险;最大诚信;保险法;诚信原则;告知义务,民商法学,民商法学,民商法学,民商法学,民商法学,,1617,yes
1618,法学研究,2020,42,6,涉外代理关系准据法的确定,林强[1],[1]清华大学法学院,21,涉外代理;代理冲突法;代理行为地;意思自治;利益衡量,民商法学,民商法学,民商法学,民商法学,民商法学,,1618,yes
1619,法学研究,2017,39,3,涉外法律适用的冲突正义——以法律关系本座说为中心,徐鹏,西南政法大学,19,冲突正义;判决一致;自由;平等;法律关系本座说,法学理论,法学理论,法学理论,法学理论,法学理论,,1619,yes
1620,法学研究,2019,41,5,涉外知识产权归属的法律适用,阮开欣[1],[1]华东政法大学知识产权学院,18,知识产权归属;法律适用;被请求保护国原则;权属普遍制,知识产权法学,民商法学,知识产权法学,知识产权法学,知识产权法学,,1620,yes
1621,法学研究,2016,,5,涉诉信访治理的正当性与法治化——1978,2015年实践探索的分析,彭小龙-中国人民大学法学院,,,法学理论,法学理论,法学理论,法学理论,法学理论,,1621,yes
1622,法学研究,2020,42,1,混合共同担保人相互间无追偿权论,崔建远[1],[1]清华大学法学院,17,混合共同担保;追偿权;当事人预期;公平原则,民商法学,民商法学,民商法学,民商法学,民商法学,,1622,yes
1623,法学研究,2021,43,2,清代君臣的法外施仁博弈,蒋铁初,杭州师范大学沈钧儒法学院,18,法外施仁;法内之仁;君臣博弈,法律史,法律史,法律史,法律史,法律史,,1623,yes
1624,法学研究,2018,40,5,清代州县讼事中的国家与个人——以巴县档案为中心,汪雄涛[1],[1]苏州大学王健法学院,18,讼事;州县;国家;个人;压制型诉讼,法律史,法律史,法律史,法律史,法律史,,1624,yes
1625,法学研究,2019,41,5,清代州县词讼积案与上级的监督,邓建鹏[1],[1]中央财经大学法学院,18,清代;州县官;监督;自理词讼;积案,法律史,法律史,法律史,法律史,法律史,,1625,yes
1626,法学研究,2024,046,5,清代的地权习惯与法律介入———国家与市场的互动视角,赖骏楠[1],[1]复旦大学法学院,17,清代地权;习惯;一田多主;田赋征收,法律史,法律史,法律史,法律史,法律史,,1626,yes
1627,法学研究,2015,0,5,清代讼师贪利形象的多重建构,尤陈俊[1],[1]中国人民大学法学院,17,健讼;讼师;包揽词讼;写状费用,法律史,法律史,法律史,法律史,法律史,,1627,yes
1628,法学研究,2018,40,2,清律“家人共盗”的法思想源流,谢晶[1],[1]中国政法大学法学院,14,大清律例；共同犯罪；一家人共犯罪；共盗；礼教,法律史,法律史,法律史,法律史,法律史,,1628,yes
1629,法学研究,2018,40,4,清末《新民丛报》与《民报》论战中的“国民”议题,赖骏楠[1],[1]复旦大学法学院,17,宪法;国民;梁启超;革命派;儒家,法律史,法律史,法律史,法律史,法律史,,1629,yes
1630,法学研究,2017,39,6,滥用知情权的逻辑及展开,王锡锌,北京大学法学院,20,信息公开 知情权 权利滥用 纠缠性申请,法学理论,法学理论,法学理论,法学理论,法学理论,,1630,yes
1631,法学研究,2022,44,1,版权保护与创作、文化发展的关系,章凯业[1],[1]中国海洋大学法学院,20,版权;媒介稀缺;文化产业;信息社会;知识产权反垄断,知识产权法学,民商法学,知识产权法学,知识产权法学,知识产权法学,,1631,yes
1632,法学研究,2021,43,3,物业服务合同法律构造之中国模式,徐涤宇,中南财经政法大学法学院,16,物业服务合同;团体缔约;集体合同;规范性效力;特别法模式,民商法学,民商法学,民商法学,民商法学,民商法学,,1632,yes
1633,法学研究,2022,044,3,牵连关系的类型——基于刑事立法、司法解释规定的分析,王彦强[1],[1]南京师范大学法学院,16,牵连犯;牵连关系;从一重处断,刑法学,刑法学,刑法学,刑法学,刑法学,,1633,yes
1634,法学研究,2025,047,3,特别条款优先效力的理论困境及其解决路径——以特别关系的类型区分为视角,邓毅丞[1],[1]华南师范大学法学院,21,法条竞合;特别条款;特别加重关系;特别减轻关系;处罚效果,刑法学,刑法学,刑法学,刑法学,刑法学,,1634,yes
1635,法学研究,2024,046,4,犯罪参与体系中区分制与单一制的融合,黎宏[1],[1]清华大学法学院,16,犯罪参与体系;共同犯罪;区分制;单一制;正犯;共犯,刑法学,刑法学,刑法学,刑法学,刑法学,,1635,yes
1636,法学研究,2021,43,5,"犯罪故意概念中的""危害社会"":规范判断与归责机能",曾文科[1],[1]中国政法大学刑事司法学院,16,犯罪故意;危害社会;违法性认识,刑法学,刑法学,刑法学,刑法学,刑法学,,1636,yes
1637,法学研究,2017,39,5,环境侵权因果关系类型化视角下的举证责任,陈伟,南京大学法学院,18,一般因果关系 特定因果关系 环境侵权 因果关系 举证责任,刑法学,刑法学,刑法学,刑法学,刑法学,,1637,yes
1638,法学研究,2019,41,3,环境民事公益诉讼性质定位省思,巩固[1],[1]浙江大学光华法学院,21,环境民事公益诉讼;代位执法;生态损害赔偿;民法典侵权责任编,环境与资源保护法学,环境与资源保护法学,环境与资源保护法学,环境与资源保护法学,环境与资源保护法学,,1638,yes
1639,法学研究,2020,42,3,环境法体系中的自然保护地立法,吴凯杰[1],[1]北京大学法学院,20,自然保护地立法;环境法;保护优先原则;综合治理原则;生态整体性,环境与资源保护法学,环境与资源保护法学,环境与资源保护法学,环境与资源保护法学,环境与资源保护法学,,1639,yes
1640,法学研究,2018,40,4,环境行政处罚规制功能之补强,谭冰霖[1],[1]中南财经政法大学社会科学研究院,20,环境行政处罚;环境规制;环境执法;风险预防;生态恢复,环境与资源保护法学,环境与资源保护法学,环境与资源保护法学,环境与资源保护法学,环境与资源保护法学,,1640,yes
1641,法学研究,2018,40,1,环境责任保险与环境风险控制的法律体系建构,马宁,西北政法大学,20,环境风险 环境侵权 强制责任保险 环境责任保险 纯粹经济损失,民商法学,民商法学,民商法学,民商法学,民商法学,,1641,yes
1642,法学研究,2019,41,4,现代监护理念下监护与行为能力关系的重构,彭诚信[1];李贝[1],[1]上海交通大学凯原法学院,21,监护;行为能力;成年监护;未成年监护;残疾人权利公约,国际法学,国际法学,国际法学,国际法学,国际法学,,1642,yes
1643,法学研究,2016,38,6,生命科技时代民法中人的主体地位构造基础,汪志刚,江西财经大学,20,民事主体;人格;人体;理性;人性尊严,民商法学,民商法学,民商法学,民商法学,民商法学,,1643,yes
1644,法学研究,2022,044,4,用户价值与数字税立法的逻辑,张牧君[1],[1]北京大学法学院,20,"用户价值;数字税;数字服务税;双支柱;""金额A""规则",数字法学,经济法学,经济法学,经济法学,经济法学,,1644,yes
1645,法学研究,2024,046,2,申请保全错误损害赔偿责任：规范、定性及诉讼实现,占善刚[1],[1]武汉大学环境法研究所,17,申请保全错误;法定之债;风险责任;保全必要性;诉讼保全责任保险,民商法学,民商法学,民商法学,民商法学,民商法学,,1645,yes
1646,法学研究,2019,,2,电子数据在刑事证据体系中的定位与审查判断规则,,基于网络假货犯罪案件裁判文书的分析-胡铭-浙江大学光华法学院,,,数字法学,诉讼法学,诉讼法学,诉讼法学,诉讼法学,,1646,yes
1647,法学研究,2022,044,2,电子数据的技术性鉴真,谢登科[1],[1]吉林大学法学院,16,电子数据;鉴真;完整性校验;数字签名;区块链存证,数字法学,诉讼法学,诉讼法学,诉讼法学,诉讼法学,,1647,yes
1648,法学研究,2016,38,6,电子证据的关联性,刘品新,中国人民大学刑事法律科学研究中心,16,电子证据;大数据;关联性;证据规则,数字法学,诉讼法学,诉讼法学,诉讼法学,诉讼法学,,1648,yes
1649,法学研究,2018,40,4,电子证据真实性的三个层面——以刑事诉讼为例的分析,褚福民[1],[1]证据科学教育部重点实验室(中国政法大学)、司法文明协同创新中心,18,电子证据;真实性;证据载体;电子数据;证据内容,数字法学,诉讼法学,诉讼法学,诉讼法学,诉讼法学,,1649,yes
1650,法学研究,2016,38,6,电子诉讼制度构建的法律基础,王福华,上海财经大学法学院教授,19,电子诉讼;电子法院;电子法律交往;电子送达;电子提交,诉讼法学,诉讼法学,诉讼法学,诉讼法学,诉讼法学,,1650,yes
1651,法学研究,2015,0,2,界定行政处罚行为的功能性考量路径,陈鹏,厦门大学法学院,16,争议性行政措施;行政处罚;个案考量;行政处罚法,宪法学与行政法学,宪法学与行政法学,宪法学与行政法学,宪法学与行政法学,宪法学与行政法学,,1651,yes
1652,法学研究,2015,0,4,疫学因果关系及其证明,陈伟[1],[1]南京大学法学院,20,疫学因果关系;环境侵权;专家证言;科学证据;举证责任,刑法学,刑法学,刑法学,刑法学,刑法学,,1652,yes
1653,法学研究,2015,0,3,监听侦查的法治实践：美国经验与中国路径,曾赟[1],[1]浙江工商大学法学院,18,监听侦查;隐私权;程序性正当程序;实体性正当程序,数字法学,宪法学与行政法学,诉讼法学,民商法学,民商法学,,1653,yes
1654,法学研究,2019,41,2,监察过程中的公安协助配合机制,江国华[1];张硕[1],[1]武汉大学法学院,18,警监协助;政务连带;监察程序法;监察协助,诉讼法学,诉讼法学,诉讼法学,诉讼法学,诉讼法学,,1654,yes
1655,法学研究,2018,40,3,直接适用的法与相关制度的体系平衡,张春良[1],[1]西南政法大学,19,涉外民事关系法律适用法;直接适用的法;法律规避禁止;公共秩序保留,民商法学,民商法学,民商法学,民商法学,民商法学,,1655,yes
1656,法学研究,2015,0,4,省级统管地方法院法官任用改革审思——基于实证考察的分析,左卫民[1],[1]四川大学法学院,18,地方法院;法官任用;省级统管,诉讼法学,诉讼法学,诉讼法学,诉讼法学,诉讼法学,,1656,yes
1657,法学研究,2023,045,6,真正地理标志保护的实质与我国地理标志统一立法,王笑冰[1],[1]山东大学法学院,22,地理标志;原产地名称;产品保护;商标法;反不正当竞争法,知识产权法学,民商法学,知识产权法学,知识产权法学,知识产权法学,,1657,yes
1658,法学研究,2021,43,4,知情与行为相分离情形下法人知情归责的认定,萧鑫[1],[1]中国社会科学院法学研究所,19,聚合知情归责;知情规范;法人归责规范;知情责任理论,民商法学,民商法学,民商法学,民商法学,民商法学,,1658,yes
1659,法学研究,2022,44,1,知识产权国际博弈与中国话语的价值取向,吕炳斌[1],[1]南京大学法学院,18,知识产权;国际博弈;话语体系;药品专利期限补偿;合理使用,知识产权法学,民商法学,知识产权法学,知识产权法学,知识产权法学,,1659,yes
1660,法学研究,2022,44,1,知识产权惩罚性赔偿的类型化适用与风险避免——基于国际知识产权规则的视角,刘银良[1],[1]北京大学法学院,17,知识产权;惩罚性赔偿;加重赔偿;恶意侵权;过度威慑,知识产权法学,民商法学,知识产权法学,知识产权法学,知识产权法学,,1660,yes
1661,法学研究,2019,,2,知识产权法与反不正当竞争法一般条款的关系,,以图式的认知经济性为分析视角-蒋舸-清华大学法学院,,,知识产权法学,民商法学,知识产权法学,知识产权法学,知识产权法学,,1661,yes
1662,法学研究,2021,43,2,"破产法的指标化进路及其检讨——以世界银行""办理破产""指标为例",高丝敏,清华大学法学院,16,计量比较法;营商环境;办理破产指标;破产融资;债权人保护,民商法学,民商法学,民商法学,民商法学,民商法学,,1662,yes
1663,法学研究,2025,000,2,破产程序中的抵销预期保护,朱虎[1],[1]中国人民大学民商事法律科学研究中心,18,抵销;破产抵销;抵销预期;偏颇行为,民商法学,民商法学,民商法学,民商法学,民商法学,,1663,yes
1664,法学研究,2015,0,2,破产视角下的抵销,许德风[1],[1]北京大学法学院,21,抵销;破产抵销;独立的抵销;同一交易内的抵销;三角抵销,民商法学,民商法学,民商法学,民商法学,民商法学,,1664,yes
1665,法学研究,2018,40,1,确认之诉的限缩及其路径,刘哲玮,北京大学法学院,20,确认之诉 诉讼标的 确认利益 诉的类型,诉讼法学,诉讼法学,诉讼法学,诉讼法学,诉讼法学,,1665,yes
1666,法学研究,2023,045,1,社会主义核心价值观融入司法裁判的方法论反思,雷磊[1],[1]中国政法大学,17,社会主义核心价值观;法律原则;裁判理由;裁判依据;具体化论证,法学理论,法学理论,法学理论,法学理论,法学理论,,1666,yes
1667,法学研究,2023,045,1,禁止财务资助规则的公司法建构,皮正德[1],[1]清华大学法学院,19,财务资助;利润分配;对赌协议;股份回购;抽逃出资,民商法学,民商法学,民商法学,民商法学,民商法学,,1667,yes
1668,法学研究,2018,40,1,离婚协议中的“赠与子女财产”条款研究,陆青,浙江大学光华法学院,19,离婚协议 赠与 任意撤销权 离婚财产清算协议 为第三人利益合同,民商法学,民商法学,民商法学,民商法学,民商法学,,1668,yes
1669,法学研究,2020,42,4,私法中善意认定的规则体系,石一峰[1],[1]浙江大学光华法学院,19,善意认定;可信赖事实;一般可信赖性;特定可信赖性,民商法学,民商法学,民商法学,民商法学,民商法学,,1669,yes
1670,法学研究,2015,0,1,私法中理性人标准之构建,叶金强[1],[1]南京大学法学院,14,理性人标准;认知图式;适用机制;价值实现,民商法学,民商法学,民商法学,民商法学,民商法学,,1670,yes
1671,法学研究,2020,42,3,秦及汉初逃亡犯罪的刑罚适用和处理程序,张传玺[1],[1]中国政法大学法律古籍整理研究所,17,秦及汉初;逃亡;自出;命会,刑法学,刑法学,刑法学,刑法学,刑法学,,1671,yes
1672,法学研究,2015,0,2,秦汉律所见“质钱”考辨,李力[1],[1]华中科技大学法学院,16,质钱;担保;睡虎地秦简;岳麓秦简;张家山汉简,民商法学,民商法学,民商法学,民商法学,民商法学,,1672,yes
1673,法学研究,2016,38,4,积极刑法立法观在中国的确立,周光权,清华大学法学院教授,18,刑法修正;古典刑法思想;谦抑性;积极刑法立法观,刑法学,刑法学,刑法学,刑法学,刑法学,,1673,yes
1674,法学研究,2023,045,1,积极应对人口老龄化的法治进路,郭春镇[1],[1]厦门大学法学院,18,老龄化社会;积极老龄化;生产性老龄化;老年人权益保护;健康权,环境与资源保护法学,环境与资源保护法学,环境与资源保护法学,环境与资源保护法学,环境与资源保护法学,,1674,yes
1675,法学研究,2025,047,1,积极悔罪制度的体系化：平等适用刑法原则消极面向的展开,李本灿[1],[1]武汉大学法学院,17,积极悔罪;平等适用刑法;刑罚目的;需罚性;认罪认罚从宽,刑法学,刑法学,刑法学,刑法学,刑法学,,1675,yes
1676,法学研究,2016,38,2,积极抗辩事由的证明责任：误解与澄清,李昌盛,西南政法大学诉讼法与司法改革研究中心,20,积极抗辩事由;证明责任;说服责任;提供证据责任;证明必要,诉讼法学,诉讼法学,诉讼法学,诉讼法学,诉讼法学,,1676,yes
1677,法学研究,2018,40,6,税收构成要件理论的反思与再造,叶金育[1],[1]中南民族大学法学院,19,税收构成要件;阶层税收构成;可税性;税收法定,经济法学,经济法学,经济法学,经济法学,经济法学,,1677,yes
1678,法学研究,2016,38,5,税法续造与税收法定主义的实现机制,汤洁茵,中国青年政治学院法学院,19,税收法定主义;税法漏洞;法律续造,经济法学,经济法学,经济法学,经济法学,经济法学,,1678,yes
1679,法学研究,2023,045,2,算法透明层次论,安晋城[1],[1]中国政法大学民商经济法学院,15,算法;透明原则;可解释人工智能;算法黑箱,数字法学,宪法学与行政法学,宪法学与行政法学,宪法学与行政法学,宪法学与行政法学,,1679,yes
1680,法学研究,2022,044,5,类案适用的司法论证,杨知文[1],[1]华东政法大学科学研究院,15,类案检索;类案适用;司法论证;裁判要点;指导性案例,法学理论,法学理论,法学理论,法学理论,法学理论,,1680,yes
1681,法学研究,2024,046,5,精准塑造更高水平对外开放与涉外私法制度创新,张春良[1],[1]西南政法大学,21,涉外私法关系;管辖权;境外仲裁;临时仲裁;法律适用选择,民商法学,民商法学,民商法学,民商法学,民商法学,,1681,yes
1682,法学研究,2022,044,2,纪检监察机关大数据监督的规范化与制度构建,杨建军[1],[1]西北政法大学法治学院,17,纪检监察;大数据监督;个人信息保护;政务数据,数字法学,民商法学,民商法学,民商法学,民商法学,,1682,yes
1683,法学研究,2020,42,2,组织体刑事责任论及其应用,黎宏[1],[1]清华大学法学院,18,单位犯罪;单位意思;组织体刑事责任,刑法学,刑法学,刑法学,刑法学,刑法学,,1683,yes
1684,法学研究,2015,0,5,缔约过失与欺诈的制度竞合——以欺诈的“故意”要件为中心,刘勇[1],[1]南京大学法学院,16,故意;制度竞合;过失的欺诈;信息提供义务,法学理论,法学理论,法学理论,法学理论,法学理论,,1684,yes
1685,法学研究,2016,38,3,缔约过程中说明义务的动态体系论,尚连杰,南京大学法学院,19,缔约过程;说明义务;动态体系;要素,法学理论,法学理论,法学理论,法学理论,法学理论,,1685,yes
1686,法学研究,2023,045,5,缺省性公司法规则的构造——基于减少交易成本和代理成本的分析,伍坚[1],[1]华东政法大学研究生院,19,强制性规则;缺省性规则;默认规则;公司章程;日落条款,民商法学,民商法学,民商法学,民商法学,民商法学,,1686,yes
1687,法学研究,2020,42,2,网络平台的公共性及其实现——以电商平台的法律规制为视角,刘权[1],[1]中央财经大学法学院,15,网络平台;私权力;平台责任;数字经济;合作治理,数字法学,经济法学,经济法学,经济法学,经济法学,,1687,yes
1688,法学研究,2023,045,5,网络暴力治理的法治化转型及立法体系建构,刘艳红[1],[1]中国政法大学刑事司法学院,17,网络暴力;反网络暴力法;领域法;协同共治,数字法学,法学理论,法学理论,民商法学,法学理论,,1688,yes
1689,法学研究,2019,41,5,网络空间中犯罪帮助行为的类型化——来自司法判决的启发,"邓矜婷[1,2]",[1]中国人民大学刑事法律科学研究中心;[2]中国人民大学未来法治研究院,19,网络帮助行为;提供侵入、非法控制计算机信息系统的程序、工具罪;帮;助信息网络犯罪活动罪;明知,数字法学,刑法学,刑法学,刑法学,刑法学,,1689,yes
1690,法学研究,2023,045,6,羁押必要性判断中的“一贯表现”证据研究,秦宗文[1],[1]南京大学法学院,19,羁押必要性;社会危险性;一贯表现;品格证据;逮捕,刑法学,刑法学,刑法学,刑法学,刑法学,,1690,yes
1691,法学研究,2018,40,2,羁押必要性审查制度试点研究报告,陈卫东[1],[1]中国人民大学法学院,20,逮捕；羁押；羁押必要性审查,刑法学,刑法学,刑法学,刑法学,刑法学,,1691,yes
1692,法学研究,2022,044,4,群体诉讼的博弈分析,王福华[1],[1]上海交通大学凯原法学院,20,群体诉讼;诉讼博弈;诉讼和解;胜诉取酬,诉讼法学,诉讼法学,诉讼法学,诉讼法学,诉讼法学,,1692,yes
1693,法学研究,2023,045,2,老龄社会婚姻规则多元论,鲁晓明[1],[1]广东财经大学法治与经济发展研究所,16,老龄社会;婚姻;注册伴侣;见(公)证互惠,民商法学,民商法学,民商法学,民商法学,民商法学,,1693,yes
1694,法学研究,2020,42,3,股东会决议无效的公司法解释,"叶林[1,2]",[1]中国人民大学民商事法律科学研究中心;[2]中国人民大学法学院,21,决议无效;股东会;公司安定性;公司民主;裁判标准,民商法学,民商法学,民商法学,民商法学,民商法学,,1694,yes
1695,法学研究,2020,42,6,股东出资加速到期的理论证成,钱玉林[1],[1]华东政法大学经济法学院,14,认缴资本制;出资加速到期;出资期限利益;公司责任财产;补充赔偿责任,民商法学,民商法学,民商法学,民商法学,民商法学,,1695,yes
1696,法学研究,2023,045,4,股东溢价出资的会计表达与法律属性,郑彧[1],[1]华东政法大学,17,认缴制;溢价出资;所有者权益;法定义务,民商法学,民商法学,民商法学,民商法学,民商法学,,1696,yes
1697,法学研究,2021,43,4,自然人民事权利能力差等论的批判与反思,汪志刚[1],[1]江西财经大学法学院,18,自然人;民事权利能力;法律平等;民事主体,民商法学,民商法学,民商法学,民商法学,民商法学,,1697,yes
1698,法学研究,2019,41,6,自然资源分出物的自由原始取得,张力[1],[1]西南政法大学民商法学院,20,自然资源;先占取得;添附取得;孳息取得;法益,环境与资源保护法学,环境与资源保护法学,环境与资源保护法学,环境与资源保护法学,环境与资源保护法学,,1698,yes
1699,法学研究,2015,0,2,自然资源国家所有权公权说再论,巩固[1],[1]浙江大学光华法学院,22,自然资源;国家所有权;公权;私权;主权,环境与资源保护法学,环境与资源保护法学,环境与资源保护法学,环境与资源保护法学,环境与资源保护法学,,1699,yes
1700,法学研究,2016,38,3,自然资源国家所有权的双重权能结构,叶韫平,上海财经大学法学院,17,自然资源;国家所有权;所有权权能,环境与资源保护法学,环境与资源保护法学,环境与资源保护法学,环境与资源保护法学,环境与资源保护法学,,1700,yes
1701,法学研究,2023,045,2,自然资源资产国家所有权委托代理的法律性质,汪志刚[1],[1]江西财经大学法学院,18,自然资源资产;国家所有权;委托代理;所有者职责;监管权,环境与资源保护法学,环境与资源保护法学,环境与资源保护法学,环境与资源保护法学,环境与资源保护法学,,1701,yes
1702,法学研究,2018,40,5,苏俄宪法在中国的传播及其当代意义,韩大元[1],[1]中国人民大学法学院,20,苏俄宪法;社会主义宪法;1954年宪法;张君劢,宪法学与行政法学,宪法学与行政法学,宪法学与行政法学,宪法学与行政法学,宪法学与行政法学,,1702,yes
1703,法学研究,2023,045,3,英美在近代中国行使治外法权主体之型化与形替,屈文生[1],[1]华东政法大学,20,领事法庭;会审公堂;大英上海最高法院;美国对华法院;治外法权统治,法律史,法律史,法律史,法律史,法律史,,1703,yes
1704,法学研究,2022,44,1,著作权合同中作者权益保护的规则取舍与续造,熊琦[1],[1]华中科技大学法学院,17,著作权合同;作者权益;合同解除;合同终止,知识产权法学,民商法学,知识产权法学,知识产权法学,知识产权法学,,1704,yes
1705,法学研究,2015,0,6,著作权法与专利法中“惩罚性赔偿”之非惩罚性,蒋舸,清华大学法学院,18,著作权法;专利法;惩罚性赔偿;加重赔偿;创新,知识产权法学,民商法学,知识产权法学,知识产权法学,知识产权法学,,1705,yes
1706,法学研究,2021,43,2,著作权法中传播权的体系,王迁,华东政法大学,21,传播权;向公众传播权;公开传播权;表演权;广播权,知识产权法学,民商法学,知识产权法学,知识产权法学,知识产权法学,,1706,yes
1707,法学研究,2023,045,3,著作权法中作品独创性的审美逻辑,王国柱[1],[1]吉林大学法学院,19,作品独创性;审美;实用艺术作品;作品类型转换;著作权侵权,知识产权法学,民商法学,知识产权法学,知识产权法学,知识产权法学,,1707,yes
1708,法学研究,2019,41,2,著作权法限制音乐专有许可的正当性,王迁[1],[1]华东政法大学,20,音乐作品;专有许可;制作录音制品法定许可;强制许可,知识产权法学,民商法学,知识产权法学,知识产权法学,知识产权法学,,1708,yes
1709,法学研究,2024,046,3,董事合规义务：责任限缩与助推型公司法规则的构建,楼秋然[1],[1]对外经济贸易大学法学院,17,企业合规;董事合规义务;信义义务;商业判断规则;独立董事,民商法学,民商法学,民商法学,民商法学,民商法学,,1709,yes
1710,法学研究,2024,046,5,董事间披露义务的法律构造,袁崇霖[1],[1]清华大学法学院,19,信息不对称;董事间披露义务;勤勉义务;董事责任,民商法学,民商法学,民商法学,民商法学,民商法学,,1710,yes
1711,法学研究,2023,045,4,虚假陈述比例连带责任的认定模式与体系展开,邹学庚[1],[1]中国政法大学民商经济法学院,21,中介机构;虚假陈述;比例连带责任;数人侵权;民事责任,民商法学,民商法学,民商法学,民商法学,民商法学,,1711,yes
1712,法学研究,2024,046,1,行刑衔接中采信专业性认定之困境及其破解——以事故调查报告为研究对象,张泽涛[1],[1]广州大学法学院,18,专业性认定;事故调查报告;专门性证据;行刑衔接,刑法学,刑法学,刑法学,刑法学,刑法学,,1712,yes
1713,法学研究,2019,41,3,行政协议诉讼的制度构建,刘飞[1],[1]中国政法大学中欧法学院,16,行政协议;行政行为;行政诉讼受案范围;行政协议诉讼,宪法学与行政法学,宪法学与行政法学,宪法学与行政法学,宪法学与行政法学,宪法学与行政法学,,1713,yes
1714,法学研究,2022,44,1,行政处罚中择一重罚规则的体系化阐释,刘连泰[1],[1]厦门大学法学院,14,行政处罚;择一重罚;执法管辖权;高额罚款权;禁止不利变更,宪法学与行政法学,宪法学与行政法学,宪法学与行政法学,宪法学与行政法学,宪法学与行政法学,,1714,yes
1715,法学研究,2024,046,6,行政处罚的预防目的及其规范建构,谭冰霖[1],[1]中南财经政法大学现代行政法研究中心,20,行政处罚;预防目的;法律威慑;风险预防;法治约束,宪法学与行政法学,宪法学与行政法学,宪法学与行政法学,宪法学与行政法学,宪法学与行政法学,,1715,yes
1716,法学研究,2019,41,5,行政复议法的修改与完善以 “实质性解决行政争议”为视角,王万华[1],[1]中国政法大学,19,行政复议法;实质性解决行政争议;程序终结;实质救济,宪法学与行政法学,宪法学与行政法学,宪法学与行政法学,宪法学与行政法学,宪法学与行政法学,,1716,yes
1717,法学研究,2022,044,6,行政审批改革政策试验机制的法治化图景,卢超[1],[1]中国社会科学院法学研究所,16,行政审批;政策试验;行政许可法;许可评价机制;容错机制,宪法学与行政法学,宪法学与行政法学,宪法学与行政法学,宪法学与行政法学,宪法学与行政法学,,1717,yes
1718,法学研究,2019,41,5,行政执法和解的模式及其运用,方世荣[1];白云锋[2],[1]中南财经政法大学法治发展与司法改革研究中心;[2]上海交通大学凯原法学院,16,行政执法;执法和解;行政裁量;执法效率,宪法学与行政法学,宪法学与行政法学,宪法学与行政法学,宪法学与行政法学,宪法学与行政法学,,1718,yes
1719,法学研究,2024,046,4,行政撤诉之再诉禁止效力的构造与限度,黄锴[1],[1]浙江工业大学法学院,18,行政诉讼;撤诉审查;再诉禁止;行政争议,宪法学与行政法学,宪法学与行政法学,宪法学与行政法学,宪法学与行政法学,宪法学与行政法学,,1719,yes
1720,法学研究,2024,046,3,行政第三人的程序权利及其司法保护,赵宏[1],[1]北京大学法学院,16,行政第三人;分配行政;冲突调和模式;绝对程序权利;相对程序权利,法学理论,法学理论,法学理论,法学理论,法学理论,,1720,yes
1721,法学研究,2018,40,6,行政行为无效的认定,王贵松[1],[1]中国人民大学法学院,14,无效行政行为;重大且明显说;具体价值衡量说;确认无效,宪法学与行政法学,宪法学与行政法学,宪法学与行政法学,宪法学与行政法学,宪法学与行政法学,,1721,yes
1722,法学研究,2017,39,1,行政行为程序瑕疵的指正,杨登峰,南京师范大学法学院,18,行政行为;程序瑕疵;指正;确认违法,宪法学与行政法学,宪法学与行政法学,宪法学与行政法学,宪法学与行政法学,宪法学与行政法学,,1722,yes
1723,法学研究,2016,38,2,行政规范性文件司法审查权的实效性考察,余军;张文,浙江大学光华法学院,20,行政诉讼法;行政规范性文件;实效;司法审查,诉讼法学,诉讼法学,诉讼法学,诉讼法学,诉讼法学,,1723,yes
1724,法学研究,2024,046,6,行政规范性文件直接审查模式的证立与建构,王青斌[1],[1]中国政法大学法治政府研究院,16,行政诉讼;行政复议;行政规范性文件;附带审查;直接审查;合法性审查,宪法学与行政法学,宪法学与行政法学,宪法学与行政法学,宪法学与行政法学,宪法学与行政法学,,1724,yes
1725,法学研究,2015,0,3,行政诉讼司法建议制度的功能衍化,卢超[1],[1]中国社科院法学所宪法行政法研究室,12,司法建议;规范性文件审查;协调和解;地方发展型政府;行政诉讼法,诉讼法学,诉讼法学,诉讼法学,诉讼法学,诉讼法学,,1725,yes
1726,法学研究,2020,42,1,行政诉讼给付判决的构造与功能,黄锴[1],[1]浙江工业大学法学院,16,给付判决;给付义务;实体性裁判;纠纷解决,宪法学与行政法学,宪法学与行政法学,宪法学与行政法学,宪法学与行政法学,宪法学与行政法学,,1726,yes
1727,法学研究,2017,39,2,行贿罪之“谋取不正当利益”的法理内涵,车浩,北京大学法学院,17,行贿罪;谋取不正当利益;新违背职务说,法学理论,法学理论,法学理论,法学理论,法学理论,,1727,yes
1728,法学研究,2017,39,2,表见代理中的被代理人可归责性,朱虎,中国人民大学民商事法律科学研究中心,17,表见代理;善意取得;信赖保护;可归责性;风险归责,民商法学,民商法学,民商法学,民商法学,民商法学,,1728,yes
1729,法学研究,2024,046,6,被动管理型信托的效力澄清,邹星光[1],[1]清华大学法学院,18,被动管理型信托;消极信托;通道信托;信义义务;信托财产,民商法学,民商法学,民商法学,民商法学,民商法学,,1729,yes
1730,法学研究,2016,38,2,被害人因受骗而同意的法律效果,付立庆,中国人民大学刑事法律科学研究中心,17,被害人同意;法益关系错误;任意性;客观真意,刑法学,刑法学,刑法学,刑法学,刑法学,,1730,yes
1731,法学研究,2017,39,2,被误解和被高估的动态体系论,解亘[1];班天可[2],[1]南京大学法学院;[2]复旦大学法学院,17,动态体系论;要素体系;基础评价;评价法学,法学理论,法学理论,法学理论,法学理论,法学理论,,1731,yes
1732,法学研究,2019,41,1,被追诉人的权利处分:基础规范与制度构建,郭松[1],[1]四川大学法学院,16,权利处分;程序选择;处分限度,法学理论,法学理论,法学理论,法学理论,法学理论,,1732,yes
1733,法学研究,2020,42,5,被追诉人认罪认罚的撤回,汪海燕[1],"[1]中国政法大学刑事司法学院、""2011 计划"" 司法文明协同创新中心",19,认罪认罚;撤回;上诉不加刑,刑法学,刑法学,刑法学,刑法学,刑法学,,1733,yes
1734,法学研究,2018,40,2,被遗忘权：传统元素、新语境与利益衡量,刘文杰[1],[1]中国传媒大学法律系,18,个人信息保护；数据删除权；被遗忘权；信息自由,数字法学,民商法学,民商法学,民商法学,民商法学,,1734,yes
1735,法学研究,2020,42,1,裁判文书援引学说的基本原理与规则建构,金枫梁[1],[1]上海大学法学院,19,裁判文书;可接受性;援引;学说;通说,诉讼法学,诉讼法学,诉讼法学,诉讼法学,诉讼法学,,1735,yes
1736,法学研究,2016,38,6,西周邦国的法秩序构建：以新出金文为中心,王沛,华东政法大学法律古籍整理研究所副教授,16,西周邦国;法秩序;立法;司法;金文,法律史,法律史,法律史,法律史,法律史,,1736,yes
1737,法学研究,2022,044,3,规划许可诉讼中邻人保护的权利基础与审查构造,赵宏[1],[1]中国政法大学法学院,17,相邻关系法;相邻权;规划许可;分配行政;区域维护请求权,民商法学,民商法学,民商法学,民商法学,民商法学,,1737,yes
1738,法学研究,2023,045,1,规制大众传播媒介的回应权：功能延续与制度发展,朱虎[1],[1]中国人民大学民商事法律科学研究中心,18,回应权;大众传播媒介;人格尊严;公共领域;表达自由,法学理论,法学理论,法学理论,法学理论,法学理论,,1738,yes
1739,法学研究,2019,41,6,规制抽象危险犯的新路径:双层法益与比例原则的融合,蓝学友[1],[1]清华大学法学院,16,抽象危险犯;双层法益;比例原则,刑法学,刑法学,刑法学,刑法学,刑法学,,1739,yes
1740,法学研究,2016,38,5,规范说与侵权责任法第79条的适用——与袁中华博士商榷．,吴泽勇,河南大学法学院,18,证明责任;规范说;侵权责任法第79条;文义解释;再抗辩,诉讼法学,诉讼法学,诉讼法学,诉讼法学,诉讼法学,,1740,yes
1741,法学研究,2022,044,4,警察行政介入民事领域的正当性及类型化调控,陈鹏[1],[1]厦门大学法学院,17,警察权;行政介入;服务行政;辅助性原则;便宜主义,民商法学,民商法学,民商法学,民商法学,民商法学,,1741,yes
1742,法学研究,2025,047,3,计算机信息系统作为财产的私法保护,张浩然[1],[1]中国社会科学院法学研究所,20,计算机信息系统;财产权;知识产权;数据产权;技术措施,知识产权法学,民商法学,知识产权法学,知识产权法学,知识产权法学,,1742,yes
1743,法学研究,2018,40,2,认缴制后公司法资本规则的革新,丁勇[1],[1]华东政法大学,20,认缴制；出资债权；加速到期；强制执行；资本维持,诉讼法学,诉讼法学,诉讼法学,诉讼法学,诉讼法学,,1743,yes
1744,法学研究,2019,41,6,认罪认罚从宽中的特殊不起诉,董坤[1],[1]最高人民检察院检察理论研究所,17,认罪认罚从宽;特殊不起诉;重大立功;国家重大利益;协商性司法,刑法学,刑法学,刑法学,刑法学,刑法学,,1744,yes
1745,法学研究,2017,39,3,认罪认罚何以从宽：误区与正解——反思效率优先的改革主张,左卫民,四川大学法学院,16,认罪认罚从宽;司法改革;辩诉交易,刑法学,刑法学,刑法学,刑法学,刑法学,,1745,yes
1746,法学研究,2018,40,1,认罪认罚案件的证明标准,孙长永,西南政法大学诉讼法与司法改革研究中心,21,认罪认罚 证明标准 答辩交易 认罪协商,刑法学,刑法学,刑法学,刑法学,刑法学,,1746,yes
1747,法学研究,2020,42,5,认罪认罚案件量刑建议研究,陈卫东[1],[1]中国人民大学刑事法律科学研究中心,17,认罪认罚;量刑建议;量刑权,刑法学,刑法学,刑法学,刑法学,刑法学,,1747,yes
1748,法学研究,2023,045,2,许可权抑或禁止权：广播组织权的权能研究,王迁[1],[1]华东政法大学,17,广播组织权;许可权;禁止权;信息网络传播权,知识产权法学,民商法学,知识产权法学,知识产权法学,知识产权法学,,1748,yes
1749,法学研究,2021,43,1,"论""数字人权""不构成第四代人权",刘志强,广州大学人权研究院,15,数字人权;第四代人权;道德人权;基本权利,数字法学,宪法学与行政法学,宪法学与行政法学,宪法学与行政法学,宪法学与行政法学,,1749,yes
1750,法学研究,2021,43,1,论刑事综合型证明模式及其对印证模式的超越,向燕,西南政法大学,19,印证;综合型证明模式;自然生活历程事实;补助证据,刑法学,刑法学,刑法学,刑法学,刑法学,,1750,yes
1751,法学研究,2023,045,2,论刑事远程审判的制度规制,崔永存[1],[1]清华大学法学院,18,刑事远程审判;程序选择权;数字正义,数字法学,刑法学,诉讼法学,民商法学,民商法学,,1751,yes
1752,法学研究,2021,43,3,论刑法教义学与实证研究,白建军,北京大学法学院,16,刑法教义学;实证研究;死刑适用;法的有效性,刑法学,刑法学,刑法学,刑法学,刑法学,,1752,yes
1753,法学研究,2021,43,6,论区块链证据,"刘品新[1,2]",[1]中国人民大学法学院;[2]中国人民大学刑事法律科学研究中心、未来法治研究院,19,区块链证据;电子证据;证据规则,数字法学,诉讼法学,诉讼法学,诉讼法学,诉讼法学,,1753,yes
1754,法学研究,2023,045,4,论我国宪法上的议行复合结构,杜强强[1],[1]首都师范大学政法学院,16,议行合一;人民代表大会制度;民主集中制;民主正当性;职权立法,宪法学与行政法学,宪法学与行政法学,宪法学与行政法学,宪法学与行政法学,宪法学与行政法学,,1754,yes
1755,法学研究,2023,045,4,论我国诉讼证据审查要素及审查方法的调整改革,龙宗智[1],[1]四川大学法学院,20,证据审查;证据“;三性”;证据能力;证明力;定案根据,诉讼法学,诉讼法学,诉讼法学,诉讼法学,诉讼法学,,1755,yes
1756,法学研究,2025,047,3,论政策对刑事诉讼的作用,孙皓[1],[1]天津大学法学院,16,政策;刑事诉讼;程序法治;诉讼法律关系;司法资源配置,刑法学,刑法学,刑法学,刑法学,刑法学,,1756,yes
1757,法学研究,2024,046,4,论数字法院,贾宇[1],[1]上海市高级人民法院,18,数字法院;司法数据;高质量司法;数字法治;数字中国,数字法学,诉讼法学,诉讼法学,法学理论,诉讼法学,,1757,yes
1758,法学研究,2020,42,5,论权利之功能,张恒山[1],[1]天津大学法学院,13,权利本体;权利载体;权利之功能;权利理论,法学理论,法学理论,法学理论,法学理论,法学理论,,1758,yes
1759,法学研究,2019,,4,论民事规训关系,,基于福柯权力理论的一种阐释-汪志刚-江西财经大学,,,民商法学,民商法学,民商法学,民商法学,民商法学,,1759,yes
1760,法学研究,2017,39,6,论海法,司玉琢;李天生,大连海事大学,23,海法 自体性 海法典 三审合一 海法学,国际法学,国际法学,国际法学,国际法学,国际法学,,1760,yes
1761,法学研究,2019,41,6,论清代刑案诸证一致的证据标准——以同治四年郑庆年案为例,王志强[1],[1]复旦大学法学院,18,清代;刑案;证据标准;司法结构,法律史,法律史,法律史,法律史,法律史,,1761,yes
1762,法学研究,2024,046,2,论罪量的归属,郑超[1],[1]华东师范大学法学院,18,罪量;客观归属;主观归属;加重的行为类型;加重犯,刑法学,刑法学,刑法学,刑法学,刑法学,,1762,yes
1763,法学研究,2016,38,3,论行政行为“明显不当”,何海波,清华大学法学院,19,行政诉讼;审查标准;明显不当;合理性审查;实质合法,宪法学与行政法学,宪法学与行政法学,宪法学与行政法学,宪法学与行政法学,宪法学与行政法学,,1763,yes
1764,法学研究,2022,044,5,论选择性要素的认识错误,柏浪涛[1],[1]华东师范大学法学院,18,选择性要素;对象错误;打击错误;法定符合说;具体符合说,刑法学,刑法学,刑法学,刑法学,刑法学,,1764,yes
1765,法学研究,2023,045,2,论防卫人的救助义务——自由分配视角下的正当防卫与先前行为,赵雪爽[1],[1]中国政法大学刑事司法学院,18,防卫权;正当防卫;先前行为;见危不救罪,刑法学,刑法学,刑法学,刑法学,刑法学,,1765,yes
1766,法学研究,2024,046,2,论预防型法治,黄文艺[1],[1]中国人民大学法学院,19,预防型法治;应对型法治;预防原则;预防性治理;风险社会,法学理论,法学理论,法学理论,法学理论,法学理论,,1766,yes
1767,法学研究,2025,047,1,论驳回公诉制度及其在我国刑事诉讼中的引入,郭烁[1],[1]中国政法大学诉讼法学研究院,18,驳回公诉;诉讼系属关系;起诉条件;形式裁判,刑法学,刑法学,刑法学,刑法学,刑法学,,1767,yes
1768,法学研究,2025,047,3,证券市场自愿性信息披露的规制,陈洁[1],[1]中国社会科学院法学研究所,18,信息披露;虚假陈述;重大性;预测性信息;安全港规则,民商法学,民商法学,民商法学,民商法学,民商法学,,1768,yes
1769,法学研究,2021,43,2,证据属性层次论——基于证据规则结构体系的理论反思,郑飞,北京交通大学法学院,15,证据属性;证据制度;证据规则体系;证据法学,诉讼法学,诉讼法学,诉讼法学,诉讼法学,诉讼法学,,1769,yes
1770,法学研究,2019,41,5,证据法体系化的法理阐释,吴洪淇[1],[1]中国政法大学证据科学教育部重点实验室,16,证据法;法理学;证据规范体系化,诉讼法学,诉讼法学,诉讼法学,诉讼法学,诉讼法学,,1770,yes
1771,法学研究,2020,42,5,证明责任制度本质重述,胡学军[1],[1]华东政法大学法律学院,19,证明责任;客观证明责任;主观抽象证明责任;证明责任规范,诉讼法学,诉讼法学,诉讼法学,诉讼法学,诉讼法学,,1771,yes
1772,法学研究,2021,43,3,诈骗罪中的处分意识:必要性及判别,袁国何,复旦大学法学院,19,诈骗罪;处分意识;利益诈骗,刑法学,刑法学,刑法学,刑法学,刑法学,,1772,yes
1773,法学研究,2022,044,2,诉讼外鉴定的类型化及其司法审查,曹志勋[1],[1]北京大学法学院,20,诉讼外鉴定;鉴定意见;当事人陈述;报道性书证;鉴定证人,诉讼法学,诉讼法学,诉讼法学,诉讼法学,诉讼法学,,1773,yes
1774,法学研究,2016,38,4,诉讼标的理论的新范式——“相对化”与我国民事审判实务,陈杭平,清华大学法学院副教授,20,诉讼标的;诉讼系属;重复起诉;一事不再理,诉讼法学,诉讼法学,诉讼法学,诉讼法学,诉讼法学,,1774,yes
1775,法学研究,2022,044,2,"诚信原则修正功能的个案运用———以最高人民法院""华诚案""判决为分析对象",于飞[1],[1]中国政法大学民商经济法学院,18,建设工程施工合同;无效;制度滥用;诚信原则;权衡,民商法学,民商法学,民商法学,民商法学,民商法学,,1775,yes
1776,法学研究,2015,0,1,诱惑侦查的程序控制,程雷[1],[1]中国人民大学刑事法律科学研究中心,16,诱惑侦查;特情引诱;隐匿身份侦查;合法性判断标准,诉讼法学,诉讼法学,诉讼法学,诉讼法学,诉讼法学,,1776,yes
1777,法学研究,2023,045,6,调整个性化定价的公私法协动体系构造,冯洁语[1],[1]南京大学法学院,19,个性化定价;大数据“杀熟”;算法解释权;自动化决策拒绝权;缔约过失,数字法学,经济法学,经济法学,经济法学,经济法学,,1777,yes
1778,法学研究,2023,045,3,貌离神合：家庭财产法对传统家观念的呈现,汪洋[1],[1]清华大学法学院,18,同居共财;夫妻共同财产;夫妻共同债务;生前赠与;继承,民商法学,民商法学,民商法学,民商法学,民商法学,,1778,yes
1779,法学研究,2024,046,5,财产犯罪中财产性利益的事实占有：以存款债权为中心,徐凌波[1],[1]南京大学法学院,17,财产犯罪;财产性利益;占有;存款债权,刑法学,刑法学,刑法学,刑法学,刑法学,,1779,yes
1780,法学研究,2016,38,1,财政补助社会保险的法学透析：以二元分立为视角,熊伟;张荣芳,武汉大学法学院,17,社会保险;财政预算;政府补助;制度担保人责任;精算平衡,民商法学,民商法学,民商法学,民商法学,民商法学,,1780,yes
1781,法学研究,2024,046,2,货币返还请求权规则的重构,马强[1],[1]上海交通大学凯原法学院,21,现金货币;存款货币;货币返还请求权;价值返还请求权;物上代位,民商法学,民商法学,民商法学,民商法学,民商法学,,1781,yes
1782,法学研究,2015,0,1,货运代理转委托行为的类型区分及法律效力,方新军,苏州大学王健法学院,22,货运代理;行纪;复代理;相继货运代理;承运人,民商法学,民商法学,民商法学,民商法学,民商法学,,1782,yes
1783,法学研究,2022,044,6,贿赂犯罪治理策略的定量研究,赵军[1],[1]北京师范大学刑事法律科学研究院,20,贿赂犯罪;受贿罪;行贿罪;企业合规;定量研究,刑法学,刑法学,刑法学,刑法学,刑法学,,1783,yes
1784,法学研究,2025,047,3,赓续法脉：中华法的条标立法设置,周东平[1],[1]厦门大学法学院,18,法条标题;立法技术;清末变法;文化传承;中国式法治现代化,法律史,法律史,法律史,法律史,法律史,,1784,yes
1785,法学研究,2016,38,6,起诉条件前置审理论,段文波,西南政法大学教授,18,起诉条件;诉讼要件;前置审理;立审分立,诉讼法学,诉讼法学,诉讼法学,诉讼法学,诉讼法学,,1785,yes
1786,法学研究,2023,045,1,超越所有权保留的名实之争——选择性救济路径之证成,庄加园[1],[1]上海交通大学凯原法学院,20,所有权保留;附条件买卖;买卖合同;取回权,民商法学,民商法学,民商法学,民商法学,民商法学,,1786,yes
1787,法学研究,2021,43,3,跨法域合同纠纷中强制性规范的类型及认定规则,陈醇,浙江师范大学法政学院,16,强制性规范;对赌协议;缔约过失;合同效力;合同履行,民商法学,民商法学,民商法学,民商法学,民商法学,,1787,yes
1788,法学研究,2017,39,6,路检盘查的实施依据与程序监督,邓子滨,中国社会科学院法学研究所,12,路检盘查 身份查验 交通纠违 禁品搜剿 人民警察法,宪法学与行政法学,宪法学与行政法学,宪法学与行政法学,宪法学与行政法学,宪法学与行政法学,,1788,yes
1789,法学研究,2018,40,3,转型期国家认同困境与宪法学的回应,陈明辉[1],[1]中南财经政法大学法学院,18,国家认同;宪法认同;宪法爱国主义;国家治理,宪法学与行政法学,宪法学与行政法学,宪法学与行政法学,宪法学与行政法学,宪法学与行政法学,,1789,yes
1790,法学研究,2015,0,6,转基因作物基因污染受害者的请求权,阙占文,江西财经大学法学院,15,基因污染;危险责任;不可量物侵害;容忍义务;纯粹经济损失,环境与资源保护法学,环境与资源保护法学,环境与资源保护法学,环境与资源保护法学,环境与资源保护法学,,1790,yes
1791,法学研究,2024,046,6,过分高于损失：违约金调整的基本标准——以民法典第585条第2款为中心,王利明[1],[1]中国人民大学法学院,18,违约金;损失;违约金调减;意思自治;违约金功能,民商法学,民商法学,民商法学,民商法学,民商法学,,1791,yes
1792,法学研究,2019,41,2,迈向公私合作型行政法,章志远[1],[1]华东政法大学,17,公私合作;合作国家;行政法学;合作行政法,宪法学与行政法学,宪法学与行政法学,宪法学与行政法学,宪法学与行政法学,宪法学与行政法学,,1792,yes
1793,法学研究,2018,40,4,迈向大数据法律研究,左卫民[1],[1]四川大学法学院,12,法律数据;大数据法律研究;实证法律研究,数字法学,法学理论,法学理论,民商法学,民商法学,,1793,yes
1794,法学研究,2024,,1,迈向自主法学知识体系的比较法研究范式——以2003,2022年的比较法论文为样本,宋亚辉-南京大学法学院,,,法学理论,法学理论,法学理论,法学理论,法学理论,,1794,yes
1795,法学研究,2020,42,5,近代中国刑事上诉制度的生成及展开,胡震[1],[1]中国农业大学人文与发展学院,15,上控;上诉;法制转型;司法改革,法律史,法律史,法律史,法律史,法律史,,1795,yes
1796,法学研究,2018,40,3,近代中国法学学术团体考证,王灏[1],[1]中国法学杂志社,21,近代中国;法学学术团体;学会宗旨;社会影响,法律史,法律史,法律史,法律史,法律史,,1796,yes
1797,法学研究,2023,045,4,近代中国统一法律适用的实践,聂鑫[1],[1]清华大学法学院,17,最高审判机关;司法统一;终审权;判例要旨;解释例,法律史,法律史,法律史,法律史,法律史,,1797,yes
1798,法学研究,2022,044,2,返还原物请求权如何适用诉讼时效———民法典第196条第2项的解释论,孙鹏[1],[1]西南政法大学民商法学院,21,返还原物请求权;诉讼时效;取得时效;解释论,民商法学,民商法学,民商法学,民商法学,民商法学,,1798,yes
1799,法学研究,2021,43,4,违约获益交出责任的正当性与独立性,吴国喆[1];长文昕娉[1],[1]西安交通大学法学院,19,违约责任;违约获益;违约获益交出;损害赔偿;不当得利,民商法学,民商法学,民商法学,民商法学,民商法学,,1799,yes
1800,法学研究,2015,0,3,违约金担保功能的异化与回归——以对违约金类型的考察为中心,韩强[1],[1]华东政法大学,15,固有意义的违约金;惩罚性违约金;赔偿性违约金;损害赔偿总额预定,民商法学,民商法学,民商法学,民商法学,民商法学,,1800,yes
1801,法学研究,2015,0,4,违约金的类型构造,姚明斌[1],[1]华东政法大学,17,违约金;法定模范类型;意定类型;类型要素;类型谱系,民商法学,民商法学,民商法学,民商法学,民商法学,,1801,yes
1802,法学研究,2025,000,2,违规合同的效力评价：路径与方法,蔡睿[1],[1]中国社会科学院法学研究所,19,法源位阶;法律保留;公序良俗;合秩序评价;动态体系,民商法学,民商法学,民商法学,民商法学,民商法学,,1802,yes
1803,法学研究,2023,045,2,连带债务发生明定主义之反思,张定军[1],[1]华中科技大学法学院,18,多数人之债;连带债务;不真正连带债务;意思表示解释;肇因原则,民商法学,民商法学,民商法学,民商法学,民商法学,,1803,yes
1804,法学研究,2017,,5,追求裁判的社会效果：1983,2012,宋亚辉-南京大学法学院,,,法学理论,法学理论,法学理论,法学理论,法学理论,,1804,yes
1805,法学研究,2015,0,5,适于法治的法律体系模式,雷磊[1],[1]中国政法大学法学院,25,法律体系;阶层构造模式;双重构造模式;法治模型,法学理论,法学理论,法学理论,法学理论,法学理论,,1805,yes
1806,法学研究,2018,40,3,逮捕制度再改革的法释义学解读,李训虎[1],[1]中国政法大学证据科学研究院,13,逮捕条件;审查逮捕诉讼化;刑事司法改革;法释义学,刑法学,刑法学,刑法学,刑法学,刑法学,,1806,yes
1807,法学研究,2024,046,3,逮捕审查判断中犯罪嫌疑人社会危险性的量化评估,周翔[1],[1]浙江大学光华法学院,18,逮捕;社会危险性;量化评估;羁押必要性审查,刑法学,刑法学,刑法学,刑法学,刑法学,,1807,yes
1808,法学研究,2016,38,6,道路交通事故责任认定研究,余凌云,清华大学法学院教授,14,交通事故;责任认定;专家证言;行政诉讼,宪法学与行政法学,宪法学与行政法学,宪法学与行政法学,宪法学与行政法学,宪法学与行政法学,,1808,yes
1809,法学研究,2019,41,3,避税行为可罚性之探究,汤洁茵[1],[1]中国社会科学院大学政法学院,16,避税;税收筹划;税收利益;反避税规则,刑法学,刑法学,刑法学,刑法学,刑法学,,1809,yes
1810,法学研究,2016,38,1,醉酒型危险驾驶罪量刑影响因素实证研究,文姬,湖南大学法学院,22,醉酒型危险驾驶罪;量刑影响因素;基准刑,刑法学,刑法学,刑法学,刑法学,刑法学,,1810,yes
1811,法学研究,2019,,4,释明变更诉讼请求的标准,,兼论_证据规定_第 35条第 1款的规范目的-任重-清华大学法学院,,,诉讼法学,诉讼法学,诉讼法学,诉讼法学,诉讼法学,,1811,yes
1812,法学研究,2017,39,3,重复诉讼禁止及其在知识产权民事纠纷中的应用——基本概念解析、重塑与案例群形成,卜元石,德国弗莱堡大学,16,诉讼标的;诉讼请求;一事不再理;既判力;知识产权民事诉讼,知识产权法学,民商法学,诉讼法学,诉讼法学,诉讼法学,,1812,yes
1813,法学研究,2022,044,5,重思个人信息权利束的保障机制：行政监管还是民事诉讼,王锡锌[1],[1]北京大学法学院,16,个人信息权利束;个人信息处理规则;行政监管;侵权责任;个人信息保护法,数字法学,民商法学,民商法学,民商法学,民商法学,,1813,yes
1814,法学研究,2021,43,4,量刑指导意见的司法实践与重构——以盗窃罪为切入点,彭雅丽[1],[1]美国芝加哥大学,19,量刑指导意见;盗窃罪;量刑基准;罚金,刑法学,刑法学,刑法学,刑法学,刑法学,,1814,yes
1815,法学研究,2021,43,6,量刑自由裁量权的边界:集体经验、个体决策与偏差识别,吴雨豪[1],[1]北京大学国际法学院,21,量刑规范化;自由裁量权;集体经验;偏差识别,刑法学,刑法学,刑法学,刑法学,刑法学,,1815,yes
1816,法学研究,2019,41,6,金融法中混业“但书”规定之反思,刘志伟[1],[1]西南政法大学经济法学院,22,金融混业;分业原则;金融监管;但书条款;概括授权,刑法学,刑法学,刑法学,刑法学,刑法学,,1816,yes
1817,法学研究,2018,40,5,金融科技背景下金融监管范式的转变,周仲飞[1];李敬伟[2],[1]中国浦东干部学院;[2]对外经济贸易大学国际经济研究院,17,金融科技;跨业风险监管;适应性监管;试验性监管;监管科技,经济法学,经济法学,经济法学,经济法学,经济法学,,1817,yes
1818,法学研究,2019,41,5,金钱 “占有即所有”原理批判及权利流转规则之重塑,孙鹏[1],[1]西南政法大学民商法学院,19,金钱;占有即所有;权利流转规则;价值返还请求权,法学理论,法学理论,法学理论,法学理论,法学理论,,1818,yes
1819,法学研究,2015,0,6,间接正犯概念之否定——单一正犯体系的视角,刘明祥[1],[1]中国人民大学刑事法律科学研究中心,18,间接正犯;犯罪参与体系;区分制;单一正犯体系;教唆犯,刑法学,刑法学,刑法学,刑法学,刑法学,,1819,yes
1820,法学研究,2023,045,6,防卫过当的阶层式判断规则,高巍[1],[1]云南大学法学院,15,正当防卫;防卫过当;必要限度;刑事可罚性,刑法学,刑法学,刑法学,刑法学,刑法学,,1820,yes
1821,法学研究,2019,41,3,防卫限度判断中的利益衡量,徐成[1],[1]北京大学法学院,19,正当防卫;防卫限度;利益衡量;法益位阶,刑法学,刑法学,刑法学,刑法学,刑法学,,1821,yes
1822,法学研究,2019,41,6,附条件不起诉制度实施状况研究,"何挺[1,2]",[1]北京师范大学刑事法律科学研究院;[2]北京师范大学未成年人检察研究中心,22,附条件不起诉;少年司法;实证研究,诉讼法学,诉讼法学,诉讼法学,诉讼法学,诉讼法学,,1822,yes
1823,法学研究,2021,43,1,陕西紫阳诉讼档案中的清代土地交易规范及其私法理念,汪世荣,西北政法大学法治学院,17,紫阳诉讼档案;土地交易规范;私法理念,法律史,法律史,法律史,法律史,法律史,,1823,yes
1824,法学研究,2025,000,2,集体商标和证明商标保护体系的重构,王迁[1],[1]华东政法大学,20,集体商标;证明商标;显著性;来源混淆,知识产权法学,民商法学,知识产权法学,知识产权法学,知识产权法学,,1824,yes
1825,法学研究,2022,44,1,集体建设用地向宅基地的地性转换,耿卓[1],[1]广东外语外贸大学土地法制研究院,18,土地管理法;户有所居;宅基地;集体建设用地;地性转换,环境与资源保护法学,环境与资源保护法学,环境与资源保护法学,环境与资源保护法学,环境与资源保护法学,,1825,yes
1826,法学研究,2018,40,6,集体法益的刑法保护及其边界,孙国祥[1],[1]南京大学法学院,16,法益;集体法益;个人法益,刑法学,刑法学,刑法学,刑法学,刑法学,,1826,yes
1827,法学研究,2022,044,3,集体经营性资产股份合作与农村集体经济组织之关系重构,宋志红[1],[1]中央财经大学法学院,18,农村集体经济组织;股份合作;集体经营性资产;集体土地,环境与资源保护法学,环境与资源保护法学,环境与资源保护法学,环境与资源保护法学,环境与资源保护法学,,1827,yes
1828,法学研究,2016,38,4,雾霾应急的中国实践与环境法理,陈海嵩,中南大学法学院教授,18,雾霾应急;行政紧急权力;国家环境保护义务,环境与资源保护法学,环境与资源保护法学,环境与资源保护法学,环境与资源保护法学,环境与资源保护法学,,1828,yes
1829,法学研究,2020,42,6,非法人组织与其他组织的关系困局及其破解,谭启平[1],[1]西南政法大学民商法学院,19,非法人组织;其他组织;民事主体;诉讼主体,民商法学,民商法学,民商法学,民商法学,民商法学,,1829,yes
1830,法学研究,2015,0,5,非法集资刑事案件涉案财产处置程序的商法之维,陈醇,浙江师范大学法政学院,16,非法集资;涉案财产处置;行政处置程序;刑事诉讼程序;商法清算程序,刑法学,刑法学,刑法学,刑法学,刑法学,,1830,yes
1831,法学研究,2019,41,4,面向共治格局的法治形态及其展开,杜辉[1],[1]重庆大学法学院,19,共治秩序;法治形态;依法治理;有效治理,法学理论,法学理论,法学理论,法学理论,法学理论,,1831,yes
1832,法学研究,2016,38,5,预约合同效力和违约救济的实证考察与应然路径,耿利航,山东大学法学院,22,预约;本约;信赖利益;机会损失,民商法学,民商法学,民商法学,民商法学,民商法学,,1832,yes
1833,法学研究,2017,39,4,预防刑法的扩张及其限度,何荣功,武汉大学法学院,17,预防刑法;刑法立法;风险社会;刑法谦抑性,刑法学,刑法学,刑法学,刑法学,刑法学,,1833,yes
1834,法学研究,2022,044,5,风险规制中的央地政府关系之规范建构,靳文辉[1],[1]重庆大学法学院,15,风险规制;行政组织;央地关系;突发事件,宪法学与行政法学,宪法学与行政法学,宪法学与行政法学,宪法学与行政法学,宪法学与行政法学,,1834,yes
1835,法学研究,2021,43,1,风险预防原则的结构化阐释,苏宇,中国人民公安大学法学院,19,风险社会;风险治理;风险预防原则;风险预防措施;反向证明机制,诉讼法学,诉讼法学,诉讼法学,诉讼法学,诉讼法学,,1835,yes
1836,法学研究,2018,40,1,马克思主义法律理论中国化的当代意义,封丽霞,中共中央党校政法教研部,15,马克思主义法律理论 马克思主义中国化 中国特色社会主义法治,法学理论,法学理论,法学理论,法学理论,法学理论,,1836,yes
1837,法学研究,2025,0,4,习近平法治思想中的法治文化概念,刘晓林[1],[1]吉林大学法学院,17,习近平法治思想;法治文化;法治理念;原创性概念;核心价值观,法学理论,法学理论,法学理论,法学理论,法学理论,,1837,yes
1838,法学研究,2025,0,4,实质主义宪法监督：内涵、逻辑与实践,朱全宝[1],[1]深圳大学法学院,18,宪法监督;法律监督;合宪性审查;民主集中制;人民监督,宪法学与行政法学,宪法学与行政法学,宪法学与行政法学,宪法学与行政法学,宪法学与行政法学,,1838,yes
1839,法学研究,2025,0,4,劳动法视野下工作生活平衡原则的确立与规则建构,谢增毅[1],[1]中国社会科学院法学研究所,20,工作生活平衡;生育友好;照护假期;灵活工作安排;离线权,经济法学,民商法学,经济法学,经济法学,经济法学,,1839,yes
1840,法学研究,2025,0,4,生命体尊严：生命尊严的法律内涵解释,汪志刚[1],[1]江西财经大学法学院,19,生命权;生命尊严;死亡尊严;维生医疗拒绝权;生命体,民商法学,民商法学,民商法学,民商法学,民商法学,,1840,yes
1841,法学研究,2025,0,4,前占有人原物返还请求权的理论与规范,吴训祥[1],[1]北京大学法学院,19,占有;原物返还请求权;登记权利人;善意取得;遗失物,民商法学,民商法学,民商法学,民商法学,民商法学,,1841,yes
1842,法学研究,2025,0,4,电子游戏著作权保护中思想与表达的界分方法,朱冬[1],[1]南开大学法学院,17,思想/表达二分法;内在表达;功能性表达;电子游戏“换皮”,知识产权法学,民商法学,知识产权法学,知识产权法学,知识产权法学,,1842,yes
1843,法学研究,2025,0,4,构思决定论视野下生成式人工智能生成物的版权保护,张金平[1],[1]中央财经大学法学院,19,人工智能;作品;版权;独创性,知识产权法学,民商法学,知识产权法学,知识产权法学,知识产权法学,,1843,yes
1844,法学研究,2025,0,4,财产损害与盗窃罪认定,付立庆[1],[1]中国人民大学刑事法律科学研究中心,19,盗窃罪;财产价值;整体财产损害;非法获利目的;财产损害数额,刑法学,刑法学,刑法学,刑法学,刑法学,,1844,yes
1845,法学研究,2025,0,4,财产性判项与减刑假释关联机制改革实效评估,劳佳琦[1],[1]北京师范大学法学院,19,财产性判项;减刑;假释;实证研究,刑法学,刑法学,刑法学,刑法学,刑法学,,1845,yes
1846,法学研究,2025,0,4,犯罪追诉数字化背景下嫌疑判断的演化与程序法规制的因应,裴炜[1],[1]北京航空航天大学法学院,20,犯罪追诉数字化;犯罪嫌疑;嫌疑稀释;信息密度;数字正当程序,数字法学,刑法学,诉讼法学,诉讼法学,诉讼法学,,1846,yes
1847,法学研究,2025,0,4,西汉淳于意狱案发覆,张传玺[1],[1]中国政法大学法律古籍整理研究所,15,淳于意;《史》《汉》异文;徙系;传囚;缇萦,法律史,法律史,法律史,法律史,法律史,,1847,yes
1848,法学研究,2025,0,4,宪法秩序下如何安放法典——从“基础性法律”的适用切入,张翔[1],[1]北京大学法学院,20,基础性法律;特别法;体系解释;法秩序统一;法释义学,宪法学与行政法学,宪法学与行政法学,宪法学与行政法学,宪法学与行政法学,宪法学与行政法学,,1848,yes
1849,法学研究,2025,0,5,人工智能时代的就业替代与法律应对：中国方案建构,杨建军[1],[1]西北政法大学法治学院,17,人工智能;就业替代;就业权;社会保障;新发展理念,数字法学,民商法学,经济法学,民商法学,民商法学,,1849,yes
1850,法学研究,2025,0,5,数字时代行政机关处理个人信息的性质界定与授权规则,赵鹏[1],[1]中国政法大学法治政府研究院,19,行政行为;个人信息;权利限制;法律明确性;法律保留,数字法学,民商法学,宪法学与行政法学,宪法学与行政法学,宪法学与行政法学,,1850,yes
1851,法学研究,2025,0,5,论电子证据体系原理,刘品新[1],[1]中国人民大学刑事法律科学研究中心,15,电子证据;电子数据;衍生材料;证据体系;印证证明,数字法学,诉讼法学,诉讼法学,诉讼法学,诉讼法学,,1851,yes
1852,法学研究,2025,0,5,司法人工智能的理由模式及其功能限度,徐舒浩[1],[1]上海交通大学凯原法学院,20,人工智能;数字司法;深度学习;理由模式;自动化决策,数字法学,诉讼法学,诉讼法学,民商法学,诉讼法学,,1852,yes
1853,法学研究,2025,0,5,非典型电子证券转让的一般规则——以应收账款电子凭证为例,武腾[1],[1]中央财经大学法学院,19,电子证券;应收账款电子凭证;债权让与;控制转移;登记,民商法学,民商法学,民商法学,民商法学,民商法学,,1853,yes
1854,法学研究,2025,0,5,个人信息作为对待给付,王琦[1],[1]北京航空航天大学法学院,20,个人信息;信息给付;有偿合同;条件型关联,数字法学,民商法学,民商法学,民商法学,民商法学,,1854,yes
1855,法学研究,2025,0,5,人工智能侵权的过错责任,林洹民[1],[1]上海交通大学凯原法学院,21,人工智能侵权;产品责任;过错责任;证据开示;避风港规则,数字法学,诉讼法学,诉讼法学,民商法学,民商法学,,1855,yes
1856,法学研究,2025,0,5,我国轻微犯罪记录封存制度构建研究,姚莉[1],[1]中南财经政法大学法学院,19,轻微犯罪记录封存;犯罪记录;前科消灭;犯罪附随后果;犯罪治理,刑法学,刑法学,刑法学,刑法学,刑法学,,1856,yes
1857,法学研究,2025,0,5,论包括一罪的构造——以涉及同一罪名的情形为检验素材,曾文科[1],[1]中国政法大学刑事司法学院,18,包括一罪;罪数;同种数罪;连续犯;吸收犯,刑法学,刑法学,刑法学,刑法学,刑法学,,1857,yes
1858,法学研究,2025,0,5,共同关系与共有类型,章程[1],[1]浙江大学光华法学院,18,共有类型;共同关系;共同共有;按份共有;资产分割,民商法学,民商法学,民商法学,民商法学,民商法学,,1858,yes
1859,法学研究,2025,0,5,公司法上个人责任归属的组织法逻辑,冯成丰[1],[1]北京大学法学院,20,组织法;个人责任;法人人格否认;实际控制人;董事责任,民商法学,民商法学,民商法学,民商法学,民商法学,,1859,yes
1860,法学研究,2025,0,5,诉权处分合同的程序法效果及其司法审查,朱禹臣[1],[1]中国人民大学法学院,16,诉权处分合同;诉权;妨诉抗辩;请求权;司法救济体系,诉讼法学,诉讼法学,诉讼法学,诉讼法学,诉讼法学,,1860,yes
1861,法学研究,2025,47,6,发展导向型行政法的中国命题,卢超[1],[1]中国社会科学院法学研究所,16,高质量发展;发展型法治;新发展理念;新质生产力;营商环境;有为政府,宪法学与行政法学,宪法学与行政法学,宪法学与行政法学,宪法学与行政法学,宪法学与行政法学,,1861,yes
1862,法学研究,2025,47,6,信息能力对法律规范形态的塑造,李晟[1],[1]中国海洋大学法学院,17,数字法治;信息能力;智能时代;一般化规则;个性化规则,数字法学,法学理论,数字法学,法学理论,法学理论,,1862,yes
1863,法学研究,2025,47,6,作为基本权利的职业自由,杜吾青[1],[1]中国人民大学纪检监察学院,17,基本权利;职业自由;劳动权;择业自由;合宪性审查,宪法学与行政法学,宪法学与行政法学,宪法学与行政法学,宪法学与行政法学,宪法学与行政法学,,1863,yes
1864,法学研究,2025,47,6,生态环境法典的复合结构及其体系化适用,陈海嵩[1],[1]武汉大学环境法研究所,17,生态环境法典;适度法典化;法律适用;总分结构;复合结构,环境与资源保护法学,环境与资源保护法学,环境与资源保护法学,环境与资源保护法学,环境与资源保护法学,,1864,yes
1865,法学研究,2025,47,6,股权转让中的出资义务承担——以组织法与行为法融贯为视角,李宇[1],[1]浙江大学光华法学院,18,股权转让;出资义务;债务承担;补充责任;连带责任,民商法学,民商法学,民商法学,民商法学,民商法学,,1865,yes
1866,法学研究,2025,47,6,要素市场中企业数据的法益识别与刑法保护,欧阳本祺[1],[1]东南大学法学院,19,企业数据;个人信息;数据安全;法益识别;非法获取,数字法学,民商法学,刑法学,刑法学,刑法学,,1866,yes
1867,法学研究,2025,47,6,公法属地原则与域外适用的博弈共存,章晶[1],[1]河海大学法学院,21,属地原则;涉外法治;域外适用;效果连结;禁诉令,国际法学,国际法学,国际法学,国际法学,国际法学,,1867,yes
1868,法学研究,2025,47,6,人工智能综合性立法及其实现,周辉[1],[1]中国社会科学院法学研究所,20,智能时代;人工智能立法;人工智能治理;人工智能法;立法模式,数字法学,法学理论,法学理论,民商法学,法学理论,,1868,yes
1869,法学研究,2025,47,6,人工智能法学之类比方法及其省思：以AIGC著作权保护问题为例,吕炳斌[1],[1]复旦大学法学院,19,人工智能;类比推理;AIGC;著作权;实践理性,知识产权法学,民商法学,知识产权法学,知识产权法学,知识产权法学,,1869,yes
1870,法学研究,2025,47,6,自动驾驶分级治理的法理反思与规则重构,郑志峰[1],[1]西南政法大学民商法学院,19,自动驾驶;自动驾驶分级;分类治理;机动车交通事故责任;远程安全员,法学理论,法学理论,法学理论,法学理论,法学理论,,1870,yes
1871,法学研究,2025,47,6,从直觉到证据：大模型法律语料库与法律解释客观化,江海洋[1],[1]山东大学法学院,18,法律文本;大模型;语料库;法律解释;通常含义,数字法学,诉讼法学,法学理论,诉讼法学,诉讼法学,,1871,yes
1872,法学研究,2025,47,6,人工智能对刑事证明结构的影响及其制度因应,沈磊[1],[1]北京大学法学院,19,人工智能;刑事证明;专家系统;垂类大模型;概率推理模型,数字法学,刑法学,诉讼法学,刑法学,诉讼法学,,1872,yes
1873,中国法学,2025,0,4,全国统一大市场的监管权配置研究,宋亚辉[1],[1]南京大学法学院,21,全国统一大市场;市场监管;权力冲突;权力配置,经济法学,经济法学,经济法学,经济法学,经济法学,,1873,yes
1874,中国法学,2025,0,4,论我国金融监管透明度的二元治理模式,刘盛[1],[1]华南理工大学法学院,20,金融监管透明度;信息公开;自由裁量权;监督权,经济法学,经济法学,经济法学,经济法学,经济法学,,1874,yes
1875,中国法学,2025,0,4,民法典约定解除权制度的构造与适用,刘承韪[1],[1]中国政法大学比较法学研究院,20,约定解除权;解除条件;解除事由;轻微违约;根本违约,民商法学,民商法学,民商法学,民商法学,民商法学,,1875,yes
1876,中国法学,2025,0,4,民法典合同编通则解释中的证据规范研究,"王雷[1,2]",[1]中国人民大学民商事法律科学研究中心;[2]中国人民大学法学院,20,民法典合同编通则解释;证据规范;举证责任;民事一体化,民商法学,民商法学,民商法学,民商法学,民商法学,,1876,yes
1877,中国法学,2025,0,4,论行政协议中的行政优益权,余凌云[1],[1]清华大学法学院,21,行政协议;行政优益权;法律控制,宪法学与行政法学,宪法学与行政法学,宪法学与行政法学,宪法学与行政法学,宪法学与行政法学,,1877,yes
1878,中国法学,2025,0,4,“正当信赖”的衡平检验,沈岿[1],[1]北京大学法学院,20,信赖保护原则;正当信赖;过错排除;衡平检验;行政法基本原则,宪法学与行政法学,宪法学与行政法学,宪法学与行政法学,宪法学与行政法学,宪法学与行政法学,,1878,yes
1879,中国法学,2025,0,4,“一业一证”改革的许可创新与法治回应,"卢超[1,2]",[1]中国社会科学院法学研究所;[2]中国社会科学院大学法学院,19,一业一证;行业综合许可;行业综合监管;行政许可法,宪法学与行政法学,宪法学与行政法学,宪法学与行政法学,宪法学与行政法学,宪法学与行政法学,,1879,yes
1880,中国法学,2025,0,4,生态环境法典中生态保护规范的体系构建,于文轩[1],[1]中国政法大学民商经济法学院,21,生态保护规范;生态环境法典;系统整体观;“双法源”模式,环境与资源保护法学,环境与资源保护法学,环境与资源保护法学,环境与资源保护法学,环境与资源保护法学,,1880,yes
1881,中国法学,2025,0,4,法律中“忠”的义理与构造分析,瞿郑龙[1],[1]苏州大学王健法学院,20,忠于自我;忠于他人;忠于法律;法律构造,法学理论,法学理论,法学理论,法学理论,法学理论,,1881,yes
1882,中国法学,2025,0,4,开放创新范式下知识产权权利功能重解,李永明[1],[1]浙江大学光华法学院,20,开放式创新;知识产权;权利功能;财产权;权利结构,知识产权法学,民商法学,知识产权法学,知识产权法学,知识产权法学,,1882,yes
1883,中国法学,2025,0,4,但书出罪的规范基础与实践展开,吴镝飞[1],[1]中国政法大学刑事司法学院,20,但书规定;出罪功能;统合路径;规范指引;规范填补,刑法学,刑法学,刑法学,刑法学,刑法学,,1883,yes
1884,中国法学,2025,0,4,证据链之内涵与功能重释,纵博[1],[1]安徽财经大学法学院,20,证据链;犯罪构成要件事实;证据推理;证明标准;证据分析,刑法学,刑法学,刑法学,刑法学,刑法学,,1884,yes
1885,中国法学,2025,0,4,论程序法上的犯罪事实,赵常成[1],[1]南京大学法学院,19,犯罪事实同一性;诉讼标的;自然事实;变更罪名;控审分离,刑法学,刑法学,刑法学,刑法学,刑法学,,1885,yes
1886,中国法学,2025,0,4,我国民事公益诉讼诉权行使顺位研究,张嘉军[1],[1]郑州大学法学院,20,民事公益诉讼;检察公益诉讼;诉权行使顺位,诉讼法学,诉讼法学,诉讼法学,诉讼法学,诉讼法学,,1886,yes
1887,中国法学,2025,0,4,人类命运共同体理念的国际法表达,梁开银[1],[1]宁波大学法学院,19,人类命运共同体;国际法理论;国际法价值;国际法原则;国际法规则,国际法学,国际法学,国际法学,国际法学,国际法学,,1887,yes
1888,中国法学,2025,0,5,“依宪治国、依宪执政”：中国宪法学自主知识体系的标志性概念,周叶中[1],[1]武汉大学法学院,19,依宪治国;依宪执政;自主知识体系;标志性概念;党的领导,宪法学与行政法学,宪法学与行政法学,宪法学与行政法学,宪法学与行政法学,宪法学与行政法学,,1888,yes
1889,中国法学,2025,0,5,中国刑事司法治理的传统范式及其现代意蕴,陈卫东[1],[1]中国人民大学刑事法律科学研究中心,18,国家治理;刑事司法;治理范式;司法文明;传统法律文化,法律史,法律史,法律史,法律史,法律史,,1889,yes
1890,中国法学,2025,0,5,卫生健康法法典化研究,解志勇[1],[1]中国政法大学比较法学院,20,卫生健康法;法典化;健康权;中国式现代化;生命伦理,环境与资源保护法学,环境与资源保护法学,环境与资源保护法学,环境与资源保护法学,环境与资源保护法学,,1890,yes
1891,中国法学,2025,0,5,国际安全法的体系化构建研究,赵永琛[1],[1]海南大学法学院,22,国际安全法;全球安全倡议;体系化;安全治理,国际法学,国际法学,国际法学,国际法学,国际法学,,1891,yes
1892,中国法学,2025,0,5,数字平台监管模式的系统论重构,余成峰[1],[1]北京航空航天大学法学院、人文与社会科学高等研究院,20,数字平台;平台监管;反思型监管;系统论法学;二阶观察,数字法学,经济法学,经济法学,经济法学,经济法学,,1892,yes
1893,中国法学,2025,0,5,论数字行政正当程序构造,展鹏贺[1],[1]湖南大学法学院,19,数字行政;正当程序;行政方式;行政程序,数字法学,宪法学与行政法学,宪法学与行政法学,宪法学与行政法学,宪法学与行政法学,,1893,yes
1894,中国法学,2025,0,5,电子商务平台守门人责任研究,王承堂[1],[1]扬州大学法学院,22,电子商务平台;守门人责任;替代责任;先行赔付责任;规制套利,数字法学,民商法学,民商法学,民商法学,民商法学,,1894,yes
1895,中国法学,2025,0,5,机动侦查权的理论新释与程序设计,"董坤[1,2]",[1]中国社会科学院法学研究所;[2]中国社会科学院大学法学院,19,检察侦查;机动侦查权;法律监督说;裁定管辖说;程序设计,诉讼法学,诉讼法学,诉讼法学,诉讼法学,诉讼法学,,1895,yes
1896,中国法学,2025,0,5,论网络聚合犯罪的刑法规制,于冲[1],[1]中国政法大学数智社会法治一体化研究中心,20,网络聚合犯罪;网络犯罪;共同犯罪;聚量效应;义务犯,数字法学,刑法学,刑法学,刑法学,刑法学,,1896,yes
1897,中国法学,2025,0,5,区分自然犯与法定犯的新标准：主体性法益/主体间性法益,蓝学友[1],[1]上海交通大学凯原法学院,20,自然犯;法定犯;主体性法益;主体间性法益,刑法学,刑法学,刑法学,刑法学,刑法学,,1897,yes
1898,中国法学,2025,0,5,论基本权利干预中的法律保留与宪法保留,王锴[1],[1]中国人民大学法学院,22,基本权利干预;法律保留;宪法保留;形成保留;个别干预,宪法学与行政法学,宪法学与行政法学,宪法学与行政法学,宪法学与行政法学,宪法学与行政法学,,1898,yes
1899,中国法学,2025,0,5,商业外观知识产权竞合问题研究,吴汉东[1],[1]中南财经政法大学知识产权研究中心,20,商业外观;权利竞合;反不正当竞争法;知识产权法,知识产权法学,民商法学,知识产权法学,知识产权法学,知识产权法学,,1899,yes
1900,中国法学,2025,0,5,民行刑交叉中的高空抛物致损赔偿规则,朱晓峰[1],[1]中央财经大学法学院,18,高空抛物;安全保障义务;补充责任;适当补偿;追偿,刑法学,刑法学,刑法学,刑法学,刑法学,,1900,yes
1901,中国法学,2025,0,5,新实体不服说下上诉利益判断规则研究,李凌[1],[1]西南政法大学法学院,20,上诉利益;新实体不服说;既判力;重大利益;自己责任,诉讼法学,诉讼法学,诉讼法学,诉讼法学,诉讼法学,,1901,yes
1902,中国法学,2025,0,5,生态环境损害预防性侵权责任的规范构造,徐以祥[1],[1]西南政法大学经济法学院,21,生态环境损害;预防性责任;侵权责任;构成要件;责任形式,环境与资源保护法学,环境与资源保护法学,环境与资源保护法学,环境与资源保护法学,环境与资源保护法学,,1902,yes
1903,中国法学,2025,0,6,论中国古代经济管理法,张晋藩[1];闫静怡[2],[1]中国政法大学;[2]燕山大学,20,中国古代经济管理法;逐利性;隐名性;优秀传统法律文化,法律史,法律史,法律史,法律史,法律史,,1903,yes
1904,中国法学,2025,0,6,政法范畴形成论,周尚君[1],[1]西南政法大学全面依法治国研究院,20,政法;政权;政法范畴;委员会体制;党管政法,党内法规学,宪法学与行政法学,党内法规学,党内法规学,党内法规学,,1904,yes
1905,中国法学,2025,0,6,中央授权地方改革的法治模式,李少文[1],[1]中共中央党校(国家行政学院)统一战线教研部,20,授权;改革;法治;国家治理;宪法实施,宪法学与行政法学,宪法学与行政法学,宪法学与行政法学,宪法学与行政法学,宪法学与行政法学,,1905,yes
1906,中国法学,2025,0,6,论“平等主体”：以《民法典》第2条为中心,陈帮锋[1],[1]厦门大学法学院,19,平等主体;民法典;民法调整对象;行政协议,民商法学,民商法学,民商法学,民商法学,民商法学,,1906,yes
1907,中国法学,2025,0,6,交易习惯的功能分型和适用方法,陈龙业[1],[1]最高人民法院,20,交易习惯;事实认定;法源补充;法律修正;司法三段论,诉讼法学,诉讼法学,诉讼法学,诉讼法学,诉讼法学,,1907,yes
1908,中国法学,2025,0,6,证券虚假陈述民事赔偿中重大性要件的适用,陈洁[1],[1]中国社会科学院法学研究所,20,证券虚假陈述;民事赔偿;重大性要件;证明责任,诉讼法学,诉讼法学,诉讼法学,诉讼法学,诉讼法学,,1908,yes
1909,中国法学,2025,0,6,论股东协议的组织法效力,王湘淳[1],[1]中央财经大学法学院,20,股东协议;组织法效力;股东会决议;法人本质,民商法学,民商法学,民商法学,民商法学,民商法学,,1909,yes
1910,中国法学,2025,0,6,数据财产权排他性研究,曹权之[1],[1]清华大学法学院,20,数据财产权;排他性;财产规则;排他策略,数字法学,民商法学,民商法学,民商法学,民商法学,,1910,yes
1911,中国法学,2025,0,6,电子证据痕迹效应理论及其运用,自正法[1],[1]重庆大学法学院,20,电子证据;痕迹效应;数据生命流程;案件事实重现;数据类证据,数字法学,诉讼法学,诉讼法学,诉讼法学,诉讼法学,,1911,yes
1912,中国法学,2025,0,6,宪法和一般法律的关系构造,许瑞超[1],[1]厦门大学法学院,20,宪法;一般法律;双重至上性;规范效力控制;规范内容确定,宪法学与行政法学,宪法学与行政法学,宪法学与行政法学,宪法学与行政法学,宪法学与行政法学,,1912,yes
1913,中国法学,2025,0,6,著作权法中作品独创性的技术逻辑,"王国柱[1,2]",[1]吉林大学理论法学研究中心;[2]吉林大学法学院,20,作品独创性;技术;作品创作;人工智能,知识产权法学,民商法学,知识产权法学,知识产权法学,知识产权法学,,1913,yes
1914,中国法学,2025,0,6,财产犯罪中利益转移的要件重构：从物的占有到债的实现,"陈少青[1,2]",[1]中国人民大学刑事法律科学研究中心;[2]中国人民大学法学院,20,财产犯罪;财产性利益;利益转移;占有转移;民事救济可能性,刑法学,刑法学,刑法学,刑法学,刑法学,,1914,yes
1915,中国法学,2025,0,6,论规范归咎刑事责任范型,王志远[1],[1]中国政法大学刑事司法学院,20,刑事归责;行为责任;归咎责任;规范归咎;组织体归责,刑法学,刑法学,刑法学,刑法学,刑法学,,1915,yes
1916,中国法学,2025,0,6,从形式法典化到实质法典化：刑事诉讼法的法典化进阶,步洋洋[1],[1]西北政法大学人权研究中心,20,形式法典化;实质法典化;以审判为中心;刑事诉讼法修改,刑法学,刑法学,刑法学,刑法学,刑法学,,1916,yes
1917,中国法学,2025,0,6,无独立请求权第三人制度的功能异化与规则再造,张海燕[1],[1]山东大学法学院,19,无独立请求权第三人;制度功能;权益保障;一次性解纷,诉讼法学,诉讼法学,诉讼法学,诉讼法学,诉讼法学,,1917,yes
1918,中国社会科学,2025,0,7,社会治理视角下刑法归责模式的现代转型,陈璇[1],"[1]中国人民大学刑事法律科学研究中心,北京100872",20,归责理论;阶层理论;风险分配;义务;社会治理,刑法学,刑法学,刑法学,刑法学,刑法学,,1918,yes
1919,中国社会科学,2025,0,7,论合同失效——制度供给与自主知识体系,李世刚[1],"[1]复旦大学法学院,上海200438",21,合同;失效;无效;解除;自主知识体系,民商法学,民商法学,民商法学,民商法学,民商法学,,1919,yes
1920,中国社会科学,2025,0,8,中国刑法理论的体系性与妥当性,周光权[1],"[1]清华大学法学院,北京100084",21,刑法理论;法安定性;体系性;妥当性;法益保护,刑法学,刑法学,刑法学,刑法学,刑法学,,1920,yes
1921,中国社会科学,2025,0,9,制度型开放的竞争法实现,孙晋[1],"[1]武汉大学法学院,武汉430072",21,制度型开放;竞争法;包容性开放;公平竞争理念;规则内化与外化,经济法学,经济法学,经济法学,经济法学,经济法学,,1921,yes
1922,中国社会科学,2025,0,10,慈善财产法律制度的中国建构,高志宏[1],"[1]南京航空航天大学人文与社会科学学院,南京211106",21,慈善财产;公益慈善;第三次分配;慈善法,经济法学,经济法学,经济法学,经济法学,经济法学,,1922,yes
1923,中国社会科学,2025,0,11,健康权的规范内涵与法治保障,武亦文[1],"[1]武汉大学法学院,武汉430072",21,健康权;卫生健康法;以人民健康为中心;健康中国;适度法典化,环境与资源保护法学,环境与资源保护法学,环境与资源保护法学,环境与资源保护法学,环境与资源保护法学,,1923,yes
1924,中国社会科学,2025,0,11,中国妇女权利的宪法建构,任喜荣[1],"[1]吉林大学法学院,长春130012",19,妇女权利;男女平等;宪法权利;国家保护,宪法学与行政法学,宪法学与行政法学,宪法学与行政法学,宪法学与行政法学,宪法学与行政法学,,1924,yes
1925,中国社会科学,2025,0,12,中国刑事诉讼基本原则的体系化建构,王新清[1],"[1]中国社会科学院大学法学院,北京100732",20,刑事诉讼法;基本原则;体系性;刑事司法,刑法学,刑法学,刑法学,刑法学,刑法学,,1925,yes
1926,中国社会科学,2025,0,12,经济法中的时间秩序,靳文辉[1],"[1]重庆大学法学院,重庆400045",20,经济法;时间秩序;时间性政策;时间性法律;时间性特征,经济法学,经济法学,经济法学,经济法学,经济法学,,1926,yes
