22:26:20 ============================================================
22:26:20 E2 补跑开始
22:26:20   框架: configs/frameworks/law-v2.55-cross-review.yaml
22:26:20   模型: ['glm-5.1', 'qwen3.6-plus', 'deepseek-v4-pro', 'kimi-k2.6']
22:26:20   待评测: 32 篇 — [152, 1786, 1402, 1915, 407, 1577, 1763, 338, 1219, 1853, 500, 409, 1571, 901, 1321, 1296, 1739, 418, 1195, 1141, 1640, 1271, 1202, 1392, 756, 1782, 1698, 1407, 1644, 1804, 1568, 1113]
22:26:20   并发: 5 篇论文
22:26:20   输出: results/e2-top102
22:26:20 ============================================================
22:26:20 [R1] PID 152 → 开始
22:26:20 [R1] PID 1786 → 开始
22:26:21 [R1] PID 1402 → 开始
22:26:21 [R1] PID 1915 → 开始
22:26:21 [R1] PID 407 → 开始
22:26:43 HTTP Request: POST https://dashscope.aliyuncs.com/compatible-mode/v1/chat/completions "HTTP/1.1 200 OK"
22:26:44 HTTP Request: POST https://dashscope.aliyuncs.com/compatible-mode/v1/chat/completions "HTTP/1.1 200 OK"
22:26:44 HTTP Request: POST https://dashscope.aliyuncs.com/compatible-mode/v1/chat/completions "HTTP/1.1 200 OK"
22:26:47 HTTP Request: POST https://dashscope.aliyuncs.com/compatible-mode/v1/chat/completions "HTTP/1.1 200 OK"
22:26:48 HTTP Request: POST https://dashscope.aliyuncs.com/compatible-mode/v1/chat/completions "HTTP/1.1 200 OK"
22:26:50 HTTP Request: POST https://dashscope.aliyuncs.com/compatible-mode/v1/chat/completions "HTTP/1.1 200 OK"
22:26:53 HTTP Request: POST https://dashscope.aliyuncs.com/compatible-mode/v1/chat/completions "HTTP/1.1 200 OK"
22:26:54 HTTP Request: POST https://dashscope.aliyuncs.com/compatible-mode/v1/chat/completions "HTTP/1.1 200 OK"
22:27:04 HTTP Request: POST https://dashscope.aliyuncs.com/compatible-mode/v1/chat/completions "HTTP/1.1 200 OK"
22:27:09 HTTP Request: POST https://dashscope.aliyuncs.com/compatible-mode/v1/chat/completions "HTTP/1.1 200 OK"
22:27:11 HTTP Request: POST https://dashscope.aliyuncs.com/compatible-mode/v1/chat/completions "HTTP/1.1 200 OK"
22:27:12 HTTP Request: POST https://dashscope.aliyuncs.com/compatible-mode/v1/chat/completions "HTTP/1.1 200 OK"
22:27:14 HTTP Request: POST https://dashscope.aliyuncs.com/compatible-mode/v1/chat/completions "HTTP/1.1 200 OK"
22:27:21 HTTP Request: POST https://dashscope.aliyuncs.com/compatible-mode/v1/chat/completions "HTTP/1.1 200 OK"
22:27:28 HTTP Request: POST https://dashscope.aliyuncs.com/compatible-mode/v1/chat/completions "HTTP/1.1 200 OK"
22:27:35 HTTP Request: POST https://dashscope.aliyuncs.com/compatible-mode/v1/chat/completions "HTTP/1.1 200 OK"
22:27:38 HTTP Request: POST https://dashscope.aliyuncs.com/compatible-mode/v1/chat/completions "HTTP/1.1 200 OK"
22:27:49 HTTP Request: POST https://dashscope.aliyuncs.com/compatible-mode/v1/chat/completions "HTTP/1.1 200 OK"
22:27:50 HTTP Request: POST https://dashscope.aliyuncs.com/compatible-mode/v1/chat/completions "HTTP/1.1 200 OK"
22:27:51 HTTP Request: POST https://dashscope.aliyuncs.com/compatible-mode/v1/chat/completions "HTTP/1.1 200 OK"
22:27:51 HTTP Request: POST https://dashscope.aliyuncs.com/compatible-mode/v1/chat/completions "HTTP/1.1 200 OK"
22:27:52 HTTP Request: POST https://dashscope.aliyuncs.com/compatible-mode/v1/chat/completions "HTTP/1.1 200 OK"
22:27:52 HTTP Request: POST https://dashscope.aliyuncs.com/compatible-mode/v1/chat/completions "HTTP/1.1 200 OK"
22:27:54 HTTP Request: POST https://dashscope.aliyuncs.com/compatible-mode/v1/chat/completions "HTTP/1.1 200 OK"
22:27:54 HTTP Request: POST https://dashscope.aliyuncs.com/compatible-mode/v1/chat/completions "HTTP/1.1 200 OK"
22:27:56 HTTP Request: POST https://dashscope.aliyuncs.com/compatible-mode/v1/chat/completions "HTTP/1.1 200 OK"
22:27:56 HTTP Request: POST https://dashscope.aliyuncs.com/compatible-mode/v1/chat/completions "HTTP/1.1 200 OK"
22:27:56 HTTP Request: POST https://dashscope.aliyuncs.com/compatible-mode/v1/chat/completions "HTTP/1.1 200 OK"
22:28:00 HTTP Request: POST https://dashscope.aliyuncs.com/compatible-mode/v1/chat/completions "HTTP/1.1 200 OK"
22:28:02 HTTP Request: POST https://dashscope.aliyuncs.com/compatible-mode/v1/chat/completions "HTTP/1.1 200 OK"
22:28:03 HTTP Request: POST https://dashscope.aliyuncs.com/compatible-mode/v1/chat/completions "HTTP/1.1 200 OK"
22:28:03 HTTP Request: POST https://dashscope.aliyuncs.com/compatible-mode/v1/chat/completions "HTTP/1.1 200 OK"
22:28:04 HTTP Request: POST https://dashscope.aliyuncs.com/compatible-mode/v1/chat/completions "HTTP/1.1 200 OK"
22:28:05 HTTP Request: POST https://dashscope.aliyuncs.com/compatible-mode/v1/chat/completions "HTTP/1.1 200 OK"
22:28:06 HTTP Request: POST https://dashscope.aliyuncs.com/compatible-mode/v1/chat/completions "HTTP/1.1 200 OK"
22:28:06 HTTP Request: POST https://dashscope.aliyuncs.com/compatible-mode/v1/chat/completions "HTTP/1.1 200 OK"
22:28:06 HTTP Request: POST https://dashscope.aliyuncs.com/compatible-mode/v1/chat/completions "HTTP/1.1 200 OK"
22:28:06 HTTP Request: POST https://dashscope.aliyuncs.com/compatible-mode/v1/chat/completions "HTTP/1.1 200 OK"
22:28:07 HTTP Request: POST https://dashscope.aliyuncs.com/compatible-mode/v1/chat/completions "HTTP/1.1 200 OK"
22:28:10 HTTP Request: POST https://dashscope.aliyuncs.com/compatible-mode/v1/chat/completions "HTTP/1.1 200 OK"
22:28:10 HTTP Request: POST https://dashscope.aliyuncs.com/compatible-mode/v1/chat/completions "HTTP/1.1 200 OK"
22:28:10 HTTP Request: POST https://dashscope.aliyuncs.com/compatible-mode/v1/chat/completions "HTTP/1.1 200 OK"
22:28:12 HTTP Request: POST https://dashscope.aliyuncs.com/compatible-mode/v1/chat/completions "HTTP/1.1 200 OK"
22:28:12 HTTP Request: POST https://dashscope.aliyuncs.com/compatible-mode/v1/chat/completions "HTTP/1.1 200 OK"
22:28:13 HTTP Request: POST https://dashscope.aliyuncs.com/compatible-mode/v1/chat/completions "HTTP/1.1 200 OK"
22:28:14 HTTP Request: POST https://dashscope.aliyuncs.com/compatible-mode/v1/chat/completions "HTTP/1.1 200 OK"
22:28:15 HTTP Request: POST https://dashscope.aliyuncs.com/compatible-mode/v1/chat/completions "HTTP/1.1 200 OK"
22:28:20 HTTP Request: POST https://dashscope.aliyuncs.com/compatible-mode/v1/chat/completions "HTTP/1.1 200 OK"
22:28:21 HTTP Request: POST https://dashscope.aliyuncs.com/compatible-mode/v1/chat/completions "HTTP/1.1 200 OK"
22:28:21 HTTP Request: POST https://dashscope.aliyuncs.com/compatible-mode/v1/chat/completions "HTTP/1.1 200 OK"
22:28:22 HTTP Request: POST https://dashscope.aliyuncs.com/compatible-mode/v1/chat/completions "HTTP/1.1 200 OK"
22:28:23 HTTP Request: POST https://dashscope.aliyuncs.com/compatible-mode/v1/chat/completions "HTTP/1.1 200 OK"
22:28:25 HTTP Request: POST https://dashscope.aliyuncs.com/compatible-mode/v1/chat/completions "HTTP/1.1 200 OK"
22:28:25 HTTP Request: POST https://dashscope.aliyuncs.com/compatible-mode/v1/chat/completions "HTTP/1.1 200 OK"
22:28:27 HTTP Request: POST https://dashscope.aliyuncs.com/compatible-mode/v1/chat/completions "HTTP/1.1 200 OK"
22:28:28 HTTP Request: POST https://dashscope.aliyuncs.com/compatible-mode/v1/chat/completions "HTTP/1.1 200 OK"
22:28:29 HTTP Request: POST https://dashscope.aliyuncs.com/compatible-mode/v1/chat/completions "HTTP/1.1 200 OK"
22:28:29 HTTP Request: POST https://dashscope.aliyuncs.com/compatible-mode/v1/chat/completions "HTTP/1.1 200 OK"
22:28:33 HTTP Request: POST https://dashscope.aliyuncs.com/compatible-mode/v1/chat/completions "HTTP/1.1 200 OK"
22:28:34 HTTP Request: POST https://dashscope.aliyuncs.com/compatible-mode/v1/chat/completions "HTTP/1.1 200 OK"
22:28:35 HTTP Request: POST https://dashscope.aliyuncs.com/compatible-mode/v1/chat/completions "HTTP/1.1 200 OK"
22:28:37 HTTP Request: POST https://dashscope.aliyuncs.com/compatible-mode/v1/chat/completions "HTTP/1.1 200 OK"
22:28:37 HTTP Request: POST https://dashscope.aliyuncs.com/compatible-mode/v1/chat/completions "HTTP/1.1 200 OK"
22:28:37 HTTP Request: POST https://dashscope.aliyuncs.com/compatible-mode/v1/chat/completions "HTTP/1.1 200 OK"
22:28:37 HTTP Request: POST https://dashscope.aliyuncs.com/compatible-mode/v1/chat/completions "HTTP/1.1 200 OK"
22:28:38 HTTP Request: POST https://dashscope.aliyuncs.com/compatible-mode/v1/chat/completions "HTTP/1.1 200 OK"
22:28:39 HTTP Request: POST https://dashscope.aliyuncs.com/compatible-mode/v1/chat/completions "HTTP/1.1 200 OK"
22:28:39 HTTP Request: POST https://dashscope.aliyuncs.com/compatible-mode/v1/chat/completions "HTTP/1.1 200 OK"
22:28:39 HTTP Request: POST https://dashscope.aliyuncs.com/compatible-mode/v1/chat/completions "HTTP/1.1 200 OK"
22:28:39 HTTP Request: POST https://dashscope.aliyuncs.com/compatible-mode/v1/chat/completions "HTTP/1.1 200 OK"
22:28:39 HTTP Request: POST https://dashscope.aliyuncs.com/compatible-mode/v1/chat/completions "HTTP/1.1 200 OK"
22:28:39 HTTP Request: POST https://dashscope.aliyuncs.com/compatible-mode/v1/chat/completions "HTTP/1.1 200 OK"
22:28:40 HTTP Request: POST https://dashscope.aliyuncs.com/compatible-mode/v1/chat/completions "HTTP/1.1 200 OK"
22:28:42 HTTP Request: POST https://dashscope.aliyuncs.com/compatible-mode/v1/chat/completions "HTTP/1.1 200 OK"
22:28:43 HTTP Request: POST https://dashscope.aliyuncs.com/compatible-mode/v1/chat/completions "HTTP/1.1 200 OK"
22:28:43 HTTP Request: POST https://dashscope.aliyuncs.com/compatible-mode/v1/chat/completions "HTTP/1.1 200 OK"
22:28:43 HTTP Request: POST https://dashscope.aliyuncs.com/compatible-mode/v1/chat/completions "HTTP/1.1 200 OK"
22:28:45 HTTP Request: POST https://dashscope.aliyuncs.com/compatible-mode/v1/chat/completions "HTTP/1.1 200 OK"
22:28:47 HTTP Request: POST https://dashscope.aliyuncs.com/compatible-mode/v1/chat/completions "HTTP/1.1 200 OK"
22:28:47 HTTP Request: POST https://dashscope.aliyuncs.com/compatible-mode/v1/chat/completions "HTTP/1.1 200 OK"
22:28:47 HTTP Request: POST https://dashscope.aliyuncs.com/compatible-mode/v1/chat/completions "HTTP/1.1 200 OK"
22:28:47 HTTP Request: POST https://dashscope.aliyuncs.com/compatible-mode/v1/chat/completions "HTTP/1.1 200 OK"
22:28:48 HTTP Request: POST https://dashscope.aliyuncs.com/compatible-mode/v1/chat/completions "HTTP/1.1 200 OK"
22:28:48 HTTP Request: POST https://dashscope.aliyuncs.com/compatible-mode/v1/chat/completions "HTTP/1.1 200 OK"
22:28:48 HTTP Request: POST https://dashscope.aliyuncs.com/compatible-mode/v1/chat/completions "HTTP/1.1 200 OK"
22:28:50 HTTP Request: POST https://dashscope.aliyuncs.com/compatible-mode/v1/chat/completions "HTTP/1.1 200 OK"
22:28:50 HTTP Request: POST https://dashscope.aliyuncs.com/compatible-mode/v1/chat/completions "HTTP/1.1 200 OK"
22:28:51 HTTP Request: POST https://dashscope.aliyuncs.com/compatible-mode/v1/chat/completions "HTTP/1.1 200 OK"
22:28:51 HTTP Request: POST https://dashscope.aliyuncs.com/compatible-mode/v1/chat/completions "HTTP/1.1 200 OK"
22:28:52 HTTP Request: POST https://dashscope.aliyuncs.com/compatible-mode/v1/chat/completions "HTTP/1.1 200 OK"
22:28:54 HTTP Request: POST https://dashscope.aliyuncs.com/compatible-mode/v1/chat/completions "HTTP/1.1 200 OK"
22:28:55 HTTP Request: POST https://dashscope.aliyuncs.com/compatible-mode/v1/chat/completions "HTTP/1.1 200 OK"
22:28:57 HTTP Request: POST https://dashscope.aliyuncs.com/compatible-mode/v1/chat/completions "HTTP/1.1 200 OK"
22:29:00 HTTP Request: POST https://dashscope.aliyuncs.com/compatible-mode/v1/chat/completions "HTTP/1.1 200 OK"
22:29:00 HTTP Request: POST https://dashscope.aliyuncs.com/compatible-mode/v1/chat/completions "HTTP/1.1 200 OK"
22:29:00 HTTP Request: POST https://dashscope.aliyuncs.com/compatible-mode/v1/chat/completions "HTTP/1.1 200 OK"
22:29:00 HTTP Request: POST https://dashscope.aliyuncs.com/compatible-mode/v1/chat/completions "HTTP/1.1 200 OK"
22:29:01 HTTP Request: POST https://dashscope.aliyuncs.com/compatible-mode/v1/chat/completions "HTTP/1.1 200 OK"
22:29:02 HTTP Request: POST https://dashscope.aliyuncs.com/compatible-mode/v1/chat/completions "HTTP/1.1 200 OK"
22:29:02 HTTP Request: POST https://dashscope.aliyuncs.com/compatible-mode/v1/chat/completions "HTTP/1.1 200 OK"
22:29:02 HTTP Request: POST https://dashscope.aliyuncs.com/compatible-mode/v1/chat/completions "HTTP/1.1 200 OK"
22:29:04 HTTP Request: POST https://dashscope.aliyuncs.com/compatible-mode/v1/chat/completions "HTTP/1.1 200 OK"
22:29:04 HTTP Request: POST https://dashscope.aliyuncs.com/compatible-mode/v1/chat/completions "HTTP/1.1 200 OK"
22:29:05 HTTP Request: POST https://dashscope.aliyuncs.com/compatible-mode/v1/chat/completions "HTTP/1.1 200 OK"
22:29:07 HTTP Request: POST https://dashscope.aliyuncs.com/compatible-mode/v1/chat/completions "HTTP/1.1 200 OK"
22:29:07 HTTP Request: POST https://dashscope.aliyuncs.com/compatible-mode/v1/chat/completions "HTTP/1.1 200 OK"
22:29:07 HTTP Request: POST https://dashscope.aliyuncs.com/compatible-mode/v1/chat/completions "HTTP/1.1 200 OK"
22:29:10 HTTP Request: POST https://dashscope.aliyuncs.com/compatible-mode/v1/chat/completions "HTTP/1.1 200 OK"
22:29:11 HTTP Request: POST https://dashscope.aliyuncs.com/compatible-mode/v1/chat/completions "HTTP/1.1 200 OK"
22:29:11 HTTP Request: POST https://dashscope.aliyuncs.com/compatible-mode/v1/chat/completions "HTTP/1.1 200 OK"
22:29:13 HTTP Request: POST https://dashscope.aliyuncs.com/compatible-mode/v1/chat/completions "HTTP/1.1 200 OK"
22:29:13 HTTP Request: POST https://dashscope.aliyuncs.com/compatible-mode/v1/chat/completions "HTTP/1.1 200 OK"
22:29:14 HTTP Request: POST https://dashscope.aliyuncs.com/compatible-mode/v1/chat/completions "HTTP/1.1 200 OK"
22:29:17 HTTP Request: POST https://dashscope.aliyuncs.com/compatible-mode/v1/chat/completions "HTTP/1.1 200 OK"
22:29:17 HTTP Request: POST https://dashscope.aliyuncs.com/compatible-mode/v1/chat/completions "HTTP/1.1 200 OK"
22:29:18 HTTP Request: POST https://dashscope.aliyuncs.com/compatible-mode/v1/chat/completions "HTTP/1.1 200 OK"
22:29:19 HTTP Request: POST https://dashscope.aliyuncs.com/compatible-mode/v1/chat/completions "HTTP/1.1 200 OK"
22:29:20 HTTP Request: POST https://dashscope.aliyuncs.com/compatible-mode/v1/chat/completions "HTTP/1.1 200 OK"
22:29:24 HTTP Request: POST https://dashscope.aliyuncs.com/compatible-mode/v1/chat/completions "HTTP/1.1 200 OK"
22:29:26 HTTP Request: POST https://dashscope.aliyuncs.com/compatible-mode/v1/chat/completions "HTTP/1.1 200 OK"
22:29:32 HTTP Request: POST https://dashscope.aliyuncs.com/compatible-mode/v1/chat/completions "HTTP/1.1 200 OK"
22:29:33 HTTP Request: POST https://dashscope.aliyuncs.com/compatible-mode/v1/chat/completions "HTTP/1.1 200 OK"
22:29:37 HTTP Request: POST https://dashscope.aliyuncs.com/compatible-mode/v1/chat/completions "HTTP/1.1 200 OK"
22:29:37 HTTP Request: POST https://dashscope.aliyuncs.com/compatible-mode/v1/chat/completions "HTTP/1.1 200 OK"
22:29:38 HTTP Request: POST https://dashscope.aliyuncs.com/compatible-mode/v1/chat/completions "HTTP/1.1 200 OK"
22:29:39 HTTP Request: POST https://dashscope.aliyuncs.com/compatible-mode/v1/chat/completions "HTTP/1.1 200 OK"
22:29:39 HTTP Request: POST https://dashscope.aliyuncs.com/compatible-mode/v1/chat/completions "HTTP/1.1 200 OK"
22:29:42 HTTP Request: POST https://dashscope.aliyuncs.com/compatible-mode/v1/chat/completions "HTTP/1.1 200 OK"
22:29:42 [R1] PID 407 → 完成 max_std=14.2 (201s)
22:29:42 [R2] PID 407 → 开始交叉评审
22:29:43 HTTP Request: POST https://dashscope.aliyuncs.com/compatible-mode/v1/chat/completions "HTTP/1.1 200 OK"
22:29:44 HTTP Request: POST https://dashscope.aliyuncs.com/compatible-mode/v1/chat/completions "HTTP/1.1 200 OK"
22:29:47 HTTP Request: POST https://dashscope.aliyuncs.com/compatible-mode/v1/chat/completions "HTTP/1.1 200 OK"
22:29:48 HTTP Request: POST https://dashscope.aliyuncs.com/compatible-mode/v1/chat/completions "HTTP/1.1 200 OK"
22:29:49 HTTP Request: POST https://dashscope.aliyuncs.com/compatible-mode/v1/chat/completions "HTTP/1.1 200 OK"
22:29:52 HTTP Request: POST https://dashscope.aliyuncs.com/compatible-mode/v1/chat/completions "HTTP/1.1 200 OK"
22:29:52 [R1] PID 1402 → 完成 max_std=18.1 (211s)
22:29:52 [R2] PID 1402 → 开始交叉评审
22:29:53 HTTP Request: POST https://dashscope.aliyuncs.com/compatible-mode/v1/chat/completions "HTTP/1.1 200 OK"
22:29:53 [R1] PID 1786 → 完成 max_std=17.3 (212s)
22:29:53 [R2] PID 1786 → 开始交叉评审
22:29:57 HTTP Request: POST https://dashscope.aliyuncs.com/compatible-mode/v1/chat/completions "HTTP/1.1 200 OK"
22:29:59 HTTP Request: POST https://dashscope.aliyuncs.com/compatible-mode/v1/chat/completions "HTTP/1.1 200 OK"
22:30:12 HTTP Request: POST https://dashscope.aliyuncs.com/compatible-mode/v1/chat/completions "HTTP/1.1 200 OK"
22:30:12 [R1] PID 152 → 完成 max_std=16.7 (232s)
22:30:12 [R2] PID 152 → 开始交叉评审
22:30:15 HTTP Request: POST https://dashscope.aliyuncs.com/compatible-mode/v1/chat/completions "HTTP/1.1 200 OK"
22:30:31 HTTP Request: POST https://dashscope.aliyuncs.com/compatible-mode/v1/chat/completions "HTTP/1.1 200 OK"
22:30:34 HTTP Request: POST https://dashscope.aliyuncs.com/compatible-mode/v1/chat/completions "HTTP/1.1 200 OK"
22:30:39 HTTP Request: POST https://dashscope.aliyuncs.com/compatible-mode/v1/chat/completions "HTTP/1.1 200 OK"
22:30:39 [R1] PID 1915 → 完成 max_std=19.7 (258s)
22:30:39 [R2] PID 1915 → 开始交叉评审
22:30:46 HTTP Request: POST https://dashscope.aliyuncs.com/compatible-mode/v1/chat/completions "HTTP/1.1 200 OK"
22:31:12 HTTP Request: POST https://dashscope.aliyuncs.com/compatible-mode/v1/chat/completions "HTTP/1.1 200 OK"
22:31:34 HTTP Request: POST https://dashscope.aliyuncs.com/compatible-mode/v1/chat/completions "HTTP/1.1 200 OK"
22:31:39 HTTP Request: POST https://dashscope.aliyuncs.com/compatible-mode/v1/chat/completions "HTTP/1.1 200 OK"
22:31:42 HTTP Request: POST https://dashscope.aliyuncs.com/compatible-mode/v1/chat/completions "HTTP/1.1 200 OK"
22:31:44 HTTP Request: POST https://dashscope.aliyuncs.com/compatible-mode/v1/chat/completions "HTTP/1.1 200 OK"
22:31:52 HTTP Request: POST https://dashscope.aliyuncs.com/compatible-mode/v1/chat/completions "HTTP/1.1 200 OK"
22:32:05 HTTP Request: POST https://dashscope.aliyuncs.com/compatible-mode/v1/chat/completions "HTTP/1.1 200 OK"
22:32:08 HTTP Request: POST https://dashscope.aliyuncs.com/compatible-mode/v1/chat/completions "HTTP/1.1 200 OK"
22:32:15 HTTP Request: POST https://dashscope.aliyuncs.com/compatible-mode/v1/chat/completions "HTTP/1.1 200 OK"
22:32:30 HTTP Request: POST https://dashscope.aliyuncs.com/compatible-mode/v1/chat/completions "HTTP/1.1 200 OK"
22:32:34 HTTP Request: POST https://dashscope.aliyuncs.com/compatible-mode/v1/chat/completions "HTTP/1.1 200 OK"
22:32:44 HTTP Request: POST https://dashscope.aliyuncs.com/compatible-mode/v1/chat/completions "HTTP/1.1 200 OK"
22:32:50 HTTP Request: POST https://dashscope.aliyuncs.com/compatible-mode/v1/chat/completions "HTTP/1.1 200 OK"
22:32:58 HTTP Request: POST https://dashscope.aliyuncs.com/compatible-mode/v1/chat/completions "HTTP/1.1 200 OK"
22:33:03 HTTP Request: POST https://dashscope.aliyuncs.com/compatible-mode/v1/chat/completions "HTTP/1.1 200 OK"
22:33:16 HTTP Request: POST https://dashscope.aliyuncs.com/compatible-mode/v1/chat/completions "HTTP/1.1 200 OK"
22:33:19 HTTP Request: POST https://dashscope.aliyuncs.com/compatible-mode/v1/chat/completions "HTTP/1.1 200 OK"
22:33:20 HTTP Request: POST https://dashscope.aliyuncs.com/compatible-mode/v1/chat/completions "HTTP/1.1 200 OK"
22:33:34 HTTP Request: POST https://dashscope.aliyuncs.com/compatible-mode/v1/chat/completions "HTTP/1.1 200 OK"
22:33:40 HTTP Request: POST https://dashscope.aliyuncs.com/compatible-mode/v1/chat/completions "HTTP/1.1 200 OK"
22:34:08 HTTP Request: POST https://dashscope.aliyuncs.com/compatible-mode/v1/chat/completions "HTTP/1.1 200 OK"
22:34:26 HTTP Request: POST https://dashscope.aliyuncs.com/compatible-mode/v1/chat/completions "HTTP/1.1 200 OK"
22:34:30 HTTP Request: POST https://dashscope.aliyuncs.com/compatible-mode/v1/chat/completions "HTTP/1.1 200 OK"
22:34:40 HTTP Request: POST https://dashscope.aliyuncs.com/compatible-mode/v1/chat/completions "HTTP/1.1 200 OK"
22:34:45 HTTP Request: POST https://dashscope.aliyuncs.com/compatible-mode/v1/chat/completions "HTTP/1.1 200 OK"
22:34:56 HTTP Request: POST https://dashscope.aliyuncs.com/compatible-mode/v1/chat/completions "HTTP/1.1 200 OK"
22:35:07 HTTP Request: POST https://dashscope.aliyuncs.com/compatible-mode/v1/chat/completions "HTTP/1.1 200 OK"
22:35:08 HTTP Request: POST https://dashscope.aliyuncs.com/compatible-mode/v1/chat/completions "HTTP/1.1 200 OK"
22:35:13 HTTP Request: POST https://dashscope.aliyuncs.com/compatible-mode/v1/chat/completions "HTTP/1.1 200 OK"
22:35:21 HTTP Request: POST https://dashscope.aliyuncs.com/compatible-mode/v1/chat/completions "HTTP/1.1 200 OK"
22:35:24 HTTP Request: POST https://dashscope.aliyuncs.com/compatible-mode/v1/chat/completions "HTTP/1.1 200 OK"
22:35:37 HTTP Request: POST https://dashscope.aliyuncs.com/compatible-mode/v1/chat/completions "HTTP/1.1 200 OK"
22:35:45 HTTP Request: POST https://dashscope.aliyuncs.com/compatible-mode/v1/chat/completions "HTTP/1.1 200 OK"
22:35:51 HTTP Request: POST https://dashscope.aliyuncs.com/compatible-mode/v1/chat/completions "HTTP/1.1 200 OK"
22:35:59 HTTP Request: POST https://dashscope.aliyuncs.com/compatible-mode/v1/chat/completions "HTTP/1.1 200 OK"
22:36:04 HTTP Request: POST https://dashscope.aliyuncs.com/compatible-mode/v1/chat/completions "HTTP/1.1 200 OK"
22:36:26 HTTP Request: POST https://dashscope.aliyuncs.com/compatible-mode/v1/chat/completions "HTTP/1.1 200 OK"
22:36:32 HTTP Request: POST https://dashscope.aliyuncs.com/compatible-mode/v1/chat/completions "HTTP/1.1 200 OK"
22:36:38 HTTP Request: POST https://dashscope.aliyuncs.com/compatible-mode/v1/chat/completions "HTTP/1.1 200 OK"
22:36:50 HTTP Request: POST https://dashscope.aliyuncs.com/compatible-mode/v1/chat/completions "HTTP/1.1 200 OK"
22:36:53 HTTP Request: POST https://dashscope.aliyuncs.com/compatible-mode/v1/chat/completions "HTTP/1.1 200 OK"
22:37:18 HTTP Request: POST https://dashscope.aliyuncs.com/compatible-mode/v1/chat/completions "HTTP/1.1 200 OK"
22:37:32 HTTP Request: POST https://dashscope.aliyuncs.com/compatible-mode/v1/chat/completions "HTTP/1.1 200 OK"
22:37:47 HTTP Request: POST https://dashscope.aliyuncs.com/compatible-mode/v1/chat/completions "HTTP/1.1 200 OK"
22:37:50 HTTP Request: POST https://dashscope.aliyuncs.com/compatible-mode/v1/chat/completions "HTTP/1.1 200 OK"
22:37:54 HTTP Request: POST https://dashscope.aliyuncs.com/compatible-mode/v1/chat/completions "HTTP/1.1 200 OK"
22:38:04 HTTP Request: POST https://dashscope.aliyuncs.com/compatible-mode/v1/chat/completions "HTTP/1.1 200 OK"
22:38:06 HTTP Request: POST https://dashscope.aliyuncs.com/compatible-mode/v1/chat/completions "HTTP/1.1 200 OK"
22:38:18 HTTP Request: POST https://dashscope.aliyuncs.com/compatible-mode/v1/chat/completions "HTTP/1.1 200 OK"
22:38:21 HTTP Request: POST https://dashscope.aliyuncs.com/compatible-mode/v1/chat/completions "HTTP/1.1 200 OK"
22:38:29 HTTP Request: POST https://dashscope.aliyuncs.com/compatible-mode/v1/chat/completions "HTTP/1.1 200 OK"
22:38:35 HTTP Request: POST https://dashscope.aliyuncs.com/compatible-mode/v1/chat/completions "HTTP/1.1 200 OK"
22:38:42 HTTP Request: POST https://dashscope.aliyuncs.com/compatible-mode/v1/chat/completions "HTTP/1.1 200 OK"
22:38:50 HTTP Request: POST https://dashscope.aliyuncs.com/compatible-mode/v1/chat/completions "HTTP/1.1 200 OK"
22:38:51 HTTP Request: POST https://dashscope.aliyuncs.com/compatible-mode/v1/chat/completions "HTTP/1.1 200 OK"
22:39:03 HTTP Request: POST https://dashscope.aliyuncs.com/compatible-mode/v1/chat/completions "HTTP/1.1 200 OK"
22:39:19 HTTP Request: POST https://dashscope.aliyuncs.com/compatible-mode/v1/chat/completions "HTTP/1.1 200 OK"
22:39:29 HTTP Request: POST https://dashscope.aliyuncs.com/compatible-mode/v1/chat/completions "HTTP/1.1 200 OK"
22:39:41 HTTP Request: POST https://dashscope.aliyuncs.com/compatible-mode/v1/chat/completions "HTTP/1.1 200 OK"
22:39:45 HTTP Request: POST https://dashscope.aliyuncs.com/compatible-mode/v1/chat/completions "HTTP/1.1 200 OK"
22:39:48 HTTP Request: POST https://dashscope.aliyuncs.com/compatible-mode/v1/chat/completions "HTTP/1.1 200 OK"
22:40:27 HTTP Request: POST https://dashscope.aliyuncs.com/compatible-mode/v1/chat/completions "HTTP/1.1 200 OK"
22:40:38 HTTP Request: POST https://dashscope.aliyuncs.com/compatible-mode/v1/chat/completions "HTTP/1.1 200 OK"
22:40:42 HTTP Request: POST https://dashscope.aliyuncs.com/compatible-mode/v1/chat/completions "HTTP/1.1 200 OK"
22:40:52 HTTP Request: POST https://dashscope.aliyuncs.com/compatible-mode/v1/chat/completions "HTTP/1.1 200 OK"
22:40:55 HTTP Request: POST https://dashscope.aliyuncs.com/compatible-mode/v1/chat/completions "HTTP/1.1 200 OK"
22:40:57 HTTP Request: POST https://dashscope.aliyuncs.com/compatible-mode/v1/chat/completions "HTTP/1.1 200 OK"
22:40:59 HTTP Request: POST https://dashscope.aliyuncs.com/compatible-mode/v1/chat/completions "HTTP/1.1 200 OK"
22:41:01 HTTP Request: POST https://dashscope.aliyuncs.com/compatible-mode/v1/chat/completions "HTTP/1.1 200 OK"
22:41:14 HTTP Request: POST https://dashscope.aliyuncs.com/compatible-mode/v1/chat/completions "HTTP/1.1 200 OK"
22:41:18 HTTP Request: POST https://dashscope.aliyuncs.com/compatible-mode/v1/chat/completions "HTTP/1.1 200 OK"
22:41:19 HTTP Request: POST https://dashscope.aliyuncs.com/compatible-mode/v1/chat/completions "HTTP/1.1 200 OK"
22:41:29 HTTP Request: POST https://dashscope.aliyuncs.com/compatible-mode/v1/chat/completions "HTTP/1.1 200 OK"
22:41:38 HTTP Request: POST https://dashscope.aliyuncs.com/compatible-mode/v1/chat/completions "HTTP/1.1 200 OK"
22:42:05 HTTP Request: POST https://dashscope.aliyuncs.com/compatible-mode/v1/chat/completions "HTTP/1.1 200 OK"
22:42:10 HTTP Request: POST https://dashscope.aliyuncs.com/compatible-mode/v1/chat/completions "HTTP/1.1 200 OK"
22:42:14 HTTP Request: POST https://dashscope.aliyuncs.com/compatible-mode/v1/chat/completions "HTTP/1.1 200 OK"
22:42:15 HTTP Request: POST https://dashscope.aliyuncs.com/compatible-mode/v1/chat/completions "HTTP/1.1 200 OK"
22:42:19 HTTP Request: POST https://dashscope.aliyuncs.com/compatible-mode/v1/chat/completions "HTTP/1.1 200 OK"
22:42:59 HTTP Request: POST https://dashscope.aliyuncs.com/compatible-mode/v1/chat/completions "HTTP/1.1 200 OK"
22:43:09 HTTP Request: POST https://dashscope.aliyuncs.com/compatible-mode/v1/chat/completions "HTTP/1.1 200 OK"
22:43:09 HTTP Request: POST https://dashscope.aliyuncs.com/compatible-mode/v1/chat/completions "HTTP/1.1 200 OK"
22:43:20 HTTP Request: POST https://dashscope.aliyuncs.com/compatible-mode/v1/chat/completions "HTTP/1.1 200 OK"
22:43:21 HTTP Request: POST https://dashscope.aliyuncs.com/compatible-mode/v1/chat/completions "HTTP/1.1 200 OK"
22:43:29 HTTP Request: POST https://dashscope.aliyuncs.com/compatible-mode/v1/chat/completions "HTTP/1.1 200 OK"
22:43:29 HTTP Request: POST https://dashscope.aliyuncs.com/compatible-mode/v1/chat/completions "HTTP/1.1 200 OK"
22:43:39 HTTP Request: POST https://dashscope.aliyuncs.com/compatible-mode/v1/chat/completions "HTTP/1.1 200 OK"
22:43:56 HTTP Request: POST https://dashscope.aliyuncs.com/compatible-mode/v1/chat/completions "HTTP/1.1 200 OK"
22:43:58 HTTP Request: POST https://dashscope.aliyuncs.com/compatible-mode/v1/chat/completions "HTTP/1.1 200 OK"
22:44:02 HTTP Request: POST https://dashscope.aliyuncs.com/compatible-mode/v1/chat/completions "HTTP/1.1 200 OK"
22:44:08 HTTP Request: POST https://dashscope.aliyuncs.com/compatible-mode/v1/chat/completions "HTTP/1.1 200 OK"
22:44:13 HTTP Request: POST https://dashscope.aliyuncs.com/compatible-mode/v1/chat/completions "HTTP/1.1 200 OK"
22:44:24 HTTP Request: POST https://dashscope.aliyuncs.com/compatible-mode/v1/chat/completions "HTTP/1.1 200 OK"
22:44:25 HTTP Request: POST https://dashscope.aliyuncs.com/compatible-mode/v1/chat/completions "HTTP/1.1 200 OK"
22:44:36 HTTP Request: POST https://dashscope.aliyuncs.com/compatible-mode/v1/chat/completions "HTTP/1.1 200 OK"
22:44:43 HTTP Request: POST https://dashscope.aliyuncs.com/compatible-mode/v1/chat/completions "HTTP/1.1 200 OK"
22:45:01 HTTP Request: POST https://dashscope.aliyuncs.com/compatible-mode/v1/chat/completions "HTTP/1.1 200 OK"
22:45:10 HTTP Request: POST https://dashscope.aliyuncs.com/compatible-mode/v1/chat/completions "HTTP/1.1 200 OK"
22:45:24 HTTP Request: POST https://dashscope.aliyuncs.com/compatible-mode/v1/chat/completions "HTTP/1.1 200 OK"
22:45:30 HTTP Request: POST https://dashscope.aliyuncs.com/compatible-mode/v1/chat/completions "HTTP/1.1 200 OK"
22:45:47 HTTP Request: POST https://dashscope.aliyuncs.com/compatible-mode/v1/chat/completions "HTTP/1.1 200 OK"
22:45:59 HTTP Request: POST https://dashscope.aliyuncs.com/compatible-mode/v1/chat/completions "HTTP/1.1 200 OK"
22:46:01 HTTP Request: POST https://dashscope.aliyuncs.com/compatible-mode/v1/chat/completions "HTTP/1.1 200 OK"
22:46:06 HTTP Request: POST https://dashscope.aliyuncs.com/compatible-mode/v1/chat/completions "HTTP/1.1 200 OK"
22:46:14 HTTP Request: POST https://dashscope.aliyuncs.com/compatible-mode/v1/chat/completions "HTTP/1.1 200 OK"
22:46:18 HTTP Request: POST https://dashscope.aliyuncs.com/compatible-mode/v1/chat/completions "HTTP/1.1 200 OK"
22:46:27 HTTP Request: POST https://dashscope.aliyuncs.com/compatible-mode/v1/chat/completions "HTTP/1.1 200 OK"
22:46:31 HTTP Request: POST https://dashscope.aliyuncs.com/compatible-mode/v1/chat/completions "HTTP/1.1 200 OK"
22:46:35 HTTP Request: POST https://dashscope.aliyuncs.com/compatible-mode/v1/chat/completions "HTTP/1.1 200 OK"
22:46:35 [R2] PID 1402 → R1_std=8.42 R2_std=3.15 converged=6/6 (1003s)
22:46:35 [R1] PID 1577 → 开始
22:46:38 HTTP Request: POST https://dashscope.aliyuncs.com/compatible-mode/v1/chat/completions "HTTP/1.1 200 OK"
22:46:38 [R2] PID 407 → R1_std=9.6 R2_std=3.35 converged=6/6 (1016s)
22:46:38 [R1] PID 1763 → 开始
22:46:45 HTTP Request: POST https://dashscope.aliyuncs.com/compatible-mode/v1/chat/completions "HTTP/1.1 200 OK"
22:46:45 [R2] PID 152 → R1_std=10.83 R2_std=4.7 converged=5/6 (993s)
22:46:45 [R1] PID 338 → 开始
22:46:48 HTTP Request: POST https://dashscope.aliyuncs.com/compatible-mode/v1/chat/completions "HTTP/1.1 200 OK"
22:47:01 HTTP Request: POST https://dashscope.aliyuncs.com/compatible-mode/v1/chat/completions "HTTP/1.1 200 OK"
22:47:05 HTTP Request: POST https://dashscope.aliyuncs.com/compatible-mode/v1/chat/completions "HTTP/1.1 200 OK"
22:47:06 HTTP Request: POST https://dashscope.aliyuncs.com/compatible-mode/v1/chat/completions "HTTP/1.1 200 OK"
22:47:06 [R2] PID 1786 → R1_std=10.67 R2_std=5.28 converged=6/6 (1034s)
22:47:06 [R1] PID 1219 → 开始
22:47:07 HTTP Request: POST https://dashscope.aliyuncs.com/compatible-mode/v1/chat/completions "HTTP/1.1 200 OK"
22:47:10 HTTP Request: POST https://dashscope.aliyuncs.com/compatible-mode/v1/chat/completions "HTTP/1.1 200 OK"
22:47:10 HTTP Request: POST https://dashscope.aliyuncs.com/compatible-mode/v1/chat/completions "HTTP/1.1 200 OK"
22:47:10 HTTP Request: POST https://dashscope.aliyuncs.com/compatible-mode/v1/chat/completions "HTTP/1.1 200 OK"
22:47:14 HTTP Request: POST https://dashscope.aliyuncs.com/compatible-mode/v1/chat/completions "HTTP/1.1 200 OK"
22:47:22 HTTP Request: POST https://dashscope.aliyuncs.com/compatible-mode/v1/chat/completions "HTTP/1.1 200 OK"
22:47:30 HTTP Request: POST https://dashscope.aliyuncs.com/compatible-mode/v1/chat/completions "HTTP/1.1 200 OK"
22:47:31 HTTP Request: POST https://dashscope.aliyuncs.com/compatible-mode/v1/chat/completions "HTTP/1.1 200 OK"
22:47:32 HTTP Request: POST https://dashscope.aliyuncs.com/compatible-mode/v1/chat/completions "HTTP/1.1 200 OK"
22:47:50 HTTP Request: POST https://dashscope.aliyuncs.com/compatible-mode/v1/chat/completions "HTTP/1.1 200 OK"
22:47:52 HTTP Request: POST https://dashscope.aliyuncs.com/compatible-mode/v1/chat/completions "HTTP/1.1 200 OK"
22:48:02 HTTP Request: POST https://dashscope.aliyuncs.com/compatible-mode/v1/chat/completions "HTTP/1.1 200 OK"
22:48:03 HTTP Request: POST https://dashscope.aliyuncs.com/compatible-mode/v1/chat/completions "HTTP/1.1 200 OK"
22:48:04 HTTP Request: POST https://dashscope.aliyuncs.com/compatible-mode/v1/chat/completions "HTTP/1.1 200 OK"
22:48:08 Retrying request to /chat/completions in 0.481095 seconds
22:48:08 Retrying request to /chat/completions in 0.384291 seconds
22:48:08 Retrying request to /chat/completions in 0.495146 seconds
22:48:08 Retrying request to /chat/completions in 0.421404 seconds
22:48:08 Retrying request to /chat/completions in 0.419448 seconds
22:48:14 HTTP Request: POST https://dashscope.aliyuncs.com/compatible-mode/v1/chat/completions "HTTP/1.1 200 OK"
22:48:16 HTTP Request: POST https://dashscope.aliyuncs.com/compatible-mode/v1/chat/completions "HTTP/1.1 200 OK"
22:48:17 HTTP Request: POST https://dashscope.aliyuncs.com/compatible-mode/v1/chat/completions "HTTP/1.1 200 OK"
22:48:18 HTTP Request: POST https://dashscope.aliyuncs.com/compatible-mode/v1/chat/completions "HTTP/1.1 200 OK"
22:48:19 HTTP Request: POST https://dashscope.aliyuncs.com/compatible-mode/v1/chat/completions "HTTP/1.1 200 OK"
22:48:20 HTTP Request: POST https://dashscope.aliyuncs.com/compatible-mode/v1/chat/completions "HTTP/1.1 200 OK"
22:48:20 HTTP Request: POST https://dashscope.aliyuncs.com/compatible-mode/v1/chat/completions "HTTP/1.1 200 OK"
22:48:22 HTTP Request: POST https://dashscope.aliyuncs.com/compatible-mode/v1/chat/completions "HTTP/1.1 200 OK"
22:48:27 HTTP Request: POST https://dashscope.aliyuncs.com/compatible-mode/v1/chat/completions "HTTP/1.1 200 OK"
22:48:27 HTTP Request: POST https://dashscope.aliyuncs.com/compatible-mode/v1/chat/completions "HTTP/1.1 200 OK"
22:48:28 HTTP Request: POST https://dashscope.aliyuncs.com/compatible-mode/v1/chat/completions "HTTP/1.1 200 OK"
22:48:28 HTTP Request: POST https://dashscope.aliyuncs.com/compatible-mode/v1/chat/completions "HTTP/1.1 200 OK"
22:48:28 HTTP Request: POST https://dashscope.aliyuncs.com/compatible-mode/v1/chat/completions "HTTP/1.1 200 OK"
22:48:28 HTTP Request: POST https://dashscope.aliyuncs.com/compatible-mode/v1/chat/completions "HTTP/1.1 200 OK"
22:48:30 HTTP Request: POST https://dashscope.aliyuncs.com/compatible-mode/v1/chat/completions "HTTP/1.1 200 OK"
22:48:31 HTTP Request: POST https://dashscope.aliyuncs.com/compatible-mode/v1/chat/completions "HTTP/1.1 200 OK"
22:48:32 HTTP Request: POST https://dashscope.aliyuncs.com/compatible-mode/v1/chat/completions "HTTP/1.1 200 OK"
22:48:32 HTTP Request: POST https://dashscope.aliyuncs.com/compatible-mode/v1/chat/completions "HTTP/1.1 200 OK"
22:48:32 HTTP Request: POST https://dashscope.aliyuncs.com/compatible-mode/v1/chat/completions "HTTP/1.1 200 OK"
22:48:37 HTTP Request: POST https://dashscope.aliyuncs.com/compatible-mode/v1/chat/completions "HTTP/1.1 200 OK"
22:48:38 HTTP Request: POST https://dashscope.aliyuncs.com/compatible-mode/v1/chat/completions "HTTP/1.1 200 OK"
22:48:41 HTTP Request: POST https://dashscope.aliyuncs.com/compatible-mode/v1/chat/completions "HTTP/1.1 200 OK"
22:48:42 HTTP Request: POST https://dashscope.aliyuncs.com/compatible-mode/v1/chat/completions "HTTP/1.1 200 OK"
22:48:42 HTTP Request: POST https://dashscope.aliyuncs.com/compatible-mode/v1/chat/completions "HTTP/1.1 200 OK"
22:48:46 HTTP Request: POST https://dashscope.aliyuncs.com/compatible-mode/v1/chat/completions "HTTP/1.1 200 OK"
22:48:46 [R2] PID 1915 → R1_std=12.0 R2_std=5.33 converged=5/6 (1087s)
22:48:46 [R1] PID 1853 → 开始
22:48:47 HTTP Request: POST https://dashscope.aliyuncs.com/compatible-mode/v1/chat/completions "HTTP/1.1 200 OK"
22:48:49 HTTP Request: POST https://dashscope.aliyuncs.com/compatible-mode/v1/chat/completions "HTTP/1.1 200 OK"
22:48:49 HTTP Request: POST https://dashscope.aliyuncs.com/compatible-mode/v1/chat/completions "HTTP/1.1 200 OK"
22:48:51 HTTP Request: POST https://dashscope.aliyuncs.com/compatible-mode/v1/chat/completions "HTTP/1.1 200 OK"
22:48:51 HTTP Request: POST https://dashscope.aliyuncs.com/compatible-mode/v1/chat/completions "HTTP/1.1 200 OK"
22:48:51 HTTP Request: POST https://dashscope.aliyuncs.com/compatible-mode/v1/chat/completions "HTTP/1.1 200 OK"
22:48:51 HTTP Request: POST https://dashscope.aliyuncs.com/compatible-mode/v1/chat/completions "HTTP/1.1 200 OK"
22:48:52 HTTP Request: POST https://dashscope.aliyuncs.com/compatible-mode/v1/chat/completions "HTTP/1.1 200 OK"
22:48:58 HTTP Request: POST https://dashscope.aliyuncs.com/compatible-mode/v1/chat/completions "HTTP/1.1 200 OK"
22:49:01 HTTP Request: POST https://dashscope.aliyuncs.com/compatible-mode/v1/chat/completions "HTTP/1.1 200 OK"
22:49:02 HTTP Request: POST https://dashscope.aliyuncs.com/compatible-mode/v1/chat/completions "HTTP/1.1 200 OK"
22:49:02 HTTP Request: POST https://dashscope.aliyuncs.com/compatible-mode/v1/chat/completions "HTTP/1.1 200 OK"
22:49:03 HTTP Request: POST https://dashscope.aliyuncs.com/compatible-mode/v1/chat/completions "HTTP/1.1 200 OK"
22:49:05 HTTP Request: POST https://dashscope.aliyuncs.com/compatible-mode/v1/chat/completions "HTTP/1.1 200 OK"
22:49:07 HTTP Request: POST https://dashscope.aliyuncs.com/compatible-mode/v1/chat/completions "HTTP/1.1 200 OK"
22:49:07 HTTP Request: POST https://dashscope.aliyuncs.com/compatible-mode/v1/chat/completions "HTTP/1.1 200 OK"
22:49:08 HTTP Request: POST https://dashscope.aliyuncs.com/compatible-mode/v1/chat/completions "HTTP/1.1 200 OK"
22:49:09 HTTP Request: POST https://dashscope.aliyuncs.com/compatible-mode/v1/chat/completions "HTTP/1.1 200 OK"
22:49:11 HTTP Request: POST https://dashscope.aliyuncs.com/compatible-mode/v1/chat/completions "HTTP/1.1 200 OK"
22:49:11 HTTP Request: POST https://dashscope.aliyuncs.com/compatible-mode/v1/chat/completions "HTTP/1.1 200 OK"
22:49:14 HTTP Request: POST https://dashscope.aliyuncs.com/compatible-mode/v1/chat/completions "HTTP/1.1 200 OK"
22:49:15 HTTP Request: POST https://dashscope.aliyuncs.com/compatible-mode/v1/chat/completions "HTTP/1.1 200 OK"
22:49:16 HTTP Request: POST https://dashscope.aliyuncs.com/compatible-mode/v1/chat/completions "HTTP/1.1 200 OK"
22:49:17 HTTP Request: POST https://dashscope.aliyuncs.com/compatible-mode/v1/chat/completions "HTTP/1.1 200 OK"
22:49:18 HTTP Request: POST https://dashscope.aliyuncs.com/compatible-mode/v1/chat/completions "HTTP/1.1 200 OK"
22:49:19 HTTP Request: POST https://dashscope.aliyuncs.com/compatible-mode/v1/chat/completions "HTTP/1.1 200 OK"
22:49:19 HTTP Request: POST https://dashscope.aliyuncs.com/compatible-mode/v1/chat/completions "HTTP/1.1 200 OK"
22:49:21 HTTP Request: POST https://dashscope.aliyuncs.com/compatible-mode/v1/chat/completions "HTTP/1.1 200 OK"
22:49:23 HTTP Request: POST https://dashscope.aliyuncs.com/compatible-mode/v1/chat/completions "HTTP/1.1 200 OK"
22:49:28 HTTP Request: POST https://dashscope.aliyuncs.com/compatible-mode/v1/chat/completions "HTTP/1.1 200 OK"
22:49:32 HTTP Request: POST https://dashscope.aliyuncs.com/compatible-mode/v1/chat/completions "HTTP/1.1 200 OK"
22:49:33 HTTP Request: POST https://dashscope.aliyuncs.com/compatible-mode/v1/chat/completions "HTTP/1.1 200 OK"
22:49:34 HTTP Request: POST https://dashscope.aliyuncs.com/compatible-mode/v1/chat/completions "HTTP/1.1 200 OK"
22:49:35 HTTP Request: POST https://dashscope.aliyuncs.com/compatible-mode/v1/chat/completions "HTTP/1.1 200 OK"
22:49:35 HTTP Request: POST https://dashscope.aliyuncs.com/compatible-mode/v1/chat/completions "HTTP/1.1 200 OK"
22:49:36 HTTP Request: POST https://dashscope.aliyuncs.com/compatible-mode/v1/chat/completions "HTTP/1.1 200 OK"
22:49:39 HTTP Request: POST https://dashscope.aliyuncs.com/compatible-mode/v1/chat/completions "HTTP/1.1 200 OK"
22:49:41 HTTP Request: POST https://dashscope.aliyuncs.com/compatible-mode/v1/chat/completions "HTTP/1.1 200 OK"
22:49:41 HTTP Request: POST https://dashscope.aliyuncs.com/compatible-mode/v1/chat/completions "HTTP/1.1 200 OK"
22:49:43 HTTP Request: POST https://dashscope.aliyuncs.com/compatible-mode/v1/chat/completions "HTTP/1.1 200 OK"
22:49:45 HTTP Request: POST https://dashscope.aliyuncs.com/compatible-mode/v1/chat/completions "HTTP/1.1 200 OK"
22:49:47 HTTP Request: POST https://dashscope.aliyuncs.com/compatible-mode/v1/chat/completions "HTTP/1.1 200 OK"
22:49:48 HTTP Request: POST https://dashscope.aliyuncs.com/compatible-mode/v1/chat/completions "HTTP/1.1 200 OK"
22:49:48 HTTP Request: POST https://dashscope.aliyuncs.com/compatible-mode/v1/chat/completions "HTTP/1.1 200 OK"
22:49:55 HTTP Request: POST https://dashscope.aliyuncs.com/compatible-mode/v1/chat/completions "HTTP/1.1 200 OK"
22:49:56 HTTP Request: POST https://dashscope.aliyuncs.com/compatible-mode/v1/chat/completions "HTTP/1.1 200 OK"
22:49:59 HTTP Request: POST https://dashscope.aliyuncs.com/compatible-mode/v1/chat/completions "HTTP/1.1 200 OK"
22:50:08 HTTP Request: POST https://dashscope.aliyuncs.com/compatible-mode/v1/chat/completions "HTTP/1.1 200 OK"
22:50:09 HTTP Request: POST https://dashscope.aliyuncs.com/compatible-mode/v1/chat/completions "HTTP/1.1 200 OK"
22:50:09 HTTP Request: POST https://dashscope.aliyuncs.com/compatible-mode/v1/chat/completions "HTTP/1.1 200 OK"
22:50:09 [R1] PID 1763 → 完成 max_std=20.4 (211s)
22:50:09 [R2] PID 1763 → 开始交叉评审
22:50:09 HTTP Request: POST https://dashscope.aliyuncs.com/compatible-mode/v1/chat/completions "HTTP/1.1 200 OK"
22:50:11 HTTP Request: POST https://dashscope.aliyuncs.com/compatible-mode/v1/chat/completions "HTTP/1.1 200 OK"
22:50:11 HTTP Request: POST https://dashscope.aliyuncs.com/compatible-mode/v1/chat/completions "HTTP/1.1 200 OK"
22:50:16 HTTP Request: POST https://dashscope.aliyuncs.com/compatible-mode/v1/chat/completions "HTTP/1.1 200 OK"
22:50:17 HTTP Request: POST https://dashscope.aliyuncs.com/compatible-mode/v1/chat/completions "HTTP/1.1 200 OK"
22:50:17 HTTP Request: POST https://dashscope.aliyuncs.com/compatible-mode/v1/chat/completions "HTTP/1.1 200 OK"
22:50:18 HTTP Request: POST https://dashscope.aliyuncs.com/compatible-mode/v1/chat/completions "HTTP/1.1 200 OK"
22:50:19 HTTP Request: POST https://dashscope.aliyuncs.com/compatible-mode/v1/chat/completions "HTTP/1.1 200 OK"
22:50:26 HTTP Request: POST https://dashscope.aliyuncs.com/compatible-mode/v1/chat/completions "HTTP/1.1 200 OK"
22:50:30 HTTP Request: POST https://dashscope.aliyuncs.com/compatible-mode/v1/chat/completions "HTTP/1.1 200 OK"
22:50:31 HTTP Request: POST https://dashscope.aliyuncs.com/compatible-mode/v1/chat/completions "HTTP/1.1 200 OK"
22:50:31 [R1] PID 338 → 完成 max_std=20.4 (226s)
22:50:31 [R2] PID 338 → 开始交叉评审
22:50:33 HTTP Request: POST https://dashscope.aliyuncs.com/compatible-mode/v1/chat/completions "HTTP/1.1 200 OK"
运行前置检查...
运行前置检查...
运行前置检查...
运行前置检查...
运行前置检查...
评估 6 个维度（最多 4 个并发）...
评估 6 个维度（最多 4 个并发）...
评估 6 个维度（最多 4 个并发）...
评估 6 个维度（最多 4 个并发）...
评估 6 个维度（最多 4 个并发）...
  研究创新性 (problem_originality): glm-5.1=90, qwen3.6-plus=85, deepseek-v4-pro=72, kimi-k2.6=72 | mean=79.8 | strictest=72 (deepseek-v4-pro) | std=9.2 | 置信度=low
  现状洞察度 (literature_insight): glm-5.1=88, qwen3.6-plus=82, deepseek-v4-pro=78, kimi-k2.6=72 | mean=80 | strictest=72 (kimi-k2.6) | std=6.7 | 置信度=medium
  理论建构力 (analytical_framework): glm-5.1=92, qwen3.6-plus=88, deepseek-v4-pro=65, kimi-k2.6=68 | mean=78.2 | strictest=65 (deepseek-v4-pro) | std=13.7 | 置信度=critical
  逻辑连贯性 (logical_coherence): glm-5.1=92, qwen3.6-plus=88, deepseek-v4-pro=92, kimi-k2.6=75 | mean=86.8 | strictest=75 (kimi-k2.6) | std=8.1 | 置信度=low
  学术共识度 (conclusion_consensus): glm-5.1=90, qwen3.6-plus=88, deepseek-v4-pro=90, kimi-k2.6=78 | mean=86.5 | strictest=78 (kimi-k2.6) | std=5.7 | 置信度=medium
  前瞻延展性 (forward_extension): glm-5.1=85, qwen3.6-plus=85, deepseek-v4-pro=55, kimi-k2.6=72 | mean=74.2 | strictest=55 (deepseek-v4-pro) | std=14.2 | 置信度=critical
  研究创新性 (problem_originality): glm-5.1=95, qwen3.6-plus=85, deepseek-v4-pro=85, kimi-k2.6=78 | mean=85.8 | strictest=78 (kimi-k2.6) | std=7.0 | 置信度=medium
  现状洞察度 (literature_insight): glm-5.1=92, qwen3.6-plus=88, deepseek-v4-pro=88, kimi-k2.6=78 | mean=86.5 | strictest=78 (kimi-k2.6) | std=6.0 | 置信度=medium
  理论建构力 (analytical_framework): glm-5.1=92, qwen3.6-plus=85, deepseek-v4-pro=67, kimi-k2.6=52 | mean=74 | strictest=52 (kimi-k2.6) | std=18.1 | 置信度=critical
  逻辑连贯性 (logical_coherence): glm-5.1=92, qwen3.6-plus=85, deepseek-v4-pro=95, kimi-k2.6=78 | mean=87.5 | strictest=78 (kimi-k2.6) | std=7.6 | 置信度=medium
  学术共识度 (conclusion_consensus): glm-5.1=90, qwen3.6-plus=88, deepseek-v4-pro=85, kimi-k2.6=78 | mean=85.2 | strictest=78 (kimi-k2.6) | std=5.3 | 置信度=medium
  前瞻延展性 (forward_extension): glm-5.1=85, qwen3.6-plus=85, deepseek-v4-pro=85, kimi-k2.6=72 | mean=81.8 | strictest=72 (kimi-k2.6) | std=6.5 | 置信度=medium
  研究创新性 (problem_originality): glm-5.1=90, qwen3.6-plus=82, deepseek-v4-pro=95, kimi-k2.6=72 | mean=84.8 | strictest=72 (kimi-k2.6) | std=10.0 | 置信度=low
  现状洞察度 (literature_insight): glm-5.1=90, qwen3.6-plus=82, deepseek-v4-pro=91, kimi-k2.6=82 | mean=86.2 | strictest=82 (qwen3.6-plus) | std=4.9 | 置信度=high
  理论建构力 (analytical_framework): glm-5.1=90, qwen3.6-plus=85, deepseek-v4-pro=92, kimi-k2.6=55 | mean=80.5 | strictest=55 (kimi-k2.6) | std=17.3 | 置信度=critical
  逻辑连贯性 (logical_coherence): glm-5.1=92, qwen3.6-plus=82, deepseek-v4-pro=92, kimi-k2.6=72 | mean=84.5 | strictest=72 (kimi-k2.6) | std=9.6 | 置信度=low
  学术共识度 (conclusion_consensus): glm-5.1=88, qwen3.6-plus=82, deepseek-v4-pro=92, kimi-k2.6=72 | mean=83.5 | strictest=72 (kimi-k2.6) | std=8.7 | 置信度=low
  前瞻延展性 (forward_extension): glm-5.1=82, qwen3.6-plus=72, deepseek-v4-pro=85, kimi-k2.6=55 | mean=73.5 | strictest=55 (kimi-k2.6) | std=13.5 | 置信度=critical
  研究创新性 (problem_originality): glm-5.1=90, qwen3.6-plus=75, deepseek-v4-pro=85, kimi-k2.6=55 | mean=76.2 | strictest=55 (kimi-k2.6) | std=15.5 | 置信度=critical
  现状洞察度 (literature_insight): glm-5.1=88, qwen3.6-plus=88, deepseek-v4-pro=93, kimi-k2.6=72 | mean=85.2 | strictest=72 (kimi-k2.6) | std=9.1 | 置信度=low
  理论建构力 (analytical_framework): glm-5.1=90, qwen3.6-plus=72, deepseek-v4-pro=55, kimi-k2.6=55 | mean=68 | strictest=55 (deepseek-v4-pro) | std=16.7 | 置信度=critical
  逻辑连贯性 (logical_coherence): glm-5.1=90, qwen3.6-plus=85, deepseek-v4-pro=90, kimi-k2.6=72 | mean=84.2 | strictest=72 (kimi-k2.6) | std=8.5 | 置信度=low
  学术共识度 (conclusion_consensus): glm-5.1=90, qwen3.6-plus=85, deepseek-v4-pro=90, kimi-k2.6=78 | mean=85.8 | strictest=78 (kimi-k2.6) | std=5.7 | 置信度=medium
  前瞻延展性 (forward_extension): glm-5.1=85, qwen3.6-plus=72, deepseek-v4-pro=75, kimi-k2.6=62 | mean=73.5 | strictest=62 (kimi-k2.6) | std=9.5 | 置信度=low
  研究创新性 (problem_originality): glm-5.1=90, qwen3.6-plus=82, deepseek-v4-pro=45, kimi-k2.6=68 | mean=71.2 | strictest=45 (deepseek-v4-pro) | std=19.7 | 置信度=critical
  现状洞察度 (literature_insight): glm-5.1=90, qwen3.6-plus=82, deepseek-v4-pro=92, kimi-k2.6=72 | mean=84 | strictest=72 (kimi-k2.6) | std=9.1 | 置信度=low
  理论建构力 (analytical_framework): glm-5.1=95, qwen3.6-plus=85, deepseek-v4-pro=92, kimi-k2.6=58 | mean=82.5 | strictest=58 (kimi-k2.6) | std=16.9 | 置信度=critical
  逻辑连贯性 (logical_coherence): glm-5.1=95, qwen3.6-plus=88, deepseek-v4-pro=92, kimi-k2.6=72 | mean=86.8 | strictest=72 (kimi-k2.6) | std=10.2 | 置信度=low
  学术共识度 (conclusion_consensus): glm-5.1=85, qwen3.6-plus=85, deepseek-v4-pro=80, kimi-k2.6=72 | mean=80.5 | strictest=72 (kimi-k2.6) | std=6.1 | 置信度=medium
  前瞻延展性 (forward_extension): glm-5.1=85, qwen3.6-plus=85, deepseek-v4-pro=85, kimi-k2.6=65 | mean=80 | strictest=65 (kimi-k2.6) | std=10.0 | 置信度=low
运行前置检查...
运行前置检查...
运行前置检查...
运行前置检查...
评估 6 个维度（最多 4 个并发）...
评估 6 个维度（最多 4 个并发）...
评估 6 个维度（最多 4 个并发）...
运行前置检查...
评估 6 个维度（最多 4 个并发）...
  研究创新性 (problem_originality): glm-5.1=90, qwen3.6-plus=78, deepseek-v4-pro=92, kimi-k2.6=55 | mean=78.8 | strictest=55 (kimi-k2.6) | std=17.0 | 置信度=critical
  现状洞察度 (literature_insight): glm-5.1=92, qwen3.6-plus=72, deepseek-v4-pro=82, kimi-k2.6=72 | mean=79.5 | strictest=72 (qwen3.6-plus) | std=9.6 | 置信度=low
  理论建构力 (analytical_framework): glm-5.1=95, qwen3.6-plus=85, deepseek-v4-pro=95, kimi-k2.6=52 | mean=81.8 | strictest=52 (kimi-k2.6) | std=20.4 | 置信度=critical
  逻辑连贯性 (logical_coherence): glm-5.1=95, qwen3.6-plus=85, deepseek-v4-pro=92, kimi-k2.6=72 | mean=86 | strictest=72 (kimi-k2.6) | std=10.2 | 置信度=low
  学术共识度 (conclusion_consensus): glm-5.1=95, qwen3.6-plus=85, deepseek-v4-pro=92, kimi-k2.6=78 | mean=87.5 | strictest=78 (kimi-k2.6) | std=7.6 | 置信度=medium
  前瞻延展性 (forward_extension): glm-5.1=85, qwen3.6-plus=72, deepseek-v4-pro=62, kimi-k2.6=72 | mean=72.8 | strictest=62 (deepseek-v4-pro) | std=9.4 | 置信度=low
  研究创新性 (problem_originality): glm-5.1=92, qwen3.6-plus=85, deepseek-v4-pro=90, kimi-k2.6=75 | mean=85.5 | strictest=75 (kimi-k2.6) | std=7.6 | 置信度=medium
  现状洞察度 (literature_insight): glm-5.1=92, qwen3.6-plus=88, deepseek-v4-pro=92, kimi-k2.6=82 | mean=88.5 | strictest=82 (kimi-k2.6) | std=4.7 | 置信度=high
  理论建构力 (analytical_framework): glm-5.1=92, qwen3.6-plus=85, deepseek-v4-pro=48, kimi-k2.6=62 | mean=71.8 | strictest=48 (deepseek-v4-pro) | std=20.4 | 置信度=critical
  逻辑连贯性 (logical_coherence): glm-5.1=95, qwen3.6-plus=85, deepseek-v4-pro=94, kimi-k2.6=82 | mean=89 | strictest=82 (kimi-k2.6) | std=6.5 | 置信度=medium
  学术共识度 (conclusion_consensus): glm-5.1=92, qwen3.6-plus=85, deepseek-v4-pro=90, kimi-k2.6=85 | mean=88 | strictest=85 (qwen3.6-plus) | std=3.6 | 置信度=high
  前瞻延展性 (forward_extension): glm-5.1=85, qwen3.6-plus=75, deepseek-v4-pro=67, kimi-k2.6=65 | mean=73 | strictest=65 (kimi-k2.6) | std=9.1 | 置信度=low
  研究创新性 (problem_originality): glm-5.1=90, qwen3.6-plus=85, deepseek-v4-pro=30, kimi-k2.6=72 | mean=69.2 | strictest=30 (deepseek-v4-pro) | std=27.2 | 置信度=critical
  现状洞察度 (literature_insight): glm-5.1=90, qwen3.6-plus=82, deepseek-v4-pro=92, kimi-k2.6=78 | mean=85.5 | strictest=78 (kimi-k2.6) | std=6.6 | 置信度=medium
  理论建构力 (analytical_framework): glm-5.1=90, qwen3.6-plus=85, deepseek-v4-pro=35, kimi-k2.6=58 | mean=67 | strictest=35 (deepseek-v4-pro) | std=25.5 | 置信度=critical22:50:33 [R1] PID 1219 → 完成 max_std=27.2 (207s)
22:50:33 [R2] PID 1219 → 开始交叉评审
22:50:34 HTTP Request: POST https://dashscope.aliyuncs.com/compatible-mode/v1/chat/completions "HTTP/1.1 200 OK"
22:50:39 HTTP Request: POST https://dashscope.aliyuncs.com/compatible-mode/v1/chat/completions "HTTP/1.1 200 OK"
22:50:46 HTTP Request: POST https://dashscope.aliyuncs.com/compatible-mode/v1/chat/completions "HTTP/1.1 200 OK"
22:50:50 HTTP Request: POST https://dashscope.aliyuncs.com/compatible-mode/v1/chat/completions "HTTP/1.1 200 OK"
22:50:52 HTTP Request: POST https://dashscope.aliyuncs.com/compatible-mode/v1/chat/completions "HTTP/1.1 200 OK"
22:50:53 HTTP Request: POST https://dashscope.aliyuncs.com/compatible-mode/v1/chat/completions "HTTP/1.1 200 OK"
22:50:54 HTTP Request: POST https://dashscope.aliyuncs.com/compatible-mode/v1/chat/completions "HTTP/1.1 200 OK"
22:50:57 HTTP Request: POST https://dashscope.aliyuncs.com/compatible-mode/v1/chat/completions "HTTP/1.1 200 OK"
22:51:03 HTTP Request: POST https://dashscope.aliyuncs.com/compatible-mode/v1/chat/completions "HTTP/1.1 200 OK"
22:51:08 HTTP Request: POST https://dashscope.aliyuncs.com/compatible-mode/v1/chat/completions "HTTP/1.1 200 OK"
22:51:09 HTTP Request: POST https://dashscope.aliyuncs.com/compatible-mode/v1/chat/completions "HTTP/1.1 200 OK"
22:51:19 HTTP Request: POST https://dashscope.aliyuncs.com/compatible-mode/v1/chat/completions "HTTP/1.1 200 OK"
22:51:19 HTTP Request: POST https://dashscope.aliyuncs.com/compatible-mode/v1/chat/completions "HTTP/1.1 200 OK"
22:51:26 HTTP Request: POST https://dashscope.aliyuncs.com/compatible-mode/v1/chat/completions "HTTP/1.1 200 OK"
22:51:34 HTTP Request: POST https://dashscope.aliyuncs.com/compatible-mode/v1/chat/completions "HTTP/1.1 200 OK"
22:51:40 HTTP Request: POST https://dashscope.aliyuncs.com/compatible-mode/v1/chat/completions "HTTP/1.1 200 OK"
22:51:56 HTTP Request: POST https://dashscope.aliyuncs.com/compatible-mode/v1/chat/completions "HTTP/1.1 200 OK"
22:51:58 HTTP Request: POST https://dashscope.aliyuncs.com/compatible-mode/v1/chat/completions "HTTP/1.1 200 OK"
22:52:05 HTTP Request: POST https://dashscope.aliyuncs.com/compatible-mode/v1/chat/completions "HTTP/1.1 200 OK"
22:52:07 HTTP Request: POST https://dashscope.aliyuncs.com/compatible-mode/v1/chat/completions "HTTP/1.1 200 OK"
22:52:07 [R1] PID 1853 → 完成 max_std=13.9 (201s)
22:52:07 [R2] PID 1853 → 开始交叉评审
22:52:35 HTTP Request: POST https://dashscope.aliyuncs.com/compatible-mode/v1/chat/completions "HTTP/1.1 200 OK"
22:52:35 HTTP Request: POST https://dashscope.aliyuncs.com/compatible-mode/v1/chat/completions "HTTP/1.1 200 OK"
22:53:00 HTTP Request: POST https://dashscope.aliyuncs.com/compatible-mode/v1/chat/completions "HTTP/1.1 200 OK"
22:53:02 HTTP Request: POST https://dashscope.aliyuncs.com/compatible-mode/v1/chat/completions "HTTP/1.1 200 OK"
22:53:04 HTTP Request: POST https://dashscope.aliyuncs.com/compatible-mode/v1/chat/completions "HTTP/1.1 200 OK"
22:53:21 HTTP Request: POST https://dashscope.aliyuncs.com/compatible-mode/v1/chat/completions "HTTP/1.1 200 OK"
22:53:33 HTTP Request: POST https://dashscope.aliyuncs.com/compatible-mode/v1/chat/completions "HTTP/1.1 200 OK"
22:53:51 HTTP Request: POST https://dashscope.aliyuncs.com/compatible-mode/v1/chat/completions "HTTP/1.1 200 OK"
22:53:53 HTTP Request: POST https://dashscope.aliyuncs.com/compatible-mode/v1/chat/completions "HTTP/1.1 200 OK"
22:54:12 HTTP Request: POST https://dashscope.aliyuncs.com/compatible-mode/v1/chat/completions "HTTP/1.1 200 OK"
22:54:17 HTTP Request: POST https://dashscope.aliyuncs.com/compatible-mode/v1/chat/completions "HTTP/1.1 200 OK"
22:54:21 HTTP Request: POST https://dashscope.aliyuncs.com/compatible-mode/v1/chat/completions "HTTP/1.1 200 OK"
22:54:59 HTTP Request: POST https://dashscope.aliyuncs.com/compatible-mode/v1/chat/completions "HTTP/1.1 200 OK"
22:55:06 HTTP Request: POST https://dashscope.aliyuncs.com/compatible-mode/v1/chat/completions "HTTP/1.1 200 OK"
22:55:21 HTTP Request: POST https://dashscope.aliyuncs.com/compatible-mode/v1/chat/completions "HTTP/1.1 200 OK"
22:55:25 HTTP Request: POST https://dashscope.aliyuncs.com/compatible-mode/v1/chat/completions "HTTP/1.1 200 OK"
22:55:30 HTTP Request: POST https://dashscope.aliyuncs.com/compatible-mode/v1/chat/completions "HTTP/1.1 200 OK"
22:55:45 HTTP Request: POST https://dashscope.aliyuncs.com/compatible-mode/v1/chat/completions "HTTP/1.1 200 OK"
22:55:54 HTTP Request: POST https://dashscope.aliyuncs.com/compatible-mode/v1/chat/completions "HTTP/1.1 200 OK"
22:56:10 HTTP Request: POST https://dashscope.aliyuncs.com/compatible-mode/v1/chat/completions "HTTP/1.1 200 OK"
22:56:13 HTTP Request: POST https://dashscope.aliyuncs.com/compatible-mode/v1/chat/completions "HTTP/1.1 200 OK"
22:56:24 HTTP Request: POST https://dashscope.aliyuncs.com/compatible-mode/v1/chat/completions "HTTP/1.1 200 OK"
22:56:36 Retrying request to /chat/completions in 0.429855 seconds
22:56:38 HTTP Request: POST https://dashscope.aliyuncs.com/compatible-mode/v1/chat/completions "HTTP/1.1 200 OK"
22:56:59 HTTP Request: POST https://dashscope.aliyuncs.com/compatible-mode/v1/chat/completions "HTTP/1.1 200 OK"
22:57:06 HTTP Request: POST https://dashscope.aliyuncs.com/compatible-mode/v1/chat/completions "HTTP/1.1 200 OK"
22:57:15 HTTP Request: POST https://dashscope.aliyuncs.com/compatible-mode/v1/chat/completions "HTTP/1.1 200 OK"
22:57:19 HTTP Request: POST https://dashscope.aliyuncs.com/compatible-mode/v1/chat/completions "HTTP/1.1 200 OK"
22:57:33 HTTP Request: POST https://dashscope.aliyuncs.com/compatible-mode/v1/chat/completions "HTTP/1.1 200 OK"
22:57:48 HTTP Request: POST https://dashscope.aliyuncs.com/compatible-mode/v1/chat/completions "HTTP/1.1 200 OK"
22:57:50 HTTP Request: POST https://dashscope.aliyuncs.com/compatible-mode/v1/chat/completions "HTTP/1.1 200 OK"
22:57:51 HTTP Request: POST https://dashscope.aliyuncs.com/compatible-mode/v1/chat/completions "HTTP/1.1 200 OK"
22:57:51 HTTP Request: POST https://dashscope.aliyuncs.com/compatible-mode/v1/chat/completions "HTTP/1.1 200 OK"
22:57:51 HTTP Request: POST https://dashscope.aliyuncs.com/compatible-mode/v1/chat/completions "HTTP/1.1 200 OK"
22:57:51 HTTP Request: POST https://dashscope.aliyuncs.com/compatible-mode/v1/chat/completions "HTTP/1.1 200 OK"
22:57:51 HTTP Request: POST https://dashscope.aliyuncs.com/compatible-mode/v1/chat/completions "HTTP/1.1 200 OK"
22:57:57 HTTP Request: POST https://dashscope.aliyuncs.com/compatible-mode/v1/chat/completions "HTTP/1.1 200 OK"
22:58:07 HTTP Request: POST https://dashscope.aliyuncs.com/compatible-mode/v1/chat/completions "HTTP/1.1 200 OK"
22:58:08 HTTP Request: POST https://dashscope.aliyuncs.com/compatible-mode/v1/chat/completions "HTTP/1.1 200 OK"
22:58:10 HTTP Request: POST https://dashscope.aliyuncs.com/compatible-mode/v1/chat/completions "HTTP/1.1 200 OK"
22:58:16 HTTP Request: POST https://dashscope.aliyuncs.com/compatible-mode/v1/chat/completions "HTTP/1.1 200 OK"
22:58:20 HTTP Request: POST https://dashscope.aliyuncs.com/compatible-mode/v1/chat/completions "HTTP/1.1 200 OK"
22:58:21 HTTP Request: POST https://dashscope.aliyuncs.com/compatible-mode/v1/chat/completions "HTTP/1.1 200 OK"
22:58:26 HTTP Request: POST https://dashscope.aliyuncs.com/compatible-mode/v1/chat/completions "HTTP/1.1 200 OK"
22:58:31 HTTP Request: POST https://dashscope.aliyuncs.com/compatible-mode/v1/chat/completions "HTTP/1.1 200 OK"
22:58:33 HTTP Request: POST https://dashscope.aliyuncs.com/compatible-mode/v1/chat/completions "HTTP/1.1 200 OK"
22:58:36 HTTP Request: POST https://dashscope.aliyuncs.com/compatible-mode/v1/chat/completions "HTTP/1.1 200 OK"
22:58:39 HTTP Request: POST https://dashscope.aliyuncs.com/compatible-mode/v1/chat/completions "HTTP/1.1 200 OK"
22:58:40 HTTP Request: POST https://dashscope.aliyuncs.com/compatible-mode/v1/chat/completions "HTTP/1.1 200 OK"
22:58:43 HTTP Request: POST https://dashscope.aliyuncs.com/compatible-mode/v1/chat/completions "HTTP/1.1 200 OK"
22:58:46 HTTP Request: POST https://dashscope.aliyuncs.com/compatible-mode/v1/chat/completions "HTTP/1.1 200 OK"
22:58:49 HTTP Request: POST https://dashscope.aliyuncs.com/compatible-mode/v1/chat/completions "HTTP/1.1 200 OK"
22:58:52 HTTP Request: POST https://dashscope.aliyuncs.com/compatible-mode/v1/chat/completions "HTTP/1.1 200 OK"
22:58:53 HTTP Request: POST https://dashscope.aliyuncs.com/compatible-mode/v1/chat/completions "HTTP/1.1 200 OK"
22:58:53 HTTP Request: POST https://dashscope.aliyuncs.com/compatible-mode/v1/chat/completions "HTTP/1.1 200 OK"
22:59:00 HTTP Request: POST https://dashscope.aliyuncs.com/compatible-mode/v1/chat/completions "HTTP/1.1 200 OK"
22:59:01 HTTP Request: POST https://dashscope.aliyuncs.com/compatible-mode/v1/chat/completions "HTTP/1.1 200 OK"
22:59:02 HTTP Request: POST https://dashscope.aliyuncs.com/compatible-mode/v1/chat/completions "HTTP/1.1 200 OK"
22:59:12 HTTP Request: POST https://dashscope.aliyuncs.com/compatible-mode/v1/chat/completions "HTTP/1.1 200 OK"
22:59:13 HTTP Request: POST https://dashscope.aliyuncs.com/compatible-mode/v1/chat/completions "HTTP/1.1 200 OK"
22:59:20 HTTP Request: POST https://dashscope.aliyuncs.com/compatible-mode/v1/chat/completions "HTTP/1.1 200 OK"
22:59:27 HTTP Request: POST https://dashscope.aliyuncs.com/compatible-mode/v1/chat/completions "HTTP/1.1 200 OK"
22:59:28 HTTP Request: POST https://dashscope.aliyuncs.com/compatible-mode/v1/chat/completions "HTTP/1.1 200 OK"
22:59:32 HTTP Request: POST https://dashscope.aliyuncs.com/compatible-mode/v1/chat/completions "HTTP/1.1 200 OK"
22:59:38 HTTP Request: POST https://dashscope.aliyuncs.com/compatible-mode/v1/chat/completions "HTTP/1.1 200 OK"
22:59:38 [R1] PID 1577 → 完成 max_std=17.3 (783s)
22:59:38 [R2] PID 1577 → 开始交叉评审
22:59:51 HTTP Request: POST https://dashscope.aliyuncs.com/compatible-mode/v1/chat/completions "HTTP/1.1 200 OK"
22:59:53 HTTP Request: POST https://dashscope.aliyuncs.com/compatible-mode/v1/chat/completions "HTTP/1.1 200 OK"
23:00:11 HTTP Request: POST https://dashscope.aliyuncs.com/compatible-mode/v1/chat/completions "HTTP/1.1 200 OK"
23:00:20 HTTP Request: POST https://dashscope.aliyuncs.com/compatible-mode/v1/chat/completions "HTTP/1.1 200 OK"
23:00:31 HTTP Request: POST https://dashscope.aliyuncs.com/compatible-mode/v1/chat/completions "HTTP/1.1 200 OK"
23:00:35 HTTP Request: POST https://dashscope.aliyuncs.com/compatible-mode/v1/chat/completions "HTTP/1.1 200 OK"
23:00:56 HTTP Request: POST https://dashscope.aliyuncs.com/compatible-mode/v1/chat/completions "HTTP/1.1 200 OK"
23:01:07 HTTP Request: POST https://dashscope.aliyuncs.com/compatible-mode/v1/chat/completions "HTTP/1.1 200 OK"
23:01:21 HTTP Request: POST https://dashscope.aliyuncs.com/compatible-mode/v1/chat/completions "HTTP/1.1 200 OK"
23:01:26 HTTP Request: POST https://dashscope.aliyuncs.com/compatible-mode/v1/chat/completions "HTTP/1.1 200 OK"
23:01:30 HTTP Request: POST https://dashscope.aliyuncs.com/compatible-mode/v1/chat/completions "HTTP/1.1 200 OK"
23:01:33 HTTP Request: POST https://dashscope.aliyuncs.com/compatible-mode/v1/chat/completions "HTTP/1.1 200 OK"
23:01:35 HTTP Request: POST https://dashscope.aliyuncs.com/compatible-mode/v1/chat/completions "HTTP/1.1 200 OK"
23:01:47 HTTP Request: POST https://dashscope.aliyuncs.com/compatible-mode/v1/chat/completions "HTTP/1.1 200 OK"
23:01:51 HTTP Request: POST https://dashscope.aliyuncs.com/compatible-mode/v1/chat/completions "HTTP/1.1 200 OK"
23:01:54 HTTP Request: POST https://dashscope.aliyuncs.com/compatible-mode/v1/chat/completions "HTTP/1.1 200 OK"
23:02:11 HTTP Request: POST https://dashscope.aliyuncs.com/compatible-mode/v1/chat/completions "HTTP/1.1 200 OK"
23:02:11 HTTP Request: POST https://dashscope.aliyuncs.com/compatible-mode/v1/chat/completions "HTTP/1.1 200 OK"
23:02:16 HTTP Request: POST https://dashscope.aliyuncs.com/compatible-mode/v1/chat/completions "HTTP/1.1 200 OK"
23:02:36 HTTP Request: POST https://dashscope.aliyuncs.com/compatible-mode/v1/chat/completions "HTTP/1.1 200 OK"
23:02:43 HTTP Request: POST https://dashscope.aliyuncs.com/compatible-mode/v1/chat/completions "HTTP/1.1 200 OK"
23:03:09 HTTP Request: POST https://dashscope.aliyuncs.com/compatible-mode/v1/chat/completions "HTTP/1.1 200 OK"
23:03:12 HTTP Request: POST https://dashscope.aliyuncs.com/compatible-mode/v1/chat/completions "HTTP/1.1 200 OK"
23:03:18 HTTP Request: POST https://dashscope.aliyuncs.com/compatible-mode/v1/chat/completions "HTTP/1.1 200 OK"
23:03:22 HTTP Request: POST https://dashscope.aliyuncs.com/compatible-mode/v1/chat/completions "HTTP/1.1 200 OK"
23:03:32 HTTP Request: POST https://dashscope.aliyuncs.com/compatible-mode/v1/chat/completions "HTTP/1.1 200 OK"
23:03:52 HTTP Request: POST https://dashscope.aliyuncs.com/compatible-mode/v1/chat/completions "HTTP/1.1 200 OK"
23:03:58 HTTP Request: POST https://dashscope.aliyuncs.com/compatible-mode/v1/chat/completions "HTTP/1.1 200 OK"
23:04:13 HTTP Request: POST https://dashscope.aliyuncs.com/compatible-mode/v1/chat/completions "HTTP/1.1 200 OK"
23:04:20 HTTP Request: POST https://dashscope.aliyuncs.com/compatible-mode/v1/chat/completions "HTTP/1.1 200 OK"
23:04:26 HTTP Request: POST https://dashscope.aliyuncs.com/compatible-mode/v1/chat/completions "HTTP/1.1 200 OK"
23:04:42 HTTP Request: POST https://dashscope.aliyuncs.com/compatible-mode/v1/chat/completions "HTTP/1.1 200 OK"
23:04:48 HTTP Request: POST https://dashscope.aliyuncs.com/compatible-mode/v1/chat/completions "HTTP/1.1 200 OK"
23:04:52 HTTP Request: POST https://dashscope.aliyuncs.com/compatible-mode/v1/chat/completions "HTTP/1.1 200 OK"
23:04:54 HTTP Request: POST https://dashscope.aliyuncs.com/compatible-mode/v1/chat/completions "HTTP/1.1 200 OK"
23:05:04 HTTP Request: POST https://dashscope.aliyuncs.com/compatible-mode/v1/chat/completions "HTTP/1.1 200 OK"
23:05:08 HTTP Request: POST https://dashscope.aliyuncs.com/compatible-mode/v1/chat/completions "HTTP/1.1 200 OK"
23:05:13 HTTP Request: POST https://dashscope.aliyuncs.com/compatible-mode/v1/chat/completions "HTTP/1.1 200 OK"
23:05:31 HTTP Request: POST https://dashscope.aliyuncs.com/compatible-mode/v1/chat/completions "HTTP/1.1 200 OK"
23:05:32 HTTP Request: POST https://dashscope.aliyuncs.com/compatible-mode/v1/chat/completions "HTTP/1.1 200 OK"
23:05:43 HTTP Request: POST https://dashscope.aliyuncs.com/compatible-mode/v1/chat/completions "HTTP/1.1 200 OK"
23:05:44 HTTP Request: POST https://dashscope.aliyuncs.com/compatible-mode/v1/chat/completions "HTTP/1.1 200 OK"
23:05:58 HTTP Request: POST https://dashscope.aliyuncs.com/compatible-mode/v1/chat/completions "HTTP/1.1 200 OK"
23:06:00 HTTP Request: POST https://dashscope.aliyuncs.com/compatible-mode/v1/chat/completions "HTTP/1.1 200 OK"
23:06:15 HTTP Request: POST https://dashscope.aliyuncs.com/compatible-mode/v1/chat/completions "HTTP/1.1 200 OK"
23:06:17 HTTP Request: POST https://dashscope.aliyuncs.com/compatible-mode/v1/chat/completions "HTTP/1.1 200 OK"
23:06:28 HTTP Request: POST https://dashscope.aliyuncs.com/compatible-mode/v1/chat/completions "HTTP/1.1 200 OK"
23:06:34 HTTP Request: POST https://dashscope.aliyuncs.com/compatible-mode/v1/chat/completions "HTTP/1.1 200 OK"
23:06:38 HTTP Request: POST https://dashscope.aliyuncs.com/compatible-mode/v1/chat/completions "HTTP/1.1 200 OK"
23:07:07 HTTP Request: POST https://dashscope.aliyuncs.com/compatible-mode/v1/chat/completions "HTTP/1.1 200 OK"
23:07:07 HTTP Request: POST https://dashscope.aliyuncs.com/compatible-mode/v1/chat/completions "HTTP/1.1 200 OK"
23:07:20 HTTP Request: POST https://dashscope.aliyuncs.com/compatible-mode/v1/chat/completions "HTTP/1.1 200 OK"
23:07:21 HTTP Request: POST https://dashscope.aliyuncs.com/compatible-mode/v1/chat/completions "HTTP/1.1 200 OK"
23:07:36 HTTP Request: POST https://dashscope.aliyuncs.com/compatible-mode/v1/chat/completions "HTTP/1.1 200 OK"
23:07:37 HTTP Request: POST https://dashscope.aliyuncs.com/compatible-mode/v1/chat/completions "HTTP/1.1 200 OK"
23:07:40 HTTP Request: POST https://dashscope.aliyuncs.com/compatible-mode/v1/chat/completions "HTTP/1.1 200 OK"
23:07:40 [R2] PID 338 → R1_std=8.65 R2_std=3.13 converged=6/6 (1029s)
23:07:40 [R1] PID 500 → 开始
23:07:55 HTTP Request: POST https://dashscope.aliyuncs.com/compatible-mode/v1/chat/completions "HTTP/1.1 200 OK"
23:07:55 [R2] PID 1763 → R1_std=12.37 R2_std=6.28 converged=4/6 (1066s)
23:07:55 [R1] PID 409 → 开始
23:08:00 HTTP Request: POST https://dashscope.aliyuncs.com/compatible-mode/v1/chat/completions "HTTP/1.1 200 OK"
23:08:06 HTTP Request: POST https://dashscope.aliyuncs.com/compatible-mode/v1/chat/completions "HTTP/1.1 200 OK"
23:08:07 HTTP Request: POST https://dashscope.aliyuncs.com/compatible-mode/v1/chat/completions "HTTP/1.1 200 OK"
23:08:11 HTTP Request: POST https://dashscope.aliyuncs.com/compatible-mode/v1/chat/completions "HTTP/1.1 200 OK"
23:08:13 HTTP Request: POST https://dashscope.aliyuncs.com/compatible-mode/v1/chat/completions "HTTP/1.1 200 OK"
23:08:20 HTTP Request: POST https://dashscope.aliyuncs.com/compatible-mode/v1/chat/completions "HTTP/1.1 200 OK"
23:08:29 HTTP Request: POST https://dashscope.aliyuncs.com/compatible-mode/v1/chat/completions "HTTP/1.1 200 OK"
23:08:30 HTTP Request: POST https://dashscope.aliyuncs.com/compatible-mode/v1/chat/completions "HTTP/1.1 200 OK"
23:08:32 HTTP Request: POST https://dashscope.aliyuncs.com/compatible-mode/v1/chat/completions "HTTP/1.1 200 OK"
23:08:32 HTTP Request: POST https://dashscope.aliyuncs.com/compatible-mode/v1/chat/completions "HTTP/1.1 200 OK"
23:08:39 HTTP Request: POST https://dashscope.aliyuncs.com/compatible-mode/v1/chat/completions "HTTP/1.1 200 OK"
23:08:48 HTTP Request: POST https://dashscope.aliyuncs.com/compatible-mode/v1/chat/completions "HTTP/1.1 200 OK"
23:08:48 [R2] PID 1219 → R1_std=13.08 R2_std=4.28 converged=6/6 (1095s)
23:08:48 [R1] PID 1571 → 开始
23:08:59 HTTP Request: POST https://dashscope.aliyuncs.com/compatible-mode/v1/chat/completions "HTTP/1.1 200 OK"
23:09:11 HTTP Request: POST https://dashscope.aliyuncs.com/compatible-mode/v1/chat/completions "HTTP/1.1 200 OK"
23:09:13 HTTP Request: POST https://dashscope.aliyuncs.com/compatible-mode/v1/chat/completions "HTTP/1.1 200 OK"
23:09:18 HTTP Request: POST https://dashscope.aliyuncs.com/compatible-mode/v1/chat/completions "HTTP/1.1 200 OK"
23:09:18 [R2] PID 1853 → R1_std=8.45 R2_std=2.87 converged=6/6 (1031s)
23:09:18 [R1] PID 901 → 开始
23:09:21 HTTP Request: POST https://dashscope.aliyuncs.com/compatible-mode/v1/chat/completions "HTTP/1.1 200 OK"
23:09:23 HTTP Request: POST https://dashscope.aliyuncs.com/compatible-mode/v1/chat/completions "HTTP/1.1 200 OK"
23:09:23 HTTP Request: POST https://dashscope.aliyuncs.com/compatible-mode/v1/chat/completions "HTTP/1.1 200 OK"
23:09:24 HTTP Request: POST https://dashscope.aliyuncs.com/compatible-mode/v1/chat/completions "HTTP/1.1 200 OK"
23:09:26 HTTP Request: POST https://dashscope.aliyuncs.com/compatible-mode/v1/chat/completions "HTTP/1.1 200 OK"
23:09:26 HTTP Request: POST https://dashscope.aliyuncs.com/compatible-mode/v1/chat/completions "HTTP/1.1 200 OK"
23:09:27 HTTP Request: POST https://dashscope.aliyuncs.com/compatible-mode/v1/chat/completions "HTTP/1.1 200 OK"
23:09:32 HTTP Request: POST https://dashscope.aliyuncs.com/compatible-mode/v1/chat/completions "HTTP/1.1 200 OK"
23:09:35 HTTP Request: POST https://dashscope.aliyuncs.com/compatible-mode/v1/chat/completions "HTTP/1.1 200 OK"
23:09:35 HTTP Request: POST https://dashscope.aliyuncs.com/compatible-mode/v1/chat/completions "HTTP/1.1 200 OK"
23:09:36 HTTP Request: POST https://dashscope.aliyuncs.com/compatible-mode/v1/chat/completions "HTTP/1.1 200 OK"
23:09:37 HTTP Request: POST https://dashscope.aliyuncs.com/compatible-mode/v1/chat/completions "HTTP/1.1 200 OK"
23:09:39 HTTP Request: POST https://dashscope.aliyuncs.com/compatible-mode/v1/chat/completions "HTTP/1.1 200 OK"
23:09:39 HTTP Request: POST https://dashscope.aliyuncs.com/compatible-mode/v1/chat/completions "HTTP/1.1 200 OK"
23:09:45 HTTP Request: POST https://dashscope.aliyuncs.com/compatible-mode/v1/chat/completions "HTTP/1.1 200 OK"
23:09:46 HTTP Request: POST https://dashscope.aliyuncs.com/compatible-mode/v1/chat/completions "HTTP/1.1 200 OK"
23:09:49 HTTP Request: POST https://dashscope.aliyuncs.com/compatible-mode/v1/chat/completions "HTTP/1.1 200 OK"
23:09:50 HTTP Request: POST https://dashscope.aliyuncs.com/compatible-mode/v1/chat/completions "HTTP/1.1 200 OK"
23:09:51 HTTP Request: POST https://dashscope.aliyuncs.com/compatible-mode/v1/chat/completions "HTTP/1.1 200 OK"
23:09:52 HTTP Request: POST https://dashscope.aliyuncs.com/compatible-mode/v1/chat/completions "HTTP/1.1 200 OK"
23:09:53 HTTP Request: POST https://dashscope.aliyuncs.com/compatible-mode/v1/chat/completions "HTTP/1.1 200 OK"
23:09:55 HTTP Request: POST https://dashscope.aliyuncs.com/compatible-mode/v1/chat/completions "HTTP/1.1 200 OK"
23:09:58 HTTP Request: POST https://dashscope.aliyuncs.com/compatible-mode/v1/chat/completions "HTTP/1.1 200 OK"
23:09:59 HTTP Request: POST https://dashscope.aliyuncs.com/compatible-mode/v1/chat/completions "HTTP/1.1 200 OK"
23:10:03 HTTP Request: POST https://dashscope.aliyuncs.com/compatible-mode/v1/chat/completions "HTTP/1.1 200 OK"
23:10:10 HTTP Request: POST https://dashscope.aliyuncs.com/compatible-mode/v1/chat/completions "HTTP/1.1 200 OK"
23:10:10 HTTP Request: POST https://dashscope.aliyuncs.com/compatible-mode/v1/chat/completions "HTTP/1.1 200 OK"
23:10:10 HTTP Request: POST https://dashscope.aliyuncs.com/compatible-mode/v1/chat/completions "HTTP/1.1 200 OK"
23:10:11 HTTP Request: POST https://dashscope.aliyuncs.com/compatible-mode/v1/chat/completions "HTTP/1.1 200 OK"
23:10:11 HTTP Request: POST https://dashscope.aliyuncs.com/compatible-mode/v1/chat/completions "HTTP/1.1 200 OK"
23:10:11 HTTP Request: POST https://dashscope.aliyuncs.com/compatible-mode/v1/chat/completions "HTTP/1.1 200 OK"
23:10:14 HTTP Request: POST https://dashscope.aliyuncs.com/compatible-mode/v1/chat/completions "HTTP/1.1 200 OK"
23:10:14 HTTP Request: POST https://dashscope.aliyuncs.com/compatible-mode/v1/chat/completions "HTTP/1.1 200 OK"
23:10:14 HTTP Request: POST https://dashscope.aliyuncs.com/compatible-mode/v1/chat/completions "HTTP/1.1 200 OK"
23:10:15 HTTP Request: POST https://dashscope.aliyuncs.com/compatible-mode/v1/chat/completions "HTTP/1.1 200 OK"
23:10:18 HTTP Request: POST https://dashscope.aliyuncs.com/compatible-mode/v1/chat/completions "HTTP/1.1 200 OK"
23:10:22 HTTP Request: POST https://dashscope.aliyuncs.com/compatible-mode/v1/chat/completions "HTTP/1.1 200 OK"
23:10:22 HTTP Request: POST https://dashscope.aliyuncs.com/compatible-mode/v1/chat/completions "HTTP/1.1 200 OK"
23:10:23 HTTP Request: POST https://dashscope.aliyuncs.com/compatible-mode/v1/chat/completions "HTTP/1.1 200 OK"
23:10:25 HTTP Request: POST https://dashscope.aliyuncs.com/compatible-mode/v1/chat/completions "HTTP/1.1 200 OK"
23:10:25 HTTP Request: POST https://dashscope.aliyuncs.com/compatible-mode/v1/chat/completions "HTTP/1.1 200 OK"
23:10:26 HTTP Request: POST https://dashscope.aliyuncs.com/compatible-mode/v1/chat/completions "HTTP/1.1 200 OK"
23:10:26 HTTP Request: POST https://dashscope.aliyuncs.com/compatible-mode/v1/chat/completions "HTTP/1.1 200 OK"
23:10:26 HTTP Request: POST https://dashscope.aliyuncs.com/compatible-mode/v1/chat/completions "HTTP/1.1 200 OK"
23:10:26 HTTP Request: POST https://dashscope.aliyuncs.com/compatible-mode/v1/chat/completions "HTTP/1.1 200 OK"
23:10:27 HTTP Request: POST https://dashscope.aliyuncs.com/compatible-mode/v1/chat/completions "HTTP/1.1 200 OK"
23:10:31 HTTP Request: POST https://dashscope.aliyuncs.com/compatible-mode/v1/chat/completions "HTTP/1.1 200 OK"
23:10:34 HTTP Request: POST https://dashscope.aliyuncs.com/compatible-mode/v1/chat/completions "HTTP/1.1 200 OK"
23:10:37 HTTP Request: POST https://dashscope.aliyuncs.com/compatible-mode/v1/chat/completions "HTTP/1.1 200 OK"
23:10:38 HTTP Request: POST https://dashscope.aliyuncs.com/compatible-mode/v1/chat/completions "HTTP/1.1 200 OK"
23:10:40 HTTP Request: POST https://dashscope.aliyuncs.com/compatible-mode/v1/chat/completions "HTTP/1.1 200 OK"
23:10:44 HTTP Request: POST https://dashscope.aliyuncs.com/compatible-mode/v1/chat/completions "HTTP/1.1 200 OK"
23:10:44 HTTP Request: POST https://dashscope.aliyuncs.com/compatible-mode/v1/chat/completions "HTTP/1.1 200 OK"
23:10:44 HTTP Request: POST https://dashscope.aliyuncs.com/compatible-mode/v1/chat/completions "HTTP/1.1 200 OK"
23:10:45 HTTP Request: POST https://dashscope.aliyuncs.com/compatible-mode/v1/chat/completions "HTTP/1.1 200 OK"
23:10:51 HTTP Request: POST https://dashscope.aliyuncs.com/compatible-mode/v1/chat/completions "HTTP/1.1 200 OK"
23:10:51 HTTP Request: POST https://dashscope.aliyuncs.com/compatible-mode/v1/chat/completions "HTTP/1.1 200 OK"
23:10:53 HTTP Request: POST https://dashscope.aliyuncs.com/compatible-mode/v1/chat/completions "HTTP/1.1 200 OK"
23:10:55 HTTP Request: POST https://dashscope.aliyuncs.com/compatible-mode/v1/chat/completions "HTTP/1.1 200 OK"
23:10:55 HTTP Request: POST https://dashscope.aliyuncs.com/compatible-mode/v1/chat/completions "HTTP/1.1 200 OK"
23:10:56 HTTP Request: POST https://dashscope.aliyuncs.com/compatible-mode/v1/chat/completions "HTTP/1.1 200 OK"
23:10:56 HTTP Request: POST https://dashscope.aliyuncs.com/compatible-mode/v1/chat/completions "HTTP/1.1 200 OK"
23:10:56 HTTP Request: POST https://dashscope.aliyuncs.com/compatible-mode/v1/chat/completions "HTTP/1.1 200 OK"
23:10:57 HTTP Request: POST https://dashscope.aliyuncs.com/compatible-mode/v1/chat/completions "HTTP/1.1 200 OK"
23:10:58 HTTP Request: POST https://dashscope.aliyuncs.com/compatible-mode/v1/chat/completions "HTTP/1.1 200 OK"
23:10:59 HTTP Request: POST https://dashscope.aliyuncs.com/compatible-mode/v1/chat/completions "HTTP/1.1 200 OK"
23:11:00 HTTP Request: POST https://dashscope.aliyuncs.com/compatible-mode/v1/chat/completions "HTTP/1.1 200 OK"
23:11:00 HTTP Request: POST https://dashscope.aliyuncs.com/compatible-mode/v1/chat/completions "HTTP/1.1 200 OK"
23:11:01 HTTP Request: POST https://dashscope.aliyuncs.com/compatible-mode/v1/chat/completions "HTTP/1.1 200 OK"
23:11:03 HTTP Request: POST https://dashscope.aliyuncs.com/compatible-mode/v1/chat/completions "HTTP/1.1 200 OK"
23:11:04 HTTP Request: POST https://dashscope.aliyuncs.com/compatible-mode/v1/chat/completions "HTTP/1.1 200 OK"
23:11:07 HTTP Request: POST https://dashscope.aliyuncs.com/compatible-mode/v1/chat/completions "HTTP/1.1 200 OK"
23:11:08 HTTP Request: POST https://dashscope.aliyuncs.com/compatible-mode/v1/chat/completions "HTTP/1.1 200 OK"
23:11:08 HTTP Request: POST https://dashscope.aliyuncs.com/compatible-mode/v1/chat/completions "HTTP/1.1 200 OK"
23:11:10 HTTP Request: POST https://dashscope.aliyuncs.com/compatible-mode/v1/chat/completions "HTTP/1.1 200 OK"
23:11:12 HTTP Request: POST https://dashscope.aliyuncs.com/compatible-mode/v1/chat/completions "HTTP/1.1 200 OK"
23:11:14 HTTP Request: POST https://dashscope.aliyuncs.com/compatible-mode/v1/chat/completions "HTTP/1.1 200 OK"
23:11:15 HTTP Request: POST https://dashscope.aliyuncs.com/compatible-mode/v1/chat/completions "HTTP/1.1 200 OK"
23:11:15 HTTP Request: POST https://dashscope.aliyuncs.com/compatible-mode/v1/chat/completions "HTTP/1.1 200 OK"
23:11:15 HTTP Request: POST https://dashscope.aliyuncs.com/compatible-mode/v1/chat/completions "HTTP/1.1 200 OK"
23:11:15 HTTP Request: POST https://dashscope.aliyuncs.com/compatible-mode/v1/chat/completions "HTTP/1.1 200 OK"
23:11:16 HTTP Request: POST https://dashscope.aliyuncs.com/compatible-mode/v1/chat/completions "HTTP/1.1 200 OK"
23:11:16 [R1] PID 500 → 完成 max_std=35.0 (216s)
23:11:16 [R2] PID 500 → 开始交叉评审
23:11:16 HTTP Request: POST https://dashscope.aliyuncs.com/compatible-mode/v1/chat/completions "HTTP/1.1 200 OK"
23:11:25 HTTP Request: POST https://dashscope.aliyuncs.com/compatible-mode/v1/chat/completions "HTTP/1.1 200 OK"
23:11:26 HTTP Request: POST https://dashscope.aliyuncs.com/compatible-mode/v1/chat/completions "HTTP/1.1 200 OK"
23:11:27 HTTP Request: POST https://dashscope.aliyuncs.com/compatible-mode/v1/chat/completions "HTTP/1.1 200 OK"
23:11:34 HTTP Request: POST https://dashscope.aliyuncs.com/compatible-mode/v1/chat/completions "HTTP/1.1 200 OK"
23:11:37 HTTP Request: POST https://dashscope.aliyuncs.com/compatible-mode/v1/chat/completions "HTTP/1.1 200 OK"
23:11:39 HTTP Request: POST https://dashscope.aliyuncs.com/compatible-mode/v1/chat/completions "HTTP/1.1 200 OK"
23:11:39 [R1] PID 409 → 完成 max_std=7.7 (224s)
23:11:39 [R2] PID 409 → 开始交叉评审
23:11:40 HTTP Request: POST https://dashscope.aliyuncs.com/compatible-mode/v1/chat/completions "HTTP/1.1 200 OK"
23:11:41 HTTP Request: POST https://dashscope.aliyuncs.com/compatible-mode/v1/chat/completions "HTTP/1.1 200 OK"
23:11:44 HTTP Request: POST https://dashscope.aliyuncs.com/compatible-mode/v1/chat/completions "HTTP/1.1 200 OK"
23:11:48 HTTP Request: POST https://dashscope.aliyuncs.com/compatible-mode/v1/chat/completions "HTTP/1.1 200 OK"
23:11:48 HTTP Request: POST https://dashscope.aliyuncs.com/compatible-mode/v1/chat/completions "HTTP/1.1 200 OK"
23:11:49 HTTP Request: POST https://dashscope.aliyuncs.com/compatible-mode/v1/chat/completions "HTTP/1.1 200 OK"
23:11:53 HTTP Request: POST https://dashscope.aliyuncs.com/compatible-mode/v1/chat/completions "HTTP/1.1 200 OK"
23:11:53 HTTP Request: POST https://dashscope.aliyuncs.com/compatible-mode/v1/chat/completions "HTTP/1.1 200 OK"
23:11:56 HTTP Request: POST https://dashscope.aliyuncs.com/compatible-mode/v1/chat/completions "HTTP/1.1 200 OK"
23:11:59 HTTP Request: POST https://dashscope.aliyuncs.com/compatible-mode/v1/chat/completions "HTTP/1.1 200 OK"
23:12:01 HTTP Request: POST https://dashscope.aliyuncs.com/compatible-mode/v1/chat/completions "HTTP/1.1 200 OK"
23:12:02 HTTP Request: POST https://dashscope.aliyuncs.com/compatible-mode/v1/chat/completions "HTTP/1.1 200 OK"
23:12:05 HTTP Request: POST https://dashscope.aliyuncs.com/compatible-mode/v1/chat/completions "HTTP/1.1 200 OK"
23:12:07 HTTP Request: POST https://dashscope.aliyuncs.com/compatible-mode/v1/chat/completions "HTTP/1.1 200 OK"
23:12:07 [R1] PID 1571 → 完成 max_std=27.8 (199s)
23:12:07 [R2] PID 1571 → 开始交叉评审
23:12:16 HTTP Request: POST https://dashscope.aliyuncs.com/compatible-mode/v1/chat/completions "HTTP/1.1 200 OK"
23:12:23 HTTP Request: POST https://dashscope.aliyuncs.com/compatible-mode/v1/chat/completions "HTTP/1.1 200 OK"
23:12:26 HTTP Request: POST https://dashscope.aliyuncs.com/compatible-mode/v1/chat/completions "HTTP/1.1 200 OK"
23:12:26 HTTP Request: POST https://dashscope.aliyuncs.com/compatible-mode/v1/chat/completions "HTTP/1.1 200 OK"
23:12:32 HTTP Request: POST https://dashscope.aliyuncs.com/compatible-mode/v1/chat/completions "HTTP/1.1 200 OK"
23:12:46 HTTP Request: POST https://dashscope.aliyuncs.com/compatible-mode/v1/chat/completions "HTTP/1.1 200 OK"
23:12:49 HTTP Request: POST https://dashscope.aliyuncs.com/compatible-mode/v1/chat/completions "HTTP/1.1 200 OK"
23:12:56 HTTP Request: POST https://dashscope.aliyuncs.com/compatible-mode/v1/chat/completions "HTTP/1.1 200 OK"
23:12:56 [R1] PID 901 → 完成 max_std=20.7 (218s)
23:12:56 [R2] PID 901 → 开始交叉评审
23:13:09 HTTP Request: POST https://dashscope.aliyuncs.com/compatible-mode/v1/chat/completions "HTTP/1.1 200 OK"
23:13:12 HTTP Request: POST https://dashscope.aliyuncs.com/compatible-mode/v1/chat/completions "HTTP/1.1 200 OK"
23:13:34 HTTP Request: POST https://dashscope.aliyuncs.com/compatible-mode/v1/chat/completions "HTTP/1.1 200 OK"
23:13:41 HTTP Request: POST https://dashscope.aliyuncs.com/compatible-mode/v1/chat/completions "HTTP/1.1 200 OK"
23:13:58 HTTP Request: POST https://dashscope.aliyuncs.com/compatible-mode/v1/chat/completions "HTTP/1.1 200 OK"
23:14:03 HTTP Request: POST https://dashscope.aliyuncs.com/compatible-mode/v1/chat/completions "HTTP/1.1 200 OK"
23:14:11 HTTP Request: POST https://dashscope.aliyuncs.com/compatible-mode/v1/chat/completions "HTTP/1.1 200 OK"
23:14:15 HTTP Request: POST https://dashscope.aliyuncs.com/compatible-mode/v1/chat/completions "HTTP/1.1 200 OK"
23:14:18 HTTP Request: POST https://dashscope.aliyuncs.com/compatible-mode/v1/chat/completions "HTTP/1.1 200 OK"
23:14:19 HTTP Request: POST https://dashscope.aliyuncs.com/compatible-mode/v1/chat/completions "HTTP/1.1 200 OK"
23:14:25 HTTP Request: POST https://dashscope.aliyuncs.com/compatible-mode/v1/chat/completions "HTTP/1.1 200 OK"
23:14:36 HTTP Request: POST https://dashscope.aliyuncs.com/compatible-mode/v1/chat/completions "HTTP/1.1 200 OK"
23:14:39 HTTP Request: POST https://dashscope.aliyuncs.com/compatible-mode/v1/chat/completions "HTTP/1.1 200 OK"
23:14:50 HTTP Request: POST https://dashscope.aliyuncs.com/compatible-mode/v1/chat/completions "HTTP/1.1 200 OK"
23:15:16 HTTP Request: POST https://dashscope.aliyuncs.com/compatible-mode/v1/chat/completions "HTTP/1.1 200 OK"
23:15:27 HTTP Request: POST https://dashscope.aliyuncs.com/compatible-mode/v1/chat/completions "HTTP/1.1 200 OK"
23:15:34 HTTP Request: POST https://dashscope.aliyuncs.com/compatible-mode/v1/chat/completions "HTTP/1.1 200 OK"
23:15:37 HTTP Request: POST https://dashscope.aliyuncs.com/compatible-mode/v1/chat/completions "HTTP/1.1 200 OK"
23:15:44 HTTP Request: POST https://dashscope.aliyuncs.com/compatible-mode/v1/chat/completions "HTTP/1.1 200 OK"
23:16:13 HTTP Request: POST https://dashscope.aliyuncs.com/compatible-mode/v1/chat/completions "HTTP/1.1 200 OK"
23:16:29 HTTP Request: POST https://dashscope.aliyuncs.com/compatible-mode/v1/chat/completions "HTTP/1.1 200 OK"
23:16:30 HTTP Request: POST https://dashscope.aliyuncs.com/compatible-mode/v1/chat/completions "HTTP/1.1 200 OK"
23:16:39 HTTP Request: POST https://dashscope.aliyuncs.com/compatible-mode/v1/chat/completions "HTTP/1.1 200 OK"
23:16:46 HTTP Request: POST https://dashscope.aliyuncs.com/compatible-mode/v1/chat/completions "HTTP/1.1 200 OK"
23:16:48 HTTP Request: POST https://dashscope.aliyuncs.com/compatible-mode/v1/chat/completions "HTTP/1.1 200 OK"
23:16:58 HTTP Request: POST https://dashscope.aliyuncs.com/compatible-mode/v1/chat/completions "HTTP/1.1 200 OK"
23:17:06 HTTP Request: POST https://dashscope.aliyuncs.com/compatible-mode/v1/chat/completions "HTTP/1.1 200 OK"
23:17:06 [R2] PID 1577 → R1_std=8.27 R2_std=4.25 converged=6/6 (1048s)
23:17:06 [R1] PID 1321 → 开始
23:17:08 HTTP Request: POST https://dashscope.aliyuncs.com/compatible-mode/v1/chat/completions "HTTP/1.1 200 OK"
23:17:12 HTTP Request: POST https://dashscope.aliyuncs.com/compatible-mode/v1/chat/completions "HTTP/1.1 200 OK"
23:17:19 HTTP Request: POST https://dashscope.aliyuncs.com/compatible-mode/v1/chat/completions "HTTP/1.1 200 OK"
23:17:22 HTTP Request: POST https://dashscope.aliyuncs.com/compatible-mode/v1/chat/completions "HTTP/1.1 200 OK"
23:17:25 HTTP Request: POST https://dashscope.aliyuncs.com/compatible-mode/v1/chat/completions "HTTP/1.1 200 OK"
23:17:26 HTTP Request: POST https://dashscope.aliyuncs.com/compatible-mode/v1/chat/completions "HTTP/1.1 200 OK"
23:17:27 HTTP Request: POST https://dashscope.aliyuncs.com/compatible-mode/v1/chat/completions "HTTP/1.1 200 OK"
23:17:29 HTTP Request: POST https://dashscope.aliyuncs.com/compatible-mode/v1/chat/completions "HTTP/1.1 200 OK"
23:17:41 HTTP Request: POST https://dashscope.aliyuncs.com/compatible-mode/v1/chat/completions "HTTP/1.1 200 OK"
23:18:09 HTTP Request: POST https://dashscope.aliyuncs.com/compatible-mode/v1/chat/completions "HTTP/1.1 200 OK"
23:18:16 HTTP Request: POST https://dashscope.aliyuncs.com/compatible-mode/v1/chat/completions "HTTP/1.1 200 OK"
23:18:25 HTTP Request: POST https://dashscope.aliyuncs.com/compatible-mode/v1/chat/completions "HTTP/1.1 200 OK"
23:18:25 HTTP Request: POST https://dashscope.aliyuncs.com/compatible-mode/v1/chat/completions "HTTP/1.1 200 OK"
23:18:28 HTTP Request: POST https://dashscope.aliyuncs.com/compatible-mode/v1/chat/completions "HTTP/1.1 200 OK"
23:18:36 HTTP Request: POST https://dashscope.aliyuncs.com/compatible-mode/v1/chat/completions "HTTP/1.1 200 OK"
23:18:37 HTTP Request: POST https://dashscope.aliyuncs.com/compatible-mode/v1/chat/completions "HTTP/1.1 200 OK"
23:18:37 HTTP Request: POST https://dashscope.aliyuncs.com/compatible-mode/v1/chat/completions "HTTP/1.1 200 OK"
23:18:38 HTTP Request: POST https://dashscope.aliyuncs.com/compatible-mode/v1/chat/completions "HTTP/1.1 200 OK"
23:18:39 HTTP Request: POST https://dashscope.aliyuncs.com/compatible-mode/v1/chat/completions "HTTP/1.1 200 OK"
23:18:52 HTTP Request: POST https://dashscope.aliyuncs.com/compatible-mode/v1/chat/completions "HTTP/1.1 200 OK"
23:18:54 HTTP Request: POST https://dashscope.aliyuncs.com/compatible-mode/v1/chat/completions "HTTP/1.1 200 OK"
23:18:59 HTTP Request: POST https://dashscope.aliyuncs.com/compatible-mode/v1/chat/completions "HTTP/1.1 200 OK"
23:19:02 HTTP Request: POST https://dashscope.aliyuncs.com/compatible-mode/v1/chat/completions "HTTP/1.1 200 OK"
23:19:20 HTTP Request: POST https://dashscope.aliyuncs.com/compatible-mode/v1/chat/completions "HTTP/1.1 200 OK"
23:19:22 HTTP Request: POST https://dashscope.aliyuncs.com/compatible-mode/v1/chat/completions "HTTP/1.1 200 OK"
23:19:22 HTTP Request: POST https://dashscope.aliyuncs.com/compatible-mode/v1/chat/completions "HTTP/1.1 200 OK"
23:19:23 HTTP Request: POST https://dashscope.aliyuncs.com/compatible-mode/v1/chat/completions "HTTP/1.1 200 OK"
23:19:23 HTTP Request: POST https://dashscope.aliyuncs.com/compatible-mode/v1/chat/completions "HTTP/1.1 200 OK"
23:19:25 HTTP Request: POST https://dashscope.aliyuncs.com/compatible-mode/v1/chat/completions "HTTP/1.1 200 OK"
23:19:28 HTTP Request: POST https://dashscope.aliyuncs.com/compatible-mode/v1/chat/completions "HTTP/1.1 200 OK"
23:19:28 HTTP Request: POST https://dashscope.aliyuncs.com/compatible-mode/v1/chat/completions "HTTP/1.1 200 OK"
23:19:31 HTTP Request: POST https://dashscope.aliyuncs.com/compatible-mode/v1/chat/completions "HTTP/1.1 200 OK"
23:19:32 HTTP Request: POST https://dashscope.aliyuncs.com/compatible-mode/v1/chat/completions "HTTP/1.1 200 OK"
23:19:33 HTTP Request: POST https://dashscope.aliyuncs.com/compatible-mode/v1/chat/completions "HTTP/1.1 200 OK"
23:19:35 HTTP Request: POST https://dashscope.aliyuncs.com/compatible-mode/v1/chat/completions "HTTP/1.1 200 OK"
23:19:35 HTTP Request: POST https://dashscope.aliyuncs.com/compatible-mode/v1/chat/completions "HTTP/1.1 200 OK"
23:19:42 HTTP Request: POST https://dashscope.aliyuncs.com/compatible-mode/v1/chat/completions "HTTP/1.1 200 OK"
23:19:42 HTTP Request: POST https://dashscope.aliyuncs.com/compatible-mode/v1/chat/completions "HTTP/1.1 200 OK"
23:19:45 HTTP Request: POST https://dashscope.aliyuncs.com/compatible-mode/v1/chat/completions "HTTP/1.1 200 OK"
23:19:46 HTTP Request: POST https://dashscope.aliyuncs.com/compatible-mode/v1/chat/completions "HTTP/1.1 200 OK"
23:19:50 HTTP Request: POST https://dashscope.aliyuncs.com/compatible-mode/v1/chat/completions "HTTP/1.1 200 OK"
23:19:53 HTTP Request: POST https://dashscope.aliyuncs.com/compatible-mode/v1/chat/completions "HTTP/1.1 200 OK"
23:19:59 HTTP Request: POST https://dashscope.aliyuncs.com/compatible-mode/v1/chat/completions "HTTP/1.1 200 OK"
23:20:02 HTTP Request: POST https://dashscope.aliyuncs.com/compatible-mode/v1/chat/completions "HTTP/1.1 200 OK"
23:20:12 HTTP Request: POST https://dashscope.aliyuncs.com/compatible-mode/v1/chat/completions "HTTP/1.1 200 OK"
23:20:13 HTTP Request: POST https://dashscope.aliyuncs.com/compatible-mode/v1/chat/completions "HTTP/1.1 200 OK"
23:20:21 HTTP Request: POST https://dashscope.aliyuncs.com/compatible-mode/v1/chat/completions "HTTP/1.1 200 OK"
23:20:25 HTTP Request: POST https://dashscope.aliyuncs.com/compatible-mode/v1/chat/completions "HTTP/1.1 200 OK"
23:20:26 HTTP Request: POST https://dashscope.aliyuncs.com/compatible-mode/v1/chat/completions "HTTP/1.1 200 OK"
23:20:35 HTTP Request: POST https://dashscope.aliyuncs.com/compatible-mode/v1/chat/completions "HTTP/1.1 200 OK"
23:20:41 HTTP Request: POST https://dashscope.aliyuncs.com/compatible-mode/v1/chat/completions "HTTP/1.1 200 OK"
23:20:41 [R1] PID 1321 → 完成 max_std=24.0 (215s)
23:20:41 [R2] PID 1321 → 开始交叉评审
23:20:54 HTTP Request: POST https://dashscope.aliyuncs.com/compatible-mode/v1/chat/completions "HTTP/1.1 200 OK"
23:20:58 HTTP Request: POST https://dashscope.aliyuncs.com/compatible-mode/v1/chat/completions "HTTP/1.1 200 OK"
23:21:22 HTTP Request: POST https://dashscope.aliyuncs.com/compatible-mode/v1/chat/completions "HTTP/1.1 200 OK"
23:21:34 HTTP Request: POST https://dashscope.aliyuncs.com/compatible-mode/v1/chat/completions "HTTP/1.1 200 OK"
23:21:38 HTTP Request: POST https://dashscope.aliyuncs.com/compatible-mode/v1/chat/completions "HTTP/1.1 200 OK"
23:21:48 HTTP Request: POST https://dashscope.aliyuncs.com/compatible-mode/v1/chat/completions "HTTP/1.1 200 OK"
23:21:49 HTTP Request: POST https://dashscope.aliyuncs.com/compatible-mode/v1/chat/completions "HTTP/1.1 200 OK"
23:22:07 HTTP Request: POST https://dashscope.aliyuncs.com/compatible-mode/v1/chat/completions "HTTP/1.1 200 OK"
23:22:07 HTTP Request: POST https://dashscope.aliyuncs.com/compatible-mode/v1/chat/completions "HTTP/1.1 200 OK"
23:22:23 HTTP Request: POST https://dashscope.aliyuncs.com/compatible-mode/v1/chat/completions "HTTP/1.1 200 OK"
23:22:30 HTTP Request: POST https://dashscope.aliyuncs.com/compatible-mode/v1/chat/completions "HTTP/1.1 200 OK"
23:22:35 HTTP Request: POST https://dashscope.aliyuncs.com/compatible-mode/v1/chat/completions "HTTP/1.1 200 OK"
23:22:38 HTTP Request: POST https://dashscope.aliyuncs.com/compatible-mode/v1/chat/completions "HTTP/1.1 200 OK"
23:22:42 HTTP Request: POST https://dashscope.aliyuncs.com/compatible-mode/v1/chat/completions "HTTP/1.1 200 OK"
23:22:48 HTTP Request: POST https://dashscope.aliyuncs.com/compatible-mode/v1/chat/completions "HTTP/1.1 200 OK"
23:22:49 HTTP Request: POST https://dashscope.aliyuncs.com/compatible-mode/v1/chat/completions "HTTP/1.1 200 OK"
23:22:54 HTTP Request: POST https://dashscope.aliyuncs.com/compatible-mode/v1/chat/completions "HTTP/1.1 200 OK"
23:23:08 HTTP Request: POST https://dashscope.aliyuncs.com/compatible-mode/v1/chat/completions "HTTP/1.1 200 OK"
23:23:12 HTTP Request: POST https://dashscope.aliyuncs.com/compatible-mode/v1/chat/completions "HTTP/1.1 200 OK"
23:23:28 HTTP Request: POST https://dashscope.aliyuncs.com/compatible-mode/v1/chat/completions "HTTP/1.1 200 OK"
23:23:32 HTTP Request: POST https://dashscope.aliyuncs.com/compatible-mode/v1/chat/completions "HTTP/1.1 200 OK"
23:23:36 HTTP Request: POST https://dashscope.aliyuncs.com/compatible-mode/v1/chat/completions "HTTP/1.1 200 OK"
23:23:39 HTTP Request: POST https://dashscope.aliyuncs.com/compatible-mode/v1/chat/completions "HTTP/1.1 200 OK"
23:24:04 HTTP Request: POST https://dashscope.aliyuncs.com/compatible-mode/v1/chat/completions "HTTP/1.1 200 OK"
23:24:17 HTTP Request: POST https://dashscope.aliyuncs.com/compatible-mode/v1/chat/completions "HTTP/1.1 200 OK"
23:24:22 HTTP Request: POST https://dashscope.aliyuncs.com/compatible-mode/v1/chat/completions "HTTP/1.1 200 OK"
23:24:30 HTTP Request: POST https://dashscope.aliyuncs.com/compatible-mode/v1/chat/completions "HTTP/1.1 200 OK"
23:24:41 HTTP Request: POST https://dashscope.aliyuncs.com/compatible-mode/v1/chat/completions "HTTP/1.1 200 OK"
23:24:46 HTTP Request: POST https://dashscope.aliyuncs.com/compatible-mode/v1/chat/completions "HTTP/1.1 200 OK"
23:25:06 HTTP Request: POST https://dashscope.aliyuncs.com/compatible-mode/v1/chat/completions "HTTP/1.1 200 OK"
23:25:12 HTTP Request: POST https://dashscope.aliyuncs.com/compatible-mode/v1/chat/completions "HTTP/1.1 200 OK"
23:25:27 HTTP Request: POST https://dashscope.aliyuncs.com/compatible-mode/v1/chat/completions "HTTP/1.1 200 OK"
23:25:29 HTTP Request: POST https://dashscope.aliyuncs.com/compatible-mode/v1/chat/completions "HTTP/1.1 200 OK"
23:25:30 HTTP Request: POST https://dashscope.aliyuncs.com/compatible-mode/v1/chat/completions "HTTP/1.1 200 OK"
23:25:43 HTTP Request: POST https://dashscope.aliyuncs.com/compatible-mode/v1/chat/completions "HTTP/1.1 200 OK"
23:25:46 HTTP Request: POST https://dashscope.aliyuncs.com/compatible-mode/v1/chat/completions "HTTP/1.1 200 OK"
23:25:58 HTTP Request: POST https://dashscope.aliyuncs.com/compatible-mode/v1/chat/completions "HTTP/1.1 200 OK"
23:26:04 HTTP Request: POST https://dashscope.aliyuncs.com/compatible-mode/v1/chat/completions "HTTP/1.1 200 OK"
23:26:07 HTTP Request: POST https://dashscope.aliyuncs.com/compatible-mode/v1/chat/completions "HTTP/1.1 200 OK"
23:26:09 HTTP Request: POST https://dashscope.aliyuncs.com/compatible-mode/v1/chat/completions "HTTP/1.1 200 OK"
23:26:19 HTTP Request: POST https://dashscope.aliyuncs.com/compatible-mode/v1/chat/completions "HTTP/1.1 200 OK"
23:26:26 HTTP Request: POST https://dashscope.aliyuncs.com/compatible-mode/v1/chat/completions "HTTP/1.1 200 OK"
23:26:33 HTTP Request: POST https://dashscope.aliyuncs.com/compatible-mode/v1/chat/completions "HTTP/1.1 200 OK"
23:26:38 HTTP Request: POST https://dashscope.aliyuncs.com/compatible-mode/v1/chat/completions "HTTP/1.1 200 OK"
23:26:55 HTTP Request: POST https://dashscope.aliyuncs.com/compatible-mode/v1/chat/completions "HTTP/1.1 200 OK"
23:26:55 [R2] PID 409 → R1_std=5.57 R2_std=2.23 converged=6/6 (917s)
23:26:55 [R1] PID 1296 → 开始
23:27:11 HTTP Request: POST https://dashscope.aliyuncs.com/compatible-mode/v1/chat/completions "HTTP/1.1 200 OK"
23:27:12 HTTP Request: POST https://dashscope.aliyuncs.com/compatible-mode/v1/chat/completions "HTTP/1.1 200 OK"
23:27:20 HTTP Request: POST https://dashscope.aliyuncs.com/compatible-mode/v1/chat/completions "HTTP/1.1 200 OK"
23:27:26 HTTP Request: POST https://dashscope.aliyuncs.com/compatible-mode/v1/chat/completions "HTTP/1.1 200 OK"
23:27:32 HTTP Request: POST https://dashscope.aliyuncs.com/compatible-mode/v1/chat/completions "HTTP/1.1 200 OK"
23:27:32 HTTP Request: POST https://dashscope.aliyuncs.com/compatible-mode/v1/chat/completions "HTTP/1.1 200 OK"
23:27:43 HTTP Request: POST https://dashscope.aliyuncs.com/compatible-mode/v1/chat/completions "HTTP/1.1 200 OK"
23:27:48 HTTP Request: POST https://dashscope.aliyuncs.com/compatible-mode/v1/chat/completions "HTTP/1.1 200 OK"
23:28:09 HTTP Request: POST https://dashscope.aliyuncs.com/compatible-mode/v1/chat/completions "HTTP/1.1 200 OK"
23:28:12 HTTP Request: POST https://dashscope.aliyuncs.com/compatible-mode/v1/chat/completions "HTTP/1.1 200 OK"
23:28:14 HTTP Request: POST https://dashscope.aliyuncs.com/compatible-mode/v1/chat/completions "HTTP/1.1 200 OK"
23:28:26 HTTP Request: POST https://dashscope.aliyuncs.com/compatible-mode/v1/chat/completions "HTTP/1.1 200 OK"
23:28:27 HTTP Request: POST https://dashscope.aliyuncs.com/compatible-mode/v1/chat/completions "HTTP/1.1 200 OK"
23:28:29 HTTP Request: POST https://dashscope.aliyuncs.com/compatible-mode/v1/chat/completions "HTTP/1.1 200 OK"
23:28:29 HTTP Request: POST https://dashscope.aliyuncs.com/compatible-mode/v1/chat/completions "HTTP/1.1 200 OK"
23:28:30 HTTP Request: POST https://dashscope.aliyuncs.com/compatible-mode/v1/chat/completions "HTTP/1.1 200 OK"
23:28:35 HTTP Request: POST https://dashscope.aliyuncs.com/compatible-mode/v1/chat/completions "HTTP/1.1 200 OK"
23:28:37 HTTP Request: POST https://dashscope.aliyuncs.com/compatible-mode/v1/chat/completions "HTTP/1.1 200 OK"
23:28:37 [R2] PID 1571 → R1_std=8.7 R2_std=2.25 converged=6/6 (990s)
23:28:37 [R1] PID 1739 → 开始
23:28:39 HTTP Request: POST https://dashscope.aliyuncs.com/compatible-mode/v1/chat/completions "HTTP/1.1 200 OK"
23:28:40 HTTP Request: POST https://dashscope.aliyuncs.com/compatible-mode/v1/chat/completions "HTTP/1.1 200 OK"
23:28:41 HTTP Request: POST https://dashscope.aliyuncs.com/compatible-mode/v1/chat/completions "HTTP/1.1 200 OK"
23:28:49 HTTP Request: POST https://dashscope.aliyuncs.com/compatible-mode/v1/chat/completions "HTTP/1.1 200 OK"
23:28:51 HTTP Request: POST https://dashscope.aliyuncs.com/compatible-mode/v1/chat/completions "HTTP/1.1 200 OK"
23:28:57 HTTP Request: POST https://dashscope.aliyuncs.com/compatible-mode/v1/chat/completions "HTTP/1.1 200 OK"
23:29:02 HTTP Request: POST https://dashscope.aliyuncs.com/compatible-mode/v1/chat/completions "HTTP/1.1 200 OK"
23:29:02 HTTP Request: POST https://dashscope.aliyuncs.com/compatible-mode/v1/chat/completions "HTTP/1.1 200 OK"
23:29:03 HTTP Request: POST https://dashscope.aliyuncs.com/compatible-mode/v1/chat/completions "HTTP/1.1 200 OK"
23:29:06 HTTP Request: POST https://dashscope.aliyuncs.com/compatible-mode/v1/chat/completions "HTTP/1.1 200 OK"
23:29:12 HTTP Request: POST https://dashscope.aliyuncs.com/compatible-mode/v1/chat/completions "HTTP/1.1 200 OK"
23:29:12 [R2] PID 500 → R1_std=12.88 R2_std=4.1 converged=6/6 (1076s)
23:29:12 [R1] PID 418 → 开始
23:29:14 HTTP Request: POST https://dashscope.aliyuncs.com/compatible-mode/v1/chat/completions "HTTP/1.1 200 OK"
23:29:16 HTTP Request: POST https://dashscope.aliyuncs.com/compatible-mode/v1/chat/completions "HTTP/1.1 200 OK"
23:29:17 HTTP Request: POST https://dashscope.aliyuncs.com/compatible-mode/v1/chat/completions "HTTP/1.1 200 OK"
23:29:19 HTTP Request: POST https://dashscope.aliyuncs.com/compatible-mode/v1/chat/completions "HTTP/1.1 200 OK"
23:29:22 HTTP Request: POST https://dashscope.aliyuncs.com/compatible-mode/v1/chat/completions "HTTP/1.1 200 OK"
23:29:22 HTTP Request: POST https://dashscope.aliyuncs.com/compatible-mode/v1/chat/completions "HTTP/1.1 200 OK"
23:29:25 HTTP Request: POST https://dashscope.aliyuncs.com/compatible-mode/v1/chat/completions "HTTP/1.1 200 OK"
23:29:25 HTTP Request: POST https://dashscope.aliyuncs.com/compatible-mode/v1/chat/completions "HTTP/1.1 200 OK"
23:29:26 HTTP Request: POST https://dashscope.aliyuncs.com/compatible-mode/v1/chat/completions "HTTP/1.1 200 OK"
23:29:30 HTTP Request: POST https://dashscope.aliyuncs.com/compatible-mode/v1/chat/completions "HTTP/1.1 200 OK"
23:29:34 HTTP Request: POST https://dashscope.aliyuncs.com/compatible-mode/v1/chat/completions "HTTP/1.1 200 OK"
23:29:35 HTTP Request: POST https://dashscope.aliyuncs.com/compatible-mode/v1/chat/completions "HTTP/1.1 200 OK"
23:29:35 HTTP Request: POST https://dashscope.aliyuncs.com/compatible-mode/v1/chat/completions "HTTP/1.1 200 OK"
23:29:40 HTTP Request: POST https://dashscope.aliyuncs.com/compatible-mode/v1/chat/completions "HTTP/1.1 200 OK"
23:29:49 HTTP Request: POST https://dashscope.aliyuncs.com/compatible-mode/v1/chat/completions "HTTP/1.1 200 OK"
23:30:01 HTTP Request: POST https://dashscope.aliyuncs.com/compatible-mode/v1/chat/completions "HTTP/1.1 200 OK"
23:30:02 HTTP Request: POST https://dashscope.aliyuncs.com/compatible-mode/v1/chat/completions "HTTP/1.1 200 OK"
23:30:04 HTTP Request: POST https://dashscope.aliyuncs.com/compatible-mode/v1/chat/completions "HTTP/1.1 200 OK"

  逻辑连贯性 (logical_coherence): glm-5.1=90, qwen3.6-plus=88, deepseek-v4-pro=90, kimi-k2.6=78 | mean=86.5 | strictest=78 (kimi-k2.6) | std=5.7 | 置信度=medium
  学术共识度 (conclusion_consensus): glm-5.1=95, qwen3.6-plus=88, deepseek-v4-pro=92, kimi-k2.6=78 | mean=88.2 | strictest=78 (kimi-k2.6) | std=7.4 | 置信度=medium
  前瞻延展性 (forward_extension): glm-5.1=80, qwen3.6-plus=85, deepseek-v4-pro=85, kimi-k2.6=72 | mean=80.5 | strictest=72 (kimi-k2.6) | std=6.1 | 置信度=medium
  研究创新性 (problem_originality): glm-5.1=92, qwen3.6-plus=85, deepseek-v4-pro=95, kimi-k2.6=72 | mean=86 | strictest=72 (kimi-k2.6) | std=10.2 | 置信度=low
  现状洞察度 (literature_insight): glm-5.1=90, qwen3.6-plus=88, deepseek-v4-pro=70, kimi-k2.6=72 | mean=80 | strictest=70 (deepseek-v4-pro) | std=10.5 | 置信度=low
  理论建构力 (analytical_framework): glm-5.1=95, qwen3.6-plus=88, deepseek-v4-pro=65, kimi-k2.6=72 | mean=80 | strictest=65 (deepseek-v4-pro) | std=13.9 | 置信度=critical
  逻辑连贯性 (logical_coherence): glm-5.1=92, qwen3.6-plus=88, deepseek-v4-pro=86, kimi-k2.6=78 | mean=86 | strictest=78 (kimi-k2.6) | std=5.9 | 置信度=medium
  学术共识度 (conclusion_consensus): glm-5.1=92, qwen3.6-plus=85, deepseek-v4-pro=85, kimi-k2.6=82 | mean=86 | strictest=82 (kimi-k2.6) | std=4.2 | 置信度=high
  前瞻延展性 (forward_extension): glm-5.1=85, qwen3.6-plus=75, deepseek-v4-pro=82, kimi-k2.6=72 | mean=78.5 | strictest=72 (kimi-k2.6) | std=6.0 | 置信度=medium
评估 6 个维度（最多 4 个并发）...
  研究创新性 (problem_originality): glm-5.1=92, qwen3.6-plus=85, deepseek-v4-pro=94, kimi-k2.6=85 | mean=89 | strictest=85 (qwen3.6-plus) | std=4.7 | 置信度=high
  现状洞察度 (literature_insight): glm-5.1=92, qwen3.6-plus=82, deepseek-v4-pro=92, kimi-k2.6=78 | mean=86 | strictest=78 (kimi-k2.6) | std=7.1 | 置信度=medium
  理论建构力 (analytical_framework): glm-5.1=95, qwen3.6-plus=85, deepseek-v4-pro=85, kimi-k2.6=55 | mean=80 | strictest=55 (kimi-k2.6) | std=17.3 | 置信度=critical
  逻辑连贯性 (logical_coherence): glm-5.1=95, qwen3.6-plus=85, deepseek-v4-pro=95, kimi-k2.6=78 | mean=88.2 | strictest=78 (kimi-k2.6) | std=8.3 | 置信度=low
  学术共识度 (conclusion_consensus): glm-5.1=95, qwen3.6-plus=85, deepseek-v4-pro=85, kimi-k2.6=82 | mean=86.8 | strictest=82 (kimi-k2.6) | std=5.7 | 置信度=medium
  前瞻延展性 (forward_extension): glm-5.1=85, qwen3.6-plus=85, deepseek-v4-pro=85, kimi-k2.6=72 | mean=81.8 | strictest=72 (kimi-k2.6) | std=6.5 | 置信度=medium
运行前置检查...
运行前置检查...
运行前置检查...
评估 6 个维度（最多 4 个并发）...
运行前置检查...
评估 6 个维度（最多 4 个并发）...
评估 6 个维度（最多 4 个并发）...
评估 6 个维度（最多 4 个并发）...
  研究创新性 (problem_originality): glm-5.1=90, qwen3.6-plus=75, deepseek-v4-pro=65, kimi-k2.6=72 | mean=75.5 | strictest=65 (deepseek-v4-pro) | std=10.5 | 置信度=low
  现状洞察度 (literature_insight): glm-5.1=90, qwen3.6-plus=82, deepseek-v4-pro=15, kimi-k2.6=82 | mean=67.2 | strictest=15 (deepseek-v4-pro) | std=35.0 | 置信度=critical
  理论建构力 (analytical_framework): glm-5.1=90, qwen3.6-plus=88, deepseek-v4-pro=92, kimi-k2.6=72 | mean=85.5 | strictest=72 (kimi-k2.6) | std=9.1 | 置信度=low
  逻辑连贯性 (logical_coherence): glm-5.1=95, qwen3.6-plus=88, deepseek-v4-pro=95, kimi-k2.6=78 | mean=89 | strictest=78 (kimi-k2.6) | std=8.0 | 置信度=medium
  学术共识度 (conclusion_consensus): glm-5.1=95, qwen3.6-plus=88, deepseek-v4-pro=94, kimi-k2.6=82 | mean=89.8 | strictest=82 (kimi-k2.6) | std=6.0 | 置信度=medium
  前瞻延展性 (forward_extension): glm-5.1=85, qwen3.6-plus=85, deepseek-v4-pro=93, kimi-k2.6=72 | mean=83.8 | strictest=72 (kimi-k2.6) | std=8.7 | 置信度=low
  研究创新性 (problem_originality): glm-5.1=90, qwen3.6-plus=82, deepseek-v4-pro=84, kimi-k2.6=85 | mean=85.2 | strictest=82 (qwen3.6-plus) | std=3.4 | 置信度=high
  现状洞察度 (literature_insight): glm-5.1=90, qwen3.6-plus=92, deepseek-v4-pro=92, kimi-k2.6=82 | mean=89 | strictest=82 (kimi-k2.6) | std=4.8 | 置信度=high
  理论建构力 (analytical_framework): glm-5.1=90, qwen3.6-plus=85, deepseek-v4-pro=85, kimi-k2.6=72 | mean=83 | strictest=72 (kimi-k2.6) | std=7.7 | 置信度=medium
  逻辑连贯性 (logical_coherence): glm-5.1=95, qwen3.6-plus=88, deepseek-v4-pro=88, kimi-k2.6=82 | mean=88.2 | strictest=82 (kimi-k2.6) | std=5.3 | 置信度=medium
  学术共识度 (conclusion_consensus): glm-5.1=95, qwen3.6-plus=85, deepseek-v4-pro=90, kimi-k2.6=82 | mean=88 | strictest=82 (kimi-k2.6) | std=5.7 | 置信度=medium
  前瞻延展性 (forward_extension): glm-5.1=85, qwen3.6-plus=85, deepseek-v4-pro=85, kimi-k2.6=72 | mean=81.8 | strictest=72 (kimi-k2.6) | std=6.5 | 置信度=medium
  研究创新性 (problem_originality): glm-5.1=92, qwen3.6-plus=85, deepseek-v4-pro=30, kimi-k2.6=72 | mean=69.8 | strictest=30 (deepseek-v4-pro) | std=27.8 | 置信度=critical
  现状洞察度 (literature_insight): glm-5.1=90, qwen3.6-plus=85, deepseek-v4-pro=92, kimi-k2.6=82 | mean=87.2 | strictest=82 (kimi-k2.6) | std=4.6 | 置信度=high
  理论建构力 (analytical_framework): glm-5.1=90, qwen3.6-plus=92, deepseek-v4-pro=93, kimi-k2.6=85 | mean=90 | strictest=85 (kimi-k2.6) | std=3.6 | 置信度=high
  逻辑连贯性 (logical_coherence): glm-5.1=95, qwen3.6-plus=92, deepseek-v4-pro=95, kimi-k2.6=88 | mean=92.5 | strictest=88 (kimi-k2.6) | std=3.3 | 置信度=high
  学术共识度 (conclusion_consensus): glm-5.1=95, qwen3.6-plus=85, deepseek-v4-pro=90, kimi-k2.6=85 | mean=88.8 | strictest=85 (qwen3.6-plus) | std=4.8 | 置信度=high
  前瞻延展性 (forward_extension): glm-5.1=85, qwen3.6-plus=85, deepseek-v4-pro=70, kimi-k2.6=72 | mean=78 | strictest=70 (deepseek-v4-pro) | std=8.1 | 置信度=low
  研究创新性 (problem_originality): glm-5.1=92, qwen3.6-plus=85, deepseek-v4-pro=45, kimi-k2.6=72 | mean=73.5 | strictest=45 (deepseek-v4-pro) | std=20.7 | 置信度=critical
  现状洞察度 (literature_insight): glm-5.1=90, qwen3.6-plus=78, deepseek-v4-pro=80, kimi-k2.6=82 | mean=82.5 | strictest=78 (qwen3.6-plus) | std=5.3 | 置信度=medium
  理论建构力 (analytical_framework): glm-5.1=95, qwen3.6-plus=88, deepseek-v4-pro=92, kimi-k2.6=72 | mean=86.8 | strictest=72 (kimi-k2.6) | std=10.2 | 置信度=low
  逻辑连贯性 (logical_coherence): glm-5.1=95, qwen3.6-plus=85, deepseek-v4-pro=95, kimi-k2.6=82 | mean=89.2 | strictest=82 (kimi-k2.6) | std=6.8 | 置信度=medium
  学术共识度 (conclusion_consensus): glm-5.1=95, qwen3.6-plus=85, deepseek-v4-pro=92, kimi-k2.6=82 | mean=88.5 | strictest=82 (kimi-k2.6) | std=6.0 | 置信度=medium
  前瞻延展性 (forward_extension): glm-5.1=85, qwen3.6-plus=75, deepseek-v4-pro=85, kimi-k2.6=72 | mean=79.2 | strictest=72 (kimi-k2.6) | std=6.8 | 置信度=medium
运行前置检查...
评估 6 个维度（最多 4 个并发）...
  研究创新性 (problem_originality): glm-5.1=90, qwen3.6-plus=78, deepseek-v4-pro=88, kimi-k2.6=68 | mean=81 | strictest=68 (kimi-k2.6) | std=10.1 | 置信度=low
  现状洞察度 (literature_insight): glm-5.1=92, qwen3.6-plus=78, deepseek-v4-pro=84, kimi-k2.6=72 | mean=81.5 | strictest=72 (kimi-k2.6) | std=8.5 | 置信度=low
  理论建构力 (analytical_framework): glm-5.1=95, qwen3.6-plus=85, deepseek-v4-pro=43, kimi-k2.6=58 | mean=70.2 | strictest=43 (deepseek-v4-pro) | std=24.0 | 置信度=critical
  逻辑连贯性 (logical_coherence): glm-5.1=90, qwen3.6-plus=85, deepseek-v4-pro=88, kimi-k2.6=72 | mean=83.8 | strictest=72 (kimi-k2.6) | std=8.1 | 置信度=low
  学术共识度 (conclusion_consensus): glm-5.1=90, qwen3.6-plus=85, deepseek-v4-pro=92, kimi-k2.6=78 | mean=86.2 | strictest=78 (kimi-k2.6) | std=6.2 | 置信度=medium
  前瞻延展性 (forward_extension): glm-5.1=85, qwen3.6-plus=75, deepseek-v4-pro=65, kimi-k2.6=72 | mean=74.2 | strictest=65 (deepseek-v4-pro) | std=8.3 | 置信度=low
运行前置检查...
评估 6 个维度（最多 4 个并发）...
运行前置检查...
运行前置检查...
评估 6 个维度（最多 4 个并发）...23:30:04 HTTP Request: POST https://dashscope.aliyuncs.com/compatible-mode/v1/chat/completions "HTTP/1.1 200 OK"
23:30:09 HTTP Request: POST https://dashscope.aliyuncs.com/compatible-mode/v1/chat/completions "HTTP/1.1 200 OK"
23:30:10 HTTP Request: POST https://dashscope.aliyuncs.com/compatible-mode/v1/chat/completions "HTTP/1.1 200 OK"
23:30:18 HTTP Request: POST https://dashscope.aliyuncs.com/compatible-mode/v1/chat/completions "HTTP/1.1 200 OK"
23:30:19 HTTP Request: POST https://dashscope.aliyuncs.com/compatible-mode/v1/chat/completions "HTTP/1.1 200 OK"
23:30:20 HTTP Request: POST https://dashscope.aliyuncs.com/compatible-mode/v1/chat/completions "HTTP/1.1 200 OK"
23:30:20 HTTP Request: POST https://dashscope.aliyuncs.com/compatible-mode/v1/chat/completions "HTTP/1.1 200 OK"
23:30:20 [R1] PID 1296 → 完成 max_std=12.9 (205s)
23:30:20 [R2] PID 1296 → 开始交叉评审
23:30:24 HTTP Request: POST https://dashscope.aliyuncs.com/compatible-mode/v1/chat/completions "HTTP/1.1 200 OK"
23:30:24 HTTP Request: POST https://dashscope.aliyuncs.com/compatible-mode/v1/chat/completions "HTTP/1.1 200 OK"
23:30:25 HTTP Request: POST https://dashscope.aliyuncs.com/compatible-mode/v1/chat/completions "HTTP/1.1 200 OK"
23:30:31 HTTP Request: POST https://dashscope.aliyuncs.com/compatible-mode/v1/chat/completions "HTTP/1.1 200 OK"
23:30:33 HTTP Request: POST https://dashscope.aliyuncs.com/compatible-mode/v1/chat/completions "HTTP/1.1 200 OK"
23:30:33 HTTP Request: POST https://dashscope.aliyuncs.com/compatible-mode/v1/chat/completions "HTTP/1.1 200 OK"
23:30:35 HTTP Request: POST https://dashscope.aliyuncs.com/compatible-mode/v1/chat/completions "HTTP/1.1 200 OK"
23:30:37 HTTP Request: POST https://dashscope.aliyuncs.com/compatible-mode/v1/chat/completions "HTTP/1.1 200 OK"
23:30:38 HTTP Request: POST https://dashscope.aliyuncs.com/compatible-mode/v1/chat/completions "HTTP/1.1 200 OK"
23:30:43 HTTP Request: POST https://dashscope.aliyuncs.com/compatible-mode/v1/chat/completions "HTTP/1.1 200 OK"
23:30:45 HTTP Request: POST https://dashscope.aliyuncs.com/compatible-mode/v1/chat/completions "HTTP/1.1 200 OK"
23:30:46 HTTP Request: POST https://dashscope.aliyuncs.com/compatible-mode/v1/chat/completions "HTTP/1.1 200 OK"
23:30:47 HTTP Request: POST https://dashscope.aliyuncs.com/compatible-mode/v1/chat/completions "HTTP/1.1 200 OK"
23:30:47 HTTP Request: POST https://dashscope.aliyuncs.com/compatible-mode/v1/chat/completions "HTTP/1.1 200 OK"
23:30:51 HTTP Request: POST https://dashscope.aliyuncs.com/compatible-mode/v1/chat/completions "HTTP/1.1 200 OK"
23:30:56 HTTP Request: POST https://dashscope.aliyuncs.com/compatible-mode/v1/chat/completions "HTTP/1.1 200 OK"
23:31:01 HTTP Request: POST https://dashscope.aliyuncs.com/compatible-mode/v1/chat/completions "HTTP/1.1 200 OK"
23:31:03 HTTP Request: POST https://dashscope.aliyuncs.com/compatible-mode/v1/chat/completions "HTTP/1.1 200 OK"
23:31:04 HTTP Request: POST https://dashscope.aliyuncs.com/compatible-mode/v1/chat/completions "HTTP/1.1 200 OK"
23:31:04 HTTP Request: POST https://dashscope.aliyuncs.com/compatible-mode/v1/chat/completions "HTTP/1.1 200 OK"
23:31:05 HTTP Request: POST https://dashscope.aliyuncs.com/compatible-mode/v1/chat/completions "HTTP/1.1 200 OK"
23:31:06 HTTP Request: POST https://dashscope.aliyuncs.com/compatible-mode/v1/chat/completions "HTTP/1.1 200 OK"
23:31:06 [R2] PID 901 → R1_std=9.3 R2_std=4.28 converged=6/6 (1090s)
23:31:06 [R1] PID 1195 → 开始
23:31:07 HTTP Request: POST https://dashscope.aliyuncs.com/compatible-mode/v1/chat/completions "HTTP/1.1 200 OK"
23:31:09 HTTP Request: POST https://dashscope.aliyuncs.com/compatible-mode/v1/chat/completions "HTTP/1.1 200 OK"
23:31:09 HTTP Request: POST https://dashscope.aliyuncs.com/compatible-mode/v1/chat/completions "HTTP/1.1 200 OK"
23:31:10 HTTP Request: POST https://dashscope.aliyuncs.com/compatible-mode/v1/chat/completions "HTTP/1.1 200 OK"
23:31:12 HTTP Request: POST https://dashscope.aliyuncs.com/compatible-mode/v1/chat/completions "HTTP/1.1 200 OK"
23:31:12 HTTP Request: POST https://dashscope.aliyuncs.com/compatible-mode/v1/chat/completions "HTTP/1.1 200 OK"
23:31:15 HTTP Request: POST https://dashscope.aliyuncs.com/compatible-mode/v1/chat/completions "HTTP/1.1 200 OK"
23:31:16 HTTP Request: POST https://dashscope.aliyuncs.com/compatible-mode/v1/chat/completions "HTTP/1.1 200 OK"
23:31:18 HTTP Request: POST https://dashscope.aliyuncs.com/compatible-mode/v1/chat/completions "HTTP/1.1 200 OK"
23:31:19 HTTP Request: POST https://dashscope.aliyuncs.com/compatible-mode/v1/chat/completions "HTTP/1.1 200 OK"
23:31:20 HTTP Request: POST https://dashscope.aliyuncs.com/compatible-mode/v1/chat/completions "HTTP/1.1 200 OK"
23:31:27 HTTP Request: POST https://dashscope.aliyuncs.com/compatible-mode/v1/chat/completions "HTTP/1.1 200 OK"
23:31:28 HTTP Request: POST https://dashscope.aliyuncs.com/compatible-mode/v1/chat/completions "HTTP/1.1 200 OK"
23:31:29 HTTP Request: POST https://dashscope.aliyuncs.com/compatible-mode/v1/chat/completions "HTTP/1.1 200 OK"
23:31:29 HTTP Request: POST https://dashscope.aliyuncs.com/compatible-mode/v1/chat/completions "HTTP/1.1 200 OK"
23:31:33 HTTP Request: POST https://dashscope.aliyuncs.com/compatible-mode/v1/chat/completions "HTTP/1.1 200 OK"
23:31:34 HTTP Request: POST https://dashscope.aliyuncs.com/compatible-mode/v1/chat/completions "HTTP/1.1 200 OK"
23:31:36 HTTP Request: POST https://dashscope.aliyuncs.com/compatible-mode/v1/chat/completions "HTTP/1.1 200 OK"
23:31:37 HTTP Request: POST https://dashscope.aliyuncs.com/compatible-mode/v1/chat/completions "HTTP/1.1 200 OK"
23:31:41 HTTP Request: POST https://dashscope.aliyuncs.com/compatible-mode/v1/chat/completions "HTTP/1.1 200 OK"
23:31:49 HTTP Request: POST https://dashscope.aliyuncs.com/compatible-mode/v1/chat/completions "HTTP/1.1 200 OK"
23:31:51 HTTP Request: POST https://dashscope.aliyuncs.com/compatible-mode/v1/chat/completions "HTTP/1.1 200 OK"
23:31:52 HTTP Request: POST https://dashscope.aliyuncs.com/compatible-mode/v1/chat/completions "HTTP/1.1 200 OK"
23:31:59 HTTP Request: POST https://dashscope.aliyuncs.com/compatible-mode/v1/chat/completions "HTTP/1.1 200 OK"
23:32:01 HTTP Request: POST https://dashscope.aliyuncs.com/compatible-mode/v1/chat/completions "HTTP/1.1 200 OK"
23:32:03 HTTP Request: POST https://dashscope.aliyuncs.com/compatible-mode/v1/chat/completions "HTTP/1.1 200 OK"
23:32:04 HTTP Request: POST https://dashscope.aliyuncs.com/compatible-mode/v1/chat/completions "HTTP/1.1 200 OK"
23:32:05 HTTP Request: POST https://dashscope.aliyuncs.com/compatible-mode/v1/chat/completions "HTTP/1.1 200 OK"
23:32:09 HTTP Request: POST https://dashscope.aliyuncs.com/compatible-mode/v1/chat/completions "HTTP/1.1 200 OK"
23:32:11 HTTP Request: POST https://dashscope.aliyuncs.com/compatible-mode/v1/chat/completions "HTTP/1.1 200 OK"
23:32:14 HTTP Request: POST https://dashscope.aliyuncs.com/compatible-mode/v1/chat/completions "HTTP/1.1 200 OK"
23:32:22 HTTP Request: POST https://dashscope.aliyuncs.com/compatible-mode/v1/chat/completions "HTTP/1.1 200 OK"
23:32:22 HTTP Request: POST https://dashscope.aliyuncs.com/compatible-mode/v1/chat/completions "HTTP/1.1 200 OK"
23:32:22 [R1] PID 1739 → 完成 max_std=12.7 (225s)
23:32:22 [R2] PID 1739 → 开始交叉评审
23:32:24 HTTP Request: POST https://dashscope.aliyuncs.com/compatible-mode/v1/chat/completions "HTTP/1.1 200 OK"
23:32:25 HTTP Request: POST https://dashscope.aliyuncs.com/compatible-mode/v1/chat/completions "HTTP/1.1 200 OK"
23:32:29 HTTP Request: POST https://dashscope.aliyuncs.com/compatible-mode/v1/chat/completions "HTTP/1.1 200 OK"
23:32:31 HTTP Request: POST https://dashscope.aliyuncs.com/compatible-mode/v1/chat/completions "HTTP/1.1 200 OK"
23:32:32 HTTP Request: POST https://dashscope.aliyuncs.com/compatible-mode/v1/chat/completions "HTTP/1.1 200 OK"
23:32:34 HTTP Request: POST https://dashscope.aliyuncs.com/compatible-mode/v1/chat/completions "HTTP/1.1 200 OK"
23:32:36 HTTP Request: POST https://dashscope.aliyuncs.com/compatible-mode/v1/chat/completions "HTTP/1.1 200 OK"
23:32:36 HTTP Request: POST https://dashscope.aliyuncs.com/compatible-mode/v1/chat/completions "HTTP/1.1 200 OK"
23:32:41 HTTP Request: POST https://dashscope.aliyuncs.com/compatible-mode/v1/chat/completions "HTTP/1.1 200 OK"
23:32:41 [R1] PID 418 → 完成 max_std=14.1 (209s)
23:32:41 [R2] PID 418 → 开始交叉评审
23:32:42 HTTP Request: POST https://dashscope.aliyuncs.com/compatible-mode/v1/chat/completions "HTTP/1.1 200 OK"
23:32:53 HTTP Request: POST https://dashscope.aliyuncs.com/compatible-mode/v1/chat/completions "HTTP/1.1 200 OK"
23:32:54 HTTP Request: POST https://dashscope.aliyuncs.com/compatible-mode/v1/chat/completions "HTTP/1.1 200 OK"
23:32:54 HTTP Request: POST https://dashscope.aliyuncs.com/compatible-mode/v1/chat/completions "HTTP/1.1 200 OK"
23:32:59 HTTP Request: POST https://dashscope.aliyuncs.com/compatible-mode/v1/chat/completions "HTTP/1.1 200 OK"
23:33:02 HTTP Request: POST https://dashscope.aliyuncs.com/compatible-mode/v1/chat/completions "HTTP/1.1 200 OK"
23:33:06 HTTP Request: POST https://dashscope.aliyuncs.com/compatible-mode/v1/chat/completions "HTTP/1.1 200 OK"
23:33:06 HTTP Request: POST https://dashscope.aliyuncs.com/compatible-mode/v1/chat/completions "HTTP/1.1 200 OK"
23:33:08 HTTP Request: POST https://dashscope.aliyuncs.com/compatible-mode/v1/chat/completions "HTTP/1.1 200 OK"
23:33:15 HTTP Request: POST https://dashscope.aliyuncs.com/compatible-mode/v1/chat/completions "HTTP/1.1 200 OK"
23:33:19 HTTP Request: POST https://dashscope.aliyuncs.com/compatible-mode/v1/chat/completions "HTTP/1.1 200 OK"
23:33:20 HTTP Request: POST https://dashscope.aliyuncs.com/compatible-mode/v1/chat/completions "HTTP/1.1 200 OK"
23:33:26 HTTP Request: POST https://dashscope.aliyuncs.com/compatible-mode/v1/chat/completions "HTTP/1.1 200 OK"
23:33:26 HTTP Request: POST https://dashscope.aliyuncs.com/compatible-mode/v1/chat/completions "HTTP/1.1 200 OK"
23:33:27 HTTP Request: POST https://dashscope.aliyuncs.com/compatible-mode/v1/chat/completions "HTTP/1.1 200 OK"
23:33:34 HTTP Request: POST https://dashscope.aliyuncs.com/compatible-mode/v1/chat/completions "HTTP/1.1 200 OK"
23:33:47 HTTP Request: POST https://dashscope.aliyuncs.com/compatible-mode/v1/chat/completions "HTTP/1.1 200 OK"
23:33:50 HTTP Request: POST https://dashscope.aliyuncs.com/compatible-mode/v1/chat/completions "HTTP/1.1 200 OK"
23:33:51 HTTP Request: POST https://dashscope.aliyuncs.com/compatible-mode/v1/chat/completions "HTTP/1.1 200 OK"
23:33:51 HTTP Request: POST https://dashscope.aliyuncs.com/compatible-mode/v1/chat/completions "HTTP/1.1 200 OK"
23:33:51 HTTP Request: POST https://dashscope.aliyuncs.com/compatible-mode/v1/chat/completions "HTTP/1.1 200 OK"
23:34:15 HTTP Request: POST https://dashscope.aliyuncs.com/compatible-mode/v1/chat/completions "HTTP/1.1 200 OK"
23:34:17 HTTP Request: POST https://dashscope.aliyuncs.com/compatible-mode/v1/chat/completions "HTTP/1.1 200 OK"
23:34:19 HTTP Request: POST https://dashscope.aliyuncs.com/compatible-mode/v1/chat/completions "HTTP/1.1 200 OK"
23:34:24 HTTP Request: POST https://dashscope.aliyuncs.com/compatible-mode/v1/chat/completions "HTTP/1.1 200 OK"
23:34:24 [R1] PID 1195 → 完成 max_std=12.1 (198s)
23:34:24 [R2] PID 1195 → 开始交叉评审
23:34:29 HTTP Request: POST https://dashscope.aliyuncs.com/compatible-mode/v1/chat/completions "HTTP/1.1 200 OK"
23:34:47 HTTP Request: POST https://dashscope.aliyuncs.com/compatible-mode/v1/chat/completions "HTTP/1.1 200 OK"
23:34:56 HTTP Request: POST https://dashscope.aliyuncs.com/compatible-mode/v1/chat/completions "HTTP/1.1 200 OK"
23:34:58 HTTP Request: POST https://dashscope.aliyuncs.com/compatible-mode/v1/chat/completions "HTTP/1.1 200 OK"
23:35:08 HTTP Request: POST https://dashscope.aliyuncs.com/compatible-mode/v1/chat/completions "HTTP/1.1 200 OK"
23:35:12 HTTP Request: POST https://dashscope.aliyuncs.com/compatible-mode/v1/chat/completions "HTTP/1.1 200 OK"
23:35:19 HTTP Request: POST https://dashscope.aliyuncs.com/compatible-mode/v1/chat/completions "HTTP/1.1 200 OK"
23:35:19 HTTP Request: POST https://dashscope.aliyuncs.com/compatible-mode/v1/chat/completions "HTTP/1.1 200 OK"
23:35:33 HTTP Request: POST https://dashscope.aliyuncs.com/compatible-mode/v1/chat/completions "HTTP/1.1 200 OK"
23:35:50 HTTP Request: POST https://dashscope.aliyuncs.com/compatible-mode/v1/chat/completions "HTTP/1.1 200 OK"
23:35:59 HTTP Request: POST https://dashscope.aliyuncs.com/compatible-mode/v1/chat/completions "HTTP/1.1 200 OK"
23:36:03 HTTP Request: POST https://dashscope.aliyuncs.com/compatible-mode/v1/chat/completions "HTTP/1.1 200 OK"
23:36:05 HTTP Request: POST https://dashscope.aliyuncs.com/compatible-mode/v1/chat/completions "HTTP/1.1 200 OK"
23:36:22 HTTP Request: POST https://dashscope.aliyuncs.com/compatible-mode/v1/chat/completions "HTTP/1.1 200 OK"
23:36:24 HTTP Request: POST https://dashscope.aliyuncs.com/compatible-mode/v1/chat/completions "HTTP/1.1 200 OK"
23:36:44 HTTP Request: POST https://dashscope.aliyuncs.com/compatible-mode/v1/chat/completions "HTTP/1.1 200 OK"
23:36:44 HTTP Request: POST https://dashscope.aliyuncs.com/compatible-mode/v1/chat/completions "HTTP/1.1 200 OK"
23:37:04 HTTP Request: POST https://dashscope.aliyuncs.com/compatible-mode/v1/chat/completions "HTTP/1.1 200 OK"
23:37:15 HTTP Request: POST https://dashscope.aliyuncs.com/compatible-mode/v1/chat/completions "HTTP/1.1 200 OK"
23:37:17 HTTP Request: POST https://dashscope.aliyuncs.com/compatible-mode/v1/chat/completions "HTTP/1.1 200 OK"
23:37:25 HTTP Request: POST https://dashscope.aliyuncs.com/compatible-mode/v1/chat/completions "HTTP/1.1 200 OK"
23:37:38 HTTP Request: POST https://dashscope.aliyuncs.com/compatible-mode/v1/chat/completions "HTTP/1.1 200 OK"
23:37:48 HTTP Request: POST https://dashscope.aliyuncs.com/compatible-mode/v1/chat/completions "HTTP/1.1 200 OK"
23:37:56 HTTP Request: POST https://dashscope.aliyuncs.com/compatible-mode/v1/chat/completions "HTTP/1.1 200 OK"
23:37:57 HTTP Request: POST https://dashscope.aliyuncs.com/compatible-mode/v1/chat/completions "HTTP/1.1 200 OK"
23:38:02 HTTP Request: POST https://dashscope.aliyuncs.com/compatible-mode/v1/chat/completions "HTTP/1.1 200 OK"
23:38:14 HTTP Request: POST https://dashscope.aliyuncs.com/compatible-mode/v1/chat/completions "HTTP/1.1 200 OK"
23:38:15 HTTP Request: POST https://dashscope.aliyuncs.com/compatible-mode/v1/chat/completions "HTTP/1.1 200 OK"
23:38:37 HTTP Request: POST https://dashscope.aliyuncs.com/compatible-mode/v1/chat/completions "HTTP/1.1 200 OK"
23:38:49 HTTP Request: POST https://dashscope.aliyuncs.com/compatible-mode/v1/chat/completions "HTTP/1.1 200 OK"
23:38:53 HTTP Request: POST https://dashscope.aliyuncs.com/compatible-mode/v1/chat/completions "HTTP/1.1 200 OK"
23:39:00 HTTP Request: POST https://dashscope.aliyuncs.com/compatible-mode/v1/chat/completions "HTTP/1.1 200 OK"
23:39:06 HTTP Request: POST https://dashscope.aliyuncs.com/compatible-mode/v1/chat/completions "HTTP/1.1 200 OK"
23:39:26 HTTP Request: POST https://dashscope.aliyuncs.com/compatible-mode/v1/chat/completions "HTTP/1.1 200 OK"
23:39:26 HTTP Request: POST https://dashscope.aliyuncs.com/compatible-mode/v1/chat/completions "HTTP/1.1 200 OK"
23:39:27 HTTP Request: POST https://dashscope.aliyuncs.com/compatible-mode/v1/chat/completions "HTTP/1.1 200 OK"
23:39:46 HTTP Request: POST https://dashscope.aliyuncs.com/compatible-mode/v1/chat/completions "HTTP/1.1 200 OK"
23:39:51 HTTP Request: POST https://dashscope.aliyuncs.com/compatible-mode/v1/chat/completions "HTTP/1.1 200 OK"
23:39:51 [R2] PID 1321 → R1_std=10.87 R2_std=5.03 converged=5/6 (1150s)
23:39:51 [R1] PID 1141 → 开始
23:39:54 HTTP Request: POST https://dashscope.aliyuncs.com/compatible-mode/v1/chat/completions "HTTP/1.1 200 OK"
23:40:15 HTTP Request: POST https://dashscope.aliyuncs.com/compatible-mode/v1/chat/completions "HTTP/1.1 200 OK"
23:40:15 HTTP Request: POST https://dashscope.aliyuncs.com/compatible-mode/v1/chat/completions "HTTP/1.1 200 OK"
23:40:21 HTTP Request: POST https://dashscope.aliyuncs.com/compatible-mode/v1/chat/completions "HTTP/1.1 200 OK"
23:40:24 HTTP Request: POST https://dashscope.aliyuncs.com/compatible-mode/v1/chat/completions "HTTP/1.1 200 OK"
23:40:24 HTTP Request: POST https://dashscope.aliyuncs.com/compatible-mode/v1/chat/completions "HTTP/1.1 200 OK"
23:40:28 HTTP Request: POST https://dashscope.aliyuncs.com/compatible-mode/v1/chat/completions "HTTP/1.1 200 OK"
23:40:33 HTTP Request: POST https://dashscope.aliyuncs.com/compatible-mode/v1/chat/completions "HTTP/1.1 200 OK"
23:40:36 HTTP Request: POST https://dashscope.aliyuncs.com/compatible-mode/v1/chat/completions "HTTP/1.1 200 OK"
23:40:41 HTTP Request: POST https://dashscope.aliyuncs.com/compatible-mode/v1/chat/completions "HTTP/1.1 200 OK"
23:40:49 HTTP Request: POST https://dashscope.aliyuncs.com/compatible-mode/v1/chat/completions "HTTP/1.1 200 OK"
23:41:06 HTTP Request: POST https://dashscope.aliyuncs.com/compatible-mode/v1/chat/completions "HTTP/1.1 200 OK"
23:41:09 HTTP Request: POST https://dashscope.aliyuncs.com/compatible-mode/v1/chat/completions "HTTP/1.1 200 OK"
23:41:15 HTTP Request: POST https://dashscope.aliyuncs.com/compatible-mode/v1/chat/completions "HTTP/1.1 200 OK"
23:41:20 HTTP Request: POST https://dashscope.aliyuncs.com/compatible-mode/v1/chat/completions "HTTP/1.1 200 OK"
23:41:29 HTTP Request: POST https://dashscope.aliyuncs.com/compatible-mode/v1/chat/completions "HTTP/1.1 200 OK"
23:41:35 HTTP Request: POST https://dashscope.aliyuncs.com/compatible-mode/v1/chat/completions "HTTP/1.1 200 OK"
23:41:37 HTTP Request: POST https://dashscope.aliyuncs.com/compatible-mode/v1/chat/completions "HTTP/1.1 200 OK"
23:41:37 HTTP Request: POST https://dashscope.aliyuncs.com/compatible-mode/v1/chat/completions "HTTP/1.1 200 OK"
23:41:37 HTTP Request: POST https://dashscope.aliyuncs.com/compatible-mode/v1/chat/completions "HTTP/1.1 200 OK"
23:41:40 HTTP Request: POST https://dashscope.aliyuncs.com/compatible-mode/v1/chat/completions "HTTP/1.1 200 OK"
23:41:41 HTTP Request: POST https://dashscope.aliyuncs.com/compatible-mode/v1/chat/completions "HTTP/1.1 200 OK"
23:41:59 HTTP Request: POST https://dashscope.aliyuncs.com/compatible-mode/v1/chat/completions "HTTP/1.1 200 OK"
23:42:00 HTTP Request: POST https://dashscope.aliyuncs.com/compatible-mode/v1/chat/completions "HTTP/1.1 200 OK"
23:42:06 HTTP Request: POST https://dashscope.aliyuncs.com/compatible-mode/v1/chat/completions "HTTP/1.1 200 OK"
23:42:06 HTTP Request: POST https://dashscope.aliyuncs.com/compatible-mode/v1/chat/completions "HTTP/1.1 200 OK"
23:42:07 HTTP Request: POST https://dashscope.aliyuncs.com/compatible-mode/v1/chat/completions "HTTP/1.1 200 OK"
23:42:07 HTTP Request: POST https://dashscope.aliyuncs.com/compatible-mode/v1/chat/completions "HTTP/1.1 200 OK"
23:42:08 HTTP Request: POST https://dashscope.aliyuncs.com/compatible-mode/v1/chat/completions "HTTP/1.1 200 OK"
23:42:11 HTTP Request: POST https://dashscope.aliyuncs.com/compatible-mode/v1/chat/completions "HTTP/1.1 200 OK"
23:42:14 HTTP Request: POST https://dashscope.aliyuncs.com/compatible-mode/v1/chat/completions "HTTP/1.1 200 OK"
23:42:15 HTTP Request: POST https://dashscope.aliyuncs.com/compatible-mode/v1/chat/completions "HTTP/1.1 200 OK"
23:42:16 HTTP Request: POST https://dashscope.aliyuncs.com/compatible-mode/v1/chat/completions "HTTP/1.1 200 OK"
23:42:22 HTTP Request: POST https://dashscope.aliyuncs.com/compatible-mode/v1/chat/completions "HTTP/1.1 200 OK"
23:42:24 HTTP Request: POST https://dashscope.aliyuncs.com/compatible-mode/v1/chat/completions "HTTP/1.1 200 OK"
23:42:28 HTTP Request: POST https://dashscope.aliyuncs.com/compatible-mode/v1/chat/completions "HTTP/1.1 200 OK"
23:42:30 HTTP Request: POST https://dashscope.aliyuncs.com/compatible-mode/v1/chat/completions "HTTP/1.1 200 OK"
23:42:32 HTTP Request: POST https://dashscope.aliyuncs.com/compatible-mode/v1/chat/completions "HTTP/1.1 200 OK"
23:42:33 HTTP Request: POST https://dashscope.aliyuncs.com/compatible-mode/v1/chat/completions "HTTP/1.1 200 OK"
23:42:35 HTTP Request: POST https://dashscope.aliyuncs.com/compatible-mode/v1/chat/completions "HTTP/1.1 200 OK"
23:42:39 HTTP Request: POST https://dashscope.aliyuncs.com/compatible-mode/v1/chat/completions "HTTP/1.1 200 OK"
23:42:39 HTTP Request: POST https://dashscope.aliyuncs.com/compatible-mode/v1/chat/completions "HTTP/1.1 200 OK"
23:42:54 HTTP Request: POST https://dashscope.aliyuncs.com/compatible-mode/v1/chat/completions "HTTP/1.1 200 OK"
23:42:59 HTTP Request: POST https://dashscope.aliyuncs.com/compatible-mode/v1/chat/completions "HTTP/1.1 200 OK"
23:43:12 HTTP Request: POST https://dashscope.aliyuncs.com/compatible-mode/v1/chat/completions "HTTP/1.1 200 OK"
23:43:13 HTTP Request: POST https://dashscope.aliyuncs.com/compatible-mode/v1/chat/completions "HTTP/1.1 200 OK"
23:43:14 HTTP Request: POST https://dashscope.aliyuncs.com/compatible-mode/v1/chat/completions "HTTP/1.1 200 OK"
23:43:22 HTTP Request: POST https://dashscope.aliyuncs.com/compatible-mode/v1/chat/completions "HTTP/1.1 200 OK"
23:43:24 HTTP Request: POST https://dashscope.aliyuncs.com/compatible-mode/v1/chat/completions "HTTP/1.1 200 OK"
23:43:35 HTTP Request: POST https://dashscope.aliyuncs.com/compatible-mode/v1/chat/completions "HTTP/1.1 200 OK"
23:43:35 [R1] PID 1141 → 完成 max_std=15.3 (224s)
23:43:35 [R2] PID 1141 → 开始交叉评审
23:43:41 HTTP Request: POST https://dashscope.aliyuncs.com/compatible-mode/v1/chat/completions "HTTP/1.1 200 OK"
23:43:42 HTTP Request: POST https://dashscope.aliyuncs.com/compatible-mode/v1/chat/completions "HTTP/1.1 200 OK"
23:43:51 HTTP Request: POST https://dashscope.aliyuncs.com/compatible-mode/v1/chat/completions "HTTP/1.1 200 OK"
23:44:05 HTTP Request: POST https://dashscope.aliyuncs.com/compatible-mode/v1/chat/completions "HTTP/1.1 200 OK"
23:44:09 HTTP Request: POST https://dashscope.aliyuncs.com/compatible-mode/v1/chat/completions "HTTP/1.1 200 OK"
23:44:24 HTTP Request: POST https://dashscope.aliyuncs.com/compatible-mode/v1/chat/completions "HTTP/1.1 200 OK"
23:44:24 HTTP Request: POST https://dashscope.aliyuncs.com/compatible-mode/v1/chat/completions "HTTP/1.1 200 OK"
23:44:43 HTTP Request: POST https://dashscope.aliyuncs.com/compatible-mode/v1/chat/completions "HTTP/1.1 200 OK"
23:44:44 HTTP Request: POST https://dashscope.aliyuncs.com/compatible-mode/v1/chat/completions "HTTP/1.1 200 OK"
23:44:59 HTTP Request: POST https://dashscope.aliyuncs.com/compatible-mode/v1/chat/completions "HTTP/1.1 200 OK"
23:45:03 HTTP Request: POST https://dashscope.aliyuncs.com/compatible-mode/v1/chat/completions "HTTP/1.1 200 OK"
23:45:04 HTTP Request: POST https://dashscope.aliyuncs.com/compatible-mode/v1/chat/completions "HTTP/1.1 200 OK"
23:45:20 HTTP Request: POST https://dashscope.aliyuncs.com/compatible-mode/v1/chat/completions "HTTP/1.1 200 OK"
23:45:36 HTTP Request: POST https://dashscope.aliyuncs.com/compatible-mode/v1/chat/completions "HTTP/1.1 200 OK"
23:45:37 HTTP Request: POST https://dashscope.aliyuncs.com/compatible-mode/v1/chat/completions "HTTP/1.1 200 OK"
23:45:39 HTTP Request: POST https://dashscope.aliyuncs.com/compatible-mode/v1/chat/completions "HTTP/1.1 200 OK"
23:45:53 HTTP Request: POST https://dashscope.aliyuncs.com/compatible-mode/v1/chat/completions "HTTP/1.1 200 OK"
23:45:53 HTTP Request: POST https://dashscope.aliyuncs.com/compatible-mode/v1/chat/completions "HTTP/1.1 200 OK"
23:46:03 HTTP Request: POST https://dashscope.aliyuncs.com/compatible-mode/v1/chat/completions "HTTP/1.1 200 OK"
23:46:04 HTTP Request: POST https://dashscope.aliyuncs.com/compatible-mode/v1/chat/completions "HTTP/1.1 200 OK"
23:46:12 HTTP Request: POST https://dashscope.aliyuncs.com/compatible-mode/v1/chat/completions "HTTP/1.1 200 OK"
23:46:19 HTTP Request: POST https://dashscope.aliyuncs.com/compatible-mode/v1/chat/completions "HTTP/1.1 200 OK"
23:46:24 HTTP Request: POST https://dashscope.aliyuncs.com/compatible-mode/v1/chat/completions "HTTP/1.1 200 OK"
23:46:24 [R2] PID 1296 → R1_std=7.98 R2_std=4.13 converged=6/6 (963s)
23:46:24 [R1] PID 1640 → 开始
23:46:33 HTTP Request: POST https://dashscope.aliyuncs.com/compatible-mode/v1/chat/completions "HTTP/1.1 200 OK"
23:46:51 HTTP Request: POST https://dashscope.aliyuncs.com/compatible-mode/v1/chat/completions "HTTP/1.1 200 OK"
23:46:54 HTTP Request: POST https://dashscope.aliyuncs.com/compatible-mode/v1/chat/completions "HTTP/1.1 200 OK"
23:46:58 HTTP Request: POST https://dashscope.aliyuncs.com/compatible-mode/v1/chat/completions "HTTP/1.1 200 OK"
23:47:01 HTTP Request: POST https://dashscope.aliyuncs.com/compatible-mode/v1/chat/completions "HTTP/1.1 200 OK"
23:47:15 HTTP Request: POST https://dashscope.aliyuncs.com/compatible-mode/v1/chat/completions "HTTP/1.1 200 OK"
23:47:26 HTTP Request: POST https://dashscope.aliyuncs.com/compatible-mode/v1/chat/completions "HTTP/1.1 200 OK"
23:47:39 HTTP Request: POST https://dashscope.aliyuncs.com/compatible-mode/v1/chat/completions "HTTP/1.1 200 OK"
23:47:39 HTTP Request: POST https://dashscope.aliyuncs.com/compatible-mode/v1/chat/completions "HTTP/1.1 200 OK"
23:47:55 HTTP Request: POST https://dashscope.aliyuncs.com/compatible-mode/v1/chat/completions "HTTP/1.1 200 OK"
23:47:56 HTTP Request: POST https://dashscope.aliyuncs.com/compatible-mode/v1/chat/completions "HTTP/1.1 200 OK"
23:47:59 HTTP Request: POST https://dashscope.aliyuncs.com/compatible-mode/v1/chat/completions "HTTP/1.1 200 OK"
23:48:06 HTTP Request: POST https://dashscope.aliyuncs.com/compatible-mode/v1/chat/completions "HTTP/1.1 200 OK"
23:48:07 HTTP Request: POST https://dashscope.aliyuncs.com/compatible-mode/v1/chat/completions "HTTP/1.1 200 OK"
23:48:08 HTTP Request: POST https://dashscope.aliyuncs.com/compatible-mode/v1/chat/completions "HTTP/1.1 200 OK"
23:48:12 HTTP Request: POST https://dashscope.aliyuncs.com/compatible-mode/v1/chat/completions "HTTP/1.1 200 OK"
23:48:12 HTTP Request: POST https://dashscope.aliyuncs.com/compatible-mode/v1/chat/completions "HTTP/1.1 200 OK"
23:48:14 HTTP Request: POST https://dashscope.aliyuncs.com/compatible-mode/v1/chat/completions "HTTP/1.1 200 OK"
23:48:16 HTTP Request: POST https://dashscope.aliyuncs.com/compatible-mode/v1/chat/completions "HTTP/1.1 200 OK"
23:48:21 HTTP Request: POST https://dashscope.aliyuncs.com/compatible-mode/v1/chat/completions "HTTP/1.1 200 OK"
23:48:21 [R2] PID 1739 → R1_std=7.03 R2_std=2.32 converged=6/6 (959s)
23:48:21 [R1] PID 1271 → 开始
23:48:27 HTTP Request: POST https://dashscope.aliyuncs.com/compatible-mode/v1/chat/completions "HTTP/1.1 200 OK"
23:48:33 HTTP Request: POST https://dashscope.aliyuncs.com/compatible-mode/v1/chat/completions "HTTP/1.1 200 OK"
23:48:34 HTTP Request: POST https://dashscope.aliyuncs.com/compatible-mode/v1/chat/completions "HTTP/1.1 200 OK"
23:48:37 HTTP Request: POST https://dashscope.aliyuncs.com/compatible-mode/v1/chat/completions "HTTP/1.1 200 OK"
23:48:45 HTTP Request: POST https://dashscope.aliyuncs.com/compatible-mode/v1/chat/completions "HTTP/1.1 200 OK"
23:48:46 HTTP Request: POST https://dashscope.aliyuncs.com/compatible-mode/v1/chat/completions "HTTP/1.1 200 OK"
23:48:48 HTTP Request: POST https://dashscope.aliyuncs.com/compatible-mode/v1/chat/completions "HTTP/1.1 200 OK"
23:48:51 HTTP Request: POST https://dashscope.aliyuncs.com/compatible-mode/v1/chat/completions "HTTP/1.1 200 OK"
23:48:57 HTTP Request: POST https://dashscope.aliyuncs.com/compatible-mode/v1/chat/completions "HTTP/1.1 200 OK"
23:48:58 HTTP Request: POST https://dashscope.aliyuncs.com/compatible-mode/v1/chat/completions "HTTP/1.1 200 OK"
23:48:59 HTTP Request: POST https://dashscope.aliyuncs.com/compatible-mode/v1/chat/completions "HTTP/1.1 200 OK"
23:49:11 HTTP Request: POST https://dashscope.aliyuncs.com/compatible-mode/v1/chat/completions "HTTP/1.1 200 OK"
23:49:13 HTTP Request: POST https://dashscope.aliyuncs.com/compatible-mode/v1/chat/completions "HTTP/1.1 200 OK"
23:49:13 HTTP Request: POST https://dashscope.aliyuncs.com/compatible-mode/v1/chat/completions "HTTP/1.1 200 OK"
23:49:19 HTTP Request: POST https://dashscope.aliyuncs.com/compatible-mode/v1/chat/completions "HTTP/1.1 200 OK"
23:49:20 HTTP Request: POST https://dashscope.aliyuncs.com/compatible-mode/v1/chat/completions "HTTP/1.1 200 OK"
23:49:27 HTTP Request: POST https://dashscope.aliyuncs.com/compatible-mode/v1/chat/completions "HTTP/1.1 200 OK"
23:49:32 HTTP Request: POST https://dashscope.aliyuncs.com/compatible-mode/v1/chat/completions "HTTP/1.1 200 OK"
23:49:34 HTTP Request: POST https://dashscope.aliyuncs.com/compatible-mode/v1/chat/completions "HTTP/1.1 200 OK"
23:49:35 HTTP Request: POST https://dashscope.aliyuncs.com/compatible-mode/v1/chat/completions "HTTP/1.1 200 OK"
23:49:37 HTTP Request: POST https://dashscope.aliyuncs.com/compatible-mode/v1/chat/completions "HTTP/1.1 200 OK"
23:49:44 HTTP Request: POST https://dashscope.aliyuncs.com/compatible-mode/v1/chat/completions "HTTP/1.1 200 OK"
23:49:44 HTTP Request: POST https://dashscope.aliyuncs.com/compatible-mode/v1/chat/completions "HTTP/1.1 200 OK"
23:49:49 HTTP Request: POST https://dashscope.aliyuncs.com/compatible-mode/v1/chat/completions "HTTP/1.1 200 OK"
23:49:57 HTTP Request: POST https://dashscope.aliyuncs.com/compatible-mode/v1/chat/completions "HTTP/1.1 200 OK"
23:49:57 HTTP Request: POST https://dashscope.aliyuncs.com/compatible-mode/v1/chat/completions "HTTP/1.1 200 OK"
23:49:58 HTTP Request: POST https://dashscope.aliyuncs.com/compatible-mode/v1/chat/completions "HTTP/1.1 200 OK"
23:49:59 HTTP Request: POST https://dashscope.aliyuncs.com/compatible-mode/v1/chat/completions "HTTP/1.1 200 OK"
23:49:59 HTTP Request: POST https://dashscope.aliyuncs.com/compatible-mode/v1/chat/completions "HTTP/1.1 200 OK"
23:50:00 HTTP Request: POST https://dashscope.aliyuncs.com/compatible-mode/v1/chat/completions "HTTP/1.1 200 OK"
23:50:03 HTTP Request: POST https://dashscope.aliyuncs.com/compatible-mode/v1/chat/completions "HTTP/1.1 200 OK"
23:50:04 HTTP Request: POST https://dashscope.aliyuncs.com/compatible-mode/v1/chat/completions "HTTP/1.1 200 OK"
23:50:04 HTTP Request: POST https://dashscope.aliyuncs.com/compatible-mode/v1/chat/completions "HTTP/1.1 200 OK"
23:50:07 HTTP Request: POST https://dashscope.aliyuncs.com/compatible-mode/v1/chat/completions "HTTP/1.1 200 OK"
23:50:07 HTTP Request: POST https://dashscope.aliyuncs.com/compatible-mode/v1/chat/completions "HTTP/1.1 200 OK"
23:50:11 HTTP Request: POST https://dashscope.aliyuncs.com/compatible-mode/v1/chat/completions "HTTP/1.1 200 OK"
23:50:22 HTTP Request: POST https://dashscope.aliyuncs.com/compatible-mode/v1/chat/completions "HTTP/1.1 200 OK"
23:50:24 HTTP Request: POST https://dashscope.aliyuncs.com/compatible-mode/v1/chat/completions "HTTP/1.1 200 OK"
23:50:25 HTTP Request: POST https://dashscope.aliyuncs.com/compatible-mode/v1/chat/completions "HTTP/1.1 200 OK"
23:50:25 [R2] PID 1195 → R1_std=7.52 R2_std=3.6 converged=6/6 (961s)
23:50:25 [R1] PID 1202 → 开始
23:50:33 HTTP Request: POST https://dashscope.aliyuncs.com/compatible-mode/v1/chat/completions "HTTP/1.1 200 OK"
23:50:33 HTTP Request: POST https://dashscope.aliyuncs.com/compatible-mode/v1/chat/completions "HTTP/1.1 200 OK"
23:50:43 HTTP Request: POST https://dashscope.aliyuncs.com/compatible-mode/v1/chat/completions "HTTP/1.1 200 OK"
23:50:43 [R2] PID 418 → R1_std=7.7 R2_std=2.43 converged=6/6 (1082s)
23:50:43 [R1] PID 1392 → 开始
23:50:47 HTTP Request: POST https://dashscope.aliyuncs.com/compatible-mode/v1/chat/completions "HTTP/1.1 200 OK"
23:50:48 HTTP Request: POST https://dashscope.aliyuncs.com/compatible-mode/v1/chat/completions "HTTP/1.1 200 OK"
23:50:49 HTTP Request: POST https://dashscope.aliyuncs.com/compatible-mode/v1/chat/completions "HTTP/1.1 200 OK"
23:50:49 HTTP Request: POST https://dashscope.aliyuncs.com/compatible-mode/v1/chat/completions "HTTP/1.1 200 OK"
23:50:52 HTTP Request: POST https://dashscope.aliyuncs.com/compatible-mode/v1/chat/completions "HTTP/1.1 200 OK"
23:51:01 HTTP Request: POST https://dashscope.aliyuncs.com/compatible-mode/v1/chat/completions "HTTP/1.1 200 OK"
23:51:01 HTTP Request: POST https://dashscope.aliyuncs.com/compatible-mode/v1/chat/completions "HTTP/1.1 200 OK"
23:51:01 [R1] PID 1640 → 完成 max_std=18.5 (278s)
23:51:01 [R2] PID 1640 → 开始交叉评审
23:51:02 HTTP Request: POST https://dashscope.aliyuncs.com/compatible-mode/v1/chat/completions "HTTP/1.1 200 OK"
23:51:07 HTTP Request: POST https://dashscope.aliyuncs.com/compatible-mode/v1/chat/completions "HTTP/1.1 200 OK"
23:51:11 HTTP Request: POST https://dashscope.aliyuncs.com/compatible-mode/v1/chat/completions "HTTP/1.1 200 OK"
23:51:12 HTTP Request: POST https://dashscope.aliyuncs.com/compatible-mode/v1/chat/completions "HTTP/1.1 200 OK"
23:51:16 HTTP Request: POST https://dashscope.aliyuncs.com/compatible-mode/v1/chat/completions "HTTP/1.1 200 OK"
23:51:18 HTTP Request: POST https://dashscope.aliyuncs.com/compatible-mode/v1/chat/completions "HTTP/1.1 200 OK"
23:51:20 HTTP Request: POST https://dashscope.aliyuncs.com/compatible-mode/v1/chat/completions "HTTP/1.1 200 OK"
23:51:23 HTTP Request: POST https://dashscope.aliyuncs.com/compatible-mode/v1/chat/completions "HTTP/1.1 200 OK"
23:51:26 HTTP Request: POST https://dashscope.aliyuncs.com/compatible-mode/v1/chat/completions "HTTP/1.1 200 OK"
23:51:37 HTTP Request: POST https://dashscope.aliyuncs.com/compatible-mode/v1/chat/completions "HTTP/1.1 200 OK"
23:51:39 HTTP Request: POST https://dashscope.aliyuncs.com/compatible-mode/v1/chat/completions "HTTP/1.1 200 OK"
23:51:41 HTTP Request: POST https://dashscope.aliyuncs.com/compatible-mode/v1/chat/completions "HTTP/1.1 200 OK"
23:51:56 HTTP Request: POST https://dashscope.aliyuncs.com/compatible-mode/v1/chat/completions "HTTP/1.1 200 OK"
23:51:57 HTTP Request: POST https://dashscope.aliyuncs.com/compatible-mode/v1/chat/completions "HTTP/1.1 200 OK"
23:51:57 HTTP Request: POST https://dashscope.aliyuncs.com/compatible-mode/v1/chat/completions "HTTP/1.1 200 OK"
23:52:01 HTTP Request: POST https://dashscope.aliyuncs.com/compatible-mode/v1/chat/completions "HTTP/1.1 200 OK"
23:52:01 [R1] PID 1271 → 完成 max_std=22.5 (220s)
23:52:01 [R2] PID 1271 → 开始交叉评审
23:52:03 HTTP Request: POST https://dashscope.aliyuncs.com/compatible-mode/v1/chat/completions "HTTP/1.1 200 OK"
23:52:05 HTTP Request: POST https://dashscope.aliyuncs.com/compatible-mode/v1/chat/completions "HTTP/1.1 200 OK"
23:52:05 HTTP Request: POST https://dashscope.aliyuncs.com/compatible-mode/v1/chat/completions "HTTP/1.1 429 Too Many Requests"
23:52:05 Retrying request to /chat/completions in 0.450037 seconds
23:52:05 HTTP Request: POST https://dashscope.aliyuncs.com/compatible-mode/v1/chat/completions "HTTP/1.1 429 Too Many Requests"
23:52:05 Retrying request to /chat/completions in 0.417910 seconds
23:52:14 HTTP Request: POST https://dashscope.aliyuncs.com/compatible-mode/v1/chat/completions "HTTP/1.1 200 OK"
23:52:15 HTTP Request: POST https://dashscope.aliyuncs.com/compatible-mode/v1/chat/completions "HTTP/1.1 200 OK"
23:52:15 HTTP Request: POST https://dashscope.aliyuncs.com/compatible-mode/v1/chat/completions "HTTP/1.1 200 OK"
23:52:19 HTTP Request: POST https://dashscope.aliyuncs.com/compatible-mode/v1/chat/completions "HTTP/1.1 200 OK"
23:52:21 HTTP Request: POST https://dashscope.aliyuncs.com/compatible-mode/v1/chat/completions "HTTP/1.1 200 OK"
23:52:21 HTTP Request: POST https://dashscope.aliyuncs.com/compatible-mode/v1/chat/completions "HTTP/1.1 200 OK"
23:52:21 HTTP Request: POST https://dashscope.aliyuncs.com/compatible-mode/v1/chat/completions "HTTP/1.1 200 OK"
23:52:21 HTTP Request: POST https://dashscope.aliyuncs.com/compatible-mode/v1/chat/completions "HTTP/1.1 200 OK"
23:52:21 HTTP Request: POST https://dashscope.aliyuncs.com/compatible-mode/v1/chat/completions "HTTP/1.1 200 OK"
23:52:22 HTTP Request: POST https://dashscope.aliyuncs.com/compatible-mode/v1/chat/completions "HTTP/1.1 200 OK"
23:52:23 HTTP Request: POST https://dashscope.aliyuncs.com/compatible-mode/v1/chat/completions "HTTP/1.1 200 OK"
23:52:23 HTTP Request: POST https://dashscope.aliyuncs.com/compatible-mode/v1/chat/completions "HTTP/1.1 200 OK"
23:52:28 HTTP Request: POST https://dashscope.aliyuncs.com/compatible-mode/v1/chat/completions "HTTP/1.1 200 OK"
23:52:33 HTTP Request: POST https://dashscope.aliyuncs.com/compatible-mode/v1/chat/completions "HTTP/1.1 200 OK"
23:52:42 HTTP Request: POST https://dashscope.aliyuncs.com/compatible-mode/v1/chat/completions "HTTP/1.1 200 OK"
23:52:44 HTTP Request: POST https://dashscope.aliyuncs.com/compatible-mode/v1/chat/completions "HTTP/1.1 200 OK"
23:52:47 HTTP Request: POST https://dashscope.aliyuncs.com/compatible-mode/v1/chat/completions "HTTP/1.1 200 OK"
23:52:49 HTTP Request: POST https://dashscope.aliyuncs.com/compatible-mode/v1/chat/completions "HTTP/1.1 200 OK"
23:52:49 HTTP Request: POST https://dashscope.aliyuncs.com/compatible-mode/v1/chat/completions "HTTP/1.1 200 OK"
23:52:54 HTTP Request: POST https://dashscope.aliyuncs.com/compatible-mode/v1/chat/completions "HTTP/1.1 200 OK"
23:52:55 HTTP Request: POST https://dashscope.aliyuncs.com/compatible-mode/v1/chat/completions "HTTP/1.1 200 OK"
23:52:58 HTTP Request: POST https://dashscope.aliyuncs.com/compatible-mode/v1/chat/completions "HTTP/1.1 200 OK"
23:52:58 HTTP Request: POST https://dashscope.aliyuncs.com/compatible-mode/v1/chat/completions "HTTP/1.1 200 OK"
23:53:01 HTTP Request: POST https://dashscope.aliyuncs.com/compatible-mode/v1/chat/completions "HTTP/1.1 200 OK"
23:53:04 HTTP Request: POST https://dashscope.aliyuncs.com/compatible-mode/v1/chat/completions "HTTP/1.1 200 OK"
23:53:07 HTTP Request: POST https://dashscope.aliyuncs.com/compatible-mode/v1/chat/completions "HTTP/1.1 200 OK"
23:53:15 HTTP Request: POST https://dashscope.aliyuncs.com/compatible-mode/v1/chat/completions "HTTP/1.1 200 OK"
23:53:17 HTTP Request: POST https://dashscope.aliyuncs.com/compatible-mode/v1/chat/completions "HTTP/1.1 200 OK"
23:53:22 HTTP Request: POST https://dashscope.aliyuncs.com/compatible-mode/v1/chat/completions "HTTP/1.1 200 OK"
23:53:22 HTTP Request: POST https://dashscope.aliyuncs.com/compatible-mode/v1/chat/completions "HTTP/1.1 200 OK"
23:53:23 HTTP Request: POST https://dashscope.aliyuncs.com/compatible-mode/v1/chat/completions "HTTP/1.1 200 OK"
23:53:29 HTTP Request: POST https://dashscope.aliyuncs.com/compatible-mode/v1/chat/completions "HTTP/1.1 200 OK"
23:53:30 HTTP Request: POST https://dashscope.aliyuncs.com/compatible-mode/v1/chat/completions "HTTP/1.1 200 OK"
23:53:33 HTTP Request: POST https://dashscope.aliyuncs.com/compatible-mode/v1/chat/completions "HTTP/1.1 200 OK"
23:53:36 HTTP Request: POST https://dashscope.aliyuncs.com/compatible-mode/v1/chat/completions "HTTP/1.1 200 OK"
23:53:37 HTTP Request: POST https://dashscope.aliyuncs.com/compatible-mode/v1/chat/completions "HTTP/1.1 200 OK"
23:53:37 HTTP Request: POST https://dashscope.aliyuncs.com/compatible-mode/v1/chat/completions "HTTP/1.1 200 OK"
23:53:38 HTTP Request: POST https://dashscope.aliyuncs.com/compatible-mode/v1/chat/completions "HTTP/1.1 200 OK"
23:53:41 HTTP Request: POST https://dashscope.aliyuncs.com/compatible-mode/v1/chat/completions "HTTP/1.1 200 OK"
23:53:42 HTTP Request: POST https://dashscope.aliyuncs.com/compatible-mode/v1/chat/completions "HTTP/1.1 200 OK"
23:53:46 HTTP Request: POST https://dashscope.aliyuncs.com/compatible-mode/v1/chat/completions "HTTP/1.1 200 OK"
23:53:47 HTTP Request: POST https://dashscope.aliyuncs.com/compatible-mode/v1/chat/completions "HTTP/1.1 200 OK"
23:53:51 HTTP Request: POST https://dashscope.aliyuncs.com/compatible-mode/v1/chat/completions "HTTP/1.1 200 OK"
23:53:55 HTTP Request: POST https://dashscope.aliyuncs.com/compatible-mode/v1/chat/completions "HTTP/1.1 200 OK"
23:54:00 HTTP Request: POST https://dashscope.aliyuncs.com/compatible-mode/v1/chat/completions "HTTP/1.1 200 OK"
23:54:09 HTTP Request: POST https://dashscope.aliyuncs.com/compatible-mode/v1/chat/completions "HTTP/1.1 200 OK"
23:54:11 HTTP Request: POST https://dashscope.aliyuncs.com/compatible-mode/v1/chat/completions "HTTP/1.1 200 OK"
23:54:15 HTTP Request: POST https://dashscope.aliyuncs.com/compatible-mode/v1/chat/completions "HTTP/1.1 200 OK"
23:54:15 HTTP Request: POST https://dashscope.aliyuncs.com/compatible-mode/v1/chat/completions "HTTP/1.1 200 OK"
23:54:16 HTTP Request: POST https://dashscope.aliyuncs.com/compatible-mode/v1/chat/completions "HTTP/1.1 200 OK"
23:54:18 HTTP Request: POST https://dashscope.aliyuncs.com/compatible-mode/v1/chat/completions "HTTP/1.1 200 OK"
23:54:28 HTTP Request: POST https://dashscope.aliyuncs.com/compatible-mode/v1/chat/completions "HTTP/1.1 200 OK"
23:54:35 HTTP Request: POST https://dashscope.aliyuncs.com/compatible-mode/v1/chat/completions "HTTP/1.1 200 OK"
23:54:37 HTTP Request: POST https://dashscope.aliyuncs.com/compatible-mode/v1/chat/completions "HTTP/1.1 200 OK"
23:54:45 HTTP Request: POST https://dashscope.aliyuncs.com/compatible-mode/v1/chat/completions "HTTP/1.1 200 OK"

  研究创新性 (problem_originality): glm-5.1=92, qwen3.6-plus=75, deepseek-v4-pro=75, kimi-k2.6=75 | mean=79.2 | strictest=75 (qwen3.6-plus) | std=8.5 | 置信度=low
  现状洞察度 (literature_insight): glm-5.1=90, qwen3.6-plus=82, deepseek-v4-pro=95, kimi-k2.6=82 | mean=87.2 | strictest=82 (qwen3.6-plus) | std=6.4 | 置信度=medium
  理论建构力 (analytical_framework): glm-5.1=92, qwen3.6-plus=82, deepseek-v4-pro=90, kimi-k2.6=72 | mean=84 | strictest=72 (kimi-k2.6) | std=9.1 | 置信度=low
  逻辑连贯性 (logical_coherence): glm-5.1=92, qwen3.6-plus=85, deepseek-v4-pro=92, kimi-k2.6=82 | mean=87.8 | strictest=82 (kimi-k2.6) | std=5.1 | 置信度=medium
  学术共识度 (conclusion_consensus): glm-5.1=88, qwen3.6-plus=85, deepseek-v4-pro=92, kimi-k2.6=78 | mean=85.8 | strictest=78 (kimi-k2.6) | std=5.9 | 置信度=medium
  前瞻延展性 (forward_extension): glm-5.1=72, qwen3.6-plus=72, deepseek-v4-pro=46, kimi-k2.6=55 | mean=61.2 | strictest=46 (deepseek-v4-pro) | std=12.9 | 置信度=critical
评估 6 个维度（最多 4 个并发）...
运行前置检查...
评估 6 个维度（最多 4 个并发）...
  研究创新性 (problem_originality): glm-5.1=75, qwen3.6-plus=85, deepseek-v4-pro=70, kimi-k2.6=75 | mean=76.2 | strictest=70 (deepseek-v4-pro) | std=6.3 | 置信度=medium
  现状洞察度 (literature_insight): glm-5.1=92, qwen3.6-plus=82, deepseek-v4-pro=88, kimi-k2.6=82 | mean=86 | strictest=82 (qwen3.6-plus) | std=4.9 | 置信度=high
  理论建构力 (analytical_framework): glm-5.1=92, qwen3.6-plus=92, deepseek-v4-pro=65, kimi-k2.6=82 | mean=82.8 | strictest=65 (deepseek-v4-pro) | std=12.7 | 置信度=critical
  逻辑连贯性 (logical_coherence): glm-5.1=90, qwen3.6-plus=92, deepseek-v4-pro=90, kimi-k2.6=82 | mean=88.5 | strictest=82 (kimi-k2.6) | std=4.4 | 置信度=high
  学术共识度 (conclusion_consensus): glm-5.1=85, qwen3.6-plus=88, deepseek-v4-pro=90, kimi-k2.6=82 | mean=86.2 | strictest=82 (kimi-k2.6) | std=3.5 | 置信度=high
  前瞻延展性 (forward_extension): glm-5.1=75, qwen3.6-plus=85, deepseek-v4-pro=65, kimi-k2.6=62 | mean=71.8 | strictest=62 (kimi-k2.6) | std=10.4 | 置信度=low
  研究创新性 (problem_originality): glm-5.1=95, qwen3.6-plus=82, deepseek-v4-pro=90, kimi-k2.6=72 | mean=84.8 | strictest=72 (kimi-k2.6) | std=10.0 | 置信度=low
  现状洞察度 (literature_insight): glm-5.1=90, qwen3.6-plus=72, deepseek-v4-pro=80, kimi-k2.6=72 | mean=78.5 | strictest=72 (qwen3.6-plus) | std=8.5 | 置信度=low
  理论建构力 (analytical_framework): glm-5.1=90, qwen3.6-plus=85, deepseek-v4-pro=65, kimi-k2.6=62 | mean=75.5 | strictest=62 (kimi-k2.6) | std=14.1 | 置信度=critical
  逻辑连贯性 (logical_coherence): glm-5.1=88, qwen3.6-plus=85, deepseek-v4-pro=90, kimi-k2.6=82 | mean=86.2 | strictest=82 (kimi-k2.6) | std=3.5 | 置信度=high
  学术共识度 (conclusion_consensus): glm-5.1=90, qwen3.6-plus=85, deepseek-v4-pro=85, kimi-k2.6=82 | mean=85.5 | strictest=82 (kimi-k2.6) | std=3.3 | 置信度=high
  前瞻延展性 (forward_extension): glm-5.1=85, qwen3.6-plus=72, deepseek-v4-pro=82, kimi-k2.6=72 | mean=77.8 | strictest=72 (qwen3.6-plus) | std=6.8 | 置信度=medium
  研究创新性 (problem_originality): glm-5.1=92, qwen3.6-plus=75, deepseek-v4-pro=70, kimi-k2.6=68 | mean=76.2 | strictest=68 (kimi-k2.6) | std=10.9 | 置信度=low
  现状洞察度 (literature_insight): glm-5.1=90, qwen3.6-plus=88, deepseek-v4-pro=80, kimi-k2.6=78 | mean=84 | strictest=78 (kimi-k2.6) | std=5.9 | 置信度=medium
  理论建构力 (analytical_framework): glm-5.1=95, qwen3.6-plus=85, deepseek-v4-pro=92, kimi-k2.6=68 | mean=85 | strictest=68 (kimi-k2.6) | std=12.1 | 置信度=critical
  逻辑连贯性 (logical_coherence): glm-5.1=90, qwen3.6-plus=85, deepseek-v4-pro=90, kimi-k2.6=85 | mean=87.5 | strictest=85 (qwen3.6-plus) | std=2.9 | 置信度=high
  学术共识度 (conclusion_consensus): glm-5.1=90, qwen3.6-plus=85, deepseek-v4-pro=85, kimi-k2.6=82 | mean=85.5 | strictest=82 (kimi-k2.6) | std=3.3 | 置信度=high
  前瞻延展性 (forward_extension): glm-5.1=80, qwen3.6-plus=72, deepseek-v4-pro=85, kimi-k2.6=62 | mean=74.8 | strictest=62 (kimi-k2.6) | std=10.0 | 置信度=low
运行前置检查...
评估 6 个维度（最多 4 个并发）...
  研究创新性 (problem_originality): glm-5.1=88, qwen3.6-plus=85, deepseek-v4-pro=85, kimi-k2.6=72 | mean=82.5 | strictest=72 (kimi-k2.6) | std=7.1 | 置信度=medium
  现状洞察度 (literature_insight): glm-5.1=90, qwen3.6-plus=88, deepseek-v4-pro=80, kimi-k2.6=72 | mean=82.5 | strictest=72 (kimi-k2.6) | std=8.2 | 置信度=low
  理论建构力 (analytical_framework): glm-5.1=90, qwen3.6-plus=85, deepseek-v4-pro=90, kimi-k2.6=58 | mean=80.8 | strictest=58 (kimi-k2.6) | std=15.3 | 置信度=critical
  逻辑连贯性 (logical_coherence): glm-5.1=95, qwen3.6-plus=85, deepseek-v4-pro=90, kimi-k2.6=78 | mean=87 | strictest=78 (kimi-k2.6) | std=7.3 | 置信度=medium
  学术共识度 (conclusion_consensus): glm-5.1=90, qwen3.6-plus=85, deepseek-v4-pro=88, kimi-k2.6=78 | mean=85.2 | strictest=78 (kimi-k2.6) | std=5.3 | 置信度=medium
  前瞻延展性 (forward_extension): glm-5.1=85, qwen3.6-plus=85, deepseek-v4-pro=68, kimi-k2.6=72 | mean=77.5 | strictest=68 (deepseek-v4-pro) | std=8.8 | 置信度=low
运行前置检查...
评估 6 个维度（最多 4 个并发）...
运行前置检查...
评估 6 个维度（最多 4 个并发）...
运行前置检查...
运行前置检查...
  研究创新性 (problem_originality): glm-5.1=88, qwen3.6-plus=75, deepseek-v4-pro=95, kimi-k2.6=72 | mean=82.5 | strictest=72 (kimi-k2.6) | std=10.8 | 置信度=low
  现状洞察度 (literature_insight): glm-5.1=90, qwen3.6-plus=82, deepseek-v4-pro=82, kimi-k2.6=72 | mean=81.5 | strictest=72 (kimi-k2.6) | std=7.4 | 置信度=medium
  理论建构力 (analytical_framework): glm-5.1=90, qwen3.6-plus=88, deepseek-v4-pro=50, kimi-k2.6=72 | mean=75 | strictest=50 (deepseek-v4-pro) | std=18.5 | 置信度=critical
  逻辑连贯性 (logical_coherence): glm-5.1=92, qwen3.6-plus=85, deepseek-v4-pro=88, kimi-k2.6=75 | mean=85 | strictest=75 (kimi-k2.6) | std=7.3 | 置信度=medium
  学术共识度 (conclusion_consensus): glm-5.1=92, qwen3.6-plus=85, deepseek-v4-pro=85, kimi-k2.6=78 | mean=85 | strictest=78 (kimi-k2.6) | std=5.7 | 置信度=medium
  前瞻延展性 (forward_extension): glm-5.1=85, qwen3.6-plus=75, deepseek-v4-pro=88, kimi-k2.6=72 | mean=80 | strictest=72 (kimi-k2.6) | std=7.7 | 置信度=medium
  研究创新性 (problem_originality): glm-5.1=90, qwen3.6-plus=85, deepseek-v4-pro=95, kimi-k2.6=72 | mean=85.5 | strictest=72 (kimi-k2.6) | std=9.9 | 置信度=low
  现状洞察度 (literature_insight): glm-5.1=80, qwen3.6-plus=88, deepseek-v4-pro=80, kimi-k2.6=82 | mean=82.5 | strictest=80 (glm-5.1) | std=3.8 | 置信度=high
  理论建构力 (analytical_framework): glm-5.1=90, qwen3.6-plus=78, deepseek-v4-pro=40, kimi-k2.6=55 | mean=65.8 | strictest=40 (deepseek-v4-pro) | std=22.5 | 置信度=critical
  逻辑连贯性 (logical_coherence): glm-5.1=92, qwen3.6-plus=85, deepseek-v4-pro=88, kimi-k2.6=78 | mean=85.8 | strictest=78 (kimi-k2.6) | std=5.9 | 置信度=medium
  学术共识度 (conclusion_consensus): glm-5.1=88, qwen3.6-plus=85, deepseek-v4-pro=90, kimi-k2.6=78 | mean=85.2 | strictest=78 (kimi-k2.6) | std=5.3 | 置信度=medium
  前瞻延展性 (forward_extension): glm-5.1=85, qwen3.6-plus=75, deepseek-v4-pro=85, kimi-k2.6=62 | mean=76.8 | strictest=62 (kimi-k2.6) | std=10.9 | 置信度=low
评估 6 个维度（最多 4 个并发）...
评估 6 个维度（最多 4 个并发）...
  研究创新性 (problem_originality): glm-5.1=90, qwen3.6-plus=85, deepseek-v4-pro=90, kimi-k2.6=42 | mean=76.8 | strictest=42 (kimi-k2.6) | std=23.3 | 置信度=critical
  现状洞察度 (literature_insight): glm-5.1=90, qwen3.6-plus=88, deepseek-v4-pro=92, kimi-k2.6=72 | mean=85.5 | strictest=72 (kimi-k2.6) | std=9.1 | 置信度=low
  理论建构力 (analytical_framework): glm-5.1=92, qwen3.6-plus=82, deepseek-v4-pro=92, kimi-k2.6=52 | mean=79.5 | strictest=52 (kimi-k2.6) | std=18.9 | 置信度=critical
  逻辑连贯性 (logical_coherence): glm-5.1=95, qwen3.6-plus=88, deepseek-v4-pro=92, kimi-k2.6=72 | mean=86.8 | strictest=72 (kimi-k2.6) | std=10.2 | 置信度=low23:54:45 [R1] PID 1202 → 完成 max_std=23.3 (260s)
23:54:45 [R2] PID 1202 → 开始交叉评审
23:54:49 HTTP Request: POST https://dashscope.aliyuncs.com/compatible-mode/v1/chat/completions "HTTP/1.1 200 OK"
23:54:54 HTTP Request: POST https://dashscope.aliyuncs.com/compatible-mode/v1/chat/completions "HTTP/1.1 200 OK"
23:54:58 HTTP Request: POST https://dashscope.aliyuncs.com/compatible-mode/v1/chat/completions "HTTP/1.1 200 OK"
23:54:58 [R1] PID 1392 → 完成 max_std=10.3 (255s)
23:54:58 [R2] PID 1392 → 开始交叉评审
23:55:00 HTTP Request: POST https://dashscope.aliyuncs.com/compatible-mode/v1/chat/completions "HTTP/1.1 200 OK"
23:55:16 HTTP Request: POST https://dashscope.aliyuncs.com/compatible-mode/v1/chat/completions "HTTP/1.1 200 OK"
23:55:36 HTTP Request: POST https://dashscope.aliyuncs.com/compatible-mode/v1/chat/completions "HTTP/1.1 200 OK"
23:55:45 HTTP Request: POST https://dashscope.aliyuncs.com/compatible-mode/v1/chat/completions "HTTP/1.1 200 OK"
23:55:55 HTTP Request: POST https://dashscope.aliyuncs.com/compatible-mode/v1/chat/completions "HTTP/1.1 200 OK"
23:55:56 HTTP Request: POST https://dashscope.aliyuncs.com/compatible-mode/v1/chat/completions "HTTP/1.1 200 OK"
23:55:58 HTTP Request: POST https://dashscope.aliyuncs.com/compatible-mode/v1/chat/completions "HTTP/1.1 200 OK"
23:56:19 HTTP Request: POST https://dashscope.aliyuncs.com/compatible-mode/v1/chat/completions "HTTP/1.1 200 OK"
23:56:57 HTTP Request: POST https://dashscope.aliyuncs.com/compatible-mode/v1/chat/completions "HTTP/1.1 200 OK"
23:57:32 HTTP Request: POST https://dashscope.aliyuncs.com/compatible-mode/v1/chat/completions "HTTP/1.1 200 OK"
23:57:40 HTTP Request: POST https://dashscope.aliyuncs.com/compatible-mode/v1/chat/completions "HTTP/1.1 200 OK"
23:57:43 HTTP Request: POST https://dashscope.aliyuncs.com/compatible-mode/v1/chat/completions "HTTP/1.1 200 OK"
23:57:56 HTTP Request: POST https://dashscope.aliyuncs.com/compatible-mode/v1/chat/completions "HTTP/1.1 200 OK"
23:57:57 HTTP Request: POST https://dashscope.aliyuncs.com/compatible-mode/v1/chat/completions "HTTP/1.1 200 OK"
23:57:59 HTTP Request: POST https://dashscope.aliyuncs.com/compatible-mode/v1/chat/completions "HTTP/1.1 200 OK"
23:58:02 HTTP Request: POST https://dashscope.aliyuncs.com/compatible-mode/v1/chat/completions "HTTP/1.1 200 OK"
23:58:11 HTTP Request: POST https://dashscope.aliyuncs.com/compatible-mode/v1/chat/completions "HTTP/1.1 200 OK"
23:58:14 HTTP Request: POST https://dashscope.aliyuncs.com/compatible-mode/v1/chat/completions "HTTP/1.1 200 OK"
23:58:14 HTTP Request: POST https://dashscope.aliyuncs.com/compatible-mode/v1/chat/completions "HTTP/1.1 200 OK"
23:58:18 HTTP Request: POST https://dashscope.aliyuncs.com/compatible-mode/v1/chat/completions "HTTP/1.1 200 OK"
23:58:26 HTTP Request: POST https://dashscope.aliyuncs.com/compatible-mode/v1/chat/completions "HTTP/1.1 200 OK"
23:58:37 HTTP Request: POST https://dashscope.aliyuncs.com/compatible-mode/v1/chat/completions "HTTP/1.1 200 OK"
23:58:46 HTTP Request: POST https://dashscope.aliyuncs.com/compatible-mode/v1/chat/completions "HTTP/1.1 200 OK"
23:58:56 HTTP Request: POST https://dashscope.aliyuncs.com/compatible-mode/v1/chat/completions "HTTP/1.1 200 OK"
23:59:05 HTTP Request: POST https://dashscope.aliyuncs.com/compatible-mode/v1/chat/completions "HTTP/1.1 200 OK"
23:59:15 HTTP Request: POST https://dashscope.aliyuncs.com/compatible-mode/v1/chat/completions "HTTP/1.1 200 OK"
23:59:22 HTTP Request: POST https://dashscope.aliyuncs.com/compatible-mode/v1/chat/completions "HTTP/1.1 200 OK"
23:59:35 HTTP Request: POST https://dashscope.aliyuncs.com/compatible-mode/v1/chat/completions "HTTP/1.1 200 OK"
23:59:57 HTTP Request: POST https://dashscope.aliyuncs.com/compatible-mode/v1/chat/completions "HTTP/1.1 200 OK"
00:00:13 HTTP Request: POST https://dashscope.aliyuncs.com/compatible-mode/v1/chat/completions "HTTP/1.1 200 OK"
00:00:31 HTTP Request: POST https://dashscope.aliyuncs.com/compatible-mode/v1/chat/completions "HTTP/1.1 200 OK"
00:00:34 HTTP Request: POST https://dashscope.aliyuncs.com/compatible-mode/v1/chat/completions "HTTP/1.1 200 OK"
00:00:39 HTTP Request: POST https://dashscope.aliyuncs.com/compatible-mode/v1/chat/completions "HTTP/1.1 200 OK"
00:00:44 HTTP Request: POST https://dashscope.aliyuncs.com/compatible-mode/v1/chat/completions "HTTP/1.1 200 OK"
00:00:44 HTTP Request: POST https://dashscope.aliyuncs.com/compatible-mode/v1/chat/completions "HTTP/1.1 200 OK"
00:00:59 HTTP Request: POST https://dashscope.aliyuncs.com/compatible-mode/v1/chat/completions "HTTP/1.1 200 OK"
00:01:00 HTTP Request: POST https://dashscope.aliyuncs.com/compatible-mode/v1/chat/completions "HTTP/1.1 200 OK"
00:01:02 HTTP Request: POST https://dashscope.aliyuncs.com/compatible-mode/v1/chat/completions "HTTP/1.1 200 OK"
00:01:15 HTTP Request: POST https://dashscope.aliyuncs.com/compatible-mode/v1/chat/completions "HTTP/1.1 200 OK"
00:01:17 HTTP Request: POST https://dashscope.aliyuncs.com/compatible-mode/v1/chat/completions "HTTP/1.1 200 OK"
00:01:17 HTTP Request: POST https://dashscope.aliyuncs.com/compatible-mode/v1/chat/completions "HTTP/1.1 200 OK"
00:01:18 HTTP Request: POST https://dashscope.aliyuncs.com/compatible-mode/v1/chat/completions "HTTP/1.1 200 OK"
00:01:18 [R2] PID 1141 → R1_std=8.67 R2_std=3.65 converged=6/6 (1063s)
00:01:18 [R1] PID 756 → 开始
00:01:31 HTTP Request: POST https://dashscope.aliyuncs.com/compatible-mode/v1/chat/completions "HTTP/1.1 200 OK"
00:01:33 HTTP Request: POST https://dashscope.aliyuncs.com/compatible-mode/v1/chat/completions "HTTP/1.1 200 OK"
00:01:40 HTTP Request: POST https://dashscope.aliyuncs.com/compatible-mode/v1/chat/completions "HTTP/1.1 200 OK"
00:01:55 HTTP Request: POST https://dashscope.aliyuncs.com/compatible-mode/v1/chat/completions "HTTP/1.1 200 OK"
00:02:14 HTTP Request: POST https://dashscope.aliyuncs.com/compatible-mode/v1/chat/completions "HTTP/1.1 200 OK"
00:02:21 HTTP Request: POST https://dashscope.aliyuncs.com/compatible-mode/v1/chat/completions "HTTP/1.1 200 OK"
00:02:26 HTTP Request: POST https://dashscope.aliyuncs.com/compatible-mode/v1/chat/completions "HTTP/1.1 200 OK"
00:02:53 HTTP Request: POST https://dashscope.aliyuncs.com/compatible-mode/v1/chat/completions "HTTP/1.1 200 OK"
00:03:39 HTTP Request: POST https://dashscope.aliyuncs.com/compatible-mode/v1/chat/completions "HTTP/1.1 200 OK"
00:03:42 HTTP Request: POST https://dashscope.aliyuncs.com/compatible-mode/v1/chat/completions "HTTP/1.1 200 OK"
00:04:07 HTTP Request: POST https://dashscope.aliyuncs.com/compatible-mode/v1/chat/completions "HTTP/1.1 200 OK"
00:04:08 HTTP Request: POST https://dashscope.aliyuncs.com/compatible-mode/v1/chat/completions "HTTP/1.1 200 OK"
00:04:24 HTTP Request: POST https://dashscope.aliyuncs.com/compatible-mode/v1/chat/completions "HTTP/1.1 200 OK"
00:04:26 HTTP Request: POST https://dashscope.aliyuncs.com/compatible-mode/v1/chat/completions "HTTP/1.1 200 OK"
00:04:30 HTTP Request: POST https://dashscope.aliyuncs.com/compatible-mode/v1/chat/completions "HTTP/1.1 200 OK"
00:04:39 HTTP Request: POST https://dashscope.aliyuncs.com/compatible-mode/v1/chat/completions "HTTP/1.1 200 OK"
00:04:46 HTTP Request: POST https://dashscope.aliyuncs.com/compatible-mode/v1/chat/completions "HTTP/1.1 200 OK"
00:04:58 HTTP Request: POST https://dashscope.aliyuncs.com/compatible-mode/v1/chat/completions "HTTP/1.1 200 OK"
00:05:04 HTTP Request: POST https://dashscope.aliyuncs.com/compatible-mode/v1/chat/completions "HTTP/1.1 200 OK"
00:05:11 HTTP Request: POST https://dashscope.aliyuncs.com/compatible-mode/v1/chat/completions "HTTP/1.1 200 OK"
00:05:14 HTTP Request: POST https://dashscope.aliyuncs.com/compatible-mode/v1/chat/completions "HTTP/1.1 200 OK"
00:05:21 HTTP Request: POST https://dashscope.aliyuncs.com/compatible-mode/v1/chat/completions "HTTP/1.1 200 OK"
00:06:02 HTTP Request: POST https://dashscope.aliyuncs.com/compatible-mode/v1/chat/completions "HTTP/1.1 200 OK"
00:06:15 HTTP Request: POST https://dashscope.aliyuncs.com/compatible-mode/v1/chat/completions "HTTP/1.1 200 OK"
00:07:09 HTTP Request: POST https://dashscope.aliyuncs.com/compatible-mode/v1/chat/completions "HTTP/1.1 200 OK"
00:07:12 HTTP Request: POST https://dashscope.aliyuncs.com/compatible-mode/v1/chat/completions "HTTP/1.1 200 OK"
00:07:27 HTTP Request: POST https://dashscope.aliyuncs.com/compatible-mode/v1/chat/completions "HTTP/1.1 200 OK"
00:07:33 HTTP Request: POST https://dashscope.aliyuncs.com/compatible-mode/v1/chat/completions "HTTP/1.1 200 OK"
00:07:34 HTTP Request: POST https://dashscope.aliyuncs.com/compatible-mode/v1/chat/completions "HTTP/1.1 200 OK"
00:07:45 HTTP Request: POST https://dashscope.aliyuncs.com/compatible-mode/v1/chat/completions "HTTP/1.1 200 OK"
00:07:53 HTTP Request: POST https://dashscope.aliyuncs.com/compatible-mode/v1/chat/completions "HTTP/1.1 200 OK"
00:08:12 HTTP Request: POST https://dashscope.aliyuncs.com/compatible-mode/v1/chat/completions "HTTP/1.1 200 OK"
00:08:13 HTTP Request: POST https://dashscope.aliyuncs.com/compatible-mode/v1/chat/completions "HTTP/1.1 200 OK"
00:08:28 HTTP Request: POST https://dashscope.aliyuncs.com/compatible-mode/v1/chat/completions "HTTP/1.1 200 OK"
00:08:29 HTTP Request: POST https://dashscope.aliyuncs.com/compatible-mode/v1/chat/completions "HTTP/1.1 200 OK"
00:08:39 HTTP Request: POST https://dashscope.aliyuncs.com/compatible-mode/v1/chat/completions "HTTP/1.1 200 OK"
00:08:43 HTTP Request: POST https://dashscope.aliyuncs.com/compatible-mode/v1/chat/completions "HTTP/1.1 200 OK"
00:09:12 HTTP Request: POST https://dashscope.aliyuncs.com/compatible-mode/v1/chat/completions "HTTP/1.1 200 OK"
00:09:14 HTTP Request: POST https://dashscope.aliyuncs.com/compatible-mode/v1/chat/completions "HTTP/1.1 200 OK"
00:09:25 HTTP Request: POST https://dashscope.aliyuncs.com/compatible-mode/v1/chat/completions "HTTP/1.1 200 OK"
00:10:14 HTTP Request: POST https://dashscope.aliyuncs.com/compatible-mode/v1/chat/completions "HTTP/1.1 200 OK"
00:10:28 HTTP Request: POST https://dashscope.aliyuncs.com/compatible-mode/v1/chat/completions "HTTP/1.1 200 OK"
00:10:30 HTTP Request: POST https://dashscope.aliyuncs.com/compatible-mode/v1/chat/completions "HTTP/1.1 200 OK"
00:10:40 HTTP Request: POST https://dashscope.aliyuncs.com/compatible-mode/v1/chat/completions "HTTP/1.1 200 OK"
00:10:46 HTTP Request: POST https://dashscope.aliyuncs.com/compatible-mode/v1/chat/completions "HTTP/1.1 200 OK"
00:10:46 [R2] PID 1640 → R1_std=9.57 R2_std=4.2 converged=6/6 (1185s)
00:10:46 [R1] PID 1782 → 开始
00:10:53 HTTP Request: POST https://dashscope.aliyuncs.com/compatible-mode/v1/chat/completions "HTTP/1.1 200 OK"
00:10:57 HTTP Request: POST https://dashscope.aliyuncs.com/compatible-mode/v1/chat/completions "HTTP/1.1 200 OK"
00:11:07 HTTP Request: POST https://dashscope.aliyuncs.com/compatible-mode/v1/chat/completions "HTTP/1.1 200 OK"
00:11:12 HTTP Request: POST https://dashscope.aliyuncs.com/compatible-mode/v1/chat/completions "HTTP/1.1 200 OK"
00:11:12 HTTP Request: POST https://dashscope.aliyuncs.com/compatible-mode/v1/chat/completions "HTTP/1.1 200 OK"
00:11:18 HTTP Request: POST https://dashscope.aliyuncs.com/compatible-mode/v1/chat/completions "HTTP/1.1 200 OK"
00:11:18 [R2] PID 1271 → R1_std=9.72 R2_std=3.98 converged=6/6 (1157s)
00:11:18 [R1] PID 1698 → 开始
00:11:18 Retrying request to /chat/completions in 0.408834 seconds
00:11:23 HTTP Request: POST https://dashscope.aliyuncs.com/compatible-mode/v1/chat/completions "HTTP/1.1 200 OK"
00:11:24 HTTP Request: POST https://dashscope.aliyuncs.com/compatible-mode/v1/chat/completions "HTTP/1.1 200 OK"
00:11:38 HTTP Request: POST https://dashscope.aliyuncs.com/compatible-mode/v1/chat/completions "HTTP/1.1 200 OK"
00:11:40 HTTP Request: POST https://dashscope.aliyuncs.com/compatible-mode/v1/chat/completions "HTTP/1.1 200 OK"
00:11:45 HTTP Request: POST https://dashscope.aliyuncs.com/compatible-mode/v1/chat/completions "HTTP/1.1 200 OK"
00:11:45 HTTP Request: POST https://dashscope.aliyuncs.com/compatible-mode/v1/chat/completions "HTTP/1.1 200 OK"
00:12:02 HTTP Request: POST https://dashscope.aliyuncs.com/compatible-mode/v1/chat/completions "HTTP/1.1 200 OK"
00:12:16 HTTP Request: POST https://dashscope.aliyuncs.com/compatible-mode/v1/chat/completions "HTTP/1.1 200 OK"
00:12:25 HTTP Request: POST https://dashscope.aliyuncs.com/compatible-mode/v1/chat/completions "HTTP/1.1 200 OK"
00:12:25 HTTP Request: POST https://dashscope.aliyuncs.com/compatible-mode/v1/chat/completions "HTTP/1.1 200 OK"
00:12:37 HTTP Request: POST https://dashscope.aliyuncs.com/compatible-mode/v1/chat/completions "HTTP/1.1 200 OK"
00:12:40 HTTP Request: POST https://dashscope.aliyuncs.com/compatible-mode/v1/chat/completions "HTTP/1.1 200 OK"
00:12:41 HTTP Request: POST https://dashscope.aliyuncs.com/compatible-mode/v1/chat/completions "HTTP/1.1 200 OK"
00:12:41 HTTP Request: POST https://dashscope.aliyuncs.com/compatible-mode/v1/chat/completions "HTTP/1.1 200 OK"
00:12:42 HTTP Request: POST https://dashscope.aliyuncs.com/compatible-mode/v1/chat/completions "HTTP/1.1 200 OK"
00:12:45 HTTP Request: POST https://dashscope.aliyuncs.com/compatible-mode/v1/chat/completions "HTTP/1.1 200 OK"
00:12:46 HTTP Request: POST https://dashscope.aliyuncs.com/compatible-mode/v1/chat/completions "HTTP/1.1 200 OK"
00:12:49 HTTP Request: POST https://dashscope.aliyuncs.com/compatible-mode/v1/chat/completions "HTTP/1.1 200 OK"
00:13:01 HTTP Request: POST https://dashscope.aliyuncs.com/compatible-mode/v1/chat/completions "HTTP/1.1 200 OK"
00:13:05 HTTP Request: POST https://dashscope.aliyuncs.com/compatible-mode/v1/chat/completions "HTTP/1.1 200 OK"
00:13:05 HTTP Request: POST https://dashscope.aliyuncs.com/compatible-mode/v1/chat/completions "HTTP/1.1 200 OK"
00:13:05 HTTP Request: POST https://dashscope.aliyuncs.com/compatible-mode/v1/chat/completions "HTTP/1.1 200 OK"
00:13:07 HTTP Request: POST https://dashscope.aliyuncs.com/compatible-mode/v1/chat/completions "HTTP/1.1 200 OK"
00:13:09 HTTP Request: POST https://dashscope.aliyuncs.com/compatible-mode/v1/chat/completions "HTTP/1.1 200 OK"
00:13:11 HTTP Request: POST https://dashscope.aliyuncs.com/compatible-mode/v1/chat/completions "HTTP/1.1 200 OK"
00:13:12 HTTP Request: POST https://dashscope.aliyuncs.com/compatible-mode/v1/chat/completions "HTTP/1.1 200 OK"
00:13:13 HTTP Request: POST https://dashscope.aliyuncs.com/compatible-mode/v1/chat/completions "HTTP/1.1 200 OK"
00:13:15 HTTP Request: POST https://dashscope.aliyuncs.com/compatible-mode/v1/chat/completions "HTTP/1.1 200 OK"
00:13:22 HTTP Request: POST https://dashscope.aliyuncs.com/compatible-mode/v1/chat/completions "HTTP/1.1 200 OK"
00:13:31 HTTP Request: POST https://dashscope.aliyuncs.com/compatible-mode/v1/chat/completions "HTTP/1.1 200 OK"
00:13:34 HTTP Request: POST https://dashscope.aliyuncs.com/compatible-mode/v1/chat/completions "HTTP/1.1 200 OK"
00:13:40 HTTP Request: POST https://dashscope.aliyuncs.com/compatible-mode/v1/chat/completions "HTTP/1.1 200 OK"
00:13:41 HTTP Request: POST https://dashscope.aliyuncs.com/compatible-mode/v1/chat/completions "HTTP/1.1 200 OK"
00:13:41 HTTP Request: POST https://dashscope.aliyuncs.com/compatible-mode/v1/chat/completions "HTTP/1.1 200 OK"
00:13:43 HTTP Request: POST https://dashscope.aliyuncs.com/compatible-mode/v1/chat/completions "HTTP/1.1 200 OK"
00:13:43 HTTP Request: POST https://dashscope.aliyuncs.com/compatible-mode/v1/chat/completions "HTTP/1.1 200 OK"
00:13:46 HTTP Request: POST https://dashscope.aliyuncs.com/compatible-mode/v1/chat/completions "HTTP/1.1 200 OK"
00:13:54 HTTP Request: POST https://dashscope.aliyuncs.com/compatible-mode/v1/chat/completions "HTTP/1.1 200 OK"
00:13:54 HTTP Request: POST https://dashscope.aliyuncs.com/compatible-mode/v1/chat/completions "HTTP/1.1 200 OK"
00:13:55 HTTP Request: POST https://dashscope.aliyuncs.com/compatible-mode/v1/chat/completions "HTTP/1.1 200 OK"
00:13:56 HTTP Request: POST https://dashscope.aliyuncs.com/compatible-mode/v1/chat/completions "HTTP/1.1 200 OK"
00:13:56 HTTP Request: POST https://dashscope.aliyuncs.com/compatible-mode/v1/chat/completions "HTTP/1.1 200 OK"
00:13:56 HTTP Request: POST https://dashscope.aliyuncs.com/compatible-mode/v1/chat/completions "HTTP/1.1 200 OK"
00:13:58 HTTP Request: POST https://dashscope.aliyuncs.com/compatible-mode/v1/chat/completions "HTTP/1.1 200 OK"
00:13:58 HTTP Request: POST https://dashscope.aliyuncs.com/compatible-mode/v1/chat/completions "HTTP/1.1 200 OK"
00:13:59 HTTP Request: POST https://dashscope.aliyuncs.com/compatible-mode/v1/chat/completions "HTTP/1.1 200 OK"
00:13:59 HTTP Request: POST https://dashscope.aliyuncs.com/compatible-mode/v1/chat/completions "HTTP/1.1 200 OK"
00:14:00 HTTP Request: POST https://dashscope.aliyuncs.com/compatible-mode/v1/chat/completions "HTTP/1.1 200 OK"
00:14:03 HTTP Request: POST https://dashscope.aliyuncs.com/compatible-mode/v1/chat/completions "HTTP/1.1 200 OK"
00:14:05 HTTP Request: POST https://dashscope.aliyuncs.com/compatible-mode/v1/chat/completions "HTTP/1.1 200 OK"
00:14:05 HTTP Request: POST https://dashscope.aliyuncs.com/compatible-mode/v1/chat/completions "HTTP/1.1 200 OK"
00:14:06 HTTP Request: POST https://dashscope.aliyuncs.com/compatible-mode/v1/chat/completions "HTTP/1.1 200 OK"
00:14:06 HTTP Request: POST https://dashscope.aliyuncs.com/compatible-mode/v1/chat/completions "HTTP/1.1 200 OK"
00:14:07 HTTP Request: POST https://dashscope.aliyuncs.com/compatible-mode/v1/chat/completions "HTTP/1.1 200 OK"
00:14:08 HTTP Request: POST https://dashscope.aliyuncs.com/compatible-mode/v1/chat/completions "HTTP/1.1 200 OK"
00:14:08 HTTP Request: POST https://dashscope.aliyuncs.com/compatible-mode/v1/chat/completions "HTTP/1.1 200 OK"
00:14:14 HTTP Request: POST https://dashscope.aliyuncs.com/compatible-mode/v1/chat/completions "HTTP/1.1 200 OK"
00:14:17 HTTP Request: POST https://dashscope.aliyuncs.com/compatible-mode/v1/chat/completions "HTTP/1.1 200 OK"
00:14:21 HTTP Request: POST https://dashscope.aliyuncs.com/compatible-mode/v1/chat/completions "HTTP/1.1 200 OK"
00:14:24 HTTP Request: POST https://dashscope.aliyuncs.com/compatible-mode/v1/chat/completions "HTTP/1.1 200 OK"
00:14:25 HTTP Request: POST https://dashscope.aliyuncs.com/compatible-mode/v1/chat/completions "HTTP/1.1 200 OK"
00:14:25 HTTP Request: POST https://dashscope.aliyuncs.com/compatible-mode/v1/chat/completions "HTTP/1.1 200 OK"
00:14:25 [R2] PID 1202 → R1_std=13.3 R2_std=6.0 converged=4/6 (1180s)
00:14:25 [R1] PID 1407 → 开始
00:14:26 HTTP Request: POST https://dashscope.aliyuncs.com/compatible-mode/v1/chat/completions "HTTP/1.1 200 OK"
00:14:32 HTTP Request: POST https://dashscope.aliyuncs.com/compatible-mode/v1/chat/completions "HTTP/1.1 200 OK"
00:14:33 HTTP Request: POST https://dashscope.aliyuncs.com/compatible-mode/v1/chat/completions "HTTP/1.1 200 OK"
00:14:34 HTTP Request: POST https://dashscope.aliyuncs.com/compatible-mode/v1/chat/completions "HTTP/1.1 200 OK"
00:14:35 HTTP Request: POST https://dashscope.aliyuncs.com/compatible-mode/v1/chat/completions "HTTP/1.1 200 OK"
00:14:35 HTTP Request: POST https://dashscope.aliyuncs.com/compatible-mode/v1/chat/completions "HTTP/1.1 200 OK"
00:14:41 HTTP Request: POST https://dashscope.aliyuncs.com/compatible-mode/v1/chat/completions "HTTP/1.1 200 OK"
00:14:41 [R2] PID 1392 → R1_std=8.15 R2_std=4.57 converged=6/6 (1183s)
00:14:41 [R1] PID 1644 → 开始
00:14:42 HTTP Request: POST https://dashscope.aliyuncs.com/compatible-mode/v1/chat/completions "HTTP/1.1 200 OK"
00:14:46 HTTP Request: POST https://dashscope.aliyuncs.com/compatible-mode/v1/chat/completions "HTTP/1.1 200 OK"
00:14:47 HTTP Request: POST https://dashscope.aliyuncs.com/compatible-mode/v1/chat/completions "HTTP/1.1 200 OK"
00:14:51 HTTP Request: POST https://dashscope.aliyuncs.com/compatible-mode/v1/chat/completions "HTTP/1.1 200 OK"
00:14:54 HTTP Request: POST https://dashscope.aliyuncs.com/compatible-mode/v1/chat/completions "HTTP/1.1 200 OK"
00:14:57 HTTP Request: POST https://dashscope.aliyuncs.com/compatible-mode/v1/chat/completions "HTTP/1.1 200 OK"
00:14:59 HTTP Request: POST https://dashscope.aliyuncs.com/compatible-mode/v1/chat/completions "HTTP/1.1 200 OK"
00:15:00 HTTP Request: POST https://dashscope.aliyuncs.com/compatible-mode/v1/chat/completions "HTTP/1.1 200 OK"
00:15:01 HTTP Request: POST https://dashscope.aliyuncs.com/compatible-mode/v1/chat/completions "HTTP/1.1 200 OK"
00:15:02 HTTP Request: POST https://dashscope.aliyuncs.com/compatible-mode/v1/chat/completions "HTTP/1.1 200 OK"
00:15:03 HTTP Request: POST https://dashscope.aliyuncs.com/compatible-mode/v1/chat/completions "HTTP/1.1 200 OK"
00:15:06 HTTP Request: POST https://dashscope.aliyuncs.com/compatible-mode/v1/chat/completions "HTTP/1.1 200 OK"
00:15:07 HTTP Request: POST https://dashscope.aliyuncs.com/compatible-mode/v1/chat/completions "HTTP/1.1 200 OK"
00:15:08 HTTP Request: POST https://dashscope.aliyuncs.com/compatible-mode/v1/chat/completions "HTTP/1.1 200 OK"
00:15:13 HTTP Request: POST https://dashscope.aliyuncs.com/compatible-mode/v1/chat/completions "HTTP/1.1 200 OK"
00:15:16 HTTP Request: POST https://dashscope.aliyuncs.com/compatible-mode/v1/chat/completions "HTTP/1.1 200 OK"
00:15:16 [R1] PID 1782 → 完成 max_std=23.6 (270s)
00:15:16 [R2] PID 1782 → 开始交叉评审
00:15:21 HTTP Request: POST https://dashscope.aliyuncs.com/compatible-mode/v1/chat/completions "HTTP/1.1 200 OK"
00:15:22 HTTP Request: POST https://dashscope.aliyuncs.com/compatible-mode/v1/chat/completions "HTTP/1.1 200 OK"
00:15:25 HTTP Request: POST https://dashscope.aliyuncs.com/compatible-mode/v1/chat/completions "HTTP/1.1 200 OK"
00:15:26 HTTP Request: POST https://dashscope.aliyuncs.com/compatible-mode/v1/chat/completions "HTTP/1.1 200 OK"
00:15:28 HTTP Request: POST https://dashscope.aliyuncs.com/compatible-mode/v1/chat/completions "HTTP/1.1 200 OK"
00:15:33 HTTP Request: POST https://dashscope.aliyuncs.com/compatible-mode/v1/chat/completions "HTTP/1.1 200 OK"
00:15:38 HTTP Request: POST https://dashscope.aliyuncs.com/compatible-mode/v1/chat/completions "HTTP/1.1 200 OK"
00:15:38 [R1] PID 756 → 完成 max_std=14.5 (860s)
00:15:38 [R2] PID 756 → 开始交叉评审
00:15:47 HTTP Request: POST https://dashscope.aliyuncs.com/compatible-mode/v1/chat/completions "HTTP/1.1 200 OK"
00:15:52 HTTP Request: POST https://dashscope.aliyuncs.com/compatible-mode/v1/chat/completions "HTTP/1.1 200 OK"
00:16:05 HTTP Request: POST https://dashscope.aliyuncs.com/compatible-mode/v1/chat/completions "HTTP/1.1 200 OK"
00:16:07 HTTP Request: POST https://dashscope.aliyuncs.com/compatible-mode/v1/chat/completions "HTTP/1.1 200 OK"
00:16:12 HTTP Request: POST https://dashscope.aliyuncs.com/compatible-mode/v1/chat/completions "HTTP/1.1 200 OK"
00:16:18 HTTP Request: POST https://dashscope.aliyuncs.com/compatible-mode/v1/chat/completions "HTTP/1.1 200 OK"
00:16:19 HTTP Request: POST https://dashscope.aliyuncs.com/compatible-mode/v1/chat/completions "HTTP/1.1 200 OK"
00:16:21 HTTP Request: POST https://dashscope.aliyuncs.com/compatible-mode/v1/chat/completions "HTTP/1.1 200 OK"
00:16:22 HTTP Request: POST https://dashscope.aliyuncs.com/compatible-mode/v1/chat/completions "HTTP/1.1 200 OK"
00:16:22 HTTP Request: POST https://dashscope.aliyuncs.com/compatible-mode/v1/chat/completions "HTTP/1.1 200 OK"
00:16:22 HTTP Request: POST https://dashscope.aliyuncs.com/compatible-mode/v1/chat/completions "HTTP/1.1 200 OK"
00:16:23 HTTP Request: POST https://dashscope.aliyuncs.com/compatible-mode/v1/chat/completions "HTTP/1.1 200 OK"
00:16:24 HTTP Request: POST https://dashscope.aliyuncs.com/compatible-mode/v1/chat/completions "HTTP/1.1 200 OK"
00:16:24 HTTP Request: POST https://dashscope.aliyuncs.com/compatible-mode/v1/chat/completions "HTTP/1.1 200 OK"
00:16:29 HTTP Request: POST https://dashscope.aliyuncs.com/compatible-mode/v1/chat/completions "HTTP/1.1 200 OK"
00:16:37 HTTP Request: POST https://dashscope.aliyuncs.com/compatible-mode/v1/chat/completions "HTTP/1.1 200 OK"
00:16:37 [R1] PID 1698 → 完成 max_std=12.5 (319s)
00:16:37 [R2] PID 1698 → 开始交叉评审
00:16:40 HTTP Request: POST https://dashscope.aliyuncs.com/compatible-mode/v1/chat/completions "HTTP/1.1 200 OK"
00:16:41 HTTP Request: POST https://dashscope.aliyuncs.com/compatible-mode/v1/chat/completions "HTTP/1.1 200 OK"
00:16:46 HTTP Request: POST https://dashscope.aliyuncs.com/compatible-mode/v1/chat/completions "HTTP/1.1 200 OK"
00:16:46 HTTP Request: POST https://dashscope.aliyuncs.com/compatible-mode/v1/chat/completions "HTTP/1.1 200 OK"
00:16:47 HTTP Request: POST https://dashscope.aliyuncs.com/compatible-mode/v1/chat/completions "HTTP/1.1 200 OK"
00:16:47 HTTP Request: POST https://dashscope.aliyuncs.com/compatible-mode/v1/chat/completions "HTTP/1.1 200 OK"
00:16:52 HTTP Request: POST https://dashscope.aliyuncs.com/compatible-mode/v1/chat/completions "HTTP/1.1 200 OK"
00:16:55 HTTP Request: POST https://dashscope.aliyuncs.com/compatible-mode/v1/chat/completions "HTTP/1.1 200 OK"
00:16:55 HTTP Request: POST https://dashscope.aliyuncs.com/compatible-mode/v1/chat/completions "HTTP/1.1 200 OK"
00:17:01 HTTP Request: POST https://dashscope.aliyuncs.com/compatible-mode/v1/chat/completions "HTTP/1.1 200 OK"
00:17:08 HTTP Request: POST https://dashscope.aliyuncs.com/compatible-mode/v1/chat/completions "HTTP/1.1 200 OK"
00:17:08 HTTP Request: POST https://dashscope.aliyuncs.com/compatible-mode/v1/chat/completions "HTTP/1.1 200 OK"
00:17:11 HTTP Request: POST https://dashscope.aliyuncs.com/compatible-mode/v1/chat/completions "HTTP/1.1 200 OK"
00:17:12 HTTP Request: POST https://dashscope.aliyuncs.com/compatible-mode/v1/chat/completions "HTTP/1.1 200 OK"
00:17:19 HTTP Request: POST https://dashscope.aliyuncs.com/compatible-mode/v1/chat/completions "HTTP/1.1 200 OK"
00:17:20 HTTP Request: POST https://dashscope.aliyuncs.com/compatible-mode/v1/chat/completions "HTTP/1.1 200 OK"
00:17:22 HTTP Request: POST https://dashscope.aliyuncs.com/compatible-mode/v1/chat/completions "HTTP/1.1 200 OK"
00:17:23 HTTP Request: POST https://dashscope.aliyuncs.com/compatible-mode/v1/chat/completions "HTTP/1.1 200 OK"
00:17:32 HTTP Request: POST https://dashscope.aliyuncs.com/compatible-mode/v1/chat/completions "HTTP/1.1 200 OK"
00:17:37 HTTP Request: POST https://dashscope.aliyuncs.com/compatible-mode/v1/chat/completions "HTTP/1.1 200 OK"
00:17:38 HTTP Request: POST https://dashscope.aliyuncs.com/compatible-mode/v1/chat/completions "HTTP/1.1 200 OK"
00:17:40 HTTP Request: POST https://dashscope.aliyuncs.com/compatible-mode/v1/chat/completions "HTTP/1.1 200 OK"
00:17:41 HTTP Request: POST https://dashscope.aliyuncs.com/compatible-mode/v1/chat/completions "HTTP/1.1 200 OK"
00:17:43 HTTP Request: POST https://dashscope.aliyuncs.com/compatible-mode/v1/chat/completions "HTTP/1.1 200 OK"
00:17:43 HTTP Request: POST https://dashscope.aliyuncs.com/compatible-mode/v1/chat/completions "HTTP/1.1 200 OK"
00:17:44 HTTP Request: POST https://dashscope.aliyuncs.com/compatible-mode/v1/chat/completions "HTTP/1.1 200 OK"
00:17:46 HTTP Request: POST https://dashscope.aliyuncs.com/compatible-mode/v1/chat/completions "HTTP/1.1 200 OK"
00:17:51 HTTP Request: POST https://dashscope.aliyuncs.com/compatible-mode/v1/chat/completions "HTTP/1.1 200 OK"
00:17:56 HTTP Request: POST https://dashscope.aliyuncs.com/compatible-mode/v1/chat/completions "HTTP/1.1 200 OK"
00:17:56 HTTP Request: POST https://dashscope.aliyuncs.com/compatible-mode/v1/chat/completions "HTTP/1.1 200 OK"
00:17:58 HTTP Request: POST https://dashscope.aliyuncs.com/compatible-mode/v1/chat/completions "HTTP/1.1 200 OK"
00:17:58 HTTP Request: POST https://dashscope.aliyuncs.com/compatible-mode/v1/chat/completions "HTTP/1.1 200 OK"
00:17:58 HTTP Request: POST https://dashscope.aliyuncs.com/compatible-mode/v1/chat/completions "HTTP/1.1 200 OK"
00:17:59 HTTP Request: POST https://dashscope.aliyuncs.com/compatible-mode/v1/chat/completions "HTTP/1.1 200 OK"
00:18:02 HTTP Request: POST https://dashscope.aliyuncs.com/compatible-mode/v1/chat/completions "HTTP/1.1 200 OK"
00:18:09 HTTP Request: POST https://dashscope.aliyuncs.com/compatible-mode/v1/chat/completions "HTTP/1.1 200 OK"
00:18:12 HTTP Request: POST https://dashscope.aliyuncs.com/compatible-mode/v1/chat/completions "HTTP/1.1 200 OK"
00:18:17 HTTP Request: POST https://dashscope.aliyuncs.com/compatible-mode/v1/chat/completions "HTTP/1.1 200 OK"
00:18:18 HTTP Request: POST https://dashscope.aliyuncs.com/compatible-mode/v1/chat/completions "HTTP/1.1 200 OK"
00:18:22 HTTP Request: POST https://dashscope.aliyuncs.com/compatible-mode/v1/chat/completions "HTTP/1.1 200 OK"
00:18:26 HTTP Request: POST https://dashscope.aliyuncs.com/compatible-mode/v1/chat/completions "HTTP/1.1 200 OK"
00:18:27 HTTP Request: POST https://dashscope.aliyuncs.com/compatible-mode/v1/chat/completions "HTTP/1.1 200 OK"
00:18:33 HTTP Request: POST https://dashscope.aliyuncs.com/compatible-mode/v1/chat/completions "HTTP/1.1 200 OK"
00:18:46 HTTP Request: POST https://dashscope.aliyuncs.com/compatible-mode/v1/chat/completions "HTTP/1.1 200 OK"
00:18:57 HTTP Request: POST https://dashscope.aliyuncs.com/compatible-mode/v1/chat/completions "HTTP/1.1 200 OK"
00:18:57 [R1] PID 1407 → 完成 max_std=34.7 (272s)
00:18:57 [R2] PID 1407 → 开始交叉评审
00:18:57 HTTP Request: POST https://dashscope.aliyuncs.com/compatible-mode/v1/chat/completions "HTTP/1.1 200 OK"
00:19:01 HTTP Request: POST https://dashscope.aliyuncs.com/compatible-mode/v1/chat/completions "HTTP/1.1 200 OK"
00:19:01 [R1] PID 1644 → 完成 max_std=19.8 (260s)
00:19:01 [R2] PID 1644 → 开始交叉评审
00:19:12 HTTP Request: POST https://dashscope.aliyuncs.com/compatible-mode/v1/chat/completions "HTTP/1.1 200 OK"
00:19:13 HTTP Request: POST https://dashscope.aliyuncs.com/compatible-mode/v1/chat/completions "HTTP/1.1 200 OK"
00:19:25 HTTP Request: POST https://dashscope.aliyuncs.com/compatible-mode/v1/chat/completions "HTTP/1.1 200 OK"
00:19:39 HTTP Request: POST https://dashscope.aliyuncs.com/compatible-mode/v1/chat/completions "HTTP/1.1 200 OK"
00:19:43 HTTP Request: POST https://dashscope.aliyuncs.com/compatible-mode/v1/chat/completions "HTTP/1.1 200 OK"
00:19:47 HTTP Request: POST https://dashscope.aliyuncs.com/compatible-mode/v1/chat/completions "HTTP/1.1 200 OK"
00:19:51 HTTP Request: POST https://dashscope.aliyuncs.com/compatible-mode/v1/chat/completions "HTTP/1.1 200 OK"
00:20:19 HTTP Request: POST https://dashscope.aliyuncs.com/compatible-mode/v1/chat/completions "HTTP/1.1 200 OK"
00:20:50 HTTP Request: POST https://dashscope.aliyuncs.com/compatible-mode/v1/chat/completions "HTTP/1.1 200 OK"
00:21:07 HTTP Request: POST https://dashscope.aliyuncs.com/compatible-mode/v1/chat/completions "HTTP/1.1 200 OK"
00:21:11 HTTP Request: POST https://dashscope.aliyuncs.com/compatible-mode/v1/chat/completions "HTTP/1.1 200 OK"
00:21:21 HTTP Request: POST https://dashscope.aliyuncs.com/compatible-mode/v1/chat/completions "HTTP/1.1 200 OK"
00:21:29 HTTP Request: POST https://dashscope.aliyuncs.com/compatible-mode/v1/chat/completions "HTTP/1.1 200 OK"
00:21:33 HTTP Request: POST https://dashscope.aliyuncs.com/compatible-mode/v1/chat/completions "HTTP/1.1 200 OK"
00:21:38 HTTP Request: POST https://dashscope.aliyuncs.com/compatible-mode/v1/chat/completions "HTTP/1.1 200 OK"
00:21:43 HTTP Request: POST https://dashscope.aliyuncs.com/compatible-mode/v1/chat/completions "HTTP/1.1 200 OK"
00:21:50 HTTP Request: POST https://dashscope.aliyuncs.com/compatible-mode/v1/chat/completions "HTTP/1.1 200 OK"
00:21:52 HTTP Request: POST https://dashscope.aliyuncs.com/compatible-mode/v1/chat/completions "HTTP/1.1 200 OK"
00:21:54 HTTP Request: POST https://dashscope.aliyuncs.com/compatible-mode/v1/chat/completions "HTTP/1.1 200 OK"
00:21:58 HTTP Request: POST https://dashscope.aliyuncs.com/compatible-mode/v1/chat/completions "HTTP/1.1 200 OK"
00:22:10 HTTP Request: POST https://dashscope.aliyuncs.com/compatible-mode/v1/chat/completions "HTTP/1.1 200 OK"
00:22:13 HTTP Request: POST https://dashscope.aliyuncs.com/compatible-mode/v1/chat/completions "HTTP/1.1 200 OK"
00:22:15 HTTP Request: POST https://dashscope.aliyuncs.com/compatible-mode/v1/chat/completions "HTTP/1.1 200 OK"
00:22:16 HTTP Request: POST https://dashscope.aliyuncs.com/compatible-mode/v1/chat/completions "HTTP/1.1 200 OK"
00:22:51 HTTP Request: POST https://dashscope.aliyuncs.com/compatible-mode/v1/chat/completions "HTTP/1.1 200 OK"
00:23:04 HTTP Request: POST https://dashscope.aliyuncs.com/compatible-mode/v1/chat/completions "HTTP/1.1 200 OK"
00:23:09 HTTP Request: POST https://dashscope.aliyuncs.com/compatible-mode/v1/chat/completions "HTTP/1.1 200 OK"
00:23:27 HTTP Request: POST https://dashscope.aliyuncs.com/compatible-mode/v1/chat/completions "HTTP/1.1 200 OK"
00:23:55 HTTP Request: POST https://dashscope.aliyuncs.com/compatible-mode/v1/chat/completions "HTTP/1.1 200 OK"
00:24:15 HTTP Request: POST https://dashscope.aliyuncs.com/compatible-mode/v1/chat/completions "HTTP/1.1 200 OK"
00:24:28 HTTP Request: POST https://dashscope.aliyuncs.com/compatible-mode/v1/chat/completions "HTTP/1.1 200 OK"
00:24:33 HTTP Request: POST https://dashscope.aliyuncs.com/compatible-mode/v1/chat/completions "HTTP/1.1 200 OK"
00:24:40 HTTP Request: POST https://dashscope.aliyuncs.com/compatible-mode/v1/chat/completions "HTTP/1.1 200 OK"
00:24:53 HTTP Request: POST https://dashscope.aliyuncs.com/compatible-mode/v1/chat/completions "HTTP/1.1 200 OK"
00:24:57 HTTP Request: POST https://dashscope.aliyuncs.com/compatible-mode/v1/chat/completions "HTTP/1.1 200 OK"
00:25:04 HTTP Request: POST https://dashscope.aliyuncs.com/compatible-mode/v1/chat/completions "HTTP/1.1 200 OK"
00:25:06 HTTP Request: POST https://dashscope.aliyuncs.com/compatible-mode/v1/chat/completions "HTTP/1.1 200 OK"
00:25:16 HTTP Request: POST https://dashscope.aliyuncs.com/compatible-mode/v1/chat/completions "HTTP/1.1 200 OK"
00:25:18 HTTP Request: POST https://dashscope.aliyuncs.com/compatible-mode/v1/chat/completions "HTTP/1.1 200 OK"
00:25:21 HTTP Request: POST https://dashscope.aliyuncs.com/compatible-mode/v1/chat/completions "HTTP/1.1 200 OK"
00:25:22 HTTP Request: POST https://dashscope.aliyuncs.com/compatible-mode/v1/chat/completions "HTTP/1.1 200 OK"
00:25:27 HTTP Request: POST https://dashscope.aliyuncs.com/compatible-mode/v1/chat/completions "HTTP/1.1 200 OK"
00:25:41 HTTP Request: POST https://dashscope.aliyuncs.com/compatible-mode/v1/chat/completions "HTTP/1.1 200 OK"
00:25:47 HTTP Request: POST https://dashscope.aliyuncs.com/compatible-mode/v1/chat/completions "HTTP/1.1 200 OK"
00:26:26 HTTP Request: POST https://dashscope.aliyuncs.com/compatible-mode/v1/chat/completions "HTTP/1.1 200 OK"
00:26:30 HTTP Request: POST https://dashscope.aliyuncs.com/compatible-mode/v1/chat/completions "HTTP/1.1 200 OK"
00:26:38 HTTP Request: POST https://dashscope.aliyuncs.com/compatible-mode/v1/chat/completions "HTTP/1.1 200 OK"
00:26:57 HTTP Request: POST https://dashscope.aliyuncs.com/compatible-mode/v1/chat/completions "HTTP/1.1 200 OK"
00:26:59 HTTP Request: POST https://dashscope.aliyuncs.com/compatible-mode/v1/chat/completions "HTTP/1.1 200 OK"
00:27:19 HTTP Request: POST https://dashscope.aliyuncs.com/compatible-mode/v1/chat/completions "HTTP/1.1 200 OK"
00:27:41 HTTP Request: POST https://dashscope.aliyuncs.com/compatible-mode/v1/chat/completions "HTTP/1.1 200 OK"
00:27:49 HTTP Request: POST https://dashscope.aliyuncs.com/compatible-mode/v1/chat/completions "HTTP/1.1 200 OK"
00:27:56 HTTP Request: POST https://dashscope.aliyuncs.com/compatible-mode/v1/chat/completions "HTTP/1.1 200 OK"
00:28:06 HTTP Request: POST https://dashscope.aliyuncs.com/compatible-mode/v1/chat/completions "HTTP/1.1 200 OK"
00:28:13 HTTP Request: POST https://dashscope.aliyuncs.com/compatible-mode/v1/chat/completions "HTTP/1.1 200 OK"
00:28:20 HTTP Request: POST https://dashscope.aliyuncs.com/compatible-mode/v1/chat/completions "HTTP/1.1 200 OK"
00:28:28 HTTP Request: POST https://dashscope.aliyuncs.com/compatible-mode/v1/chat/completions "HTTP/1.1 200 OK"
00:28:29 HTTP Request: POST https://dashscope.aliyuncs.com/compatible-mode/v1/chat/completions "HTTP/1.1 200 OK"
00:28:34 HTTP Request: POST https://dashscope.aliyuncs.com/compatible-mode/v1/chat/completions "HTTP/1.1 200 OK"
00:28:42 HTTP Request: POST https://dashscope.aliyuncs.com/compatible-mode/v1/chat/completions "HTTP/1.1 200 OK"
00:28:46 HTTP Request: POST https://dashscope.aliyuncs.com/compatible-mode/v1/chat/completions "HTTP/1.1 200 OK"
00:28:47 HTTP Request: POST https://dashscope.aliyuncs.com/compatible-mode/v1/chat/completions "HTTP/1.1 200 OK"
00:28:58 HTTP Request: POST https://dashscope.aliyuncs.com/compatible-mode/v1/chat/completions "HTTP/1.1 200 OK"
00:29:16 HTTP Request: POST https://dashscope.aliyuncs.com/compatible-mode/v1/chat/completions "HTTP/1.1 200 OK"
00:29:40 HTTP Request: POST https://dashscope.aliyuncs.com/compatible-mode/v1/chat/completions "HTTP/1.1 200 OK"
00:29:44 HTTP Request: POST https://dashscope.aliyuncs.com/compatible-mode/v1/chat/completions "HTTP/1.1 200 OK"
00:29:54 HTTP Request: POST https://dashscope.aliyuncs.com/compatible-mode/v1/chat/completions "HTTP/1.1 200 OK"
00:30:00 HTTP Request: POST https://dashscope.aliyuncs.com/compatible-mode/v1/chat/completions "HTTP/1.1 200 OK"
00:30:15 HTTP Request: POST https://dashscope.aliyuncs.com/compatible-mode/v1/chat/completions "HTTP/1.1 200 OK"
00:30:29 HTTP Request: POST https://dashscope.aliyuncs.com/compatible-mode/v1/chat/completions "HTTP/1.1 200 OK"
00:30:51 HTTP Request: POST https://dashscope.aliyuncs.com/compatible-mode/v1/chat/completions "HTTP/1.1 200 OK"
00:31:06 HTTP Request: POST https://dashscope.aliyuncs.com/compatible-mode/v1/chat/completions "HTTP/1.1 200 OK"
00:31:17 HTTP Request: POST https://dashscope.aliyuncs.com/compatible-mode/v1/chat/completions "HTTP/1.1 200 OK"
00:31:20 HTTP Request: POST https://dashscope.aliyuncs.com/compatible-mode/v1/chat/completions "HTTP/1.1 200 OK"
00:31:31 HTTP Request: POST https://dashscope.aliyuncs.com/compatible-mode/v1/chat/completions "HTTP/1.1 200 OK"
00:31:35 HTTP Request: POST https://dashscope.aliyuncs.com/compatible-mode/v1/chat/completions "HTTP/1.1 200 OK"
00:31:36 HTTP Request: POST https://dashscope.aliyuncs.com/compatible-mode/v1/chat/completions "HTTP/1.1 200 OK"
00:31:54 HTTP Request: POST https://dashscope.aliyuncs.com/compatible-mode/v1/chat/completions "HTTP/1.1 200 OK"
00:31:54 HTTP Request: POST https://dashscope.aliyuncs.com/compatible-mode/v1/chat/completions "HTTP/1.1 200 OK"
00:31:54 HTTP Request: POST https://dashscope.aliyuncs.com/compatible-mode/v1/chat/completions "HTTP/1.1 200 OK"
00:31:57 HTTP Request: POST https://dashscope.aliyuncs.com/compatible-mode/v1/chat/completions "HTTP/1.1 200 OK"
00:32:12 HTTP Request: POST https://dashscope.aliyuncs.com/compatible-mode/v1/chat/completions "HTTP/1.1 200 OK"
00:32:32 HTTP Request: POST https://dashscope.aliyuncs.com/compatible-mode/v1/chat/completions "HTTP/1.1 200 OK"
00:32:43 HTTP Request: POST https://dashscope.aliyuncs.com/compatible-mode/v1/chat/completions "HTTP/1.1 200 OK"
00:32:47 HTTP Request: POST https://dashscope.aliyuncs.com/compatible-mode/v1/chat/completions "HTTP/1.1 200 OK"
00:32:59 HTTP Request: POST https://dashscope.aliyuncs.com/compatible-mode/v1/chat/completions "HTTP/1.1 200 OK"
00:33:04 HTTP Request: POST https://dashscope.aliyuncs.com/compatible-mode/v1/chat/completions "HTTP/1.1 200 OK"
00:33:07 HTTP Request: POST https://dashscope.aliyuncs.com/compatible-mode/v1/chat/completions "HTTP/1.1 200 OK"
00:33:27 HTTP Request: POST https://dashscope.aliyuncs.com/compatible-mode/v1/chat/completions "HTTP/1.1 200 OK"
00:33:31 HTTP Request: POST https://dashscope.aliyuncs.com/compatible-mode/v1/chat/completions "HTTP/1.1 200 OK"
00:33:48 HTTP Request: POST https://dashscope.aliyuncs.com/compatible-mode/v1/chat/completions "HTTP/1.1 200 OK"
00:33:48 [R2] PID 1782 → R1_std=13.0 R2_std=5.65 converged=5/6 (1112s)
00:33:48 [R1] PID 1804 → 开始
00:34:02 HTTP Request: POST https://dashscope.aliyuncs.com/compatible-mode/v1/chat/completions "HTTP/1.1 200 OK"
00:34:07 HTTP Request: POST https://dashscope.aliyuncs.com/compatible-mode/v1/chat/completions "HTTP/1.1 200 OK"
00:34:08 HTTP Request: POST https://dashscope.aliyuncs.com/compatible-mode/v1/chat/completions "HTTP/1.1 200 OK"
00:34:21 HTTP Request: POST https://dashscope.aliyuncs.com/compatible-mode/v1/chat/completions "HTTP/1.1 200 OK"
00:34:27 HTTP Request: POST https://dashscope.aliyuncs.com/compatible-mode/v1/chat/completions "HTTP/1.1 200 OK"
00:34:39 HTTP Request: POST https://dashscope.aliyuncs.com/compatible-mode/v1/chat/completions "HTTP/1.1 200 OK"
00:34:39 HTTP Request: POST https://dashscope.aliyuncs.com/compatible-mode/v1/chat/completions "HTTP/1.1 200 OK"
00:34:39 [R2] PID 1698 → R1_std=8.0 R2_std=3.57 converged=6/6 (1083s)
00:34:39 [R1] PID 1568 → 开始
00:34:41 HTTP Request: POST https://dashscope.aliyuncs.com/compatible-mode/v1/chat/completions "HTTP/1.1 200 OK"
00:34:44 HTTP Request: POST https://dashscope.aliyuncs.com/compatible-mode/v1/chat/completions "HTTP/1.1 200 OK"
00:34:57 HTTP Request: POST https://dashscope.aliyuncs.com/compatible-mode/v1/chat/completions "HTTP/1.1 200 OK"
00:35:01 HTTP Request: POST https://dashscope.aliyuncs.com/compatible-mode/v1/chat/completions "HTTP/1.1 200 OK"
00:35:06 HTTP Request: POST https://dashscope.aliyuncs.com/compatible-mode/v1/chat/completions "HTTP/1.1 200 OK"
00:35:11 HTTP Request: POST https://dashscope.aliyuncs.com/compatible-mode/v1/chat/completions "HTTP/1.1 200 OK"
00:35:12 HTTP Request: POST https://dashscope.aliyuncs.com/compatible-mode/v1/chat/completions "HTTP/1.1 200 OK"
00:35:19 HTTP Request: POST https://dashscope.aliyuncs.com/compatible-mode/v1/chat/completions "HTTP/1.1 200 OK"
00:35:20 HTTP Request: POST https://dashscope.aliyuncs.com/compatible-mode/v1/chat/completions "HTTP/1.1 200 OK"
00:35:27 HTTP Request: POST https://dashscope.aliyuncs.com/compatible-mode/v1/chat/completions "HTTP/1.1 200 OK"
00:35:27 [R2] PID 756 → R1_std=10.67 R2_std=5.47 converged=5/6 (1188s)
00:35:27 [R1] PID 1113 → 开始
00:35:32 HTTP Request: POST https://dashscope.aliyuncs.com/compatible-mode/v1/chat/completions "HTTP/1.1 200 OK"
00:35:32 HTTP Request: POST https://dashscope.aliyuncs.com/compatible-mode/v1/chat/completions "HTTP/1.1 200 OK"
00:35:34 HTTP Request: POST https://dashscope.aliyuncs.com/compatible-mode/v1/chat/completions "HTTP/1.1 200 OK"
00:35:37 HTTP Request: POST https://dashscope.aliyuncs.com/compatible-mode/v1/chat/completions "HTTP/1.1 200 OK"
00:35:38 HTTP Request: POST https://dashscope.aliyuncs.com/compatible-mode/v1/chat/completions "HTTP/1.1 200 OK"
00:35:39 HTTP Request: POST https://dashscope.aliyuncs.com/compatible-mode/v1/chat/completions "HTTP/1.1 200 OK"
00:35:46 HTTP Request: POST https://dashscope.aliyuncs.com/compatible-mode/v1/chat/completions "HTTP/1.1 200 OK"
00:35:49 HTTP Request: POST https://dashscope.aliyuncs.com/compatible-mode/v1/chat/completions "HTTP/1.1 200 OK"
00:35:50 HTTP Request: POST https://dashscope.aliyuncs.com/compatible-mode/v1/chat/completions "HTTP/1.1 200 OK"
00:35:56 HTTP Request: POST https://dashscope.aliyuncs.com/compatible-mode/v1/chat/completions "HTTP/1.1 200 OK"
00:36:04 HTTP Request: POST https://dashscope.aliyuncs.com/compatible-mode/v1/chat/completions "HTTP/1.1 200 OK"
00:36:05 HTTP Request: POST https://dashscope.aliyuncs.com/compatible-mode/v1/chat/completions "HTTP/1.1 200 OK"
00:36:08 HTTP Request: POST https://dashscope.aliyuncs.com/compatible-mode/v1/chat/completions "HTTP/1.1 200 OK"
00:36:14 HTTP Request: POST https://dashscope.aliyuncs.com/compatible-mode/v1/chat/completions "HTTP/1.1 200 OK"
00:36:21 HTTP Request: POST https://dashscope.aliyuncs.com/compatible-mode/v1/chat/completions "HTTP/1.1 200 OK"
00:36:25 HTTP Request: POST https://dashscope.aliyuncs.com/compatible-mode/v1/chat/completions "HTTP/1.1 200 OK"
00:36:26 HTTP Request: POST https://dashscope.aliyuncs.com/compatible-mode/v1/chat/completions "HTTP/1.1 200 OK"
00:36:28 HTTP Request: POST https://dashscope.aliyuncs.com/compatible-mode/v1/chat/completions "HTTP/1.1 200 OK"
00:36:28 HTTP Request: POST https://dashscope.aliyuncs.com/compatible-mode/v1/chat/completions "HTTP/1.1 200 OK"
00:36:32 HTTP Request: POST https://dashscope.aliyuncs.com/compatible-mode/v1/chat/completions "HTTP/1.1 200 OK"
00:36:36 HTTP Request: POST https://dashscope.aliyuncs.com/compatible-mode/v1/chat/completions "HTTP/1.1 200 OK"
00:36:41 HTTP Request: POST https://dashscope.aliyuncs.com/compatible-mode/v1/chat/completions "HTTP/1.1 200 OK"
00:36:46 HTTP Request: POST https://dashscope.aliyuncs.com/compatible-mode/v1/chat/completions "HTTP/1.1 200 OK"
00:36:47 HTTP Request: POST https://dashscope.aliyuncs.com/compatible-mode/v1/chat/completions "HTTP/1.1 200 OK"
00:36:48 HTTP Request: POST https://dashscope.aliyuncs.com/compatible-mode/v1/chat/completions "HTTP/1.1 200 OK"
00:36:48 HTTP Request: POST https://dashscope.aliyuncs.com/compatible-mode/v1/chat/completions "HTTP/1.1 200 OK"
00:36:48 HTTP Request: POST https://dashscope.aliyuncs.com/compatible-mode/v1/chat/completions "HTTP/1.1 200 OK"
00:36:51 HTTP Request: POST https://dashscope.aliyuncs.com/compatible-mode/v1/chat/completions "HTTP/1.1 200 OK"
00:36:55 HTTP Request: POST https://dashscope.aliyuncs.com/compatible-mode/v1/chat/completions "HTTP/1.1 200 OK"
00:36:59 HTTP Request: POST https://dashscope.aliyuncs.com/compatible-mode/v1/chat/completions "HTTP/1.1 200 OK"
00:37:01 HTTP Request: POST https://dashscope.aliyuncs.com/compatible-mode/v1/chat/completions "HTTP/1.1 200 OK"
00:37:02 HTTP Request: POST https://dashscope.aliyuncs.com/compatible-mode/v1/chat/completions "HTTP/1.1 200 OK"
00:37:03 HTTP Request: POST https://dashscope.aliyuncs.com/compatible-mode/v1/chat/completions "HTTP/1.1 200 OK"
00:37:04 HTTP Request: POST https://dashscope.aliyuncs.com/compatible-mode/v1/chat/completions "HTTP/1.1 200 OK"
00:37:19 HTTP Request: POST https://dashscope.aliyuncs.com/compatible-mode/v1/chat/completions "HTTP/1.1 200 OK"
00:37:22 HTTP Request: POST https://dashscope.aliyuncs.com/compatible-mode/v1/chat/completions "HTTP/1.1 200 OK"
00:37:22 HTTP Request: POST https://dashscope.aliyuncs.com/compatible-mode/v1/chat/completions "HTTP/1.1 200 OK"
00:37:24 HTTP Request: POST https://dashscope.aliyuncs.com/compatible-mode/v1/chat/completions "HTTP/1.1 200 OK"
00:37:29 HTTP Request: POST https://dashscope.aliyuncs.com/compatible-mode/v1/chat/completions "HTTP/1.1 200 OK"
00:37:32 HTTP Request: POST https://dashscope.aliyuncs.com/compatible-mode/v1/chat/completions "HTTP/1.1 200 OK"
00:37:36 HTTP Request: POST https://dashscope.aliyuncs.com/compatible-mode/v1/chat/completions "HTTP/1.1 200 OK"
00:37:36 HTTP Request: POST https://dashscope.aliyuncs.com/compatible-mode/v1/chat/completions "HTTP/1.1 200 OK"
00:37:36 HTTP Request: POST https://dashscope.aliyuncs.com/compatible-mode/v1/chat/completions "HTTP/1.1 200 OK"
00:37:36 HTTP Request: POST https://dashscope.aliyuncs.com/compatible-mode/v1/chat/completions "HTTP/1.1 200 OK"
00:37:38 HTTP Request: POST https://dashscope.aliyuncs.com/compatible-mode/v1/chat/completions "HTTP/1.1 200 OK"
00:37:40 HTTP Request: POST https://dashscope.aliyuncs.com/compatible-mode/v1/chat/completions "HTTP/1.1 200 OK"
00:37:43 HTTP Request: POST https://dashscope.aliyuncs.com/compatible-mode/v1/chat/completions "HTTP/1.1 200 OK"
00:37:44 HTTP Request: POST https://dashscope.aliyuncs.com/compatible-mode/v1/chat/completions "HTTP/1.1 200 OK"
00:37:44 HTTP Request: POST https://dashscope.aliyuncs.com/compatible-mode/v1/chat/completions "HTTP/1.1 200 OK"
00:37:45 HTTP Request: POST https://dashscope.aliyuncs.com/compatible-mode/v1/chat/completions "HTTP/1.1 200 OK"
00:37:45 HTTP Request: POST https://dashscope.aliyuncs.com/compatible-mode/v1/chat/completions "HTTP/1.1 200 OK"
00:37:47 HTTP Request: POST https://dashscope.aliyuncs.com/compatible-mode/v1/chat/completions "HTTP/1.1 200 OK"
00:37:53 HTTP Request: POST https://dashscope.aliyuncs.com/compatible-mode/v1/chat/completions "HTTP/1.1 200 OK"
00:37:58 HTTP Request: POST https://dashscope.aliyuncs.com/compatible-mode/v1/chat/completions "HTTP/1.1 200 OK"
00:37:59 HTTP Request: POST https://dashscope.aliyuncs.com/compatible-mode/v1/chat/completions "HTTP/1.1 200 OK"
00:38:01 HTTP Request: POST https://dashscope.aliyuncs.com/compatible-mode/v1/chat/completions "HTTP/1.1 200 OK"
00:38:03 HTTP Request: POST https://dashscope.aliyuncs.com/compatible-mode/v1/chat/completions "HTTP/1.1 200 OK"
00:38:04 HTTP Request: POST https://dashscope.aliyuncs.com/compatible-mode/v1/chat/completions "HTTP/1.1 200 OK"
00:38:07 HTTP Request: POST https://dashscope.aliyuncs.com/compatible-mode/v1/chat/completions "HTTP/1.1 200 OK"
00:38:08 HTTP Request: POST https://dashscope.aliyuncs.com/compatible-mode/v1/chat/completions "HTTP/1.1 200 OK"
00:38:09 HTTP Request: POST https://dashscope.aliyuncs.com/compatible-mode/v1/chat/completions "HTTP/1.1 200 OK"
00:38:14 HTTP Request: POST https://dashscope.aliyuncs.com/compatible-mode/v1/chat/completions "HTTP/1.1 200 OK"
00:38:15 HTTP Request: POST https://dashscope.aliyuncs.com/compatible-mode/v1/chat/completions "HTTP/1.1 200 OK"
00:38:16 HTTP Request: POST https://dashscope.aliyuncs.com/compatible-mode/v1/chat/completions "HTTP/1.1 200 OK"
00:38:16 [R2] PID 1644 → R1_std=11.13 R2_std=5.5 converged=5/6 (1154s)
00:38:20 HTTP Request: POST https://dashscope.aliyuncs.com/compatible-mode/v1/chat/completions "HTTP/1.1 200 OK"
00:38:20 HTTP Request: POST https://dashscope.aliyuncs.com/compatible-mode/v1/chat/completions "HTTP/1.1 200 OK"
00:38:20 [R1] PID 1804 → 完成 max_std=30.9 (272s)
00:38:20 [R2] PID 1804 → 开始交叉评审
00:38:21 HTTP Request: POST https://dashscope.aliyuncs.com/compatible-mode/v1/chat/completions "HTTP/1.1 200 OK"
00:38:21 HTTP Request: POST https://dashscope.aliyuncs.com/compatible-mode/v1/chat/completions "HTTP/1.1 200 OK"
00:38:34 HTTP Request: POST https://dashscope.aliyuncs.com/compatible-mode/v1/chat/completions "HTTP/1.1 200 OK"
00:38:36 HTTP Request: POST https://dashscope.aliyuncs.com/compatible-mode/v1/chat/completions "HTTP/1.1 200 OK"
00:38:37 HTTP Request: POST https://dashscope.aliyuncs.com/compatible-mode/v1/chat/completions "HTTP/1.1 200 OK"
00:38:41 HTTP Request: POST https://dashscope.aliyuncs.com/compatible-mode/v1/chat/completions "HTTP/1.1 200 OK"
00:38:41 [R2] PID 1407 → R1_std=17.73 R2_std=5.53 converged=5/6 (1184s)
00:38:44 HTTP Request: POST https://dashscope.aliyuncs.com/compatible-mode/v1/chat/completions "HTTP/1.1 200 OK"
00:38:45 HTTP Request: POST https://dashscope.aliyuncs.com/compatible-mode/v1/chat/completions "HTTP/1.1 200 OK"
00:38:48 HTTP Request: POST https://dashscope.aliyuncs.com/compatible-mode/v1/chat/completions "HTTP/1.1 200 OK"
00:38:50 HTTP Request: POST https://dashscope.aliyuncs.com/compatible-mode/v1/chat/completions "HTTP/1.1 200 OK"
00:38:52 HTTP Request: POST https://dashscope.aliyuncs.com/compatible-mode/v1/chat/completions "HTTP/1.1 200 OK"
00:38:56 HTTP Request: POST https://dashscope.aliyuncs.com/compatible-mode/v1/chat/completions "HTTP/1.1 200 OK"
00:39:04 HTTP Request: POST https://dashscope.aliyuncs.com/compatible-mode/v1/chat/completions "HTTP/1.1 200 OK"
00:39:06 HTTP Request: POST https://dashscope.aliyuncs.com/compatible-mode/v1/chat/completions "HTTP/1.1 200 OK"
00:39:08 HTTP Request: POST https://dashscope.aliyuncs.com/compatible-mode/v1/chat/completions "HTTP/1.1 200 OK"
00:39:09 HTTP Request: POST https://dashscope.aliyuncs.com/compatible-mode/v1/chat/completions "HTTP/1.1 200 OK"
00:39:10 HTTP Request: POST https://dashscope.aliyuncs.com/compatible-mode/v1/chat/completions "HTTP/1.1 200 OK"
00:39:12 HTTP Request: POST https://dashscope.aliyuncs.com/compatible-mode/v1/chat/completions "HTTP/1.1 200 OK"
00:39:19 HTTP Request: POST https://dashscope.aliyuncs.com/compatible-mode/v1/chat/completions "HTTP/1.1 200 OK"
00:39:48 HTTP Request: POST https://dashscope.aliyuncs.com/compatible-mode/v1/chat/completions "HTTP/1.1 200 OK"
00:39:50 HTTP Request: POST https://dashscope.aliyuncs.com/compatible-mode/v1/chat/completions "HTTP/1.1 200 OK"

  学术共识度 (conclusion_consensus): glm-5.1=92, qwen3.6-plus=85, deepseek-v4-pro=97, kimi-k2.6=72 | mean=86.5 | strictest=72 (kimi-k2.6) | std=10.8 | 置信度=low
  前瞻延展性 (forward_extension): glm-5.1=85, qwen3.6-plus=85, deepseek-v4-pro=72, kimi-k2.6=72 | mean=78.5 | strictest=72 (deepseek-v4-pro) | std=7.5 | 置信度=medium
  研究创新性 (problem_originality): glm-5.1=90, qwen3.6-plus=75, deepseek-v4-pro=95, kimi-k2.6=75 | mean=83.8 | strictest=75 (qwen3.6-plus) | std=10.3 | 置信度=low
  现状洞察度 (literature_insight): glm-5.1=92, qwen3.6-plus=82, deepseek-v4-pro=90, kimi-k2.6=72 | mean=84 | strictest=72 (kimi-k2.6) | std=9.1 | 置信度=low
  理论建构力 (analytical_framework): glm-5.1=88, qwen3.6-plus=85, deepseek-v4-pro=85, kimi-k2.6=72 | mean=82.5 | strictest=72 (kimi-k2.6) | std=7.1 | 置信度=medium
  逻辑连贯性 (logical_coherence): glm-5.1=85, qwen3.6-plus=85, deepseek-v4-pro=85, kimi-k2.6=72 | mean=81.8 | strictest=72 (kimi-k2.6) | std=6.5 | 置信度=medium
  学术共识度 (conclusion_consensus): glm-5.1=88, qwen3.6-plus=82, deepseek-v4-pro=68, kimi-k2.6=72 | mean=77.5 | strictest=68 (deepseek-v4-pro) | std=9.1 | 置信度=low
  前瞻延展性 (forward_extension): glm-5.1=85, qwen3.6-plus=85, deepseek-v4-pro=75, kimi-k2.6=72 | mean=79.2 | strictest=72 (kimi-k2.6) | std=6.8 | 置信度=medium
运行前置检查...
运行前置检查...
运行前置检查...
评估 6 个维度（最多 4 个并发）...
评估 6 个维度（最多 4 个并发）...
评估 6 个维度（最多 4 个并发）...
运行前置检查...
运行前置检查...
  研究创新性 (problem_originality): glm-5.1=75, qwen3.6-plus=85, deepseek-v4-pro=95, kimi-k2.6=55 | mean=77.5 | strictest=55 (kimi-k2.6) | std=17.1 | 置信度=critical
  现状洞察度 (literature_insight): glm-5.1=90, qwen3.6-plus=78, deepseek-v4-pro=95, kimi-k2.6=72 | mean=83.8 | strictest=72 (kimi-k2.6) | std=10.6 | 置信度=low
  理论建构力 (analytical_framework): glm-5.1=90, qwen3.6-plus=85, deepseek-v4-pro=95, kimi-k2.6=72 | mean=85.5 | strictest=72 (kimi-k2.6) | std=9.9 | 置信度=low
  逻辑连贯性 (logical_coherence): glm-5.1=90, qwen3.6-plus=88, deepseek-v4-pro=87, kimi-k2.6=72 | mean=84.2 | strictest=72 (kimi-k2.6) | std=8.3 | 置信度=low
  学术共识度 (conclusion_consensus): glm-5.1=90, qwen3.6-plus=85, deepseek-v4-pro=90, kimi-k2.6=72 | mean=84.2 | strictest=72 (kimi-k2.6) | std=8.5 | 置信度=low
  前瞻延展性 (forward_extension): glm-5.1=85, qwen3.6-plus=72, deepseek-v4-pro=30, kimi-k2.6=58 | mean=61.2 | strictest=30 (deepseek-v4-pro) | std=23.6 | 置信度=critical
  研究创新性 (problem_originality): glm-5.1=70, qwen3.6-plus=75, deepseek-v4-pro=88, kimi-k2.6=55 | mean=72 | strictest=55 (kimi-k2.6) | std=13.6 | 置信度=critical
  现状洞察度 (literature_insight): glm-5.1=90, qwen3.6-plus=72, deepseek-v4-pro=90, kimi-k2.6=72 | mean=81 | strictest=72 (qwen3.6-plus) | std=10.4 | 置信度=low
  理论建构力 (analytical_framework): glm-5.1=90, qwen3.6-plus=85, deepseek-v4-pro=95, kimi-k2.6=72 | mean=85.5 | strictest=72 (kimi-k2.6) | std=9.9 | 置信度=low
  逻辑连贯性 (logical_coherence): glm-5.1=88, qwen3.6-plus=85, deepseek-v4-pro=92, kimi-k2.6=72 | mean=84.2 | strictest=72 (kimi-k2.6) | std=8.7 | 置信度=low
  学术共识度 (conclusion_consensus): glm-5.1=88, qwen3.6-plus=85, deepseek-v4-pro=82, kimi-k2.6=72 | mean=81.8 | strictest=72 (kimi-k2.6) | std=6.9 | 置信度=medium
  前瞻延展性 (forward_extension): glm-5.1=85, qwen3.6-plus=72, deepseek-v4-pro=50, kimi-k2.6=72 | mean=69.8 | strictest=50 (deepseek-v4-pro) | std=14.5 | 置信度=critical
评估 6 个维度（最多 4 个并发）...
评估 6 个维度（最多 4 个并发）...
  研究创新性 (problem_originality): glm-5.1=88, qwen3.6-plus=82, deepseek-v4-pro=95, kimi-k2.6=78 | mean=85.8 | strictest=78 (kimi-k2.6) | std=7.4 | 置信度=medium
  现状洞察度 (literature_insight): glm-5.1=90, qwen3.6-plus=82, deepseek-v4-pro=80, kimi-k2.6=72 | mean=81 | strictest=72 (kimi-k2.6) | std=7.4 | 置信度=medium
  理论建构力 (analytical_framework): glm-5.1=92, qwen3.6-plus=85, deepseek-v4-pro=85, kimi-k2.6=72 | mean=83.5 | strictest=72 (kimi-k2.6) | std=8.3 | 置信度=low
  逻辑连贯性 (logical_coherence): glm-5.1=90, qwen3.6-plus=85, deepseek-v4-pro=95, kimi-k2.6=78 | mean=87 | strictest=78 (kimi-k2.6) | std=7.3 | 置信度=medium
  学术共识度 (conclusion_consensus): glm-5.1=92, qwen3.6-plus=85, deepseek-v4-pro=92, kimi-k2.6=82 | mean=87.8 | strictest=82 (kimi-k2.6) | std=5.1 | 置信度=medium
  前瞻延展性 (forward_extension): glm-5.1=85, qwen3.6-plus=85, deepseek-v4-pro=65, kimi-k2.6=62 | mean=74.2 | strictest=62 (kimi-k2.6) | std=12.5 | 置信度=critical
  研究创新性 (problem_originality): glm-5.1=90, qwen3.6-plus=75, deepseek-v4-pro=30, kimi-k2.6=65 | mean=65 | strictest=30 (deepseek-v4-pro) | std=25.5 | 置信度=critical
  现状洞察度 (literature_insight): glm-5.1=90, qwen3.6-plus=72, deepseek-v4-pro=94, kimi-k2.6=72 | mean=82 | strictest=72 (qwen3.6-plus) | std=11.7 | 置信度=low
  理论建构力 (analytical_framework): glm-5.1=92, qwen3.6-plus=75, deepseek-v4-pro=93, kimi-k2.6=55 | mean=78.8 | strictest=55 (kimi-k2.6) | std=17.9 | 置信度=critical
  逻辑连贯性 (logical_coherence): glm-5.1=90, qwen3.6-plus=85, deepseek-v4-pro=92, kimi-k2.6=72 | mean=84.8 | strictest=72 (kimi-k2.6) | std=9.0 | 置信度=low
  学术共识度 (conclusion_consensus): glm-5.1=92, qwen3.6-plus=85, deepseek-v4-pro=95, kimi-k2.6=78 | mean=87.5 | strictest=78 (kimi-k2.6) | std=7.6 | 置信度=medium
  前瞻延展性 (forward_extension): glm-5.1=82, qwen3.6-plus=85, deepseek-v4-pro=10, kimi-k2.6=55 | mean=58 | strictest=10 (deepseek-v4-pro) | std=34.7 | 置信度=critical
  研究创新性 (problem_originality): glm-5.1=90, qwen3.6-plus=85, deepseek-v4-pro=68, kimi-k2.6=72 | mean=78.8 | strictest=68 (deepseek-v4-pro) | std=10.4 | 置信度=low
  现状洞察度 (literature_insight): glm-5.1=90, qwen3.6-plus=82, deepseek-v4-pro=95, kimi-k2.6=72 | mean=84.8 | strictest=72 (kimi-k2.6) | std=10.0 | 置信度=low
  理论建构力 (analytical_framework): glm-5.1=95, qwen3.6-plus=85, deepseek-v4-pro=55, kimi-k2.6=58 | mean=73.2 | strictest=55 (deepseek-v4-pro) | std=19.8 | 置信度=critical
  逻辑连贯性 (logical_coherence): glm-5.1=90, qwen3.6-plus=85, deepseek-v4-pro=92, kimi-k2.6=72 | mean=84.8 | strictest=72 (kimi-k2.6) | std=9.0 | 置信度=low
  学术共识度 (conclusion_consensus): glm-5.1=90, qwen3.6-plus=85, deepseek-v4-pro=95, kimi-k2.6=72 | mean=85.5 | strictest=72 (kimi-k2.6) | std=9.9 | 置信度=low
  前瞻延展性 (forward_extension): glm-5.1=85, qwen3.6-plus=85, deepseek-v4-pro=90, kimi-k2.6=72 | mean=83 | strictest=72 (kimi-k2.6) | std=7.7 | 置信度=medium
运行前置检查...
运行前置检查...
评估 6 个维度（最多 4 个并发）...
运行前置检查...
评估 6 个维度（最多 4 个并发）...
评估 6 个维度（最多 4 个并发）...
  研究创新性 (problem_originality): glm-5.1=92, qwen3.6-plus=75, deepseek-v4-pro=20, kimi-k2.6=55 | mean=60.5 | strictest=20 (deepseek-v4-pro) | std=30.9 | 置信度=critical
  现状洞察度 (literature_insight): glm-5.1=90, qwen3.6-plus=78, deepseek-v4-pro=78, kimi-k2.6=72 | mean=79.5 | strictest=72 (kimi-k2.6) | std=7.5 | 置信度=medium
  理论建构力 (analytical_framework): glm-5.1=88, qwen3.6-plus=72, deepseek-v4-pro=85, kimi-k2.6=45 | mean=72.5 | strictest=45 (kimi-k2.6) | std=19.6 | 置信度=critical
  逻辑连贯性 (logical_coherence): glm-5.1=95, qwen3.6-plus=88, deepseek-v4-pro=92, kimi-k2.6=72 | mean=86.8 | strictest=72 (kimi-k2.6) | std=10.2 | 置信度=low
  学术共识度 (conclusion_consensus): glm-5.1=90, qwen3.6-plus=82, deepseek-v4-pro=92, kimi-k2.6=78 | mean=85.5 | strictest=78 (kimi-k2.6) | std=6.6 | 置信度=medium
  前瞻延展性 (forward_extension): glm-5.1=85, qwen3.6-plus=75, deepseek-v4-pro=75, kimi-k2.6=72 | mean=76.8 | strictest=72 (kimi-k2.6) | std=5.7 | 置信度=medium
  研究创新性 (problem_originality): glm-5.1=70, qwen3.6-plus=85, deepseek-v4-pro=75, kimi-k2.6=72 | mean=75.5 | strictest=70 (glm-5.1) | std=6.7 | 置信度=medium00:39:50 [R1] PID 1568 → 完成 max_std=28.8 (311s)
00:39:50 [R2] PID 1568 → 开始交叉评审
00:40:21 HTTP Request: POST https://dashscope.aliyuncs.com/compatible-mode/v1/chat/completions "HTTP/1.1 200 OK"
00:40:21 [R1] PID 1113 → 完成 max_std=26.6 (295s)
00:40:21 [R2] PID 1113 → 开始交叉评审
00:40:42 HTTP Request: POST https://dashscope.aliyuncs.com/compatible-mode/v1/chat/completions "HTTP/1.1 200 OK"
00:40:54 HTTP Request: POST https://dashscope.aliyuncs.com/compatible-mode/v1/chat/completions "HTTP/1.1 200 OK"
00:41:01 HTTP Request: POST https://dashscope.aliyuncs.com/compatible-mode/v1/chat/completions "HTTP/1.1 200 OK"
00:41:15 HTTP Request: POST https://dashscope.aliyuncs.com/compatible-mode/v1/chat/completions "HTTP/1.1 200 OK"
00:41:20 HTTP Request: POST https://dashscope.aliyuncs.com/compatible-mode/v1/chat/completions "HTTP/1.1 200 OK"
00:42:31 HTTP Request: POST https://dashscope.aliyuncs.com/compatible-mode/v1/chat/completions "HTTP/1.1 200 OK"
00:42:45 HTTP Request: POST https://dashscope.aliyuncs.com/compatible-mode/v1/chat/completions "HTTP/1.1 200 OK"
00:43:12 HTTP Request: POST https://dashscope.aliyuncs.com/compatible-mode/v1/chat/completions "HTTP/1.1 200 OK"
00:43:28 HTTP Request: POST https://dashscope.aliyuncs.com/compatible-mode/v1/chat/completions "HTTP/1.1 200 OK"
00:43:29 HTTP Request: POST https://dashscope.aliyuncs.com/compatible-mode/v1/chat/completions "HTTP/1.1 200 OK"
00:43:43 HTTP Request: POST https://dashscope.aliyuncs.com/compatible-mode/v1/chat/completions "HTTP/1.1 200 OK"
00:43:58 HTTP Request: POST https://dashscope.aliyuncs.com/compatible-mode/v1/chat/completions "HTTP/1.1 200 OK"
00:44:11 HTTP Request: POST https://dashscope.aliyuncs.com/compatible-mode/v1/chat/completions "HTTP/1.1 200 OK"
00:44:17 HTTP Request: POST https://dashscope.aliyuncs.com/compatible-mode/v1/chat/completions "HTTP/1.1 200 OK"
00:44:48 HTTP Request: POST https://dashscope.aliyuncs.com/compatible-mode/v1/chat/completions "HTTP/1.1 200 OK"
00:45:04 HTTP Request: POST https://dashscope.aliyuncs.com/compatible-mode/v1/chat/completions "HTTP/1.1 200 OK"
00:45:10 HTTP Request: POST https://dashscope.aliyuncs.com/compatible-mode/v1/chat/completions "HTTP/1.1 200 OK"
00:45:54 HTTP Request: POST https://dashscope.aliyuncs.com/compatible-mode/v1/chat/completions "HTTP/1.1 200 OK"
00:45:57 HTTP Request: POST https://dashscope.aliyuncs.com/compatible-mode/v1/chat/completions "HTTP/1.1 200 OK"
00:46:15 HTTP Request: POST https://dashscope.aliyuncs.com/compatible-mode/v1/chat/completions "HTTP/1.1 200 OK"
00:46:35 HTTP Request: POST https://dashscope.aliyuncs.com/compatible-mode/v1/chat/completions "HTTP/1.1 200 OK"
00:46:55 HTTP Request: POST https://dashscope.aliyuncs.com/compatible-mode/v1/chat/completions "HTTP/1.1 200 OK"
00:47:24 HTTP Request: POST https://dashscope.aliyuncs.com/compatible-mode/v1/chat/completions "HTTP/1.1 200 OK"
00:47:25 HTTP Request: POST https://dashscope.aliyuncs.com/compatible-mode/v1/chat/completions "HTTP/1.1 200 OK"
00:47:35 HTTP Request: POST https://dashscope.aliyuncs.com/compatible-mode/v1/chat/completions "HTTP/1.1 200 OK"
00:47:41 HTTP Request: POST https://dashscope.aliyuncs.com/compatible-mode/v1/chat/completions "HTTP/1.1 200 OK"
00:48:09 HTTP Request: POST https://dashscope.aliyuncs.com/compatible-mode/v1/chat/completions "HTTP/1.1 200 OK"
00:48:27 HTTP Request: POST https://dashscope.aliyuncs.com/compatible-mode/v1/chat/completions "HTTP/1.1 200 OK"
00:48:28 HTTP Request: POST https://dashscope.aliyuncs.com/compatible-mode/v1/chat/completions "HTTP/1.1 200 OK"
00:48:46 HTTP Request: POST https://dashscope.aliyuncs.com/compatible-mode/v1/chat/completions "HTTP/1.1 200 OK"
00:49:12 HTTP Request: POST https://dashscope.aliyuncs.com/compatible-mode/v1/chat/completions "HTTP/1.1 200 OK"
00:49:30 HTTP Request: POST https://dashscope.aliyuncs.com/compatible-mode/v1/chat/completions "HTTP/1.1 200 OK"
00:49:38 HTTP Request: POST https://dashscope.aliyuncs.com/compatible-mode/v1/chat/completions "HTTP/1.1 200 OK"
00:49:58 HTTP Request: POST https://dashscope.aliyuncs.com/compatible-mode/v1/chat/completions "HTTP/1.1 200 OK"
00:50:31 HTTP Request: POST https://dashscope.aliyuncs.com/compatible-mode/v1/chat/completions "HTTP/1.1 200 OK"
00:50:39 HTTP Request: POST https://dashscope.aliyuncs.com/compatible-mode/v1/chat/completions "HTTP/1.1 200 OK"
00:50:51 HTTP Request: POST https://dashscope.aliyuncs.com/compatible-mode/v1/chat/completions "HTTP/1.1 200 OK"
00:51:13 HTTP Request: POST https://dashscope.aliyuncs.com/compatible-mode/v1/chat/completions "HTTP/1.1 200 OK"
00:51:37 HTTP Request: POST https://dashscope.aliyuncs.com/compatible-mode/v1/chat/completions "HTTP/1.1 200 OK"
00:51:45 HTTP Request: POST https://dashscope.aliyuncs.com/compatible-mode/v1/chat/completions "HTTP/1.1 200 OK"
00:51:56 HTTP Request: POST https://dashscope.aliyuncs.com/compatible-mode/v1/chat/completions "HTTP/1.1 200 OK"
00:52:09 HTTP Request: POST https://dashscope.aliyuncs.com/compatible-mode/v1/chat/completions "HTTP/1.1 200 OK"
00:52:24 HTTP Request: POST https://dashscope.aliyuncs.com/compatible-mode/v1/chat/completions "HTTP/1.1 200 OK"
00:52:46 HTTP Request: POST https://dashscope.aliyuncs.com/compatible-mode/v1/chat/completions "HTTP/1.1 200 OK"
00:52:48 HTTP Request: POST https://dashscope.aliyuncs.com/compatible-mode/v1/chat/completions "HTTP/1.1 200 OK"
00:53:45 HTTP Request: POST https://dashscope.aliyuncs.com/compatible-mode/v1/chat/completions "HTTP/1.1 200 OK"
00:53:53 HTTP Request: POST https://dashscope.aliyuncs.com/compatible-mode/v1/chat/completions "HTTP/1.1 200 OK"
00:54:03 HTTP Request: POST https://dashscope.aliyuncs.com/compatible-mode/v1/chat/completions "HTTP/1.1 200 OK"
00:54:21 HTTP Request: POST https://dashscope.aliyuncs.com/compatible-mode/v1/chat/completions "HTTP/1.1 200 OK"
00:54:27 HTTP Request: POST https://dashscope.aliyuncs.com/compatible-mode/v1/chat/completions "HTTP/1.1 200 OK"
00:54:47 HTTP Request: POST https://dashscope.aliyuncs.com/compatible-mode/v1/chat/completions "HTTP/1.1 200 OK"
00:55:03 HTTP Request: POST https://dashscope.aliyuncs.com/compatible-mode/v1/chat/completions "HTTP/1.1 200 OK"
00:55:03 HTTP Request: POST https://dashscope.aliyuncs.com/compatible-mode/v1/chat/completions "HTTP/1.1 200 OK"
00:55:41 HTTP Request: POST https://dashscope.aliyuncs.com/compatible-mode/v1/chat/completions "HTTP/1.1 200 OK"
00:55:46 HTTP Request: POST https://dashscope.aliyuncs.com/compatible-mode/v1/chat/completions "HTTP/1.1 200 OK"
00:56:25 HTTP Request: POST https://dashscope.aliyuncs.com/compatible-mode/v1/chat/completions "HTTP/1.1 200 OK"
00:56:41 HTTP Request: POST https://dashscope.aliyuncs.com/compatible-mode/v1/chat/completions "HTTP/1.1 200 OK"
00:56:50 HTTP Request: POST https://dashscope.aliyuncs.com/compatible-mode/v1/chat/completions "HTTP/1.1 200 OK"
00:57:13 HTTP Request: POST https://dashscope.aliyuncs.com/compatible-mode/v1/chat/completions "HTTP/1.1 200 OK"
00:57:21 HTTP Request: POST https://dashscope.aliyuncs.com/compatible-mode/v1/chat/completions "HTTP/1.1 200 OK"
00:57:33 HTTP Request: POST https://dashscope.aliyuncs.com/compatible-mode/v1/chat/completions "HTTP/1.1 200 OK"
00:57:36 HTTP Request: POST https://dashscope.aliyuncs.com/compatible-mode/v1/chat/completions "HTTP/1.1 200 OK"
00:57:44 HTTP Request: POST https://dashscope.aliyuncs.com/compatible-mode/v1/chat/completions "HTTP/1.1 200 OK"
00:58:06 HTTP Request: POST https://dashscope.aliyuncs.com/compatible-mode/v1/chat/completions "HTTP/1.1 200 OK"
00:58:06 [R2] PID 1804 → R1_std=13.42 R2_std=5.95 converged=4/6 (1186s)
00:58:20 HTTP Request: POST https://dashscope.aliyuncs.com/compatible-mode/v1/chat/completions "HTTP/1.1 200 OK"
00:59:01 HTTP Request: POST https://dashscope.aliyuncs.com/compatible-mode/v1/chat/completions "HTTP/1.1 200 OK"
00:59:19 HTTP Request: POST https://dashscope.aliyuncs.com/compatible-mode/v1/chat/completions "HTTP/1.1 200 OK"
00:59:39 HTTP Request: POST https://dashscope.aliyuncs.com/compatible-mode/v1/chat/completions "HTTP/1.1 200 OK"
00:59:41 HTTP Request: POST https://dashscope.aliyuncs.com/compatible-mode/v1/chat/completions "HTTP/1.1 200 OK"
00:59:41 [R2] PID 1568 → R1_std=12.78 R2_std=4.18 converged=6/6 (1191s)
00:59:59 HTTP Request: POST https://dashscope.aliyuncs.com/compatible-mode/v1/chat/completions "HTTP/1.1 200 OK"
01:00:14 HTTP Request: POST https://dashscope.aliyuncs.com/compatible-mode/v1/chat/completions "HTTP/1.1 200 OK"
01:00:14 [R2] PID 1113 → R1_std=16.5 R2_std=7.83 converged=3/6 (1193s)
01:00:14 
01:00:14 ============================================================
01:00:14 E2 补跑完成
01:00:14   成功: 32/32
01:00:14   失败: 0/32
01:00:14   耗时: 153.9 分钟
01:00:14   输出: results/e2-top102
01:00:14 ============================================================

  现状洞察度 (literature_insight): glm-5.1=90, qwen3.6-plus=82, deepseek-v4-pro=82, kimi-k2.6=72 | mean=81.5 | strictest=72 (kimi-k2.6) | std=7.4 | 置信度=medium
  理论建构力 (analytical_framework): glm-5.1=85, qwen3.6-plus=65, deepseek-v4-pro=40, kimi-k2.6=52 | mean=60.5 | strictest=40 (deepseek-v4-pro) | std=19.3 | 置信度=critical
  逻辑连贯性 (logical_coherence): glm-5.1=92, qwen3.6-plus=85, deepseek-v4-pro=92, kimi-k2.6=72 | mean=85.2 | strictest=72 (kimi-k2.6) | std=9.4 | 置信度=low
  学术共识度 (conclusion_consensus): glm-5.1=90, qwen3.6-plus=85, deepseek-v4-pro=82, kimi-k2.6=78 | mean=83.8 | strictest=78 (kimi-k2.6) | std=5.1 | 置信度=medium
  前瞻延展性 (forward_extension): glm-5.1=85, qwen3.6-plus=72, deepseek-v4-pro=20, kimi-k2.6=72 | mean=62.2 | strictest=20 (deepseek-v4-pro) | std=28.8 | 置信度=critical
  研究创新性 (problem_originality): glm-5.1=90, qwen3.6-plus=85, deepseek-v4-pro=65, kimi-k2.6=35 | mean=68.8 | strictest=35 (kimi-k2.6) | std=25.0 | 置信度=critical
  现状洞察度 (literature_insight): glm-5.1=90, qwen3.6-plus=82, deepseek-v4-pro=78, kimi-k2.6=72 | mean=80.5 | strictest=72 (kimi-k2.6) | std=7.5 | 置信度=medium
  理论建构力 (analytical_framework): glm-5.1=90, qwen3.6-plus=85, deepseek-v4-pro=45, kimi-k2.6=55 | mean=68.8 | strictest=45 (deepseek-v4-pro) | std=22.1 | 置信度=critical
  逻辑连贯性 (logical_coherence): glm-5.1=92, qwen3.6-plus=88, deepseek-v4-pro=90, kimi-k2.6=72 | mean=85.5 | strictest=72 (kimi-k2.6) | std=9.1 | 置信度=low
  学术共识度 (conclusion_consensus): glm-5.1=92, qwen3.6-plus=85, deepseek-v4-pro=88, kimi-k2.6=72 | mean=84.2 | strictest=72 (kimi-k2.6) | std=8.7 | 置信度=low
  前瞻延展性 (forward_extension): glm-5.1=70, qwen3.6-plus=85, deepseek-v4-pro=25, kimi-k2.6=45 | mean=56.2 | strictest=25 (deepseek-v4-pro) | std=26.6 | 置信度=critical
