paper_id,paper,研究创新性,研究创新性_std,现状洞察度,现状洞察度_std,理论建构力,理论建构力_std,逻辑连贯性,逻辑连贯性_std,学术共识度,学术共识度_std,前瞻延展性,前瞻延展性_std,ccb_score,round1_avg_std,round2_avg_std
1,raw/fullpaper/0001-中国法学-2025-2-AIGC版权判定的认知经济性分析-蒋舸-清华大学法学院.pdf,73.25,18.4,87.5,2.87,86.5,1.5,87.25,1.3,91.0,1.73,74.5,5.77,85.24,12.58,6.08
2,raw/fullpaper/0002-中国法学-2016-2-APEC成员合作反腐司法一体化机制构建-楼伯坤-浙江工商大学法学院.pdf,36.25,2.17,45.5,11.86,63.5,14.17,75.5,5.72,68.5,3.5,62.5,4.56,52.47,15.08,8.08
3,raw/fullpaper/0003-中国法学-2016-5-CISG在中国国际商事仲裁中的适用-韩世远-清华大学法学院.pdf,58.5,18.57,85.0,7.68,63.5,1.5,82.75,3.11,78.75,6.5,75.0,3.54,74.32,18.6,7.87
4,raw/fullpaper/0004-中国法学-2024-4-ESG对董事义务的改造_从商业判断到社会判断的进化-蒋大兴-北京大学法学院.pdf,62.5,8.26,68.5,3.5,47.5,8.56,80.75,5.54,76.25,4.38,64.5,4.27,65.56,11.37,6.63
5,raw/fullpaper/0005-中国法学-2017-6-一带一路_争端解决制度研究-王贵国-浙江大学.pdf,36.25,2.17,41.25,10.83,45.75,7.19,77.5,8.29,66.5,6.1,64.25,4.15,48.81,17.2,7.45
6,raw/fullpaper/0006-中国法学-2017-6-一带一路_多元争端解决中心构建的当下与未来-初北平-大连海事大学法学院.pdf,31.25,2.17,39.25,9.58,41.75,4.09,71.5,3.5,67.0,8.92,77.5,2.87,44.46,16.65,5.98
7,raw/fullpaper/0007-中国法学-2017-6-一带一路_建设与公司准据法的确定-邢钢-北京师范大学法学院.pdf,55.0,12.25,69.25,6.76,61.75,10.8,81.75,6.02,83.25,1.3,73.75,3.03,68.84,17.75,7.72
8,raw/fullpaper/0008-中国法学-2019-6-一带一路_背景下铁路提单与铁路运单的协同创新机制-杨临萍-重庆市高级人民法院.pdf,49.25,9.58,53.0,14.98,73.75,9.96,76.25,7.82,85.0,2.12,78.0,0.0,60.81,17.05,8.55
9,raw/fullpaper/0009-中国法学-2023-6-五湖四海_政法系统干部交流机制的发生与形态-刘忠-复旦大学法学院.pdf,76.0,7.97,65.5,8.26,50.5,7.3,80.75,2.95,78.0,3.74,76.25,7.4,73.15,14.38,7.22
10,raw/fullpaper/0010-中国法学-2018-5-人格物_的司法困境与理论突围-冷传莉-贵州大学法学院.pdf,62.5,13.16,87.0,5.39,63.5,11.06,86.0,4.69,79.25,3.27,78.25,2.49,76.97,15.63,7.72
11,raw/fullpaper/0011-中国法学-2016-6-以刑制罪_视阈下财产罪保护法益的再认识-徐光华-江西财经大学法学院.pdf,65.75,16.16,82.0,4.9,32.5,13.16,85.5,4.39,73.0,10.89,67.5,4.56,68.35,15.43,10.43
12,raw/fullpaper/0012-中国法学-2023-4-但书_出罪运行机制实证研究-夏伟-中国政法大学刑事司法学院.pdf,75.75,12.91,85.5,1.8,74.0,17.13,82.5,2.87,75.5,13.72,73.75,10.92,82.32,15.4,11.42
13,raw/fullpaper/0013-中国法学-2016-5-南海仲裁案_后续法律应对的关键问题研究-管建强-华东政法大学.pdf,36.75,22.17,43.75,7.4,28.5,8.53,64.5,5.77,52.0,4.95,58.25,5.63,43.47,21.12,10.47
14,raw/fullpaper/0014-中国法学-2016-5-南海仲裁案_最终裁决研判与我国的对策-邹立刚-海南大学.pdf,31.25,2.17,23.75,6.5,31.25,4.15,78.0,3.74,47.5,4.33,61.25,15.56,40.49,17.47,7.02
15,raw/fullpaper/0015-中国法学-2016-5-南海仲裁案_有关岛礁的裁决与法律和事实不符-吴慧-国际关系学院.pdf,63.25,8.61,21.25,12.93,46.25,14.31,80.75,2.95,68.0,9.7,46.25,7.4,54.49,23.07,10.73
16,raw/fullpaper/0016-中国法学-2016-5-南海仲裁案_裁决缘何非法无效-马新民-外交部条约法律司.pdf,33.0,2.12,15.0,12.75,38.75,10.83,79.5,6.1,33.75,20.73,20.0,11.18,40.72,23.4,12.23
17,raw/fullpaper/0017-中国法学-2016-1-印证_证明模式反思与重塑_基于中国刑事错案的反思-左卫民-四川大学法学院.pdf,70.0,8.66,54.25,31.77,69.5,7.3,83.75,3.03,82.5,2.18,73.5,4.56,72.44,19.6,11.07
18,raw/fullpaper/0018-中国法学-2017-1-合宪性解释_理论辨析及其可能前景-夏正林-华南理工大学法学院.pdf,63.75,16.86,67.5,7.63,40.0,10.7,84.0,4.24,78.5,3.91,71.75,7.19,65.21,14.92,9.73
19,raw/fullpaper/0019-中国法学-2016-3-土地属于集体所有_的规范属性-刘连泰-厦门大学法学院.pdf,86.25,4.38,62.0,19.09,75.0,10.82,84.75,4.32,85.25,4.09,80.0,1.41,83.21,19.43,8.48
20,raw/fullpaper/0020-中国法学-2018-4-契约＋非要式＋任意撤销权_赠与的理论模式与规范分析-李永军-中国政法大学.pdf,61.75,14.01,81.25,5.54,85.0,7.68,85.5,4.33,85.75,2.49,55.75,8.17,78.03,15.88,8.13
21,raw/fullpaper/0021-中国法学-2023-6-审执分离_本质与路径的再认识-张卫平-烟台大学.pdf,87.0,2.12,84.25,4.26,85.0,7.55,90.25,3.03,88.5,1.12,81.75,2.05,91.76,9.23,3.87
22,raw/fullpaper/0022-中国法学-2019-3-居住权_之定位与规则设计-鲁晓明-广东财经大学法学院.pdf,70.5,19.16,79.25,2.95,81.0,5.34,89.5,4.33,85.5,0.5,77.75,1.79,81.88,12.75,6.57
23,raw/fullpaper/0023-中国法学-2021-6-应税所得_的法律建构与所得税法现代化-施正文-中国政法大学民商经济法学院.pdf,57.25,21.7,73.0,1.73,79.25,4.87,85.75,5.12,87.5,3.28,76.25,3.03,74.54,17.72,7.65
24,raw/fullpaper/0024-中国法学-2020-3-开元六典_的继受传播及对中华法系的影响-胡兴东-云南大学法学院.pdf,32.5,2.5,35.5,2.87,32.5,2.5,61.5,4.09,40.25,6.94,44.25,8.61,40.03,8.2,5.28
25,raw/fullpaper/0025-中国法学-2023-3-技术—组织_互动论视角下的中国智慧司法-郑智航-山东大学法学院.pdf,54.25,4.92,79.5,1.66,59.25,10.92,77.0,1.73,70.25,16.65,46.0,9.38,68.43,15.07,8.7
26,raw/fullpaper/0026-中国法学-2024-5-数字枫桥_的法治原理、模式与机制-杨力-上海交通大学凯原法学院、智慧司法研究院.pdf,49.25,19.73,77.75,6.57,71.0,10.65,78.0,3.08,84.25,5.12,79.5,3.64,66.56,19.52,9.4
27,raw/fullpaper/0027-中国法学-2022-4-无效行政行为_制度的追溯与认定标准的完善-胡建淼-中央党校(国家行政学院)专家工作室.pdf,70.75,2.95,81.5,3.5,70.5,4.33,82.0,3.08,88.0,0.0,74.75,5.97,78.88,13.3,3.82
28,raw/fullpaper/0028-中国法学-2019-1-最高国家权力机关_的权力边界-黄明涛-武汉大学法学院.pdf,67.0,24.38,85.0,2.12,81.0,5.92,86.25,2.17,85.75,1.3,72.25,2.68,81.24,14.88,7.42
29,raw/fullpaper/0029-中国法学-2023-6-枫桥经验_与当代中国纠纷解决机制结构变迁-彭小龙-中国人民大学法学院.pdf,81.5,6.5,90.0,2.92,77.5,4.82,85.75,2.59,87.5,0.87,82.5,2.87,88.79,11.68,3.97
30,raw/fullpaper/0030-中国法学-2018-6-枫桥经验_视野下的基层社会治理制度供给研究-汪世荣-西北政法大学.pdf,36.25,5.45,42.5,16.01,44.25,1.3,65.5,4.77,65.0,4.95,66.5,2.06,46.01,14.43,6.65
31,raw/fullpaper/0031-中国法学-2022-4-法律脱嵌治理_中国式邻避纠纷的制度成因及治理-何艳玲-中国人民大学公共管理学院.pdf,63.5,17.95,84.75,1.79,79.75,4.49,85.75,2.86,85.25,0.43,73.25,2.38,79.6,12.8,5.77
32,raw/fullpaper/0032-中国法学-2016-1-法治中国_命题的理论逻辑及其展开-王旭-中国人民大学法学院.pdf,57.5,11.32,62.25,11.58,53.0,2.12,74.25,3.77,75.5,6.87,66.75,4.66,64.76,18.15,7.75
33,raw/fullpaper/0033-中国法学-2015-1-特区租管地_一种区域合作法律制度创新模式-董皞-广州大学.pdf,32.0,3.46,28.75,19.8,47.5,10.31,82.25,4.71,80.25,5.12,73.25,2.95,45.79,16.72,8.92
34,raw/fullpaper/0034-中国法学-2019-5-犯罪所得投资收益_追缴的影响因素与判断规则-庄绪龙-苏州大学王健法学院.pdf,75.75,1.48,72.5,8.41,73.25,6.46,83.0,2.92,86.5,1.5,67.0,1.22,79.25,10.85,4.23
35,raw/fullpaper/0035-中国法学-2020-1-社会主义公共财产_的宪法定位_合理利用_的规范内涵-李忠夏-山东大学法学院.pdf,72.5,11.76,69.25,10.92,65.5,13.88,63.75,26.54,83.0,2.92,76.5,5.17,71.44,25.8,13.7
36,raw/fullpaper/0036-中国法学-2018-1-绿色原则_在民法典中的贯彻论纲-吕忠梅-清华大学法学院.pdf,60.0,16.58,76.5,3.84,63.0,6.28,84.0,3.67,83.5,3.84,75.5,6.58,73.06,14.2,7.83
37,raw/fullpaper/0037-中国法学-2017-1-蛋壳脑袋_规则之反思与解构-孙鹏-西南政法大学民商法学院.pdf,78.25,13.48,86.5,1.66,83.25,6.61,85.75,1.3,84.25,1.48,73.25,3.7,85.84,13.02,5.43
38,raw/fullpaper/0038-中国法学-2017-5-裁执一体化_财产保全的逻辑与改革-刘君博-中央财经大学法学院.pdf,64.5,12.66,73.75,5.85,88.25,2.49,84.25,3.77,86.5,1.5,78.25,2.49,78.51,12.67,5.53
39,raw/fullpaper/0039-中国法学-2019-2-认_与_缴_二分视角下公司催缴出资制度研究-袁碧华-广州大学法学院.pdf,68.0,13.58,81.5,4.5,84.5,1.5,83.75,1.79,80.25,4.15,67.75,5.85,80.79,12.65,6.05
40,raw/fullpaper/0040-中国法学-2018-4-诉讼爆炸_的中国应对_基于W区法院近三十年审判实践的实证分析-左卫民-四川大学法学院.pdf,40.0,15.0,60.75,10.21,41.25,1.3,65.75,5.12,75.0,4.12,79.75,4.71,51.16,15.6,7.78
41,raw/fullpaper/0041-中国法学-2024-6-超期申请行政复议_的形成逻辑与体系化应对-范伟-中国政法大学法律硕士学院.pdf,74.75,6.98,75.5,2.6,88.0,3.46,88.25,2.49,80.5,5.32,79.5,1.66,83.44,11.57,4.33
42,raw/fullpaper/0042-中国法学-2019-6-长臂管辖权_的法理分析与对策研究-肖永平-武汉大学国际法研究所.pdf,44.75,19.28,66.75,3.03,61.5,5.22,78.25,4.92,81.25,2.59,65.0,2.12,60.76,16.35,7.15
43,raw/fullpaper/0043-中国法学-2016-3-预防性_反恐刑事立法思考-何荣功-武汉大学法学院.pdf,77.75,5.85,85.75,1.3,55.75,13.48,75.75,3.77,80.5,1.66,78.75,2.59,78.28,15.08,5.52
44,raw/fullpaper/0044-中国法学-2017-2-中华人民共和国民法总则_的制定-张鸣起-十二届全国人民代表大会法律委员会.pdf,30.0,0.0,35.75,11.37,35.0,3.54,46.25,12.44,42.5,4.33,30.0,8.66,36.06,12.02,7.77
45,raw/fullpaper/0045-中国法学-2024-4-刑事诉讼法_再修改之证据制度完善-张保生-中国政法大学证据科学教育部重点实验室、司法文明协同创新中心、重罪检察证据分析研究基地.pdf,56.75,22.23,57.5,11.54,54.0,17.76,84.0,1.22,86.0,1.22,80.75,2.95,67.85,19.88,10.95
46,raw/fullpaper/0046-中国法学-2019-1-大清律例_条标的运用与启示-王立民-华东政法大学.pdf,30.0,0.0,28.75,20.12,40.75,9.18,52.5,7.63,45.0,0.0,40.5,14.94,36.9,14.25,9.98
47,raw/fullpaper/0047-中国法学-2023-3-民法典_背景下劳动法与民法的关系-王全兴-上海财经大学法学院.pdf,75.5,2.29,72.0,4.95,81.0,5.34,86.0,5.24,87.5,2.87,83.0,2.12,83.12,13.97,4.38
48,raw/fullpaper/0048-中国法学-2022-4-民法典_视域下的一般人格权-温世扬-武汉大学法学院.pdf,65.0,17.45,83.25,2.38,74.75,3.27,89.0,1.73,88.0,1.22,78.25,4.09,79.66,13.72,5.8
49,raw/fullpaper/0049-中国法学-2019-3-民法总则_民商合一中国模式之检讨-李建伟-中国政法大学民商经济法学院.pdf,66.75,13.1,84.5,2.29,58.25,15.37,88.0,5.83,85.0,2.12,79.5,3.64,77.43,13.82,8.12
50,raw/fullpaper/0050-中国法学-2023-2-行政处罚法_主观过错条款适用展开-熊樟林-东南大学法学院.pdf,75.0,12.25,81.0,3.08,72.0,14.3,86.0,3.67,85.75,2.86,80.25,2.86,83.47,12.1,7.5
51,raw/fullpaper/0051-中国法学-2018-4-三权分置下农地流转权利体系重构研究-宋志红-中共中央党校(国家行政学院)法学部.pdf,82.0,4.64,89.0,1.0,85.25,4.55,86.75,3.03,84.0,2.0,71.25,4.66,88.34,10.87,3.85
52,raw/fullpaper/0052-中国法学-2016-1-上市公司私有化的监管逻辑与路径选择-李文莉-上海对外经贸大学法学院.pdf,56.25,18.95,77.5,3.57,58.5,11.61,80.5,2.6,79.5,1.66,71.0,1.0,70.35,15.8,7.58
53,raw/fullpaper/0053-中国法学-2022-1-上市公司虚假陈述行政处罚内部责任人认定逻辑之改进-邢会强-中央财经大学法学院.pdf,77.25,3.96,68.75,8.17,89.75,2.86,86.0,1.22,82.25,1.79,78.25,2.49,82.51,11.68,3.95
54,raw/fullpaper/0054-中国法学-2018-1-不动产被征收人参与权的价值定位与制度重构-渠滢-华东政法大学中国法治战略研究中心.pdf,68.5,9.86,72.5,2.87,81.75,5.63,81.0,2.24,82.5,5.55,65.0,6.28,77.72,14.75,6.25
55,raw/fullpaper/0055-中国法学-2024-6-不当联结禁止原则的重述与应用-金成波-中共中央党校(国家行政学院)政治和法律教研部.pdf,72.75,6.68,71.5,15.56,73.25,4.92,73.75,8.32,82.0,3.08,66.25,3.77,75.78,12.78,8.15
56,raw/fullpaper/0056-中国法学-2017-1-不正当竞争行为认定中的实用主义批判-焦海涛-安徽大学法学院.pdf,71.75,15.86,85.0,6.4,78.75,4.66,86.75,2.05,84.25,1.3,76.75,4.92,82.63,15.42,6.78
57,raw/fullpaper/0057-中国法学-2023-5-不确定鉴定意见的证据属性及功能-郭华-中央财经大学法学院.pdf,85.0,2.12,74.0,3.67,65.25,12.03,88.0,3.74,86.5,1.66,75.75,6.87,82.63,12.43,5.77
58,raw/fullpaper/0058-中国法学-2020-4-不阻止他人犯罪的刑事责任-黎宏-清华大学法学院.pdf,73.0,10.7,87.25,3.96,77.25,6.06,86.5,2.6,84.25,1.3,65.25,0.43,83.28,13.22,4.83
59,raw/fullpaper/0059-中国法学-2024-1-世界刑事诉讼的四次革命-冀祥德-中国社会科学院法学研究所.pdf,33.75,4.15,60.0,5.43,61.75,10.03,78.0,7.71,68.5,15.32,64.5,7.63,55.28,15.7,9.68
60,raw/fullpaper/0060-中国法学-2015-4-东京审判与追究侵略之罪责-朱文奇-中国人民大学法学院.pdf,46.5,6.1,43.75,8.93,26.25,10.23,66.75,3.7,72.5,2.87,43.75,13.4,47.04,20.02,8.7
61,raw/fullpaper/0061-中国法学-2021-1-个人信息国家保护义务及展开-王锡锌-教育部人文社会科学重点研究基地北京大学宪法与行政法研究中心.pdf,75.0,6.28,85.25,2.17,72.25,10.64,88.5,0.87,89.0,0.71,75.5,2.6,83.1,10.27,4.48
62,raw/fullpaper/0062-中国法学-2021-1-个人信息处理中的_同意_与_同意撤回-万方-北京外国语大学法学院.pdf,69.5,8.5,77.25,1.3,77.75,10.21,83.75,3.63,83.25,6.61,73.0,5.0,79.13,14.1,6.78
63,raw/fullpaper/0063-中国法学-2022-5-个人信息处理者过错推定责任研究-王道发-中央财经大学法学院.pdf,68.75,19.8,78.5,7.79,67.75,17.95,87.0,4.36,86.5,1.5,60.0,5.83,78.16,17.03,11.0
64,raw/fullpaper/0064-中国法学-2019-4-个人信息权作为民事权利之证成_以知识产权为参照-吕炳斌-南京大学法学院.pdf,70.0,15.64,76.5,3.84,75.75,9.31,80.75,2.59,85.0,0.0,52.25,13.16,77.07,14.85,8.58
65,raw/fullpaper/0065-中国法学-2020-1-个人所得税纳税义务的法律建构-叶姗-北京大学法学院.pdf,41.25,2.17,83.5,5.02,67.5,14.79,74.75,4.97,77.75,6.18,59.5,4.15,63.71,13.85,7.17
66,raw/fullpaper/0066-中国法学-2024-5-个人数据交易的私法制度构造研究-夏庆锋-安徽大学法学院.pdf,65.5,9.66,78.75,7.79,69.75,4.82,77.25,3.96,76.0,8.72,60.5,3.64,75.13,19.6,7.45
67,raw/fullpaper/0067-中国法学-2021-4-个人破产免责的理论基础与规范构建-徐阳光-中国人民大学法学院.pdf,61.25,15.22,83.5,1.5,55.75,12.42,86.5,1.5,86.75,1.3,69.25,2.95,74.46,16.67,6.7
68,raw/fullpaper/0068-中国法学-2024-2-中华法律文化之起源考-魏琼-华东政法大学.pdf,31.25,2.17,56.75,12.62,37.75,2.68,74.75,4.97,67.5,5.32,33.75,4.15,48.63,10.95,6.13
69,raw/fullpaper/0069-中国法学-2021-3-中国_宪法实施_的话语体系与演变脉络-苗连营-郑州大学法学院.pdf,35.0,6.12,80.75,3.27,50.0,2.0,73.0,5.43,78.0,4.95,68.75,2.59,57.35,14.97,4.7
70,raw/fullpaper/0070-中国法学-2017-2-中国与_一带一路_国家税收协定优惠安排与适用争议研究-崔晓静-武汉大学法学院国际法所.pdf,33.75,4.15,40.0,13.69,47.25,3.11,70.5,1.66,71.0,6.96,73.75,2.17,46.25,13.93,6.1
71,raw/fullpaper/0071-中国法学-2022-2-中国人权法学_三大体系_论纲-刘志强-广州大学人权研究院.pdf,33.75,4.15,83.75,4.92,45.75,1.3,74.25,3.77,72.25,7.15,69.0,6.4,57.16,10.32,5.33
72,raw/fullpaper/0072-中国法学-2022-5-中国传统司法中的察狱以情及其现代价值-蒋铁初-杭州师范大学沈钧儒法学院.pdf,79.0,7.97,62.25,32.1,65.0,13.77,84.25,3.96,83.25,1.3,70.5,3.64,76.82,20.77,12.08
73,raw/fullpaper/0073-中国法学-2022-5-中国传统司法如何处置_真伪不明-胡学军-华东政法大学法律学院.pdf,69.0,18.26,81.75,3.77,56.75,4.66,78.25,6.5,85.0,2.12,73.0,2.12,75.01,13.82,7.18
74,raw/fullpaper/0074-中国法学-2021-3-中国传统生态环境法文化及当代价值研究-柴荣-北京师范大学法学院.pdf,30.0,0.0,36.75,12.01,32.75,5.54,56.25,7.4,47.0,4.36,53.75,7.4,38.25,10.77,7.05
75,raw/fullpaper/0075-中国法学-2016-6-中国减刑程序公平性的实证研究-林喜芬-上海交通大学凯原法学院.pdf,62.5,18.99,60.5,7.4,82.0,6.04,80.5,2.6,79.25,2.59,74.75,3.27,72.71,17.68,7.87
76,raw/fullpaper/0076-中国法学-2025-2-中国刑法学自主知识体系的内涵阐释与建构路径-姚建龙-上海社会科学院法学研究所.pdf,31.25,2.17,82.25,6.02,48.25,4.6,78.0,3.74,80.75,5.17,71.25,2.17,57.25,12.55,4.58
77,raw/fullpaper/0077-中国法学-2017-5-中国刑法立法晚近20年之回眸与前瞻-赵秉志-北京师范大学刑事法律科学研究院暨法学院.pdf,30.0,3.54,40.75,15.3,33.75,2.17,75.25,4.09,84.25,7.08,74.25,7.5,43.84,14.95,7.65
78,raw/fullpaper/0078-中国法学-2016-1-中国参与国际气候治理的法律立场和策略_以气候正义为视角-曹明德-中国政法大学民商经济法学院.pdf,32.5,4.33,68.25,8.73,45.75,6.42,77.25,3.96,68.75,5.54,68.0,4.69,53.78,16.73,6.48
79,raw/fullpaper/0079-中国法学-2020-6-中国参与极地全球治理的法治构建-杨华-上海政法学院.pdf,33.75,4.15,53.75,12.44,34.0,12.79,66.5,5.17,63.25,6.61,64.0,5.34,46.21,19.68,8.97
80,raw/fullpaper/0080-中国法学-2016-4-中国反腐败立法的战略转型及其体系化构建-刘艳红-东南大学反腐败法治研究中心.pdf,50.25,12.17,76.75,9.93,70.0,5.48,79.0,1.73,80.0,3.81,74.0,5.34,69.74,15.18,7.42
81,raw/fullpaper/0081-中国法学-2015-3-中国在南海的历史性权利-贾宇-国家海洋局海洋发展战略研究所.pdf,35.0,2.12,49.5,19.58,63.0,17.01,77.5,7.12,87.0,5.39,43.5,8.2,53.35,17.98,11.42
82,raw/fullpaper/0082-中国法学-2015-1-中国基层法院财政制度实证研究-左卫民-四川大学法学院.pdf,43.25,4.92,52.5,8.29,40.5,1.66,85.0,5.2,84.25,3.77,81.25,1.92,54.76,13.12,4.95
83,raw/fullpaper/0083-中国法学-2015-1-中国基本法文化的特征及其当代变迁-陈晓枫-武汉大学法学院.pdf,31.25,2.17,75.0,2.12,39.5,11.1,84.0,3.67,80.75,3.27,54.5,17.98,55.41,17.17,7.75
84,raw/fullpaper/0084-中国法学-2015-4-中国大众平等观念评析-张永和-.pdf,31.25,5.45,37.0,2.12,35.0,0.0,67.0,12.12,53.25,11.14,50.75,12.99,41.68,19.48,8.43
85,raw/fullpaper/0085-中国法学-2019-2-中国宪法上_社会主义市场经济_的规范结构-韩大元-中国人民大学法学院.pdf,46.25,7.4,52.75,30.59,47.0,2.12,78.5,2.18,79.75,4.82,71.0,3.67,55.5,15.62,9.75
86,raw/fullpaper/0086-中国法学-2018-4-中国宪法的环境观及其规范表达-张震-西南政法大学.pdf,31.25,2.17,65.75,9.55,59.25,6.22,77.0,3.0,75.75,4.26,69.5,4.5,55.07,14.78,5.72
87,raw/fullpaper/0087-中国法学-2018-3-中国式影子银行的风险溯源与监管创新-郭雳-北京大学法学院.pdf,66.5,11.06,71.0,5.34,71.5,5.22,83.0,3.39,85.5,2.87,73.75,3.77,75.32,15.88,6.08
88,raw/fullpaper/0088-中国法学-2025-1-中国式现代化之党规回应-宋功德-中共中央办公厅法规局.pdf,30.0,0.0,25.0,3.54,40.0,0.0,65.0,11.6,50.75,14.1,63.75,17.46,38.82,15.73,9.0
89,raw/fullpaper/0089-中国法学-2025-1-中国式现代化背景下社会法体系的完善-林嘉-中国人民大学法学院.pdf,33.75,2.17,62.5,9.1,40.0,6.12,62.5,4.33,51.25,6.5,58.25,5.63,48.38,15.38,6.52
90,raw/fullpaper/0090-中国法学-2024-4-中国式现代化视域下民事诉权的反思与重塑-任重-清华大学法学院.pdf,69.75,5.76,82.75,5.07,82.5,6.1,88.5,2.29,68.25,15.2,73.0,5.39,75.0,15.2,7.67
91,raw/fullpaper/0091-中国法学-2020-3-中国律例统编的传统与现代民法体系中的指导性案例-张生-中国社会科学院法学研究所.pdf,46.75,17.8,71.25,13.1,63.25,4.92,80.75,2.95,85.75,1.3,81.0,2.35,63.43,16.32,8.15
92,raw/fullpaper/0092-中国法学-2022-4-中国最高审判体制的刑民分立——传统与现代化-聂鑫-清华大学法学院.pdf,35.0,6.12,55.5,32.26,43.75,2.17,77.25,1.92,81.5,3.5,76.75,1.3,51.31,14.22,9.1
93,raw/fullpaper/0093-中国法学-2022-2-中国比较宪法学的重新定位与方法论重构-刘晗-清华大学法学院.pdf,78.0,3.74,88.75,2.17,58.75,5.63,86.25,3.63,84.5,1.5,80.25,2.86,84.07,13.28,3.75
94,raw/fullpaper/0094-中国法学-2015-4-中国民法典编纂_观念、愿景与思路-薛军-北京大学法学院.pdf,63.5,16.5,72.0,20.36,75.0,6.28,82.75,5.07,85.75,1.3,71.0,3.67,75.06,19.02,10.25
95,raw/fullpaper/0095-中国法学-2018-5-中国民法学的效率意识-熊丙万-中国人民大学民商事法律科学研究中心.pdf,61.75,18.42,82.0,6.96,53.25,15.94,88.75,2.59,82.25,1.79,70.75,2.59,74.37,19.18,9.3
96,raw/fullpaper/0096-中国法学-2015-2-中国法史及法史学研究反思——兼论学术研究的规律-马小红-中国人民大学法学院.pdf,39.25,5.63,61.75,10.08,33.75,2.17,73.75,1.79,61.0,15.28,37.0,22.01,51.69,19.7,10.95
97,raw/fullpaper/0097-中国法学-2019-6-中国法域外适用法律体系_现状、问题与完善-廖诗评-北京师范大学法学院.pdf,37.5,4.33,52.5,16.39,50.75,13.1,77.25,1.92,84.5,2.96,77.75,1.79,52.72,15.93,7.78
98,raw/fullpaper/0098-中国法学-2018-5-中国法治主体性的文化向度-李拥军-吉林大学法学院.pdf,32.0,3.46,27.5,16.77,35.75,1.3,64.0,4.24,67.5,14.59,58.25,6.65,39.13,19.28,9.05
99,raw/fullpaper/0099-中国法学-2022-6-中国法院_案多人少_的实证评估与应对策略-程金华-上海交通大学凯原法学院.pdf,40.0,9.35,73.75,9.65,68.5,7.89,87.5,3.57,84.0,3.67,80.0,1.41,64.15,14.03,6.82
100,raw/fullpaper/0100-中国法学-2022-6-中国特色刑法域外适用规则的问题与完善-蒋娜-北京师范大学刑事法律科学研究院.pdf,36.25,6.5,68.0,5.87,46.25,18.16,84.0,7.97,75.75,1.3,75.25,3.27,56.72,17.95,8.3
101,raw/fullpaper/0101-中国法学-2024-3-中国特色反腐败制度框架下贿赂犯罪法益的确定-陈金林-武汉大学法学院.pdf,88.25,2.05,87.25,1.92,86.0,1.22,92.25,1.79,88.5,0.5,75.75,2.49,91.56,9.65,1.93
102,raw/fullpaper/0102-中国法学-2015-5-中国特色社会主义法治体系的理论基础、指导思想和基本构成-李龙-武汉大学法学院.pdf,30.0,0.0,12.5,7.5,30.75,2.59,40.0,3.54,30.75,9.18,32.5,2.5,28.37,17.73,4.88
103,raw/fullpaper/0103-中国法学-2015-5-中国特色社会主义法治道路的时代进程-公丕祥-南京师范大学法学院.pdf,30.0,0.0,7.5,7.5,36.25,6.5,40.0,7.91,41.25,4.15,35.75,8.9,28.16,9.49,6.73
104,raw/fullpaper/0104-中国法学-2023-5-中国环境司法的能动协同现象与形成发展逻辑-张忠民-中南财经政法大学法学院.pdf,37.5,10.9,69.5,7.3,49.25,5.63,81.75,2.49,71.5,9.6,60.5,12.97,57.51,12.67,9.42
105,raw/fullpaper/0105-中国法学-2022-5-中国知识产权制度现代化的实践与发展-吴汉东-中南财经政法大学知识产权研究中心.pdf,30.0,0.0,49.5,11.32,36.25,2.17,70.5,3.64,62.25,4.38,83.25,4.92,45.22,12.37,5.1
106,raw/fullpaper/0106-中国法学-2016-2-中国语境下的_宪法实施_一项概念史的考察-翟国强-中国社会科学院法学研究所.pdf,63.75,13.4,76.75,3.03,40.75,2.59,79.25,5.85,74.0,7.48,64.0,4.0,66.4,16.23,7.0
107,raw/fullpaper/0107-中国法学-2022-6-中国语境下的_检察权_概念考察-王海军-华东政法大学法律史研究中心.pdf,36.25,5.45,69.5,6.18,40.75,7.36,76.75,9.93,79.0,1.73,31.25,9.6,54.4,13.32,7.75
108,raw/fullpaper/0108-中国法学-2015-1-主任检察官制度研究-最高人民检察院2013年重点课题组-复旦大学法学院.pdf,30.0,0.0,43.75,7.4,65.75,5.12,72.75,1.92,61.75,8.01,73.0,4.12,49.6,16.65,5.12
109,raw/fullpaper/0109-中国法学-2023-6-主权原则在中国宪法中的展开-王理万-中国政法大学人权研究院.pdf,43.75,8.93,69.5,1.66,59.25,15.94,81.0,4.95,73.5,15.17,60.75,3.77,61.31,15.05,9.68
110,raw/fullpaper/0110-中国法学-2025-1-主渠道目标导向下行政复议与行政诉讼衔接关系研究-曹鎏-中国政法大学法治政府研究院.pdf,61.75,19.52,83.25,1.3,63.5,15.64,82.0,4.06,82.5,4.56,80.0,3.81,76.88,15.43,9.42
111,raw/fullpaper/0111-中国法学-2017-3-习近平互联网法治思想研究-周汉华-中国社会科学院法学研究所.pdf,30.0,0.0,12.5,9.01,38.75,8.2,55.0,12.75,20.0,8.66,42.0,9.19,33.31,19.5,9.2
112,raw/fullpaper/0112-中国法学-2017-5-习近平全球治理与国际法治思想研究-黄进-中国政法大学.pdf,24.0,6.0,18.75,12.44,31.25,6.5,43.25,9.44,35.0,0.0,23.75,6.5,28.57,13.83,7.87
113,raw/fullpaper/0113-中国法学-2019-6-习近平总书记全面依法治国新理念新思想新战略_发展脉络、核心要义和时代意义-付子堂-西南政法大学.pdf,30.0,0.0,0.0,0.0,42.5,2.5,35.0,13.69,35.5,4.27,25.0,0.0,26.32,14.07,3.93
114,raw/fullpaper/0114-中国法学-2017-4-习近平文物事业法治思想研究-张舜玺-中国社会科学院法学研究所.pdf,33.75,4.15,26.25,8.93,33.75,2.17,52.5,16.53,42.25,1.79,46.25,13.39,36.4,15.2,9.05
115,raw/fullpaper/0115-中国法学-2022-5-习近平法治思想中的构建新型诉讼格局理论-程琥-北京市第一中级人民法院.pdf,35.0,3.54,51.25,18.5,43.0,6.28,76.0,1.22,62.75,12.07,55.5,8.56,49.88,18.17,9.67
116,raw/fullpaper/0116-中国法学-2024-1-习近平法治思想中的社会公平正义理论研究-胡玉鸿-华东政法大学人权研究院、习近平法治思想研究中心.pdf,32.0,3.46,52.5,19.7,38.75,4.15,78.5,4.09,48.0,21.32,41.75,7.19,48.96,17.87,11.53
117,raw/fullpaper/0117-中国法学-2021-3-坚持抓住领导干部这个_关键少数-陈训秋-中国法学会.pdf,28.75,2.17,2.5,4.33,31.25,6.5,38.75,7.4,38.0,11.05,22.5,4.33,25.37,12.53,6.88
118,raw/fullpaper/0118-中国法学-2021-2-习近平法治思想是马克思主义法治理论中国化的新发展新飞跃-王晨-中共中央政治局.pdf,30.0,0.0,10.0,7.07,37.5,2.5,66.5,7.23,28.75,21.9,36.25,11.39,35.21,15.37,9.63
119,raw/fullpaper/0119-中国法学-2023-4-习近平法治思想的司法理论-游劝荣-湖北省高级人民法院.pdf,30.0,0.0,1.75,2.05,30.0,6.12,62.25,5.31,31.25,7.4,21.25,7.4,30.94,13.83,5.43
120,raw/fullpaper/0120-中国法学-2024-6-习近平法治思想的法治文明论-郭晔-北京师范大学法学院.pdf,30.0,0.0,40.75,5.85,43.75,2.17,76.75,5.8,56.5,12.36,40.0,8.66,45.96,10.6,6.72
121,raw/fullpaper/0121-中国法学-2021-1-习近平法治思想的生态文明法治理论-吕忠梅-清华大学法学院.pdf,33.75,2.17,37.0,6.28,46.5,1.5,71.0,3.67,41.25,6.5,63.75,13.4,45.53,14.1,6.45
122,raw/fullpaper/0122-中国法学-2021-1-习近平法治思想要义的法理解读-卓泽渊-中共中央党校(国家行政学院).pdf,22.5,7.5,7.5,4.33,32.25,10.73,53.25,3.03,34.5,8.56,30.0,0.0,27.93,12.57,6.58
123,raw/fullpaper/0123-中国法学-2016-5-争议专属经济区内适度性执法研究-熊勇先-海南大学法学院.pdf,47.5,13.46,58.25,9.04,69.25,7.53,78.5,5.22,79.25,4.87,47.75,17.27,61.16,19.5,11.02
124,raw/fullpaper/0124-中国法学-2015-2-事实因果与刑法中的结果归责-劳东燕-清华大学法学院.pdf,85.75,2.49,78.25,10.06,89.0,2.92,88.5,0.87,84.25,7.36,79.5,3.64,88.21,10.78,5.27
125,raw/fullpaper/0125-中国法学-2015-6-事实认定_难题_与法官独立审判责任落实-侣化强-重庆大学法学院.pdf,83.75,3.34,78.75,3.96,75.5,11.97,77.5,1.5,73.5,5.02,75.75,1.3,75.0,14.65,5.22
126,raw/fullpaper/0126-中国法学-2020-3-二审上诉问题重述_以认罪认罚案件为例-郭烁-北京交通大学法学院.pdf,79.5,7.3,82.0,5.87,56.75,7.69,84.75,4.09,80.0,3.81,81.25,2.59,82.31,12.95,6.03
127,raw/fullpaper/0127-中国法学-2020-1-互构关系中社区矫正对象与性质定位研究-郑丽萍-北京航空航天大学法学院.pdf,67.0,4.36,86.5,1.5,57.5,15.44,82.5,6.58,81.75,2.49,76.0,3.67,76.56,12.18,6.53
128,raw/fullpaper/0128-中国法学-2024-1-互联网司法的正义体系-王福华-上海交通大学凯原法学院.pdf,41.25,8.93,59.25,17.85,65.0,12.12,83.5,2.6,85.0,2.12,76.0,3.67,59.62,13.5,9.08
129,raw/fullpaper/0129-中国法学-2022-4-互联网法院的时代创新与中国贡献-景汉朝-中国法学会.pdf,33.5,3.84,84.5,2.87,59.25,4.38,57.25,29.04,65.75,7.19,79.75,2.86,55.63,14.12,9.65
130,raw/fullpaper/0130-中国法学-2015-3-互联网金融风险规制路径-杨东-中国人民大学法学院.pdf,50.75,12.21,70.5,9.39,69.25,5.85,75.75,7.69,69.25,8.58,68.75,8.17,67.54,21.8,9.98
131,raw/fullpaper/0131-中国法学-2021-1-交易性贬值损失之赔偿-张红-武汉大学法学院.pdf,83.5,6.1,82.75,6.68,69.0,7.28,87.0,2.12,81.25,2.59,67.0,2.92,84.59,16.75,5.32
132,raw/fullpaper/0132-中国法学-2024-6-人口老龄化背景下监护人承担侵权责任的体系解释-李国强-大连海事大学法学院.pdf,78.25,4.09,85.0,3.54,77.5,3.84,83.25,3.7,85.25,0.43,55.75,5.12,82.88,14.0,3.98
133,raw/fullpaper/0133-中国法学-2021-2-人工智能歧视的法律治理-李成-四川大学法学院.pdf,75.25,3.27,81.5,5.89,70.0,8.92,76.25,6.94,86.5,1.5,81.0,3.54,81.03,15.03,5.78
134,raw/fullpaper/0134-中国法学-2021-4-人格权侵害民事责任认定条款适用论-朱晓峰-中央财经大学法学院.pdf,75.5,4.27,85.5,2.29,78.75,3.27,83.5,3.84,86.5,1.5,57.5,7.5,82.31,13.8,4.35
135,raw/fullpaper/0135-中国法学-2015-3-人格权确认与构造的法律依据-韩强-华东政法大学.pdf,66.5,14.64,80.25,5.76,79.25,4.87,85.0,6.28,67.5,19.83,73.75,4.15,75.0,22.11,10.7
136,raw/fullpaper/0136-中国法学-2023-3-人格权编的中国范式与中国式现代化的实现-石佳友-中国人民大学民商事法律科学研究中心.pdf,33.75,4.15,83.75,3.63,41.5,3.84,86.25,4.82,76.25,3.03,60.5,6.18,59.24,10.88,4.93
137,raw/fullpaper/0137-中国法学-2023-4-人格标识的_他为性_及其规范影响-曹相见-吉林大学理论法学研究中心、法学院.pdf,82.75,3.11,80.75,3.96,82.0,3.67,90.5,1.66,89.0,1.0,77.5,4.82,86.97,9.22,3.52
138,raw/fullpaper/0138-中国法学-2023-3-人民团体规章_概念、体系和效力-屠凯-清华大学法学院.pdf,51.75,12.81,69.5,2.18,71.25,9.83,79.0,1.73,86.5,1.5,56.75,3.03,67.78,13.88,5.98
139,raw/fullpaper/0139-中国法学-2021-4-人民调解员的制度角色考-吴元元-西南财经大学法学院.pdf,34.5,4.56,75.0,10.0,56.75,14.45,84.5,5.77,71.25,15.22,65.0,9.35,59.72,16.23,11.43
140,raw/fullpaper/0140-中国法学-2024-6-人身损害赔偿请求权的分级与整合-张平华-山东大学法学院.pdf,64.25,17.3,83.0,5.39,83.75,1.3,89.0,4.06,88.0,0.0,74.5,6.58,80.93,14.87,6.67
141,raw/fullpaper/0141-中国法学-2016-3-从合理原则走向统一的比例原则-杨登峰-南京师范大学法学院.pdf,56.25,16.72,86.0,8.37,53.75,8.93,85.25,2.49,74.75,5.31,59.5,7.89,71.63,18.25,9.57
142,raw/fullpaper/0142-中国法学-2024-4-从同一性到相似性_法律解释的结构转向与体系重构-陈辉-南京师范大学法学院.pdf,73.75,13.16,68.0,16.25,76.5,1.5,83.25,3.7,75.5,8.56,78.5,0.87,78.12,14.73,8.48
143,raw/fullpaper/0143-中国法学-2020-4-从基础司改到综配司改_内卷化_效应纾解-杨力-上海交通大学中国法与社会研究院.pdf,32.5,4.33,76.25,7.4,59.75,7.63,77.5,5.72,75.0,7.55,74.75,4.32,58.19,16.12,7.1
144,raw/fullpaper/0144-中国法学-2022-4-从相邻权到空间利益公平分配权_规划许可诉讼中_合法权益_的内涵扩张-成协中-中国政法大学法学院.pdf,73.75,18.39,85.25,1.79,73.75,3.03,86.5,1.5,83.0,2.92,75.0,2.12,82.46,11.83,5.72
145,raw/fullpaper/0145-中国法学-2016-2-从立案审查到立案登记_法院在社会转型中的司法角色-陆永棣-浙江省高级人民法院.pdf,35.5,7.3,46.0,29.73,40.75,2.95,79.25,4.87,63.5,9.21,70.75,2.95,49.19,19.44,10.95
146,raw/fullpaper/0146-中国法学-2015-3-从隐私到个人信息_利益再衡量的理论与制度安排-张新宝-中国人民大学法学院.pdf,55.75,13.94,79.75,5.21,79.25,6.22,79.5,2.18,82.0,3.08,74.0,2.35,74.13,14.73,6.35
147,raw/fullpaper/0147-中国法学-2018-2-以买卖合同担保借贷的解释路径与法效果-陈永强-中国计量大学法学院.pdf,74.25,16.93,84.0,1.22,84.25,3.77,85.75,4.92,85.25,0.43,76.75,4.92,84.01,12.45,6.2
148,raw/fullpaper/0148-中国法学-2021-4-以危险方法危害公共安全罪认定规则研究-江溯-北京大学法学院.pdf,78.25,4.6,83.75,1.79,83.75,1.3,84.25,1.3,82.5,3.57,75.5,5.77,84.93,11.58,3.53
149,raw/fullpaper/0149-中国法学-2017-5-以古代中国与日本为中心的中华法系之律家考-何勤华-华东政法大学法律文明史研究院.pdf,31.25,2.17,32.5,10.31,35.75,1.3,58.0,4.95,41.5,0.87,45.0,10.61,38.63,11.63,5.8
150,raw/fullpaper/0150-中国法学-2024-5-以大协同格局加强涉外法治建设-郭雳-北京大学法学院.pdf,30.0,0.0,7.5,7.5,31.25,6.5,55.0,3.54,43.75,2.17,54.5,12.18,30.81,14.4,6.15
151,raw/fullpaper/0151-中国法学-2016-2-以审判为中心背景下的刑事辩护突出问题研究-顾永忠-中国政法大学诉讼法学研究院.pdf,60.5,14.08,46.0,17.36,49.5,20.21,72.75,3.11,81.0,5.34,69.0,5.34,58.03,20.75,12.6
152,raw/fullpaper/0152-中国法学-2022-3-企业合规不起诉改革的实体法障碍及其消除-黎宏-清华大学法学院.pdf,87.0,2.12,82.75,1.3,81.75,8.44,88.0,5.83,82.0,3.08,81.25,3.77,90.31,11.5,4.7
153,raw/fullpaper/0153-中国法学-2015-5-企业犯罪预防中合规计划制度的借鉴-李本灿-山东大学法学院.pdf,61.5,12.22,51.25,12.93,37.75,11.76,77.75,5.93,75.0,8.34,59.5,3.64,58.72,19.53,10.53
154,raw/fullpaper/0154-中国法学-2024-2-优先购买权中转让人的利益失衡与校正-梁上上-清华大学法学院.pdf,78.25,5.4,65.25,20.39,66.5,12.93,87.5,2.87,86.5,1.5,67.0,6.96,78.29,13.78,9.6
155,raw/fullpaper/0155-中国法学-2020-5-传销犯罪的司法限缩与立法完善-印波-北京师范大学刑事法律科学研究院.pdf,75.25,12.46,60.0,34.73,73.25,12.28,79.5,1.66,82.5,2.87,80.0,3.81,77.31,22.23,13.05
156,raw/fullpaper/0156-中国法学-2019-2-作为利害调整法的行政法-王贵松-中国人民大学法学院.pdf,57.0,14.46,77.75,6.18,76.5,1.5,84.5,1.5,82.5,2.87,77.0,2.12,74.79,15.07,5.48
157,raw/fullpaper/0157-中国法学-2020-2-作为化解行政争议主渠道的行政复议_功能反思及路径优化-曹鎏-中国政法大学法治政府研究院.pdf,50.75,12.91,66.0,31.2,59.0,5.74,73.5,5.02,83.25,5.8,80.75,2.59,66.15,19.58,12.17
158,raw/fullpaper/0158-中国法学-2016-4-作为方法论的_地方法制-葛洪义-浙江大学法学院.pdf,55.0,15.41,12.5,12.5,65.75,1.3,77.75,7.95,83.25,2.05,78.5,3.91,52.25,21.73,8.3
159,raw/fullpaper/0159-中国法学-2021-2-作为行政处罚一般种类的_通报批评-朱芒-上海交通大学凯原法学院.pdf,74.0,5.83,54.25,15.3,78.5,4.09,83.25,2.38,80.25,6.94,75.25,3.56,75.32,16.67,7.33
160,raw/fullpaper/0160-中国法学-2021-4-依法治国和依规治党有机统一研究-韩春晖-中共中央党校(国家行政学院)政治和法律教研部.pdf,28.0,3.46,37.5,13.46,42.0,4.95,65.5,4.27,68.5,17.91,77.5,2.5,41.53,15.68,8.95
161,raw/fullpaper/0161-中国法学-2018-1-依法治国语境下检察机关的性质与职权-魏晓娜-中国人民大学刑事法律科学研究中心.pdf,52.75,15.17,78.75,4.66,56.25,18.75,79.5,5.17,85.25,8.17,69.75,2.86,68.78,20.57,10.55
162,raw/fullpaper/0162-中国法学-2024-6-侵害企业数据权益的民事责任-王叶刚-中央财经大学法学院.pdf,67.5,18.93,84.0,3.67,81.75,6.02,87.5,2.87,83.25,2.38,64.25,1.3,81.6,13.55,6.77
163,"raw/fullpaper/0163-中国法学-2020-4-侵权责任编_在承继中完善和创新-张新宝-中国人民大学法学院,中国人民大学民商事法律科学中心.pdf",35.5,1.5,41.25,8.2,37.5,2.5,69.5,5.72,72.5,4.82,76.75,4.92,45.21,17.32,5.33
164,raw/fullpaper/0164-中国法学-2020-4-保护规范理论的误解澄清与本土适用-赵宏-中国政法大学法学院.pdf,71.0,17.13,89.0,2.35,68.25,13.48,89.75,2.86,80.5,4.15,69.0,13.91,82.16,17.5,10.38
165,raw/fullpaper/0165-中国法学-2020-4-保险人撤销权_保险法中的一个制度选择及其合理性追问-于海纯-对外经济贸易大学.pdf,74.75,7.79,88.0,1.87,70.5,15.26,88.75,2.59,85.0,5.39,77.75,1.79,83.41,15.03,6.68
166,raw/fullpaper/0166-中国法学-2019-5-保险损失补偿原则适用范围思考-任自力-北京航空航天大学法学院.pdf,81.5,3.84,70.25,20.8,66.5,17.17,87.5,2.87,80.0,3.81,75.0,0.0,80.62,19.23,9.32
167,raw/fullpaper/0167-中国法学-2019-2-信用、法治与现代经济增长的制度基础-王若磊-中央党校政法部.pdf,49.25,15.47,51.25,16.35,57.75,11.3,84.75,4.09,82.5,2.87,57.25,13.48,59.57,19.62,12.23
168,raw/fullpaper/0168-中国法学-2015-5-修复、矫治与分控_社区矫正机能三重性辩证及其展开-李川-东南大学法学院.pdf,62.0,17.01,76.75,8.61,67.75,19.55,84.0,5.48,75.5,10.14,78.75,2.59,74.66,19.17,12.18
169,raw/fullpaper/0169-中国法学-2024-4-债务人合法权益平等保护制度论纲-谭启平-西南政法大学民商法学院.pdf,36.25,6.5,77.25,7.26,56.0,2.12,82.0,6.63,68.5,13.61,62.75,3.56,60.15,14.85,7.63
170,raw/fullpaper/0170-中国法学-2020-5-债权转让中对债务人的延续性保护-朱虎-中国人民大学民商事法律科学研究中心.pdf,79.5,4.15,75.5,12.54,59.5,20.3,89.5,1.66,88.0,1.41,66.0,1.22,80.38,13.88,7.93
171,raw/fullpaper/0171-中国法学-2024-5-健全保证宪法全面实施制度体系-韩大元-中国人民大学法学院.pdf,30.0,0.0,45.0,6.12,49.0,3.67,69.75,4.92,53.25,7.69,59.0,15.83,46.24,17.33,7.37
172,raw/fullpaper/0172-中国法学-2024-5-健全公正执法司法体制机制-贺小荣-最高人民法院党组.pdf,32.0,3.46,20.0,8.66,32.5,2.5,52.75,8.98,38.75,3.77,56.25,5.45,34.15,12.95,6.32
173,raw/fullpaper/0173-中国法学-2019-5-健康权的规范构造-陈云良-广东外语外贸大学广东法治研究院.pdf,50.0,12.75,72.75,7.19,75.0,7.68,75.25,2.17,74.5,4.09,74.75,2.95,68.71,15.48,7.08
174,raw/fullpaper/0174-中国法学-2018-3-儒家民族观影响下的中国古代民族法制-邵方-中国政法大学法律史学研究院.pdf,31.25,2.17,37.5,2.5,33.75,2.17,47.0,5.43,37.5,4.33,29.25,4.66,36.87,6.15,4.1
175,raw/fullpaper/0175-中国法学-2022-6-元宇宙治理法治化的理论定位与基本框架-王奇才-上海师范大学哲学与法政学院.pdf,46.25,9.6,56.75,21.95,67.0,3.0,85.75,2.49,80.5,3.28,66.75,6.83,61.68,15.22,9.08
176,raw/fullpaper/0176-中国法学-2022-6-元宇宙的行政规制路径_一个框架性分析-黄锫-同济大学法学院.pdf,37.5,7.5,41.75,23.91,63.0,20.71,84.5,1.5,69.25,6.22,58.75,4.15,54.06,19.65,12.32
177,raw/fullpaper/0177-中国法学-2015-3-先公司合同问题研究-方斯远-最高人民法院中国应用法学研究所.pdf,73.5,15.52,88.25,2.49,77.5,9.39,83.25,3.7,80.75,2.95,66.75,12.62,82.97,14.98,8.98
178,raw/fullpaper/0178-中国法学-2022-2-免罚清单的实证与法理-张淑芳-上海财经大学法学院.pdf,56.5,6.1,62.0,4.95,68.25,4.09,79.75,7.36,81.5,3.5,81.75,5.63,70.34,16.78,6.07
179,raw/fullpaper/0179-中国法学-2019-6-党内法规制定技术规范论纲-管华-西北政法大学行政法学院.pdf,34.0,4.0,56.25,18.28,60.75,4.38,78.0,3.74,82.25,4.55,74.25,2.49,54.31,14.58,7.22
180,raw/fullpaper/0180-中国法学-2024-3-党内法规的概念分析-朱林方-西南政法大学行政法学院.pdf,73.25,16.56,85.5,1.5,69.25,21.04,87.25,1.3,86.0,1.22,69.25,5.63,81.72,13.0,9.08
181,raw/fullpaper/0181-中国法学-2021-5-党内法规的百年演进与治理之道-宋功德-中共中央办公厅法规局.pdf,30.0,0.0,22.5,7.5,43.75,2.17,67.0,2.12,37.5,4.33,36.25,2.17,39.37,8.55,3.52
182,raw/fullpaper/0182-中国法学-2020-1-党政联合发文的信息公开困境与规则重塑_基于司法裁判的分析-张力-中国政法大学法学院.pdf,69.5,17.74,82.5,4.82,69.25,14.45,85.5,5.72,82.75,1.3,78.0,7.35,79.28,18.03,9.9
183,raw/fullpaper/0183-中国法学-2024-1-党领导立法的规范原理与构造-封丽霞-中共中央党校(国家行政学院)政治和法律教研部.pdf,34.5,2.87,60.75,4.66,47.5,2.5,74.75,8.04,71.5,4.97,60.0,9.19,52.44,12.08,6.2
184,raw/fullpaper/0184-中国法学-2023-1-全国人大常委会授权的宪法定位及合宪性展开-秦小建-中南财经政法大学法学院.pdf,81.5,9.6,84.0,3.67,82.75,3.11,87.5,3.57,87.25,1.3,76.25,7.36,86.72,15.55,5.5
185,raw/fullpaper/0185-中国法学-2018-5-全球治理背景下人类命运共同体的阐释与构建-廖凡-中国社会科学院国际法研究所.pdf,28.75,4.15,47.0,5.43,39.5,3.64,79.0,6.4,68.25,8.44,64.5,1.5,46.76,13.7,5.68
186,raw/fullpaper/0186-中国法学-2017-3-全球治理背景下国际税收秩序的挑战与变革-张泽平-华东政法大学.pdf,31.25,2.17,52.75,1.92,46.25,2.17,80.25,4.82,82.75,6.3,60.5,3.64,50.49,10.5,4.05
187,raw/fullpaper/0187-中国法学-2023-3-全球经贸关系演变中的国际法治危机及其应对-刘敬东-中国社会科学院国际法研究所.pdf,44.25,7.19,77.0,2.12,57.75,6.57,81.75,6.02,71.75,2.49,71.0,5.34,63.16,12.73,5.72
188,raw/fullpaper/0188-中国法学-2015-4-全面深化改革中的民法典编纂-王利明-中国人民大学.pdf,28.75,2.17,35.75,14.89,36.25,2.17,66.0,4.24,73.0,3.0,73.0,7.38,40.49,16.92,6.52
189,raw/fullpaper/0189-中国法学-2022-5-公共健康危机的知识产权法应对-万勇-中国人民大学法学院.pdf,59.75,15.07,85.75,1.48,66.5,6.1,79.0,1.0,86.0,1.22,80.25,2.86,76.59,13.48,5.33
190,raw/fullpaper/0190-中国法学-2021-5-公共卫生预警原则和机制建构研究-解志勇-中国政法大学比较法学研究院.pdf,49.0,18.18,52.0,9.46,73.75,4.38,86.5,5.17,85.5,1.5,72.25,1.79,62.9,18.22,7.8
191,raw/fullpaper/0191-中国法学-2019-4-公共服务供给权责配置研究-李蕊-中国政法大学民商经济法学院.pdf,56.25,14.77,75.0,0.0,69.5,12.78,80.75,2.95,83.0,1.87,59.25,4.38,70.76,17.27,7.1
192,raw/fullpaper/0192-中国法学-2022-6-公司利益范式下的董事义务改革-傅穹-吉林大学理论法学研究中心、法学院.pdf,59.0,11.45,83.0,1.22,74.5,6.58,84.5,5.72,81.25,6.5,80.5,2.5,78.38,13.73,6.53
193,raw/fullpaper/0193-中国法学-2020-5-公司法定代表人越权签署的担保合同效力规则的反思与重构-刘俊海-中国人民大学法学院.pdf,47.5,11.46,61.0,19.52,69.0,8.86,71.25,5.4,83.0,7.0,61.5,13.59,60.06,23.25,12.65
194,raw/fullpaper/0194-中国法学-2021-2-公司法改革的文化拘束-蒋大兴-北京大学法学院.pdf,66.0,13.1,82.5,2.96,51.25,10.57,81.25,3.27,76.75,3.7,76.5,6.1,73.87,13.77,7.63
195,raw/fullpaper/0195-中国法学-2016-6-公司解散纠纷的司法实践和裁判规则改进-耿利航-山东大学法学院.pdf,57.75,21.97,64.75,21.25,68.75,6.46,83.25,6.76,83.0,3.0,63.5,1.5,70.34,19.07,11.73
196,raw/fullpaper/0196-中国法学-2015-6-公司资本制度改革的正当性_基于债权人保护功能的法经济学分析-黄辉-香港中文大学法学院.pdf,77.0,2.92,73.0,2.12,76.25,5.76,86.75,2.77,80.0,3.81,75.75,3.77,81.22,15.08,4.07
197,raw/fullpaper/0197-中国法学-2021-5-公司软法定位及其与公司法的衔接-王兰-厦门大学法学院.pdf,48.0,10.46,78.25,4.02,77.0,9.67,84.5,4.77,81.0,3.67,60.0,11.18,68.82,16.12,8.42
198,raw/fullpaper/0198-中国法学-2015-6-公平公正待遇条款的法方法困境及出路-梁开银-浙江师范大学法政学院.pdf,81.0,5.61,83.5,1.5,70.0,5.43,82.25,1.79,83.0,2.12,80.5,0.87,84.94,14.45,3.33
199,raw/fullpaper/0199-中国法学-2021-3-公平竞争原则与政府规制变革-孙晋-武汉大学法学院.pdf,42.5,5.59,71.25,6.83,58.75,8.17,79.75,4.49,82.5,1.8,77.5,2.87,60.9,12.1,5.73
200,raw/fullpaper/0200-中国法学-2016-6-公序良俗在我国的司法适用研究-蔡唱-湖南大学法学院.pdf,60.5,20.57,82.0,0.0,51.75,10.06,76.5,1.5,78.25,2.49,76.75,4.92,70.78,15.02,7.62
201,raw/fullpaper/0201-中国法学-2021-4-公民遵守劳动纪律义务的宪法变迁与启示-阎天-北京大学宪法与行政法研究中心.pdf,78.75,5.63,72.25,6.1,63.0,6.56,87.75,1.79,85.0,0.71,72.25,0.43,79.56,11.28,4.08
202,raw/fullpaper/0202-中国法学-2015-1-公私关系的认识论重建与国际法发展-蔡从燕-厦门大学法学院.pdf,62.0,7.04,62.25,6.18,75.75,2.49,86.25,3.03,81.0,2.74,74.5,0.87,73.19,16.1,4.3
203,raw/fullpaper/0203-中国法学-2023-5-共享经济财产容他权研究-付大学-天津工业大学法学院.pdf,50.75,14.29,84.5,1.5,70.0,8.92,75.75,2.86,80.75,2.95,72.5,2.87,70.97,14.4,6.42
204,raw/fullpaper/0204-中国法学-2020-2-共同市场支配地位制度拓展适用于算法默示共谋研究-时建中-中国政法大学.pdf,67.75,19.31,83.25,3.7,80.25,4.92,80.75,2.95,80.75,5.17,76.25,3.63,79.66,15.1,7.65
205,raw/fullpaper/0205-中国法学-2020-2-共同市场支配地位的理论基础与规则构造-张晨颖-清华大学法学院.pdf,83.25,3.42,84.0,1.58,78.25,10.78,87.0,5.39,79.75,5.76,66.0,0.71,86.43,11.9,5.3
206,raw/fullpaper/0206-中国法学-2020-2-共犯处罚根据论的反思与修正_新混合惹起说的提出-王昭武-云南大学法学院.pdf,81.5,6.65,74.25,23.31,80.25,4.76,87.0,2.12,78.25,6.42,73.75,6.94,83.87,14.28,9.65
207,raw/fullpaper/0207-中国法学-2015-6-内幕交易违法所得司法判断规则研究-刘宪权-华东政法大学.pdf,79.25,6.22,71.0,10.05,76.0,8.25,68.75,9.6,85.5,2.87,66.25,9.18,77.26,17.4,8.88
208,raw/fullpaper/0208-中国法学-2023-6-再论建设用地使用权出让合同的民事属性-屈茂辉-湖南大学法学院.pdf,74.0,4.69,80.5,1.66,66.5,13.5,85.75,1.48,85.0,0.71,70.0,2.0,79.97,16.95,4.62
209,raw/fullpaper/0209-中国法学-2021-6-再论行政应急性原则_内涵、证立与展开-彭錞-北京大学法学院.pdf,87.5,2.5,76.25,5.45,85.75,1.3,86.25,5.4,87.25,1.3,66.25,7.01,87.25,14.05,4.42
210,raw/fullpaper/0210-中国法学-2018-4-再论辩护律师向犯罪嫌疑人、被告人核实证据-朱孝清-中国法学会.pdf,60.75,15.06,63.75,18.5,60.75,9.68,76.25,5.76,82.25,2.68,72.0,4.95,68.1,21.57,10.92
211,raw/fullpaper/0211-中国法学-2015-4-农村土地流转的合宪性分析-李忠夏-山东大学法学院.pdf,86.5,1.5,74.25,9.96,75.25,4.09,86.0,2.74,80.75,10.89,80.0,2.45,86.51,19.88,6.08
212,raw/fullpaper/0212-中国法学-2019-2-农民集体成员权、农民集体决议与乡村治理体系的健全-王雷-中国政法大学民商经济法学院.pdf,78.75,4.09,78.75,5.54,79.0,7.97,83.0,5.0,86.5,3.2,64.25,7.19,82.79,16.95,6.35
213,raw/fullpaper/0213-中国法学-2019-3-减税、减负与预算法变革-陈治-西南政法大学经济法学院.pdf,82.5,4.82,65.5,8.99,69.5,6.18,87.0,5.39,83.25,1.3,84.25,1.3,82.26,17.9,5.38
214,raw/fullpaper/0214-中国法学-2017-6-减负与转型的经济法推进-张守文-北京大学法学院.pdf,32.5,4.33,57.5,9.39,54.5,13.31,84.75,2.05,74.5,11.54,61.5,5.22,54.56,14.22,8.82
215,raw/fullpaper/0215-中国法学-2023-5-分层土地利用中的强制地役权研究-林旭霞-福建师范大学法学院.pdf,77.0,12.79,75.25,12.46,83.5,1.5,88.5,0.87,85.5,2.87,69.75,7.36,83.44,13.9,7.28
216,raw/fullpaper/0216-中国法学-2016-4-刑事司法实证研究_以数据及其运用为中心的探讨-何挺-北京师范大学刑事法律科学研究院.pdf,34.25,4.92,62.5,13.46,62.0,5.87,72.25,6.57,76.5,7.23,77.0,2.12,54.74,19.65,7.72
217,raw/fullpaper/0217-中国法学-2017-4-刑事司法应坚持罪责实质评价-阮齐林-中国政法大学刑事司法学院.pdf,56.5,19.27,50.5,18.93,71.25,11.03,86.0,4.3,82.5,2.87,49.25,10.21,66.63,22.23,12.82
218,raw/fullpaper/0218-中国法学-2019-1-刑事对物之诉的初步研究-陈瑞华-北京大学法学院.pdf,72.25,5.12,65.75,9.44,76.75,3.7,85.25,0.43,85.0,0.0,74.25,4.92,77.57,11.15,4.55
219,raw/fullpaper/0219-中国法学-2018-1-刑事庭审实质化的维度与机制探讨-陈实-中南财经政法大学法学院.pdf,72.5,4.82,80.0,6.82,70.5,6.54,82.75,3.56,79.5,7.3,76.75,3.7,79.32,14.62,6.3
220,raw/fullpaper/0220-中国法学-2022-2-刑事强制医疗解除程序实证研究-王迎龙-北京工商大学法学院.pdf,75.25,0.43,70.75,4.09,63.75,12.93,72.5,10.4,84.0,3.67,66.25,7.36,74.51,20.67,7.47
221,raw/fullpaper/0221-中国法学-2019-4-刑事案件的差异化判决及其合理性-周少华-广州大学法学院.pdf,69.75,18.95,83.0,1.73,71.75,12.32,86.0,2.45,82.5,4.82,75.0,3.54,80.04,18.98,8.43
222,raw/fullpaper/0222-中国法学-2023-5-刑事涉案虚拟财产强制处分论-田力男-中国人民公安大学法学院.pdf,63.5,11.41,68.25,23.37,80.25,7.63,85.5,4.33,82.5,2.87,75.75,1.3,75.75,14.6,9.8
223,raw/fullpaper/0223-中国法学-2021-1-刑事职能管辖错位的程序规制-谢小剑-江西财经大学法学院.pdf,71.75,5.4,83.25,3.7,69.25,14.8,80.0,2.0,79.25,4.38,70.0,8.92,78.96,16.22,7.55
224,raw/fullpaper/0224-中国法学-2024-4-刑事裁判中法律学说的运用困境及其解决路径-梁健-浙江大学光华法学院.pdf,51.0,12.37,73.0,3.61,55.5,18.12,77.5,3.57,78.0,4.9,69.25,9.83,66.21,17.6,10.1
225,raw/fullpaper/0225-中国法学-2023-1-刑事证据_生命流程_的理论阐释-冯俊伟-山东大学法学院.pdf,54.75,12.87,86.5,2.06,70.5,6.54,85.0,2.12,83.0,2.12,75.0,3.0,75.12,14.13,5.52
226,raw/fullpaper/0226-中国法学-2017-6-刑事证据审查的基本制度结构-吴洪淇-中国政法大学证据科学教育部重点实验室.pdf,83.25,4.92,53.25,14.45,83.25,4.92,87.25,3.11,81.25,2.59,78.5,2.6,80.13,13.82,6.28
227,raw/fullpaper/0227-中国法学-2021-5-刑事诉讼中的_人_一种主体性研究-左卫民-四川大学法学院.pdf,60.75,11.78,78.5,1.12,51.25,6.5,80.5,1.66,82.75,1.3,79.5,3.64,70.9,14.87,5.0
228,raw/fullpaper/0228-中国法学-2021-3-刑事诉讼中程序惯性的反思与规制-郑曦-北京外国语大学法学院.pdf,67.25,7.12,64.25,1.3,72.0,6.63,80.0,2.0,84.25,1.3,67.0,7.38,73.38,13.18,4.95
229,raw/fullpaper/0229-中国法学-2023-3-刑事诉讼主体理论的扬弃与超越-谢澍-中国政法大学刑事司法学院.pdf,72.5,5.59,83.0,1.22,76.75,4.92,86.5,2.96,84.5,4.27,71.0,3.67,82.01,12.47,4.35
230,raw/fullpaper/0230-中国法学-2022-2-刑事诉讼事实形成机理探究-杨波-吉林大学法学院.pdf,76.25,10.45,86.0,2.0,81.25,6.06,79.5,5.02,81.75,4.09,79.75,3.03,83.19,13.32,5.9
231,raw/fullpaper/0231-中国法学-2024-5-刑事诉讼数据处理的全流程监管-郑曦-北京外国语大学法学院.pdf,30.0,0.0,60.25,4.82,80.0,4.69,80.0,2.0,83.75,2.28,67.25,3.96,57.71,11.42,3.42
232,raw/fullpaper/0232-中国法学-2024-5-刑事诉讼数据处理的全流程监管-郑曦-北京外国语大学法学院.pdf,50.5,16.68,58.75,4.15,83.25,6.61,85.25,2.17,81.0,1.73,60.75,4.38,69.4,15.18,6.88
233,raw/fullpaper/0233-中国法学-2019-2-刑事诉讼法与监察法的衔接难题与破解之道-程雷-中国人民大学刑事法律科学研究中心.pdf,71.5,14.79,76.0,4.69,59.75,13.72,84.0,1.22,82.25,2.68,79.5,2.18,76.43,13.73,7.55
234,raw/fullpaper/0234-中国法学-2017-1-刑事陪审中法律问题与事实问题的区分-陈学权-对外经济贸易大学法学院.pdf,54.5,17.7,70.5,9.07,78.0,8.86,82.75,3.96,72.5,21.75,74.25,1.3,72.06,20.6,12.05
235,raw/fullpaper/0235-中国法学-2021-1-刑民界分视野下诈骗罪成立范围的实质认定-陈少青-对外经济贸易大学法学院.pdf,85.75,1.3,79.75,3.03,86.75,5.8,85.5,1.8,80.5,5.32,70.0,7.21,87.46,9.97,4.7
236,raw/fullpaper/0236-中国法学-2018-2-刑法中行为论的新展开-李世阳-浙江大学光华法学院.pdf,76.5,6.87,90.25,3.34,84.0,3.67,87.0,2.12,85.25,1.79,67.75,1.79,86.53,13.75,3.77
237,raw/fullpaper/0237-中国法学-2023-5-刑法再法典化的法理与蓝图-姜涛-华东政法大学.pdf,58.5,9.86,83.0,2.74,73.5,1.5,81.25,2.59,88.25,2.49,74.5,5.77,75.26,11.77,4.82
238,raw/fullpaper/0238-中国法学-2021-3-刑法干预前置化的理性反思-王强军-南开大学法学院.pdf,65.5,10.87,77.75,1.09,67.75,13.9,81.5,2.18,83.0,3.32,80.0,4.64,77.54,14.73,6.93
239,raw/fullpaper/0239-中国法学-2015-2-刑法立法阻却事由的理论界定与制度前景-姜涛-南京师范大学法学院.pdf,63.0,9.43,77.0,3.0,74.25,10.54,76.25,5.76,78.5,4.5,78.5,0.87,74.4,16.0,6.58
240,raw/fullpaper/0240-中国法学-2019-6-制度型对外开放的支点_私法关系涉外性之界定及重构-张春良-西南政法大学.pdf,68.75,2.59,78.5,4.27,72.25,6.57,85.75,5.12,80.5,3.64,80.0,2.0,80.66,13.48,4.65
241,raw/fullpaper/0241-中国法学-2018-4-制度角色与制度能力_论刑事证明标准的降格适用-陈虎-中南财经政法大学法学院.pdf,75.0,12.25,86.5,1.5,73.5,8.2,86.25,4.82,84.25,1.3,69.75,4.92,83.09,11.6,6.35
242,raw/fullpaper/0242-中国法学-2024-5-加快推进新时代区域法治发展-公丕祥-南京师范大学法学院.pdf,32.5,2.5,21.25,8.2,29.5,11.1,46.5,5.41,42.5,4.33,49.25,14.29,32.62,10.97,8.82
243,raw/fullpaper/0243-中国法学-2018-5-劳动法上_合理_的多重意蕴及其应用-冯彦君-吉林大学法学院.pdf,50.5,14.43,40.0,18.37,79.25,2.59,78.25,2.49,74.75,2.17,76.75,1.3,59.63,20.92,7.97
244,raw/fullpaper/0244-中国法学-2023-3-劳动法典编纂的重大意义与体例结构-谢增毅-中国社会科学院法学研究所.pdf,36.25,5.45,63.0,6.28,46.25,5.45,84.75,6.3,86.0,4.69,72.5,2.5,55.72,16.3,5.92
245,raw/fullpaper/0245-中国法学-2022-1-劳动者个人信息处理中同意的适用与限制-吴文芳-上海财经大学法学院.pdf,85.0,2.12,82.25,1.79,76.75,5.8,87.75,2.95,86.0,2.74,70.75,9.18,86.54,11.07,4.73
246,raw/fullpaper/0246-中国法学-2017-3-区分制理论解释共同过失犯罪之弊端及应然选择-刘明祥-中国人民大学刑事法律科学研究中心.pdf,76.25,5.4,83.5,7.26,76.25,12.77,85.5,1.5,75.5,11.97,48.75,9.6,82.13,14.93,9.33
247,raw/fullpaper/0247-中国法学-2020-6-区际利益补偿权利生成与基本构造-陈婉玲-华东政法大学科学研究院.pdf,62.75,12.32,76.75,3.7,67.75,9.18,83.25,3.7,82.25,2.68,75.25,6.76,74.75,18.07,7.38
248,raw/fullpaper/0248-中国法学-2020-6-医疗损害赔偿中原因力减责的法理及适用-郑永宽-厦门大学法学院.pdf,79.75,6.5,88.25,4.82,70.5,9.39,86.75,2.95,73.5,7.79,73.75,4.15,75.0,15.22,6.85
249,raw/fullpaper/0249-中国法学-2022-3-单位的反性骚扰义务与相关侵权责任研究-张新宝-中国人民大学民商事法律科学研究中心.pdf,68.75,10.83,62.75,27.84,73.75,7.4,87.5,2.87,87.25,1.3,71.25,10.83,75.63,18.83,11.73
250,raw/fullpaper/0250-中国法学-2022-3-单边制裁是否具有合法性_一个框架性分析-张辉-武汉大学国际法研究所.pdf,75.5,5.77,57.25,30.82,74.0,4.24,87.5,2.5,85.0,0.71,83.0,2.12,78.76,16.28,8.88
251,raw/fullpaper/0251-中国法学-2019-1-印证的证明原理与理论塑造-栗峥-中国政法大学诉讼法学研究院.pdf,70.5,13.81,86.25,4.82,78.25,4.92,70.25,6.87,87.0,3.0,64.0,17.13,78.51,18.45,9.73
252,raw/fullpaper/0252-中国法学-2024-2-双重社会转型下中国环境法的挑战与因应-秦天宝-武汉大学环境法研究所.pdf,42.5,8.41,56.25,11.39,67.25,6.38,71.0,3.67,75.25,4.97,68.0,0.0,56.81,13.25,6.68
253,raw/fullpaper/0253-中国法学-2020-4-反不正当竞争法中_一定影响_的语义澄清与意义验证-刘继峰-中国政法大学.pdf,75.0,10.34,51.25,23.59,78.0,4.95,79.75,5.26,76.25,7.82,72.0,4.95,74.06,21.35,10.93
254,raw/fullpaper/0254-中国法学-2022-5-反不正当竞争法对未注册商标的有效保护及其制度重塑-黄汇-西南政法大学新科技法治创新研究中心、_互联网知识产权治理体系创新研究团队.pdf,61.25,18.62,83.25,1.79,71.5,9.6,86.75,2.77,88.75,3.77,78.0,3.74,77.24,15.92,7.75
255,raw/fullpaper/0255-中国法学-2015-6-司法中的社会科学判断-侯猛-北京大学法学院.pdf,56.25,18.83,79.25,6.22,49.5,8.56,79.5,6.06,68.5,19.63,60.75,5.85,65.94,21.88,12.55
256,raw/fullpaper/0256-中国法学-2020-6-司法人员职务犯罪双重管辖制度的多维思考-吴建雄-湘潭大学法学院.pdf,43.0,8.92,41.75,14.72,50.0,5.0,77.0,8.31,73.5,1.5,60.0,12.75,51.94,22.65,9.85
257,raw/fullpaper/0257-中国法学-2017-6-司法体制综合配套改革的路径和重点-姜伟-最高人民法院.pdf,30.0,0.0,10.0,7.07,35.0,2.12,47.0,2.12,37.5,2.5,36.25,10.23,30.18,10.17,4.62
258,raw/fullpaper/0258-中国法学-2017-6-司法判决中的指导性案例-彭中礼-中南大学法学院.pdf,73.0,9.95,55.75,15.14,47.5,8.29,68.75,9.04,64.5,13.29,65.5,21.05,63.44,27.52,14.78
259,raw/fullpaper/0259-中国法学-2019-3-司法判决对正当程序原则的发展-周佑勇-东南大学法学院.pdf,44.25,12.81,46.25,5.45,50.25,4.15,72.5,4.33,85.0,8.34,42.25,1.79,52.43,14.92,7.1
260,raw/fullpaper/0260-中国法学-2021-4-司法大数据在中国法院的应用与前景展望-孙晓勇-国家法官学院.pdf,31.25,2.17,18.75,12.93,32.0,4.95,71.75,8.01,41.25,8.2,76.25,6.65,37.97,13.8,8.27
261,raw/fullpaper/0261-中国法学-2018-2-司法审查图景中行政协议主体的适格-陈无风-浙江财经大学.pdf,78.25,6.02,68.0,16.87,76.5,6.1,88.0,5.83,82.5,4.33,66.25,2.17,80.82,18.57,7.93
262,raw/fullpaper/0262-中国法学-2019-4-司法改革与法律职业激励环境的变化-吴洪淇-中国政法大学证据科学教育部重点实验室.pdf,38.75,8.93,67.5,2.87,62.5,7.63,81.5,2.96,78.0,1.41,53.0,16.26,59.76,14.68,7.7
263,raw/fullpaper/0263-中国法学-2017-3-司法改革背景下逮捕的若干问题研究-孙谦-最高人民检察院.pdf,47.75,19.24,64.0,5.34,70.0,8.92,83.25,3.03,79.0,7.97,70.75,4.66,63.85,18.52,9.47
264,raw/fullpaper/0264-中国法学-2018-4-司法改革试点再认识_与实验研究方法的比较与启示-何挺-北京师范大学刑事法律科学研究院.pdf,63.25,13.99,44.75,27.58,54.25,25.81,81.75,6.42,75.5,7.92,74.5,3.57,61.66,23.5,16.4
265,raw/fullpaper/0265-中国法学-2018-4-司法改革试点再认识_与实验研究方法的比较与启示-何挺-北京师范大学刑事法律科学研究院.pdf,62.25,15.75,57.5,18.2,60.25,20.35,87.5,2.06,77.5,7.63,78.25,2.49,69.72,19.82,12.8
266,raw/fullpaper/0266-中国法学-2015-1-司法裁判中的意义分歧及其消解路径-王林清-最高人民法院.pdf,53.75,14.74,64.5,4.27,39.25,4.38,53.25,9.15,52.5,10.4,40.0,5.0,53.6,18.4,9.23
267,raw/fullpaper/0267-中国法学-2016-1-司法规律层次论-江国华-武汉大学法学院.pdf,31.25,2.17,28.25,28.27,46.25,5.45,60.0,5.83,48.0,15.64,55.25,17.94,39.96,20.53,14.48
268,raw/fullpaper/0268-中国法学-2016-1-司法视域下夫妻财产制的价值转向-赵玉-国家检察官学院.pdf,71.75,4.6,72.5,10.31,60.0,5.43,75.0,2.12,77.5,3.57,80.5,1.66,75.62,15.72,5.32
269,raw/fullpaper/0269-中国法学-2021-6-司法解释中的出罪规范_类型、依据与完善方向-刘科-北京师范大学刑事法律科学研究院.pdf,76.0,6.16,76.25,12.44,80.0,3.81,87.25,3.96,83.5,3.2,81.5,0.87,84.41,12.17,5.87
270,raw/fullpaper/0270-中国法学-2016-3-司法解释权限的界定与行使-刘风景-华东政法大学法律方法研究院.pdf,53.25,21.66,54.25,22.84,57.5,7.5,74.75,5.89,78.0,0.0,55.75,19.54,61.29,22.83,14.92
271,raw/fullpaper/0271-中国法学-2019-3-司法认定无效行政协议的标准-王敬波-中国政法大学法治政府研究院.pdf,74.25,7.36,79.75,1.92,68.0,22.57,85.75,1.3,84.25,3.7,55.75,7.19,79.15,15.02,8.48
272,raw/fullpaper/0272-中国法学-2017-6-司法认知偏差与量化裁判中的锚定效应-杨彪-中山大学法学院.pdf,83.0,3.0,79.0,5.74,75.75,6.06,83.5,5.55,83.75,3.34,76.75,4.92,83.9,14.35,5.52
273,raw/fullpaper/0273-中国法学-2019-1-合宪性、合法性、适当性审查的区别与联系-王锴-北京航空航天大学法学院.pdf,70.0,11.18,76.75,7.85,81.75,5.63,86.5,2.06,79.5,1.66,65.25,3.27,80.54,19.03,6.1
274,raw/fullpaper/0274-中国法学-2021-6-合宪性审查中_相抵触_标准之建构-王旭-中国人民大学法学院.pdf,83.25,3.7,78.0,7.71,80.0,7.35,85.75,4.49,88.25,2.05,73.75,11.39,85.03,11.65,7.07
275,raw/fullpaper/0275-中国法学-2024-3-合宪性审查中的宪法精神-左亦鲁-北京大学法学院.pdf,73.25,8.98,84.0,1.58,60.25,24.76,84.0,4.24,83.75,3.03,77.5,2.87,79.01,16.42,8.75
276,raw/fullpaper/0276-中国法学-2020-2-合规制度的公司法设计及其实现路径-赵万一-西南政法大学民商法学院.pdf,35.0,0.0,48.25,14.46,61.75,14.25,69.25,4.38,78.5,3.91,65.25,4.55,50.9,17.1,8.02
277,raw/fullpaper/0277-中国法学-2020-4-员额法官遴选机制改革实证研究_以A省为样板-左卫民-四川大学法学院.pdf,51.5,15.95,40.75,25.03,52.5,20.16,78.0,0.0,67.25,16.93,68.25,2.05,55.38,24.65,15.43
278,raw/fullpaper/0278-中国法学-2016-5-商业反腐的结构性治理和模式-杨力-上海交通大学凯原法学院.pdf,52.5,10.16,71.25,2.59,46.5,3.5,79.25,4.32,64.25,13.08,75.75,6.06,62.15,17.08,7.63
279,raw/fullpaper/0279-中国法学-2024-4-商业秘密保护中默示保密义务研究-黎华献-北京理工大学法学院.pdf,76.0,7.52,75.5,2.6,69.75,10.64,84.0,1.22,83.5,2.06,81.0,5.34,81.66,16.7,5.67
280,raw/fullpaper/0280-中国法学-2019-3-商主体资格形成机制的革新-季奎明-华东政法大学经济法学院.pdf,81.25,5.07,83.0,3.0,66.75,18.95,82.5,2.87,84.5,1.5,81.75,2.05,84.4,13.95,6.45
281,raw/fullpaper/0281-中国法学-2018-5-商事信用_商法的内在逻辑与体系化根本-赵磊-中国社会科学院法学研究所.pdf,68.75,15.38,76.0,5.1,71.75,5.4,82.25,4.38,72.0,9.97,59.0,3.67,75.0,17.5,8.45
282,raw/fullpaper/0282-中国法学-2019-5-商标使用地域性原理的理解立场及适用逻辑-黄汇-西南政法大学.pdf,68.5,15.56,81.25,3.77,73.0,7.0,83.25,3.03,83.5,1.5,75.0,0.0,78.76,14.43,5.93
283,raw/fullpaper/0283-中国法学-2023-5-商标本质基础观念的重构-余俊-北京化工大学文法学院.pdf,53.75,19.49,70.0,3.81,70.75,14.45,88.75,5.17,82.25,1.79,77.75,2.68,71.81,16.63,9.13
284,raw/fullpaper/0284-中国法学-2018-4-商标权行使与姓名权保护的冲突与规制-马一德-中南财经政法大学知识产权研究中心.pdf,84.0,4.24,78.5,3.91,73.5,5.02,84.0,3.67,79.5,2.6,67.0,3.0,83.85,14.97,4.32
285,raw/fullpaper/0285-中国法学-2015-3-商标法律制度的失衡及其理性回归-杜颖-中央财经大学法学院.pdf,74.5,2.6,83.5,8.99,52.5,16.01,79.0,1.73,76.5,7.23,65.5,0.5,76.79,13.43,7.13
286,raw/fullpaper/0286-中国法学-2016-2-商标注册_不良影响_条款的适用-马一德-中南财经政法大学知识产权研究中心.pdf,77.5,6.18,62.5,5.59,64.0,10.65,82.5,3.28,84.5,1.5,67.25,3.96,75.76,17.05,6.0
287,raw/fullpaper/0287-中国法学-2024-4-商法独立的逻辑和体系_基于组织化交易论-段丙华-中南财经政法大学法学院.pdf,61.75,12.32,75.75,5.63,72.0,8.6,82.5,4.82,75.25,10.28,67.5,2.87,74.74,18.83,8.57
288,raw/fullpaper/0288-中国法学-2016-2-国家所有的法律表达及其解释-谢海定-中国社会科学院法学研究所法学研究杂志社.pdf,64.25,12.21,86.25,2.17,57.5,4.56,85.75,4.92,72.5,10.4,79.5,3.64,75.0,15.87,7.3
289,raw/fullpaper/0289-中国法学-2018-2-国家治理体系视角下党内法规研究的基础概念辨析-王伟国-中国法学会党内法规研究中心.pdf,37.5,4.33,55.25,8.7,45.0,3.0,77.5,2.87,74.25,1.3,43.75,8.93,52.41,15.17,5.6
290,raw/fullpaper/0290-中国法学-2022-5-国家治理现代化下的知识产权行政执法-董涛-北京第二外国语学院法学院.pdf,58.25,17.06,62.5,24.71,52.25,18.34,82.0,2.83,76.5,4.56,79.75,3.03,66.78,19.93,13.58
291,raw/fullpaper/0291-中国法学-2022-1-国家符号的刑法保护-高巍-云南大学法学院.pdf,68.75,11.86,76.75,3.7,74.25,16.93,87.0,2.12,85.0,6.28,77.75,5.31,78.9,17.65,8.9
292,raw/fullpaper/0292-中国法学-2023-2-国有土地出让缔约关系的界定路径-伏创宇-中国社会科学院大学法学院.pdf,81.0,1.73,72.75,10.38,78.25,4.92,85.0,2.12,88.25,0.43,69.25,8.32,82.51,10.17,5.37
293,raw/fullpaper/0293-中国法学-2024-6-国际商事仲裁强制性规定适用问题研究-高薇-北京大学法学院.pdf,67.5,24.62,85.25,0.43,47.5,4.82,79.0,2.24,78.5,0.87,78.5,4.97,70.85,12.7,7.3
294,raw/fullpaper/0294-中国法学-2018-5-国际条约适用于国内无涉外因素的民事关系探析-万鄂湘-国家高端智库武汉大学国际法研究所.pdf,75.5,7.26,81.75,2.49,58.75,17.94,79.25,8.32,79.5,3.64,73.25,4.92,77.9,17.58,8.58
295,raw/fullpaper/0295-中国法学-2024-1-国际民事诉讼管辖权的基础构造-宋晓-南京大学法学院.pdf,84.75,4.55,82.75,1.92,75.75,6.06,88.5,2.06,84.5,2.6,80.0,2.45,88.57,10.93,3.78
296,raw/fullpaper/0296-中国法学-2019-6-国际法视野下的中国国有企业改革-韩立余-中国人民大学法学院.pdf,56.25,14.31,61.75,31.96,65.0,8.34,77.75,6.1,84.0,4.69,72.25,4.38,67.15,20.15,13.42
297,raw/fullpaper/0297-中国法学-2016-6-国际海上班轮货物运输合同中强制性规则的适当性-胡绪雨-南开大学法学院.pdf,71.75,11.67,80.0,5.1,45.0,6.08,77.0,4.36,75.75,2.49,66.75,7.69,70.21,12.82,7.2
298,raw/fullpaper/0298-中国法学-2018-3-国际犯罪管辖和审理的制度建构与完善-于阜民-中国海洋大学.pdf,49.25,12.21,72.0,3.74,65.75,2.49,79.25,6.22,75.5,9.12,72.5,4.56,64.57,20.43,7.38
299,raw/fullpaper/0299-中国法学-2019-2-在_生活事实_与_法律要件_之间_证明责任分配对象的误识与回归-胡学军-南昌大学法学院.pdf,69.25,25.58,84.25,1.3,70.75,7.66,86.25,3.03,87.75,1.79,75.75,3.77,80.04,14.18,8.28
300,raw/fullpaper/0300-中国法学-2019-6-在全面依法治国实践中担当尽责沿着中国特色社会主义法治道路阔步前进-王晨-全国人大常委会.pdf,27.5,2.5,15.0,10.0,30.0,0.0,48.75,4.15,23.75,15.16,43.75,9.6,30.0,14.37,7.97
301,raw/fullpaper/0301-中国法学-2021-6-在法治轨道上有序推进_全过程人民民主-莫纪宏-中国社会科学院法学研究所.pdf,40.75,9.04,25.75,21.08,50.25,2.86,63.75,10.92,54.0,10.17,62.0,18.6,44.31,22.48,13.97
302,raw/fullpaper/0302-中国法学-2024-1-地方人大常委会在合宪性审查中的作用及其展开-温泽彬-西南政法大学行政法学院.pdf,70.0,6.48,77.75,2.68,85.75,6.42,78.75,4.66,85.75,1.3,79.5,3.2,79.66,12.7,4.77
303,raw/fullpaper/0303-中国法学-2021-3-地方政府双重负责的宪法内涵-于文豪-中央财经大学法学院.pdf,69.5,22.98,70.25,5.12,79.0,5.74,84.75,4.09,88.0,0.0,78.0,1.87,77.94,14.15,7.65
304,raw/fullpaper/0304-中国法学-2017-3-地方法治竞争范式及其制度约束-周尚君-西南政法大学行政法学院.pdf,66.75,3.03,76.0,4.0,68.5,8.17,83.0,4.85,88.5,4.09,69.5,5.32,76.06,14.08,5.65
305,raw/fullpaper/0305-中国法学-2017-1-地方立法行政许可设定权之法律解释_基于鲁潍案的分析-金自宁-北京大学.pdf,76.75,12.62,77.5,8.29,73.5,6.1,85.0,2.12,87.25,2.49,78.0,7.04,81.29,14.93,7.43
306,raw/fullpaper/0306-中国法学-2021-1-坚持以习近平法治思想为指导 谱写新时代全面依法治国新篇章-王晨-全国人大常委会.pdf,23.75,10.83,6.25,6.5,33.75,2.17,37.5,2.5,35.0,6.12,27.0,9.72,24.63,12.53,7.28
307,raw/fullpaper/0307-中国法学-2018-2-坚持依规治党-宋功德-中央办公厅法规局.pdf,32.5,2.5,30.0,15.0,43.75,2.17,67.5,13.16,39.25,4.38,46.25,14.31,42.13,15.43,9.92
308,raw/fullpaper/0308-中国法学-2015-5-坚持和发展中国特色社会主义法治理论-王乐泉-中国法学会.pdf,30.0,0.0,17.5,4.33,32.5,4.33,51.25,12.93,35.75,7.36,31.25,20.12,32.5,13.97,9.43
309,raw/fullpaper/0309-中国法学-2021-3-坚持抓住领导干部这个_关键少数-陈训秋-中国法学会.pdf,30.0,0.0,7.5,4.33,35.0,0.0,54.5,9.91,28.75,16.35,17.5,2.5,31.35,9.18,6.37
310,raw/fullpaper/0310-中国法学-2025-1-城乡融合发展视域下农村土地权利制度优化的实现路径-蔡立东-吉林大学法学院.pdf,48.75,4.15,50.75,16.18,47.5,3.2,82.5,2.69,77.75,9.18,66.75,6.83,56.94,15.83,8.13
311,raw/fullpaper/0311-中国法学-2018-3-城管柔性执法_非强制框架下的效益考虑与路径选择-刘福元-东北财经大学法学院.pdf,50.5,14.43,35.5,21.09,72.5,2.87,77.5,0.87,69.5,5.17,63.25,4.92,57.21,19.72,9.52
312,raw/fullpaper/0312-中国法学-2015-4-域外取得的刑事证据之可采性-冯俊伟-山东大学法学院.pdf,74.5,5.5,86.0,5.1,72.25,12.21,85.0,2.12,87.0,2.12,66.25,10.69,82.28,14.57,7.25
313,raw/fullpaper/0313-中国法学-2016-1-基于_相似性_本质的行政特许界定及其应用-翟翌-重庆大学法学院.pdf,63.75,6.65,81.25,2.59,84.0,5.34,78.25,2.49,77.5,2.87,65.5,7.92,77.85,12.25,5.37
314,raw/fullpaper/0314-中国法学-2022-1-基于信任的自动化决策_算法解释权的原理反思与制度重构-丁晓东-中国人民大学法学院.pdf,82.5,4.82,84.25,3.77,75.5,4.77,87.25,1.92,85.5,1.8,74.75,5.63,85.79,10.45,4.37
315,raw/fullpaper/0315-中国法学-2019-5-基于学术不端撤销学位的程序制度建构-高俊杰-深圳大学法学院.pdf,65.0,12.43,66.25,10.45,77.75,2.68,85.75,1.3,78.75,9.18,64.25,6.06,75.43,16.7,8.12
316,raw/fullpaper/0316-中国法学-2024-6-基于领域性支配的保证人义务_反思与重塑-张梓弦-北京大学法学院.pdf,82.25,8.32,85.0,4.12,86.0,3.67,88.75,2.59,86.75,1.3,77.0,2.12,88.09,11.3,4.25
317,raw/fullpaper/0317-中国法学-2021-4-基本原则与概括条款的区分_我国诚实信用与公序良俗的解释论构造-于飞-中国政法大学民商经济法学院.pdf,86.25,2.17,87.25,1.3,83.25,3.03,88.5,0.87,88.25,1.09,70.5,6.54,89.49,11.65,2.88
318,raw/fullpaper/0318-中国法学-2017-2-基本权利对民事法律行为效力的影响及其限度-刘志刚-复旦大学法学院.pdf,68.5,12.28,84.0,1.22,61.0,6.96,72.75,4.82,69.25,12.32,72.0,1.22,74.82,14.15,7.47
319,raw/fullpaper/0319-中国法学-2023-2-基本权利私人间效力法理基础的澄清与重构-杨登杰-北京航空航天大学法学院.pdf,86.5,6.73,89.5,1.66,72.0,13.21,89.5,1.66,89.0,1.0,81.25,2.59,90.35,10.23,5.18
320,raw/fullpaper/0320-中国法学-2022-5-境外追赃中犯罪资产分享制度研究-商浩文-北京师范大学法学院暨刑事法律科学研究院.pdf,35.0,0.0,58.75,2.59,69.75,9.86,76.0,1.22,84.25,2.49,75.25,3.27,56.37,11.15,3.75
321,raw/fullpaper/0321-中国法学-2017-1-境外追逃中的量刑承诺制度研究-张磊-北京师范大学刑事法律科学研究院.pdf,53.5,11.72,53.0,9.43,63.0,24.68,74.5,4.56,74.0,3.16,74.5,1.5,63.0,20.15,10.6
322,raw/fullpaper/0322-中国法学-2024-6-备案审查实施法制统一原则的必要性、可能性及其难点-秦前红-武汉大学法学院.pdf,38.75,10.83,69.25,4.38,44.25,7.01,82.75,2.77,82.5,1.5,70.5,3.64,57.25,10.28,5.8
323,raw/fullpaper/0323-中国法学-2023-1-大变局下中国式民主的制度优势与宪法保障-周佑勇-中央党校(国家行政学院)政治和法律教研部.pdf,30.0,0.0,41.75,8.32,33.75,10.23,62.5,4.82,47.75,11.97,61.25,4.15,41.07,16.52,7.6
324,raw/fullpaper/0324-中国法学-2017-1-大数据时代的隐私危机及其侵权法应对-徐明-武汉工商学院.pdf,45.0,12.25,69.0,7.97,63.0,6.28,75.75,3.77,73.75,1.79,66.0,5.34,61.06,16.83,7.2
325,raw/fullpaper/0325-中国法学-2024-5-大数据预测警务的运作机理、风险与法律规制-陈永生-北京大学法学院.pdf,53.75,17.3,53.75,14.46,68.0,13.02,79.5,1.66,81.25,2.59,65.75,3.77,65.32,17.98,10.15
326,raw/fullpaper/0326-中国法学-2020-5-大规模侵害个人信息高额罚款研究-孙莹-西南政法大学人工智能法学院.pdf,52.0,16.63,65.75,8.9,82.5,6.22,82.25,2.68,67.75,14.91,72.0,7.71,70.74,18.8,10.98
327,raw/fullpaper/0327-中国法学-2017-5-夫妻团体债务的认定及清偿-冉克平-武汉大学法学院.pdf,73.0,8.92,84.5,2.87,79.25,5.85,85.75,5.12,83.0,2.74,75.0,7.38,82.81,12.68,6.33
328,raw/fullpaper/0328-中国法学-2022-2-夫妻财产归属约定的法理明晰及规则适用-陈永强-中国计量大学法学院.pdf,70.0,17.68,86.0,0.0,73.5,7.4,86.25,1.79,83.75,1.79,61.25,4.15,81.21,12.6,6.32
329,raw/fullpaper/0329-中国法学-2023-2-央地关系中的法律保留-俞祺-北京大学法学院.pdf,77.5,19.36,78.0,5.83,80.5,5.72,86.0,1.22,88.75,0.83,78.75,4.66,83.15,12.18,7.25
330,raw/fullpaper/0330-中国法学-2016-4-央地关系视角下的司法改革_动力与挑战-姜峰-山东大学法学院.pdf,70.0,15.0,71.75,6.02,58.0,3.08,80.0,2.0,86.75,1.3,74.75,5.8,73.65,12.72,6.38
331,raw/fullpaper/0331-中国法学-2017-6-奋力建设法治政府-袁曙宏-国务院法制办公室党组.pdf,30.0,0.0,7.5,7.5,32.5,2.5,46.25,11.39,34.5,9.12,22.5,7.5,28.97,9.72,7.32
332,raw/fullpaper/0332-中国法学-2020-3-契约文明起源考_以古代西亚为中心-魏琼-华东政法大学.pdf,32.5,2.5,34.5,15.91,35.0,3.54,68.5,4.09,57.25,8.7,30.0,11.73,41.88,15.53,8.93
333,raw/fullpaper/0333-中国法学-2020-4-婚姻家庭编的创新和发展-夏吟兰-中国政法大学.pdf,33.75,2.17,40.5,23.51,38.75,6.83,78.0,6.0,55.5,14.77,70.75,5.63,46.63,18.25,11.33
334,raw/fullpaper/0334-中国法学-2019-2-存款占有的归属与财产犯罪的界限-钱叶六-华东师范大学法学院.pdf,79.0,3.67,82.75,3.11,78.25,6.02,82.75,5.72,84.25,1.3,70.0,5.0,83.63,16.58,4.77
335,raw/fullpaper/0335-中国法学-2024-1-存疑有利于被告原则及司法适用-龙宗智-四川大学法学院.pdf,63.0,13.77,79.75,5.67,62.0,24.78,86.0,4.69,84.25,2.49,77.0,3.0,75.18,19.8,10.48
336,raw/fullpaper/0336-中国法学-2024-5-完善推进法治社会建设机制-李林-中国社会科学院法学研究所.pdf,28.75,2.17,10.0,6.12,38.0,7.71,50.0,6.67,35.0,3.54,52.5,8.29,30.97,10.93,6.65
337,raw/fullpaper/0337-中国法学-2015-6-定罪与量刑证明一分为二论-吕泽华-青岛大学法学院.pdf,55.25,15.99,79.5,1.66,50.0,18.03,84.0,3.67,72.5,16.53,53.75,16.86,68.79,18.3,14.0
338,raw/fullpaper/0338-中国法学-2023-5-实体与程序互动视野下的刑事合规立法-李本灿-山东大学法学院.pdf,85.0,2.12,88.0,0.0,77.25,6.38,85.25,0.43,84.25,3.77,80.5,3.64,89.4,11.92,3.13
339,raw/fullpaper/0339-中国法学-2018-2-实行犯的对象错误与教唆犯的归责问题-柏浪涛-华东师范大学法学院.pdf,81.0,3.94,86.5,1.5,85.75,1.3,91.0,1.0,88.5,3.57,73.5,6.1,88.49,12.45,3.33
340,raw/fullpaper/0340-中国法学-2025-2-实质法益保护理念下行政犯行刑反向衔接机制的展开-刘艳红-中国政法大学刑事司法学院.pdf,56.25,16.41,60.0,7.04,63.25,15.29,76.25,5.4,77.75,7.29,54.5,6.38,65.07,18.03,11.12
341,raw/fullpaper/0341-中国法学-2015-5-实验法院_近代中国司法改革的一次地方试点-刘昕杰-四川大学法学院.pdf,39.5,7.3,32.5,14.36,41.25,6.5,83.75,1.79,66.0,12.9,59.25,9.68,48.57,16.25,10.12
342,raw/fullpaper/0342-中国法学-2018-2-审判委员会制度改革路径实证研究-无-徐向华课题组.pdf,53.75,11.8,37.5,12.99,60.75,14.2,80.5,5.72,80.75,2.95,77.0,2.12,57.46,19.28,9.57
343,raw/fullpaper/0343-中国法学-2016-6-宪法个案解释基准的证成逻辑及其法律控制-汪进元-东南大学法学院.pdf,55.75,11.23,83.5,3.2,65.0,6.28,74.5,7.92,72.75,8.7,76.25,7.4,71.32,16.92,8.6
344,raw/fullpaper/0344-中国法学-2025-2-宪法实施情况报告制度的理论阐释和体系构建-李云霖-湘潭大学法学院.pdf,47.5,8.29,65.75,2.49,44.5,4.27,82.25,1.79,77.5,3.57,69.5,3.64,59.44,10.6,4.63
345,raw/fullpaper/0345-中国法学-2015-2-宪法的全球化_历史起源、当代潮流与理论反思-刘晗-清华大学法学院.pdf,44.5,6.58,77.0,3.0,38.75,2.17,82.25,3.34,80.25,4.82,59.75,9.01,60.01,16.07,5.58
346,raw/fullpaper/0346-中国法学-2022-1-家庭法介入家庭关系的界限及其对婚姻家庭编实施的启示-夏江皓-中国政法大学.pdf,74.75,8.35,65.75,5.12,77.75,4.38,87.0,1.58,86.5,1.5,79.25,5.85,79.04,17.23,5.15
347,raw/fullpaper/0347-中国法学-2025-1-宽容原则之上_法律解释与存疑有利于被告-郭烁-中国政法大学诉讼法学研究院.pdf,86.5,1.5,85.5,4.33,76.75,4.44,87.0,2.12,87.75,1.79,77.0,4.06,87.66,11.4,3.5
348,raw/fullpaper/0348-中国法学-2016-5-对_南海仲裁案_的反思_中国如何为国际法治做出贡献-傅崐成-厦门大学南海研究院.pdf,30.0,10.0,19.25,4.66,40.25,2.86,71.75,5.63,58.0,5.87,55.5,4.27,39.1,18.38,6.4
349,raw/fullpaper/0349-中国法学-2019-2-对我国民事诉判关系的再思考-王杏飞-西南政法大学.pdf,58.25,19.4,82.25,1.79,67.0,5.43,70.25,13.72,82.0,5.79,71.75,2.05,71.26,16.92,9.28
350,raw/fullpaper/0350-中国法学-2017-3-对民事二审中撤回起诉的再认识-王杏飞-西南政法大学高等研究院.pdf,61.5,13.29,78.0,4.06,71.75,10.21,81.25,3.27,77.5,10.16,81.25,4.66,76.84,14.22,8.8
351,raw/fullpaper/0351-中国法学-2015-4-对民事判决书结构与说理的重塑-曹志勋-上海交通大学凯原法学院.pdf,61.0,16.02,72.0,10.17,82.5,6.18,85.25,2.17,85.0,2.12,73.75,4.15,76.09,18.72,7.83
352,raw/fullpaper/0352-中国法学-2015-3-寻衅滋事罪的法教义学形象_以起哄闹事为中心展开-陈兴良-北京大学法学院.pdf,58.75,19.8,64.25,6.06,51.75,15.53,86.25,3.63,83.25,3.03,61.75,9.44,68.28,18.77,11.07
354,raw/fullpaper/0354-中国法学-2019-5-工伤排除规则重构_从过错到因果-侯玲玲-深圳大学法学院.pdf,85.0,2.12,65.5,23.52,71.0,11.98,79.0,1.73,76.0,8.86,77.5,4.33,79.53,18.5,10.1
355,raw/fullpaper/0355-中国法学-2019-1-市场与政府关系的法学解构-侯利阳-上海交通大学凯原法学院.pdf,63.0,25.08,63.0,37.13,78.75,6.06,83.75,3.77,74.5,11.72,67.0,5.43,73.66,24.92,17.17
356,raw/fullpaper/0356-中国法学-2019-6-市场主体规则平等的理论阐释与法律制度构建-刘大洪-湖北经济学院法学院.pdf,36.25,2.17,45.5,20.93,63.25,6.98,83.0,3.61,81.75,2.49,63.75,10.92,54.19,16.1,9.08
357,raw/fullpaper/0357-中国法学-2023-2-平台用工的_劳动三分法_治理模式-王天玉-中国社会科学院法学研究所.pdf,75.0,19.09,82.5,2.5,76.75,3.7,87.0,2.12,89.0,1.0,83.0,1.22,84.9,12.77,5.7
358,raw/fullpaper/0358-中国法学-2021-6-平台组织内网络企业对个人信息保护的信义义务-吴伟光-清华大学法学院.pdf,60.5,18.83,79.75,3.03,52.75,13.99,76.75,1.3,83.75,1.3,49.25,14.29,69.49,20.12,10.15
359,raw/fullpaper/0359-中国法学-2024-2-平台金融化规制路径的反思与重构_以长租平台为例-冯辉-对外经济贸易大学法学院.pdf,44.5,5.55,64.25,3.34,81.0,2.24,81.5,3.91,82.25,2.68,77.0,2.12,64.29,10.58,3.82
360,raw/fullpaper/0360-中国法学-2018-5-应对灵活用工的劳动法制度重构-涂永前-中国人民大学劳动人事学院.pdf,61.75,12.32,62.0,25.29,62.0,11.25,74.25,8.44,72.5,10.31,67.5,2.87,67.79,22.95,13.55
361,raw/fullpaper/0361-中国法学-2017-6-庭审中心视域下的民事审前准备程序研究-段文波-西南政法大学.pdf,69.0,6.71,90.0,4.9,81.25,3.96,87.5,5.72,74.0,17.36,67.5,10.9,75.0,14.68,9.53
362,raw/fullpaper/0362-中国法学-2017-6-建设中国特色社会主义法治文化-张苏军-中国法学会党组.pdf,30.0,0.0,5.0,5.0,23.75,8.93,26.25,7.4,33.75,7.4,21.25,9.6,22.13,10.6,7.37
363,raw/fullpaper/0363-中国法学-2020-4-张居正改革中的考成法考论-陈国平-中国社会科学院法学研究所.pdf,32.5,2.5,45.5,8.5,50.0,5.0,83.5,2.06,51.5,6.26,68.75,4.66,50.65,13.08,5.58
364,raw/fullpaper/0364-中国法学-2017-4-强制预防接种补偿责任的性质与构成-伏创宇-中国青年政治学院法学院.pdf,75.0,2.12,67.5,8.56,85.0,7.68,85.0,7.0,81.75,2.49,78.25,2.49,80.35,15.68,5.85
365,raw/fullpaper/0365-中国法学-2015-6-当代中国的法律实证研究-程金华-华东政法大学国际金融法律学院、法律实证研究中心.pdf,38.75,4.15,73.25,2.38,36.5,1.5,81.75,5.63,80.0,5.83,60.75,4.38,56.59,12.82,4.6
366,raw/fullpaper/0366-中国法学-2018-2-形式与实质之争_税法视域的检讨-汤洁茵-中国社会科学院大学政法学院.pdf,87.5,2.18,82.75,1.92,60.5,24.15,85.0,2.12,87.25,1.3,60.5,10.16,84.03,15.43,8.03
367,raw/fullpaper/0367-中国法学-2017-4-恶意串通法律规范的合理性-张平华-烟台大学法学院.pdf,75.75,12.32,79.5,3.64,84.5,5.77,84.5,1.5,84.75,2.77,79.0,2.24,83.24,11.87,5.43
368,raw/fullpaper/0368-中国法学-2015-2-成年监护制度的现代转向-李霞-华东政法大学.pdf,57.25,14.86,82.25,6.5,74.0,7.97,71.75,10.08,80.0,2.0,73.5,4.56,72.5,16.97,8.85
369,raw/fullpaper/0369-中国法学-2019-1-我国_证券法_上证券概念的扩大及其边界-邢会强-不详.pdf,53.0,18.36,67.75,4.38,73.0,8.34,76.0,6.12,76.0,8.25,78.25,4.09,68.41,18.85,9.53
370,raw/fullpaper/0370-中国法学-2025-1-我国专利制度现代化的自主逻辑体系建构-马一德-中国科学院大学知识产权学院.pdf,32.5,4.33,54.5,9.12,41.75,4.6,75.5,7.63,78.75,4.32,79.75,4.82,49.43,14.18,6.7
371,raw/fullpaper/0371-中国法学-2018-5-我国个人敏感信息界定之构想-胡文涛-上海海事大学法学院.pdf,74.75,9.93,81.5,2.18,73.5,7.76,85.75,5.12,82.0,3.08,73.75,2.17,81.71,13.65,5.83
372,raw/fullpaper/0372-中国法学-2020-5-我国保险法因果关系判断路径与规则-初北平-大连海事大学保险法研究中心.pdf,73.0,1.22,85.25,1.79,60.5,24.75,83.25,3.03,78.0,3.74,70.5,3.64,79.09,16.22,7.35
373,raw/fullpaper/0373-中国法学-2020-5-我国公共卫生法治的理论坐标与制度构建-李广德-中国社会科学院法学研究所.pdf,33.75,6.5,78.0,3.67,46.25,3.03,81.5,3.5,79.0,5.34,65.25,13.48,57.6,13.1,6.83
374,raw/fullpaper/0374-中国法学-2016-5-我国养老基金投资的审慎投资人规则-张春丽-中国政法大学民商经济法学院.pdf,80.25,5.21,63.75,14.46,81.75,2.49,85.75,4.49,79.0,2.24,80.0,3.81,82.93,15.62,6.3
375,raw/fullpaper/0375-中国法学-2025-2-我国农村集体养老的法律制度供给-李蕊-中国政法大学民商经济法学院.pdf,31.75,17.37,64.75,0.43,70.25,7.46,84.0,3.67,85.75,3.77,75.75,2.49,58.6,14.7,6.77
376,raw/fullpaper/0376-中国法学-2021-5-我国刑事缺席审判程序中的异议权-邵劭-杭州师范大学沈钧儒法学院.pdf,77.75,7.89,77.75,4.71,80.0,5.83,84.0,3.67,85.5,2.29,71.25,3.77,82.62,11.33,5.38
377,raw/fullpaper/0377-中国法学-2016-6-我国刑事证据推理模式的转型_从日常思维到精密论证-封利强-浙江工商大学法学院.pdf,50.25,17.33,77.0,4.85,83.5,3.2,86.5,1.5,78.25,6.65,78.5,3.91,73.94,14.72,7.2
378,raw/fullpaper/0378-中国法学-2022-2-我国刑法制裁体系的反思与完善-彭文华-上海政法学院.pdf,47.25,7.76,64.75,8.98,47.5,17.63,81.0,3.08,74.5,5.77,73.25,4.92,59.35,17.2,9.3
379,raw/fullpaper/0379-中国法学-2017-5-我国刑法的新发展-郎胜-全国人大常委会 全国人大法律委员会.pdf,31.25,2.17,30.0,10.0,40.0,3.54,78.0,6.96,36.75,4.92,62.5,4.82,43.5,12.8,6.23
380,raw/fullpaper/0380-中国法学-2016-4-我国受贿罪量刑地区差异问题实证研究-王剑波-首都经济贸易大学法学院.pdf,51.75,9.04,47.5,10.31,69.75,8.26,82.0,3.08,57.0,32.93,61.25,4.15,61.04,23.75,13.03
381,raw/fullpaper/0381-中国法学-2021-4-我国成文法体制下不同属性判例的功能定位-顾培东-四川大学法学院.pdf,53.0,18.96,63.0,15.07,69.5,15.07,85.5,2.87,85.75,1.3,77.75,1.79,68.91,16.92,10.6
382,raw/fullpaper/0382-中国法学-2021-6-我国政府架构下的权力配置模式及其定型化-门中敬-山东大学法学院(威海).pdf,54.25,9.96,87.75,4.38,62.75,3.96,82.25,2.68,72.0,9.97,67.5,3.64,73.22,13.77,6.67
383,raw/fullpaper/0383-中国法学-2025-2-我国权责清单制度质效研究-刘启川-东南大学法学院.pdf,76.5,6.98,69.75,14.29,73.0,9.43,87.0,3.0,83.25,3.7,81.0,2.74,81.76,15.62,7.75
384,raw/fullpaper/0384-中国法学-2018-1-我国民事司法多元化改革的现状与未来-周翠-浙江大学光华法学院.pdf,66.0,13.91,75.5,1.66,35.75,8.17,80.0,7.87,78.0,4.9,78.25,5.4,66.19,14.2,8.07
385,raw/fullpaper/0385-中国法学-2015-2-我国民事庭审阶段化构造再认识-段文波-西南政法大学.pdf,76.5,7.23,81.5,6.87,83.0,4.36,83.75,1.79,86.5,2.6,75.0,0.0,83.53,11.72,4.38
386,raw/fullpaper/0386-中国法学-2015-2-我国民事案件开庭审理程序与方式之检讨与重塑-章武生-复旦大学法学院.pdf,51.75,13.2,67.5,7.63,50.75,5.85,78.25,6.34,77.0,2.12,72.5,5.59,64.51,17.68,7.83
387,raw/fullpaper/0387-中国法学-2019-4-我国民事管辖审查程序的反思与修正-段文波-西南政法大学.pdf,65.0,16.72,82.5,4.82,82.75,3.11,83.25,3.7,81.75,2.49,66.5,8.2,79.54,13.9,7.53
388,raw/fullpaper/0388-中国法学-2019-4-我国民法典中的成年人自主监护_理念与规则-费安玲-中国政法大学比较法研究院.pdf,67.75,6.42,75.5,2.6,75.0,7.38,82.0,2.45,76.0,3.67,78.75,2.59,77.21,13.4,4.82
389,raw/fullpaper/0389-中国法学-2024-1-我国海洋法权的宪法规范构建-杨华-上海政法学院.pdf,28.25,5.4,68.25,4.09,53.0,2.12,68.5,3.5,80.0,5.83,60.0,3.81,51.5,11.57,4.73
390,raw/fullpaper/0390-中国法学-2017-3-我国环境公益诉讼制度的建构问题与解决对策-罗丽-北京理工大学法学院.pdf,44.0,3.46,63.5,2.96,58.0,5.87,75.75,2.86,78.5,2.87,64.25,7.19,58.53,11.0,4.85
391,raw/fullpaper/0391-中国法学-2018-4-我国电子商务法调整的社会关系范围-刘颖-暨南大学法学院.pdf,57.0,15.31,59.5,25.14,64.0,14.51,77.75,1.79,82.25,4.38,77.25,5.07,66.71,24.85,12.77
392,raw/fullpaper/0392-中国法学-2017-4-我国监察体制改革若干问题思考-陈光中-国家2011计划司法文明协同创新中心.pdf,39.5,7.3,46.0,8.6,46.25,10.23,79.0,4.58,67.5,7.63,70.75,4.66,51.51,19.23,8.27
393,raw/fullpaper/0393-中国法学-2023-6-我国立法权的内在构成及其配置原理的完善-杨登峰-东南大学法学院.pdf,79.75,4.82,74.0,3.67,87.75,9.18,83.75,3.42,84.25,1.48,82.25,1.79,85.75,13.85,4.68
394,raw/fullpaper/0394-中国法学-2015-6-我国第三人撤销之诉的实践运行研究-郑金玉-河南大学法学院.pdf,65.75,21.29,71.0,9.92,76.0,5.34,80.75,5.17,83.75,2.17,69.5,6.54,75.32,24.42,9.72
395,"raw/fullpaper/0395-中国法学-2020-4-我国继承制度的完善与规则适用-杨立新-中国人民大学法学院,中国人民大学民商事法律科学研究中心.pdf",35.0,0.0,45.75,14.89,34.25,3.77,68.5,7.89,55.75,7.19,52.5,25.36,45.28,20.28,11.37
396,raw/fullpaper/0396-中国法学-2024-2-我国继承法自主知识体系的守正与创新-马新彦-吉林大学法学院.pdf,59.75,10.85,60.5,29.37,74.75,6.76,81.25,1.92,84.25,1.3,76.75,4.92,70.63,19.9,10.6
397,raw/fullpaper/0397-中国法学-2015-1-我国网络信息的政府治理机制研究-尹建国-华中科技大学法学院.pdf,33.5,3.2,56.75,16.02,65.0,6.28,76.5,6.1,76.75,3.7,63.25,5.8,54.65,19.72,7.92
398,raw/fullpaper/0398-中国法学-2018-3-我国网络法治的经验与启示-徐汉明-中南财经政法大学法治发展与司法改革研究中心.pdf,26.25,6.5,35.75,21.66,38.0,7.71,55.0,10.46,45.0,7.07,79.5,6.18,37.32,17.88,11.47
399,raw/fullpaper/0399-中国法学-2021-4-我国行政法法典编纂的程序主义进路选择-王万华-中国政法大学诉讼法学研究院.pdf,80.25,3.96,71.75,6.02,79.25,4.87,88.75,2.59,89.0,1.0,72.5,7.63,83.07,11.53,5.02
400,raw/fullpaper/0400-中国法学-2023-2-我国行政给付义务类型化及其法律拘束-胡敏洁-浙江大学光华法学院.pdf,56.0,16.25,70.0,3.81,72.0,3.74,82.5,2.87,81.75,2.49,67.5,7.5,71.35,14.02,7.07
401,raw/fullpaper/0401-中国法学-2023-3-我国证券集体诉讼的制度创制与初步实践研究-焦津洪-中国证监会.pdf,50.75,19.73,82.0,3.08,53.25,8.61,86.75,5.8,70.5,13.52,73.75,10.64,70.01,17.58,11.82
402,raw/fullpaper/0402-中国法学-2017-2-我国证券集团诉讼的模式选择与制度重构-章武生-复旦大学法学院.pdf,61.0,7.97,43.25,18.18,45.75,3.77,79.5,4.56,85.0,4.3,60.5,3.64,58.49,15.93,8.17
403,raw/fullpaper/0403-中国法学-2024-6-我国轻罪案件的程序实践检讨-张栋-华东政法大学刑事法学院.pdf,81.0,7.28,74.75,6.3,59.25,4.38,82.0,7.04,78.5,5.22,79.5,4.15,78.93,14.65,6.62
404,raw/fullpaper/0404-中国法学-2023-5-我国逮捕与羁押制度改革若干问题探讨-陈光中-中国政法大学.pdf,73.75,12.21,70.0,6.78,67.5,13.16,76.25,4.15,84.25,2.49,74.75,5.97,75.35,16.9,8.62
405,raw/fullpaper/0405-中国法学-2019-5-我国逮捕制度改革检讨-刘计划-中国人民大学刑事法律科学研究中心.pdf,61.25,21.49,64.25,7.01,61.5,11.86,77.75,4.6,70.25,8.98,62.75,25.9,68.88,26.55,15.37
406,raw/fullpaper/0406-中国法学-2023-4-我国金融机构股东加重责任的扩张与规范-赖虹宇-西南财经大学法学院.pdf,76.25,15.3,86.5,2.06,60.0,10.3,86.0,1.22,83.25,2.38,79.5,2.6,81.09,11.98,6.53
407,raw/fullpaper/0407-中国法学-2020-5-我国飞跃上诉的制度构建_兼论有限三审制的改革路径-方斯远-暨南大学法学院_知识产权学院.pdf,82.75,3.96,83.5,2.6,85.75,2.49,87.75,1.79,87.75,1.79,82.25,1.79,89.63,8.85,2.8
408,raw/fullpaper/0408-中国法学-2015-3-我国食品安全责任强制保险的法律构造研究-于海纯-对外经济贸易大学法学院.pdf,38.0,3.08,72.5,4.39,60.25,14.6,80.5,3.2,89.0,4.64,82.5,4.33,60.04,14.58,6.62
409,raw/fullpaper/0409-中国法学-2023-5-执行价款分配模式转型之辨-陈杭平-清华大学法学院.pdf,86.5,1.5,87.25,3.11,79.25,2.95,89.25,1.64,85.25,2.17,78.5,0.87,89.04,9.72,2.35
410,raw/fullpaper/0410-中国法学-2020-1-执行时效期间的再改革-霍海红-浙江大学光华法学院.pdf,67.75,15.3,75.0,2.24,55.0,18.43,85.75,2.49,86.75,1.3,77.0,5.39,74.44,14.58,8.7
411,raw/fullpaper/0411-中国法学-2018-4-承包地三权分置的法律表达-高圣平-中国人民大学民商事法律科学研究中心.pdf,66.75,18.55,81.25,1.92,80.75,9.42,87.0,2.12,86.5,2.96,61.25,2.59,80.4,12.8,7.22
412,raw/fullpaper/0412-中国法学-2023-3-投资者保护基金先行赔付制度的反思与重构-袁康-武汉大学法学院.pdf,78.75,9.6,74.5,1.5,68.5,7.89,87.5,5.72,85.0,3.0,80.5,1.66,83.0,14.9,5.65
413,raw/fullpaper/0413-中国法学-2017-6-抢劫罪与敲诈勒索罪之界分_基于被害人的处分自由-车浩-北京大学法学院.pdf,81.0,5.34,84.0,2.92,87.0,2.12,93.0,2.12,90.25,3.03,68.5,6.06,88.59,10.28,4.15
414,raw/fullpaper/0414-中国法学-2016-1-担保物权司法解释起草中的重大争议问题-高圣平-中国人民大学民商事法律科学研究中心.pdf,56.25,18.95,67.5,25.26,63.0,7.38,71.0,9.3,81.75,2.28,71.25,4.15,66.56,19.58,12.95
415,raw/fullpaper/0415-中国法学-2016-3-指定居所监视居住实施问题的解释论分析-程雷-中国人民大学刑事法律科学研究中心.pdf,75.25,9.26,77.25,3.96,61.75,4.09,86.25,3.03,84.75,0.83,74.5,4.56,78.93,15.23,4.97
416,raw/fullpaper/0416-中国法学-2015-1-指导性案例法源地位再反思-雷磊-中国政法大学法理学研究所.pdf,75.0,17.32,77.5,6.58,81.0,4.06,89.0,0.71,87.25,1.3,79.25,4.38,82.94,14.97,6.62
417,raw/fullpaper/0417-中国法学-2018-5-损害救济新旧法适用选择的过渡法规则-刘国乾-云南大学法学院.pdf,60.0,17.2,75.5,5.72,84.25,1.3,86.5,5.17,84.0,1.22,73.0,2.12,77.16,15.62,6.3
418,raw/fullpaper/0418-中国法学-2024-4-控制性详细规划的法律定位及控制-李泠烨-上海师范大学哲学与法政学院.pdf,77.0,14.44,82.5,1.5,84.5,7.26,89.75,2.05,78.5,16.45,82.25,1.79,87.62,12.7,8.38
419,raw/fullpaper/0419-中国法学-2022-6-推进中国式法治现代化 构建人类法治文明新形态——对党的二十大报告的法治要义阐释-黄文艺-中国人民大学法学院.pdf,31.25,2.17,38.75,16.35,43.75,2.17,57.25,10.52,55.0,12.75,36.25,8.93,41.34,18.55,10.17
420,raw/fullpaper/0420-中国法学-2016-2-提高民事诉讼证明标准的理论反思-霍海红-吉林大学法学院.pdf,76.0,13.91,85.5,1.5,52.25,12.77,89.75,2.86,78.75,5.54,78.75,5.63,80.28,13.27,8.13
421,raw/fullpaper/0421-中国法学-2016-3-政府信息公开的宪法逻辑-秦小建-中南财经政法大学.pdf,72.75,17.78,64.5,26.55,77.75,6.1,90.5,3.64,87.5,0.87,76.25,3.03,78.87,17.93,11.15
422,raw/fullpaper/0422-中国法学-2017-4-政府规制中的信用工具研究-王瑞雪-南开大学法学院.pdf,45.75,7.36,76.5,8.17,65.5,8.26,85.0,2.12,80.75,5.17,66.75,3.7,65.71,16.13,6.68
423,raw/fullpaper/0423-中国法学-2017-3-敌意收购的法律立场-傅穹-吉林大学法学院.pdf,64.25,16.93,86.5,5.17,62.5,7.63,82.0,2.55,84.25,1.3,75.0,6.28,76.35,13.68,7.68
424,raw/fullpaper/0424-中国法学-2025-2-敏感个人信息保护制度的解释性重构-丁晓东-中国人民大学法学院.pdf,77.5,4.82,84.5,3.64,66.5,8.2,80.75,3.27,87.0,1.22,74.0,5.1,80.97,11.98,5.07
425,raw/fullpaper/0425-中国法学-2024-4-教育法法典化的规范选择-管华-广西大学法学院.pdf,64.5,17.1,85.5,4.56,80.5,8.29,88.75,2.17,74.5,13.68,70.75,8.32,75.0,16.13,10.42
426,raw/fullpaper/0426-中国法学-2024-3-数字丝绸之路跨国法律秩序的建构与完善-彭岳-南京大学法学院.pdf,69.25,14.8,80.0,1.41,82.0,5.79,84.5,4.27,78.25,2.49,76.25,3.03,80.62,11.67,6.12
427,raw/fullpaper/0427-中国法学-2024-3-数字人权原则司法适用的逻辑展开-高一飞-浙江工商大学法学院.pdf,54.75,24.77,74.5,4.56,76.75,3.7,76.75,5.26,73.0,18.01,64.25,2.59,71.46,15.98,11.35
428,raw/fullpaper/0428-中国法学-2024-1-数字人身同一认定的技术力量与规制-李学军-中国人民大学法学院.pdf,64.0,10.32,72.0,3.74,68.5,12.68,84.25,3.77,84.5,1.5,72.5,2.87,74.44,14.58,6.68
429,raw/fullpaper/0429-中国法学-2023-6-数字化时代国际贸易协定中的文化条款-时业伟-北京师范大学法学院.pdf,50.0,14.82,58.5,11.28,42.75,3.96,69.25,4.38,73.0,5.43,68.0,9.72,55.25,18.02,9.55
430,raw/fullpaper/0430-中国法学-2021-3-数字化行政方式的权力正当性检视-展鹏贺-湖南大学法学院.pdf,71.25,23.91,70.75,4.87,71.75,10.8,86.75,3.03,85.25,2.17,77.0,2.12,77.87,15.9,9.02
431,raw/fullpaper/0431-中国法学-2023-4-数字时代个人信用权的构造与规制-冉克平-武汉大学法学院.pdf,56.75,20.17,78.5,11.84,81.0,7.97,87.5,3.57,86.0,1.22,49.25,11.9,75.38,16.95,10.9
432,raw/fullpaper/0432-中国法学-2024-4-数字时代科学立法的法理研究-金梦-华东政法大学法律学院.pdf,37.5,4.33,72.5,5.72,30.0,11.05,79.0,4.58,59.75,15.07,69.25,2.59,54.18,15.2,8.35
433,raw/fullpaper/0433-中国法学-2023-2-数字时代隐私权的社会理论重构-余成峰-北京航空航天大学法学院.pdf,73.0,9.0,79.5,1.66,76.75,3.7,86.0,4.69,86.5,1.5,76.5,3.35,81.25,11.15,4.6
434,raw/fullpaper/0434-中国法学-2023-1-数字法学的前提性命题与核心范式-彭诚信-上海交通大学凯原法学院.pdf,56.25,2.17,76.75,3.42,76.75,3.42,85.25,4.55,85.25,0.43,66.75,4.66,74.51,16.6,3.58
435,raw/fullpaper/0435-中国法学-2022-3-数字法学的理论表达-马长山-华东政法大学.pdf,34.25,6.26,82.75,6.38,56.25,31.36,82.75,6.3,74.0,7.07,81.25,4.15,60.96,14.68,11.85
436,raw/fullpaper/0436-中国法学-2025-1-数字法学范畴体系的分层结构与逻辑展开-任颖-广东外语外贸大学法学院.pdf,31.25,5.45,58.0,10.68,85.25,8.17,82.5,2.87,79.75,3.34,62.0,3.74,59.13,13.33,6.58
437,raw/fullpaper/0437-中国法学-2022-4-数字法学视野下的网络空间治理-何邦武-南京航空航天大学人文与社会科学学院.pdf,50.0,11.18,68.0,4.3,40.5,0.87,76.0,6.16,72.75,4.97,64.5,4.77,58.68,15.17,6.2
438,raw/fullpaper/0438-中国法学-2023-1-数字经济时代我国数据犯罪刑法规制的挑战与应对-杨志琼-东南大学法学院.pdf,79.5,5.72,79.0,3.67,82.5,7.63,83.25,5.26,81.25,2.59,82.0,2.55,85.79,14.12,5.27
439,raw/fullpaper/0439-中国法学-2024-5-数字财产权对传统财产权理论的重构-孙建伟-上海市法学会研究部.pdf,40.0,10.61,54.0,13.47,55.5,11.08,81.0,3.67,78.0,3.67,73.75,5.85,55.68,14.9,9.3
440,raw/fullpaper/0440-中国法学-2023-4-数字金融公平价值的实现路径研究-靳文辉-重庆大学法学院.pdf,58.25,9.04,83.25,6.76,55.75,5.12,80.0,3.81,79.0,1.73,56.75,3.03,70.81,13.5,5.67
441,raw/fullpaper/0441-中国法学-2025-1-数据产权登记的基本问题研究-孙莹-西南政法大学民商法学院.pdf,69.75,11.97,86.5,1.5,88.25,2.49,91.25,3.77,87.75,1.79,76.5,2.6,85.01,14.25,4.63
442,raw/fullpaper/0442-中国法学-2021-2-数据爬取的正当性及其边界-许可-对外经济贸易大学法学院.pdf,84.25,7.5,72.25,8.32,90.0,1.41,86.25,1.3,85.0,2.12,82.5,2.5,87.91,16.92,4.45
443,raw/fullpaper/0443-中国法学-2022-4-数据科技伦理法律化问题探究-黎四奇-湖南大学法学院.pdf,32.5,2.5,49.5,19.19,42.5,1.8,67.0,3.0,60.25,11.67,60.0,3.81,46.38,14.67,8.1
444,raw/fullpaper/0444-中国法学-2022-4-数据财产的权利架构与规则展开-沈健州-清华大学法学院.pdf,74.25,7.5,87.75,1.79,85.0,2.12,88.0,0.0,79.5,12.44,75.5,4.77,85.56,11.1,5.52
445,raw/fullpaper/0445-中国法学-2024-4-数据资产入表的法律配置-张素华-武汉大学法学院.pdf,50.5,17.27,74.75,9.26,82.0,3.74,82.75,3.11,72.75,8.7,78.25,4.09,72.35,15.85,8.87
446,raw/fullpaper/0446-中国法学-2022-1-数智化社会的法律调控-齐延平-北京理工大学法学院.pdf,49.25,14.29,76.5,7.53,62.0,9.46,85.5,2.6,64.0,19.9,83.75,2.17,66.44,18.38,10.77
447,raw/fullpaper/0447-中国法学-2021-2-整体主义视角下公司法的理念调适与体系重塑-冯果-武汉大学法学院.pdf,49.5,12.38,78.5,3.91,71.0,5.74,82.75,3.11,84.5,1.5,79.5,3.64,67.94,16.55,5.82
448,raw/fullpaper/0448-中国法学-2025-1-文化法治体系的法理意蕴与实践展开-杨清望-中南大学法学院.pdf,33.25,2.05,55.5,7.26,43.0,4.12,51.75,2.05,64.0,12.79,72.5,4.33,44.56,11.13,6.3
449,raw/fullpaper/0449-中国法学-2024-5-文明转型中权利概念的历史场域与理论范式-张恒山-天津大学法学院.pdf,56.5,11.8,84.0,2.12,55.5,11.32,76.25,3.03,79.0,1.73,71.75,4.09,70.44,13.65,6.55
450,raw/fullpaper/0450-中国法学-2022-3-新一代法律智能系统的逻辑推理和论证说理-刘东亮-西安交通大学法学院.pdf,66.75,13.1,70.5,7.92,63.75,10.69,83.75,1.79,78.75,5.45,75.75,2.49,74.1,15.25,7.97
451,raw/fullpaper/0451-中国法学-2019-5-新中国国际法学70年_历程、贡献与发展方向-杨泽伟-武汉大学国际法研究所.pdf,35.0,0.0,55.0,10.0,31.25,12.44,52.5,2.5,68.5,9.23,65.25,8.7,43.16,17.88,8.25
452,raw/fullpaper/0452-中国法学-2020-2-新出土金文所见西周罚金刑研究-雷安军-重庆大学法学院.pdf,80.25,5.21,79.0,1.73,61.25,13.86,79.75,4.49,78.0,4.9,63.25,5.36,79.49,17.52,6.85
453,raw/fullpaper/0453-中国法学-2024-5-新就业形态法律关系认定规则-娄宇-中国政法大学民商经济法学院.pdf,73.75,14.31,81.25,4.15,80.0,8.92,82.75,3.96,89.0,1.73,80.75,2.95,83.74,11.98,6.93
454,raw/fullpaper/0454-中国法学-2019-1-新时代_德法合治_方略的哲理思考-龙大轩-西南政法大学.pdf,32.5,4.33,55.5,11.32,46.25,3.03,66.5,1.5,55.75,11.69,47.5,10.31,48.34,14.65,8.12
455,raw/fullpaper/0455-中国法学-2023-1-新时代中国国际法理论的发展-何志鹏-吉林大学理论法学研究中心、法学院.pdf,31.25,2.17,60.25,15.91,40.0,3.54,65.5,8.29,62.0,7.04,66.0,7.97,47.68,15.63,8.65
456,raw/fullpaper/0456-中国法学-2018-3-新时代中国法治现代化的战略安排-公丕祥-南京师范大学法学院.pdf,30.0,0.0,20.0,11.73,37.5,2.5,60.5,8.56,36.25,5.45,39.25,4.38,36.15,9.37,6.28
457,raw/fullpaper/0457-中国法学-2017-6-新时代全面依法治国的思想、方略和实践-张文显-中国法学会.pdf,27.5,2.5,10.0,10.61,33.75,2.17,63.75,7.4,35.0,6.12,43.75,17.46,33.01,17.32,8.9
458,raw/fullpaper/0458-中国法学-2018-5-新时代发展权救济的法理审思-蒋银华-广州大学法学院.pdf,54.5,15.72,70.0,15.15,72.25,10.21,81.75,5.63,76.75,6.46,65.75,2.49,70.69,19.85,10.73
459,raw/fullpaper/0459-中国法学-2023-3-新时代司法改革的逻辑展开与路径思考-丁亮华-中南大学法学院.pdf,42.25,4.55,61.75,7.19,40.5,5.32,78.75,3.27,64.75,14.69,69.75,10.64,55.12,14.92,8.8
460,raw/fullpaper/0460-中国法学-2024-3-新时代国家安全法学论纲-李翔-华东政法大学刑事法学院、国家安全研究院.pdf,31.25,2.17,78.75,4.66,44.0,5.34,70.0,17.87,57.5,13.9,79.0,1.0,53.79,15.13,8.67
461,raw/fullpaper/0461-中国法学-2019-3-新时代坚定不移走中国特色社会主义法治道路-李林-中国社会科学院法学研究所.pdf,28.75,2.17,21.25,6.5,38.75,2.17,57.5,2.5,37.5,4.33,40.0,7.91,35.51,13.7,4.92
462,raw/fullpaper/0462-中国法学-2019-4-新时代政法改革论纲-黄文艺-中国人民大学法学院.pdf,27.5,5.59,35.25,13.44,41.25,4.15,69.0,3.67,60.5,15.27,46.25,8.93,41.51,16.33,9.82
463,raw/fullpaper/0463-中国法学-2019-6-新时代检察权的定位、特征与发展趋向-苗生明-最高人民检察院第一检察厅.pdf,32.5,2.5,63.25,26.81,47.0,4.12,82.5,3.57,75.0,6.28,72.5,4.33,54.06,15.35,9.18
464,raw/fullpaper/0464-中国法学-2024-2-新时代能动司法的倡导与回应型司法的构建-顾培东-四川大学法学院.pdf,32.5,2.5,61.25,24.08,47.0,3.0,79.75,4.82,79.25,3.27,56.75,7.69,52.94,13.37,8.75
465,raw/fullpaper/0465-中国法学-2023-1-新科技时代的法学基本范畴_挑战与回应-雷磊-中国政法大学法学院.pdf,71.0,18.36,82.25,2.68,69.25,8.32,89.25,2.59,85.5,1.5,79.0,1.0,80.63,11.52,6.63
466,raw/fullpaper/0466-中国法学-2019-5-智慧社会背景下的_第四代人权_及其保障-马长山-华东政法大学.pdf,33.75,4.15,41.75,23.65,61.5,7.79,80.0,7.04,80.75,2.59,64.25,17.3,51.41,17.42,12.03
467,raw/fullpaper/0467-中国法学-2016-6-最高人民检察院司法解释研究-孙谦-最高人民检察院.pdf,26.0,4.0,49.0,18.18,28.75,8.2,73.0,6.67,52.5,8.29,72.75,5.72,42.96,16.05,9.83
468,raw/fullpaper/0468-中国法学-2019-2-有限公司股东清算义务人地位质疑-梁上上-清华大学.pdf,81.5,5.22,60.5,6.95,53.0,13.21,80.25,2.86,75.75,12.93,60.75,24.77,74.24,20.75,12.68
469,raw/fullpaper/0469-中国法学-2022-3-未成年人违警行为的提出与立法辨证-姚建龙-上海社会科学院法学研究所.pdf,84.25,8.73,79.25,2.95,73.0,2.12,85.75,3.77,85.75,1.48,77.0,3.0,84.44,12.15,4.23
470,raw/fullpaper/0470-中国法学-2020-1-机关运行保障的立法逻辑-湛中乐-北京大学法学院.pdf,32.5,5.59,43.0,17.59,68.25,4.6,78.75,2.59,82.0,4.12,64.75,1.79,52.16,15.4,7.0
471,raw/fullpaper/0471-中国法学-2016-3-机动车自愿责任险排除连带赔偿责任-邢海宝-中国人民大学民商事法律科学研究中心.pdf,75.75,12.91,74.0,3.67,56.0,14.35,85.5,4.82,85.5,2.87,58.0,5.87,76.15,13.17,8.57
472,raw/fullpaper/0472-中国法学-2018-1-权力挂起_行政组织法的新变式？-熊樟林-东南大学法学院.pdf,76.25,3.63,50.0,28.01,60.5,9.91,84.75,4.09,80.0,2.45,68.0,7.71,72.29,19.52,10.72
473,raw/fullpaper/0473-中国法学-2017-3-构建我国行政审判_参照_惯例制度-柳砚涛-山东大学法学院.pdf,69.25,2.95,77.5,6.18,76.75,3.7,81.5,2.96,71.25,17.08,80.5,0.87,75.0,15.68,6.48
474,raw/fullpaper/0474-中国法学-2021-5-构建认定行政违法前置的行政犯追诉启动模式-张泽涛-广州大学法学院.pdf,64.5,15.44,51.75,30.4,71.5,12.54,85.25,4.55,83.25,3.03,41.5,12.54,69.62,24.57,15.12
475,raw/fullpaper/0475-中国法学-2015-6-标准必要专利反垄断诉讼问题研究-王晓晔-湖南大学法学院.pdf,69.25,5.63,78.0,6.48,57.0,7.65,85.25,4.55,82.25,2.68,76.25,5.85,75.91,15.08,6.33
476,raw/fullpaper/0476-中国法学-2024-2-核定征收适用范围的延展及其反思-侯卓-中南财经政法大学法学院.pdf,75.0,12.43,75.25,4.55,80.0,7.65,85.25,4.32,83.75,1.79,81.0,1.73,83.35,13.2,6.27
477,raw/fullpaper/0477-中国法学-2015-3-核心国际人权条约缔约国报告制度_困境与出路-尹生-中南财经政法大学法学院.pdf,31.25,2.17,45.75,1.3,46.25,5.4,71.5,6.84,75.75,8.44,70.5,3.64,46.78,16.85,5.33
478,raw/fullpaper/0478-中国法学-2015-1-检察官办案责任制相关问题研究-龙宗智-四川大学法学院.pdf,65.25,12.03,58.75,34.45,53.25,17.85,84.5,2.87,82.25,1.79,72.5,4.33,69.13,25.43,14.12
479,raw/fullpaper/0479-中国法学-2018-2-检察指导案例效力研究-万春-最高人民检察院法律政策研究室.pdf,31.25,2.17,42.5,9.01,58.75,2.59,76.75,4.09,60.5,5.32,57.25,1.92,49.46,16.52,4.82
480,raw/fullpaper/0480-中国法学-2022-4-检察环境公益诉讼的理论优化与制度完善-陈晓景-河南财经政法大学民商经济法学院.pdf,79.5,1.66,60.0,12.08,73.25,6.98,87.75,3.9,87.75,2.68,83.75,2.17,80.75,15.03,5.68
481,raw/fullpaper/0481-中国法学-2019-3-正当程序原则司法适用的正当性_回归规范立场-蒋红珍-上海交通大学凯原法学院.pdf,75.0,9.35,82.0,0.0,79.5,6.1,83.75,1.79,86.0,1.22,73.0,8.66,82.5,11.23,5.22
482,raw/fullpaper/0482-中国法学-2019-2-正当防卫中的_误判特权_及其边界-陈璇-中国人民大学刑事法律科学研究中心.pdf,75.25,23.25,84.5,2.18,86.5,1.5,91.0,1.0,88.75,2.17,73.25,4.92,86.12,9.18,6.73
483,raw/fullpaper/0483-中国法学-2019-2-正当防卫限度判断的适用难题与改进方案-姜涛-南京师范大学法学院.pdf,70.25,16.15,85.25,0.43,74.5,12.11,81.25,2.59,85.75,2.49,80.25,3.19,82.12,12.38,7.12
484,raw/fullpaper/0484-中国法学-2023-6-正确认识和评价马锡五审判方式-郝铁川-河南大学法学院.pdf,32.5,4.33,74.5,1.5,43.25,2.95,80.0,4.69,65.25,9.42,69.25,4.38,55.46,11.03,5.25
485,raw/fullpaper/0485-中国法学-2015-1-死刑替代措施_一个需要警惕的刑法概念-王志祥-北京师范大学刑事法律科学研究院.pdf,71.25,12.52,78.25,0.83,39.75,7.69,85.25,4.55,72.5,6.18,46.25,21.32,70.63,20.13,10.23
486,raw/fullpaper/0486-中国法学-2021-2-死刑案件量刑阶段的轻刑推定原则-姚莉-中南财经政法大学法学院.pdf,74.5,3.57,91.5,3.77,84.5,1.5,83.5,4.03,87.5,2.87,80.25,1.79,87.38,11.53,3.38
487,raw/fullpaper/0487-中国法学-2018-2-死刑适用的规范论标准-冯军-中国人民大学刑事法律科学研究中心.pdf,77.75,5.31,72.0,9.97,82.75,3.11,83.5,3.84,85.75,5.12,42.0,4.9,80.63,11.28,6.2
488,raw/fullpaper/0488-中国法学-2016-2-比例原则在民法上的适用及展开-郑晓剑-厦门大学法学院.pdf,82.5,4.33,79.0,1.73,78.25,2.49,88.0,1.41,85.75,2.49,78.0,1.41,85.22,9.95,2.67
489,raw/fullpaper/0489-中国法学-2017-5-比例原则的普遍化与基本权利的性质-陈景辉-中国政法大学.pdf,84.25,5.54,88.75,2.59,76.75,7.29,90.5,1.66,86.75,3.03,64.5,7.63,88.46,13.03,5.33
490,raw/fullpaper/0490-中国法学-2022-6-比例原则的法理属性及其私法适用-于柏华-浙江工商大学法学院.pdf,76.5,16.5,85.5,1.5,85.75,2.49,89.25,1.64,87.0,3.32,56.75,9.83,85.25,9.13,6.8
491,raw/fullpaper/0491-中国法学-2021-6-民事二审不开庭审理的反思与修正-段文波-西南政法大学.pdf,81.25,4.66,65.75,4.26,73.5,5.55,81.75,2.49,82.5,4.56,67.0,3.0,79.35,15.43,4.73
492,raw/fullpaper/0492-中国法学-2024-2-民事再审之诉_二阶化构造_的程序重塑-段文波-西南政法大学比较民事诉讼法研究中心.pdf,72.0,11.58,86.5,1.5,85.75,5.12,86.75,3.7,86.25,1.3,67.5,1.8,84.31,10.02,4.82
493,raw/fullpaper/0493-中国法学-2023-2-民事救济规范竞争关系的协调-李世刚-复旦大学法学院.pdf,87.0,2.12,88.5,0.87,73.25,7.85,80.75,2.95,81.25,6.53,77.5,2.5,86.46,9.92,4.38
494,raw/fullpaper/0494-中国法学-2023-1-民事案件事实形成中的方法论命题-王雷-中国政法大学民商经济法学院.pdf,68.0,10.42,83.75,7.29,79.5,4.56,85.75,2.17,85.75,0.43,75.75,2.49,80.91,12.12,5.27
495,raw/fullpaper/0495-中国法学-2022-2-民事禁令程序构建原理-吴英姿-南京大学法学院.pdf,72.5,18.87,85.25,1.79,79.75,6.42,86.25,1.09,85.25,1.79,74.25,4.15,83.01,11.85,6.58
496,raw/fullpaper/0496-中国法学-2016-4-民事证明责任分配的实质性原则-胡东海-中南财经政法大学法学院.pdf,69.0,17.92,85.5,1.5,72.0,13.21,82.75,3.11,74.0,10.3,53.75,2.17,75.0,16.25,9.28
497,raw/fullpaper/0497-中国法学-2018-1-民事诉讼法适用中的证明责任-李浩-南京师范大学法学院.pdf,65.25,10.71,68.0,3.08,72.25,10.64,79.0,6.75,73.5,18.23,48.0,4.95,72.37,20.68,10.47
498,raw/fullpaper/0498-中国法学-2018-1-民事诉讼的社会化-王福华-上海财经大学法学院.pdf,38.75,2.59,78.5,5.22,54.25,13.65,74.75,3.27,82.0,2.83,65.0,2.12,59.31,14.52,5.72
499,raw/fullpaper/0499-中国法学-2020-3-民事诉讼证据失权制度的衰落与重建-吴泽勇-华东师范大学法学院.pdf,85.0,3.54,81.25,2.59,66.5,19.16,82.25,4.21,81.0,3.67,83.0,3.0,85.21,12.77,6.97
500,raw/fullpaper/0500-中国法学-2020-3-民事非法证据排除的规范解释与实务观察-周翠-浙江大学光华法学院.pdf,82.5,6.18,82.25,6.1,86.0,2.12,87.75,1.79,84.75,4.09,81.25,2.59,89.29,10.17,4.38
501,raw/fullpaper/0501-中国法学-2022-6-民刑共治_中国式现代犯罪治理新模式-刘艳红-中国政法大学刑事司法学院.pdf,37.5,4.33,65.25,12.28,52.0,11.16,79.25,5.85,79.5,4.33,56.25,2.17,56.41,15.62,7.73
502,raw/fullpaper/0502-中国法学-2023-1-民刑关系问题重述_基于义务违反的视角-时延安-中国人民大学法学院.pdf,67.5,24.66,86.75,4.55,63.0,22.68,87.0,5.39,83.25,6.61,69.0,3.67,78.82,18.22,13.0
503,raw/fullpaper/0503-中国法学-2023-3-民法典人格利益合理使用一般条款研究-姜战军-华中科技大学法学院.pdf,72.5,8.41,68.25,4.09,78.5,6.42,84.75,4.97,87.75,1.79,63.75,4.38,78.44,15.23,5.78
504,"raw/fullpaper/0504-中国法学-2020-4-民法典人格权编的亮点与创新-王利明-中国人民大学法学院,中国人民大学民商事法律科学研究中心.pdf",32.5,1.8,43.75,8.93,37.0,2.92,77.25,4.97,74.75,4.09,50.0,3.54,46.47,14.9,5.05
505,raw/fullpaper/0505-中国法学-2017-3-民法典制定中的国家与国库问题研究-袁治杰-北京师范大学法学院.pdf,72.25,10.06,75.5,5.72,59.75,17.41,82.25,6.1,80.0,3.81,69.25,4.38,76.16,19.65,9.13
506,raw/fullpaper/0506-中国法学-2021-1-民法典意义的法理诠释-陈金钊-华东政法大学法律方法研究院.pdf,55.0,14.14,61.5,12.28,55.75,13.48,80.5,6.06,71.5,6.84,66.75,6.83,65.66,21.52,11.48
507,raw/fullpaper/0507-中国法学-2023-2-民法典整体贯彻绿色理念模式研究-徐国栋-厦门大学.pdf,74.25,3.77,78.25,6.65,58.75,8.2,79.25,2.59,84.0,1.22,73.0,5.39,76.63,19.75,5.35
508,raw/fullpaper/0508-中国法学-2022-6-民法典时代的法治政府建设转型-王青斌-中国政法大学法治政府研究院.pdf,54.25,18.69,72.0,11.11,62.75,8.81,84.5,2.6,86.0,1.73,60.0,3.81,70.04,15.45,9.0
509,raw/fullpaper/0509-中国法学-2016-4-民法典的编纂与商事立法-赵旭东-中国政法大学民商经济法学院.pdf,63.75,14.31,84.25,3.77,36.75,12.32,80.0,5.0,73.5,5.02,68.0,5.87,67.63,15.27,8.9
510,raw/fullpaper/0510-中国法学-2016-4-民法典编纂与雇佣(劳动)合同规则-谢增毅-中国社会科学院法学研究所.pdf,66.25,12.44,86.25,3.03,50.75,19.08,84.5,5.72,83.5,1.5,65.5,8.26,75.51,18.17,9.62
511,raw/fullpaper/0511-中国法学-2016-4-民法典编纂中商事主体立法定位的路径选择-肖海军-湖南大学法学院.pdf,63.5,14.4,75.25,13.66,66.25,13.01,84.75,2.95,83.0,2.12,66.25,4.38,74.75,20.3,9.72
512,raw/fullpaper/0512-中国法学-2017-1-民法典编纂中的立法语言规范化-朱涛-重庆邮电大学法学院.pdf,40.75,10.57,59.5,3.64,43.75,7.4,84.0,7.18,74.5,2.87,58.75,2.59,55.87,18.1,6.58
513,raw/fullpaper/0513-中国法学-2019-4-民法典编纂视野下的个人信息保护-程啸-清华大学法学院.pdf,67.25,14.86,75.25,3.56,52.5,16.39,80.75,2.95,81.75,2.49,80.0,0.0,74.71,16.22,7.75
514,raw/fullpaper/0514-中国法学-2020-6-民法典背景下合伙企业财产制度构造-赵玉-国家检察官学院.pdf,72.5,18.26,84.25,1.3,77.0,3.0,87.5,1.5,86.75,3.11,79.0,1.0,82.59,13.53,5.43
515,raw/fullpaper/0515-中国法学-2017-3-民法分则侵权责任编立法研究-张新宝-中国人民大学法学院.pdf,55.5,11.32,46.25,28.8,55.75,9.28,83.75,4.02,83.75,5.4,63.0,2.12,60.01,19.52,11.72
516,raw/fullpaper/0516-中国法学-2017-2-民法分则合同编立法研究-王利明-中国人民大学法学院.pdf,42.5,13.72,52.0,11.81,44.25,12.32,76.0,2.74,72.5,10.4,63.25,12.32,52.93,20.98,12.17
517,raw/fullpaper/0517-中国法学-2017-3-民法分则婚姻家庭编立法研究-夏吟兰-中国政法大学.pdf,55.5,14.26,75.0,3.24,41.25,4.15,78.5,0.87,77.5,2.87,68.25,4.09,62.99,13.53,5.67
518,raw/fullpaper/0518-中国法学-2017-2-民法分则物权编立法研究-崔建远-暨南大学法学院.pdf,55.75,9.81,56.25,18.42,47.5,2.5,80.75,5.54,84.5,1.5,75.5,2.29,60.29,19.92,7.7
519,raw/fullpaper/0519-中国法学-2017-2-民法分则继承编立法研究-杨立新-中国人民大学法学院.pdf,37.5,4.33,70.0,15.64,43.75,7.4,72.0,1.41,83.5,1.66,60.0,5.0,54.37,16.22,6.82
520,raw/fullpaper/0520-中国法学-2019-4-民法基本原则与商法漏洞填补-于莹-吉林大学法学院.pdf,66.5,18.23,77.5,8.41,52.25,12.21,81.0,3.08,79.75,3.03,72.5,4.82,72.99,17.28,9.58
521,raw/fullpaper/0521-中国法学-2016-4-民法总则设置商法规范的限度及其理论解释-李建伟-中国政法大学民商经济法学院.pdf,63.0,13.77,83.0,3.0,68.5,11.52,85.0,2.12,77.75,5.31,78.25,4.09,76.85,13.38,7.65
522,raw/fullpaper/0522-中国法学-2016-4-民法法典化运动中的知识产权法-吴汉东-中南财经政法大学.pdf,42.5,9.39,52.0,13.95,58.25,9.04,84.25,5.4,79.5,6.18,71.75,4.09,57.34,21.43,9.22
523,raw/fullpaper/0523-中国法学-2017-5-民间借贷诉讼中的证明责任问题-吴泽勇-华东师范大学法学院.pdf,77.5,4.33,80.75,4.38,81.75,8.44,88.75,6.22,80.75,2.95,65.0,3.54,84.66,15.53,5.75
524,raw/fullpaper/0524-中国法学-2023-5-气候共同体责任分担的法理-徐祥民-浙江工商大学.pdf,63.0,15.07,54.25,20.23,71.5,9.6,81.0,3.32,75.25,4.09,69.5,1.66,69.68,21.22,10.38
525,raw/fullpaper/0525-中国法学-2019-2-法人功能性分类与结构性分类的兼容解释-张力-西南政法大学民商法学院.pdf,87.0,2.92,81.0,3.0,75.5,4.77,89.25,2.95,79.25,8.87,84.25,1.3,89.09,12.72,4.58
526,raw/fullpaper/0526-中国法学-2021-5-法典化时代的刑法典修订-周光权-清华大学法学院.pdf,61.75,7.36,70.0,5.43,47.0,1.73,79.25,2.95,84.0,3.67,82.75,2.86,65.21,13.83,4.62
527,raw/fullpaper/0527-中国法学-2021-5-法典化的历史叙事-高仰光-中国人民大学法学院.pdf,69.75,22.98,85.25,3.27,67.5,13.16,85.75,1.3,83.5,1.5,77.25,3.27,79.76,14.15,8.75
528,raw/fullpaper/0528-中国法学-2018-4-法域冲突的排除_立场、规则与适用-于改之-华东政法大学法律学院.pdf,71.75,17.35,75.0,23.23,81.75,2.49,82.5,2.87,86.0,1.22,72.0,2.12,79.81,15.45,9.47
529,raw/fullpaper/0529-中国法学-2021-2-法域协调视角下规范保护目的理论之重构-于改之-华东政法大学刑事法学院.pdf,78.0,7.97,87.0,3.0,81.5,3.5,85.0,2.12,85.75,1.3,58.75,4.15,84.38,10.3,4.23
530,raw/fullpaper/0530-中国法学-2015-5-法官如何说理_中国经验与普遍原理-凌斌-北京大学法学院.pdf,75.0,6.28,83.5,3.57,72.0,13.93,90.25,3.03,83.75,1.79,78.25,2.05,83.06,13.83,5.92
531,raw/fullpaper/0531-中国法学-2023-6-法定物权的自由展开_经济分析与法律教义-熊丙万-中国人民大学民商事法律科学研究中心.pdf,80.5,8.96,82.75,2.28,77.25,6.3,85.0,3.67,87.75,1.79,81.25,2.59,86.51,8.65,4.92
532,raw/fullpaper/0532-中国法学-2024-2-法律人思维与法律观点-陈景辉-中国人民大学法学院.pdf,70.5,16.83,80.25,5.21,85.5,4.27,89.0,1.0,85.0,2.12,57.0,5.43,81.79,13.35,6.7
533,raw/fullpaper/0533-中国法学-2022-2-法律价值的系统论格局-陈征楠-华南理工大学法学院.pdf,72.5,16.07,67.75,22.32,84.25,7.5,85.5,1.8,79.25,7.19,45.25,9.42,78.51,17.15,12.4
534,raw/fullpaper/0534-中国法学-2022-2-法律位阶判断标准的反思与运用-王锴-北京航空航天大学法学院.pdf,82.25,4.21,77.0,7.65,87.0,2.12,86.75,2.05,78.0,11.92,66.25,4.38,85.91,12.92,6.23
535,raw/fullpaper/0535-中国法学-2018-3-法律实证研究的兴起与分化-陈柏峰-中南财经政法大学法学院.pdf,38.75,6.5,77.5,7.63,50.0,5.0,73.25,10.57,81.25,4.66,80.25,2.86,57.97,13.63,7.17
536,raw/fullpaper/0536-中国法学-2024-6-法律思维中的_软计算_和贝叶斯语言方法-刘东亮-西安交通大学法学院.pdf,56.0,11.55,80.0,6.67,76.5,2.6,85.5,1.5,79.5,4.33,70.25,4.82,75.21,15.5,6.05
537,raw/fullpaper/0537-中国法学-2024-3-法律方法的体系构造-黄泽敏-上海财经大学法学院.pdf,70.5,23.41,71.75,8.44,88.75,0.83,82.75,3.11,87.5,4.33,76.75,4.92,79.9,17.1,8.67
538,raw/fullpaper/0538-中国法学-2020-6-法律权力的含义和属性-吴玉章-常州大学史良法学院.pdf,45.75,7.19,62.5,2.5,46.0,3.67,77.5,2.5,66.75,5.8,55.25,6.76,57.21,18.87,5.47
539,raw/fullpaper/0539-中国法学-2018-4-法律的_交叉_研究和应用的原理-郑永流-中国政法大学中欧法学院.pdf,53.75,8.93,67.75,13.14,54.5,8.56,68.25,4.6,68.5,9.21,68.75,4.15,63.59,20.15,9.35
540,raw/fullpaper/0540-中国法学-2022-1-法律监督机关的宪法内涵-朱全宝-宁波大学法学院.pdf,61.5,12.54,63.5,14.87,72.5,8.99,88.0,3.08,82.75,3.96,74.25,5.12,73.15,17.07,9.37
541,raw/fullpaper/0541-中国法学-2016-5-法律行为解消清算规则之体系统合-汤文平-暨南大学法学院.pdf,81.5,7.12,81.5,3.35,73.25,12.6,87.75,1.79,85.75,1.3,74.5,5.77,84.51,14.0,6.15
542,raw/fullpaper/0542-中国法学-2016-3-法律规范之间抵触标准研究-胡建淼-国家行政学院.pdf,63.75,12.62,72.75,8.04,82.0,5.79,86.5,1.5,82.75,1.3,44.5,4.56,76.44,16.17,6.52
543,raw/fullpaper/0543-中国法学-2022-5-法律规范事中合宪性审查的制度建构-朱学磊-中国社会科学院法学研究所.pdf,77.5,6.18,76.25,3.03,75.5,2.6,86.75,1.09,88.25,2.05,79.0,1.0,82.03,11.3,3.08
544,raw/fullpaper/0544-中国法学-2022-3-法律规范体系化背景下的行政诉讼制度的完善-江必新-湖南大学法学院.pdf,31.25,2.17,59.0,10.82,40.0,5.0,54.25,7.01,62.0,9.46,71.75,2.49,44.74,14.92,7.12
545,raw/fullpaper/0545-中国法学-2018-1-法律解释方法在指导性案例中的运用及其完善-孙光宁-山东大学(威海)法学院.pdf,31.25,2.17,65.5,10.87,48.75,4.15,78.5,2.18,77.0,4.85,72.5,3.57,53.51,12.32,5.35
546,raw/fullpaper/0546-中国法学-2023-1-法律解释的公共性-郭春镇-厦门大学法学院.pdf,60.0,10.1,73.5,9.76,65.75,6.42,81.75,3.77,77.25,1.3,61.25,4.15,72.31,13.77,6.83
547,raw/fullpaper/0547-中国法学-2015-6-法律议论的社会科学研究新范式-季卫东-上海交通大学凯原法学院.pdf,65.5,16.38,86.25,2.17,42.5,27.9,86.5,2.06,81.0,5.34,78.25,2.05,71.26,15.4,10.77
548,raw/fullpaper/0548-中国法学-2022-3-法律责任概念的反思与重构-李拥军-吉林大学法学院.pdf,82.5,4.82,84.5,3.35,75.0,8.34,81.75,2.49,83.75,1.09,56.25,5.45,83.47,13.6,4.93
549,raw/fullpaper/0549-中国法学-2020-5-法律适用中理由和观点的关系_局外观察视角-刘星-中国政法大学法学院.pdf,56.25,12.44,72.0,3.74,55.25,22.11,84.0,5.34,76.75,3.7,54.5,7.63,68.31,24.08,10.58
550,raw/fullpaper/0550-中国法学-2016-6-法治中国建设的_共建共享_路径与策略-马长山-华东政法大学.pdf,30.0,0.0,47.0,28.54,38.75,4.15,79.25,5.85,57.5,9.53,47.75,4.21,47.13,15.77,10.08
551,raw/fullpaper/0551-中国法学-2016-6-法治中国背景下国家责任论纲-陶凯元-最高人民法院.pdf,32.5,4.33,66.0,5.1,58.0,6.12,74.25,2.49,79.0,3.67,75.0,0.0,54.71,13.15,4.18
552,raw/fullpaper/0552-中国法学-2015-5-法治体系形成指标的法理研究-关保英-上海政法学院.pdf,28.75,4.15,36.25,15.16,43.75,2.17,69.0,4.12,49.25,5.85,59.25,4.38,42.63,14.03,6.92
553,raw/fullpaper/0553-中国法学-2016-6-法治语境下极端主义犯罪治理定量研究-赵军-北京师范大学刑事法律科学研究院.pdf,57.75,16.5,59.5,34.76,63.0,20.36,89.0,4.12,84.75,4.09,80.75,1.92,71.44,23.23,15.73
554,raw/fullpaper/0554-中国法学-2020-2-法理_法实践的正当性理由-郭晔-浙江大学光华法学院.pdf,35.5,5.55,69.25,23.59,67.25,16.15,81.5,2.18,72.0,13.21,45.75,9.31,59.87,18.2,13.47
555,raw/fullpaper/0555-中国法学-2020-2-法理即法律原理之解说-胡玉鸿-华东政法大学法律学院.pdf,48.0,9.97,80.5,5.32,43.75,11.39,82.5,3.2,83.75,7.01,62.5,7.63,63.01,17.9,8.55
556,raw/fullpaper/0556-中国法学-2021-5-法理概念的义项、构造与功能_基于120108份裁判文书的分析-郭栋-北京大学法学院.pdf,57.5,15.21,71.75,6.02,74.25,5.12,82.5,2.87,76.75,12.62,58.75,16.78,71.69,18.57,11.28
557,raw/fullpaper/0557-中国法学-2019-4-法益自决权与侵犯公民个人信息罪的司法边界-冀洋-东南大学法学院.pdf,72.0,15.8,75.75,5.12,87.75,9.18,83.5,1.5,75.75,5.12,53.75,10.06,80.37,16.55,8.98
558,raw/fullpaper/0558-中国法学-2015-1-注册商标三年不使用撤销制度体系化解读-张玉敏-西南政法大学.pdf,65.25,19.54,69.5,8.5,83.25,4.92,82.5,2.87,85.75,1.3,80.5,1.66,78.49,13.67,7.47
559,raw/fullpaper/0559-中国法学-2022-2-涉外法治的概念与体系-张龑-中国人民大学法学院.pdf,52.0,16.72,68.5,25.3,51.25,6.5,78.0,3.74,76.75,3.7,48.75,9.6,63.87,15.9,12.62
560,raw/fullpaper/0560-中国法学-2024-5-深入推进依法行政-马怀德-中国政法大学.pdf,30.0,0.0,26.25,6.5,37.5,7.5,66.75,3.03,47.75,11.05,65.75,10.69,39.09,14.53,7.47
561,raw/fullpaper/0561-中国法学-2024-4-清代的轻罪治理及其当代启示-谢晶-中国政法大学法学院.pdf,81.75,6.42,81.0,4.58,69.0,10.65,85.75,2.49,80.0,8.66,75.0,2.12,83.26,15.37,6.72
562,raw/fullpaper/0562-中国法学-2016-5-滥用市场支配地位理论的司法考量-刘贵祥-最高人民法院审判委员会.pdf,53.25,30.99,76.25,3.03,63.25,9.44,77.5,3.57,79.25,5.17,73.0,6.67,69.13,18.85,11.33
563,raw/fullpaper/0563-中国法学-2024-2-物上担保权益的分层构造及实现保障-张家勇-中南财经政法大学法学院.pdf,84.0,4.24,74.25,16.93,85.0,5.39,89.25,1.64,84.0,5.34,74.0,2.35,86.12,12.05,6.92
564,raw/fullpaper/0564-中国法学-2020-4-物权编对四种他物权制度的完善和发展-崔建远-清华大学法学院.pdf,79.25,6.22,78.0,12.81,53.0,14.98,83.25,1.3,81.5,3.5,73.0,5.2,78.26,21.28,8.47
565,raw/fullpaper/0565-中国法学-2017-5-犯罪圈与刑法修正的结构控制-白建军-北京大学法学院.pdf,81.5,3.5,83.0,2.92,85.0,2.12,86.75,5.8,85.25,4.09,80.5,0.87,88.71,12.88,3.7
566,raw/fullpaper/0566-中国法学-2016-2-犯罪热点成因_基于空间相关性的解释-单勇-同济大学法学院.pdf,55.5,14.26,59.25,28.58,78.5,4.33,88.5,6.06,76.25,3.63,81.5,3.5,73.21,19.93,11.62
567,raw/fullpaper/0567-中国法学-2017-4-环境侵权类型的重构-窦海阳-中国社会科学院法学研究所.pdf,71.75,10.3,61.25,12.52,81.0,6.36,83.75,3.03,80.75,2.95,64.25,3.77,76.74,15.08,7.48
568,raw/fullpaper/0568-中国法学-2016-6-环境司法专门化发展的实证检视_以环境审判机构和环境审判机制为中心-张忠民-中南财经政法大学法学院.pdf,46.25,14.31,55.0,19.69,66.25,7.36,82.25,2.68,75.5,6.58,75.0,3.0,60.31,18.83,10.32
569,raw/fullpaper/0569-中国法学-2016-3-环境司法理性不能止于_天价_赔偿_泰州环境公益诉讼案评析-吕忠梅-全国政协社会与法制委员会.pdf,62.25,15.75,78.5,4.09,52.5,24.46,85.25,3.27,85.5,4.72,72.25,6.57,72.76,18.37,11.32
570,raw/fullpaper/0570-中国法学-2017-5-环境权的规范效力_可诉性和具体化-胡静-中国政法大学民商经济法学院.pdf,83.25,5.8,83.25,2.95,78.75,13.29,88.0,5.83,75.75,5.12,74.5,4.77,86.57,11.23,7.25
571,raw/fullpaper/0571-中国法学-2024-1-环境民事公益诉讼中停止侵害责任适用研究-胡静-中国政法大学民商经济法学院.pdf,71.0,10.32,74.0,2.35,79.25,4.87,87.75,2.68,86.25,1.09,67.0,2.12,80.1,10.72,4.5
572,raw/fullpaper/0572-中国法学-2018-5-环境民事公私益诉讼并行审理的困境与出路-张旭东-福州大学法学院.pdf,65.75,8.55,48.0,18.83,75.25,4.55,87.75,4.38,73.5,16.19,71.75,4.09,68.43,19.48,10.9
573,raw/fullpaper/0573-中国法学-2025-2-环境法体系化的范式转向及其实现-杜辉-重庆大学法学院.pdf,46.25,23.28,81.0,5.92,66.0,6.0,85.0,2.12,87.0,2.92,68.25,18.79,67.03,19.3,11.35
574,raw/fullpaper/0574-中国法学-2022-6-环境法典基本原则条款构建研究-曹炜-中国人民大学法学院.pdf,66.75,12.4,72.75,10.47,75.0,11.36,83.25,1.3,85.75,1.3,68.25,4.6,76.5,14.7,7.97
575,raw/fullpaper/0575-中国法学-2023-2-环境法典编纂论纲-吕忠梅-中国法学会.pdf,37.5,2.5,80.0,5.1,51.25,19.8,85.75,2.49,66.75,24.38,77.5,4.82,61.28,22.37,11.38
576,raw/fullpaper/0576-中国法学-2016-5-环境法学核心范畴之重构_环境法的法权结构论-史玉成-甘肃政法学院.pdf,67.25,10.43,79.5,6.18,73.25,3.7,83.5,1.5,81.0,1.73,66.5,1.5,78.01,12.32,4.8
577,raw/fullpaper/0577-中国法学-2018-6-环境监管中的_规范执行偏离效应_研究-曹炜-中国人民大学法学院.pdf,66.25,7.36,81.75,2.86,76.75,4.92,79.0,1.73,79.75,3.03,75.5,3.84,77.75,11.08,4.57
578,raw/fullpaper/0578-中国法学-2017-1-环境质量标准的侵权法适用研究-陈伟-南京大学法学院.pdf,71.75,17.3,81.25,2.17,79.5,3.64,83.25,3.11,86.5,1.5,77.5,2.87,81.06,12.45,5.88
579,raw/fullpaper/0579-中国法学-2015-6-环境质量目标主义_关于环境法直接规制目标的思考-徐祥民-中国海洋大学.pdf,70.75,7.36,56.25,8.2,64.5,11.93,79.0,1.73,79.25,5.63,82.0,2.55,73.18,14.48,7.2
580,raw/fullpaper/0580-中国法学-2020-2-现货与期货交易的界分标准与法律规制-吴越-西南财经大学法学院.pdf,57.0,20.48,80.25,4.15,76.0,5.1,77.5,5.72,79.5,6.73,78.75,4.15,73.65,16.95,8.93
581,raw/fullpaper/0581-中国法学-2023-2-生前赠与在继承中的效力问题研究-李永军-中国政法大学民商经济法学院.pdf,76.75,6.06,72.5,6.18,67.75,1.79,80.5,1.66,85.5,2.29,76.75,7.69,78.04,13.77,4.93
582,raw/fullpaper/0582-中国法学-2021-2-生态文明体制改革中自然资源资产分级行使制度研究-邓海峰-清华大学法学院.pdf,75.0,15.64,86.5,2.6,81.25,5.54,84.75,2.17,77.0,12.79,67.25,6.06,84.1,15.9,8.63
583,raw/fullpaper/0583-中国法学-2022-6-生态环境修复责任的体系化构造-刘长兴-华南理工大学法学院.pdf,70.25,15.25,86.5,1.5,72.25,9.55,87.75,1.79,86.5,2.06,75.5,6.58,81.54,15.63,7.07
584,raw/fullpaper/0584-中国法学-2023-6-生态环境犯罪中的拟制财产权-焦艳鹏-华东政法大学.pdf,61.75,27.42,59.0,6.96,74.0,6.96,81.5,4.09,87.0,2.92,60.25,4.82,70.91,18.05,10.23
585,raw/fullpaper/0585-中国法学-2024-6-生成式人工智能训练语料的个人信息保护研究-张新宝-中国人民大学法学院.pdf,61.25,10.33,56.75,12.32,59.75,18.39,86.0,1.22,75.25,10.71,77.0,5.2,68.75,17.13,11.18
586,raw/fullpaper/0586-中国法学-2021-6-生物医学研究伦理规制的法治化-赵鹏-中国政法大学法治政府研究院.pdf,65.5,10.87,75.75,6.06,77.75,7.29,85.0,2.12,84.75,4.09,78.0,4.95,77.66,14.97,6.8
587,raw/fullpaper/0587-中国法学-2018-3-用中国特色社会主义法治理论引领法治体系建设-胡明-中国政法大学党委.pdf,22.5,4.33,38.25,22.57,42.5,2.5,60.75,12.21,27.5,16.77,52.0,9.72,38.74,19.7,13.12
589,raw/fullpaper/0589-中国法学-2019-6-电子商务平台经营者安保责任研究-王道发-中央财经大学法学院.pdf,70.5,3.64,77.5,6.58,74.25,6.42,78.0,2.83,84.5,3.57,63.25,5.36,77.57,15.45,5.47
590,raw/fullpaper/0590-中国法学-2018-1-登记对抗主义的反思与改造_物权法_第24条解析-庄加园-上海交通大学凯原法学院.pdf,76.25,9.71,85.25,2.17,81.0,5.34,86.5,1.5,76.5,4.72,67.25,18.62,84.62,15.15,8.08
591,raw/fullpaper/0591-中国法学-2016-1-监控者与管理者可否合一_行政法学体系转型的基础问题-沈岿-北京大学宪法与行政法研究中心.pdf,74.25,1.3,84.5,2.87,80.5,5.32,85.25,0.43,86.0,1.22,82.0,3.08,85.35,9.03,2.73
592,raw/fullpaper/0592-中国法学-2015-4-相对集中行政处罚权改革研究-王敬波-.pdf,64.5,9.91,53.0,16.32,56.25,16.86,85.25,2.17,81.25,2.59,77.5,4.82,68.22,19.4,10.15
593,raw/fullpaper/0593-中国法学-2023-6-知识产权法与反不正当竞争法关系重探-刘银良-烟台大学.pdf,83.25,6.61,88.5,2.5,75.75,9.81,91.75,4.09,85.75,1.3,51.25,10.8,87.16,12.72,6.75
594,raw/fullpaper/0594-中国法学-2021-5-知识产权许可费赔偿方法的功能、价值准则与体系重构-杨涛-华中师范大学法学院.pdf,58.5,19.55,84.5,7.26,74.25,6.06,81.75,3.77,85.25,0.43,61.5,9.86,75.87,16.37,9.03
595,raw/fullpaper/0595-中国法学-2022-3-知道规则的内在逻辑与科学分类-张继成-中南财经政法大学法学院.pdf,57.75,12.34,49.75,15.42,88.5,3.5,87.5,3.57,80.5,4.33,68.75,4.15,68.29,15.32,8.32
596,raw/fullpaper/0596-中国法学-2018-2-破产程序中的税法问题研究-徐阳光-中国人民大学法学院.pdf,67.25,11.12,83.5,8.76,56.75,3.7,82.5,2.6,78.25,2.49,73.25,3.03,75.81,13.65,6.1
597,raw/fullpaper/0597-中国法学-2022-2-社会主义核心价值观的法源地位及其作用提升-孙光宁-山东大学法学院(威海).pdf,48.75,19.54,67.0,21.42,55.0,0.0,80.5,1.66,75.0,3.0,60.75,4.38,61.62,16.4,9.63
598,raw/fullpaper/0598-中国法学-2019-5-社会信用体系建设的法治之道-沈岿-北京大学法学院.pdf,55.5,15.91,47.5,23.58,71.25,8.17,81.75,6.42,81.0,1.73,69.25,2.95,62.57,17.72,11.3
599,raw/fullpaper/0599-中国法学-2024-5-社会本位的中国基本权利功能体系构建-李忠夏-中国人民大学法学院.pdf,67.25,9.52,83.5,4.5,82.25,8.84,83.25,3.03,83.5,5.02,80.25,2.86,82.49,14.37,6.5
600,raw/fullpaper/0600-中国法学-2023-5-社会系统论视角下实现碳达峰碳中和目标的法律对策-曹明德-中国政法大学民商经济法学院.pdf,60.0,11.18,68.25,8.17,74.0,6.96,83.25,4.92,84.25,2.49,66.5,1.5,72.88,17.97,6.77
601,raw/fullpaper/0601-中国法学-2017-1-社会组织及其法制化研究-鲍绍坤-中国法学会.pdf,30.0,0.0,43.0,12.63,31.75,4.09,53.25,14.2,68.25,4.09,60.25,4.82,38.84,15.75,7.67
602,raw/fullpaper/0602-中国法学-2015-5-社会自我规制与行政法的任务-高秦伟-中央财经大学法学院.pdf,31.25,5.45,79.5,1.66,46.75,4.92,82.0,6.63,80.25,4.15,77.25,1.92,57.28,12.23,4.77
603,raw/fullpaper/0603-中国法学-2022-3-社会诚信机制基层运用的实践逻辑-陈柏峰-中南财经政法大学法学院、国家治理学院.pdf,64.75,13.81,61.75,8.73,52.25,12.77,85.25,5.97,82.5,0.87,78.75,2.59,69.66,14.18,8.62
604,raw/fullpaper/0604-中国法学-2022-1-禁止重复起诉规则之重构_以合同效力的职权审查为背景-曹志勋-北京大学法学院.pdf,78.5,7.89,86.25,2.86,83.75,3.03,89.0,1.0,78.5,14.77,79.0,3.94,86.72,11.27,6.45
605,raw/fullpaper/0605-中国法学-2021-1-私人复制的著作权法制度应对_从机械复制到云服务-杨明-北京大学法学院.pdf,69.0,19.91,80.25,2.86,74.5,13.12,85.25,4.55,86.0,1.22,79.25,2.95,79.44,15.42,8.6
606,raw/fullpaper/0606-中国法学-2019-4-私法渗入公法的必然与边界-张淑芳-上海财经大学法学院.pdf,36.75,4.66,73.75,3.34,45.0,3.54,70.5,2.6,68.75,3.27,57.5,11.46,54.85,15.55,5.57
607,raw/fullpaper/0607-中国法学-2017-1-科研人员的刑法定位_从宪法教义学视域的思考-姜涛-南京师范大学法学院.pdf,79.5,7.3,76.25,13.4,71.25,5.54,88.25,2.05,86.25,2.17,62.0,4.95,82.34,19.73,6.82
608,raw/fullpaper/0608-中国法学-2020-3-科研项目经费管理改革的法治化路径-蒋悟真-华南理工大学法学院、法治经济与法治社会研究中心.pdf,36.25,4.15,54.25,23.11,55.5,11.54,78.5,4.09,82.25,1.79,71.75,4.09,53.82,16.13,9.38
609,raw/fullpaper/0609-中国法学-2015-2-程序性救济的制度模式及改造-詹建红-中南财经政法大学法学院.pdf,79.25,3.42,79.25,6.83,75.75,7.95,84.0,4.24,77.25,1.92,84.25,1.3,84.75,13.9,4.93
610,raw/fullpaper/0610-中国法学-2022-5-程序性犯罪构成要素的性质-杜宇-复旦大学法学院.pdf,77.5,4.82,83.75,1.79,88.5,2.5,87.25,1.3,85.75,1.3,65.5,20.69,86.21,11.88,6.25
611,raw/fullpaper/0611-中国法学-2016-4-税收法定视域中的地方税收立法权-苗连营-郑州大学法学院.pdf,58.75,18.62,71.25,4.66,53.75,12.44,84.25,3.77,72.5,17.84,75.75,1.3,69.81,19.55,11.28
612,raw/fullpaper/0612-中国法学-2018-4-立案登记背景下立案庭的定位及其未来走向-张嘉军-郑州大学法学院.pdf,40.0,10.61,54.0,23.55,63.75,5.85,81.5,5.59,77.25,1.92,75.5,4.27,57.25,18.57,9.97
613,raw/fullpaper/0613-中国法学-2024-3-立法主体宪法说理义务的法律化-任喜荣-吉林大学理论法学研究中心、法学院.pdf,44.75,13.99,81.25,5.63,54.75,0.43,86.25,1.3,80.75,2.95,73.5,2.96,64.87,12.52,5.25
614,raw/fullpaper/0614-中国法学-2021-4-立法原意何处寻_评2021年最高人民法院适用刑事诉讼法司法解释-龙宗智-四川大学法学院.pdf,61.75,12.32,66.25,3.34,43.5,1.5,85.0,4.95,83.0,3.32,76.0,3.67,65.06,14.35,5.58
615,raw/fullpaper/0615-中国法学-2018-3-立法性决定的界定与效力-金梦-华东政法大学法律方法研究院、立法与政治发展研究中心.pdf,53.75,17.46,50.0,3.81,55.75,9.28,74.75,4.97,56.75,13.37,57.5,2.5,58.16,19.27,9.88
616,raw/fullpaper/0616-中国法学-2020-1-立法扩张与司法限缩_刑法谦抑性的展开-田宏杰-中国人民大学刑事法律科学研究中心.pdf,71.0,6.71,75.0,2.24,76.75,6.98,87.75,1.79,71.25,15.35,74.25,2.49,75.0,17.38,6.85
617,raw/fullpaper/0617-中国法学-2025-2-立法社会效果考量的方式及其决策思维-王怡-中国社会科学院法学研究所.pdf,66.75,9.71,73.5,13.12,60.5,5.17,78.75,2.59,77.5,7.63,73.25,6.61,73.06,14.35,8.63
618,raw/fullpaper/0618-中国法学-2017-4-符合强制性标准与侵权责任承担的关系-谭启平-西南政法大学民商法学院.pdf,71.5,18.55,86.25,3.03,73.25,12.48,83.0,2.92,84.0,3.67,81.25,6.5,82.99,16.82,9.07
619,raw/fullpaper/0619-中国法学-2022-1-符合法律的宪法解释与宪法发展-杜强强-首都师范大学政法学院.pdf,85.0,2.12,85.5,2.29,86.5,1.5,88.5,0.87,86.0,4.69,82.5,2.87,91.21,8.87,2.73
620,raw/fullpaper/0620-中国法学-2023-4-答复类行政解释的行政诉讼法定位及其司法审查-金自宁-北京大学法学院.pdf,84.0,1.73,71.75,4.6,78.5,4.97,89.25,4.38,89.25,2.95,70.0,8.92,84.38,11.27,5.3
621,raw/fullpaper/0621-中国法学-2017-4-简牍所见秦县少吏研究-朱腾-中国人民大学法学院.pdf,53.5,15.44,78.0,4.95,51.25,17.51,82.0,6.16,76.25,3.03,52.0,17.01,67.57,20.72,12.32
622,raw/fullpaper/0622-中国法学-2022-3-算法侵害责任框架刍议-王莹-中国人民大学法学院未来法治研究院、刑事法律科学研究中心.pdf,72.25,6.18,63.75,17.46,70.5,8.53,86.75,3.49,75.0,10.82,69.0,13.91,76.35,17.47,11.62
623,raw/fullpaper/0623-中国法学-2020-3-算法规制的谱系-苏宇-中国人民公安大学法学与犯罪学学院.pdf,52.25,20.07,78.75,6.83,64.0,8.25,80.75,3.96,77.75,2.68,83.0,3.0,72.26,17.43,8.63
624,raw/fullpaper/0624-中国法学-2020-4-类似必要共同诉讼适用机制研究-汤维建-中国人民大学法学院.pdf,74.5,12.18,77.5,4.82,81.25,6.83,83.25,3.7,90.75,5.07,76.0,3.67,81.46,14.18,7.0
625,raw/fullpaper/0625-中国法学-2018-4-精神文明的宪法叙事_规范内涵与宪制结构-秦小建-华中科技大学法学院.pdf,85.0,2.12,81.0,1.73,79.25,6.22,83.75,3.77,80.5,2.6,79.5,3.64,85.75,12.1,3.85
626,raw/fullpaper/0626-中国法学-2018-1-系列杀人犯罪侦查分析模型的创建与检验-曾赟-广州大学法学院.pdf,36.25,2.17,13.75,7.4,84.5,2.87,80.25,2.86,72.75,6.06,41.25,12.44,49.82,16.78,6.5
627,raw/fullpaper/0627-中国法学-2019-1-系统论宪法学新思维的七个命题-陆宇峰-华东政法大学科学研究院.pdf,74.75,17.65,85.0,2.12,68.5,13.61,88.75,0.83,87.0,1.22,81.0,1.0,84.35,10.35,7.02
628,raw/fullpaper/0628-中国法学-2024-6-系统论法学视角下现代司法裁判中规范与事实的区分-泮伟江-北京航空航天大学法学院.pdf,71.25,12.87,84.25,2.86,76.5,4.5,80.75,6.38,87.25,3.27,53.75,8.32,79.47,15.05,7.37
629,raw/fullpaper/0629-中国法学-2020-3-索债型非法拘禁罪扩张适用下对绑架罪的再认识-徐光华-江西财经大学法学院.pdf,72.25,18.66,71.75,4.6,54.25,9.31,88.0,5.83,80.0,3.81,77.75,1.79,75.66,14.3,8.47
630,raw/fullpaper/0630-中国法学-2021-2-紧急状态下的法治与社会正义-郑玉双-中国政法大学法理学研究所.pdf,67.75,8.26,82.0,3.67,81.25,6.06,86.5,1.5,84.0,1.22,77.0,2.12,80.9,14.23,4.37
631,raw/fullpaper/0631-中国法学-2016-1-累犯从严量刑适用实证研究-劳佳琦-北京师范大学刑事法律科学研究院.pdf,65.5,23.52,80.0,3.81,86.5,1.5,91.0,3.67,83.5,1.5,77.5,2.87,81.62,15.93,7.08
632,raw/fullpaper/0632-中国法学-2024-1-纪检监察学_三大体系_论纲-刘练军-东南大学法学院暨东南大学党内法规研究中心.pdf,28.75,4.15,35.5,16.22,32.75,10.76,71.5,0.87,66.5,8.65,68.75,6.5,41.1,16.67,9.07
633,raw/fullpaper/0633-中国法学-2019-1-纳税便利原则研究-单飞跃-上海财经大学法学院.pdf,35.75,13.01,73.5,11.61,65.0,11.16,78.75,2.59,81.5,2.96,61.75,2.05,59.91,17.58,8.35
634,raw/fullpaper/0634-中国法学-2019-5-组织法的诉讼构造_公司决议纠纷诉讼规则重构-丁勇-华东政法大学.pdf,82.75,3.11,88.5,0.87,89.25,2.59,87.25,1.92,85.0,2.12,73.25,3.7,89.31,9.13,2.75
635,raw/fullpaper/0635-中国法学-2019-6-组织法视阈中的公司决议及其法律适用-周淳-浙江大学光华法学院.pdf,79.25,5.85,82.25,3.34,81.0,5.34,85.75,2.49,86.75,1.3,80.75,2.95,86.79,9.88,4.12
636,raw/fullpaper/0636-中国法学-2016-3-经理雇佣合同与委任合同之分辨-王天玉-清华大学法学院.pdf,75.0,6.28,85.75,1.3,83.25,9.04,86.5,2.06,83.5,1.5,71.0,3.67,84.69,10.65,4.58
637,raw/fullpaper/0637-中国法学-2015-5-经营者集中法律界定模式研究-叶军-商务部反垄断局.pdf,52.25,12.77,65.0,9.54,79.75,4.82,84.5,2.6,72.5,4.82,80.75,2.59,72.69,17.1,7.17
638,raw/fullpaper/0638-中国法学-2017-6-绿色_一带一路_环境法规制研究-孙佑海-天津大学法学院.pdf,32.5,2.5,40.0,6.12,48.25,2.49,66.75,3.7,52.5,6.54,61.0,6.96,45.1,12.3,5.45
639,raw/fullpaper/0639-中国法学-2019-2-绿色原则与法经济学-贺剑-北京大学法学院.pdf,76.25,12.44,72.25,18.87,70.25,23.52,90.75,1.3,87.25,1.3,83.75,2.17,82.66,14.53,11.48
640,raw/fullpaper/0640-中国法学-2016-1-绿色发展中的环境法实施问题_基于PX事件的微观分析-陈海嵩-中南大学法学院.pdf,72.25,7.22,81.0,5.34,65.75,12.32,85.0,0.0,77.5,3.57,73.0,3.0,79.16,17.3,6.05
641,raw/fullpaper/0641-中国法学-2021-3-编纂实施民法典是习近平法治思想的生动实践-王轶-中国人民大学民商事法律科学研究中心.pdf,30.0,0.0,17.5,7.5,32.5,2.5,47.5,2.5,39.5,3.64,18.25,4.09,31.62,14.78,3.9
642,raw/fullpaper/0642-中国法学-2017-6-网络借贷平台法律监管研究-冯辉-对外经济贸易大学法学院.pdf,63.0,13.77,51.5,17.95,65.0,17.35,84.75,4.09,75.25,3.27,75.75,3.77,68.76,19.37,11.57
643,raw/fullpaper/0643-中国法学-2023-3-网络平台治理立法的反思与完善-张新平-中南大学法学院.pdf,35.75,8.9,72.5,7.63,53.75,5.4,79.0,9.11,81.25,5.54,64.25,0.83,57.75,14.93,7.2
644,raw/fullpaper/0644-中国法学-2023-5-网络时代的刑法立法体系及其建构-李晓明-苏州大学王健法学院.pdf,53.0,15.8,82.75,1.92,73.5,7.53,85.25,4.97,82.25,1.79,79.5,3.64,74.21,12.38,6.85
645,raw/fullpaper/0645-中国法学-2019-6-网络犯罪的刑法解释空间向度研究-刘艳红-东南大学法学院.pdf,74.0,10.0,67.5,13.16,70.25,8.26,74.75,8.04,76.75,5.8,68.25,13.48,74.99,19.23,11.3
646,raw/fullpaper/0646-中国法学-2020-6-网络社会司法治理的实践探索与前景展望-李占国-浙江省高级人民法院.pdf,36.75,4.66,52.25,7.29,59.25,4.38,81.75,7.08,73.5,4.56,75.5,2.87,54.96,13.6,5.95
647,raw/fullpaper/0647-中国法学-2018-2-网络社会法律治理与技术治理的二元共治-郑智航-山东大学法学院.pdf,47.5,13.07,71.75,6.02,60.75,18.59,76.5,1.5,70.25,14.74,71.25,4.66,62.37,20.05,11.27
648,raw/fullpaper/0648-中国法学-2016-2-网络空间中犯罪帮助行为的制裁体系与完善思路-于志刚-中国政法大学.pdf,57.75,13.06,72.75,1.92,81.0,5.34,85.0,3.08,81.0,1.73,81.75,5.63,76.79,14.87,5.93
649,raw/fullpaper/0649-中国法学-2022-2-网络空间适用禁止使用武力原则的法律路径-张华-南京大学法学院.pdf,67.5,14.94,84.5,2.18,72.5,4.82,84.75,4.09,84.25,1.3,83.0,2.12,81.44,10.6,5.67
650,raw/fullpaper/0650-中国法学-2015-3-网络诽谤的争议问题探究-张明楷-清华大学法学院.pdf,69.0,13.6,76.75,6.98,55.5,16.98,88.5,3.5,84.25,1.3,67.25,6.06,76.03,15.87,9.32
651,raw/fullpaper/0651-中国法学-2021-3-网络谣言的刑法治理_从宪法的视角-姜涛-南京师范大学法学院.pdf,76.5,6.1,83.25,4.66,66.75,18.62,81.25,3.27,89.0,1.0,79.0,4.12,80.49,12.87,7.28
652,raw/fullpaper/0652-中国法学-2017-2-署名权主体规则的困惑及思考-张玲-南开大学法学院.pdf,61.25,17.81,83.5,2.06,78.5,4.97,82.5,2.87,79.5,3.64,65.75,12.81,77.53,14.38,8.5
653,raw/fullpaper/0653-中国法学-2017-4-聂树斌案再审_由来、问题与意义-胡云腾-最高人民法院.pdf,59.5,14.94,34.25,15.22,60.75,27.12,80.25,3.03,82.5,11.88,55.0,7.07,58.66,25.0,15.27
654,raw/fullpaper/0654-中国法学-2016-3-职务发明奖酬管制的理论困境与现实出路-蒋舸-清华大学法学院.pdf,85.0,2.12,76.25,3.03,82.25,6.1,89.0,3.67,87.75,1.79,79.25,2.95,86.4,10.15,3.77
655,raw/fullpaper/0655-中国法学-2022-3-职场智能监控下的劳动者个人信息保护——以目的原则为中心-田野-天津大学法学院.pdf,74.75,6.76,83.75,4.15,81.75,6.02,89.5,4.72,84.75,2.17,70.75,6.22,84.57,16.93,5.77
656,raw/fullpaper/0656-中国法学-2015-5-股东优先购买权_穿透效力_的适用与限制-郑彧-华东政法大学.pdf,62.75,19.64,67.25,21.7,67.5,3.57,78.75,2.59,87.25,1.3,55.0,9.35,70.41,17.5,11.2
657,raw/fullpaper/0657-中国法学-2017-2-股东会与董事会分权制度研究-许可-中国人民大学法学院.pdf,79.75,6.38,88.5,2.06,86.75,6.98,84.75,4.09,87.75,2.95,78.25,4.6,87.22,11.15,5.22
658,raw/fullpaper/0658-中国法学-2023-5-股东协议暗箱治理的公司法回应-汪青松-西南政法大学市场交易法律制度研究基地.pdf,70.75,20.94,82.5,4.33,69.75,9.55,82.25,5.58,83.75,7.01,79.0,2.24,79.04,15.93,9.55
659,raw/fullpaper/0659-中国法学-2018-6-股权让与担保纠纷裁判逻辑的实证研究-蔡立东-吉林大学法学院.pdf,72.0,10.17,78.5,3.91,66.5,18.71,85.25,4.55,82.0,2.83,65.0,4.95,78.68,16.58,8.68
660,raw/fullpaper/0660-中国法学-2017-2-股权转让合同解除权的司法判断与法理研究-万方-北京外国语大学法学院.pdf,59.5,16.19,75.75,11.23,59.25,20.1,79.25,2.95,72.25,13.27,67.25,5.07,70.93,20.8,13.25
661,raw/fullpaper/0661-中国法学-2021-1-股权转让行为的属性及其规范-钱玉林-华东政法大学经济法学院.pdf,80.0,5.0,80.0,11.73,64.25,21.89,89.25,2.59,89.0,1.73,79.0,2.55,82.4,15.77,8.75
662,raw/fullpaper/0662-中国法学-2025-2-脑机接口技术发展中的人格权益保护-张红-武汉大学法学院.pdf,63.0,20.36,78.5,2.87,75.0,7.38,84.5,3.84,85.25,2.17,80.0,3.54,78.82,14.5,7.72
663,raw/fullpaper/0663-中国法学-2021-4-自然资源之上权利的层次性-单平基-东南大学法学院.pdf,78.25,7.19,84.0,4.24,75.25,7.08,88.0,0.0,85.5,0.5,60.0,5.43,84.37,10.75,4.72
664,raw/fullpaper/0664-中国法学-2016-6-自然资源国家所有的制度性保障功能-刘练军-杭州师范大学法学院.pdf,78.75,3.27,68.75,5.63,78.25,4.6,85.25,0.43,81.5,2.18,63.5,2.29,80.84,12.92,3.53
665,raw/fullpaper/0665-中国法学-2016-1-舆论场内的司法自洽性研究_以李昌奎案的模拟实验分析为介质-李奋飞-中国人民大学法学院.pdf,64.75,8.98,53.75,13.86,71.25,5.54,83.25,4.92,79.25,2.95,52.5,4.33,69.66,16.48,7.82
666,raw/fullpaper/0666-中国法学-2018-6-董事会对短期主义行为的治理-侯东德-西南政法大学民商法学院.pdf,57.25,13.63,74.75,4.21,45.75,1.3,64.5,6.1,70.25,5.26,58.75,6.5,61.04,14.95,7.12
667,raw/fullpaper/0667-中国法学-2023-4-虚开增值税专用发票罪的理论误区与治理重塑-田宏杰-中国人民大学法学院.pdf,86.25,2.17,82.0,11.58,90.25,4.92,86.5,1.5,71.5,26.87,80.25,2.86,75.0,14.47,9.6
668,raw/fullpaper/0668-中国法学-2017-2-虚拟财产的刑法属性及其保护路径-陈兴良-北京大学法学院.pdf,71.25,19.92,92.0,4.64,61.75,10.87,81.0,6.4,80.0,8.92,53.75,5.45,78.75,18.93,10.83
669,raw/fullpaper/0669-中国法学-2022-6-行为市场失灵及其法律应对-应飞虎-广州大学法学院.pdf,65.75,14.29,81.75,5.4,76.5,5.55,86.5,1.5,86.75,2.05,72.5,5.68,79.29,14.87,6.63
670,raw/fullpaper/0670-中国法学-2016-2-行刑衔接中的行政执法边界研究-练育强-华东政法大学.pdf,78.0,4.95,77.5,2.5,76.75,7.85,75.0,6.28,75.0,6.28,68.25,13.48,79.96,23.07,7.98
671,raw/fullpaper/0671-中国法学-2019-5-行政举报案件中原告资格认定的构造-伏创宇-中国社会科学院大学政法学院.pdf,81.25,6.5,79.75,7.46,84.75,3.27,84.5,1.5,86.75,2.05,75.25,2.17,85.28,10.52,4.42
672,raw/fullpaper/0672-中国法学-2015-6-行政决策终身责任追究制的法律难题及其解决-韩春晖-国家行政学院.pdf,70.5,7.12,74.75,3.27,77.25,7.19,80.0,4.69,75.0,8.34,67.5,4.33,77.93,18.15,6.72
673,raw/fullpaper/0673-中国法学-2019-3-行政判决中比例原则的适用-刘权-中央财经大学法学院.pdf,57.25,18.18,56.25,17.81,66.75,11.14,85.5,6.06,78.25,2.05,75.0,4.58,68.34,18.73,11.53
674,raw/fullpaper/0674-中国法学-2023-2-行政协议与单方行为的界分-刘飞-中国政法大学中欧法学院.pdf,78.75,5.63,83.0,2.74,76.5,4.97,85.0,2.12,86.0,2.35,76.25,3.03,83.82,9.68,4.0
675,raw/fullpaper/0675-中国法学-2022-1-行政协议变更、解除制度的整合与完善-陈天昊-清华大学公共管理学院.pdf,80.0,6.67,82.0,3.0,77.5,10.16,92.5,2.06,88.5,0.87,78.75,2.59,85.97,8.38,4.88
676,raw/fullpaper/0676-中国法学-2019-1-行政协议的识别与边界-陈天昊-清华大学公共管理学院.pdf,84.25,1.3,76.0,5.1,80.75,2.95,89.75,4.82,85.25,4.97,76.5,1.5,85.99,10.15,3.97
677,raw/fullpaper/0677-中国法学-2019-4-行政契约履行争议适用_行政诉讼法_第97条之探讨-于立深-东南大学法学院.pdf,82.25,5.85,62.75,24.87,73.25,8.87,81.75,2.28,87.0,4.36,71.5,3.5,78.96,19.77,9.55
678,raw/fullpaper/0678-中国法学-2017-1-行政审批(许可)权力清单建构中的法律问题-王克稳-苏州大学王健法学院.pdf,58.0,9.72,45.0,16.03,51.25,9.6,79.25,5.85,68.5,5.22,81.25,3.77,58.75,21.02,9.65
679,raw/fullpaper/0679-中国法学-2022-3-行政机关间的事务委托和职权委托-叶必丰-上海交通大学法学院.pdf,78.25,11.69,63.0,22.12,84.75,3.27,89.0,4.12,85.25,4.55,76.75,3.42,81.34,15.98,9.47
680,raw/fullpaper/0680-中国法学-2024-3-行政权利论-何海波-清华大学法学院.pdf,52.0,16.72,69.25,5.85,76.0,5.34,90.5,3.2,84.5,2.6,84.0,4.3,74.35,17.47,7.33
681,raw/fullpaper/0681-中国法学-2015-1-行政检察_解决行政争议的第三条道路-解志勇-中国政法大学.pdf,33.75,4.15,59.25,21.53,64.0,4.69,78.25,4.92,64.25,9.81,74.75,4.55,55.56,17.82,9.57
682,raw/fullpaper/0682-中国法学-2023-3-行政法上权利观念的对立及其消解-黄宇骁-上海交通大学凯原法学院.pdf,81.5,9.6,85.75,1.48,86.0,1.22,88.5,0.87,86.0,2.45,77.0,2.12,87.94,9.52,3.4
683,raw/fullpaper/0683-中国法学-2016-3-行政法上的不确定法律概念-王天华-中国政法大学.pdf,89.5,1.66,87.75,1.79,73.5,18.23,90.0,2.0,86.25,1.09,79.5,3.64,89.38,12.23,5.47
684,raw/fullpaper/0684-中国法学-2023-3-行政法典编纂视角下明清会典的编纂理念、立法模式及启示-罗冠男-中国政法大学法律史学研究院.pdf,36.25,9.6,75.5,2.87,41.25,8.93,82.75,6.38,74.0,7.07,68.25,2.49,57.31,12.13,7.2
685,raw/fullpaper/0685-中国法学-2021-1-行政活动法律保留的结构变迁-王贵松-中国人民大学法学院.pdf,80.0,5.43,86.5,1.5,70.5,6.54,83.25,1.3,86.75,1.3,75.5,4.27,83.62,12.25,3.9
686,raw/fullpaper/0686-中国法学-2024-2-行政犯_行刑衔接_困境破解_从分离式到联动式-谢小剑-江西财经大学法学院.pdf,72.5,7.79,75.25,13.63,69.5,9.31,84.75,2.17,86.0,1.22,76.75,3.7,78.5,14.9,7.28
687,raw/fullpaper/0687-中国法学-2020-5-行政罚款设定方式研究-张红-北京师范大学法学院.pdf,75.25,7.33,74.0,5.34,82.0,4.3,80.0,3.81,77.0,11.09,69.5,3.64,80.26,17.78,6.85
688,raw/fullpaper/0688-中国法学-2016-3-行政行为违法性继承的中国图景-成协中-北京市社会科学院法学所.pdf,80.75,2.95,81.25,3.96,53.75,17.44,80.75,2.95,79.0,1.73,78.75,2.59,79.1,16.93,6.08
689,raw/fullpaper/0689-中国法学-2021-6-行政许可承诺制_程序再造与规制创新-卢超-中国社会科学院法学研究所.pdf,70.75,9.83,84.0,2.35,51.0,7.55,85.0,2.12,87.75,1.79,82.75,1.3,78.74,10.78,4.8
690,raw/fullpaper/0690-中国法学-2022-4-行政许可条件设定模式及其反思-林华-中国政法大学法治政府研究院.pdf,77.0,10.22,73.0,3.61,79.75,4.82,86.0,1.22,87.0,2.12,80.25,3.49,83.66,9.52,4.9
691,raw/fullpaper/0691-中国法学-2025-1-行政许可要件契约化的限定及其制度构造-章剑生-浙江大学光华法学院.pdf,68.25,18.79,77.75,2.68,81.25,3.96,81.75,2.49,84.5,1.5,66.5,1.5,78.96,12.35,5.95
692,raw/fullpaper/0692-中国法学-2019-4-行政诉讼原告资格中_利害关系_的判断结构-章剑生-浙江大学光华法学院.pdf,71.75,17.35,86.5,2.96,78.25,2.49,87.0,3.39,87.75,1.79,77.25,1.3,82.96,12.45,5.63
693,raw/fullpaper/0693-中国法学-2022-4-行政诉讼司法建议的功能扩张及省思-王云霞-浙江工商大学法学院.pdf,69.75,8.07,78.25,6.02,47.5,17.27,82.0,3.08,83.5,3.2,77.0,2.12,70.71,13.82,7.63
694,raw/fullpaper/0694-中国法学-2024-2-行政诉讼的诉审判一致性-王贵松-中国人民大学法学院.pdf,67.75,17.27,84.5,1.5,67.5,15.44,89.5,2.87,86.75,3.03,61.25,4.15,79.76,15.08,8.5
695,raw/fullpaper/0695-中国法学-2019-6-行政赔偿案件中原被告举证责任辨析-罗智敏-中国政法大学法学院.pdf,75.0,8.34,73.75,11.39,62.25,24.66,78.75,2.59,81.75,5.63,65.75,6.83,76.34,15.48,11.43
696,raw/fullpaper/0696-中国法学-2023-6-行政违法性认识错误的性质与处理规则-马春晓-南京大学法学院.pdf,75.5,9.66,87.5,1.5,85.25,0.43,87.0,4.06,86.25,2.68,76.25,4.38,85.75,8.15,4.38
697,raw/fullpaper/0697-中国法学-2018-5-行政违法行为被犯罪化处理的程序控制-张泽涛-广州大学法学院.pdf,61.5,18.17,77.25,9.98,73.25,11.8,73.0,3.54,77.75,5.67,56.75,4.92,71.99,14.85,10.42
698,raw/fullpaper/0698-中国法学-2017-4-行政长官制是单一制下新的澳门特别行政区地方政权形式-肖蔚云-.pdf,23.75,13.86,20.0,20.31,27.5,10.31,52.5,8.29,55.25,4.55,21.25,4.15,30.29,13.72,11.85
699,raw/fullpaper/0699-中国法学-2015-1-行贿犯罪执法困局及其对策-李少平-最高人民法院.pdf,52.0,12.41,61.5,14.47,58.0,16.11,77.25,5.54,81.5,3.91,68.0,5.87,64.24,24.33,11.22
700,raw/fullpaper/0700-中国法学-2021-5-规范多元的法治协同_基于构成性视角的观察-彭小龙-中国人民大学法学院.pdf,73.0,11.38,84.25,3.9,80.0,4.69,85.5,2.29,80.75,6.22,73.25,10.57,82.82,12.7,7.5
701,raw/fullpaper/0701-中国法学-2022-5-规范视野下的地方性事务-郑毅-中央民族大学法学院.pdf,61.25,19.66,79.25,5.97,76.75,8.87,86.75,3.03,87.0,2.92,83.75,2.17,79.22,14.07,8.2
702,raw/fullpaper/0702-中国法学-2017-1-认罪认罚从宽制度疑难问题研究-王敏远-中国社会科学院法学研究所.pdf,67.25,10.52,80.0,6.67,45.0,0.0,68.0,10.46,80.75,5.85,72.5,5.59,66.5,15.33,7.53
703,raw/fullpaper/0703-中国法学-2019-3-认罪认罚从宽制度的基本内涵-孙长永-西南政法大学诉讼法与司法改革研究中心.pdf,63.75,16.86,84.0,1.22,70.25,16.8,87.75,4.21,85.75,5.12,55.0,15.41,77.31,17.43,11.48
704,raw/fullpaper/0704-中国法学-2017-1-认罪认罚从宽制度的若干争议问题-陈瑞华-北京大学法学院.pdf,67.5,17.7,67.25,3.96,49.5,3.64,85.25,4.55,78.5,7.43,82.5,6.18,68.44,14.27,8.37
705,raw/fullpaper/0705-中国法学-2017-5-认罪认罚从宽制度的若干实体法问题-黄京平-中国人民大学法学院.pdf,59.5,18.02,56.25,18.82,57.75,11.3,74.5,2.87,80.75,7.33,67.0,6.28,64.96,21.88,12.43
706,raw/fullpaper/0706-中国法学-2016-2-认罪认罚从宽制度研究-陈卫东-中国人民大学法学院.pdf,42.5,5.59,54.25,11.03,52.0,13.77,81.0,5.39,68.5,13.61,67.5,4.33,56.0,20.85,10.33
707,raw/fullpaper/0707-中国法学-2023-6-认罪认罚从宽制度视野下的_以审判为中心-汪海燕-中国政法大学.pdf,82.75,4.44,78.0,0.0,48.0,3.08,88.25,2.49,85.5,2.87,69.25,2.59,76.79,11.17,2.98
708,raw/fullpaper/0708-中国法学-2020-4-认罪认罚从宽制度适用中的职权性逻辑和协商性逻辑-杜磊-中国人民大学刑事法律科学研究中心.pdf,71.25,12.52,77.0,4.85,78.5,3.91,86.5,1.5,71.5,9.86,75.25,4.55,75.0,13.68,7.17
709,raw/fullpaper/0709-中国法学-2024-3-认罪认罚从宽适用常态化之实效检验-吴雨豪-北京大学法学院.pdf,80.0,6.67,71.75,6.02,70.5,1.66,87.25,1.3,79.0,5.92,73.25,9.15,81.09,15.68,5.9
710,raw/fullpaper/0710-中国法学-2016-5-论1954年宪法上的审判独立原则-韩大元-中国人民大学法学院.pdf,70.0,8.66,60.5,8.56,32.5,5.59,71.75,4.09,71.25,10.8,41.25,16.72,61.56,20.45,10.48
711,raw/fullpaper/0711-中国法学-2019-1-论_唯庭审主义_之辩护模式-李奋飞-中国人民大学法学院.pdf,57.25,11.61,72.5,10.31,61.25,6.46,78.5,4.33,79.75,5.76,77.0,7.38,69.54,14.68,8.83
712,raw/fullpaper/0712-中国法学-2023-4-论_正常经营买受人_的善意要求-郑永宽-厦门大学法学院.pdf,71.0,21.99,83.5,5.17,66.25,15.79,84.0,5.34,75.25,19.28,73.25,4.66,79.16,16.03,13.92
713,raw/fullpaper/0713-中国法学-2025-2-论_量化评价类_规制工具-王瑞雪-南开大学法学院.pdf,59.75,23.05,61.25,15.56,67.5,8.56,90.25,3.03,86.25,1.79,71.0,1.0,71.65,17.92,10.22
714,raw/fullpaper/0714-中国法学-2021-6-论_民法典_的功能主义释意模式-许中缘-中南大学法学院.pdf,44.25,14.46,64.75,23.12,58.25,10.8,83.0,2.24,78.25,2.49,53.5,11.06,60.66,19.03,12.37
715,raw/fullpaper/0715-中国法学-2021-2-论_民法典_的溯及力-熊丙万-不详.pdf,74.75,3.42,84.25,1.48,87.5,3.57,87.25,1.64,89.25,0.83,83.0,2.12,87.18,8.85,2.5
716,raw/fullpaper/0716-中国法学-2016-4-论一体建设法治社会-张鸣起-全国人大法律委员会.pdf,28.75,2.17,28.75,17.81,33.75,2.17,51.75,21.25,60.5,6.18,36.25,6.5,35.04,21.17,10.78
717,raw/fullpaper/0717-中国法学-2024-3-论个人数据经济利益的归属与法律保护-程啸-清华大学法学院.pdf,73.25,10.57,86.75,1.64,55.75,15.22,86.5,1.5,88.0,1.41,67.5,5.59,79.46,13.32,6.92
718,raw/fullpaper/0718-中国法学-2025-2-论中国刑法上的_二阶刑事违法-杜宇-复旦大学法学院.pdf,80.0,6.12,85.75,5.12,85.25,2.17,88.0,0.0,87.25,1.92,71.75,4.6,87.16,13.38,3.83
719,raw/fullpaper/0719-中国法学-2019-1-论中国古代的_六事法体系-朱勇-中国政法大学.pdf,33.75,2.17,33.75,2.17,61.0,15.28,71.0,9.3,77.75,1.79,38.25,15.22,47.32,14.08,8.83
720,raw/fullpaper/0720-中国法学-2018-2-论中国古代的德法共治-张晋藩-中国政法大学.pdf,30.0,0.0,45.0,6.12,30.0,5.0,64.25,6.26,51.25,11.39,33.25,3.42,41.59,15.98,6.18
721,raw/fullpaper/0721-中国法学-2022-5-论中国古代的民本思想-张晋藩-中国政法大学.pdf,31.25,2.17,38.75,5.45,43.75,3.03,67.75,6.8,66.0,13.29,47.5,8.29,43.81,13.07,7.5
722,raw/fullpaper/0722-中国法学-2022-1-论中国式法治现代化新道路-张文显-吉林大学.pdf,28.75,2.17,6.25,10.83,43.0,4.12,70.0,10.46,38.75,4.15,62.0,4.95,35.68,12.22,7.07
723,raw/fullpaper/0723-中国法学-2024-2-论中国法理学史学科的创立-喻中-中国政法大学习近平法治思想研究院.pdf,34.25,3.77,56.25,21.61,51.25,14.31,81.0,5.74,81.75,4.09,74.75,2.05,53.43,16.6,9.92
724,raw/fullpaper/0724-中国法学-2020-5-论中国特色国际税收法治体系之建构-崔晓静-武汉大学法学院国际法研究所.pdf,37.0,5.43,50.75,7.53,48.25,17.94,83.25,6.61,70.75,13.37,71.5,9.6,53.1,19.53,11.63
725,raw/fullpaper/0725-中国法学-2025-1-论中国财税法学自主知识体系的建构-刘剑文-辽宁大学法学院.pdf,35.0,3.54,60.75,21.19,49.75,2.86,81.25,5.54,79.0,6.4,64.5,2.87,54.54,14.93,8.17
726,raw/fullpaper/0726-中国法学-2017-1-论中立帮助行为的处罚边界-陈洪兵-南京师范大学法学院.pdf,74.25,11.23,79.75,2.86,64.25,9.44,72.75,8.7,86.25,3.03,63.5,4.56,76.43,15.72,7.67
727,raw/fullpaper/0727-中国法学-2024-2-论习近平法治思想的公正司法观-童建明-最高人民检察院.pdf,22.5,7.5,0.0,0.0,34.5,9.53,63.0,5.39,36.75,4.66,21.25,8.93,28.85,15.83,6.93
728,raw/fullpaper/0728-中国法学-2022-4-论习近平法治思想的制度逻辑-李林-中国社会科学院法学研究所.pdf,28.75,2.17,35.0,20.66,43.75,4.15,52.5,5.59,37.5,7.5,23.75,14.31,38.46,12.52,10.48
729,raw/fullpaper/0729-中国法学-2021-1-论习近平法治思想的时代精神-汪习根-华中科技大学法学院.pdf,30.0,0.0,6.25,6.5,20.5,19.51,52.0,15.95,40.0,3.54,28.0,10.93,27.91,15.1,10.85
730,raw/fullpaper/0730-中国法学-2022-3-论习近平法治思想的法理学创新-邱水平-北京大学.pdf,35.0,6.12,54.5,17.4,43.25,3.42,77.25,3.96,35.0,12.75,44.25,7.19,50.99,18.9,9.78
731,raw/fullpaper/0731-中国法学-2015-3-论互联网法-周汉华-中国社会科学院法学研究所.pdf,32.5,4.33,65.0,10.22,44.5,16.07,80.5,9.07,74.5,14.94,68.0,7.52,53.56,16.48,11.98
732,raw/fullpaper/0732-中国法学-2024-1-论人工智能生成内容的著作权法平等保护-徐小奔-中南财经政法大学知识产权研究中心.pdf,68.75,24.01,66.0,18.26,73.5,8.87,88.0,6.93,85.75,2.49,66.5,7.23,76.47,15.82,13.03
733,raw/fullpaper/0733-中国法学-2024-5-论人工智能立法的基本路径-林洹民-中央财经大学法学院.pdf,80.0,6.67,78.25,2.49,77.75,4.38,85.0,0.71,84.5,0.87,79.75,3.03,83.37,12.18,3.5
734,raw/fullpaper/0734-中国法学-2025-2-论人机协同审判的信任构建-衣俊霖-上海交通大学凯原法学院.pdf,70.25,10.08,84.75,0.43,69.25,4.38,85.25,0.43,85.25,0.43,82.5,2.87,82.01,12.95,3.58
735,raw/fullpaper/0735-中国法学-2019-1-论人格权请求权与侵权损害赔偿请求权的分离-王利明-中国人民大学.pdf,78.5,5.5,76.5,2.96,71.75,8.73,89.5,2.6,83.5,8.99,68.75,8.2,82.43,14.98,7.13
736,raw/fullpaper/0736-中国法学-2023-5-论企业合规程序出罪-刘少军-安徽大学法学院.pdf,66.25,12.62,73.0,3.0,63.0,14.46,73.5,5.02,76.5,6.1,78.25,2.05,71.97,16.08,8.33
737,raw/fullpaper/0737-中国法学-2015-4-论企业名称的竞争法保护——最高人民法院第29号指导案例研究-李友根-南京大学法学院.pdf,76.25,7.01,74.0,6.78,65.0,6.28,83.75,3.03,85.0,2.12,66.75,4.76,78.5,15.22,5.77
738,raw/fullpaper/0738-中国法学-2024-6-论依规范目的认定合同无效_以_合同编通则解释_第16条为中心-王利明-中国人民大学法学院.pdf,79.0,7.97,85.75,2.49,72.75,11.03,89.0,1.0,87.25,1.3,61.25,2.59,84.84,9.98,5.08
739,raw/fullpaper/0739-中国法学-2025-1-论保险告知义务规则与近因原则的衔接-王金玉-辽宁大学法学院.pdf,49.5,17.84,62.0,20.1,70.75,8.87,79.5,6.1,77.25,1.3,82.0,3.08,63.25,16.92,11.02
740,raw/fullpaper/0740-中国法学-2018-3-论全球治理体系中的国内法院-霍政欣-中国政法大学.pdf,50.75,4.38,62.5,7.95,70.5,5.72,84.25,1.48,79.5,2.6,75.75,2.49,67.88,12.4,4.75
741,raw/fullpaper/0741-中国法学-2023-2-论全面依法治国的战略地位和作用-熊选国-中央全面依法治国委员会办公室.pdf,32.25,3.9,8.75,10.23,39.0,1.0,57.25,14.86,18.75,2.17,13.75,2.17,33.79,14.37,6.62
742,raw/fullpaper/0742-中国法学-2017-3-论公共企业的法律属性-胡改蓉-华东政法大学经济法学院.pdf,42.5,10.31,67.5,13.16,64.25,9.31,83.0,2.92,77.75,2.68,80.0,1.41,61.75,14.65,7.67
743,raw/fullpaper/0743-中国法学-2021-2-论公共法律服务与诉讼服务体系的制度协同-杨凯-华东政法大学公共法律服务研究院.pdf,28.75,12.44,50.75,13.66,54.5,0.87,75.75,2.49,79.0,4.12,65.5,4.77,49.53,14.73,7.4
744,raw/fullpaper/0744-中国法学-2022-1-论公司机关决策权力的配置-潘林-山东大学法学院.pdf,78.25,19.21,87.0,3.0,77.5,4.72,87.25,1.3,83.0,8.66,77.5,2.87,85.29,10.55,7.65
745,raw/fullpaper/0745-中国法学-2025-1-论公司法的宪法基础-陈嘉白-清华大学法学院.pdf,51.75,17.37,80.75,3.83,58.75,14.38,76.75,3.42,84.25,2.28,54.25,6.06,67.69,14.07,9.1
746,raw/fullpaper/0746-中国法学-2022-3-论公开的个人信息处理的法律规制-程啸-清华大学法学院.pdf,72.25,1.79,72.25,20.1,69.25,12.79,87.75,2.28,80.25,8.81,77.75,3.27,78.37,17.72,9.45
747,raw/fullpaper/0747-中国法学-2021-6-论具体权利概念的结构-张恒山-天津大学法学院.pdf,85.5,0.87,62.25,20.33,61.0,26.8,86.5,5.17,83.5,1.5,71.25,5.45,78.94,20.43,11.58
748,raw/fullpaper/0748-中国法学-2015-1-论冒名处分不动产的私法效果-冉克平-华中科技大学法学院.pdf,77.75,6.18,87.0,2.12,85.25,0.43,89.25,2.95,86.75,1.3,70.75,6.22,86.96,9.37,3.68
749,raw/fullpaper/0749-中国法学-2020-2-论农民进城落户后集体土地_三权_退出-高海-安徽财经大学法学院.pdf,81.75,4.6,75.25,1.79,66.25,21.43,88.25,2.49,87.0,2.12,83.0,1.22,84.01,14.42,6.47
750,raw/fullpaper/0750-中国法学-2021-3-论农民集体与农村集体经济组织的关系-宋志红-中央财经大学法学院.pdf,77.0,11.16,85.25,1.79,60.75,35.51,89.0,1.0,87.25,1.3,73.25,3.42,81.9,14.53,10.43
751,raw/fullpaper/0751-中国法学-2016-2-论农民集体土地所有权的管理权能-韩松-西北政法大学民商法学院.pdf,32.5,7.5,51.75,16.93,66.75,6.46,77.5,9.1,65.0,12.25,52.0,4.95,53.66,20.55,11.02
752,raw/fullpaper/0752-中国法学-2021-6-论刑事司法对鉴定的迷信与制度防范-陈永生-北京大学法学院.pdf,75.0,7.07,83.25,6.61,67.0,6.28,87.25,2.28,75.75,5.12,71.0,5.2,81.41,15.38,6.27
753,raw/fullpaper/0753-中国法学-2025-1-论刑事案件不法原因给付财产的没收-吴光升-温州大学法学院.pdf,85.0,0.0,74.75,5.63,82.25,6.1,87.75,1.79,85.5,2.5,77.25,1.3,85.75,14.22,3.33
754,raw/fullpaper/0754-中国法学-2022-1-论刑事证据资格之多重性-林志毅-华南理工大学法学院.pdf,65.25,20.39,79.25,4.87,83.75,7.29,86.25,3.03,78.75,4.97,68.75,3.27,79.75,13.72,8.42
755,raw/fullpaper/0755-中国法学-2021-3-论刑事诉讼法的法典化-陈卫东-中国人民大学刑事法律科学研究中心.pdf,63.0,19.21,61.0,11.55,55.75,12.91,84.0,4.24,81.25,2.59,74.25,1.3,69.19,20.32,9.97
756,raw/fullpaper/0756-中国法学-2018-3-论刑法的网络空间效力-刘艳红-东南大学法学院.pdf,74.0,5.1,85.75,6.18,82.75,1.3,90.5,3.2,80.5,1.66,73.25,3.7,85.19,12.35,4.07
757,raw/fullpaper/0757-中国法学-2020-3-论反垄断法的重构_应对数字经济的挑战-杨东-中国人民大学法学院未来法治研究院.pdf,62.5,6.95,79.0,3.67,66.25,3.03,76.5,2.96,83.5,4.33,75.5,3.28,73.34,14.77,4.65
758,raw/fullpaper/0758-中国法学-2015-1-论司法拍卖市场化改革及其完善-汤维建-中国人民大学法学院.pdf,58.75,15.56,60.0,15.0,50.5,15.27,74.25,2.86,79.0,5.2,64.25,13.48,64.24,21.92,12.97
759,raw/fullpaper/0759-中国法学-2015-4-论司法权和司法行政事务管理权的分离-徐汉明-.pdf,38.75,14.74,47.0,18.8,58.75,4.15,80.75,5.17,70.25,7.22,74.25,5.12,54.1,20.7,10.62
760,raw/fullpaper/0760-中国法学-2016-3-论司法认同_危机与重建-吴英姿-南京大学法学院.pdf,62.5,16.39,47.5,17.85,81.5,7.89,79.25,2.95,87.25,5.07,77.0,4.06,66.26,19.05,10.43
761,raw/fullpaper/0761-中国法学-2018-2-论司法责任制综合配套改革-张智辉-湖南大学.pdf,33.75,2.17,35.0,8.66,45.0,7.07,77.75,4.38,63.75,19.6,62.5,5.59,46.38,16.92,9.15
762,raw/fullpaper/0762-中国法学-2015-4-论合同法和侵权法在固有利益保护上的分工与协作-王文胜-.pdf,77.75,2.68,83.25,3.7,60.25,13.9,86.25,3.03,84.25,1.3,73.75,2.17,80.96,17.15,5.15
763,raw/fullpaper/0763-中国法学-2020-3-论唐代无主物法律制度-顾元-中国政法大学法律史学研究院.pdf,43.25,4.92,45.75,15.22,56.25,14.31,83.5,3.64,76.75,5.8,72.75,6.38,55.6,16.23,9.68
764,raw/fullpaper/0764-中国法学-2022-5-论商事习惯的法源位阶-李建伟-中国政法大学民商经济法学院.pdf,63.75,19.6,83.0,1.0,65.5,4.27,82.75,5.07,86.0,1.58,78.75,2.59,76.06,14.52,6.57
765,raw/fullpaper/0765-中国法学-2016-6-论国家所有权与行政权的关系-肖泽晟-南京大学法学院.pdf,77.0,2.12,86.5,4.97,80.75,5.54,84.0,5.34,81.75,2.49,78.25,2.86,84.54,14.87,4.48
766,raw/fullpaper/0766-中国法学-2020-2-论国家治理体系下的检察公益诉讼-刘艺-中国政法大学法治政府研究院.pdf,36.25,5.45,70.75,4.38,41.5,9.6,71.5,2.18,55.5,22.2,75.0,3.54,53.59,16.83,9.12
767,raw/fullpaper/0767-中国法学-2020-1-论国际航空私法条约适用的强制性-董念清-中国民航管理干部学院.pdf,74.75,2.95,60.25,7.63,54.75,11.84,85.0,3.0,85.75,1.3,53.75,8.93,72.22,14.43,6.87
768,raw/fullpaper/0768-中国法学-2024-3-论国际裁判中的司法政策-朱利江-中国政法大学国际法学院.pdf,45.0,15.41,72.5,6.18,46.75,3.03,74.25,3.77,78.0,3.67,68.75,2.59,58.66,15.63,6.65
769,raw/fullpaper/0769-中国法学-2015-3-论土地承包权与土地承包经营权的分离-丁文-华中师范大学法学院.pdf,68.5,17.1,72.5,9.66,66.25,5.4,82.5,2.87,82.5,2.87,78.0,1.87,75.34,15.77,7.65
770,raw/fullpaper/0770-中国法学-2017-4-论地方政府事权的法理基础与宪法结构-王建学-厦门大学法学院.pdf,80.0,3.81,71.5,8.17,71.75,10.8,84.75,2.95,87.0,1.58,79.5,1.66,80.66,12.43,5.57
771,raw/fullpaper/0771-中国法学-2024-4-论垄断行为的竞合-侯利阳-上海交通大学凯原法学院.pdf,66.75,14.46,78.25,8.17,73.5,12.52,86.5,3.2,83.25,3.03,65.0,2.12,78.29,14.47,8.37
772,raw/fullpaper/0772-中国法学-2022-2-论基本权利私人间效力的范式转型-李海平-吉林大学法学院.pdf,83.75,1.3,83.75,3.27,88.5,3.5,83.75,5.45,86.0,1.22,80.0,2.45,89.59,8.68,3.3
773,raw/fullpaper/0773-中国法学-2019-6-论基金托管人的治理功能与独立责任-洪艳蓉-北京大学法学院.pdf,71.25,21.03,73.25,4.92,79.75,4.82,87.0,2.12,85.5,0.5,76.25,1.3,79.93,14.08,6.68
774,raw/fullpaper/0774-中国法学-2021-2-论宣告死亡及其撤销在婚姻上的效力-翟远见-中国政法大学比较法学研究院.pdf,80.0,6.12,81.75,2.49,72.25,5.85,83.25,3.7,83.25,3.03,74.75,4.55,82.81,12.4,4.98
775,raw/fullpaper/0775-中国法学-2017-3-论宪法上的一般人格权及其对民法的影响-王锴-北京航空航天大学法学院.pdf,70.75,15.3,83.25,3.27,45.0,12.25,84.0,2.35,87.0,2.12,54.25,6.18,72.26,15.75,7.97
776,raw/fullpaper/0776-中国法学-2019-1-论宪法与国际法的互动-王德志-山东大学法学院.pdf,27.5,5.59,72.75,11.12,33.25,6.26,70.5,1.66,65.0,17.45,75.0,2.12,49.28,16.53,8.48
777,raw/fullpaper/0777-中国法学-2023-1-论平台经济反垄断与监管的二元分治-周汉华-中国社会科学院法学研究所.pdf,62.25,17.56,76.75,10.89,81.5,7.92,82.25,1.79,85.0,4.12,82.0,1.41,78.76,15.13,8.42
778,raw/fullpaper/0778-中国法学-2016-5-论应诉管辖制度的司法嬗变及其规则构建-黄忠顺-清华大学法学院.pdf,68.25,27.9,74.75,4.09,78.25,2.49,84.5,1.5,78.25,8.17,76.25,3.63,78.37,15.72,9.18
779,raw/fullpaper/0779-中国法学-2015-2-论建构民事程序权利救济机制的基本原则-潘剑锋-北京大学法学院.pdf,65.25,13.48,62.75,10.89,76.25,4.09,86.25,3.03,80.25,2.86,60.75,11.58,74.54,19.57,8.85
780,raw/fullpaper/0780-中国法学-2021-5-论建立分种类、多层级的社会规范备案审查制度-刘作翔-上海师范大学哲学与法政学院.pdf,43.25,8.41,66.25,2.17,59.5,10.87,78.25,2.49,76.75,8.58,65.75,1.3,59.76,15.08,6.52
781,raw/fullpaper/0781-中国法学-2021-4-论当代中国的交叠特征与法治社会建设_从财产权角度的路径分析-冉昊-广东财经大学法治与经济发展研究所.pdf,45.5,13.35,64.25,26.44,79.0,5.74,81.0,3.08,83.25,3.7,84.75,1.79,64.18,17.23,10.42
782,raw/fullpaper/0782-中国法学-2016-5-论必要性原则的客观化-刘权-中央财经大学法学院.pdf,62.0,21.41,82.0,5.79,62.25,33.69,84.0,1.22,83.25,3.03,77.0,4.85,74.93,16.97,13.47
783,raw/fullpaper/0783-中国法学-2020-3-论我国_特定区域_法治先行-王春业-河海大学法学院.pdf,38.75,7.4,76.75,3.7,51.0,9.92,76.75,3.7,77.5,13.16,80.75,2.95,58.79,17.02,7.87
784,raw/fullpaper/0784-中国法学-2019-4-论我国个人破产制度的构建-刘冰-华北电力大学人文与社会科学学院.pdf,33.75,2.17,53.75,8.93,48.75,6.5,78.0,3.74,75.25,2.17,63.25,4.92,51.51,17.62,5.47
785,raw/fullpaper/0785-中国法学-2015-2-论我国刑法不采取共犯从属性说及利弊-刘明祥-中国人民大学刑事法律科学研究中心.pdf,52.5,17.5,83.75,1.79,49.25,16.84,81.0,2.74,83.25,3.7,68.75,15.67,65.99,18.93,11.22
786,raw/fullpaper/0786-中国法学-2024-6-论我国刑法分则中的参加型犯罪-唐稷尧-西南财经大学法学院.pdf,75.75,2.49,71.75,16.33,77.75,7.89,87.5,2.5,85.0,3.54,67.5,3.28,80.93,13.4,6.95
787,raw/fullpaper/0787-中国法学-2015-1-论我国司法体制的现代化改革-陈光中-司法文明协同创新中心暨中国政法大学诉讼法学研究院.pdf,30.0,0.0,38.0,24.07,42.25,1.79,83.25,4.92,71.75,2.05,72.75,10.47,46.57,15.18,8.35
788,raw/fullpaper/0788-中国法学-2017-5-论我国引入公司章程防御性条款的制度构造-王建文-南京航空航天大学人文与社会科学学院.pdf,52.5,13.16,60.75,21.19,62.25,12.97,84.25,2.49,75.75,12.91,76.25,3.03,66.63,20.32,12.67
789,raw/fullpaper/0789-中国法学-2019-3-论我国数量刑法学的构建-储槐植-福州大学法学院.pdf,32.5,2.5,64.75,15.22,50.0,5.43,57.25,8.17,64.25,4.92,58.5,5.22,49.0,18.08,7.98
790,raw/fullpaper/0790-中国法学-2021-2-论我国民事诉讼标的与诉讼请求的关系-任重-清华大学法学院.pdf,71.0,20.41,82.75,2.28,72.75,10.28,83.75,1.79,87.75,1.79,79.0,1.0,80.07,13.48,7.25
791,raw/fullpaper/0791-中国法学-2016-1-论我国环境公益诉讼的发展方向_基于行政权与司法权关系理论的分析-王明远-清华大学法学院.pdf,63.25,25.11,82.0,0.0,51.75,8.73,88.75,1.64,83.75,1.64,83.25,3.03,76.63,14.48,7.73
792,raw/fullpaper/0792-中国法学-2023-1-论我国现行宪法的人民民主原则-韩大元-中国人民大学法学院.pdf,35.75,1.3,42.5,20.77,44.0,3.67,75.25,2.17,58.0,15.92,58.75,3.77,48.09,13.37,9.15
793,raw/fullpaper/0793-中国法学-2020-2-论我国行政法上的成本收益分析原则_理论证成与适用展开-郑雅方-对外经济贸易大学法学院.pdf,63.75,9.6,75.0,4.12,82.5,2.18,83.0,3.61,84.75,4.55,62.5,5.59,77.24,13.93,5.73
794,raw/fullpaper/0794-中国法学-2019-5-论我国道路交通事故社会救助基金追偿权-李青武-对外经济贸易大学法学院.pdf,78.0,4.95,57.5,29.17,75.5,11.52,83.25,2.38,84.0,3.67,69.25,4.38,76.97,20.12,10.8
795,raw/fullpaper/0795-中国法学-2024-5-论技术范式转移下元宇宙的法律治理-马永强-吉林大学人权研究院.pdf,42.0,7.04,45.5,26.32,45.75,1.3,79.75,4.92,85.25,2.17,81.25,2.59,52.37,19.22,8.53
796,raw/fullpaper/0796-中国法学-2022-2-论抽象危险犯个罪裁判规范的续造-王飞跃-中南林业科技大学政法学院.pdf,82.0,4.95,80.25,4.02,77.75,5.31,84.0,3.54,81.75,2.49,69.5,6.54,84.31,12.03,5.15
797,raw/fullpaper/0797-中国法学-2017-2-论拒不履行信息网络安全管理义务罪-谢望原-中国人民大学刑事法律科学研究中心.pdf,38.75,15.16,62.75,11.86,37.5,13.46,67.5,7.63,64.25,17.06,48.5,3.5,50.94,25.5,13.2
798,raw/fullpaper/0798-中国法学-2019-2-论搭售的违法判断标准-郑鹏程-湖南大学法学院.pdf,51.25,15.56,88.5,2.5,66.25,9.18,84.75,5.63,74.0,3.67,72.5,3.28,73.54,16.37,7.67
799,raw/fullpaper/0799-中国法学-2016-4-论政府购买公共服务合同中的公法责任-胡敏洁-南京大学法学院.pdf,63.5,11.17,81.25,6.06,57.5,9.66,81.25,5.4,78.5,2.5,63.75,5.85,73.79,14.88,7.83
800,raw/fullpaper/0800-中国法学-2023-1-论数字时代的积极主义法律监督观-胡铭-浙江大学光华法学院.pdf,45.0,9.35,76.5,2.6,61.75,6.42,79.0,1.0,77.75,5.31,69.5,4.72,63.37,16.83,5.65
801,raw/fullpaper/0801-中国法学-2023-1-论数字检察-贾宇-上海市高级人民法院.pdf,28.75,4.15,23.25,24.01,42.5,4.33,76.0,3.67,61.25,13.63,53.25,9.44,41.0,15.6,11.38
802,raw/fullpaper/0802-中国法学-2023-4-论数据产权制度的层级性_三三制_数据确权法-申卫星-清华大学法学院.pdf,67.75,6.57,86.5,1.5,86.0,1.22,80.0,2.92,85.0,2.12,67.0,22.79,81.26,13.3,7.13
803,raw/fullpaper/0803-中国法学-2024-3-论数据信息损害的承认与救济-张凌寒-中国政法大学数据法治研究院.pdf,81.25,4.66,80.25,3.96,82.0,5.79,89.5,2.87,84.0,4.24,77.75,2.68,86.09,14.32,4.67
804,raw/fullpaper/0804-中国法学-2023-6-论新时代中国社会治理理论-徐汉明-中南财经政法大学国家治理学院.pdf,31.25,2.17,15.0,15.0,44.5,2.87,44.5,5.77,37.5,7.5,30.0,11.18,32.88,11.33,8.57
805,raw/fullpaper/0805-中国法学-2019-3-论无权代理人赔偿责任的双层结构-张家勇-中南财经政法大学法学院.pdf,83.75,3.03,90.0,1.41,84.0,3.67,85.75,1.3,85.25,2.17,69.5,1.66,88.74,9.93,2.53
806,raw/fullpaper/0806-中国法学-2023-3-论检察一体化-张智辉-湖南大学法学院.pdf,66.75,19.46,74.5,4.27,43.25,3.42,76.5,6.69,78.0,3.74,65.0,12.25,66.72,17.13,9.57
807,raw/fullpaper/0807-中国法学-2016-1-论检察指令权的实体规制-杜磊-北京大学法学院.pdf,78.75,6.06,64.25,9.31,72.5,4.82,84.5,4.77,85.25,2.17,70.0,5.0,78.59,15.68,6.2
808,raw/fullpaper/0808-中国法学-2020-3-论比例原则对立法权的约束及其界限-陈征-中国政法大学法学院.pdf,72.25,24.42,80.5,8.08,83.5,3.2,88.75,1.92,85.25,0.43,76.5,1.5,83.06,10.85,7.6
809,raw/fullpaper/0809-中国法学-2021-3-论民事判决的遮断效力-王福华-上海交通大学凯原法学院.pdf,86.0,2.45,82.5,6.22,80.5,4.15,79.75,2.86,85.75,2.49,66.25,5.45,85.74,12.92,4.55
810,raw/fullpaper/0810-中国法学-2022-1-论民事权益位阶_以_民法典_为中心-王利明-中国人民大学.pdf,63.75,13.94,80.75,2.95,80.25,5.67,86.75,1.09,82.5,2.87,65.5,6.58,79.07,14.75,6.38
811,raw/fullpaper/0811-中国法学-2020-5-论民事诉讼中的协同主义-杨严炎-复旦大学法学院.pdf,52.5,21.17,48.0,5.87,55.25,17.91,78.75,5.4,72.5,8.56,52.75,19.64,58.1,22.83,15.12
812,raw/fullpaper/0812-中国法学-2020-5-论民事诉讼中的法官调查取证权-袁中华-中南财经政法大学法学院.pdf,84.25,4.92,82.75,3.11,80.75,9.18,86.5,5.17,87.75,1.79,79.5,3.64,86.81,11.37,5.37
813,raw/fullpaper/0813-中国法学-2018-2-论民事诉讼文书样式实例评注研究的引领功用-杨凯-华中师范大学法学院.pdf,35.0,0.0,63.75,8.93,43.25,3.7,65.75,1.3,54.5,6.34,67.5,5.89,50.46,14.55,5.03
814,raw/fullpaper/0814-中国法学-2016-4-论民事诉讼突袭性裁判的防止_以现代庭审理论的应用为中心-杨严炎-复旦大学法学院.pdf,65.5,8.26,74.0,2.45,67.75,12.58,76.75,2.77,80.5,5.32,74.25,3.77,73.54,16.83,6.73
815,raw/fullpaper/0815-中国法学-2020-6-论民法典后司法解释之命运-黄忠-西南政法大学.pdf,84.5,1.5,80.0,2.0,76.5,6.98,88.25,2.49,85.25,0.43,84.25,1.3,87.91,10.27,2.83
816,raw/fullpaper/0816-中国法学-2019-3-论民法典婚姻家庭编的社会化-肖新喜-西北政法大学民商法学院.pdf,59.25,10.21,78.0,7.35,64.75,13.81,83.5,3.84,68.0,13.36,73.5,1.5,73.34,18.75,9.62
817,raw/fullpaper/0817-中国法学-2016-6-论民法对合同行政审批的立法态度-马新彦-国家2011司法文明协同创新中心.pdf,62.5,20.77,83.0,5.39,75.0,9.43,84.25,4.26,86.5,5.17,79.5,1.66,77.65,16.38,8.98
818,raw/fullpaper/0818-中国法学-2017-1-论法律的法规创造力-王贵松-中国人民大学法学院.pdf,69.75,8.23,81.0,2.74,56.25,18.83,86.75,3.03,83.5,1.66,70.0,20.36,77.01,17.35,10.55
819,raw/fullpaper/0819-中国法学-2024-4-论法律科际整合及其对_可靠事实_的探寻-孙笑侠-浙江大学数字法治研究院.pdf,46.25,2.17,76.5,3.2,48.75,10.08,78.75,5.54,72.25,17.67,79.0,1.73,61.46,15.73,7.77
820,raw/fullpaper/0820-中国法学-2022-5-论法律解释目标的逐案决定-陈坤-南京大学法学院.pdf,87.75,1.79,88.5,0.87,84.5,1.5,87.75,1.79,88.5,0.87,79.5,3.64,90.35,8.18,2.02
821,raw/fullpaper/0821-中国法学-2023-4-论法律认知的信任逻辑-伍德志-武汉大学法学院.pdf,72.25,10.3,82.25,4.6,74.25,8.32,85.0,0.0,87.25,1.92,66.75,4.66,80.96,15.72,5.73
822,raw/fullpaper/0822-中国法学-2021-3-论法院对规范性文件的附带审查-何海波-清华大学法学院.pdf,69.75,28.81,80.0,3.16,65.0,22.55,86.75,3.03,84.5,5.77,85.0,2.12,80.32,15.87,12.6
823,raw/fullpaper/0823-中国法学-2023-4-论涉案企业合规的全流程从宽-李奋飞-中国人民大学法学院.pdf,77.0,4.36,79.0,5.2,63.75,16.25,78.25,2.49,80.0,3.81,78.25,2.49,78.43,14.15,6.67
824,raw/fullpaper/0824-中国法学-2016-5-论混合型海洋争端的管辖权问题-张华-南京大学法学院.pdf,63.0,6.28,70.0,5.43,65.25,7.43,84.0,3.67,83.25,3.03,67.0,5.39,72.99,17.67,6.02
825,raw/fullpaper/0825-中国法学-2015-5-论演绎权的保护范围-梁志文-南京师范大学法学院.pdf,70.75,18.05,83.25,6.61,80.0,5.43,77.75,1.79,76.25,13.35,58.5,5.22,78.97,15.92,9.7
826,raw/fullpaper/0826-中国法学-2021-6-论犯罪参与的共同性_以单一正犯体系为中心-刘明祥-中国人民大学刑事法律科学研究中心.pdf,82.5,4.82,84.75,2.17,64.0,18.93,85.0,4.95,83.75,1.79,51.25,4.15,82.35,12.5,7.1
827,raw/fullpaper/0827-中国法学-2015-2-论环境侵权原因行为的立法拓展-竺效-中国人民大学法学院.pdf,65.25,26.34,65.75,17.8,62.0,10.93,84.5,1.5,70.0,16.57,67.0,2.12,72.32,19.08,14.45
828,raw/fullpaper/0828-中国法学-2017-6-论环境质量标准与环境污染侵权责任的认定-尤明青-中南财经政法大学法学院.pdf,75.5,4.33,60.5,21.17,68.25,15.2,88.0,1.87,84.0,3.67,64.25,4.92,76.63,17.98,9.85
829,raw/fullpaper/0829-中国法学-2019-5-论生态损害救济的模式选择-刘静-武汉大学环境法研究所.pdf,71.0,11.98,82.5,0.87,63.75,12.44,84.5,2.6,82.5,4.82,79.5,1.66,78.6,13.48,6.62
830,raw/fullpaper/0830-中国法学-2024-3-论破产程序中企业数据财产的处理-赵精武-北京航空航天大学法学院.pdf,82.25,1.79,86.5,1.5,73.25,11.14,87.25,1.92,78.75,3.96,81.5,2.18,87.84,12.03,4.33
831,raw/fullpaper/0831-中国法学-2021-1-论社会信用法的立法模式选择-王伟-中央党校(国家行政学院)政治和法律教研部.pdf,73.0,9.95,74.0,5.34,73.75,6.65,83.25,3.03,83.25,3.03,72.5,2.87,78.78,15.07,5.95
832,raw/fullpaper/0832-中国法学-2018-3-论禁止权利滥用原则的法律适用-彭诚信-上海交通大学凯原法学院.pdf,64.0,22.55,63.0,25.29,84.75,3.27,84.75,2.95,87.5,2.87,60.0,6.12,75.31,17.13,12.13
833,raw/fullpaper/0833-中国法学-2016-2-论税收国家的基础-张富强-华南理工大学法学院.pdf,55.5,18.12,75.75,8.44,38.75,4.15,77.25,1.92,70.5,3.64,58.75,16.78,62.43,20.42,10.2
834,raw/fullpaper/0834-中国法学-2023-6-论类案的结构性相似特征及其运用-杨知文-华东政法大学法律学院.pdf,63.5,11.06,81.5,5.36,75.75,9.44,89.0,4.0,86.25,2.49,75.5,2.87,78.9,12.5,6.78
835,raw/fullpaper/0835-中国法学-2025-1-论经济法治现代化-张守文-北京大学法学院.pdf,31.25,2.17,63.75,1.3,47.75,1.79,73.25,1.3,76.0,5.34,69.0,4.06,51.69,8.88,3.08
836,raw/fullpaper/0836-中国法学-2021-4-论绿色原则的规范解释司法适用-竺效-中国人民大学法学院.pdf,71.25,7.79,80.25,2.05,80.0,5.43,88.0,3.08,82.5,2.87,67.75,4.21,81.85,10.77,4.92
837,raw/fullpaper/0837-中国法学-2019-3-论缓和的结果归属-张明楷-清华大学法学院.pdf,84.0,4.0,86.5,1.5,70.75,7.66,86.5,1.5,86.0,1.73,73.25,3.7,85.84,9.73,3.85
838,raw/fullpaper/0838-中国法学-2017-3-论网络时代刑法解释的限度-欧阳本祺-东南大学法学院.pdf,74.0,3.16,76.25,1.79,71.25,11.69,88.0,3.74,83.25,3.7,74.25,2.49,80.34,12.42,5.13
839,raw/fullpaper/0839-中国法学-2017-2-论网络服务商版权内容过滤义务-崔国斌-清华大学法学院.pdf,75.75,10.69,53.75,23.01,79.75,4.15,84.0,3.67,83.5,3.2,80.25,2.86,78.22,17.17,9.15
840,raw/fullpaper/0840-中国法学-2016-4-论网络服务提供者间接侵权责任的过错形态-冯术杰-清华大学法学院.pdf,81.25,2.59,77.75,4.71,70.75,12.21,82.5,4.82,84.5,2.87,70.5,1.66,81.87,12.28,5.55
841,raw/fullpaper/0841-中国法学-2018-3-论网络法权构建中的主体性原则-陈璞-中国人民大学金融科技与互联网安全研究中心.pdf,58.75,14.38,62.5,6.58,65.0,8.77,78.0,4.95,82.5,2.87,77.5,2.5,68.26,20.53,7.7
842,raw/fullpaper/0842-中国法学-2024-5-论股东功能之嬗变_从股东治理到股东代理-沈云樵-澳门科技大学法学院.pdf,69.0,17.19,77.75,1.79,55.0,12.12,78.25,4.09,83.75,3.03,59.25,17.8,72.76,18.33,10.77
843,raw/fullpaper/0843-中国法学-2025-2-论行政决定保全-江国华-武汉大学法学院.pdf,64.5,11.52,51.75,14.97,76.5,8.2,85.5,4.33,78.75,6.76,74.25,7.36,71.56,16.17,10.23
844,raw/fullpaper/0844-中国法学-2020-5-论行政协议的司法审查-余凌云-清华大学法学院.pdf,78.5,5.5,79.25,4.38,67.0,8.34,81.75,2.49,77.5,5.89,76.0,5.34,80.41,18.77,6.17
845,raw/fullpaper/0845-中国法学-2015-2-论行政审批的分类改革与替代性制度建设-王克稳-苏州大学王健法学院暨东吴公法与比较法研究所.pdf,59.0,15.83,33.75,20.73,71.25,6.06,84.75,4.97,77.0,3.0,72.5,2.5,61.28,17.75,10.22
846,raw/fullpaper/0846-中国法学-2016-1-论行政廉洁原则的适用-于安-清华大学公共管理学院.pdf,50.5,15.27,68.5,9.86,37.5,2.5,80.75,5.17,76.5,5.17,62.25,6.18,59.56,17.17,8.5
847,raw/fullpaper/0847-中国法学-2017-5-论行政法中技术标准的运用-关保英-上海政法学院.pdf,34.25,2.49,49.25,10.76,48.0,10.93,70.75,2.95,51.75,10.54,70.25,8.26,48.79,18.52,8.83
848,raw/fullpaper/0848-中国法学-2015-3-论行政行为的违法性继承-王贵松-中国人民大学法学院.pdf,69.25,20.1,85.25,0.43,81.0,5.34,85.75,2.49,80.0,7.04,63.75,4.38,81.97,13.65,7.67
849,raw/fullpaper/0849-中国法学-2015-2-论行政诉讼补救判决的适用——基于104份行政裁判文书的统计分析-陈思融-浙江财经大学法学院.pdf,53.0,13.21,53.5,24.13,60.75,9.18,80.25,5.12,80.0,3.81,65.75,2.59,63.9,21.25,11.18
850,raw/fullpaper/0850-中国法学-2021-5-论规划许可变更前和谐相邻关系的行政法保护_以采光权的保护为例-肖泽晟-南京大学法学院.pdf,81.5,3.5,68.75,4.66,81.0,5.34,86.75,3.03,86.0,3.67,75.0,3.54,82.65,17.02,4.57
851,raw/fullpaper/0851-中国法学-2024-1-论证券监管介入上市公司治理的限度-吕成龙-深圳大学法学院.pdf,71.25,4.87,80.5,1.66,70.25,11.14,87.5,3.57,84.0,3.67,77.0,2.12,80.07,12.9,5.18
852,raw/fullpaper/0852-中国法学-2022-4-论醉驾案件的程序出罪-史立梅-北京师范大学刑事法律科学研究院.pdf,79.25,8.93,82.25,4.38,80.0,5.83,89.0,4.12,83.75,1.79,78.25,2.05,85.38,10.88,5.23
853,raw/fullpaper/0853-中国法学-2021-5-论量刑基准的回归-石经海-西南政法大学法学院.pdf,74.5,2.6,89.75,2.86,74.25,7.19,85.0,2.12,81.25,2.59,55.0,9.35,82.51,15.1,5.13
854,raw/fullpaper/0854-中国法学-2021-2-论金融司法与金融监管协同治理机制-鲁篱-西南财经大学法学院.pdf,77.75,1.79,75.5,5.17,60.0,5.43,85.75,4.92,88.0,3.08,65.5,2.18,78.97,15.3,4.37
855,raw/fullpaper/0855-中国法学-2025-2-论金融法的制定-邢会强-中央财经大学法学院.pdf,43.75,8.93,77.25,1.3,48.25,2.05,80.75,4.38,84.5,2.6,76.25,2.17,61.13,12.12,4.13
856,raw/fullpaper/0856-中国法学-2016-5-证券期货市场高频交易的法律监管框架研究-邢会强-中央财经大学法学院.pdf,36.25,6.5,59.0,5.34,62.25,4.38,79.5,4.33,89.0,4.12,67.75,6.18,56.37,13.92,5.95
857,raw/fullpaper/0857-中国法学-2021-6-证券虚假陈述中审验机构连带责任的厘清与修正-陈洁-中国社会科学院法学研究所.pdf,62.25,16.25,82.75,3.11,73.0,7.0,82.25,2.86,78.5,6.06,70.0,1.41,76.68,14.25,7.07
858,raw/fullpaper/0858-中国法学-2022-6-证据属性的中国法律之道-周洪波-西南民族大学法学院.pdf,85.0,2.12,84.25,3.27,72.0,14.97,86.0,2.74,85.25,1.79,73.25,10.66,85.76,12.37,6.85
859,raw/fullpaper/0859-中国法学-2024-1-证据种类法定主义的反思与重构-郑飞-北京交通大学法学院.pdf,74.25,11.69,85.25,2.49,69.75,2.86,85.5,2.87,86.25,2.49,63.5,1.5,81.69,9.6,4.6
860,raw/fullpaper/0860-中国法学-2017-2-证据链与结构主义-栗峥-国家2011计划司法文明协同创新中心、中国政法大学诉讼法学研究院.pdf,72.75,11.82,65.25,26.28,82.5,2.87,86.0,1.22,71.75,11.67,69.25,2.95,75.0,17.95,10.92
861,raw/fullpaper/0861-中国法学-2019-3-诈骗罪重构_交易信息操纵理论之提倡-王莹-中国人民大学刑事法律科学研究中心.pdf,87.75,1.79,87.0,3.61,88.75,2.59,86.5,4.97,81.75,2.49,66.25,4.15,90.46,9.92,3.78
862,raw/fullpaper/0862-中国法学-2023-1-诊疗人工智能的医疗损害责任-郑志峰-西南政法大学民商法学院.pdf,72.25,10.21,77.5,3.57,74.5,12.54,85.75,1.3,81.25,4.15,66.5,1.5,80.06,15.27,6.4
863,raw/fullpaper/0863-中国法学-2024-2-试析明清律中的_罪坐所由-张德美-中国政法大学法学院.pdf,77.75,5.12,68.0,5.87,60.0,5.43,84.5,1.5,73.5,9.76,72.5,7.5,75.0,16.1,6.78
864,raw/fullpaper/0864-中国法学-2017-6-谱写新时代人权法治保障的新篇章-江必新-最高人民法院.pdf,15.0,15.0,13.75,8.2,35.0,0.0,54.25,10.8,27.5,4.33,32.5,4.33,27.47,17.8,8.22
865,raw/fullpaper/0865-中国法学-2024-5-财产事实支配的宪法定位及其在数据财产领域的运用-杜牧真-中国政法大学数据法治研究院.pdf,77.75,8.23,79.75,4.92,75.75,12.32,86.75,1.3,81.5,9.6,69.25,9.68,82.99,13.65,8.87
866,raw/fullpaper/0866-中国法学-2019-4-财产损失要件在诈骗认定中的功能及其判断-付立庆-中国人民大学刑事法律科学研究中心.pdf,83.75,4.38,84.0,2.0,82.75,6.3,86.25,3.03,85.75,3.77,70.25,2.86,87.22,12.78,4.3
867,raw/fullpaper/0867-中国法学-2016-3-财产罪占有之立场_缓和的事实性占有概念-梁云宝-东南大学法学院.pdf,67.5,7.5,82.5,3.57,85.75,2.49,87.75,1.79,87.25,3.56,67.5,7.63,82.01,16.97,5.12
868,raw/fullpaper/0868-中国法学-2018-1-财政权利的逻辑体系及其现实化构造-胡明-华南理工大学法学院.pdf,52.5,14.79,71.25,9.58,70.5,10.81,68.5,13.61,84.0,3.67,71.25,2.59,66.85,19.02,10.6
869,raw/fullpaper/0869-中国法学-2015-4-财税法功能的定位及其当代变迁-刘剑文-北京大学法学院.pdf,59.25,14.29,68.25,2.49,45.75,22.29,85.25,0.43,87.75,4.71,49.25,14.72,65.1,17.42,11.33
870,raw/fullpaper/0870-中国法学-2015-2-责任保险中的连带责任承担问题——以机动车商业三责险条款为分析样本-韩长印-上海交通大学凯原法学院.pdf,63.75,12.62,59.75,34.73,62.75,20.14,87.75,2.68,80.5,3.64,70.0,3.81,71.28,21.83,14.95
871,raw/fullpaper/0871-中国法学-2018-5-责任清单编制规则的法治逻辑-刘启川-东南大学法学院.pdf,71.0,10.65,68.75,11.03,72.0,4.3,85.0,7.0,77.0,10.44,71.25,4.15,76.94,18.42,9.17
872,raw/fullpaper/0872-中国法学-2015-6-质疑法定资本制之改革-蒋大兴-北京大学法学院.pdf,50.5,15.44,77.5,3.57,70.0,1.41,82.5,7.4,75.75,5.12,46.0,23.15,69.82,22.43,10.77
873,raw/fullpaper/0873-中国法学-2015-1-贪污受贿犯罪定罪量刑标准问题研究-赵秉志-北京师范大学刑事法律科学研究院暨法学院.pdf,58.75,12.93,64.5,9.12,53.75,13.4,82.25,3.77,83.0,5.0,78.25,6.26,67.75,17.28,9.7
874,raw/fullpaper/0874-中国法学-2017-4-贿赂犯罪的保护法益与事后受财行为的定性-黎宏-清华大学法学院.pdf,83.75,1.09,82.75,3.11,69.5,9.01,75.25,4.55,86.25,1.64,66.75,5.8,82.0,14.0,4.87
875,raw/fullpaper/0875-中国法学-2024-3-资本市场信息披露双层规范体系的基本建构-郭锋-成都理工大学文法学院.pdf,71.75,8.9,76.0,12.19,72.5,11.76,85.0,2.12,86.25,1.79,80.0,1.41,81.0,15.68,7.35
876,raw/fullpaper/0876-中国法学-2024-5-赋能型人工智能治理的理念确立与机制构建-张吉豫-中国人民大学法学院、未来法治研究院.pdf,26.25,6.5,68.75,12.72,45.25,2.17,86.0,5.15,82.25,6.1,68.25,4.09,53.66,12.6,7.05
877,raw/fullpaper/0877-中国法学-2017-6-走向_精明_的证券监管-张红-北京师范大学法学院.pdf,38.75,6.5,46.75,29.01,58.25,13.48,72.5,6.18,74.0,3.67,66.25,5.4,52.01,19.47,12.35
878,raw/fullpaper/0878-中国法学-2021-4-超越_依法裁判_的清代司法-李栋-中南财经政法大学法学院.pdf,75.5,8.26,88.5,0.87,77.0,3.0,84.5,1.5,80.75,2.95,62.25,25.62,83.94,14.1,8.12
879,raw/fullpaper/0879-中国法学-2023-4-身份人格权论-刘德良-中南财经政法大学法学院.pdf,61.5,19.62,86.0,2.35,80.75,4.87,76.25,4.38,82.75,1.3,74.5,7.63,77.13,15.52,7.72
880,raw/fullpaper/0880-中国法学-2023-4-身份权的派生确权与参照保护-张力-西南政法大学民商法学院.pdf,75.75,17.92,75.0,9.95,89.25,2.95,88.25,2.05,86.0,1.22,77.0,5.43,83.9,12.85,7.62
881,raw/fullpaper/0881-中国法学-2020-2-轻罪重判国家赔偿责任的证立及其类型化-金成波-中共中央党校(国家行政学院)政治和法律教研部.pdf,67.0,10.05,75.5,4.97,67.5,14.79,85.75,4.49,83.25,2.49,60.5,3.64,76.5,19.45,7.78
882,raw/fullpaper/0882-中国法学-2023-2-过失犯远因溯责的规制路径_以渎职犯罪为中心-陈璇-中国人民大学刑事法律科学研究中心.pdf,87.0,2.12,83.75,7.01,90.25,3.03,88.25,0.43,86.5,2.06,72.25,1.79,90.1,7.15,3.17
883,raw/fullpaper/0883-中国法学-2018-5-过程性审查_行政行为司法审查方法研究-刘东亮-浙江工商大学法学院.pdf,58.0,10.93,80.5,5.72,76.25,5.31,70.75,9.18,71.0,18.32,63.75,12.62,72.51,18.83,11.95
884,raw/fullpaper/0884-中国法学-2023-2-过罚相当原则的规范构造与适用-刘权-中央财经大学法学院.pdf,72.0,16.26,77.25,1.3,67.25,10.28,87.25,1.92,84.25,3.77,74.25,1.3,78.99,14.47,6.7
885,raw/fullpaper/0885-中国法学-2021-3-迈向_规划_时代的法治中国建设-马怀德-中国政法大学.pdf,35.0,6.12,43.75,7.4,37.5,2.5,78.0,4.24,52.0,14.82,58.75,4.15,47.62,16.02,7.55
886,raw/fullpaper/0886-中国法学-2015-6-近代中国宪制的发展-聂鑫-清华大学法学院.pdf,55.5,17.17,56.25,32.48,40.5,6.18,76.75,4.92,79.25,6.22,56.25,5.45,58.03,21.32,13.93
887,raw/fullpaper/0887-中国法学-2021-1-远程工作的立法理念与制度建构-谢增毅-中国社会科学院法学研究所.pdf,37.5,4.56,47.25,14.2,67.5,4.82,80.5,5.32,80.5,5.02,65.0,0.0,55.21,13.78,6.53
888,raw/fullpaper/0888-中国法学-2015-5-连带责任的弹性不足及其克服-张平华-烟台大学法学院.pdf,69.25,15.45,76.25,6.65,79.0,7.28,83.5,3.2,75.0,9.95,74.75,4.55,78.97,17.27,9.07
889,raw/fullpaper/0889-中国法学-2015-6-退休年龄的法理分析及制度安排-林嘉-中国人民大学法学院、中国人民大学民商事法律科学研究中心.pdf,57.5,16.45,76.25,3.03,54.25,11.03,84.25,6.26,68.75,12.62,78.25,2.49,70.63,18.5,9.98
890,raw/fullpaper/0890-中国法学-2020-3-通过政策的司法治理-李红勃-中国政法大学法治政府研究院.pdf,50.0,14.82,57.25,20.75,40.0,5.0,84.5,3.91,78.0,4.9,62.75,11.12,58.06,16.67,11.65
891,raw/fullpaper/0891-中国法学-2020-5-通过立法的文化传承-杨建军-西北政法大学刑事法学院.pdf,31.25,2.17,55.0,6.12,43.75,2.17,66.75,9.15,62.75,7.19,63.75,4.38,47.4,14.73,6.02
892,raw/fullpaper/0892-中国法学-2023-4-逮捕社会危险性条件中犯罪嫌疑人逃跑风险评估研究-张吉喜-西南政法大学诉讼法与司法改革研究中心.pdf,76.75,6.06,79.5,0.87,79.5,4.15,88.0,3.74,86.5,1.5,70.0,9.35,83.53,12.58,4.93
893,raw/fullpaper/0893-中国法学-2021-1-遗产限定继承论-马新彦-吉林大学法学院.pdf,72.0,4.3,61.25,4.15,78.5,5.22,82.0,4.3,82.25,3.34,79.75,5.76,75.97,19.62,5.23
894,raw/fullpaper/0894-中国法学-2017-4-避免将行政违法认定为刑事犯罪_理念、方法与路径-张明楷-清华大学法学院.pdf,66.5,21.43,61.25,26.78,73.25,9.26,86.0,1.22,84.25,1.3,61.75,4.82,74.04,19.53,12.47
895,raw/fullpaper/0895-中国法学-2018-3-酌定不起诉制度的再考查-郭烁-北京交通大学法学院.pdf,73.0,8.19,76.75,1.3,43.75,2.17,72.5,3.57,81.5,2.18,66.75,4.92,68.6,13.07,4.3
896,raw/fullpaper/0896-中国法学-2016-1-释宪机制的影响因子及其中国构造-刘国-江西财经大学法学院.pdf,48.75,6.5,44.5,7.63,46.25,2.17,75.75,7.5,61.25,12.52,61.25,7.4,53.66,19.23,8.42
897,raw/fullpaper/0897-中国法学-2015-5-释法抑或造法_由刑法历次修正引发的思考-杨柳-中南财经政法大学刑事司法学院.pdf,67.5,6.54,77.75,5.12,62.5,17.7,82.5,2.87,82.75,3.11,74.0,4.24,75.56,14.58,7.6
898,raw/fullpaper/0898-中国法学-2015-2-重复诉讼规制研究_兼论_一事不再理-张卫平-清华大学法学院.pdf,69.5,15.07,77.25,1.3,65.0,29.49,85.75,4.49,84.75,4.09,76.25,5.4,77.35,17.13,11.5
899,raw/fullpaper/0899-中国法学-2015-3-重大行政决策概念证伪及其补正-熊樟林-东南大学法学院.pdf,83.75,3.03,70.25,10.59,37.5,14.43,88.0,0.0,80.25,3.03,81.25,2.59,73.41,15.38,6.48
900,raw/fullpaper/0900-中国法学-2020-6-重新发现_同案_构建案件相似性的判断标准-孙海波-中国政法大学比较法学研究院.pdf,80.25,3.03,86.5,3.35,79.25,6.61,87.75,1.79,83.25,3.11,63.0,2.12,86.31,11.37,3.85
901,raw/fullpaper/0901-中国法学-2015-4-重构_禁止抽逃出资_规则的公司法理基础-刘燕-北京大学法学院.pdf,76.25,15.16,84.75,1.64,90.0,3.54,89.75,1.48,86.5,1.5,82.25,1.79,88.85,9.67,4.83
902,raw/fullpaper/0902-中国法学-2024-1-金融诈骗罪特别从宽于诈骗罪的再认识-徐光华-华东政法大学刑事法学院.pdf,82.0,4.95,86.75,2.49,68.5,8.65,84.0,4.24,84.5,1.5,77.25,3.56,84.21,11.47,4.88
903,raw/fullpaper/0903-中国法学-2016-2-错案责任追究与豁免-朱孝清-全国政协.pdf,58.0,14.82,46.25,24.08,66.75,12.01,81.0,1.73,74.25,10.69,62.5,6.58,62.19,23.55,13.45
904,raw/fullpaper/0904-中国法学-2015-4-集体经营性建设用地_同等入市_的法制革新-温世扬-中南财经政法大学法学院.pdf,58.75,17.22,72.75,10.47,53.75,5.45,80.75,4.09,73.5,5.02,74.0,3.67,69.34,18.55,8.83
905,raw/fullpaper/0905-中国法学-2015-5-非典型与典型案件_术语、成因及其关系-周赟-厦门大学法学院.pdf,69.0,18.26,85.0,6.28,71.0,9.3,87.25,1.3,80.25,3.03,69.5,8.85,80.41,18.22,9.05
906,raw/fullpaper/0906-中国法学-2017-4-非法持有枪支罪的司法认定-王钢-清华大学法学院.pdf,83.25,6.61,76.25,13.4,77.5,5.72,85.0,2.12,86.0,1.22,66.25,2.17,84.0,17.3,6.0
907,raw/fullpaper/0907-中国法学-2018-1-预防性刑法观及其教义学思考-高铭暄-中国人民大学法学院.pdf,62.0,12.59,72.5,6.54,50.5,1.66,86.75,6.98,82.75,3.11,79.0,1.0,71.26,15.4,6.13
908,raw/fullpaper/0908-中国法学-2017-4-香港新宪制秩序的法理基础_分权还是授权-程洁-清华大学法学院.pdf,74.0,8.86,79.0,2.24,67.75,8.26,81.0,1.73,74.75,8.98,72.0,12.73,75.0,15.28,8.23
909,raw/fullpaper/0909-中国法学-2018-4-高校校规的法律属性研究-朱芒-上海交通大学法学院.pdf,69.25,8.32,74.5,2.87,63.25,6.61,81.75,2.49,66.75,18.95,61.75,7.19,75.0,18.53,8.93
910,raw/fullpaper/0910-中国法学-2017-5-高校校规_司法适用的正当性与适用原则-徐靖-中南大学法学院.pdf,73.5,6.1,81.75,2.49,70.0,3.46,85.75,5.12,86.5,2.06,59.0,3.67,79.71,13.37,4.4
911,raw/fullpaper/0911-中国法学-2020-5-高等学校_非升即走_聘用合同法律性质及其制度法治逻辑-徐靖-中南大学法学院.pdf,55.75,12.91,77.25,2.77,74.25,3.77,77.5,1.5,79.0,1.0,62.5,3.57,72.19,16.1,4.9
912,"raw/fullpaper/0912-中国社会科学-2023-6-1768年叫魂案再审视与解读-茆巍-华东政法大学科学研究院,上海201620.pdf",38.0,11.6,67.0,9.43,32.5,7.5,82.0,3.74,77.0,4.85,50.0,5.0,54.21,15.48,8.12
913,"raw/fullpaper/0913-中国社会科学-2021-1-一带一路_倡议与国际法——基于国际公共产品供给视角的分析-石静霞-中国人民大学法学院,北京100872.pdf",34.25,2.49,68.75,9.04,47.5,8.29,80.5,4.27,78.25,2.49,68.5,3.5,55.59,12.77,5.78
914,"raw/fullpaper/0914-中国社会科学-2022-12-中国特色社会主义法治理论_ 考-何勤华-华东政法大学法律文明史研究院,上海200042.pdf",25.0,5.0,32.25,7.76,37.5,4.33,63.25,9.15,45.0,0.0,45.0,7.07,37.91,13.88,6.43
915,"raw/fullpaper/0915-中国社会科学-2019-6-个人信息民法保护的模式选择-王成-北京大学法学院,北京100871.pdf",72.0,4.95,77.0,7.38,62.25,21.66,85.25,4.55,85.5,0.5,71.75,10.3,77.57,16.45,9.5
916,"raw/fullpaper/0916-中国社会科学-2021-10-中华法的政治机理——基于秦汉与古罗马时期的比较视角-王志强-复旦大学法学院,上海200438.pdf",77.5,6.54,86.5,2.96,79.0,2.92,83.5,1.5,87.0,2.12,62.5,4.82,84.29,10.73,4.0
917,"raw/fullpaper/0917-中国社会科学-2025-4-中国专利交易中的绝对权类型法定-张轶-深圳大学法学院,深圳518000.pdf",72.25,18.66,70.75,20.94,74.5,5.17,87.0,5.2,80.75,6.83,80.25,2.86,80.76,17.07,11.48
918,"raw/fullpaper/0918-中国社会科学-2022-12-中国共产党创造法治文明新形态的历史叙事-付子堂-西南政法大学人权学院、纪检监察学院,重庆401120.pdf",28.75,5.45,53.25,9.44,36.25,5.45,63.25,3.7,57.5,7.5,31.25,9.6,43.96,14.05,7.93
919,"raw/fullpaper/0919-中国社会科学-2022-12-中国刑事程序法治文明的新发展-陈卫东-中国人民大学法学院,北京100872.pdf",31.25,2.17,37.75,22.7,45.0,3.54,74.0,5.52,64.75,11.43,70.0,5.83,45.26,18.75,9.85
920,"raw/fullpaper/0920-中国社会科学-2015-7-中国刑事证据制度体系的优化-张栋-华东政法大学法律学院,上海200042.pdf",59.0,18.72,74.5,7.26,78.0,10.2,81.5,5.22,83.25,3.03,80.5,5.02,76.29,17.75,9.52
921,"raw/fullpaper/0921-中国社会科学-2019-5-中国合宪性审查的宪法文本实现-刘连泰-厦门大学法学院,厦门361005.pdf",55.5,9.66,80.5,6.54,86.5,8.41,78.25,7.19,65.25,14.31,70.75,6.83,75.0,17.6,10.18
922,"raw/fullpaper/0922-中国社会科学-2023-12-中国宪法上基本权利法律保留的生成与构造-陈鹏-厦门大学法学院,厦门361005.pdf",75.25,21.58,83.0,2.45,84.0,3.67,85.5,4.33,87.75,1.79,68.75,15.55,84.03,14.63,9.5
923,"raw/fullpaper/0923-中国社会科学-2024-9-中国宪法权力监督功能的规范分析-刘练军-东南大学法学院,南京211189.pdf",32.5,8.29,52.25,9.18,45.0,0.0,82.5,6.54,76.0,6.04,65.25,10.28,51.12,14.23,7.77
924,"raw/fullpaper/0924-中国社会科学-2023-3-中国宪法社会权的体系解释-刘晗-清华大学法学院,北京100084.pdf",75.25,5.36,76.25,3.03,70.0,7.04,87.5,3.28,86.25,1.79,76.0,4.24,80.44,14.57,4.77
925,"raw/fullpaper/0925-中国社会科学-2022-12-中国式物权制度的文明刻度-蔡立东-吉林大学,长春130012.pdf",35.0,0.0,57.0,8.34,48.5,4.27,71.75,2.49,67.0,12.63,43.75,2.17,51.21,13.83,5.75
927,"raw/fullpaper/0927-中国社会科学-2018-1-中国政府治理的法治路径-石佑启-广东外语外贸大学,广州510420.pdf",37.5,5.59,73.5,3.84,49.25,4.87,82.5,6.18,83.25,6.61,73.5,1.5,58.63,12.3,5.48
928,"raw/fullpaper/0928-中国社会科学-2017-1-中国民众刑法偏好研究-白建军-北京大学法学院,北京100871.pdf",77.75,1.79,81.5,2.06,84.5,4.27,81.0,5.34,86.75,3.03,71.75,4.09,83.59,11.0,3.97
929,"raw/fullpaper/0929-中国社会科学-2017-12-中国法律规范体系与立法效果评估-冯玉军-中国人民大学法学院,北京100872.pdf",32.5,2.5,50.0,29.37,59.0,7.97,79.5,1.66,72.75,6.3,55.75,18.75,52.35,20.57,12.82
930,"raw/fullpaper/0930-中国社会科学-2019-1-中国法治社会的结构及其运行机制-陈柏峰-中南财经政法大学法学院、教育部,武汉430073.pdf",42.5,12.5,68.5,5.22,51.25,4.15,81.25,5.54,80.75,2.95,61.25,4.15,59.28,15.68,6.63
931,raw/fullpaper/0931-中国社会科学-2018-11-中国法理学进步的阶梯-徐显明-不详.pdf,27.5,4.33,59.25,7.36,31.25,2.17,81.0,5.34,53.0,12.23,60.5,3.64,48.22,13.48,6.75
932,"raw/fullpaper/0932-中国社会科学-2015-6-中国海上航运的安保模式及其法律保障——以应对21世纪海上丝路的海盗为例-李卫海-中国政法大学,北京102249.pdf",32.5,7.5,62.5,16.07,56.25,8.93,65.0,6.28,56.5,11.72,55.75,7.19,51.4,19.07,11.12
933,"raw/fullpaper/0933-中国社会科学-2024-9-中国生态环境法治的空间拓展及其规则创新-刘超-华侨大学法学院,泉州362021.pdf",46.25,5.45,79.0,9.22,65.0,25.87,82.0,4.9,79.25,4.87,70.5,1.66,65.68,16.17,10.0
934,"raw/fullpaper/0934-中国社会科学-2018-8-中国知识产权法律变迁的基本面向-吴汉东-中南财经政法大学,武汉430074.pdf",32.5,4.33,37.5,21.94,40.5,6.18,77.25,9.2,44.5,22.41,73.25,3.42,45.62,19.58,12.97
935,"raw/fullpaper/0935-中国社会科学-2015-12-中国自治型公司法的理论证成及制度实现-赵万一-西南政法大学民商法学院,重庆401120.pdf",33.25,3.42,63.75,22.12,46.25,2.17,78.25,3.9,80.75,2.95,64.75,7.46,53.31,12.5,8.07
936,"raw/fullpaper/0936-中国社会科学-2018-7-中国著作权立法中的制度创新-熊琦-华中科技大学法学院,武汉430074.pdf",80.25,4.92,75.25,6.3,67.5,9.66,87.5,3.57,86.0,1.22,74.0,5.1,81.53,14.2,5.93
937,"raw/fullpaper/0937-中国社会科学-2022-5-中国行政法学学术体系的构造-周佑勇-中共中央党校(国家行政学院)政治和法律教研部,北京100091.pdf",38.75,11.92,72.75,18.29,45.0,7.07,83.25,3.11,67.0,18.56,78.5,3.5,58.32,15.03,12.02
938,raw/fullpaper/0938-中国社会科学-2021-3-习近平法治思想的实践逻辑、理论逻辑和历史逻辑-张文显-吉林大学长春130012.pdf,30.0,0.0,18.75,4.15,36.25,2.17,54.25,7.19,38.75,6.5,29.5,5.32,34.16,10.97,4.87
939,"raw/fullpaper/0939-中国社会科学-2017-8-事实、证据与事实认定-张保生-中国政法大学证据科学教育部重点实验室,北京100088.pdf",70.25,15.09,72.5,9.66,76.25,5.85,88.0,1.87,83.25,3.03,75.75,7.01,79.01,18.83,8.2
940,"raw/fullpaper/0940-中国社会科学-2017-2-事权划分法治化的中国路径-刘剑文-北京大学法学院、中国财税法治战略研究院,北京100871.pdf",76.5,6.98,85.5,7.79,66.5,10.45,82.75,2.17,82.25,4.38,64.25,1.3,81.32,18.28,6.38
941,"raw/fullpaper/0941-中国社会科学-2015-4-互联网金融的法律规制——基于信息工具的视角-杨东-中国人民大学法学院、中国人民大学民商事法律科学研究中心,北京100872.pdf",49.25,9.58,45.75,15.22,66.75,10.89,83.0,1.73,70.5,15.39,67.5,13.16,59.46,18.67,12.72
942,"raw/fullpaper/0942-中国社会科学-2022-11-人合性在有限公司中的终结-梁上上-清华大学法学院,北京100084.pdf",75.0,15.78,82.5,2.29,68.75,17.09,82.75,3.56,84.75,5.8,72.5,5.59,80.49,15.18,9.63
943,"raw/fullpaper/0943-中国社会科学-2025-1-人工智能法律治理的路径拓展-张凌寒-中国政法大学数据法治研究院,北京100083.pdf",77.5,4.82,83.75,4.38,72.25,10.83,85.5,1.8,80.25,7.22,78.5,2.5,82.93,13.22,6.08
944,"raw/fullpaper/0944-中国社会科学-2020-4-人性民法与物性刑法的融合发展-刘艳红-东南大学法学院,南京211189.pdf",26.25,8.2,65.5,14.92,63.25,7.69,79.25,4.87,76.75,7.69,42.5,13.46,54.49,18.42,10.93
945,"raw/fullpaper/0945-中国社会科学-2016-5-人的尊严的法律属性辨析-胡玉鸿-苏州大学王健法学院,苏州215006.pdf",64.25,14.97,79.0,6.4,58.25,4.09,82.75,3.96,85.25,4.55,57.0,5.43,73.01,15.68,7.6
946,"raw/fullpaper/0946-中国社会科学-2021-4-从_权能分离_到_权利行使-蔡立东-吉林大学、司法数据应用研究中心,长春130012.pdf",85.75,2.49,90.0,1.41,87.75,1.79,89.5,2.6,86.25,1.3,79.5,3.64,90.99,7.1,2.55
947,"raw/fullpaper/0947-中国社会科学-2022-7-从控制到利用_刑法数据治理的模式转换-于改之-上海交通大学凯原法学院,上海200030.pdf",59.0,15.05,81.25,7.69,81.5,7.12,87.0,2.12,85.25,4.55,75.25,3.27,77.79,14.1,7.67
948,"raw/fullpaper/0948-中国社会科学-2018-2-从民法通则到民法总则_中国当代民法的历史性跨越-杨立新-天津大学法学院,天津300072.pdf",35.0,3.54,41.25,6.5,35.0,7.91,71.75,7.5,80.5,5.17,60.0,7.91,45.12,16.58,7.42
949,"raw/fullpaper/0949-中国社会科学-2021-4-从治外法权到域外规治——以管辖理论为视角-屈文生-华东政法大学法律文明史研究院、外语学院,上海201620.pdf",37.5,4.33,75.0,7.68,47.5,2.5,79.75,6.5,79.5,1.66,73.25,6.06,58.03,12.08,5.53
950,"raw/fullpaper/0950-中国社会科学-2025-5-从身份到行为_劳动法规范构造的转型-王天玉-中国社会科学院法学研究所,北京100720.pdf",82.75,1.3,85.0,2.12,86.25,1.09,85.25,3.56,86.0,1.22,79.5,3.64,87.49,9.18,2.48
951,"raw/fullpaper/0951-中国社会科学-2020-2-以_生态恢复论_重构环境侵权救济体系-吕忠梅-清华大学法学院,北京100084.pdf",81.75,5.4,80.25,2.86,83.75,7.01,89.5,1.66,89.25,2.95,79.5,3.64,86.57,14.03,4.52
952,"raw/fullpaper/0952-中国社会科学-2019-8-作为国家机构原则的民主集中制-王旭-中国人民大学法学院,北京100872.pdf",60.5,17.68,68.5,15.96,85.25,4.21,86.25,2.17,89.75,2.86,75.5,2.87,75.81,16.18,8.8
953,"raw/fullpaper/0953-中国社会科学-2020-11-依宪立法原则与合宪性审查-莫纪宏-中国社会科学院国际法研究所,北京100009.pdf",60.75,16.86,56.0,13.55,45.0,7.91,73.5,5.02,81.75,1.09,69.75,3.49,59.85,14.5,9.22
954,"raw/fullpaper/0954-中国社会科学-2023-2-先秦法的概念隐喻-汪太贤-广西大学法学院,南宁530004.pdf",73.75,9.18,78.75,3.96,71.75,12.89,79.25,4.38,89.0,4.12,47.5,11.46,77.87,16.6,8.87
955,"raw/fullpaper/0955-中国社会科学-2017-3-公司法中的契约自由——以股权处分抑制条款为视角-冯果-武汉大学法学院,武汉430072.pdf",71.5,5.22,71.75,5.4,72.75,6.14,89.5,2.87,84.25,2.86,72.25,1.79,79.01,15.03,4.67
956,"raw/fullpaper/0956-中国社会科学-2015-11-公序良俗原则与诚实信用原则的区分-于飞-中国政法大学民商经济法学院,北京100088.pdf",89.5,1.66,85.75,2.86,83.25,1.3,90.75,1.3,90.5,0.87,73.75,5.45,90.81,8.1,2.58
957,"raw/fullpaper/0957-中国社会科学-2016-11-公权与私权共治的法律机制-唐清利-西南财经大学法学院,成都610074.pdf",33.75,12.44,54.25,14.89,75.75,2.49,79.25,5.72,70.25,13.12,68.0,4.95,56.69,15.37,10.33
958,"raw/fullpaper/0958-中国社会科学-2016-6-公民参与行政的风险及法律规制-王旭-中国人民大学法学院副教授,北京100872.pdf",48.5,18.83,71.0,1.73,64.25,3.77,81.5,3.57,80.5,3.64,64.25,1.3,64.34,12.38,6.3
959,raw/fullpaper/0959-中国社会科学-2017-9-共享经济的法律规制-蒋大兴-北京大学法学院.pdf,45.5,15.52,68.25,4.09,77.5,3.28,74.25,2.49,71.25,15.22,76.0,3.67,63.26,17.3,8.52
960,"raw/fullpaper/0960-中国社会科学-2018-4-内幕交易惩罚性赔偿制度的构造原理与现实选择-邢会强-中央财经大学法学院,北京100081.pdf",56.25,21.25,68.25,7.5,88.5,9.6,83.5,2.6,84.0,2.0,70.75,2.95,74.18,16.77,8.83
961,"raw/fullpaper/0961-中国社会科学-2017-5-农地三权分置的法实现-蔡立东-吉林大学法学院,长春130012.pdf",62.75,18.79,60.5,23.41,82.25,6.57,83.0,2.12,88.5,2.18,63.75,7.36,73.43,20.65,11.62
962,"raw/fullpaper/0962-中国社会科学-2021-2-刑事司法人工智能的包容性规制-李训虎-中国政法大学证据科学研究院,北京100088.pdf",45.0,10.0,60.5,17.98,59.75,3.03,84.0,4.24,79.5,1.66,71.25,4.15,60.43,15.63,7.9
963,"raw/fullpaper/0963-中国社会科学-2022-8-刑事司法领域的宪法判断与刑法制度文明-周光权-清华大学法学院,北京100084.pdf",62.0,4.95,79.75,1.48,60.0,18.55,87.75,1.79,87.75,2.68,81.5,0.87,76.88,16.58,5.83
964,"raw/fullpaper/0964-中国社会科学-2023-7-刑法解释的价值判断-姜涛-华东政法大学刑事法学院,上海201620.pdf",59.25,22.47,87.25,1.92,57.75,21.03,79.0,3.67,82.75,6.53,72.0,3.08,73.22,16.82,11.28
965,raw/fullpaper/0965-中国社会科学-2016-4-制度激励、博弈均衡与社会正义-丁利-中山大学法学院.pdf,58.25,12.11,58.25,15.71,86.0,8.12,81.0,4.06,84.5,5.17,84.25,1.3,73.5,18.37,8.95
966,"raw/fullpaper/0966-中国社会科学-2018-6-包容性法治框架下的社会组织治理-张清-扬州大学法学院,扬州225009.pdf",36.25,6.5,49.75,22.87,46.75,1.3,63.25,4.92,67.5,10.52,54.25,7.5,47.63,16.47,10.33
967,"raw/fullpaper/0967-中国社会科学-2022-4-区域协调发展的国家保障义务-李海平-吉林大学理论法学研究中心,长春130012.pdf",48.75,20.73,49.25,23.49,80.0,5.83,81.75,2.86,83.5,3.2,67.5,2.87,62.15,19.37,11.33
968,"raw/fullpaper/0968-中国社会科学-2019-9-原则_例外关系的民法阐释-易军-中国政法大学民商经济法学院,北京100088.pdf",74.25,9.28,75.75,8.44,68.25,19.54,89.5,0.87,89.25,2.95,69.75,4.49,80.13,19.55,8.77
969,"raw/fullpaper/0969-中国社会科学-2017-3-反垄断法分析模式的中国选择-叶卫平-深圳大学法学院,深圳518060.pdf",79.5,3.64,84.0,4.69,71.0,3.67,75.75,4.26,80.25,4.92,78.5,5.22,81.18,14.8,5.07
970,"raw/fullpaper/0970-中国社会科学-2023-5-发展型财税法的理念跃迁与制度构造-刘剑文-辽宁大学,沈阳110036.pdf",41.25,8.93,75.0,13.02,68.75,10.57,88.5,2.5,86.0,1.22,76.25,3.63,65.16,20.2,7.67
971,raw/fullpaper/0971-中国社会科学-2015-1-口供治理与中国刑事司法裁判-李训虎-2011计划司法文明协同创新中心.pdf,72.5,10.4,83.5,3.64,57.0,9.43,85.75,2.49,78.25,2.86,78.25,4.09,78.47,14.25,6.33
972,"raw/fullpaper/0972-中国社会科学-2015-4-司法公信力的理性解释与建构-胡铭-浙江大学光华法学院,杭州310008.pdf",54.25,9.31,61.0,31.52,53.0,3.0,83.25,3.03,76.5,1.5,74.25,2.49,65.44,15.2,9.8
973,"raw/fullpaper/0973-中国社会科学-2017-6-司法公正与同理心正义-杜宴林-吉林大学理论法学研究中心_司法文明协同创新中心,长春130012.pdf",65.5,8.26,61.5,5.22,54.5,9.12,66.25,9.71,79.0,4.36,62.0,5.87,65.79,18.97,8.17
974,"raw/fullpaper/0974-中国社会科学-2017-6-司法方法在裁判中的运用——法条至上、原则裁判与后果权衡-任强-中山大学法学院,广州510275.pdf",46.5,7.23,60.25,9.65,58.25,12.3,79.0,8.4,80.0,2.0,58.0,4.95,59.46,14.63,8.55
975,"raw/fullpaper/0975-中国社会科学-2019-4-合理怀疑的本土类型与法理建构-栗峥-中国政法大学诉讼法学研究院,北京100088.pdf",70.0,10.7,77.25,1.92,86.5,1.5,80.0,2.0,86.75,3.03,81.0,3.08,81.97,11.53,4.28
976,"raw/fullpaper/0976-中国社会科学-2023-9-唐律说_理-胡玉鸿-华东政法大学人权研究院,上海200042.pdf",44.25,11.03,65.0,12.43,51.25,23.17,86.25,5.4,82.75,3.11,63.75,5.45,60.25,18.55,11.67
977,"raw/fullpaper/0977-中国社会科学-2017-11-商业银行股东加重责任及其制度建构-杨松-辽宁大学法学院,沈阳110136.pdf",77.5,6.18,86.0,6.96,62.75,7.46,84.75,4.09,82.75,3.11,73.0,3.0,81.6,14.82,5.92
978,"raw/fullpaper/0978-中国社会科学-2022-2-商法一般条款的类型化适用-杨-南昌大学法学院,南昌330031.pdf",52.5,7.5,62.25,6.18,76.0,4.24,80.25,2.86,74.25,11.23,51.25,18.62,67.47,16.45,9.75
979,"raw/fullpaper/0979-中国社会科学-2018-12-商法漏洞的特别法属性及其填补规则-钱玉林-华东政法大学经济法学院,上海200042.pdf",82.5,4.82,85.5,1.5,78.25,6.02,84.25,2.49,85.25,2.17,79.0,1.73,85.87,15.32,3.6
980,"raw/fullpaper/0980-中国社会科学-2016-12-商法的独特性与民法典总则编纂-许中缘-中南大学法学院,长沙410086.pdf",67.25,16.15,81.25,3.27,66.75,5.8,76.75,4.92,84.25,1.3,65.0,3.54,75.69,14.27,6.73
981,raw/fullpaper/0981-中国社会科学-2021-11-国家保护视野中的个人信息权利束-王锡锌-北京大学法学院北京100871.pdf,79.75,11.45,84.25,1.3,69.25,17.08,88.0,1.87,88.75,2.59,83.25,3.03,85.9,12.37,7.18
982,"raw/fullpaper/0982-中国社会科学-2017-3-国际会计准则的困境与财务报表的改进——马克思虚拟资本理论的视角-周华-中国人民大学商学院,北京100872.pdf",35.75,8.61,66.25,9.71,76.25,12.38,85.25,8.17,64.5,12.58,67.0,3.0,61.72,18.08,10.47
983,raw/fullpaper/0983-中国社会科学-2015-10-国际法治的中国表达-何志鹏-.pdf,33.75,2.17,38.75,16.35,32.5,7.5,65.75,12.32,51.75,8.17,52.5,7.5,42.24,20.25,10.4
984,"raw/fullpaper/0984-中国社会科学-2021-5-国际法的守正与创新——以全球治理体系变革的规范需求为视角-赵骏-浙江大学光华法学院,杭州310008.pdf",37.5,5.32,45.25,21.58,38.75,11.03,80.25,4.92,56.0,12.1,66.25,2.17,49.6,16.17,10.98
985,"raw/fullpaper/0985-中国社会科学-2015-9-国际贸易投资规则的再构建及中国的因应-石静霞-对外经济贸易大学法学院教授,北京100029.pdf",31.25,2.17,43.5,14.4,48.25,4.09,82.0,6.63,65.75,9.91,71.0,7.81,49.07,18.53,8.65
986,raw/fullpaper/0986-中国社会科学-2019-10-在新的历史起点上推进中国特色法学体系构建-张文显-不详.pdf,33.25,3.42,70.5,13.54,37.5,7.5,76.0,3.67,61.75,10.08,78.75,2.59,52.82,18.75,7.83
987,"raw/fullpaper/0987-中国社会科学-2021-5-地方政府的价值治理及其制度效能-周尚君-西南政法大学行政法学院,重庆401120.pdf",35.0,0.0,68.75,8.2,55.0,0.0,69.75,3.49,68.0,7.71,61.0,5.61,54.65,14.08,4.82
988,"raw/fullpaper/0988-中国社会科学-2018-6-地方法院庭审实质化改革实证研究-左卫民-国家2011计划_司法文明协同创新中心_、四川大学,成都610207.pdf",66.0,12.27,72.0,2.83,54.0,7.97,82.5,4.56,86.5,1.5,80.5,1.66,74.18,13.9,5.93
989,"raw/fullpaper/0989-中国社会科学-2023-9-基于中国治理实践的行政法学命题转换-石佑启-广东外语外贸大学法学院,广州510420.pdf",32.5,5.59,66.0,20.78,40.5,3.2,80.75,7.66,74.75,7.05,77.75,1.79,53.15,14.93,8.87
990,"raw/fullpaper/0990-中国社会科学-2016-7-基于规则与事实的司法哲学范畴-孙笑侠-复旦大学法学院,上海200438.pdf",61.25,6.5,86.5,1.5,72.0,4.3,79.5,3.64,79.75,4.82,66.5,6.1,76.38,14.8,5.17
991,"raw/fullpaper/0991-中国社会科学-2018-9-基本法律概念的构建与诠释——以权利与权力的关系为重心-刘杨-暨南大学知识产权研究院、法学院_知识产权学院,广州510632.pdf",76.25,8.61,81.5,3.5,78.0,6.82,85.75,5.12,84.0,1.58,79.0,1.0,83.03,14.25,5.12
992,"raw/fullpaper/0992-中国社会科学-2023-8-多边主义与国际法治-廖凡-中国社会科学院大学法学院,北京102488.pdf",26.25,6.5,63.0,6.28,43.0,3.0,81.75,6.02,69.0,8.15,67.5,8.29,50.91,16.18,7.37
993,"raw/fullpaper/0993-中国社会科学-2019-6-多边贸易、市场规则与技术标准定价-马一德-中南财经政法大学,武汉430073.pdf",61.25,18.62,78.25,2.49,68.25,8.17,69.5,1.66,72.25,8.32,61.25,5.63,71.43,18.63,8.63
994,"raw/fullpaper/0994-中国社会科学-2024-12-大变局背景下的国际商事仲裁_世界潮流与中国因应-刘晓红-上海政法学院国际法学院(国际仲裁学院),上海201701.pdf",31.75,2.05,54.25,13.1,45.75,1.3,76.0,3.67,75.25,4.09,57.0,32.93,49.93,17.98,10.98
995,"raw/fullpaper/0995-中国社会科学-2017-5-大国司法理念与中国国际民事诉讼制度的发展-何其生-北京大学法学院,北京100871.pdf",42.5,4.33,61.0,6.96,63.25,15.14,79.25,4.09,85.0,0.71,79.0,2.24,59.16,14.13,6.43
996,"raw/fullpaper/0996-中国社会科学-2022-7-宋代女性的土地权利保护-柴荣-北京师范大学法学院,北京100875.pdf",33.75,6.5,82.5,8.56,61.0,3.67,80.25,4.92,68.25,4.92,32.5,18.2,60.97,17.02,9.0
997,"raw/fullpaper/0997-中国社会科学-2016-9-宪法框架下的协商民主及其法治化路径-马一德-中南财经政法大学法学院教授,武汉430073.pdf",44.25,22.54,61.25,12.32,52.5,2.5,85.75,2.86,69.25,18.27,68.75,4.32,59.47,16.78,12.08
998,"raw/fullpaper/0998-中国社会科学-2022-8-家庭财产功能主义的法律范式-赵玉-国家检察官学院,北京102206.pdf",72.25,8.84,76.0,2.45,76.0,2.45,82.25,3.34,88.25,0.43,82.25,3.34,81.15,10.9,4.02
999,"raw/fullpaper/0999-中国社会科学-2017-2-我国劳动关系法律调整模式的转变-谢增毅-中国社会科学院法学研究所,北京100720.pdf",78.25,4.92,73.75,9.71,73.25,8.98,83.25,3.7,84.25,2.49,80.0,2.0,82.49,12.78,6.13
1000,"raw/fullpaper/1000-中国社会科学-2024-6-授权资本制的中国运行机理-傅穹-吉林大学法学院,长春130012.pdf",66.0,13.55,84.5,4.09,69.0,8.86,89.0,4.12,86.25,1.3,82.5,2.87,81.29,13.1,6.68
1001,"raw/fullpaper/1001-中国社会科学-2016-7-推进农地三权分置经营模式的立法研究-孙宪忠-中国社会科学院法学研究所,北京100727.pdf",53.75,10.69,45.5,12.58,61.75,8.44,77.0,2.12,86.0,1.22,76.75,3.7,58.69,19.82,7.43
1002,"raw/fullpaper/1002-中国社会科学-2024-8-政府治理中社会整体利益的法治实现-冯辉-对外经济贸易大学法学院,北京100029.pdf",36.25,8.2,58.75,8.76,55.0,8.34,81.5,6.84,62.75,10.99,74.75,3.27,55.5,17.42,8.93
1003,"raw/fullpaper/1003-中国社会科学-2022-2-政法范畴的本体论诠释-黄文艺-中国人民大学法学院,北京100872.pdf",38.75,4.15,77.5,4.33,37.5,11.61,82.75,8.81,72.75,6.3,76.25,3.03,58.0,13.8,7.37
1004,"raw/fullpaper/1004-中国社会科学-2024-7-数字化背景下刑事诉讼权利结构的优化-郑曦-北京外国语大学法学院,北京100089.pdf",65.0,17.73,71.0,13.55,82.75,3.96,83.25,3.7,81.75,2.49,71.0,1.73,76.84,15.58,8.32
1005,"raw/fullpaper/1005-中国社会科学-2021-5-数字平台的反垄断监管-孙晋-武汉大学法学院,武汉430072.pdf",55.0,12.75,76.0,3.67,50.0,5.0,77.25,4.44,77.0,4.85,81.5,5.5,69.29,17.17,6.97
1006,"raw/fullpaper/1006-中国社会科学-2024-10-数字时代劳动关系概念及认定规范的中国表达-谢增毅-中国社会科学院法学研究所,北京100720.pdf",58.0,10.93,81.25,1.92,70.0,15.64,86.5,2.6,87.75,0.43,76.25,4.38,75.29,13.8,6.92
1007,"raw/fullpaper/1007-中国社会科学-2016-9-数据的法律属性及其民法定位-梅夏英-对外经济贸易大学法学院教授,北京100029.pdf",83.5,1.5,77.25,3.96,66.25,11.8,88.5,6.06,81.25,2.59,73.25,6.83,83.16,14.1,6.3
1008,raw/fullpaper/1008-中国社会科学-2018-1-新时代中国法治建设的基本问题-王利明-不详.pdf,30.0,0.0,11.25,8.93,28.75,8.2,55.75,8.17,38.75,4.15,45.5,11.97,31.43,15.4,7.97
1009,"raw/fullpaper/1009-中国社会科学-2018-3-新税制改革与创新驱动发展战略-许多奇-上海交通大学凯原法学院,上海200030.pdf",35.0,6.12,47.5,13.9,45.75,1.3,75.25,8.17,74.25,3.77,71.25,5.54,49.31,14.57,7.47
1010,"raw/fullpaper/1010-中国社会科学-2019-4-智慧社会建设中的_众创_式制度变革——基于_网约车_合法化进程的法理学分析-马长山-华东政法大学,上海200042.pdf",33.75,2.17,49.25,13.75,45.75,1.3,73.75,3.03,71.0,8.75,60.75,2.95,48.93,10.87,6.15
1011,"raw/fullpaper/1011-中国社会科学-2025-6-构建新时代法学学科体系-马怀德-中国政法大学,北京100088.pdf",33.75,2.17,49.25,9.68,43.75,5.45,77.0,8.03,60.0,15.15,70.25,7.69,49.34,17.82,9.28
1012,"raw/fullpaper/1012-中国社会科学-2018-7-标表型人格权的构造与人格权商品化批判-房绍坤-吉林大学法学院,长春130012.pdf",89.25,2.95,85.0,2.12,84.5,1.5,88.5,2.06,87.0,2.0,74.25,7.36,90.24,10.13,3.45
1013,"raw/fullpaper/1013-中国社会科学-2018-2-欧洲中世纪教会经济立法及其伦理-赵立行-复旦大学法学院,上海200438.pdf",76.0,9.9,77.0,3.0,50.0,13.02,81.5,3.5,75.5,8.26,50.0,13.69,74.94,19.03,9.87
1014,"raw/fullpaper/1014-中国社会科学-2021-4-比例原则适用的范式转型-蒋红珍-上海交通大学凯原法学院,上海200030.pdf",69.5,11.08,90.25,3.03,68.0,9.97,83.5,1.5,81.5,0.87,82.5,1.8,82.41,10.72,5.43
1015,"raw/fullpaper/1015-中国社会科学-2015-5-民事法律的正当溯及既往问题-房绍坤-烟台大学法学院,烟台264005.pdf",78.5,3.91,68.0,7.35,81.0,8.06,90.25,3.03,85.25,2.17,61.25,6.5,82.24,15.33,5.97
1016,raw/fullpaper/1016-中国社会科学-2015-10-治国之法中的国际法_中国主张和制度实践-古祖雪-.pdf,38.75,10.23,76.0,3.67,55.75,11.69,78.0,3.67,70.75,6.22,76.0,3.67,59.75,17.4,7.52
1017,raw/fullpaper/1017-中国社会科学-2017-4-治国理政的法治理念和法治思维-张文显-.pdf,25.0,8.66,23.75,13.86,32.5,12.99,61.25,9.04,33.0,7.38,20.25,5.76,34.56,15.73,11.1
1018,"raw/fullpaper/1018-中国社会科学-2024-5-法律行为的内在正义与外在正义-杨代雄-华东政法大学法律学院,上海201620.pdf",72.0,16.03,84.0,5.34,80.0,7.04,90.25,2.28,84.25,3.77,75.0,6.28,83.53,14.55,7.83
1020,"raw/fullpaper/1020-中国社会科学-2016-10-法治视野下的司法预算模式建构-朱大旗-中国人民大学法学院,北京100872.pdf",70.25,7.22,84.5,3.64,62.25,4.38,82.0,2.55,87.0,2.12,68.0,2.45,77.96,14.98,4.28
1021,raw/fullpaper/1021-中国社会科学-2015-10-法治_中国与世界——国际法治与中国法治建设-曾令良-.pdf,30.0,0.0,43.75,6.5,33.75,5.45,69.75,8.26,62.5,8.29,53.0,5.43,43.25,15.53,6.53
1022,"raw/fullpaper/1022-中国社会科学-2017-7-法益保护与比例原则-张明楷-清华大学法学院,北京100084.pdf",80.75,9.18,82.5,4.56,80.0,6.67,91.0,1.73,84.75,1.09,79.0,3.67,86.44,12.75,5.18
1023,"raw/fullpaper/1023-中国社会科学-2024-3-法益修复与功能违法论-杜宇-复旦大学法学院,上海200438.pdf",79.75,14.29,85.25,4.55,88.75,2.59,87.75,1.79,89.25,0.83,83.5,2.06,89.51,7.97,5.05
1024,raw/fullpaper/1024-中国社会科学-2017-9-海洋法权论-杨华-不详.pdf,33.75,6.5,52.25,12.97,42.5,2.5,75.5,8.56,59.0,8.86,60.0,3.81,49.47,17.48,8.32
1025,"raw/fullpaper/1025-中国社会科学-2018-10-犯罪化与惩罚体系的完善-时延安-中国人民大学法学院,北京100059.pdf",67.5,16.83,81.75,4.09,78.75,7.79,84.75,4.09,86.0,1.22,76.25,5.45,79.9,13.8,7.58
1026,"raw/fullpaper/1026-中国社会科学-2021-10-犯罪统计与犯罪治理的优化-卢建平-北京师范大学法学院,北京100875.pdf",32.5,2.5,40.75,15.79,47.5,18.87,77.5,3.57,79.5,6.1,79.0,2.24,47.68,16.8,9.43
1027,"raw/fullpaper/1027-中国社会科学-2022-2-环境法体系化中的我国保护地体系-杜群-北京航空航天大学法学院,北京100191.pdf",78.5,6.84,72.25,7.95,79.75,4.82,86.0,5.15,76.75,6.98,79.0,2.24,82.01,15.58,6.55
1028,"raw/fullpaper/1028-中国社会科学-2022-12-现代化中华法治文明及其世界意义-李林-中国社会科学院法学研究所,北京100720.pdf",30.0,0.0,22.5,22.5,29.5,5.32,49.5,9.39,40.0,6.12,23.75,11.39,32.74,13.4,10.52
1029,"raw/fullpaper/1029-中国社会科学-2017-11-生态文明保障的刑法机制-焦艳鹏-重庆大学法学院,重庆400044.pdf",65.0,17.45,76.5,5.41,73.5,12.84,71.75,9.71,74.75,17.88,73.25,3.42,73.79,20.87,12.8
1030,"raw/fullpaper/1030-中国社会科学-2025-2-生态环境刑法立法的内在构造-李梁-中央民族大学法学院,北京100081.pdf",38.75,4.15,71.5,4.09,47.5,2.87,75.75,1.3,70.75,6.38,62.75,17.98,56.71,17.88,7.08
1031,"raw/fullpaper/1031-中国社会科学-2024-3-生态环境法典编纂的二元逻辑及其展开-钭晓东-浙江大学光华法学院,杭州310008.pdf",53.5,13.5,65.75,7.19,81.5,5.5,89.25,2.86,80.75,5.17,81.25,5.54,74.74,15.08,7.67
1032,"raw/fullpaper/1032-中国社会科学-2018-5-监管科技_金融科技的监管挑战与维度建构-杨东-中国人民大学法学院未来法治研究院,北京100872.pdf",41.25,8.93,72.5,2.87,80.5,7.4,70.75,4.38,77.25,1.3,68.75,13.86,62.47,15.17,7.45
1033,"raw/fullpaper/1033-中国社会科学-2024-9-知识产权法域外适用的制度构造-万勇-中国人民大学法学院,北京100872.pdf",54.25,13.46,66.75,24.38,63.0,2.12,80.5,4.15,86.5,1.5,78.25,2.05,67.91,16.18,9.15
1034,"raw/fullpaper/1034-中国社会科学-2022-4-知识产权的边界_以客体可控性为线索-易继明-北京大学法学院,北京100871.pdf",79.75,4.82,60.0,26.76,81.25,5.54,82.5,3.57,86.5,2.96,80.0,1.41,81.01,18.1,8.67
1035,"raw/fullpaper/1035-中国社会科学-2024-1-社会主义核心价值观在民事裁判中的功能-于飞-中国政法大学民商经济法学院,北京102249.pdf",71.0,21.01,64.0,11.98,86.5,8.53,89.25,0.83,87.75,1.79,80.0,5.43,81.38,14.28,9.55
1036,"raw/fullpaper/1036-中国社会科学-2024-9-社会公共利益的私法实现机制-赵万一-西南政法大学市场交易法律制度研究基地,重庆401120.pdf",34.0,4.0,57.5,12.5,68.0,8.6,81.5,3.5,86.0,2.92,77.75,1.79,56.71,12.32,6.4
1037,"raw/fullpaper/1037-中国社会科学-2022-5-社会诚信建设与基层治理能力的再造-陈柏峰-中南财经政法大学法学院、国家治理学院,武汉430073.pdf",55.5,11.32,85.0,7.55,58.25,4.09,85.5,4.56,84.25,1.3,60.75,2.95,72.99,14.52,6.12
1038,"raw/fullpaper/1038-中国社会科学-2019-7-社会风险的刑法调控及其模式改造-姜涛-南京师范大学,南京210023.pdf",69.25,10.92,84.0,3.67,62.5,12.38,83.25,3.03,80.75,2.95,74.25,1.3,77.82,13.58,6.58
1039,"raw/fullpaper/1039-中国社会科学-2023-9-私法中的分配层次-谢鸿飞-中国社会科学院法学研究所,北京100720.pdf",76.0,12.19,80.5,5.17,69.25,14.45,84.75,4.32,85.25,2.49,68.75,5.63,80.93,14.6,8.53
1040,"raw/fullpaper/1040-中国社会科学-2017-1-科学不确定性背景下的环境正义——基于转基因生物安全问题的讨论-王明远-清华大学法学院,北京100084.pdf",62.25,13.16,76.5,5.17,49.5,2.87,84.25,1.3,78.25,2.49,72.5,9.01,68.53,16.05,6.55
1041,"raw/fullpaper/1041-中国社会科学-2020-9-科研合同的功能性规制-胡明-华南理工大学法学院,广州510006.pdf",70.5,12.78,70.0,26.07,67.5,13.16,78.25,0.43,90.25,3.27,72.0,1.58,74.68,16.27,11.03
1042,"raw/fullpaper/1042-中国社会科学-2015-2-税制变迁与税收法治现代化-张守文-北京大学法学院,北京100871.pdf",38.25,2.86,50.0,26.22,54.25,1.3,73.25,4.92,84.25,3.77,70.25,7.63,52.07,16.52,8.98
1043,"raw/fullpaper/1043-中国社会科学-2021-9-空间正义实现的公共规制-靳文辉-重庆大学法学院,重庆400045.pdf",36.25,5.45,70.75,4.38,56.0,5.1,83.25,3.7,80.0,6.67,71.75,2.49,58.91,13.87,5.37
1044,"raw/fullpaper/1044-中国社会科学-2019-11-粤港澳大湾区治理创新的法治进路-石佑启-广东外语外贸大学法学院,广州510420.pdf",32.5,2.5,75.0,6.12,45.25,3.27,79.25,5.85,79.75,7.63,80.0,5.43,55.75,10.87,5.95
1045,"raw/fullpaper/1045-中国社会科学-2019-12-经济权利保障的宪法逻辑-翟国强-中国社会科学院法学研究所,北京100720.pdf",47.5,18.87,73.25,3.7,47.0,2.12,76.75,3.7,75.25,10.13,74.25,3.77,60.35,16.13,8.13
1046,"raw/fullpaper/1046-中国社会科学-2016-2-网络交易法律关系构造-杨立新-中国人民大学民商事法律科学研究中心,北京100872.pdf",34.25,8.61,53.5,19.87,82.0,5.79,85.5,4.33,68.75,15.55,47.5,5.59,59.26,17.13,11.5
1047,"raw/fullpaper/1047-中国社会科学-2016-10-网络时代言论自由的刑法边界-刘艳红-东南大学法学院,南京211189.pdf",71.25,9.6,77.25,5.36,79.25,4.38,85.75,5.58,76.75,12.62,71.75,5.4,80.49,15.5,8.27
1048,"raw/fullpaper/1048-中国社会科学-2018-2-网络社会治理的法治模式-徐汉明-中南财经政法大学,武汉430073.pdf",32.5,2.5,60.0,7.04,35.75,10.21,63.75,9.18,56.25,9.18,47.5,7.5,46.9,17.2,8.78
1049,raw/fullpaper/1049-中国社会科学-2016-8-网络空间主权的治理模式及其制度构建-张新宝-中国人民大学法学院.pdf,54.25,12.91,88.0,5.83,77.5,10.62,86.0,6.0,81.25,2.59,64.5,3.57,76.76,10.97,7.98
1050,"raw/fullpaper/1050-中国社会科学-2021-10-网络空间安全立法的双重基础-张龑-中国人民大学法学院,北京100872.pdf",58.5,15.24,63.75,22.39,74.5,7.23,85.5,2.96,85.0,0.0,57.75,6.18,70.91,16.42,10.38
1051,"raw/fullpaper/1051-中国社会科学-2024-1-罪刑关系的体系化及其实现-彭文华-上海政法学院刑事司法学院,上海201600.pdf",34.25,4.92,74.5,11.41,46.75,13.94,84.25,2.28,77.5,2.87,82.0,2.55,57.69,15.28,7.3
1052,"raw/fullpaper/1052-中国社会科学-2020-6-营利概念与中国法人法的体系效应-宋亚辉-南京大学法学院,南京210093.pdf",74.0,22.55,89.0,1.0,62.5,26.14,82.5,4.33,85.5,1.8,83.75,1.3,82.5,15.22,11.0
1053,"raw/fullpaper/1053-中国社会科学-2020-10-著作权法中的公众使用权-刘银良-北京大学法学院,北京100871.pdf",54.25,23.16,75.25,9.09,64.25,17.3,86.75,3.42,82.5,2.87,74.25,2.49,71.6,16.48,11.22
1054,"raw/fullpaper/1054-中国社会科学-2015-8-董事会运行中非理性因素的法律规制-朱羿锟-暨南大学法学院,广州510632.pdf",69.25,8.32,81.0,2.24,61.5,5.22,78.5,4.09,86.5,1.5,70.0,3.81,75.82,13.07,4.83
1055,"raw/fullpaper/1055-中国社会科学-2018-9-行政改革试验授权制度的法理分析-杨登峰-南京师范大学法学院教授、中国法治现代化研究院,南京210023.pdf",82.25,5.85,79.75,3.03,76.75,3.42,88.5,6.06,85.25,2.17,75.0,7.07,85.16,14.45,5.32
1056,"raw/fullpaper/1056-中国社会科学-2024-9-行政检察的监督范畴与体系构建-解志勇-中国政法大学比较法学研究院,北京100088.pdf",48.75,10.08,70.75,9.68,58.25,4.09,81.75,6.02,82.0,3.08,66.25,12.44,63.37,18.4,8.73
1057,raw/fullpaper/1057-中国社会科学-2016-8-行政法治视阈下的民生立法-张淑芳-上海财经大学法学院.pdf,33.25,3.42,58.0,10.68,42.5,2.5,79.0,5.92,63.0,6.28,60.5,6.18,51.47,13.97,6.72
1058,"raw/fullpaper/1058-中国社会科学-2018-4-行政法视域下权力清单制度的重构-朱新力-浙江大学光华法学院,杭州310008.pdf",62.75,16.59,84.0,5.34,85.75,1.3,85.75,2.49,85.25,4.09,80.5,5.32,82.22,13.32,6.77
1059,"raw/fullpaper/1059-中国社会科学-2017-7-行政组织法功能的行为法机制-叶必丰-上海社会科学院法学研究所,上海200020.pdf",63.75,15.47,85.25,0.43,71.25,9.83,78.25,2.49,71.25,15.56,78.75,4.15,75.0,14.82,9.25
1060,"raw/fullpaper/1060-中国社会科学-2025-3-行政规章与合同效力的关系-梁上上-清华大学法学院,北京100084.pdf",66.25,26.78,79.0,2.24,62.25,11.97,82.75,5.07,84.5,4.27,79.25,2.95,75.43,15.52,10.25
1061,raw/fullpaper/1061-中国社会科学-2020-5-行政许可的民法意义-王轶-中国人民大学民商事法律科学研究中心.pdf,69.0,15.12,85.5,4.56,87.0,2.12,91.75,2.49,92.25,0.43,79.25,5.63,84.41,9.8,5.85
1062,"raw/fullpaper/1062-中国社会科学-2016-11-行政转型与行政法学的回应型变迁-江国华-武汉大学法学院,武汉430072.pdf",28.75,5.45,70.75,2.95,35.75,1.3,73.25,3.7,81.75,2.86,66.25,6.5,50.34,11.85,4.38
1063,"raw/fullpaper/1063-中国社会科学-2023-1-论_以国际法为基础的国际秩序-蔡从燕-复旦大学法学院,上海200438.pdf",51.75,13.66,78.25,6.42,44.5,2.29,83.25,6.06,71.5,6.98,47.75,5.49,64.12,17.87,7.87
1064,"raw/fullpaper/1064-中国社会科学-2022-3-论_民法典_实施中的思维转化——从单行法思维到法典化思维-王利明-中国人民大学法学院,北京100872.pdf",45.0,23.18,73.25,5.54,54.75,3.11,79.75,4.82,76.0,3.67,60.75,4.38,61.54,11.43,8.62
1065,"raw/fullpaper/1065-中国社会科学-2015-5-论中国法治评估的转型-钱弘道-浙江大学光华法学院,杭州310008.pdf",33.25,3.42,67.0,8.31,45.0,2.12,71.75,3.03,77.5,4.82,74.5,4.56,52.32,17.77,5.05
1066,"raw/fullpaper/1066-中国社会科学-2025-1-论人权普遍性的相对性-毛俊响-中南大学人权研究中心,长沙410083.pdf",50.0,0.0,87.5,2.87,50.75,5.85,82.75,2.86,86.25,1.3,58.75,3.27,68.66,9.65,3.12
1067,"raw/fullpaper/1067-中国社会科学-2019-2-论人类命运共同体构建中的和平搁置争端-黄瑶-中山大学法学院,广州510275.pdf",37.5,5.59,73.5,3.84,47.0,3.0,80.25,5.21,79.25,5.17,72.75,7.19,57.71,11.05,5.78
1068,"raw/fullpaper/1068-中国社会科学-2023-4-论作为新型财产权的数据财产权-张新宝-中国人民大学法学院,北京100872.pdf",63.75,25.97,79.25,6.61,72.5,2.87,84.75,4.09,84.75,0.43,59.25,4.38,75.88,15.98,8.53
1069,"raw/fullpaper/1069-中国社会科学-2019-10-论公安侦查权与行政权的衔接-张泽涛-广州大学法学院,广州510006.pdf",57.75,15.3,72.75,13.24,59.0,9.51,77.5,4.82,78.5,3.5,73.25,3.7,69.15,18.53,9.65
1070,"raw/fullpaper/1070-中国社会科学-2015-2-论刑事庭审实质化-汪海燕-中国政法大学刑事司法学院,北京100088.pdf",55.5,14.94,70.0,8.92,71.75,2.05,84.0,3.67,78.75,3.56,50.5,14.94,70.49,17.83,9.27
1071,"raw/fullpaper/1071-中国社会科学-2025-6-论司法决策的适度_再情感化-杜宴林-吉林大学理论法学研究中心,长春130012.pdf",52.0,12.83,55.0,0.0,45.75,5.12,77.75,4.38,82.5,6.18,79.5,2.6,57.66,15.25,5.98
1072,"raw/fullpaper/1072-中国社会科学-2015-12-论国家政策作为民法法源-张红-中南财经政法大学法学院,武汉430073.pdf",72.0,11.11,80.75,2.49,65.75,11.23,80.0,2.0,84.25,2.49,70.75,3.96,77.84,14.02,6.42
1073,"raw/fullpaper/1073-中国社会科学-2015-1-论国家治理商数-江必新-中南大学法学院教授,长沙410083.pdf",31.25,2.17,42.5,16.98,58.75,9.6,70.0,5.43,67.25,13.18,55.0,6.12,47.87,20.17,10.3
1074,"raw/fullpaper/1074-中国社会科学-2018-3-论大数据时代的个人数据权利-程啸-清华大学法学院,北京100084.pdf",69.25,10.57,82.75,3.96,67.5,10.52,83.75,3.63,84.25,1.3,48.75,6.5,77.53,19.98,7.03
1075,"raw/fullpaper/1075-中国社会科学-2020-8-论我国检察权的新发展-周新-广东外语外贸大学法学院,广州510420.pdf",38.75,11.92,83.25,6.83,45.0,3.54,82.0,6.28,73.75,1.79,80.0,1.41,60.5,13.65,6.13
1076,"raw/fullpaper/1076-中国社会科学-2017-4-论指导性案例的内容构成-朱芒-上海交通大学凯原法学院,上海200030.pdf",75.0,6.28,61.75,15.86,72.5,2.87,81.75,2.49,80.25,2.86,63.25,19.41,76.03,18.27,9.58
1077,"raw/fullpaper/1077-中国社会科学-2020-1-论数字货币的法律属性-杨延超-中国社会科学院法学研究所,北京100720.pdf",66.0,6.96,85.0,2.12,64.25,17.06,86.0,4.69,72.25,15.75,74.5,5.55,75.0,17.22,10.02
1078,"raw/fullpaper/1078-中国社会科学-2020-11-论数据用益权-申卫星-清华大学法学院,北京100084.pdf",62.5,11.28,85.0,6.12,82.75,6.42,83.5,8.76,89.25,2.95,74.25,2.49,79.31,13.85,7.32
1079,"raw/fullpaper/1079-中国社会科学-2018-10-论新型网络犯罪立法及其适用-皮勇-武汉大学法学院,武汉470072.pdf",70.75,8.47,78.0,0.0,75.5,5.72,83.0,2.92,83.25,3.7,72.75,6.06,79.18,14.1,5.18
1080,"raw/fullpaper/1080-中国社会科学-2016-2-论民事司法成本的分担-王福华-上海财经大学法学院,上海200433.pdf",63.5,14.4,67.25,1.3,80.75,6.22,84.5,1.5,82.5,4.82,77.25,1.3,75.37,17.1,5.68
1081,"raw/fullpaper/1081-中国社会科学-2020-4-论法律学说的司法运用-彭中礼-中南大学法学院,长沙410083.pdf",47.0,2.12,53.75,7.4,58.0,14.95,69.25,4.38,68.5,13.61,62.5,4.82,55.76,17.07,9.1
1082,"raw/fullpaper/1082-中国社会科学-2015-11-论法律意识形态-季卫东-上海交通大学法学院,上海200030.pdf",57.5,17.63,82.5,6.58,46.25,10.23,78.5,3.5,85.0,2.24,80.5,3.64,66.34,19.5,8.43
1083,"raw/fullpaper/1083-中国社会科学-2024-9-论法治体系概念-侯学宾-吉林大学法学院,长春130012.pdf",30.0,0.0,53.75,1.09,50.0,3.81,73.25,3.7,59.25,9.68,60.0,3.81,49.29,14.68,4.27
1084,"raw/fullpaper/1084-中国社会科学-2025-5-论法治思维的规则-陈金钊-华东政法大学法律方法研究院,上海201620.pdf",32.0,3.46,72.25,5.85,55.25,22.91,77.0,1.73,78.5,5.22,54.25,11.69,56.16,17.37,9.78
1085,"raw/fullpaper/1085-中国社会科学-2015-7-论法治评估的类型化-朱景文-中国人民大学法学院,北京100872.pdf",65.0,11.73,70.5,6.54,62.0,14.0,84.0,3.16,84.25,2.49,73.25,5.8,73.24,18.05,8.42
1086,raw/fullpaper/1086-中国社会科学-2020-12-论算法的法律规制-丁晓东-中国人民大学法学院.pdf,64.75,20.75,85.5,2.87,76.25,3.03,85.5,5.72,79.75,2.86,71.0,4.64,79.54,14.72,7.68
1087,"raw/fullpaper/1087-中国社会科学-2019-5-论结果导向的信息披露-应飞虎-广州大学法学院,广州510006.pdf",90.0,1.41,63.75,6.5,73.5,6.18,87.5,3.28,85.75,1.3,75.0,2.12,83.32,11.08,3.98
1088,"raw/fullpaper/1088-中国社会科学-2015-8-论统一民事责任制度的建构——基于责任融合的_后果模式-张家勇-四川大学法学院,成都610207.pdf",70.75,13.1,83.25,3.03,86.25,3.03,88.5,3.5,76.75,16.99,77.0,3.0,83.6,13.68,8.2
1089,"raw/fullpaper/1089-中国社会科学-2022-12-论统筹推进国内法治和涉外法治-黄进-中国政法大学全面依法治国研究院,北京100088.pdf",30.0,0.0,13.75,16.35,41.5,4.97,56.0,3.67,45.75,1.3,48.75,2.17,34.32,10.0,5.47
1090,"raw/fullpaper/1090-中国社会科学-2015-6-论诉权的人权属性——以历史演进为视角-吴英姿-南京大学法学院,南京210093.pdf",71.5,9.6,81.5,2.29,79.25,2.59,83.5,3.2,85.75,1.3,64.5,4.27,81.04,13.95,4.47
1091,"raw/fullpaper/1091-中国社会科学-2024-6-论预测性司法-王禄生-东南大学法学院,南京211189.pdf",73.0,5.43,76.5,3.84,83.75,7.29,87.5,3.28,82.25,2.68,74.75,6.57,82.13,13.42,5.6
1092,"raw/fullpaper/1092-中国社会科学-2022-5-证券中介机构法律责任配置-邢会强-中央财经大学法学院,北京100081.pdf",77.75,6.57,81.5,3.5,69.5,11.93,86.25,3.03,87.0,3.0,79.75,4.82,82.18,14.85,6.33
1093,"raw/fullpaper/1093-中国社会科学-2016-6-财产权宪法化与近代中国社会本位立法-聂鑫-清华大学法学院副教授,北京100084.pdf",77.5,7.63,86.25,2.38,41.5,2.6,89.0,4.58,85.25,0.43,67.25,6.06,75.91,12.22,4.57
1094,"raw/fullpaper/1094-中国社会科学-2024-2-财税法一体化的理论逻辑与实践转向-蒋悟真-华南理工大学法学院,广州510006.pdf",40.0,8.66,83.25,3.7,55.0,6.08,83.75,1.09,83.0,2.92,78.25,2.86,63.12,12.1,4.88
1095,"raw/fullpaper/1095-中国社会科学-2016-3-赌博的法律规制-许德风-北京大学法学院,北京100871.pdf",67.0,9.11,61.75,10.08,78.5,4.5,86.0,5.24,85.0,2.12,80.75,1.92,77.26,13.78,6.33
1096,"raw/fullpaper/1096-中国社会科学-2016-3-转型时期刑法立法的思路与方法-周光权-清华大学法学院,北京100084.pdf",71.25,4.66,79.25,2.95,70.0,7.87,82.5,4.56,80.75,2.95,82.75,2.86,80.56,14.75,4.98
1097,"raw/fullpaper/1097-中国社会科学-2020-5-违约金酌减预测研究-屈茂辉-湖南大学法学院,长沙410082.pdf",67.5,5.72,77.0,3.61,65.25,27.4,79.5,6.1,78.5,6.38,77.75,1.79,75.16,15.93,9.82
1098,raw/fullpaper/1098-中国社会科学-2021-6-重构_法的渊源_范畴-雷磊-中国政法大学法学院北京100088.pdf,83.25,3.7,89.75,2.86,89.25,0.83,83.25,7.85,90.0,1.41,61.25,8.2,88.84,10.47,4.8
1099,"raw/fullpaper/1099-中国社会科学-2020-3-重构罪刑法定原则-高巍-云南大学法学院,昆明650091.pdf",77.25,3.96,84.0,2.45,65.5,17.84,87.5,1.8,86.75,1.3,67.5,4.82,82.18,14.28,6.2
1100,"raw/fullpaper/1100-中国社会科学-2016-1-非法证据排除规则的中国范式——基于1459个刑事案例的分析-易延友-清华大学法学院,北京100084.pdf",75.25,7.19,50.5,23.41,72.0,4.3,77.0,3.0,86.75,1.3,77.0,2.12,72.26,17.8,7.95
1101,"raw/fullpaper/1101-中国社会科学-2024-11-面向_三维世界_的数字法学-马长山-华东政法大学,上海200042.pdf",36.25,2.17,34.5,21.17,47.5,2.5,72.75,6.38,72.75,10.47,59.25,20.1,46.41,19.17,12.08
1102,"raw/fullpaper/1102-中国社会科学-2017-10-风险控制的部门法思路及其超越-宋亚辉-南京大学法学院,南京210093.pdf",83.75,3.03,81.0,5.61,85.75,6.06,85.75,1.3,85.75,1.48,70.75,9.18,86.93,14.15,5.13
1103,"raw/fullpaper/1103-中国社会科学-2017-10-马克思的法律发展思想及其当代意义-公丕祥-南京师范大学法学院,南京210023.pdf",33.75,2.17,55.0,2.12,47.0,5.43,80.0,5.83,51.5,6.5,62.5,8.41,51.97,11.57,5.85
1104,raw/fullpaper/1104-法学研究-2017-1-2016年后反倾销领域中国(非)市场经济地位问题-左海聪-南开大学法学院.pdf,79.25,2.95,84.25,2.59,67.75,7.95,85.75,1.48,89.25,2.59,77.25,1.3,82.93,13.53,3.63
1105,raw/fullpaper/1105-法学研究-2020-6-WTO_多方临时上诉仲裁安排_基于仲裁的上诉替代-石静霞-中国人民大学法学院.pdf,77.0,3.61,74.0,9.06,52.75,11.69,86.25,3.63,82.0,4.95,74.25,2.49,77.19,17.53,6.83
1106,raw/fullpaper/1106-法学研究-2022-4-债权物权化_之范畴厘定-袁野-武汉大学法学院.pdf,85.75,3.77,90.0,2.0,85.75,1.3,87.5,2.87,87.25,1.3,71.5,5.22,90.16,11.05,3.15
1107,raw/fullpaper/1107-法学研究-2019-1-八议_源流与腹边文化互动-苏亦工-清华大学法学院.pdf,65.0,12.02,81.5,2.5,60.75,11.58,81.0,5.34,74.25,11.23,45.0,7.91,73.9,17.95,9.75
1108,raw/fullpaper/1108-法学研究-2024-4-六事_视野中的清代则例-陈煜-中国政法大学法律史学研究院.pdf,32.5,2.5,68.75,5.45,62.75,4.44,83.75,3.03,68.5,19.55,34.5,15.91,58.43,19.62,9.8
1109,raw/fullpaper/1109-法学研究-2020-2-对赌协议_的裁判路径及政策选择——基于PE_VC与公司对赌场景的分析-刘燕-北京大学法学院.pdf,79.0,13.91,81.5,3.5,80.0,3.81,88.75,2.59,83.5,1.5,82.25,1.48,87.06,9.75,5.15
1110,raw/fullpaper/1110-法学研究-2020-4-御史监察_的历史构造与运转实效-明辉-北京航空航天大学法学院.pdf,61.25,20.78,51.0,7.97,63.25,8.61,71.5,3.5,65.25,5.63,59.75,5.76,63.6,18.27,10.05
1111,raw/fullpaper/1111-法学研究-2015-6-直诉_源流通说辨正-王捷-华东政法大学法律古籍整理研究所.pdf,85.25,5.97,89.0,4.12,58.25,33.03,85.75,4.92,85.0,0.71,72.75,1.3,84.49,15.02,9.63
1112,raw/fullpaper/1112-法学研究-2016-4-祖制_的法律解读-朱勇-中国政法大学法律史学研究院教授.pdf,49.25,18.75,37.5,7.5,61.75,5.4,80.5,5.72,72.5,7.63,45.0,6.12,56.04,19.28,9.85
1113,raw/fullpaper/1113-法学研究-2017-3-谁主张谁举证_规则的历史变迁与现代运用-胡东海-中南财经政法大学法学院.pdf,71.25,19.28,83.5,3.2,63.5,19.87,89.5,3.64,87.25,1.3,72.5,5.55,80.06,19.83,10.17
1114,raw/fullpaper/1114-法学研究-2017-4-印中搜闻_与19世纪早期西方人的中国法律观-李秀清-华东政法大学法律学院.pdf,42.5,10.31,73.25,3.03,35.0,20.92,72.75,3.96,68.25,8.17,33.75,2.17,55.53,16.07,9.35
1115,raw/fullpaper/1115-法学研究-2017-2-大清新刑律_编纂过程中的法权之争-陈新宇-清华大学法学院.pdf,70.0,20.62,61.5,6.06,42.5,2.5,83.0,5.39,81.75,2.49,69.5,12.38,66.21,13.07,9.52
1116,raw/fullpaper/1116-法学研究-2023-5-巴黎协定_下国家自主贡献的双重义务模式-陈贻健-深圳大学法学院.pdf,56.0,13.89,67.25,6.38,60.75,10.21,81.25,2.59,82.75,3.11,79.25,2.17,68.43,16.52,7.38
1117,raw/fullpaper/1117-法学研究-2021-2-新加坡调解公约_在中国的批准与实施-孙南翔-中国社会科学院国际法研究所.pdf,61.5,12.6,77.25,3.11,61.25,8.2,73.5,5.02,75.5,10.14,57.5,8.29,69.99,18.92,9.12
1118,raw/fullpaper/1118-法学研究-2021-1-海牙判决公约_谈判与知识产权的国际司法合作-何其生-北京大学法学院.pdf,51.25,16.35,58.0,33.5,64.25,9.28,81.75,6.02,80.0,3.81,77.5,5.55,65.31,22.73,14.33
1119,raw/fullpaper/1119-法学研究-2015-5-一人一票原则在我国的适用-屠振宇-南京师范大学法学院.pdf,82.0,3.67,78.75,2.59,74.0,6.96,83.0,5.2,86.0,1.22,71.25,8.17,83.06,12.78,5.33
1120,raw/fullpaper/1120-法学研究-2019-1-一致性解释原则在国际贸易行政案件中的适用-彭岳-南京大学法学院.pdf,82.5,2.87,81.5,0.87,85.5,4.33,80.0,7.04,85.25,0.43,83.75,2.17,87.21,8.93,3.4
1121,raw/fullpaper/1121-法学研究-2023-2-一致解释原则的功能及适用要件-彭岳-南京大学法学院.pdf,63.0,11.81,84.25,4.26,64.75,20.39,85.0,2.12,82.5,2.69,72.5,2.87,76.49,14.53,8.47
1122,raw/fullpaper/1122-法学研究-2021-2-上市公司实际控制人法律责任的反思与构建-郑彧-华东政法大学.pdf,76.25,2.17,84.5,0.5,75.5,5.77,82.75,3.11,82.0,2.83,78.75,4.15,82.59,12.4,3.58
1124,raw/fullpaper/1124-法学研究-2025-3-不动产定期承租人的预期违约责任——兼评_合同编通则解释_第61条-庄加园-上海交通大学凯原法学院.pdf,76.0,12.27,88.25,2.49,75.0,11.81,86.75,1.3,84.0,2.92,74.75,1.3,84.24,11.97,6.18
1125,raw/fullpaper/1125-法学研究-2018-4-不真正不作为犯的边界-姚诗-湖南大学法学院.pdf,88.25,2.49,84.75,4.32,86.75,6.98,84.5,3.91,84.25,1.48,77.5,4.97,89.28,13.2,4.65
1126,raw/fullpaper/1126-法学研究-2020-2-专家参与刑事司法的多元功能及其体系化-陈如超-西南政法大学刑事侦查学院.pdf,65.0,6.12,66.75,12.62,80.75,5.17,80.0,2.0,85.0,2.12,74.25,3.77,74.72,15.07,6.12
1127,raw/fullpaper/1127-法学研究-2018-5-业务侵占_贪污罪的解释方向-王彦强-南京师范大学法学院.pdf,80.0,8.92,89.25,2.59,83.5,3.2,90.5,1.66,81.25,2.59,66.75,5.36,88.26,9.62,4.68
1128,raw/fullpaper/1128-法学研究-2018-3-个人信息保护_从个人控制到社会控制-高富平-华东政法大学.pdf,78.75,5.63,72.5,6.54,74.25,8.44,80.25,2.86,87.75,2.68,74.75,2.95,79.84,12.98,5.58
1129,raw/fullpaper/1129-法学研究-2022-4-个人信息保护合规的体系构建-敬力嘉-武汉大学法学院.pdf,68.5,7.89,80.25,4.15,75.0,6.28,84.5,4.77,82.75,3.11,71.25,4.15,79.18,14.12,5.85
1130,raw/fullpaper/1130-法学研究-2023-1-个人信息国家保护义务理论的反思与重塑-李海平-吉林大学法学院.pdf,87.75,1.79,88.25,2.49,64.5,20.81,85.75,3.77,83.25,3.03,64.5,19.96,86.29,15.35,9.97
1131,raw/fullpaper/1131-法学研究-2018-2-个人信息大数据与刑事正当程序的冲突及其调和-裴炜-北京航空航天大学法学院.pdf,72.75,9.98,56.0,26.38,78.25,6.02,83.0,3.0,85.0,0.0,76.0,3.67,75.19,16.65,9.43
1132,raw/fullpaper/1132-法学研究-2023-6-个人信息权的分析与建构-萧鑫-中国社会科学院法学研究所.pdf,73.25,22.12,81.75,3.77,84.25,2.49,88.25,3.77,86.5,1.5,72.25,1.3,83.72,10.4,6.7
1133,raw/fullpaper/1133-法学研究-2018-4-个人信息的侵权法保护-叶名怡-上海财经大学.pdf,80.25,4.15,85.0,2.12,76.0,6.78,84.25,1.3,85.25,3.27,77.75,1.79,84.56,11.65,3.73
1134,raw/fullpaper/1134-法学研究-2018-6-个人信息私法保护的困境与出路-丁晓东-中国人民大学法学院.pdf,80.75,2.95,83.0,3.08,55.0,12.25,86.25,2.17,87.0,3.67,65.5,7.63,81.03,12.67,6.1
1135,raw/fullpaper/1135-法学研究-2023-2-个人所得税法上年龄非中性的实现——以老年人生存权益的保障为核心-汤洁茵-中国社会科学院大学法学院.pdf,71.25,21.03,79.0,7.14,76.25,5.76,89.75,2.86,80.75,7.66,75.0,1.22,81.31,14.8,8.78
1136,raw/fullpaper/1136-法学研究-2022-5-个人数据交易的双重法律构造-林洹民-浙江大学光华法学院.pdf,83.75,2.17,65.5,20.69,82.5,4.82,88.0,0.0,92.5,2.87,78.0,1.41,83.24,12.23,6.15
1137,raw/fullpaper/1137-法学研究-2022-1-中华法系的百年历史叙事-赵明-西南大学法学院.pdf,78.5,5.22,79.0,4.12,42.25,8.84,82.75,1.92,79.0,2.24,69.0,4.12,73.22,12.95,5.1
1138,raw/fullpaper/1138-法学研究-2016-5-中国债编体系构建中若干基础关系的协调——从法国重构债法体系的经验观察-李世刚-复旦大学法学院.pdf,71.75,6.02,83.5,5.17,77.5,6.18,85.0,5.39,83.75,4.38,75.5,3.57,81.65,15.23,5.9
1139,raw/fullpaper/1139-法学研究-2020-3-中国刑事专家辅助人向专家证人的角色转变-张保生-中国政法大学证据科学教育部重点实验室、司法文明协同创新中心.pdf,78.25,6.42,84.25,2.49,60.75,21.19,75.5,3.28,83.75,3.03,76.5,4.97,78.93,13.28,7.97
1140,raw/fullpaper/1140-法学研究-2015-6-中国刑事印证理论批判-周洪波-西南民族大学法学院.pdf,71.0,7.81,86.0,2.35,35.0,14.14,82.5,2.87,82.25,2.68,72.5,4.82,70.88,15.23,6.67
1141,raw/fullpaper/1141-法学研究-2024-2-中国刑事司法证明_唯客观化_批判-熊晓彪-中山大学法学院.pdf,84.5,4.56,84.75,4.32,83.5,3.84,84.75,4.66,85.75,2.49,72.75,5.54,87.44,11.22,4.9
1142,raw/fullpaper/1142-法学研究-2017-5-中国司法体制改革的经验——习近平司法体制改革思想研究-陈卫东-中国人民大学法学院.pdf,30.0,0.0,43.75,7.4,35.0,3.54,62.0,4.3,36.25,5.45,45.75,6.42,41.65,11.95,5.22
1143,raw/fullpaper/1143-法学研究-2024-6-中国合同法上的产权平等保护-罗昆-武汉大学法学院.pdf,82.5,3.28,82.0,3.08,77.5,7.12,86.75,5.8,87.75,2.68,83.0,2.12,87.5,13.35,4.63
1144,raw/fullpaper/1144-法学研究-2015-4-中国宪法上国家所有的规范含义-程雪阳-苏州大学王健法学院.pdf,73.75,19.49,84.5,2.18,79.25,5.85,87.25,5.54,87.25,1.3,82.75,2.86,85.43,14.08,7.17
1145,raw/fullpaper/1145-法学研究-2021-5-中国宪法上基本权利限制的形式要件-陈楚风-清华大学法学院.pdf,83.5,1.5,84.75,2.95,81.25,6.06,92.25,1.48,86.0,1.22,69.25,5.63,88.46,12.47,3.62
1146,raw/fullpaper/1146-法学研究-2023-6-中国宪法体制中民主集中制的统合作用-沈寿文-吉林大学法学院.pdf,72.5,10.9,73.5,6.1,46.75,17.8,86.25,3.03,81.25,2.59,61.25,4.66,71.43,17.7,8.67
1147,raw/fullpaper/1147-法学研究-2024-2-中国式法治现代化概念的逻辑构造及其展开-郭晔-北京师范大学法学院.pdf,31.25,2.17,74.25,10.54,47.75,1.79,80.75,4.21,77.5,4.82,58.5,4.09,55.93,13.38,5.33
1148,raw/fullpaper/1148-法学研究-2023-5-中国式现代化的宪法逻辑-韩大元-中国人民大学法学院.pdf,31.25,5.45,53.5,11.95,42.5,2.5,76.0,1.22,74.0,3.16,67.0,6.28,49.0,10.52,5.9
1149,raw/fullpaper/1149-法学研究-2024-1-中国式现代化进程中的属地管理原则-叶必丰-上海交通大学凯原法学院.pdf,55.75,7.19,54.25,13.1,57.5,13.72,82.0,3.08,80.75,3.27,70.0,0.0,64.88,13.95,7.77
1150,raw/fullpaper/1150-法学研究-2015-4-中国投资协议实体保护标准的自由化和多边化演进-沈伟-上海交通大学法学院.pdf,38.75,9.6,58.0,17.87,54.25,14.36,73.25,5.07,60.0,14.65,67.5,7.5,54.13,21.42,13.3
1151,raw/fullpaper/1151-法学研究-2020-4-中国政法体制的规范性原理-黄文艺-中国人民大学法学院.pdf,63.0,23.12,76.75,1.79,75.0,4.95,86.5,2.6,74.75,5.63,78.0,5.87,75.0,15.08,8.47
1152,raw/fullpaper/1152-法学研究-2024-3-中国民事诉讼率变迁的影响机制——对曲线理论的检验和修正-石磊-上海交通大学凯原法学院.pdf,81.5,3.84,85.5,2.87,77.0,2.12,85.75,2.86,85.75,4.6,70.0,8.66,85.65,13.65,4.78
1153,raw/fullpaper/1153-法学研究-2020-3-中国民法典总则与分则之间的统辖遵从关系-孙宪忠-中国社会科学院法学研究所.pdf,57.25,9.88,81.25,5.8,56.75,16.56,83.25,2.38,82.5,2.87,59.5,10.87,70.93,16.48,9.32
1154,raw/fullpaper/1154-法学研究-2024-1-中国民间公益法人制度现代化的路径选择-李德健-浙江工业大学法学院.pdf,60.75,15.99,82.5,2.18,70.75,15.67,85.5,0.5,85.75,1.3,79.5,3.64,76.46,14.53,7.57
1155,raw/fullpaper/1155-法学研究-2024-3-中国法学对外交流与研究中的概念对接——以多数人之债实体与程序的中德比较研究为例-卜元石-德国弗莱堡大学法律系.pdf,56.75,20.58,86.25,3.03,57.5,7.5,85.25,4.55,86.25,1.3,75.25,2.77,73.53,13.33,7.67
1156,raw/fullpaper/1156-法学研究-2016-5-中国法律传统的经济理性-夏扬-北京师范大学法学院.pdf,48.0,12.02,69.0,9.67,35.0,3.54,85.0,2.12,79.0,3.94,51.25,6.5,59.35,16.5,7.27
1157,raw/fullpaper/1157-法学研究-2023-6-中国法律语境中的国家政策概念-彭中礼-中南大学法学院.pdf,66.75,6.83,72.0,5.1,50.0,16.2,80.5,1.66,71.0,19.05,70.5,6.54,71.26,18.03,10.65
1158,raw/fullpaper/1158-法学研究-2017-6-中国法治经济建设的逻辑-谢海定-中国社会科学院法学研究所_法学研究_编辑部.pdf,36.25,4.15,73.0,2.92,56.25,7.4,84.75,4.09,81.0,1.73,75.5,3.57,59.84,12.15,4.58
1159,raw/fullpaper/1159-法学研究-2025-1-中国法治语境下的司法建议_机理、运用与制度完善-顾培东-四川大学法学院.pdf,35.0,3.54,66.75,4.92,50.75,4.38,76.0,8.25,85.75,5.12,76.75,4.92,54.9,11.5,6.0
1160,raw/fullpaper/1160-法学研究-2019-2-中国法科学生留学德国四十年的回顾与展望--基于博士学位论文的考察-卜元石-德国弗莱堡大学法律系.pdf,15.0,15.0,47.0,17.59,24.5,11.32,74.25,7.19,63.5,7.23,57.5,8.56,38.15,20.95,12.87
1161,raw/fullpaper/1161-法学研究-2022-2-中国特色民间文学艺术作品著作权保护理论的构建-胡开忠-中南财经政法大学知识产权研究中心.pdf,64.0,15.05,82.0,2.35,72.0,5.61,74.75,2.95,82.0,2.83,75.0,7.07,75.18,14.35,6.92
1162,raw/fullpaper/1162-法学研究-2015-2-中国特色社会主义人权理论体系论纲--广州大学人权理论研究课题组.pdf,30.0,0.0,27.5,16.39,32.0,6.28,57.25,7.19,52.5,11.46,11.25,8.93,36.18,15.77,9.67
1163,raw/fullpaper/1163-法学研究-2018-3-中国环境法治中的政党、国家与社会-陈海嵩-中南大学法学院.pdf,64.25,13.2,77.5,3.57,58.75,11.65,83.0,2.92,81.25,2.59,53.25,11.14,72.81,15.5,8.68
1164,raw/fullpaper/1164-法学研究-2019-6-中国现行宪法中的_党的领导_规范-秦前红-武汉大学法学院.pdf,53.0,17.01,79.25,5.26,45.25,6.76,84.25,3.77,86.5,2.6,64.5,5.72,65.16,13.7,7.9
1165,raw/fullpaper/1165-法学研究-2020-5-中国第一代马克思主义法学家的理论开创-程梦婧-重庆大学法学院.pdf,31.25,2.17,44.75,10.99,41.25,4.15,71.5,3.91,78.5,6.69,50.0,8.66,45.66,13.37,7.03
1166,raw/fullpaper/1166-法学研究-2020-3-中国行政诉讼中的府院互动-章志远-华东政法大学.pdf,58.0,15.64,79.25,4.55,65.75,11.69,85.25,4.55,84.0,5.34,78.0,0.0,73.78,14.97,8.07
1167,raw/fullpaper/1167-法学研究-2018-6-为作为证明方法的_印证_辩护-薛爱昌-西安交通大学法学院.pdf,76.75,6.98,77.25,4.97,82.0,4.3,78.25,2.49,83.5,3.2,66.0,3.67,81.15,15.17,4.93
1168,raw/fullpaper/1168-法学研究-2022-5-为被告人利益抗诉与上诉不加刑原则之适用———以上诉理由之限制为中心-郭烁-中国政法大学诉讼法学研究院.pdf,89.25,2.95,83.75,3.03,85.75,5.12,89.25,2.59,79.0,13.91,84.25,1.3,92.34,12.6,5.57
1169,raw/fullpaper/1169-法学研究-2016-2-主体制度民商合一的中国路径-汪青松-西南政法大学民商法学院.pdf,74.5,1.5,82.5,2.6,78.0,4.95,88.0,3.74,82.75,1.3,79.75,2.86,83.18,13.08,3.25
1170,raw/fullpaper/1170-法学研究-2021-5-主观权利概念之理论检讨——以胎儿的民事权利能力问题为中心-陈帮锋-厦门大学法学院.pdf,77.75,9.18,84.75,1.79,85.0,0.0,86.0,1.22,83.75,2.17,79.5,3.64,85.62,9.83,3.47
1171,raw/fullpaper/1171-法学研究-2022-5-义务范围理论下证券服务机构过失虚假陈述赔偿责任-洪国盛-北京大学国际法学院.pdf,76.0,6.63,81.25,3.27,84.0,3.67,90.0,1.41,86.0,3.67,80.0,3.81,86.94,12.35,4.32
1172,raw/fullpaper/1172-法学研究-2016-2-习近平全面依法治国思想的理论逻辑与创新发展-李林-中国社会科学院法学研究所.pdf,30.0,0.0,41.25,12.44,33.75,6.5,60.5,12.18,33.75,11.39,40.0,10.61,40.49,18.98,10.22
1173,raw/fullpaper/1173-法学研究-2023-3-习近平法治思想中的依规治党理论及其原创性贡献-王伟国-中国法学会党内法规研究中心.pdf,27.5,4.33,45.0,0.0,44.25,2.49,60.0,7.35,45.0,7.91,37.5,4.33,42.22,12.7,5.08
1174,raw/fullpaper/1174-法学研究-2021-2-习近平法治思想中的法治监督理论-江必新-中南大学法学院.pdf,36.25,5.45,43.75,7.4,33.0,8.77,65.5,4.27,45.0,7.07,26.25,6.5,44.32,14.55,7.58
1175,raw/fullpaper/1175-法学研究-2021-4-习近平法治思想对马克思主义法治原理的传承与发展-孙谦-最高人民检察院.pdf,30.0,0.0,3.75,2.17,17.5,10.31,52.0,11.58,31.25,2.17,18.75,2.17,26.79,13.6,5.47
1176,raw/fullpaper/1176-法学研究-2023-4-习近平法治思想的数字法治观-周尚君-西南政法大学全面依法治国研究院.pdf,33.75,2.17,55.5,6.58,36.25,6.5,71.75,2.49,36.75,4.66,45.75,6.06,48.25,13.55,5.48
1177,raw/fullpaper/1177-法学研究-2022-6-习近平法治思想领航中国之治的实践机制-陈柏峰-中南财经政法大学法学院.pdf,30.0,0.0,13.75,5.45,41.25,2.17,33.75,4.15,43.75,6.5,27.5,2.5,29.04,10.78,4.0
1178,raw/fullpaper/1178-法学研究-2016-1-乡村司法与国家治理——以乡村微观权力的整合为线索-郑智航-山东大学法学院.pdf,32.75,1.3,60.0,15.0,43.25,12.72,73.5,6.1,74.25,3.77,74.25,2.49,50.6,17.58,7.95
1179,raw/fullpaper/1179-法学研究-2020-2-乡村基层执法的空间制约与机制再造-陈柏峰-中南财经政法大学法学院.pdf,62.0,4.95,77.0,3.39,84.0,1.22,84.0,3.67,83.0,2.24,54.0,8.69,76.59,11.53,4.63
1180,raw/fullpaper/1180-法学研究-2019-3-乡村振兴背景下的宅基地权利制度重构-宋志红-中共中央党校(国家行政学院)政法部.pdf,70.5,7.12,76.5,3.84,89.75,2.86,84.25,1.3,86.25,1.3,83.75,2.17,83.54,10.48,3.57
1181,raw/fullpaper/1181-法学研究-2019-2-书面形式与合同的成立-朱广新-中国社会科学院法学研究所.pdf,70.25,20.8,79.75,3.49,82.75,3.96,86.0,4.24,76.25,19.85,83.25,3.03,83.4,14.1,10.65
1182,raw/fullpaper/1182-法学研究-2016-1-买卖合同之规定准用于其他有偿合同-易军-中国政法大学.pdf,69.25,16.84,75.0,8.77,74.5,11.32,87.0,3.0,81.75,2.49,69.5,6.54,78.71,18.8,9.42
1183,raw/fullpaper/1183-法学研究-2025-1-二元规范论视角下刑法第13条但书规定的解释论展开-李世阳-浙江大学光华法学院.pdf,78.25,2.49,89.5,1.66,82.75,6.61,83.25,5.8,81.25,6.5,75.75,6.26,85.87,16.18,5.63
1184,raw/fullpaper/1184-法学研究-2025-3-互联网平台处罚权的法律规制-刘权-中央财经大学_龙马学者.pdf,65.75,8.61,78.75,2.17,76.75,3.7,87.25,1.92,79.25,9.96,74.25,7.5,78.81,14.55,6.52
1185,raw/fullpaper/1185-法学研究-2018-5-互联网金融风险的社会特性与监管创新-许多奇-上海交通大学凯原法学院.pdf,41.75,17.37,29.5,30.18,53.0,5.43,84.0,5.34,69.25,14.02,69.5,4.15,50.79,20.88,14.73
1186,raw/fullpaper/1186-法学研究-2021-3-交警非现场执法的规范构建-余凌云-清华大学法学院.pdf,63.25,12.32,85.0,4.3,70.0,5.43,84.0,3.67,83.75,1.79,77.5,2.5,77.44,13.97,5.78
1187,raw/fullpaper/1187-法学研究-2020-1-人工智能与事实认定-栗峥-中国政法大学.pdf,46.5,24.13,67.5,2.87,84.5,7.26,78.0,0.0,75.25,2.17,82.5,2.5,65.56,13.8,7.5
1188,raw/fullpaper/1188-法学研究-2019-6-人工智能时代的法律议论-季卫东-上海交通大学法学院.pdf,73.75,8.2,82.75,1.3,51.5,12.54,74.0,3.67,86.0,2.12,82.5,2.87,77.0,14.77,5.9
1189,raw/fullpaper/1189-法学研究-2021-6-人工智能时代著作权合理使用制度的重塑-林秀芹-厦门大学法学院、知识产权研究院.pdf,69.25,8.32,81.5,5.55,64.75,13.27,83.5,1.5,76.75,7.69,75.75,7.19,77.69,18.83,8.37
1190,raw/fullpaper/1190-法学研究-2024-1-人民检察院法律监督的体系分析-王锴-北京航空航天大学法学院.pdf,50.0,16.96,65.5,5.55,55.0,18.71,87.25,3.56,79.75,3.03,60.5,3.64,66.29,19.53,9.9
1191,raw/fullpaper/1191-法学研究-2020-1-人民法院改革取向的审视与思考-顾培东-中南财经政法大学.pdf,75.0,6.28,74.0,11.42,80.0,5.43,86.25,2.05,84.25,3.77,78.25,2.86,81.29,12.48,6.13
1192,raw/fullpaper/1192-法学研究-2023-6-从关键证人回归必要证人_关键证人出庭作证逻辑反思-陈卫东-中国人民大学刑事法律科学研究中心.pdf,66.75,18.67,70.75,5.85,77.25,6.3,87.25,2.28,87.75,4.71,72.25,2.68,77.37,12.42,7.8
1193,raw/fullpaper/1193-法学研究-2017-3-从国家构建到共建共享的法治转向——基于社会组织与法治建设之间关系的考察-马长山-华东政法大学.pdf,31.25,5.45,69.25,4.87,43.75,1.3,73.0,3.61,74.5,2.6,63.0,4.36,52.22,13.58,4.27
1194,raw/fullpaper/1194-法学研究-2019-2-从基本权理论看法律行为之阻却生效要件--一个跨法域释义学的尝试-章程-浙江大学光华法学院.pdf,87.25,1.3,86.5,2.06,80.25,10.59,88.25,0.43,84.25,1.48,81.25,2.17,91.07,8.22,3.47
1195,raw/fullpaper/1195-法学研究-2023-3-从数据生产到数据流通_数据财产权益的双层配置方案-宁园-武汉大学法学院.pdf,84.75,3.27,86.0,1.58,81.0,5.2,85.5,2.29,78.25,9.04,76.25,2.17,87.56,14.1,4.52
1196,raw/fullpaper/1196-法学研究-2023-6-从民事基本法律到基础性法律_民法典地位论-黄忠-西南政法大学.pdf,69.75,7.5,88.0,5.83,66.0,13.91,87.0,5.39,69.25,11.78,67.5,7.5,75.0,16.07,10.0
1197,raw/fullpaper/1197-法学研究-2023-1-从税收法定到税收法治的实践进阶——以进一步落实税收法定原则为中心-张婉苏-南京大学法学院.pdf,53.5,14.4,77.25,1.48,50.25,7.95,85.5,0.5,81.5,0.87,77.5,3.28,69.04,12.93,5.48
1198,raw/fullpaper/1198-法学研究-2024-4-从预约到前合同协议——合意多样性视角下的类型化-夏静宜-扬州大学法学院.pdf,74.25,18.62,89.0,1.73,89.0,2.55,89.0,1.73,84.25,3.77,76.0,3.67,86.79,12.75,6.15
1199,raw/fullpaper/1199-法学研究-2019-1-他行为能力问题研究-陈兴良-北京大学法学院.pdf,74.25,11.14,83.0,3.61,72.75,19.25,86.25,2.17,86.25,1.09,67.0,2.12,81.87,14.07,7.58
1200,raw/fullpaper/1200-法学研究-2019-4-代理公开的例外类型和效果-朱虎-中国人民大学民商事法律科学研究中心.pdf,90.5,1.66,84.0,2.45,91.25,3.7,88.75,0.83,86.5,2.06,78.75,2.17,91.69,9.63,2.48
1201,raw/fullpaper/1201-法学研究-2022-4-以习近平法治思想引领行政审判制度新发展-章志远-华东政法大学.pdf,35.0,3.54,40.75,24.43,30.0,9.19,71.75,2.49,48.0,16.72,66.25,3.03,44.12,18.6,11.43
1202,raw/fullpaper/1202-法学研究-2015-4-以审判为中心的刑事诉讼制度改革-魏晓娜-中国人民大学刑事法律科学研究中心.pdf,79.75,6.94,73.0,13.77,82.75,6.3,90.25,4.92,87.5,2.5,80.0,2.0,86.16,14.08,7.02
1203,raw/fullpaper/1203-法学研究-2015-3-以房抵债协议的法理分析——_最高人民法院公报_载_朱俊芳案_评释-陆青-浙江大学光华法学院.pdf,77.0,4.58,75.5,9.12,66.25,4.38,91.0,1.73,83.75,1.79,79.5,1.66,81.04,13.18,4.48
1204,raw/fullpaper/1204-法学研究-2020-3-以罪名为讨论平台的反思与纠正-丁胜明-西南政法大学.pdf,75.0,6.28,73.75,2.68,85.75,4.49,88.75,1.3,85.75,1.3,75.25,7.29,82.84,11.12,4.5
1205,raw/fullpaper/1205-法学研究-2024-3-以鉴代侦_电子数据司法鉴定的扩张趋势及其制度回应-陈如超-西南政法大学刑事侦查学院.pdf,63.75,22.79,57.25,33.07,76.0,6.16,83.5,3.2,82.75,2.86,78.75,2.59,72.03,19.15,13.6
1206,raw/fullpaper/1206-法学研究-2023-2-仲裁协议主观范围理论的重构-陈杭平-清华大学法学院.pdf,76.5,12.93,83.75,2.77,70.5,17.23,90.0,3.08,78.25,18.17,71.25,4.66,83.32,17.08,11.33
1207,raw/fullpaper/1207-法学研究-2023-4-价格行为规制的法理逻辑——基于整体价格法秩序的视角-刘凯-华南理工大学法学院.pdf,80.75,4.38,63.5,11.06,82.25,8.32,89.75,2.86,81.0,1.73,76.75,1.3,82.07,15.45,5.72
1208,raw/fullpaper/1208-法学研究-2019-3-优先股与普通股的利益分配--基于信义义务的制度方法-潘林-山东大学法学院.pdf,89.5,1.66,84.0,2.45,76.0,3.46,86.0,1.22,87.75,2.68,83.5,2.06,90.0,10.8,2.6
1209,raw/fullpaper/1209-法学研究-2023-1-住房反向抵押的制度反思与规范构建-程威-华东政法大学经济法学院.pdf,69.25,9.04,47.5,16.68,64.25,5.12,80.25,1.79,85.0,2.12,74.5,5.77,65.84,17.02,7.8
1210,raw/fullpaper/1210-法学研究-2016-6-体系化视角下的意定代理权来源-尹飞-中央财经大学法学院教授.pdf,61.75,12.32,84.5,2.29,77.75,7.89,81.0,4.64,82.75,4.82,76.75,3.7,77.46,15.45,6.87
1211,raw/fullpaper/1211-法学研究-2022-5-作为个人信息跨境传输监管工具的标准合同条款-金晶-中国政法大学民商经济法学院.pdf,70.0,17.49,83.0,3.39,62.0,21.41,84.75,1.09,79.5,2.6,78.75,2.59,78.12,17.17,9.35
1212,raw/fullpaper/1212-法学研究-2022-5-作为规范的技术标准及其与法律的关系-陈伟-华东政法大学刑事法学院.pdf,77.5,4.82,83.25,3.7,86.75,3.03,87.25,1.92,80.0,11.02,79.0,1.73,85.78,13.32,5.05
1213,raw/fullpaper/1213-法学研究-2018-5-作品名称的多重功能与多元保护——兼评反不正当竞争法第6条第3项-彭学龙-中南财经政法大学知识产权研究中心.pdf,71.25,7.36,71.25,12.93,70.5,16.22,82.5,0.87,84.75,2.17,79.0,1.0,76.76,15.1,7.8
1214,raw/fullpaper/1214-法学研究-2015-2-依法律行政原理的移植与嬗变-王贵松-中国人民大学法学院.pdf,78.75,5.4,74.25,7.5,60.0,15.0,84.75,4.32,75.5,10.33,75.0,7.07,78.79,18.97,9.55
1215,raw/fullpaper/1215-法学研究-2015-4-依法治国与深化司法体制改革法官责任制度的三种模式-陈瑞华-北京大学法学院.pdf,73.25,8.87,83.75,1.3,73.0,5.0,87.25,5.07,83.0,2.92,81.75,2.49,83.97,17.15,4.95
1216,raw/fullpaper/1216-法学研究-2016-6-依规治党与依法治国的关系-王若磊-中共中央党校政法部副教授.pdf,35.75,12.32,54.25,14.89,49.25,4.87,86.0,4.0,84.0,2.12,81.0,2.35,54.31,12.3,7.78
1217,raw/fullpaper/1217-法学研究-2015-6-侦查讯问录音录像制度的功能定位及发展路径-董坤-最高人民检察院检察理论研究所.pdf,78.5,5.12,78.5,2.18,81.75,6.02,80.75,2.95,69.5,13.05,82.5,4.33,75.0,14.22,6.47
1218,raw/fullpaper/1218-法学研究-2015-3-侵害人视角下的正当防卫论-陈璇-中国人民大学法学院.pdf,83.75,8.2,84.0,4.24,87.25,1.3,90.5,0.87,89.75,1.09,75.0,2.12,89.01,11.6,3.43
1219,raw/fullpaper/1219-法学研究-2024-2-侵权责任与隐私权——责任人和行为人分离情形下的考量-窦海阳-中国社会科学院法学研究所.pdf,85.0,3.08,83.25,3.7,80.0,3.46,87.75,1.79,81.5,5.12,83.0,1.22,89.35,12.88,3.55
1220,raw/fullpaper/1220-法学研究-2022-3-侵权赔偿体现知识产权价值的民法原理-李承亮-武汉大学法学院.pdf,75.75,13.29,82.0,3.16,81.25,2.59,89.0,2.55,79.25,4.87,65.75,18.47,84.31,15.37,8.63
1221,raw/fullpaper/1221-法学研究-2018-2-侵犯公民个人信息罪_情节严重_的法理重述-石聚航-南昌大学法学院.pdf,85.0,2.12,83.5,5.41,82.5,6.18,88.5,4.09,83.75,1.3,76.75,6.06,88.03,12.25,4.82
1222,raw/fullpaper/1222-法学研究-2023-3-促进人与自然和谐共生的中国式法律协同观-张璐-华东政法大学经济法学院.pdf,36.25,5.45,60.75,17.3,62.5,9.63,83.25,3.03,72.0,13.93,71.75,2.05,57.71,16.58,9.9
1223,raw/fullpaper/1223-法学研究-2022-6-保底信托效力认定的类型化-吴至诚-中国人民大学民商事法律科学研究中心.pdf,84.0,1.22,85.5,2.87,89.0,1.73,87.25,1.3,84.5,1.5,76.5,1.5,89.0,7.33,1.93
1224,raw/fullpaper/1224-法学研究-2022-6-保理法的再体系化-李宇-上海财经大学法学院.pdf,88.25,2.49,72.75,17.85,84.5,8.29,90.5,0.87,88.0,0.0,79.0,1.73,87.47,16.6,6.02
1225,raw/fullpaper/1225-法学研究-2015-3-保险人明确说明义务批判-马宁-西北政法大学.pdf,70.25,9.28,85.0,2.12,70.5,9.39,86.5,5.17,84.5,1.5,83.25,3.03,82.59,13.25,5.85
1226,raw/fullpaper/1226-法学研究-2017-1-保险法上如实告知义务之新检视-李飞-南京师范大学法学院.pdf,69.25,25.58,81.5,3.5,75.0,3.54,87.75,1.79,83.5,1.5,73.25,3.03,80.5,18.73,7.48
1227,raw/fullpaper/1227-法学研究-2017-6-保险法因果关系判定的规则体系-武亦文-武汉大学法学院.pdf,69.75,9.65,84.25,1.3,83.5,7.23,80.75,2.95,82.5,2.87,63.0,2.12,81.18,13.42,5.0
1228,raw/fullpaper/1228-法学研究-2021-6-保险法安全维护义务的体系定位与规则重塑-马宁-苏州大学王健法学院.pdf,78.0,3.08,84.5,0.5,78.0,7.71,88.5,3.5,87.0,2.12,70.0,1.41,85.0,8.62,3.52
1229,raw/fullpaper/1229-法学研究-2017-6-保障房租赁与买卖法律关系的性质-凌维慈-华东师范大学法学院.pdf,82.5,4.82,81.0,5.61,77.25,3.96,86.25,1.3,84.75,1.64,78.75,3.27,85.1,12.7,3.98
1230,raw/fullpaper/1230-法学研究-2017-6-信息网络传播权及其与广播权的界限-刘银良-北京大学法学院.pdf,82.5,7.4,78.0,3.08,61.75,18.75,88.0,3.46,71.5,19.93,78.75,4.15,75.0,19.4,10.93
1231,raw/fullpaper/1231-法学研究-2016-3-信息网络传播行为的认定-刘文杰-中国传媒大学文法学部.pdf,86.5,2.06,75.75,6.06,84.5,2.87,77.25,2.59,87.25,2.49,79.0,3.67,84.44,13.47,3.8
1232,raw/fullpaper/1232-法学研究-2023-3-信托受托人忠实义务的功能诠释与规范重塑-杨秋宇-西南财经大学法学院.pdf,81.0,4.95,80.75,5.17,81.75,2.86,87.5,2.87,85.75,3.77,75.75,2.49,85.6,12.55,4.25
1233,raw/fullpaper/1233-法学研究-2023-6-信用惩戒适用行为人责任的法理及其限度-伏创宇-中国社会科学院大学法学院.pdf,80.75,7.36,85.25,0.43,85.0,2.12,86.25,1.09,86.5,1.12,78.75,2.59,86.85,7.93,2.83
1234,raw/fullpaper/1234-法学研究-2018-1-受贿犯罪的保护法益-张明楷-清华大学法学院.pdf,83.0,3.61,83.5,6.22,77.5,6.58,88.0,3.08,80.25,10.59,82.5,2.87,88.32,14.82,6.35
1235,raw/fullpaper/1235-法学研究-2017-3-修复生态环境责任的实证解析-吕忠梅-政协第十二届全国委员会社会和法制委员会.pdf,63.5,13.59,58.0,11.58,70.75,4.38,86.25,3.03,83.25,3.7,79.0,2.92,71.84,15.78,7.57
1236,raw/fullpaper/1236-法学研究-2024-6-修正普及主义视域下跨境破产的本土选择-郭帅-中国政法大学国际法学院.pdf,78.75,2.59,87.25,3.27,62.75,5.54,84.25,4.49,78.25,2.49,78.5,4.09,82.22,13.8,4.33
1237,raw/fullpaper/1237-法学研究-2022-3-债务清理上破产法与执行法的关系-何欢-上海财经大学法学院.pdf,72.0,24.28,84.5,1.5,84.0,3.67,89.5,1.66,81.5,9.6,83.25,3.03,86.18,12.97,8.4
1238,raw/fullpaper/1238-法学研究-2024-2-债权人代位权的类型化构造-俞彦韬-华东政法大学.pdf,87.25,1.3,85.0,3.67,91.0,1.73,89.75,2.86,88.25,2.05,79.5,1.66,90.97,6.23,2.55
1239,raw/fullpaper/1239-法学研究-2023-4-债权多重让与的体系解释-方新军-苏州大学王健法学院.pdf,86.0,1.22,90.0,2.92,53.5,17.53,91.0,1.73,86.0,4.69,63.5,4.97,85.38,11.47,6.35
1240,raw/fullpaper/1240-法学研究-2022-4-债法总则消亡史-朱庆育-南京大学法学院.pdf,61.25,14.89,79.5,7.53,51.25,9.6,86.5,6.1,88.25,4.02,41.25,4.15,71.72,16.12,8.9
1241,raw/fullpaper/1241-法学研究-2018-4-先签合同与后续合同的关系及其解释-崔建远-清华大学法学院.pdf,70.75,15.3,65.0,23.45,86.25,5.4,82.5,2.87,85.25,0.43,80.25,2.86,79.9,14.38,9.68
1242,raw/fullpaper/1242-法学研究-2017-6-免除刑罚制度的比较考察-曾文科-中国政法大学.pdf,75.75,3.77,73.0,19.09,69.25,11.48,77.25,1.3,83.75,3.34,78.75,2.59,77.31,16.13,8.0
1243,raw/fullpaper/1243-法学研究-2021-6-党内法规体系的形成与完善-孟涛-中国人民大学法学院.pdf,32.5,5.59,58.25,15.22,50.5,14.08,77.75,6.5,71.25,15.22,79.0,1.73,52.38,15.65,11.25
1244,raw/fullpaper/1244-法学研究-2017-4-党政体制如何塑造基层执法-陈柏峰-中南财经政法大学法学院.pdf,43.5,11.5,60.5,17.98,68.25,11.88,86.5,3.2,67.5,24.66,71.25,6.83,61.99,21.7,14.65
1245,raw/fullpaper/1245-法学研究-2021-1-党政联合发文的制度逻辑及其规范化问题-封丽霞-中共中央党校(国家行政学院)政治和法律教研部.pdf,60.0,15.0,50.5,24.15,52.5,15.9,84.0,4.24,76.75,3.03,72.5,6.69,65.09,20.9,13.28
1246,raw/fullpaper/1246-法学研究-2017-1-党管政法_党与政法关系的演进-周尚君-西南政法大学行政法学院.pdf,36.25,2.17,71.75,2.49,28.75,9.6,80.75,7.36,75.75,2.86,57.25,10.03,53.75,16.38,6.65
1247,raw/fullpaper/1247-法学研究-2022-3-全国人大常委会宪法地位的历史变迁与体系展开-钱坤-中国人民大学法学院.pdf,69.5,23.72,63.5,29.74,72.25,10.64,88.5,0.87,84.0,3.67,75.75,2.49,76.04,18.93,13.68
1248,raw/fullpaper/1248-法学研究-2016-6-全案移送背景下控方卷宗笔录在审判阶段的使用-孙远-中国青年政治学院法学院副教授.pdf,72.0,20.82,82.5,1.8,82.0,7.04,84.5,1.5,73.0,27.83,80.25,3.03,75.0,15.97,11.92
1249,raw/fullpaper/1249-法学研究-2021-6-全球知识产权治理博弈的深层话语构造_中国范式和中国路径-邵科-南京大学法学院.pdf,60.5,9.39,87.0,2.12,47.75,1.79,83.75,4.38,72.5,8.41,80.25,2.86,69.96,11.03,5.57
1250,raw/fullpaper/1250-法学研究-2020-5-全球金融治理的合法性困局及其应对-廖凡-中国社会科学院国际合作局.pdf,33.75,4.15,72.0,4.95,67.5,11.1,85.25,4.55,76.0,3.46,73.75,5.45,60.82,15.45,6.48
1251,raw/fullpaper/1251-法学研究-2022-3-全过程人民民主的法治向度阐析-胡玉鸿-华东政法大学人权研究院、习近平法治思想研究中心.pdf,31.25,2.17,35.0,9.35,47.0,2.12,62.5,8.56,52.0,5.87,47.5,10.31,42.26,17.8,7.38
1252,raw/fullpaper/1252-法学研究-2021-3-全面依法治国与第三方评估制度的完善-周汉华-中国社会科学院法学研究所.pdf,74.25,2.49,78.25,4.6,53.75,18.16,80.0,5.83,85.0,3.0,77.0,2.12,75.93,17.97,6.97
1253,raw/fullpaper/1253-法学研究-2017-3-全面依法治国背景下的刑事公诉-孙谦-最高人民检察院.pdf,30.0,0.0,48.75,23.82,47.5,2.5,69.25,2.59,69.25,5.97,59.5,3.64,46.74,18.22,7.42
1254,raw/fullpaper/1254-法学研究-2016-3-八二宪法土地条款_一个原旨主义的解释-彭錞-北京大学法学院.pdf,82.0,5.79,67.5,8.29,77.5,4.82,86.0,4.69,83.0,5.87,81.75,2.05,83.74,14.15,6.08
1255,raw/fullpaper/1255-法学研究-2018-1-公众意见影响法官决策的理论和实验分析-陈林林-浙江工商大学.pdf,76.5,6.1,73.5,11.06,81.75,2.28,77.25,6.14,79.75,3.03,67.5,2.87,79.9,15.07,6.05
1256,raw/fullpaper/1256-法学研究-2018-1-公众意见影响法官决策的理论和实验分析-陈林林-浙江工商大学.pdf,73.75,6.65,53.5,22.52,75.5,7.57,83.0,2.12,77.0,2.12,62.5,2.5,74.47,17.92,8.35
1257,raw/fullpaper/1257-法学研究-2021-4-公共性视角下的互联网平台反垄断规制-张晨颖-清华大学法学院.pdf,57.0,20.09,56.75,10.66,69.0,5.74,85.5,4.72,80.75,2.95,67.25,3.96,68.76,18.93,9.25
1258,raw/fullpaper/1258-法学研究-2019-5-公司代表越权担保的制度逻辑解析以公司法第16条第1款为中心-邹海林-中国社会科学院法学研究所.pdf,77.75,11.76,91.75,3.96,85.25,8.17,89.25,2.95,86.25,2.17,63.25,5.36,88.07,13.65,6.62
1259,raw/fullpaper/1259-法学研究-2021-3-公司债券非公开发行的规范模式-叶林-中国人民大学民商事法律科学研究中心.pdf,76.25,3.63,73.5,9.76,60.5,13.52,78.5,0.87,83.25,3.7,74.75,5.97,76.35,19.72,7.22
1260,raw/fullpaper/1260-法学研究-2020-3-公司决议瑕疵立法的范式转换与体系重构-丁勇-华东政法大学.pdf,86.0,2.74,90.5,3.5,92.5,2.87,90.5,1.66,87.0,2.12,79.0,1.0,92.26,8.33,2.67
1261,raw/fullpaper/1261-法学研究-2024-1-公司分配视角下的股东身份从属债权劣后受偿-何欢-上海财经大学法学院.pdf,74.0,20.82,88.5,0.87,90.5,3.2,88.5,0.87,87.75,1.79,76.5,1.5,86.74,11.68,5.58
1262,raw/fullpaper/1262-法学研究-2018-1-公司属人法的确定_真实本座主义的未来-邢钢-北京师范大学法学院.pdf,76.5,6.1,82.5,2.87,69.25,10.18,84.5,1.5,82.25,1.79,80.75,2.59,83.51,13.03,4.82
1263,raw/fullpaper/1263-法学研究-2025-2-公司挤出合并下异议股东回购请求权的功能定位-耿利航-中国政法大学民商经济法学院.pdf,83.0,2.12,78.5,2.18,87.0,2.12,88.0,3.08,88.5,0.87,77.75,1.79,86.82,7.9,2.33
1264,raw/fullpaper/1264-法学研究-2022-2-公司机会规则的反思与体系建构-袁崇霖-清华大学法学院.pdf,73.5,17.87,86.75,1.3,90.25,3.03,85.25,0.43,86.5,1.5,80.0,3.81,87.34,9.42,5.37
1265,raw/fullpaper/1265-法学研究-2020-4-公司治理中的控股股东及其法律规制-赵旭东-中国政法大学.pdf,60.75,15.61,85.25,0.43,68.0,7.07,84.5,3.91,82.75,3.11,81.25,2.59,78.38,13.37,6.3
1266,raw/fullpaper/1266-法学研究-2024-3-公司法上社会责任条款司法化的逻辑与再塑-吴维锭-中国人民大学法学院.pdf,85.25,3.56,86.25,1.09,85.0,2.12,91.75,4.09,88.5,2.5,82.0,3.08,91.97,7.5,3.17
1267,raw/fullpaper/1267-法学研究-2019-2-公司融资语境下股与债的界分-许德风-北京大学法学院.pdf,80.0,3.54,80.75,4.38,84.75,4.09,64.0,34.66,74.25,20.96,76.25,5.45,75.0,17.35,14.07
1268,raw/fullpaper/1268-法学研究-2021-1-公司资本制度的后端改革与偿债能力测试的借鉴-朱慈蕴-深圳大学法学院.pdf,60.75,14.34,83.5,1.66,69.75,9.65,85.0,2.12,77.75,8.98,75.75,1.3,76.4,14.15,7.32
1269,raw/fullpaper/1269-法学研究-2015-2-公民参与司法_理论、实践及改革——以刑事司法为中心的考察-陈卫东-中国人民大学法学院.pdf,30.0,3.54,74.5,7.53,71.75,8.17,85.75,5.12,75.0,6.28,81.5,2.69,60.96,11.42,6.42
1270,raw/fullpaper/1270-法学研究-2017-2-公法上警察概念的变迁-陈鹏-厦门大学法学院.pdf,74.25,12.5,89.0,1.73,61.0,18.36,83.75,5.85,84.0,1.22,79.5,1.66,80.62,16.12,7.95
1271,raw/fullpaper/1271-法学研究-2020-2-公私法协动视野下生态环境损害赔偿的理论构成-冯洁语-南京大学法学院.pdf,84.25,2.86,85.0,4.12,78.5,4.09,85.75,1.3,84.0,3.74,77.75,1.79,86.76,11.73,3.45
1272,raw/fullpaper/1272-法学研究-2020-3-公章抗辩的类型与处理-陈甦-中国社会科学院法学研究所.pdf,81.5,3.84,67.5,8.56,88.0,1.87,86.5,1.5,87.75,1.79,53.75,2.17,82.53,15.77,3.8
1273,raw/fullpaper/1273-法学研究-2020-1-共犯人关系的再思考-张明楷-清华大学法学院.pdf,85.5,8.17,84.25,1.48,80.5,7.26,89.75,2.05,86.5,1.5,51.25,6.5,87.32,15.65,5.18
1274,raw/fullpaper/1274-法学研究-2021-1-关联交易规制的世行范式评析与中国范式重构-汪青松-重庆市人文社科重点研究基地_市场交易法律制度研究基地.pdf,73.5,3.84,86.0,3.67,78.5,8.87,84.5,1.5,87.0,2.12,80.75,4.38,84.91,11.8,4.67
1275,raw/fullpaper/1275-法学研究-2015-3-关联性要素与地理标志法的构造-王笑冰-山东大学法学院.pdf,72.25,17.56,79.5,1.66,85.75,5.12,84.5,1.5,82.75,1.92,71.25,6.5,82.22,12.05,6.58
1276,raw/fullpaper/1276-法学研究-2018-6-关键信息基础设施保护的合作治理-陈越峰-华东政法大学法律学院.pdf,69.75,5.76,80.75,1.92,78.25,6.02,81.25,2.59,80.75,1.3,73.75,2.17,79.54,13.63,3.8
1277,raw/fullpaper/1277-法学研究-2015-5-具体的打击错误_从故意认定到故意归责-欧阳本祺-东南大学法学院.pdf,89.5,1.66,86.75,1.3,79.25,6.61,89.25,2.95,87.0,1.73,72.25,1.79,89.99,6.55,3.08
1278,raw/fullpaper/1278-法学研究-2023-1-养老机构人身损害赔偿责任之过错认定-徐银波-西南政法大学.pdf,76.25,5.85,77.25,5.54,87.0,3.0,88.25,2.49,86.75,2.05,75.75,3.34,84.21,11.0,4.32
1279,raw/fullpaper/1279-法学研究-2025-1-内地与香港继承判决流通制度的构建-张淑钿-深圳大学法学院.pdf,70.0,3.81,61.25,10.83,70.0,11.49,85.0,2.12,86.5,1.5,83.25,3.03,76.47,17.1,6.3
1280,raw/fullpaper/1280-法学研究-2023-5-再法典化背景下我国刑法犯罪法律后果体系的完善-刘仁文-中国社会科学院法学研究所.pdf,67.75,13.5,63.75,19.6,59.75,12.62,86.75,5.26,85.75,1.3,77.5,5.72,72.87,17.3,11.17
1281,raw/fullpaper/1281-法学研究-2016-4-再现型摄影作品之著作权认定-马一德-中南财经政法大学知识产权研究中心研究员.pdf,65.25,8.7,82.5,2.87,69.75,9.44,83.75,7.29,77.5,2.87,56.0,6.96,76.46,14.4,7.32
1282,raw/fullpaper/1282-法学研究-2016-3-农村土地_三权分置_的法理阐释与制度意蕴-高飞-广东外语外贸大学土地法制研究院.pdf,75.75,12.91,77.25,1.3,74.5,7.92,88.0,3.46,87.25,6.3,55.0,11.81,80.76,15.1,8.4
1283,raw/fullpaper/1283-法学研究-2019-5-农村土地承包法修改后的承包地法权配置-高圣平-中国人民大学民商事法律科学研究中心.pdf,72.25,15.88,88.75,0.83,62.0,15.95,88.0,0.0,86.5,1.5,73.75,9.91,81.03,12.7,8.47
1284,raw/fullpaper/1284-法学研究-2022-3-农村集体经济组织法构众说窥略——有关农村集体经济组织法律形式变革的稿件编后感-陈甦-中国社会科学院法学研究所.pdf,74.0,10.0,86.75,1.3,50.0,5.0,84.25,3.96,73.75,13.94,78.75,4.15,75.0,18.87,7.38
1285,raw/fullpaper/1285-法学研究-2022-3-农民集体与农村集体经济组织关系之二元论-高海-安徽财经大学法学院.pdf,82.0,3.74,81.75,5.4,83.0,6.44,86.75,3.03,83.0,2.12,80.25,3.49,88.24,15.22,4.63
1286,raw/fullpaper/1286-法学研究-2022-3-农民集体成员的集体资产股份权-韩松-西北政法大学民商法学院.pdf,62.0,18.6,64.5,5.68,66.25,10.83,86.0,4.69,79.5,3.64,69.75,3.03,71.99,18.05,8.95
1287,raw/fullpaper/1287-法学研究-2015-4-决议行为效力规则之构造-徐银波-西南政法大学.pdf,71.75,16.33,87.5,1.5,78.5,10.59,87.25,1.3,75.75,15.14,64.5,7.63,83.29,16.08,10.1
1288,raw/fullpaper/1288-法学研究-2015-5-准抽象危险犯概念之提倡-陈洪兵-南京师范大学法学院.pdf,66.25,12.62,79.75,4.02,74.75,6.76,84.25,2.49,82.0,4.9,53.25,8.61,77.16,14.92,7.58
1289,raw/fullpaper/1289-法学研究-2015-5-分段审查抑或归口审查_羁押必要性审查的改革逻辑-林喜芬-上海交通大学凯原法学院.pdf,67.75,21.98,77.0,3.0,84.5,7.4,80.0,1.41,85.0,2.12,70.5,4.33,78.76,14.75,7.73
1290,raw/fullpaper/1290-法学研究-2025-2-分级分类原则下监管标准的建构与运用-石肖雪-苏州大学王健法学院.pdf,40.0,10.61,73.5,1.5,79.75,5.8,90.25,3.03,82.75,2.49,77.25,6.38,66.72,12.77,5.73
1291,raw/fullpaper/1291-法学研究-2017-2-刑事印证证明新探-龙宗智-四川大学法学院.pdf,73.5,6.1,84.25,1.3,73.25,3.7,86.5,2.06,85.75,1.3,69.75,14.29,82.04,14.57,5.53
1292,raw/fullpaper/1292-法学研究-2024-4-刑事司法公平正义感受的主观程序正义框架与测度——以2015-2023年全国调查数据为基础-吴洪淇-北京大学法学院.pdf,57.5,14.43,82.5,3.28,51.5,6.5,74.0,5.34,78.25,2.05,72.5,2.69,69.21,15.6,6.62
1293,raw/fullpaper/1293-法学研究-2016-5-刑事程序比例构造方法论探析-秦策-南京师范大学法学院.pdf,65.25,14.62,63.25,3.7,81.0,4.06,85.0,2.12,85.25,0.43,72.0,9.97,75.21,14.53,6.72
1294,raw/fullpaper/1294-法学研究-2017-6-刑事被告人答辩制度之构建-欧卫安-广州大学法学院.pdf,66.5,7.66,75.5,1.5,67.5,9.01,84.0,5.34,78.25,7.95,69.25,4.87,75.91,18.88,7.0
1295,raw/fullpaper/1295-法学研究-2019-4-刑事证据分布理论及其运用-冯俊伟-山东大学法学院.pdf,65.5,17.84,83.0,7.68,78.5,3.91,85.5,0.87,88.25,2.05,77.0,3.0,79.62,12.75,6.82
1296,raw/fullpaper/1296-法学研究-2019-4-刑事证据标准与证明标准之异同-熊晓彪-吉林大学司法文明协同创新中心.pdf,86.0,2.12,90.75,1.92,77.75,10.21,85.0,3.0,85.5,1.5,68.0,3.46,88.43,12.08,4.27
1297,raw/fullpaper/1297-法学研究-2022-6-刑事证明标准的规范偏移与校正——从_刑事诉讼法解释_第140条切入-王星译-华中科技大学法学院.pdf,85.75,2.86,79.5,4.97,64.5,13.24,87.75,2.28,82.5,2.87,77.5,2.5,84.0,14.53,5.52
1298,raw/fullpaper/1298-法学研究-2022-4-刑事诉讼专门性证据的扩张与规制-吴洪淇-北京大学法学院.pdf,76.75,9.93,69.25,9.58,56.0,23.84,85.75,5.12,80.0,3.81,74.5,2.87,76.44,18.15,10.62
1299,raw/fullpaper/1299-法学研究-2017-2-刑事诉讼中变更公诉的限度-周长军-山东大学法学院.pdf,70.0,8.92,79.75,7.15,77.5,6.18,79.25,2.95,77.5,8.56,80.25,4.92,80.79,15.22,7.45
1300,raw/fullpaper/1300-法学研究-2024-6-刑事诉讼办案期限_功能变迁与诉讼化改造-董坤-中国社会科学院法学研究所.pdf,63.25,27.9,83.75,5.45,78.5,8.17,85.5,2.96,80.0,7.04,81.25,2.17,81.0,17.7,10.32
1301,raw/fullpaper/1301-法学研究-2025-3-刑事诉讼时间规范的理论逻辑与制度改良-郭晶-中国人民公安大学法学院.pdf,81.75,2.49,81.0,4.06,75.0,6.28,88.25,2.05,86.5,1.5,81.5,0.87,86.91,10.5,3.33
1302,raw/fullpaper/1302-法学研究-2017-4-刑事诉讼法中的侦查概括条款-艾明-西南政法大.pdf,65.5,6.54,67.0,15.64,80.5,7.26,84.25,1.3,86.0,1.22,75.75,3.77,75.91,19.77,6.87
1303,raw/fullpaper/1303-法学研究-2020-3-刑事诉讼法时间效力规则研究-聂友伦-中国人民大学刑事法律科学研究中心.pdf,80.0,7.04,84.5,3.57,84.75,4.09,87.75,2.68,88.75,1.3,80.75,2.59,88.72,7.88,4.08
1304,raw/fullpaper/1304-法学研究-2019-3-刑事辩护率_差异化及其经济因素分析--以四川省2015-2016年一审判决书为样本-左卫民-四川大学法学院.pdf,60.5,9.91,66.75,3.7,69.25,10.21,83.5,3.2,76.0,5.1,72.75,3.96,71.93,15.88,6.95
1305,raw/fullpaper/1305-法学研究-2017-5-刑事速裁程序试点实效检验——基于12666份速裁案件裁判文书的实证分析-李本森-中国政法大学诉讼法学研究院.pdf,58.25,14.46,29.5,15.6,60.5,12.18,75.5,1.5,62.25,24.42,51.25,12.44,55.94,22.1,15.52
1306,raw/fullpaper/1306-法学研究-2016-3-刑事隐蔽性证据规则研究-秦宗文-南京大学法学院.pdf,74.25,5.12,73.75,7.53,75.0,9.95,84.25,3.77,79.25,5.63,78.75,2.59,79.62,14.0,6.65
1307,raw/fullpaper/1307-法学研究-2020-4-刑民交叉实体问题的解决路径——_法律效果论_之展开-陈少青-对外经济贸易大学法学院.pdf,86.25,3.03,85.0,2.12,84.25,3.77,90.5,1.66,85.5,0.5,77.75,6.18,89.6,7.13,3.3
1308,raw/fullpaper/1308-法学研究-2018-6-刑民交叉案件中的事实认定与证据使用-龙宗智-四川大学法学院.pdf,82.75,4.97,79.75,3.03,81.0,3.67,84.0,3.67,87.5,1.5,75.5,4.56,85.03,11.72,4.1
1309,raw/fullpaper/1309-法学研究-2024-2-刑法上恶劣影响情节的经验考察与理论构建-郭旨龙-中国政法大学刑事司法学院.pdf,68.5,16.04,55.75,16.68,74.5,7.57,83.25,3.7,84.75,1.64,75.5,1.5,73.03,17.37,9.07
1310,raw/fullpaper/1310-法学研究-2023-5-刑法中义务冲突的界定、类型与体系定位-张小宁-上海政法学院上海司法研究所.pdf,62.75,16.69,84.5,4.5,70.75,9.42,84.0,4.24,80.0,3.81,58.75,4.15,76.28,15.53,8.25
1311,raw/fullpaper/1311-法学研究-2016-4-刑法体系的合宪性调控——以_李斯特鸿沟_为视角-张翔-中国人民大学法学院教授.pdf,76.0,12.19,86.5,1.5,74.25,8.32,87.0,2.92,87.25,1.92,81.75,2.49,85.75,11.48,5.65
1312,raw/fullpaper/1312-法学研究-2017-1-刑法修正_维度、策略、评价与反思-梁根林-北京大学法学院.pdf,60.0,16.72,84.0,3.67,64.25,12.32,87.5,5.55,85.25,2.17,80.5,0.87,77.87,14.35,7.93
1313,raw/fullpaper/1313-法学研究-2015-2-刑法教义学研究的中国主体性-丁胜明-西南政法大学法学院.pdf,78.5,5.77,88.5,0.87,60.0,7.04,85.5,2.87,83.0,5.87,67.5,10.31,82.24,14.15,6.3
1314,raw/fullpaper/1314-法学研究-2021-2-初查的行政执法化改革及其配套机制——以公安机关_行刑衔接_为视角-张泽涛-广州大学法学院.pdf,62.5,16.53,72.5,2.87,69.5,6.54,82.0,2.55,84.0,3.74,78.75,2.59,73.68,16.02,6.68
1315,raw/fullpaper/1315-法学研究-2015-2-删而未除的_管辖错误_再审——基于2013年以来最高人民法院裁定书的分析-李浩-南京师范大学法学院.pdf,74.0,4.69,72.0,3.74,58.25,4.09,84.25,3.96,87.25,3.96,73.75,5.85,76.16,16.35,5.07
1316,raw/fullpaper/1316-法学研究-2018-2-判例自发性运用现象的生成与效应-顾培东-四川大学法学院.pdf,57.75,17.21,77.0,4.12,54.25,2.49,86.25,3.03,82.25,2.86,78.75,4.15,71.37,14.72,6.53
1317,raw/fullpaper/1317-法学研究-2017-6-利他型人寿保险中投保人与受益人的对价关系-岳卫-南京大学法学院.pdf,83.75,4.38,86.75,2.05,83.5,4.77,86.25,1.79,86.25,3.03,74.5,9.12,88.0,12.57,4.85
1318,raw/fullpaper/1318-法学研究-2025-1-制定法历史解释的论辩效力及其作用限度-杨知文-华东政法大学法律学院.pdf,53.5,11.72,88.0,3.08,60.5,6.95,86.0,1.22,69.75,22.65,64.25,7.19,73.5,21.33,10.17
1319,raw/fullpaper/1319-法学研究-2020-6-功能主义视域下的行政协议-徐键-上海财经大学法学院.pdf,81.0,5.34,76.25,10.69,88.0,1.87,81.0,7.81,85.25,5.97,79.5,3.64,84.12,15.82,6.8
1320,raw/fullpaper/1320-法学研究-2018-5-动产抵押的登记对抗原理-庄加园-上海交通大学凯原法学院.pdf,72.75,19.25,83.5,2.6,80.25,7.22,88.5,4.09,78.0,6.2,71.75,6.02,83.31,13.65,8.72
1321,raw/fullpaper/1321-法学研究-2021-2-动产担保物权的默示延伸-庄加园-上海交通大学凯原法学院.pdf,85.0,2.12,84.75,4.09,80.75,4.87,83.5,3.2,81.5,6.65,83.25,1.09,88.84,13.42,4.23
1322,raw/fullpaper/1322-法学研究-2023-6-劳动关系认定的理论澄清与规范建构-朱军-上海交通大学凯原法学院.pdf,89.75,2.86,85.75,1.3,90.25,3.03,85.25,0.43,87.0,2.12,68.5,0.87,90.84,10.58,2.03
1323,raw/fullpaper/1323-法学研究-2017-2-劳动力市场灵活性与劳动合同法的修改-谢增毅-中国社会科学院法学研究所.pdf,67.0,8.34,69.0,11.11,53.75,15.14,88.0,3.74,84.25,1.3,70.75,2.95,73.07,16.65,8.18
1324,raw/fullpaper/1324-法学研究-2021-2-劳动基准法的范畴、规范结构与私法效力-沈建峰-中央财经大学法学院.pdf,78.75,10.08,82.25,2.17,84.5,7.26,87.0,3.39,87.5,0.87,78.25,2.49,85.53,11.43,5.05
1325,raw/fullpaper/1325-法学研究-2020-4-劳动者社交媒体言论自由及其限制-谢增毅-中国社会科学院法学研究所.pdf,51.0,16.39,73.5,1.5,80.75,4.66,75.25,3.27,81.75,3.9,62.5,4.82,70.25,13.02,6.65
1326,raw/fullpaper/1326-法学研究-2017-1-包需求合同的法理与适用-刘承韪-中国政法大学比较法学研究院.pdf,64.75,4.09,80.0,5.1,69.25,14.02,85.5,4.33,78.75,5.63,77.5,8.29,77.01,15.55,7.98
1327,raw/fullpaper/1327-法学研究-2019-1-协助决定取代成年监护替代决定——兼论民法典婚姻家庭编监护与协助的增设-李霞-华东政法大学.pdf,60.5,8.56,76.0,1.22,75.75,2.49,81.25,3.27,85.25,2.17,79.5,1.66,74.72,9.97,3.73
1328,raw/fullpaper/1328-法学研究-2025-2-单位犯罪废止论-李立丰-吉林大学理论法学研究中心.pdf,85.75,1.48,75.75,17.8,62.25,6.18,85.5,5.72,84.5,1.5,78.75,2.59,82.19,12.62,6.77
1329,raw/fullpaper/1329-法学研究-2022-5-原情与抑情_从_崔三过失杀父案_看清代中期的礼教与司法-姚宇-中国社会科学院法学研究所.pdf,67.0,38.69,85.75,2.86,75.5,4.27,91.0,1.73,90.25,3.03,65.5,4.77,81.56,15.67,10.65
1330,raw/fullpaper/1330-法学研究-2024-6-反不正当竞争法一般条款的保护限度——以市场区分为视角-刘建臣-山东大学法学院.pdf,84.5,1.5,88.5,0.87,82.75,4.49,86.5,1.5,89.75,2.05,77.75,1.79,88.6,6.87,2.35
1331,raw/fullpaper/1331-法学研究-2016-2-反不正当竞争法一般条款的司法适用模式-吴峻-中国社会科学院法学研究所.pdf,84.0,3.67,83.75,1.09,81.75,2.49,87.25,1.3,77.25,8.07,74.75,4.32,87.31,10.53,4.03
1332,raw/fullpaper/1332-法学研究-2022-2-反不正当竞争法架构下的区别性原则-吴峻-中国社会科学院法学研究所.pdf,80.75,5.85,73.25,4.92,80.75,2.95,84.5,4.27,84.25,3.77,79.0,3.67,82.87,12.45,4.88
1333,raw/fullpaper/1333-法学研究-2016-2-反思财产法制建设中的_事前研究_方法-冉昊-中国社会科学院法学研究所.pdf,69.25,18.27,84.75,4.09,52.0,20.72,85.25,2.17,85.75,1.3,66.25,18.16,76.62,18.53,12.45
1334,raw/fullpaper/1334-法学研究-2018-1-受害人特殊体质与损害赔偿责任的减轻——最高人民法院第24号指导案例评析-程啸-清华大学法学院.pdf,68.5,16.04,67.75,24.81,84.5,1.5,87.75,1.79,82.75,4.49,51.5,21.38,77.68,18.13,13.48
1335,raw/fullpaper/1335-法学研究-2017-1-受贿犯罪保护法益与刑法第388条的解释-黎宏-清华大学法学院.pdf,77.5,7.63,87.75,2.68,83.25,7.19,87.0,3.0,86.75,1.3,63.5,1.5,86.16,12.18,4.48
1336,raw/fullpaper/1336-法学研究-2018-1-受贿犯罪的保护法益-张明楷-清华大学法学院.pdf,66.25,16.41,79.0,5.34,66.5,13.65,85.25,3.27,85.0,0.0,42.75,6.38,75.76,20.35,8.68
1337,raw/fullpaper/1337-法学研究-2018-1-受贿犯罪的保护法益-张明楷-清华大学法学院.pdf,85.0,7.55,89.5,0.87,90.0,3.08,87.75,1.79,90.5,1.66,74.25,2.49,90.59,7.58,3.37
1338,raw/fullpaper/1338-法学研究-2023-5-司法_去地方化_改革反思-丁亮华-中南大学法学院.pdf,68.0,18.88,84.75,1.64,33.75,12.93,83.25,1.3,83.75,3.42,68.25,2.05,69.49,13.87,7.73
1339,raw/fullpaper/1339-法学研究-2020-4-司法人工智能的重塑效应及其限度-马长山-华东政法大学.pdf,60.0,18.49,73.75,12.21,57.0,10.93,81.0,3.32,79.0,1.0,67.5,2.5,70.65,19.75,9.33
1340,raw/fullpaper/1340-法学研究-2015-3-司法判决中的词典释义-陈林林-浙江大学光华法学院.pdf,80.75,4.38,79.25,4.87,64.25,5.12,86.75,5.17,81.75,2.49,74.5,4.27,81.9,13.62,5.07
1341,raw/fullpaper/1341-法学研究-2020-1-司法审查中的滥用职权标准——以最高人民法院公报案例为观察对象-周佑勇-中共中央党校(国家行政学院)政治与法律教研部.pdf,76.0,3.46,81.0,1.73,80.25,5.07,86.0,1.22,81.75,2.49,62.5,2.87,83.28,11.52,3.25
1342,raw/fullpaper/1342-法学研究-2017-4-司法解散公司事由的实证研究-李建伟-中国政法大学民商经济法学院.pdf,78.25,4.09,88.5,2.29,85.25,4.09,86.0,1.22,82.5,2.87,77.75,1.79,86.72,11.32,3.13
1343,raw/fullpaper/1343-法学研究-2024-6-司法解释性质文件备案审查的困局与出路-聂友伦-华东师范大学法学院.pdf,79.25,6.22,64.5,14.94,67.75,6.57,85.5,4.33,85.5,0.5,78.5,0.87,78.22,14.82,6.45
1344,raw/fullpaper/1344-法学研究-2016-1-司法鉴定管理体制改革的方向与逻辑-陈如超-西南政法大学刑事侦查学院.pdf,74.5,12.18,73.25,3.03,43.0,2.12,86.0,4.24,82.75,3.11,78.75,2.59,71.35,13.27,5.25
1345,raw/fullpaper/1345-法学研究-2021-2-合作治理语境下的法治化营商环境建设-石佑启-广东外语外贸大学法学院.pdf,32.0,7.71,61.25,11.48,33.25,20.04,75.25,0.43,74.75,2.95,56.75,12.62,49.28,17.7,10.63
1346,raw/fullpaper/1346-法学研究-2024-6-合同内容的证明责任分配-胡东海-中南财经政法大学法学院.pdf,75.0,12.25,81.25,2.17,80.5,3.64,84.25,2.49,86.75,1.79,55.0,7.91,81.62,17.43,5.82
1347,raw/fullpaper/1347-法学研究-2022-5-合同形式主义的演进及其影响———消费者保护的视角-高庆凯-上海师范大学哲学与法政学院.pdf,86.0,3.67,80.5,1.66,86.25,3.63,87.5,2.5,88.0,1.87,80.5,0.87,90.1,9.5,2.73
1348,raw/fullpaper/1348-法学研究-2019-6-合宪性审查制度的中国道路与功能展开-李忠夏-山东大学法学院.pdf,70.0,20.36,78.0,4.3,83.25,3.7,84.75,2.17,83.25,7.85,77.5,2.87,80.69,15.18,7.95
1349,raw/fullpaper/1349-法学研究-2020-5-合宪性视角下的成片开发征收及其标准认定-程雪阳-苏州大学王健法学院.pdf,78.25,7.19,67.75,12.74,80.75,6.22,91.0,3.54,86.25,1.3,80.75,1.92,84.22,12.63,6.33
1350,raw/fullpaper/1350-法学研究-2016-6-合宪性解释在我国法院的实践-杜强强-首都师范大学政法学院副教授.pdf,73.25,12.21,88.0,2.12,71.0,17.13,89.0,3.08,83.25,3.03,83.75,2.17,85.03,12.83,7.65
1351,raw/fullpaper/1351-法学研究-2020-6-合意式刑事诉讼论-王新清-中国社会科学院大学.pdf,59.0,13.36,74.75,9.26,79.0,6.96,79.75,1.79,78.0,5.1,79.25,4.38,74.12,14.55,7.87
1352,raw/fullpaper/1352-法学研究-2017-6-周秦两汉法律_布之于民_考论-徐燕斌-武汉理工大学文法学院.pdf,46.25,17.09,67.5,7.63,30.0,11.18,82.75,9.55,73.75,7.29,70.75,4.38,56.97,18.42,10.98
1353,raw/fullpaper/1353-法学研究-2024-3-唐代笔记所载灵异案件反映的法律文化-赵晶-中国政法大学法律古籍研究所.pdf,61.75,9.04,59.25,8.17,43.0,11.38,79.75,3.49,68.75,3.96,55.0,2.12,62.09,15.53,7.32
1354,raw/fullpaper/1354-法学研究-2022-1-唐以前盗罪之变迁研究-朱腾-中国人民大学法学院.pdf,83.25,4.92,68.25,6.18,68.75,9.6,87.5,5.72,87.0,2.12,80.25,3.96,83.16,18.02,6.25
1355,raw/fullpaper/1355-法学研究-2017-3-唐律中的_余条准此_考辨-刘晓林-吉林大学法学院.pdf,56.25,14.31,79.0,6.6,55.0,7.07,81.75,7.19,73.25,5.36,45.5,7.63,69.38,20.27,9.27
1356,raw/fullpaper/1356-法学研究-2022-4-商标_显著特征_之内涵重释-谢晴川-南开大学法学院.pdf,80.0,1.41,88.0,3.08,86.5,4.97,83.25,3.03,87.75,1.79,79.5,3.64,86.79,11.38,3.45
1357,raw/fullpaper/1357-法学研究-2018-6-商标保护与市场竞争关系之反思与修正-章凯业-清华大学法学院.pdf,79.25,6.61,88.25,4.6,79.0,4.58,86.0,1.73,85.75,2.86,79.5,1.66,85.91,9.45,4.23
1358,raw/fullpaper/1358-法学研究-2023-5-商标法法律事实确定的语境论方法-王太平-华东政法大学知识产权学院.pdf,48.5,18.83,78.5,4.09,75.75,5.12,85.75,1.3,82.75,2.77,63.25,1.3,69.13,13.13,6.42
1359,raw/fullpaper/1359-法学研究-2016-4-善终、凶死与杀人偿命——中国人死刑观念的文化阐释-尚海明-西南政法大学人权研究院讲师.pdf,76.0,3.67,60.0,7.91,70.75,11.58,80.0,2.0,82.25,1.79,66.25,6.65,75.25,20.12,6.47
1360,raw/fullpaper/1360-法学研究-2021-5-嗣后财产灭失、相反行为与遗嘱效力-刘征峰-中南财经政法大学法学院.pdf,83.75,3.03,85.75,3.77,87.0,2.12,81.75,8.01,85.5,1.5,73.25,3.7,87.32,10.62,4.25
1361,raw/fullpaper/1361-法学研究-2015-4-四级两审制的发生和演化-刘忠-上海同济大学法学院.pdf,54.0,24.0,25.5,13.16,45.0,17.68,85.5,0.87,70.25,15.09,69.25,2.59,53.12,20.47,14.12
1362,raw/fullpaper/1362-法学研究-2022-1-回归法律规范_刑事值班律师制度适用问题再反思-贾志强-吉林大学法学院.pdf,74.25,8.44,72.75,7.46,53.25,23.32,86.75,3.42,87.75,2.68,78.5,3.91,76.13,14.47,9.45
1363,raw/fullpaper/1363-法学研究-2022-1-因果关系错误问题及其应对——以行为危险现实化说的再阐释为中心-黎宏-清华大学法学院.pdf,80.5,3.64,87.5,0.87,84.25,1.3,86.75,5.8,86.0,3.67,63.0,12.43,87.28,14.47,5.33
1364,raw/fullpaper/1364-法学研究-2023-1-因果力比较规则的刑法理论构造-蒋太珂-华东政法大学刑事法学院.pdf,79.75,4.82,84.25,2.86,84.75,4.32,86.75,1.3,85.75,1.3,78.5,3.5,86.34,9.47,3.48
1365,raw/fullpaper/1365-法学研究-2016-5-国体的起源、构造和选择_中西暗合与差异-佀化强-重庆大学.pdf,54.75,22.33,83.0,2.12,84.5,9.63,80.5,1.66,79.25,2.95,46.25,9.6,74.71,17.35,9.28
1366,raw/fullpaper/1366-法学研究-2018-4-国家在国际造法进程中的角色与功能——以国际海洋法的形成与运作为例-罗欢欣-中国社会科学院国际法研究所.pdf,38.0,15.64,72.75,8.17,40.0,8.66,75.75,5.12,76.25,3.03,55.0,7.07,55.41,20.25,9.18
1367,raw/fullpaper/1367-法学研究-2015-3-国家安全视角下的航行自由-袁发强-华东政法大学国际法学院.pdf,57.5,16.45,81.75,5.67,41.25,2.17,74.5,2.87,78.5,3.5,78.75,2.59,64.34,12.48,6.4
1368,raw/fullpaper/1368-法学研究-2016-4-国家所有权遁入私法_路径与实质-张力-西南政法大学民商法学院教授.pdf,67.5,14.92,88.75,2.59,70.75,10.21,85.75,5.12,85.5,1.8,83.75,1.3,82.37,12.68,6.92
1369,raw/fullpaper/1369-法学研究-2023-3-国家治理视野下多元解纷机制的调整与重塑-顾培东-中南财经政法大学.pdf,78.5,5.22,67.5,7.12,67.75,8.38,80.5,4.33,77.5,2.87,78.75,4.66,77.49,17.27,6.27
1370,raw/fullpaper/1370-法学研究-2018-4-国家监察体制改革后检察制度的巩固与发展-朱孝清-中国法学会.pdf,63.75,7.36,74.25,2.49,43.5,5.55,77.75,1.79,74.25,3.77,74.75,7.79,65.94,17.62,5.53
1371,raw/fullpaper/1371-法学研究-2022-5-国有企业海外投资跨境补贴的规制-徐昕-上海对外经贸大学.pdf,67.0,14.65,71.25,4.32,75.0,7.55,86.5,2.6,70.75,16.84,78.75,4.66,75.0,17.6,9.73
1372,raw/fullpaper/1372-法学研究-2024-6-国有企业特殊对待与市场主体平等保护的规范势差及其限缩-张力-西南政法大学民商法学院.pdf,66.0,11.55,67.5,7.63,80.25,5.67,86.0,4.69,85.75,3.77,77.25,5.54,76.57,16.73,7.47
1373,raw/fullpaper/1373-法学研究-2018-6-国有自然资源资产产权行使机制的完善-程雪阳-苏州大学王健法学院.pdf,81.0,4.64,81.5,3.57,79.75,4.92,85.75,1.3,84.25,3.77,79.5,3.64,85.01,13.88,4.2
1374,raw/fullpaper/1374-法学研究-2023-6-国际惯例适用规则的立法范式研究——以我国司法实践为出发点-何其生-北京大学法学院.pdf,64.25,11.69,76.25,4.38,58.25,19.54,86.0,4.69,78.0,5.79,72.0,9.97,74.13,17.57,10.8
1375,raw/fullpaper/1375-法学研究-2015-2-国际法院解释领土条约的路径、方法及其拓展-张卫彬-安徽财经大学法学院.pdf,77.0,8.03,83.75,3.63,54.25,2.49,83.0,3.61,78.75,2.59,75.0,7.07,78.99,14.68,5.3
1376,raw/fullpaper/1376-法学研究-2017-1-国际私法与民法典的分与合-宋晓-南京大学法学院.pdf,75.5,8.17,77.25,6.06,50.0,14.65,86.5,2.6,84.25,1.3,82.75,1.3,79.0,12.82,6.55
1377,raw/fullpaper/1377-法学研究-2021-1-国际税收协定解释的困境及其纾解-崔晓静-武汉大学国际法研究所.pdf,63.25,16.45,81.0,3.67,56.0,2.12,77.5,2.87,84.0,4.24,79.5,2.06,72.5,13.38,6.03
1378,raw/fullpaper/1378-法学研究-2017-3-土地征收决定不是终裁行为——以行政复议法第30条第2款为中心-熊樟林-东南大学法学院.pdf,71.0,20.82,77.25,1.92,68.25,6.42,86.5,2.6,84.25,3.77,54.25,6.06,77.63,12.75,7.98
1379,raw/fullpaper/1379-法学研究-2015-4-地方各级人民法院宪法地位的规范分析-王建学-厦门大学法学院.pdf,76.0,14.09,82.5,6.18,78.75,5.54,90.0,3.08,82.5,2.87,80.5,1.66,86.31,19.82,6.43
1380,raw/fullpaper/1380-法学研究-2022-1-地方性法规设定行政处罚的空间-王克稳-苏州大学王健法学院、公法研究中心.pdf,79.0,3.67,80.25,1.79,66.75,12.62,84.25,2.49,85.75,1.3,80.5,0.87,83.37,12.42,4.38
1381,raw/fullpaper/1381-法学研究-2017-5-地方预算参与的法治进路-陈治-西南政法大学经济法学院.pdf,52.0,17.45,58.5,22.24,63.5,11.06,75.0,2.12,83.0,5.43,81.0,4.12,65.97,18.58,12.02
1382,raw/fullpaper/1382-法学研究-2015-1-城市化与法治化_城市化的法律治理——农业转移人口公民化与城市治理秩序重建-马长山-华东政法大学.pdf,51.75,13.66,41.25,23.28,48.75,6.5,71.25,2.59,77.5,2.87,65.75,4.92,53.34,21.12,10.37
1383,raw/fullpaper/1383-法学研究-2015-1-城市化升级转型中的社会保障与社会法-魏建国-黑龙江大学法学院.pdf,36.25,2.17,66.5,13.5,40.0,5.0,71.75,4.09,75.75,6.06,57.5,2.87,52.38,13.75,6.48
1384,raw/fullpaper/1384-法学研究-2015-1-城市空间利益的正当分配——从规划行政许可侵犯相邻权益案切入-陈越峰-华东政法大学.pdf,87.5,2.87,81.5,3.84,67.25,14.86,84.75,4.09,84.5,4.27,78.75,2.59,84.87,15.28,6.25
1385,raw/fullpaper/1385-法学研究-2018-3-城市高密度区域的犯罪吸引机制-单勇-南京大学法学院.pdf,45.75,16.41,76.25,4.76,72.5,7.63,75.5,4.33,74.0,5.34,82.5,2.87,64.65,16.3,7.95
1386,raw/fullpaper/1386-法学研究-2015-1-城镇规划区违建执法困境及其解释——国家能力的视角-陈柏峰-中南财经政法大学法学院.pdf,45.75,18.74,64.25,12.21,45.75,7.19,84.0,3.67,80.5,5.68,52.0,4.95,59.1,18.08,10.08
1387,raw/fullpaper/1387-法学研究-2021-3-域外管辖的体系构造_立法管辖与司法管辖之界分-宋晓-南京大学法学院.pdf,84.0,1.22,86.25,3.03,85.5,7.92,88.5,0.87,89.5,0.87,74.5,0.87,88.85,7.9,2.83
1388,raw/fullpaper/1388-法学研究-2022-6-基于中国式扶贫实践的给付行政法治创新-解志勇-中国政法大学比较法学研究院.pdf,49.25,19.07,70.5,9.91,65.0,10.22,86.25,3.03,80.25,7.63,78.5,0.87,65.74,19.3,9.75
1389,raw/fullpaper/1389-法学研究-2022-1-基于价格影响的期货市场操纵规制理论_反思与重构-钟维-中国人民大学民商事法律科学研究中心.pdf,75.75,14.89,76.0,2.12,86.5,1.5,84.0,1.22,81.0,1.73,62.5,13.16,82.65,11.77,6.65
1390,raw/fullpaper/1390-法学研究-2021-5-基于决定关系的证据客观性_概念、功能与理论定位-徐舒浩-中国人民大学法学院.pdf,88.5,2.18,85.25,2.95,83.0,6.28,87.5,1.5,87.25,1.3,71.5,0.87,89.53,11.83,2.9
1391,raw/fullpaper/1391-法学研究-2021-1-基于合意解除合同的规范构造-姚明斌-华东政法大学.pdf,70.75,20.84,85.75,6.26,76.75,16.99,87.0,2.12,83.25,6.61,68.0,4.95,82.16,14.52,11.1
1392,raw/fullpaper/1392-法学研究-2019-2-基于数据主权的国家刑事取证管辖模式-梁坤-西南政法大学刑事侦查学院(国家安全学院).pdf,82.75,2.77,80.25,2.86,72.0,2.83,84.0,2.92,79.75,5.21,82.5,2.87,85.56,13.33,3.75
1393,raw/fullpaper/1393-法学研究-2016-6-基于法官集体经验的量刑预测研究-白建军-北京大学法学院教授.pdf,61.25,16.9,51.0,21.64,78.75,10.92,86.5,1.5,83.25,3.03,83.5,2.06,72.87,17.13,10.78
1394,raw/fullpaper/1394-法学研究-2025-3-基层多元解纷机制的结构转型与模式分化-于龙刚-中南财经政法大学法学院.pdf,37.5,10.31,75.0,8.34,78.25,4.92,86.25,1.3,76.75,8.23,79.25,2.59,64.99,11.87,6.87
1395,raw/fullpaper/1395-法学研究-2017-1-基层法院审判委员会压力案件决策的实证研究-王伦刚-西南财经大学法学院.pdf,62.0,19.07,68.75,9.6,76.75,4.92,85.0,5.39,76.0,4.69,76.75,3.7,74.6,16.47,9.12
1396,raw/fullpaper/1396-法学研究-2020-3-基层法院的执行生态与非均衡执行-于龙刚-中南财经政法大学.pdf,36.75,9.04,63.75,5.45,59.25,14.62,83.25,1.3,83.25,3.7,53.5,6.1,58.01,11.82,7.73
1397,raw/fullpaper/1397-法学研究-2025-1-基本权利保护义务关系结构的型变-李海平-吉林大学法学院.pdf,84.25,5.4,81.25,11.26,80.0,3.81,85.0,2.12,85.0,2.12,78.25,5.12,85.97,14.33,5.72
1398,raw/fullpaper/1398-法学研究-2020-5-基本权利保护范围的界定-王锴-北京航空航天大学法学院.pdf,71.25,19.28,85.0,2.12,75.75,5.12,86.75,2.95,82.75,6.3,47.5,3.28,80.93,12.18,7.52
1399,raw/fullpaper/1399-法学研究-2021-6-基本权利冲突及其解决思路-王锴-北京航空航天大学法学院.pdf,82.0,3.74,86.5,1.5,77.75,5.85,88.5,0.87,84.5,0.5,63.75,5.45,86.84,12.08,3.45
1400,raw/fullpaper/1400-法学研究-2025-2-基本权利功能视野下平台经济不正当竞争认定范式重塑-张占江-浙江大学光华法学院.pdf,84.25,1.3,80.75,4.38,88.25,3.49,87.0,5.39,86.0,1.22,76.25,3.49,87.78,12.8,3.7
1401,raw/fullpaper/1401-法学研究-2015-5-基本权利的功能体系与行政法治的进路-郑春燕-浙江大学光华法学院.pdf,86.75,4.92,85.25,1.64,80.5,5.72,86.25,5.4,88.0,3.08,75.0,3.0,88.18,12.48,4.58
1402,raw/fullpaper/1402-法学研究-2021-4-基本权利的国家保护_从客观价值到主观权利-李海平-吉林大学理论法学研究中心.pdf,87.5,2.87,89.5,0.87,70.5,7.12,87.0,2.12,83.5,3.2,82.25,1.79,89.85,14.77,3.45
1403,raw/fullpaper/1403-法学研究-2025-3-基本权利私人效力的民法审视-杜强强-首都师范大学政法学院.pdf,83.25,4.92,69.5,14.4,72.75,6.06,88.0,1.87,86.75,3.11,72.25,4.38,82.28,14.23,6.7
1404,raw/fullpaper/1404-法学研究-2021-6-基本行政法典的确立、定位与架构-杨伟东-中国政法大学法治政府研究院.pdf,57.75,18.9,86.0,3.67,64.25,19.98,90.0,3.08,84.0,1.22,70.25,2.86,76.13,16.67,9.57
1405,raw/fullpaper/1405-法学研究-2020-4-增值税中性原则与民事制度-班天可-复旦大学法学院.pdf,74.0,21.39,76.25,9.71,82.75,3.11,85.5,0.5,86.0,1.22,81.0,1.0,83.78,17.73,7.12
1406,raw/fullpaper/1406-法学研究-2024-3-备案审查的国家治理功能-王理万-中国政法大学人权研究院.pdf,51.0,13.36,47.0,20.58,42.75,5.54,86.5,1.5,81.25,4.15,65.75,8.44,56.96,16.9,10.3
1407,raw/fullpaper/1407-法学研究-2022-4-外国版权客体在本国的保护-阮开欣-华东政法大学知识产权学院.pdf,78.0,10.46,76.25,3.03,79.0,5.74,84.75,4.09,86.0,1.22,80.0,3.54,84.35,12.33,5.4
1408,raw/fullpaper/1408-法学研究-2015-6-多元一统的政治宪法结构——政治宪法学理论基础的反思与重建-张龑-中国人民大学法学院.pdf,71.75,9.44,87.0,2.12,70.0,5.83,88.5,3.5,70.75,15.02,77.75,2.68,75.0,13.2,7.4
1409,raw/fullpaper/1409-法学研究-2019-2-多数人之债的类型建构-李中原-苏州大学王健法学院.pdf,80.75,2.59,83.5,4.97,71.5,9.6,79.75,3.03,87.0,3.0,80.0,1.41,84.53,10.22,4.73
1410,raw/fullpaper/1410-法学研究-2019-5-大数据有限排他权的基础理论-崔国斌-清华大学法学院.pdf,73.0,16.26,80.75,4.38,80.75,6.22,88.75,0.83,85.75,1.3,78.25,2.49,82.9,11.07,6.08
1411,raw/fullpaper/1411-法学研究-2015-1-大清刑律草案签注考论-高汉成-中国社会科学院法学研究所.pdf,56.25,14.74,77.5,12.99,43.5,7.26,79.0,4.36,73.75,7.01,68.25,8.17,64.35,17.43,10.48
1412,raw/fullpaper/1412-法学研究-2023-4-夫妻债务的清偿顺序-叶名怡-上海财经大学法学院.pdf,81.75,4.92,86.5,1.5,86.5,1.5,89.0,1.73,91.0,1.0,74.25,2.49,88.41,8.78,2.53
1413,raw/fullpaper/1413-法学研究-2017-4-夫妻共同财产的潜在共有-龙俊-清华大学法学院.pdf,77.5,8.29,78.0,7.04,85.0,4.64,85.5,2.29,79.75,5.21,77.75,3.34,83.82,14.88,5.93
1414,raw/fullpaper/1414-法学研究-2017-4-夫妻财产制与财产法规则的冲突与协调-裴桦-大连海事大学法学院.pdf,55.0,12.25,62.5,5.72,70.5,10.59,85.5,4.33,84.5,3.91,79.5,3.64,69.68,15.83,7.77
1415,raw/fullpaper/1415-法学研究-2017-3-委托合同任意解除的损害赔偿-周江洪-浙江大学光华法学院.pdf,73.25,16.56,69.0,19.84,75.75,6.42,82.5,3.64,78.5,5.22,77.75,1.79,77.87,18.95,10.28
1416,raw/fullpaper/1416-法学研究-2017-4-婚姻家庭立法的同一性原理-以婚姻家庭理念、形态与财产法律结构为中心-金眉-中国政法大学.pdf,44.5,6.58,58.5,10.71,38.75,8.2,81.25,6.06,75.0,10.22,69.5,3.64,55.43,14.63,8.75
1417,raw/fullpaper/1417-法学研究-2019-4-婚姻缔结行为的效力瑕疵--兼评民法典婚姻家庭编草案的相关规定-李昊-北京航空航天大学人文与社会科学高等研究院暨法学院.pdf,69.75,17.41,83.75,4.15,85.25,4.09,83.25,1.3,85.0,2.12,72.75,3.96,81.96,13.07,6.35
1418,raw/fullpaper/1418-法学研究-2018-2-存款货币的权利归属与返还请求权——反思民法上货币_占有即所有_法则的司法运用-朱晓喆-上海财经大学法学院.pdf,77.5,7.63,85.75,1.3,86.25,3.03,81.5,3.5,90.0,2.0,63.25,4.66,84.93,8.8,4.25
1419,raw/fullpaper/1419-法学研究-2024-3-存疑有利于被告原则的刑法适用规则-周光权-清华大学法学院.pdf,78.25,6.02,82.0,5.79,78.0,7.07,83.25,3.03,82.5,2.87,68.0,5.87,83.26,17.15,5.9
1420,raw/fullpaper/1420-法学研究-2015-3-孝道_中国传统法律的核心价值-龙大轩-西南政法大学.pdf,23.25,13.29,30.0,16.58,51.25,12.93,78.25,4.6,55.75,8.17,73.0,2.12,42.72,18.63,11.07
1421,raw/fullpaper/1421-法学研究-2019-3-宅基地使用权的制度困局与破解之维-陈小君-广东外语外贸大学土地法制研究院.pdf,75.5,10.62,81.5,2.18,73.5,6.1,86.75,3.7,87.0,2.92,79.5,4.39,82.21,13.92,5.77
1422,raw/fullpaper/1422-法学研究-2019-6-宅基地立法政策与宅基地使用权制度改革-韩松-西北政法大学民商法学院.pdf,77.5,4.82,69.5,14.26,76.75,9.31,83.75,3.63,78.25,6.42,75.75,3.77,79.96,19.22,8.13
1423,raw/fullpaper/1423-法学研究-2024-4-安全保障义务人侵权补充责任的理论反思-吴越-上海交通大学凯原法学院.pdf,73.5,18.23,84.75,1.64,78.0,3.46,89.25,2.95,85.0,0.71,70.5,3.64,83.65,12.93,5.88
1424,raw/fullpaper/1424-法学研究-2024-2-安全竞争格局下的基层执法及其生态优化-邓豪-中南财经政法大学法学院.pdf,51.0,21.0,57.75,18.93,59.0,12.19,84.75,5.07,74.25,7.5,62.75,2.86,64.94,18.03,13.02
1425,raw/fullpaper/1425-法学研究-2021-4-宋代故事_一种遵循先例制度的考察-张德美-中国政法大学法学院.pdf,45.5,8.26,84.25,7.36,75.75,9.31,83.0,3.32,78.75,2.59,51.25,4.15,68.78,15.28,6.73
1426,raw/fullpaper/1426-法学研究-2016-4-完善认罪认罚从宽制度_中国语境下的关键词展开-魏晓娜-中国人民大学刑事法律科学研究中心副教授.pdf,40.0,11.18,71.25,2.59,64.0,21.68,86.0,4.69,83.25,3.7,82.5,2.5,62.41,16.55,8.92
1427,raw/fullpaper/1427-法学研究-2024-5-实体导向的必要共同诉讼_模式转换与制度重塑-任重-清华大学法学院.pdf,76.25,15.3,86.5,2.06,87.0,2.12,88.0,3.74,88.5,3.5,82.0,1.22,88.32,9.07,5.37
1428,raw/fullpaper/1428-法学研究-2025-2-实体性查封优先权的理论证成及体系展开-马强伟-上海财经大学法学院.pdf,85.25,0.43,89.5,1.66,88.0,3.74,90.0,2.0,90.5,1.66,82.5,1.8,92.85,7.77,2.17
1429,raw/fullpaper/1429-法学研究-2018-2-实用艺术作品在著作权法上之独立性-冯晓青-中国政法大学民商经济法学院.pdf,74.75,8.35,82.75,3.96,81.25,6.06,81.75,2.49,87.0,1.22,77.0,2.12,82.43,12.7,4.65
1430,raw/fullpaper/1430-法学研究-2017-5-审判中心论的话语体系分歧及其解决-樊传明-华东师范大学法学院.pdf,64.0,16.9,78.75,2.59,63.75,4.15,82.0,3.08,82.5,2.87,78.75,4.15,74.66,14.6,6.5
1431,raw/fullpaper/1431-法学研究-2016-3-审判委员会运行状况的实证研究-左卫民-四川大学法学院.pdf,68.25,7.5,58.75,25.43,45.0,3.54,78.25,2.49,80.0,1.41,78.25,2.49,64.26,16.9,8.27
1432,raw/fullpaper/1432-法学研究-2024-5-审判管理的运行体系和制度逻辑-樊传明-上海交通大学凯原法学院.pdf,82.5,3.28,62.0,27.27,63.25,11.99,84.25,3.77,83.5,1.5,84.5,2.87,79.69,18.42,9.73
1433,raw/fullpaper/1433-法学研究-2024-4-宪法上代表理论的体系建构及逻辑展开-王旭-中国人民大学法学院.pdf,58.25,15.2,86.0,1.22,80.0,4.69,85.0,0.0,74.75,4.32,54.0,25.42,75.0,19.35,9.78
1434,raw/fullpaper/1434-法学研究-2016-1-宪法上的尊严理论及其体系化-王旭-中国人民大学法学院.pdf,73.5,6.1,86.75,5.07,74.5,8.29,86.0,4.06,84.0,3.67,72.75,3.11,82.74,16.03,5.83
1435,raw/fullpaper/1435-法学研究-2021-4-宪法中的禁止保护不足原则——兼与比例原则对比论证-陈征-中国政法大学法学院.pdf,79.75,12.62,84.5,4.27,85.0,0.0,86.5,1.5,87.25,1.3,71.0,9.25,86.38,12.85,5.57
1436,raw/fullpaper/1436-法学研究-2022-2-宪法功能转型的社会机理与中国模式-李忠夏-中国人民大学法学院.pdf,64.25,16.93,83.5,2.96,75.5,5.77,73.25,4.92,82.5,2.87,71.0,1.73,75.88,16.6,6.78
1437,raw/fullpaper/1437-法学研究-2015-6-宪法教义学反思_一个社会系统理论的视角-李.忠夏-山东大学法学院.pdf,69.5,17.41,84.0,1.22,67.75,7.36,80.0,2.45,84.0,1.22,69.25,2.59,78.07,15.13,6.2
1438,raw/fullpaper/1438-法学研究-2024-5-宪法相关规定直接实施工作机制的法理内涵与实践展开-莫纪宏-中国社会科学院法学研究所.pdf,35.0,3.54,52.0,27.92,53.0,2.12,79.5,2.6,66.75,6.46,76.25,5.45,52.65,15.58,9.25
1439,raw/fullpaper/1439-法学研究-2024-1-宪法通信权双重保护论-屠振宇-南开大学法学院.pdf,85.0,2.12,82.75,1.92,80.5,5.17,88.75,2.59,88.25,1.09,72.5,3.28,87.56,12.33,3.12
1440,raw/fullpaper/1440-法学研究-2025-3-家事司法运作的实质主义逻辑及其应然面向-李拥军-吉林大学法学院.pdf,54.25,11.03,66.0,14.61,52.5,3.28,83.5,2.96,82.25,1.79,75.0,2.12,66.59,13.78,6.88
1441,raw/fullpaper/1441-法学研究-2024-1-家庭关系民法适用和续造的顺序-刘征峰-中南财经政法大学法学院.pdf,83.25,3.42,70.75,26.44,75.0,11.81,88.25,0.43,86.25,1.09,79.5,7.53,83.03,16.03,9.75
1442,raw/fullpaper/1442-法学研究-2025-1-家庭双轴结构中的财产分配体系-冉克平-武汉大学法学院.pdf,73.75,7.29,81.25,2.59,79.5,9.63,85.5,5.17,87.5,0.87,68.25,2.05,82.29,11.25,5.32
1443,raw/fullpaper/1443-法学研究-2017-4-家庭法与民法知识谱系的分立-刘征峰-中南财经政法大学.pdf,58.5,11.61,87.5,2.87,48.75,13.66,80.5,4.33,61.5,25.14,54.75,7.33,68.78,18.57,12.5
1444,raw/fullpaper/1444-法学研究-2021-2-对中国系统论宪法学的反思-陈运生-江西财经大学法学院.pdf,62.5,14.6,79.25,0.83,42.0,4.95,81.0,1.73,78.25,2.05,40.0,11.18,67.18,12.62,6.82
1445,raw/fullpaper/1445-法学研究-2018-5-对待给付风险负担的基本原则及其突破-刘洋-上海财经大学法学院.pdf,87.0,2.12,72.0,17.32,86.5,4.97,86.75,3.42,88.75,2.59,81.0,1.0,88.32,12.62,6.03
1446,raw/fullpaper/1446-法学研究-2015-1-导致物权变动之法院判决类型-房绍坤-烟台大学法学院.pdf,65.5,15.19,81.75,4.09,85.5,7.92,83.5,3.2,85.25,0.43,62.0,5.87,80.09,15.5,7.05
1447,raw/fullpaper/1447-法学研究-2025-3-将有财产担保效力的破产阻断-张静-中南财经政法大学法学院.pdf,78.5,11.84,86.0,1.22,83.25,7.85,87.25,1.3,86.75,1.3,77.25,1.3,86.16,9.38,4.78
1448,raw/fullpaper/1448-法学研究-2022-6-履行行政职责的作为可能性-林鸿潮-中国政法大学法治政府研究院.pdf,89.5,1.66,76.75,1.3,86.25,3.03,93.0,2.12,85.25,0.43,77.0,3.0,89.75,8.13,2.22
1449,raw/fullpaper/1449-法学研究-2019-4-工伤认定一般条款的建构路径-郑晓珊-暨南大学法学院.pdf,74.0,12.73,83.25,3.7,81.75,2.49,87.75,2.28,87.0,2.12,80.75,3.27,85.78,10.23,5.12
1450,raw/fullpaper/1450-法学研究-2022-2-已公开个人信息的刑法保护-王华伟-北京大学法学院.pdf,87.25,1.92,86.0,1.22,82.75,3.11,87.25,1.92,89.5,1.12,77.75,5.31,89.16,9.85,2.8
1451,raw/fullpaper/1451-法学研究-2025-2-市场主体平等保护对我国经济宪法的塑造-任喜荣-吉林大学法学院.pdf,60.5,15.76,84.25,3.77,54.5,7.63,84.0,4.24,84.25,4.38,63.25,12.79,73.56,16.23,9.35
1452,raw/fullpaper/1452-法学研究-2024-1-平台形态演变视域下垄断行为的异化与因应-侯利阳-上海交通大学凯原法学院.pdf,69.25,8.32,79.5,2.06,81.5,4.09,84.25,5.12,84.0,3.67,75.0,0.0,80.35,12.12,4.47
1453,raw/fullpaper/1453-法学研究-2024-1-平台扼杀式并购的反垄断悖论-李希梁-清华大学法学院.pdf,78.5,6.84,79.75,2.28,78.25,6.02,88.0,3.08,83.75,1.79,75.25,2.95,83.99,11.07,4.42
1454,raw/fullpaper/1454-法学研究-2021-3-平台监管的新公用事业理论-高薇-北京大学法学院.pdf,59.75,18.39,85.25,0.83,76.5,4.97,84.75,4.09,67.5,24.62,77.75,2.68,75.0,16.78,10.68
1455,raw/fullpaper/1455-法学研究-2020-2-平台经济从业者社会保险法律制度的构建-娄宇-中国政法大学民商经济法学院.pdf,73.75,5.07,79.5,3.35,85.75,2.49,87.0,5.2,77.0,5.43,77.0,3.81,83.34,11.65,4.9
1456,raw/fullpaper/1456-法学研究-2017-1-广播组织权的客体——兼析_以信号为基础的方法-王迁-华东政法大学.pdf,79.5,3.2,76.0,5.34,85.25,9.04,88.5,2.06,83.5,1.5,80.0,3.81,86.81,17.38,4.8
1457,raw/fullpaper/1457-法学研究-2015-5-庭审实质化的路径和方法-龙宗智-四川大学法学院.pdf,36.5,3.84,50.75,12.91,46.25,19.47,88.25,3.63,86.5,1.5,75.75,2.49,53.75,15.98,8.43
1458,raw/fullpaper/1458-法学研究-2017-5-建设用地国有制的逻辑、挑战及变革-徐键-上海财经大学法学院.pdf,86.75,3.7,83.0,3.61,66.0,18.26,80.25,3.03,84.0,3.67,82.25,1.79,85.68,15.83,6.57
1459,raw/fullpaper/1459-法学研究-2016-3-归责视野下共同犯罪的区分制与单一制-何庆仁-中国青年政治学院法学院.pdf,89.0,1.0,75.0,17.32,80.5,6.18,85.5,1.5,85.5,2.87,64.5,4.27,86.38,17.05,6.37
1460,raw/fullpaper/1460-法学研究-2016-2-当代中国司法生态及其改善-顾培东-四川大学法学院.pdf,30.0,9.35,51.75,22.06,56.5,1.5,82.75,1.3,87.25,3.11,72.75,6.06,52.21,13.63,8.35
1461,raw/fullpaper/1461-法学研究-2016-6-当代中国政法体制的形成及意义-侯猛-北京大学法学院副教授.pdf,47.5,9.39,70.75,4.87,42.75,3.96,80.75,6.22,85.25,2.95,81.25,4.15,59.96,13.07,6.07
1462,raw/fullpaper/1462-法学研究-2017-1-当代中国法治共识的形成及法治再启蒙-顾培东-四川大学法学院.pdf,57.0,12.98,83.25,5.8,49.0,8.15,88.5,6.06,76.0,7.52,73.75,3.03,69.18,12.53,8.38
1463,raw/fullpaper/1463-法学研究-2015-5-当代国际私法上的一般性例外条款-陈卫佐-清华大学法学院.pdf,50.0,22.64,59.0,11.45,60.25,12.58,83.25,4.92,81.0,5.61,71.25,4.15,64.75,19.68,11.8
1464,raw/fullpaper/1464-法学研究-2019-1-惩罚性赔偿的行政法反思-赵鹏-中国政法大学法治政府研究院.pdf,74.75,24.12,88.0,3.46,73.0,10.22,88.75,3.27,87.25,1.3,75.75,2.86,83.85,12.9,8.7
1465,raw/fullpaper/1465-法学研究-2021-5-成文法背景下的判例实践——近代中国最高审判机构判例汇编与实效-刘昕杰-四川大学法学院.pdf,38.25,4.09,74.0,3.67,27.0,8.03,78.75,10.08,74.5,2.87,55.0,18.01,54.21,14.55,8.98
1466,raw/fullpaper/1466-法学研究-2020-5-成片开发与土地征收-黄忠-西南政法大学.pdf,70.5,14.08,78.25,2.49,66.5,10.23,91.75,4.09,84.25,1.3,76.5,1.5,79.62,13.8,6.48
1467,raw/fullpaper/1467-法学研究-2015-3-我国侦查权的程序性控制-詹建红-中南财经政法大学法学院.pdf,50.75,6.22,85.0,2.12,80.75,7.66,84.0,1.22,82.0,5.79,76.75,3.42,74.93,13.05,5.07
1468,raw/fullpaper/1468-法学研究-2020-2-我国刑事上诉制度多元化的建构路径——以认罪认罚案件为切入点-牟绿叶-浙江大学光华法学院.pdf,75.75,10.54,76.25,9.71,71.75,18.34,84.0,3.67,86.25,1.09,79.75,1.48,80.1,11.6,8.63
1469,raw/fullpaper/1469-法学研究-2025-2-我国刑事诉讼中的检察院证明责任减轻制度-艾明-西南政法大学刑事检察研究中心.pdf,56.0,10.65,64.25,5.12,63.75,16.86,84.0,2.0,76.5,7.23,79.25,2.95,68.9,15.22,8.62
1470,raw/fullpaper/1470-法学研究-2024-4-我国协调国际平行诉讼的立场与方法——民事诉讼法第281条之体系解读-黄志慧-中南财经政法大学法学院.pdf,82.5,3.57,83.25,3.7,75.0,4.58,86.5,2.06,73.25,25.03,78.25,4.09,75.0,10.97,8.28
1471,raw/fullpaper/1471-法学研究-2017-3-我国司法判决中的宪法援引及其功能——基于已公开判决文书的实证研究-冯健鹏-华南理工大学法学院.pdf,60.5,15.76,80.5,1.66,71.75,4.6,81.25,2.59,82.5,6.18,80.75,2.59,77.07,16.67,6.42
1472,raw/fullpaper/1472-法学研究-2018-4-我国批准_选择法院协议公约_的问题与对策-刘仁山-中南财经政法大学.pdf,48.25,9.04,81.75,5.63,61.25,9.6,82.5,4.56,80.75,2.95,77.5,3.57,66.49,15.08,6.8
1473,raw/fullpaper/1473-法学研究-2022-1-我国民事执行回转理论基础与制度构造的革新-陈刚-广州大学法学院.pdf,66.75,18.95,78.5,9.86,86.25,8.26,83.75,1.79,84.25,0.43,83.25,3.03,81.96,14.05,8.15
1474,raw/fullpaper/1474-法学研究-2020-1-我国民事自认的非约束性及其修正-段文波-西南政法大学.pdf,78.75,6.46,84.5,4.27,88.0,5.83,89.75,2.86,86.25,5.4,67.25,4.97,87.32,10.77,5.72
1475,raw/fullpaper/1475-法学研究-2016-4-我国民法典法人基本类型模式选择-罗昆-武汉大学法学院副教授.pdf,68.75,15.38,85.5,3.57,80.0,5.83,87.5,2.87,82.25,2.68,79.0,1.0,82.09,17.07,6.03
1476,raw/fullpaper/1476-法学研究-2017-5-我国法治政府建设地区差异的定量分析-王敬波-中国政法大学法治政府研究院.pdf,32.25,1.79,49.0,9.92,41.25,6.5,75.75,2.49,76.0,1.22,54.5,5.72,48.01,13.37,5.33
1477,raw/fullpaper/1477-法学研究-2022-6-我国犯罪附随后果制度规范化研究-彭文华-上海政法学院刑事司法学院.pdf,72.5,3.57,79.5,1.66,66.75,4.66,85.5,5.72,80.5,4.15,76.25,5.4,79.19,14.2,4.83
1478,raw/fullpaper/1478-法学研究-2023-1-我国知识产权法院的治理实效与制度逻辑-陈天昊-清华大学公共管理学院.pdf,63.0,20.36,82.0,3.08,80.0,5.83,82.5,3.84,83.0,3.0,82.0,1.22,80.06,12.45,7.18
1479,raw/fullpaper/1479-法学研究-2020-4-我国社区矫正法的历史地位与立法特点-吴宗宪-北京师范大学刑事法律科学研究院.pdf,31.25,2.17,38.25,8.32,41.25,4.15,63.25,4.92,56.75,9.71,58.0,7.35,42.19,16.13,7.05
1480,raw/fullpaper/1480-法学研究-2020-5-我国行政诉讼中的预防性保护-罗智敏-中国政法大学法学院.pdf,65.25,10.71,81.0,2.24,70.25,12.5,81.25,2.59,85.25,2.17,73.25,6.06,76.6,15.8,6.98
1481,raw/fullpaper/1481-法学研究-2025-1-我国证券虚假陈述侵权责任规范模式之重构-邢会强-中央财经大学法学院.pdf,83.0,2.92,87.5,3.28,84.25,2.49,88.0,3.74,84.25,2.49,80.5,1.66,90.46,11.42,3.2
1482,raw/fullpaper/1482-法学研究-2016-1-我国集体土地征收制度的构建-王克稳-苏州大学王健法学院、东吴公法与比较法研究所.pdf,71.5,7.79,56.0,19.2,59.5,13.87,86.25,6.65,83.25,2.38,74.5,5.77,72.21,21.37,10.73
1483,raw/fullpaper/1483-法学研究-2016-5-所指确定与法律解释——一种适用于一般法律词项的指称理论-陈坤-山东大学法学院.pdf,75.75,16.16,67.0,30.32,77.0,3.0,82.5,2.87,81.75,2.49,57.25,10.5,77.5,19.28,12.58
1484,raw/fullpaper/1484-法学研究-2020-4-托底型回购合同的风险转嫁机理-王文胜-湖南大学法学院.pdf,72.0,10.42,69.25,8.93,87.5,2.87,89.0,1.73,87.75,1.79,66.75,7.69,81.09,12.03,6.43
1485,raw/fullpaper/1485-法学研究-2019-1-执法能力的损耗与重建——以基层食药监执法为经验样本-刘杨-中南财经政法大学法学院.pdf,38.75,11.39,71.5,2.96,69.75,2.86,89.25,2.59,75.0,5.2,36.25,2.17,63.81,12.75,5.22
1486,raw/fullpaper/1486-法学研究-2024-3-扩用无因管理相反请求权研究-李中原-苏州大学王健法学院.pdf,78.5,8.38,85.25,1.92,84.25,3.77,86.0,2.45,82.25,7.15,82.5,1.8,87.87,11.53,4.9
1487,raw/fullpaper/1487-法学研究-2022-6-技术从属性下雇主的算法权力与法律规制-田思路-华东政法大学经济法学院.pdf,71.0,7.55,83.75,1.3,72.0,4.3,82.5,2.87,80.75,2.95,73.75,1.3,79.88,12.0,3.9
1488,raw/fullpaper/1488-法学研究-2018-5-技术侦查证据使用问题研究-程雷-中国人民大学刑事法律科学研究中心.pdf,69.5,7.3,66.0,16.67,79.25,6.22,83.25,3.7,81.25,2.59,79.5,1.66,76.63,16.73,7.35
1489,raw/fullpaper/1489-法学研究-2022-3-技术标准之许可定价规则的_非国家化_——以可比许可法为中心-马一德-中国科学院大学.pdf,62.5,14.17,73.0,7.0,81.5,2.96,89.25,4.21,82.75,3.96,58.25,10.92,76.62,15.98,8.33
1490,raw/fullpaper/1490-法学研究-2023-5-报偿赠与论-刘勇-南京大学法学院.pdf,70.0,23.49,85.5,3.57,86.75,6.06,86.25,4.82,86.25,1.3,71.5,3.84,83.43,14.75,8.28
1491,raw/fullpaper/1491-法学研究-2018-1-抵押权时效问题的民法表达-邹海林-中国社会科学院法学研究所.pdf,66.0,16.31,88.25,2.49,54.5,12.58,81.5,4.09,64.75,20.09,79.5,3.64,75.0,19.28,11.38
1492,raw/fullpaper/1492-法学研究-2022-2-抵销预期的发现及其价值———以保证金的破产抵销为线索-娄爱华-苏州大学王健法学院.pdf,80.25,7.22,85.75,2.49,84.25,2.49,89.0,1.0,89.5,0.87,74.0,4.24,87.31,7.42,3.53
1493,raw/fullpaper/1493-法学研究-2021-5-抽逃出资规则及公司分配制度的系统性改造-王军-中国政法大学.pdf,86.25,2.17,91.25,3.7,82.5,7.92,90.0,1.41,87.75,1.79,84.25,1.3,92.65,11.93,3.52
1494,raw/fullpaper/1494-法学研究-2016-2-担保物权实现的程序标的_实践、识别与制度化-任重-清华大学法学院.pdf,68.75,28.15,83.25,3.03,84.0,3.67,87.5,2.5,86.25,3.63,80.0,1.41,84.26,14.23,8.15
1495,raw/fullpaper/1495-法学研究-2023-3-拼图抑或印证_中国刑事法官事实认定的实践检视-左卫民-四川大学法学院.pdf,59.25,17.8,76.75,1.3,61.25,10.33,80.0,1.41,80.0,3.08,59.25,4.38,70.6,17.27,7.37
1496,raw/fullpaper/1496-法学研究-2018-2-探索激励相容的个人数据治理之道——中国个人信息保护法的立法方向-周汉华-中国社会科学院法学研究所.pdf,62.0,19.09,82.75,2.77,61.0,12.69,82.0,2.55,84.25,1.3,77.75,1.79,74.41,16.22,7.73
1497,raw/fullpaper/1497-法学研究-2016-1-援引法定刑的刑法解释——以马乐利用未公开信息交易案为例-孙谦-最高人民检察院.pdf,64.0,10.95,50.5,21.41,58.5,11.61,87.25,5.07,80.0,10.46,62.5,7.63,68.32,22.1,12.92
1498,raw/fullpaper/1498-法学研究-2020-1-支持理论下民事诉讼当事人法律意识的实证研究-冯晶-西南政法大学法学院.pdf,72.75,5.54,82.75,3.11,82.5,6.18,79.0,4.12,80.5,1.66,74.25,1.09,81.29,12.47,4.18
1499,raw/fullpaper/1499-法学研究-2015-5-支持起诉原则的法理及实践意义再认识-陈刚-华东政法大学外国法与比较法研究院.pdf,60.75,8.29,77.25,4.97,41.5,0.87,78.25,2.49,80.0,1.41,79.25,2.95,65.35,10.37,4.03
1500,raw/fullpaper/1500-法学研究-2020-6-收养法的社会化_从亲子法转向儿童法-邓丽-中国社会科学院法学研究所.pdf,67.25,11.65,83.75,4.38,65.75,14.18,84.0,3.67,86.0,1.22,81.5,0.87,79.81,15.17,6.93
1501,raw/fullpaper/1501-法学研究-2022-2-改革型地方立法变通机制的反思与重构-王建学-天津大学法学院.pdf,82.75,7.46,83.5,1.5,85.0,0.0,91.25,2.59,88.25,2.49,84.25,1.3,90.32,8.1,2.95
1502,raw/fullpaper/1502-法学研究-2020-1-故意伤害案件中赔偿影响量刑的机制-高通-南开大学法学院.pdf,77.5,4.82,75.25,4.55,76.25,3.03,85.25,4.55,85.0,3.0,77.5,4.82,81.57,13.67,4.8
1503,raw/fullpaper/1503-法学研究-2017-5-故意杀人罪死刑裁量机制的实证研究-王越-北京大学法学院.pdf,74.25,4.6,84.25,7.36,80.75,5.85,85.5,4.33,87.75,2.28,84.5,2.87,85.4,13.15,5.25
1504,raw/fullpaper/1504-法学研究-2023-2-数字人权规范构造的体系化展开-高一飞-浙江工商大学法学院.pdf,36.75,9.83,78.0,4.95,84.0,9.3,81.75,2.86,86.25,3.63,67.25,4.44,65.38,12.0,6.73
1505,raw/fullpaper/1505-法学研究-2023-4-数字公民的身份确认及权利保障-马长山-华东政法大学.pdf,35.5,1.5,64.25,22.9,50.0,10.61,82.0,4.24,73.25,4.92,72.0,4.95,55.76,15.38,9.43
1506,raw/fullpaper/1506-法学研究-2023-5-数字平台管制_公共性理论的反思与经济管制的适用-李剑-上海交通大学凯原法学院.pdf,68.0,24.97,79.25,11.48,59.0,17.92,86.25,3.42,88.0,3.32,71.25,4.15,76.35,18.17,12.55
1507,raw/fullpaper/1507-法学研究-2023-5-数字时代保护作品完整权的功能更代及存废思考-易玲-中南大学法学院.pdf,74.0,4.69,81.25,1.92,53.0,12.23,75.0,0.0,83.5,3.84,69.5,3.64,75.24,15.98,5.05
1508,raw/fullpaper/1508-法学研究-2023-1-数字时代的技术性正当程序_理论检视与制度构建-苏宇-中国人民公安大学法学院.pdf,57.75,16.5,78.25,2.49,71.5,7.79,82.5,3.57,85.0,2.12,82.0,3.08,75.82,14.03,6.85
1509,raw/fullpaper/1509-法学研究-2021-5-数字时代的身份构建及其法律保障_以个人信息保护为中心的思考-陆青-浙江大学光华法学院.pdf,78.25,8.17,62.5,29.2,78.75,4.66,89.0,1.73,80.5,12.99,79.5,1.66,80.16,19.03,11.23
1510,raw/fullpaper/1510-法学研究-2023-5-数字私力救济——基于远程控制网联物的权利实现-王琦-北京航空航天大学法学院.pdf,84.0,5.34,88.5,2.18,87.0,4.06,88.0,2.12,88.75,0.83,83.0,2.12,91.53,11.0,3.2
1511,raw/fullpaper/1511-法学研究-2022-4-数字经济视域下包容审慎监管的法治逻辑-刘权-中央财经大学法学院.pdf,46.25,3.03,66.25,7.36,55.75,3.77,81.5,2.5,75.5,9.1,64.25,7.01,60.93,14.78,6.3
1512,raw/fullpaper/1512-法学研究-2024-5-数字证据及其阶梯式分类审查机制-郑飞-北京交通大学法学院.pdf,45.5,23.2,72.5,10.04,81.25,3.27,84.75,4.97,73.5,8.99,81.5,2.29,67.4,17.47,10.15
1513,raw/fullpaper/1513-法学研究-2023-3-数据产权的法律表达-刘文杰-中国政法大学比较法学研究院.pdf,71.25,9.83,73.25,10.66,82.5,6.18,87.5,2.87,87.75,1.48,62.0,4.95,80.53,14.45,6.92
1514,raw/fullpaper/1514-法学研究-2023-4-数据何以确权-王利明-中国人民大学法学院.pdf,69.75,5.76,81.25,5.54,70.5,6.18,87.5,2.06,77.75,7.89,68.0,7.71,79.76,16.47,6.77
1515,raw/fullpaper/1515-法学研究-2023-2-数据公平利用的法理反思与制度重构-丁晓东-中国人民大学法学院.pdf,84.5,1.5,84.5,1.5,73.0,3.0,89.25,2.95,86.75,1.09,72.0,4.95,86.59,13.32,2.88
1516,raw/fullpaper/1516-法学研究-2018-6-数据的私法定位与保护-纪海龙-华东师范大学法学院.pdf,80.0,6.0,86.75,1.3,78.25,2.05,84.25,6.06,85.75,1.92,80.0,1.41,87.28,9.18,3.6
1517,raw/fullpaper/1517-法学研究-2023-2-数据确权的误区-周汉华-中国社会科学院法学研究所.pdf,68.25,18.28,83.5,1.12,62.5,16.01,86.75,3.42,87.75,1.79,80.5,5.17,80.18,16.02,8.82
1518,raw/fullpaper/1518-法学研究-2023-3-数据确权_理路、方法与经济意义-熊丙万-中国人民大学民商事法律科学研究中心.pdf,68.25,25.43,82.0,1.41,75.0,12.45,89.5,1.66,85.75,2.49,72.75,2.86,80.68,12.77,8.92
1519,raw/fullpaper/1519-法学研究-2023-3-整体法秩序视野下被害人自陷风险的理论重塑-陈璇-中国人民大学刑事法律科学研究中心.pdf,85.75,6.26,89.0,1.73,87.5,2.87,91.0,1.73,88.75,2.59,68.25,2.05,91.06,7.03,3.32
1520,raw/fullpaper/1520-法学研究-2019-6-文书真伪认定的中国路径-曹志勋-北京大学法学院.pdf,78.75,2.59,89.25,2.95,75.25,3.27,86.75,3.42,87.5,0.87,70.0,3.81,85.49,10.27,3.25
1521,raw/fullpaper/1521-法学研究-2023-4-文体活动自甘冒险的风险分配与范围划定-申海恩-中国政法大学民商经济法学院.pdf,79.0,7.28,82.5,2.18,84.25,1.3,89.0,1.73,87.5,1.5,79.25,2.95,86.1,9.52,3.25
1522,raw/fullpaper/1522-法学研究-2025-2-文化中国的法律构建——以历史文化遗产法为中心-李富鹏-中国政法大学法学院.pdf,40.0,8.66,60.0,17.38,43.0,5.0,86.25,5.4,73.5,11.19,77.25,1.3,56.12,14.78,9.42
1523,raw/fullpaper/1523-法学研究-2025-1-文化传承视角下的中国传统法典编纂-宋玲-中央民族大学法学院.pdf,39.0,3.67,71.0,11.18,49.25,4.38,76.0,5.34,88.0,3.46,37.5,7.63,57.04,20.17,6.87
1524,raw/fullpaper/1524-法学研究-2017-6-新思想引领法治新征程——习近平新时代中国特色社会主义思想对依法治国和法治建设的指导意义-张文显-中国法学会.pdf,22.5,12.99,0.0,0.0,35.0,0.0,48.75,4.15,36.25,5.45,12.5,12.99,25.59,11.25,6.85
1525,raw/fullpaper/1525-法学研究-2019-4-新时代中国法治理论创新发展的六个向度-李林-中国社会科学院法学研究所.pdf,30.0,0.0,37.5,4.33,33.75,8.2,69.0,12.59,54.0,8.86,60.0,5.0,41.6,14.37,7.5
1526,raw/fullpaper/1526-法学研究-2018-4-新时代推进社会公平正义的法治要义-胡玉鸿-苏州大学王健法学院.pdf,30.0,3.54,28.75,8.93,39.5,3.64,70.75,9.04,41.25,4.15,51.25,6.5,40.97,11.77,6.88
1527,raw/fullpaper/1527-法学研究-2021-3-新时代行政审判因应诉源治理之道-章志远-华东政法大学.pdf,49.5,20.43,69.25,7.53,64.75,7.29,83.25,3.7,75.25,3.27,80.75,2.59,64.78,14.55,8.63
1528,raw/fullpaper/1528-法学研究-2024-5-新时代行政生效裁判检察监督之道-章志远-华东政法大学.pdf,31.25,2.17,77.5,11.32,61.5,8.2,80.75,2.59,79.5,1.66,61.5,5.22,59.12,16.63,6.0
1529,raw/fullpaper/1529-法学研究-2017-4-方法论演进视野下的中国法律实证研究-雷鑫洪-中国人民公安大学法学院.pdf,35.5,5.77,55.0,10.82,35.0,0.0,72.5,4.82,78.75,6.06,70.0,5.1,48.71,14.87,6.28
1530,raw/fullpaper/1530-法学研究-2024-5-无益费用的赔偿限制原理-尚连杰-南京大学法学院.pdf,80.5,2.69,85.75,2.28,88.25,2.49,84.25,3.77,87.25,1.3,70.0,3.81,86.99,11.72,3.13
1531,raw/fullpaper/1531-法学研究-2015-1-既判力相对性原则_根据、例外与制度化-张卫平-清华大学法学院.pdf,72.5,4.82,85.0,4.12,60.75,8.32,86.25,1.3,82.5,3.57,85.25,2.17,81.6,13.52,4.68
1532,raw/fullpaper/1532-法学研究-2022-6-明代监察系统内部监察制度析论-陈国平-中国社会科学院法学研究所.pdf,33.25,3.42,23.75,9.6,53.0,2.92,80.0,5.43,64.5,17.27,42.5,8.29,45.5,12.88,9.03
1533,raw/fullpaper/1533-法学研究-2017-5-明清时期地权秩序的构造及其启示-汪洋-清华大学法学院.pdf,66.25,21.78,75.0,10.46,75.0,5.39,85.25,4.97,80.0,3.54,78.5,2.18,77.32,15.83,9.28
1534,raw/fullpaper/1534-法学研究-2022-4-晚清时期国人对法院组织的认知-侯欣一-天津财经大学法学院.pdf,35.0,3.54,20.0,22.64,47.25,1.3,79.75,7.69,77.25,2.77,55.5,6.58,44.16,16.78,8.57
1535,raw/fullpaper/1535-法学研究-2022-3-晚清杀尊亲属罪转型中的基本问题-张一民-北京大学历史学系.pdf,72.5,13.35,74.75,4.09,53.0,8.92,83.25,6.76,81.75,4.6,55.0,9.35,74.12,20.9,9.05
1536,raw/fullpaper/1536-法学研究-2019-3-晚清西方视角中的中国家庭法--以哲美森译_刑案汇览_为中心-于明-华东政法大学法律学院.pdf,50.5,20.45,53.0,22.35,60.75,4.38,82.75,4.49,81.0,4.06,62.5,3.28,63.49,23.72,11.37
1537,raw/fullpaper/1537-法学研究-2018-4-智能互联网时代的法律变革-马长山-华东政法大学.pdf,33.75,2.17,71.25,10.57,31.25,6.5,66.75,7.69,83.0,3.61,63.5,6.1,49.9,15.03,7.05
1538,raw/fullpaper/1538-法学研究-2018-5-智能投资顾问模式中的主体识别和义务设定-高丝敏-清华大学法学院.pdf,82.5,2.87,69.0,5.34,87.0,2.12,87.75,1.79,86.0,1.58,75.25,3.27,84.35,11.08,3.27
1539,raw/fullpaper/1539-法学研究-2021-6-最小必要原则在平台处理个人信息实践中的适用-武腾-中央财经大学法学院.pdf,66.25,24.08,79.0,2.24,69.0,10.65,80.25,2.28,80.0,3.46,65.75,6.26,76.03,18.12,9.42
1540,raw/fullpaper/1540-法学研究-2021-3-有组织犯罪案件分案审理问题研究-龙宗智-四川大学法学院.pdf,80.75,3.42,62.5,10.4,77.0,5.39,79.75,4.02,86.5,5.17,77.0,2.12,78.56,16.35,5.85
1541,raw/fullpaper/1541-法学研究-2015-6-期待可能性理论的引入及限定性适用-钱叶六-苏州大学王健法学院.pdf,68.5,14.04,87.0,3.0,68.25,20.03,85.75,2.49,87.0,2.92,74.75,3.27,79.87,15.68,8.82
1542,raw/fullpaper/1542-法学研究-2024-3-期待权之检讨-袁野-武汉大学法学院.pdf,84.0,1.58,83.25,3.7,63.25,11.14,89.25,2.95,82.25,3.34,74.25,3.77,84.4,14.1,5.1
1543,raw/fullpaper/1543-法学研究-2017-3-机能的思考方法下的罪数论-庄劲-中山大学法学院.pdf,73.75,3.03,87.25,3.11,68.25,23.69,89.0,2.55,62.25,25.58,48.75,9.6,75.0,20.87,13.0
1544,raw/fullpaper/1544-法学研究-2019-3-构建公共服务法律体系的理论逻辑及现实展开-陈云良-广东外语外贸大学法学院.pdf,38.75,10.23,63.5,4.56,68.25,8.2,80.0,4.69,78.0,3.67,65.75,10.8,59.49,14.72,8.12
1545,raw/fullpaper/1545-法学研究-2018-3-构建行政公益诉讼的客观诉讼机制-刘艺-西南政法大学.pdf,69.75,14.29,74.5,5.77,69.0,4.95,81.0,3.0,83.0,2.12,77.5,2.5,76.38,13.03,6.28
1546,raw/fullpaper/1546-法学研究-2018-3-构成要件错误的本质_故意行为危险的偏离-柏浪涛-华东师范大学法学院.pdf,83.0,4.69,87.5,2.18,91.25,1.92,88.0,0.0,87.0,2.12,64.5,2.87,89.69,6.5,2.63
1547,raw/fullpaper/1547-法学研究-2017-5-案件事实的归属论证-黄泽敏-中南财经政法大学法学院.pdf,73.5,16.74,87.75,1.79,85.5,0.87,85.75,2.86,70.5,23.41,73.25,3.03,75.0,15.43,9.37
1548,raw/fullpaper/1548-法学研究-2021-5-案外人对执行标的主张实体权利的程序救济-金印-中国人民大学法学院.pdf,80.25,5.67,90.0,3.08,61.75,25.52,87.5,2.87,84.25,1.3,82.0,3.08,85.99,16.6,8.02
1549,raw/fullpaper/1549-法学研究-2015-4-检察人员对分类管理改革的立场——以问卷调查为基础-程金华-华东政法大学国际金融法律学院.pdf,47.75,16.86,58.0,9.19,44.5,5.77,70.75,7.66,80.75,2.95,68.75,6.83,55.0,19.3,9.48
1550,raw/fullpaper/1550-法学研究-2015-1-检察官相对独立论-朱孝清-原最高人民检察院.pdf,42.5,14.36,53.5,17.53,58.5,25.3,78.75,2.59,67.0,20.11,69.5,6.95,56.44,24.68,16.7
1551,raw/fullpaper/1551-法学研究-2020-6-欺诈市场理论反思-耿利航-中国政法大学民商经济法学院、制度学研究院.pdf,89.0,1.73,92.5,2.96,61.75,11.54,87.25,2.86,82.25,2.68,79.0,1.73,87.6,13.27,4.52
1552,raw/fullpaper/1552-法学研究-2020-6-欺诈市场理论反思-耿利航-中国政法大学民商经济法学院、制度学研究院.pdf,76.5,18.23,74.75,4.09,59.0,8.86,84.25,4.49,80.5,5.32,74.5,5.77,77.82,14.93,8.98
1553,raw/fullpaper/1553-法学研究-2024-6-正当防卫中的退避义务-江溯-北京大学法学院.pdf,82.5,6.18,88.75,1.3,86.5,1.5,88.25,0.43,87.0,1.22,80.0,1.41,91.03,7.27,2.3
1554,raw/fullpaper/1554-法学研究-2019-4-正当防卫法律规则司法重构的经验研究-赵军-北京师范大学刑事法律科学研究院.pdf,83.75,6.8,87.25,1.3,79.0,3.67,82.75,1.3,87.75,2.28,79.75,3.03,86.5,7.22,3.52
1555,raw/fullpaper/1555-法学研究-2015-2-死刑存废的民意维度——以组织卖淫罪可罚性观念的测量为中心-赵军-北京师范大学刑事法律科学研究院.pdf,71.75,23.53,61.25,29.94,63.75,12.81,85.25,4.55,84.5,1.5,82.5,2.87,76.04,21.1,14.48
1556,raw/fullpaper/1556-法学研究-2015-1-死刑适用标准的体系化构造-劳东燕-清华大学法学院.pdf,86.5,2.06,83.0,4.85,86.5,1.5,88.0,1.41,88.0,2.12,72.75,5.07,89.03,9.67,3.27
1557,raw/fullpaper/1557-法学研究-2020-4-比例原则位阶秩序的司法适用-蒋红珍-上海交通大学凯原法学院.pdf,76.5,13.05,84.0,3.67,80.5,1.66,90.5,1.66,83.5,3.2,72.75,3.96,85.26,8.77,5.23
1558,raw/fullpaper/1558-法学研究-2020-2-比例原则的适用范围与限度-梅扬-武汉大学法学院.pdf,74.75,18.1,80.25,1.79,67.0,17.0,87.25,3.56,87.25,1.92,75.0,2.12,80.62,14.28,8.55
1559,raw/fullpaper/1559-法学研究-2018-6-民事实质诉讼法论-陈刚-广州大学法学院.pdf,78.75,2.59,77.0,2.12,74.75,3.27,76.25,3.63,85.25,0.43,77.5,4.33,80.04,12.92,3.15
1560,raw/fullpaper/1560-法学研究-2021-5-民事裁判援引规章及行政规范性文件的审查义务-汪君-中南财经政法大学法学院.pdf,66.0,12.19,78.25,2.49,73.0,5.43,80.0,2.0,82.5,2.87,77.5,3.57,76.41,14.4,5.5
1561,raw/fullpaper/1561-法学研究-2016-2-民事证明责任分配之解释基准——以物权法第106条为分析文本-徐涤宇-中南财经政法大学法学院.pdf,72.75,6.38,79.25,3.42,79.25,4.66,77.25,3.96,82.75,3.96,52.75,10.99,78.49,14.95,6.43
1562,raw/fullpaper/1562-法学研究-2021-5-民事诉讼中具体化责任的转移_法理、条件与程度-周翠-浙江大学光华法学院.pdf,80.5,1.66,89.0,1.0,82.0,2.55,88.5,0.87,85.75,1.3,77.0,2.12,87.65,7.87,1.82
1563,raw/fullpaper/1563-法学研究-2017-2-民事诉讼中的程序异议权研究-占善刚-武汉大学法学院.pdf,53.0,19.42,62.5,21.75,56.0,25.56,87.0,3.0,84.75,4.09,58.75,10.83,65.76,20.88,16.28
1564,raw/fullpaper/1564-法学研究-2021-1-民事诉讼撤销原判决之程序违法事由-占善刚-武汉大学环境法研究所.pdf,58.5,17.17,48.75,24.32,78.75,6.83,82.75,4.44,77.5,4.33,77.25,1.92,65.49,19.6,11.35
1565,raw/fullpaper/1565-法学研究-2024-2-民众对司法判决的认同与信赖——基于认知实验的研究-林喜芬-上海交通大学凯原法学院.pdf,50.5,11.1,73.75,1.79,62.25,24.19,77.75,1.79,79.0,2.24,68.25,4.09,67.46,16.45,8.7
1566,raw/fullpaper/1566-法学研究-2018-3-民刑交叉诉讼关系处理的规则与法理-张卫平-天津大学.pdf,73.75,8.32,69.25,12.32,77.25,1.3,78.25,5.31,80.75,4.38,73.75,7.01,77.37,16.58,7.43
1567,raw/fullpaper/1567-法学研究-2016-3-民国时期公务员惩戒委员会体制研究-聂鑫-清华大学法学院.pdf,57.25,16.45,53.75,18.16,61.25,9.6,81.75,3.77,83.5,2.96,61.0,5.74,65.9,17.7,10.9
1568,raw/fullpaper/1568-法学研究-2017-2-民法与商法二元格局的演变与形成-施鸿鹏-浙江大学光华法学院.pdf,71.0,26.8,84.5,1.5,71.0,8.54,85.25,2.17,82.0,3.08,73.0,2.12,80.53,16.17,8.52
1569,raw/fullpaper/1569-法学研究-2021-4-民法典不当得利返还责任体系之展开-陈自强-台湾大学法律学院.pdf,82.25,1.79,81.5,3.91,71.5,7.79,84.25,5.31,85.25,0.43,73.0,5.39,83.65,14.58,4.73
1570,raw/fullpaper/1570-法学研究-2016-1-民法典与民事诉讼法的连接与统合——从民事诉讼法视角看民法典的编纂-张卫平-清华大学法学院.pdf,50.0,6.12,61.75,19.08,58.75,12.93,83.5,6.8,74.0,9.38,84.0,3.67,67.19,22.45,11.15
1571,raw/fullpaper/1571-法学研究-2020-6-民法典中的动产和权利担保体系-龙俊-清华大学法学院.pdf,78.25,13.65,84.0,2.35,90.0,0.0,88.25,1.09,89.25,0.83,80.0,3.54,89.03,8.57,4.15
1572,raw/fullpaper/1572-法学研究-2024-4-民法典体系下动产抵押权善意取得的规范续造-黄家镇-西南政法大学民商法学院.pdf,85.0,3.54,88.25,2.49,82.25,4.21,84.25,1.3,88.75,0.83,76.0,5.1,88.1,9.62,3.38
1573,raw/fullpaper/1573-法学研究-2015-6-民法典总则编_法律行为_一章学者建议稿的编写说明-孙宪忠-中国社会科学院法学所.pdf,52.5,17.56,76.75,3.42,57.0,13.95,76.75,3.7,81.75,4.09,70.0,10.7,67.71,20.63,10.28
1574,raw/fullpaper/1574-法学研究-2022-6-民法典所有权保留之担保权构成-纪海龙-北京大学法学院.pdf,88.25,2.49,90.75,1.64,85.25,2.17,88.75,2.59,87.75,1.79,75.75,3.77,91.43,10.63,2.78
1575,raw/fullpaper/1575-法学研究-2024-4-民法典的精神损害赔偿体系——以功能主义为视角-洪国盛-北京大学国际法学院.pdf,86.25,4.82,86.5,5.85,84.25,1.3,90.0,1.41,89.25,0.83,75.25,3.27,89.84,6.72,3.38
1576,raw/fullpaper/1576-法学研究-2016-4-民法典编纂的宪法学透析-林来梵-清华大学法学院教授.pdf,69.25,18.27,88.5,0.87,75.75,7.19,88.25,2.49,80.25,8.5,80.25,2.86,84.4,16.05,7.73
1577,raw/fullpaper/1577-法学研究-2019-1-民法典编纂视野下合同法第402条、第403条的存废-方新军-苏州大学王健法学院.pdf,82.0,7.35,87.25,1.3,83.5,4.56,87.0,2.12,87.75,1.79,80.25,3.7,89.68,7.07,4.02
1578,raw/fullpaper/1578-法学研究-2019-3-民法合宪性解释的事实条件-李海平-吉林大学法学院.pdf,78.75,5.63,85.75,3.77,86.75,3.7,65.25,33.09,85.25,0.83,82.75,3.11,83.63,10.23,9.65
1579,raw/fullpaper/1579-法学研究-2018-6-民法基本原则的意义脉络-易军-中国政法大学.pdf,64.25,6.26,86.0,2.12,82.5,6.18,80.0,4.85,85.25,0.43,64.75,3.42,79.29,10.8,4.45
1580,raw/fullpaper/1580-法学研究-2016-3-民法基本原则_理论反思与法典表达-于飞-中国政法大学民商经济法学院.pdf,74.25,16.93,81.75,2.05,74.5,10.14,86.5,1.5,84.25,3.77,55.0,3.54,80.94,13.87,7.3
1581,raw/fullpaper/1581-法学研究-2018-3-民法总则与公司法的适用关系论-钱玉林-华东政法大学经济法学院.pdf,66.25,12.62,82.0,3.74,74.75,3.27,84.0,1.22,88.0,1.87,72.0,9.97,78.63,13.5,6.3
1582,raw/fullpaper/1582-法学研究-2018-2-民法总则中非法人组织权利能力之证成-张其鉴-北京大学法学院.pdf,84.0,3.67,87.0,2.24,76.5,7.53,87.0,1.22,89.5,1.66,70.5,6.18,87.09,11.22,4.32
1583,raw/fullpaper/1583-法学研究-2018-1-民法总则法源条款的缺失与补充-于飞-中国政法大学民商经济法学院.pdf,79.25,2.59,78.25,2.49,77.0,3.61,86.75,3.7,88.25,2.49,63.25,4.92,83.38,13.35,3.83
1585,raw/fullpaper/1585-法学研究-2016-1-治理体系的完善与民法典的时代精神-石佳友-中国人民大学法学院、中国人民大学民商事法律科学研究中心.pdf,28.75,7.19,74.5,2.6,45.0,6.12,72.75,1.3,86.0,2.74,76.5,2.69,52.74,10.95,4.37
1586,raw/fullpaper/1586-法学研究-2020-2-法人依瑕疵决议所为行为之效力-徐银波-西南政法大学.pdf,79.0,13.91,86.75,1.3,89.0,3.67,82.5,2.87,90.0,2.45,81.0,1.0,88.41,9.33,4.85
1587,raw/fullpaper/1587-法学研究-2024-2-法典化背景下环境法基本制度的法理反思与体系建构-吴凯杰-北京大学法学院.pdf,81.25,3.77,68.5,25.14,85.75,6.26,86.25,1.09,79.0,9.35,77.75,1.79,83.22,15.72,9.12
1588,raw/fullpaper/1588-法学研究-2022-3-法学研究中裁判文书运用的方法论检讨——以刑事法文献为例的内容分析-何挺-北京师范大学刑事法律科学研究院.pdf,69.0,8.06,68.25,7.69,74.25,13.27,83.5,3.84,81.0,4.12,60.0,3.81,76.16,19.32,7.85
1589,raw/fullpaper/1589-法学研究-2020-5-法学研究新范式_ 计算法学的内涵、范畴与方法-申卫星-清华大学法学院.pdf,30.0,3.54,84.25,5.12,65.5,2.87,72.5,4.82,79.0,4.12,66.25,4.15,59.03,17.15,4.75
1590,raw/fullpaper/1590-法学研究-2020-1-法学研究目标受众选择的大数据分析-周翔-浙江大学光华法学院.pdf,57.5,23.63,75.75,1.48,75.75,2.49,77.25,1.3,77.5,5.72,76.75,4.92,72.66,16.05,7.62
1591,raw/fullpaper/1591-法学研究-2019-1-法官个体本位抑或法院整体本位——我国法院建构与运行的基本模式选择-顾培东-四川大学法学院.pdf,74.0,6.16,78.75,2.59,67.75,5.85,80.25,2.86,84.0,3.67,74.5,7.53,78.49,11.42,5.52
1592,raw/fullpaper/1592-法学研究-2021-6-法律事实理论视角下的实质性宪法解释-莫纪宏-中国社会科学院法学研究所.pdf,67.0,5.43,77.5,3.84,65.75,5.12,69.5,1.66,77.0,10.22,76.25,5.45,72.84,14.52,6.1
1593,raw/fullpaper/1593-法学研究-2025-2-法律保留的中国方案_本质重要性_标准的引入及应用-李忠夏-中国人民大学法学院.pdf,81.5,7.89,80.25,10.59,80.0,5.0,87.75,1.79,85.75,1.3,81.0,1.0,87.41,14.12,5.32
1594,raw/fullpaper/1594-法学研究-2024-1-法律关系范式之反思——以民事诉讼法为中心-袁中华-中南财经政法大学法学院.pdf,78.25,6.02,80.75,2.59,73.25,16.69,92.0,3.08,85.0,2.12,81.75,2.05,86.19,12.18,6.27
1595,raw/fullpaper/1595-法学研究-2017-4-法律概念是重要的吗-雷磊-中国政法大学法学.pdf,90.75,2.59,82.75,3.11,57.0,21.66,89.5,0.87,74.5,18.77,72.0,3.08,75.0,22.93,9.65
1596,raw/fullpaper/1596-法学研究-2020-6-法律漏洞填补的司法论证-黄泽敏-华东师范大学法学院.pdf,68.0,7.71,83.75,4.38,86.25,1.79,84.5,1.5,80.0,1.41,53.25,4.92,80.81,15.85,4.18
1597,raw/fullpaper/1597-法学研究-2016-2-法律继受中的_制度器物化_批判——以近代中国司法制度设计思路为中心-李启成-北京大学法学院.pdf,50.0,11.73,82.5,6.18,51.75,13.66,79.25,2.17,78.5,4.09,72.75,3.27,67.84,16.05,7.9
1598,raw/fullpaper/1598-法学研究-2021-5-法律行为内容评判的个案审查比对方法——兼谈民法典格式条款效力规范的解释-李世刚-复旦大学法学院.pdf,78.0,4.9,80.25,2.86,88.75,2.59,89.0,4.12,86.25,2.17,69.75,5.4,86.01,9.32,4.25
1599,raw/fullpaper/1599-法学研究-2024-4-法律行为效力瑕疵情形的返还清算-周江洪-浙江大学光华法学院.pdf,78.5,7.43,88.75,2.59,78.75,6.06,83.0,5.0,85.0,2.12,73.0,8.77,85.01,13.13,6.15
1600,raw/fullpaper/1600-法学研究-2025-1-法律行为汉字术语的日本翻译与中国传播史-吴奇琦-澳门大学法学院.pdf,65.75,16.47,89.25,2.95,40.0,15.41,89.5,6.69,82.25,4.38,76.25,8.61,72.32,17.13,10.48
1601,raw/fullpaper/1601-法学研究-2020-6-法律规范合宪性解释的方法论构造-刘召成-天津大学法学院.pdf,84.0,3.67,87.75,1.09,86.0,1.22,90.0,1.41,86.25,6.65,48.75,12.32,88.65,9.07,5.07
1602,raw/fullpaper/1602-法学研究-2021-4-法律解释与法律续造的区分标准-陈坤-南京大学法学院.pdf,88.25,2.05,89.75,1.79,82.5,3.57,88.5,0.87,89.5,1.66,74.25,1.3,90.65,7.02,2.17
1603,raw/fullpaper/1603-法学研究-2015-6-法律选择协议效力的法律适用辩释-沈涓-中国社会科学院国际法研究所.pdf,71.75,18.42,83.0,4.95,41.75,9.04,85.75,2.49,84.25,1.3,51.25,8.2,72.4,14.62,8.55
1604,raw/fullpaper/1604-法学研究-2018-5-法教义学与法治_法教义学的治理意义-雷磊-中国政法大学法学院.pdf,50.75,17.05,81.75,6.02,63.0,14.46,86.0,1.22,88.0,1.41,81.0,1.73,73.5,12.98,8.05
1605,raw/fullpaper/1605-法学研究-2024-5-法条授权行政立法的规范化-王克稳-苏州大学王健法学院.pdf,67.75,19.31,69.75,22.98,67.0,8.03,89.75,2.86,68.0,29.44,81.25,4.15,75.0,23.05,16.7
1606,raw/fullpaper/1606-法学研究-2016-1-法条竞合与想象竞合的区分-张明楷-清华大学法学院.pdf,87.75,1.79,86.0,1.58,89.75,0.43,91.5,0.87,88.75,2.59,68.0,19.61,91.57,10.75,5.17
1607,raw/fullpaper/1607-法学研究-2021-1-法治化营商环境建设的合规机制——以刑事合规为中心-李本灿-山东大学法学院.pdf,56.25,13.4,72.5,3.5,77.25,10.76,85.25,4.55,83.0,2.12,81.0,3.08,75.6,17.0,7.2
1608,raw/fullpaper/1608-法学研究-2017-2-法治国的宪法内涵——迈向功能分化社会的宪法观-李忠夏-山东大学法学院.pdf,64.0,20.58,63.0,30.77,66.75,21.72,86.75,3.7,77.75,6.5,83.25,3.03,74.6,21.15,16.62
1609,raw/fullpaper/1609-法学研究-2016-3-法治如何定量——我国法治评估量化方法评析-周祖成-西南政法大学行政法学院.pdf,45.5,16.22,68.75,5.63,50.0,3.54,70.25,4.15,73.5,8.2,74.5,2.6,57.59,15.32,7.77
1610,raw/fullpaper/1610-法学研究-2015-6-法治评估模式辨异-钱弘道-浙江大学法学院.pdf,70.25,4.15,72.5,6.18,79.25,5.85,91.25,3.77,85.0,2.12,72.5,7.12,80.31,14.22,5.6
1611,raw/fullpaper/1611-法学研究-2020-2-法理论_历史形成、学科属性及其中国化-雷磊-中国政法大学.pdf,71.25,6.83,79.5,6.95,58.25,10.8,82.5,2.87,83.25,3.63,80.75,2.59,78.54,14.53,6.48
1612,raw/fullpaper/1612-法学研究-2025-1-法秩序统一性原理之建构-雷磊-中国政法大学.pdf,65.5,6.54,84.0,3.67,78.25,6.02,90.5,2.96,88.75,0.83,57.0,2.12,79.99,11.88,4.23
1613,raw/fullpaper/1613-法学研究-2024-5-注册制度改革背景下基于商标不使用的实体法抗辩-谢晴川-武汉大学法学院.pdf,80.0,7.04,84.5,1.5,80.75,3.42,85.25,2.17,85.0,0.0,81.25,2.59,87.43,10.93,3.2
1614,raw/fullpaper/1614-法学研究-2021-6-注册商标使用中的_未改变显著特征-付继存-中国政法大学民商经济法学院.pdf,80.0,6.12,87.25,1.3,88.25,2.86,84.5,3.91,88.25,2.49,76.0,4.24,87.22,9.48,4.03
1615,raw/fullpaper/1615-法学研究-2019-1-注意义务的规范本质与判断标准-陈璇-中国人民大学刑事法律科学研究中心.pdf,87.25,1.3,80.75,7.66,87.75,2.68,87.75,1.79,89.5,0.87,71.5,3.5,88.93,11.85,3.42
1616,raw/fullpaper/1616-法学研究-2022-5-浙路风潮中的诸权之争-张玲玉-对外经济贸易大学法学院.pdf,52.75,15.93,80.5,5.17,41.25,2.17,82.0,6.04,82.25,1.79,60.0,5.43,64.13,14.8,7.05
1617,raw/fullpaper/1617-法学研究-2018-3-海上保险的最大诚信_制度内涵与立法表达-初北平-大连海事大学法学院.pdf,58.5,17.17,85.25,4.55,61.75,2.05,84.5,4.09,83.5,2.06,75.5,5.77,74.49,15.67,6.88
1618,raw/fullpaper/1618-法学研究-2020-6-涉外代理关系准据法的确定-林强-清华大学法学院.pdf,83.75,3.03,88.25,0.43,85.75,2.49,87.25,1.3,87.25,1.92,78.25,2.49,88.99,9.15,2.25
1619,raw/fullpaper/1619-法学研究-2017-3-涉外法律适用的冲突正义——以法律关系本座说为中心-徐鹏-西南政法大学.pdf,71.0,13.84,60.0,35.24,71.75,4.09,88.0,2.74,83.5,3.84,71.5,2.96,75.54,19.28,12.07
1620,raw/fullpaper/1620-法学研究-2019-5-涉外知识产权归属的法律适用-阮开欣-华东政法大学知识产权学院.pdf,82.5,4.82,81.0,3.32,85.0,4.95,89.25,2.95,87.0,2.12,83.75,2.17,89.18,12.58,3.9
1621,raw/fullpaper/1621-法学研究-2016-5-涉诉信访治理的正当性与法治化——1978-2015年实践探索的分析-彭小龙-中国人民大学法学院.pdf,83.5,2.6,84.0,1.22,76.25,6.65,87.25,1.3,88.5,0.87,77.25,2.86,86.22,11.33,2.98
1622,raw/fullpaper/1622-法学研究-2020-1-混合共同担保人相互间无追偿权论-崔建远-清华大学法学院.pdf,86.25,2.17,86.5,1.5,75.5,2.87,80.75,4.38,77.0,22.52,68.75,2.59,86.12,15.45,6.93
1623,raw/fullpaper/1623-法学研究-2021-2-清代君臣的法外施仁博弈-蒋铁初-杭州师范大学沈钧儒法学院.pdf,43.75,8.93,24.25,14.46,70.75,7.66,88.5,6.22,60.75,10.89,37.5,8.29,54.46,14.68,10.87
1624,raw/fullpaper/1624-法学研究-2018-5-清代州县讼事中的国家与个人——以巴县档案为中心-汪雄涛-苏州大学王健法学院.pdf,63.0,10.7,86.0,1.22,70.0,8.92,84.75,4.09,87.5,4.33,47.5,12.99,76.76,13.85,8.13
1625,raw/fullpaper/1625-法学研究-2019-5-清代州县词讼积案与上级的监督-邓建鹏-中央财经大学法学院.pdf,78.25,4.92,78.0,4.64,47.5,5.59,83.5,3.84,79.75,5.4,48.0,4.95,74.0,12.57,5.65
1626,raw/fullpaper/1626-法学研究-2024-5-清代的地权习惯与法律介入———国家与市场的互动视角-赖骏楠-复旦大学法学院.pdf,63.0,10.7,73.75,5.85,67.5,8.29,84.5,1.5,88.5,4.09,68.75,2.59,74.38,14.85,6.37
1627,raw/fullpaper/1627-法学研究-2015-5-清代讼师贪利形象的多重建构-尤陈俊-中国人民大学法学院.pdf,79.25,5.85,76.75,8.87,55.0,15.31,80.75,2.95,82.25,2.68,58.75,6.5,76.74,17.57,8.12
1628,raw/fullpaper/1628-法学研究-2018-2-清律_家人共盗_的法思想源流-谢晶-中国政法大学法学院.pdf,59.25,9.58,82.75,3.11,72.5,9.66,80.0,7.04,70.25,8.98,34.25,7.01,72.0,18.45,8.75
1629,raw/fullpaper/1629-法学研究-2018-4-清末_新民丛报_与_民报_论战中的_国民_议题-赖骏楠-复旦大学法学院.pdf,70.5,20.67,75.25,4.55,44.25,9.31,85.0,3.54,81.75,2.49,76.25,2.17,70.4,13.57,8.25
1630,raw/fullpaper/1630-法学研究-2017-6-滥用知情权的逻辑及展开-王锡锌-北京大学法学院.pdf,76.0,10.86,80.5,3.84,71.5,5.22,82.25,1.79,79.0,3.94,78.25,5.4,80.74,14.87,5.95
1631,raw/fullpaper/1631-法学研究-2022-1-版权保护与创作、文化发展的关系-章凯业-中国海洋大学法学院.pdf,83.25,3.7,86.5,4.97,60.0,12.02,87.0,1.22,82.75,1.92,77.75,1.79,83.79,12.72,4.93
1632,raw/fullpaper/1632-法学研究-2021-3-物业服务合同法律构造之中国模式-徐涤宇-中南财经政法大学法学院.pdf,74.0,17.13,84.75,3.27,73.0,5.43,89.0,4.12,83.75,1.79,75.75,1.3,82.88,16.3,6.38
1633,raw/fullpaper/1633-法学研究-2022-3-牵连关系的类型——基于刑事立法、司法解释规定的分析-王彦强-南京师范大学法学院.pdf,74.0,20.15,75.75,14.94,78.75,3.27,85.75,2.49,85.75,1.3,77.0,4.12,81.01,14.05,8.93
1634,raw/fullpaper/1634-法学研究-2025-3-特别条款优先效力的理论困境及其解决路径——以特别关系的类型区分为视角-邓毅丞-华南师范大学法学院.pdf,81.0,9.3,84.0,1.22,83.0,2.12,90.0,2.45,86.0,1.22,63.75,16.72,87.18,10.55,6.33
1635,raw/fullpaper/1635-法学研究-2024-4-犯罪参与体系中区分制与单一制的融合-黎宏-清华大学法学院.pdf,76.25,9.04,87.25,1.3,77.25,3.96,86.75,3.42,86.25,1.09,65.5,2.87,84.49,10.67,4.17
1636,raw/fullpaper/1636-法学研究-2021-5-犯罪故意概念中的_危害社会_规范判断与归责机能-曾文科-中国政法大学刑事司法学院.pdf,83.75,2.17,81.75,1.09,80.0,3.81,87.75,4.38,86.5,1.5,71.25,5.63,86.56,12.58,3.58
1637,raw/fullpaper/1637-法学研究-2017-5-环境侵权因果关系类型化视角下的举证责任-陈伟-南京大学法学院.pdf,80.0,3.81,76.25,14.11,89.25,2.59,89.0,1.73,83.5,3.2,76.75,4.66,85.87,15.93,5.8
1638,raw/fullpaper/1638-法学研究-2019-3-环境民事公益诉讼性质定位省思-巩固-浙江大学光华法学院.pdf,71.75,23.05,77.25,3.11,82.0,6.28,86.0,1.22,88.0,0.0,77.75,1.79,81.21,11.97,6.83
1639,raw/fullpaper/1639-法学研究-2020-3-环境法体系中的自然保护地立法-吴凯杰-北京大学法学院.pdf,65.25,27.4,80.0,2.0,61.25,16.48,86.25,2.49,84.75,1.09,77.5,4.82,75.96,17.03,10.45
1640,raw/fullpaper/1640-法学研究-2018-4-环境行政处罚规制功能之补强-谭冰霖-中南财经政法大学社会科学研究院.pdf,82.5,3.57,71.5,7.89,89.75,2.86,86.25,3.03,87.75,2.95,80.5,1.66,87.07,12.72,4.22
1641,raw/fullpaper/1641-法学研究-2018-1-环境责任保险与环境风险控制的法律体系建构-马宁-西北政法大学.pdf,64.5,17.1,78.0,4.95,60.0,22.41,64.0,34.66,83.5,3.2,58.25,9.04,68.76,18.58,17.57
1642,raw/fullpaper/1642-法学研究-2019-4-现代监护理念下监护与行为能力关系的重构-彭诚信-上海交通大学凯原法学院.pdf,81.75,4.09,86.25,1.79,80.5,5.17,85.25,0.43,86.0,1.22,78.25,2.86,86.41,8.0,3.0
1643,raw/fullpaper/1643-法学研究-2016-6-生命科技时代民法中人的主体地位构造基础-汪志刚-江西财经大学.pdf,46.25,10.21,58.0,27.74,64.25,15.2,78.75,6.76,80.25,2.86,68.75,7.4,59.84,24.63,13.5
1644,raw/fullpaper/1644-法学研究-2022-4-用户价值与数字税立法的逻辑-张牧君-北京大学法学院.pdf,79.25,14.45,76.75,7.19,84.5,4.77,83.5,3.2,82.75,1.3,80.75,2.59,85.59,12.87,6.45
1645,raw/fullpaper/1645-法学研究-2024-2-申请保全错误损害赔偿责任_规范、定性及诉讼实现-占善刚-武汉大学环境法研究所.pdf,84.25,1.3,84.25,6.06,83.5,7.23,86.75,1.79,87.5,1.8,70.0,2.0,87.71,11.83,3.88
1646,raw/fullpaper/1646-法学研究-2019-2-电子数据在刑事证据体系中的定位与审查判断规则--基于网络假货犯罪案件裁判文书的分析-胡铭-浙江大学光华法学院.pdf,65.0,12.43,50.75,12.21,58.25,14.36,79.5,1.66,87.5,1.5,80.25,3.49,68.87,16.78,8.78
1647,raw/fullpaper/1647-法学研究-2022-2-电子数据的技术性鉴真-谢登科-吉林大学法学院.pdf,78.25,6.02,79.25,2.95,84.0,3.67,81.0,5.34,81.25,5.07,76.5,2.6,83.15,13.17,4.93
1648,raw/fullpaper/1648-法学研究-2016-6-电子证据的关联性-刘品新-中国人民大学刑事法律科学研究中心.pdf,47.0,4.69,74.0,5.1,83.25,3.11,86.75,3.7,86.75,3.7,76.75,3.7,69.1,13.42,4.63
1649,raw/fullpaper/1649-法学研究-2018-4-电子证据真实性的三个层面——以刑事诉讼为例的分析-褚福民-证据科学教育部重点实验室(中国政法大学)、司法文明协同创新中心.pdf,70.5,12.28,50.5,21.41,89.75,4.82,84.0,1.58,85.0,2.12,77.75,1.79,75.37,15.1,8.47
1650,raw/fullpaper/1650-法学研究-2016-6-电子诉讼制度构建的法律基础-王福华-上海财经大学法学院教授.pdf,50.25,8.61,50.25,12.01,68.25,7.5,83.25,4.92,84.25,1.48,69.5,6.1,64.19,18.27,7.82
1651,raw/fullpaper/1651-法学研究-2015-2-界定行政处罚行为的功能性考量路径-陈鹏-厦门大学法学院.pdf,76.25,7.4,82.75,2.49,81.75,2.49,86.75,2.05,83.75,7.29,80.5,1.66,86.22,9.73,4.5
1652,raw/fullpaper/1652-法学研究-2015-4-疫学因果关系及其证明-陈伟-南京大学法学院.pdf,56.0,13.98,70.5,6.18,83.75,3.03,80.75,1.64,76.0,5.1,70.75,2.95,73.13,15.4,6.32
1653,raw/fullpaper/1653-法学研究-2015-3-监听侦查的法治实践_美国经验与中国路径-曾赟-浙江工商大学法学院.pdf,57.5,10.64,81.25,6.5,59.5,6.18,80.5,4.15,80.25,3.34,73.75,2.17,71.85,17.52,6.35
1654,raw/fullpaper/1654-法学研究-2019-2-监察过程中的公安协助配合机制-江国华-武汉大学法学院.pdf,62.25,18.66,66.0,7.87,87.5,3.28,77.75,2.68,81.75,2.05,81.25,2.17,76.24,11.33,7.07
1655,raw/fullpaper/1655-法学研究-2018-3-直接适用的法与相关制度的体系平衡-张春良-西南政法大学.pdf,70.0,20.36,78.25,2.49,73.75,3.03,80.25,2.86,84.5,1.5,76.75,5.36,78.01,13.0,6.85
1656,raw/fullpaper/1656-法学研究-2015-4-省级统管地方法院法官任用改革审思——基于实证考察的分析-左卫民-四川大学法学院.pdf,38.5,3.91,52.5,18.2,64.25,13.65,78.25,2.49,83.0,4.12,75.0,4.12,55.69,15.83,8.97
1657,raw/fullpaper/1657-法学研究-2023-6-真正地理标志保护的实质与我国地理标志统一立法-王笑冰-山东大学法学院.pdf,56.25,18.95,85.0,4.3,72.5,11.76,83.0,2.92,85.25,3.27,76.75,3.7,75.18,13.72,8.67
1658,raw/fullpaper/1658-法学研究-2021-4-知情与行为相分离情形下法人知情归责的认定-萧鑫-中国社会科学院法学研究所.pdf,82.75,8.7,88.5,0.87,85.75,5.12,87.25,1.3,86.75,2.38,76.0,1.22,88.69,9.87,3.77
1659,raw/fullpaper/1659-法学研究-2022-1-知识产权国际博弈与中国话语的价值取向-吕炳斌-南京大学法学院.pdf,51.75,10.08,77.25,10.03,53.0,2.12,82.5,2.5,85.0,0.71,67.0,4.12,68.21,13.23,5.68
1660,raw/fullpaper/1660-法学研究-2022-1-知识产权惩罚性赔偿的类型化适用与风险避免——基于国际知识产权规则的视角-刘银良-北京大学法学院.pdf,77.5,7.63,64.0,11.47,79.75,5.21,85.5,2.18,84.75,4.09,72.5,4.33,79.6,14.8,6.7
1661,raw/fullpaper/1661-法学研究-2019-2-知识产权法与反不正当竞争法一般条款的关系--以图式的认知经济性为分析视角-蒋舸-清华大学法学院.pdf,77.25,18.62,83.25,4.92,87.5,1.8,87.0,2.12,89.0,1.73,66.25,18.28,85.76,12.45,9.13
1662,raw/fullpaper/1662-法学研究-2021-2-破产法的指标化进路及其检讨——以世界银行_办理破产_指标为例-高丝敏-清华大学法学院.pdf,63.25,26.24,83.75,1.3,59.0,22.74,84.5,2.6,85.75,1.3,80.75,2.95,77.32,16.75,11.0
1663,raw/fullpaper/1663-法学研究-2025-2-破产程序中的抵销预期保护-朱虎-中国人民大学民商事法律科学研究中心.pdf,71.25,26.86,86.0,2.74,91.75,4.09,91.0,1.73,88.25,2.49,53.5,29.95,84.99,12.32,13.07
1664,raw/fullpaper/1664-法学研究-2015-2-破产视角下的抵销-许德风-北京大学法学院.pdf,66.25,18.83,79.0,3.67,77.5,7.63,87.75,1.79,81.75,2.05,79.75,3.03,79.29,13.95,7.12
1665,raw/fullpaper/1665-法学研究-2018-1-确认之诉的限缩及其路径-刘哲玮-北京大学法学院.pdf,77.25,11.61,82.75,6.3,70.5,15.9,85.75,5.12,86.75,3.7,63.25,14.72,82.35,18.23,11.05
1666,raw/fullpaper/1666-法学研究-2023-1-社会主义核心价值观融入司法裁判的方法论反思-雷磊-中国政法大学.pdf,67.5,22.6,65.5,20.51,79.75,4.82,88.5,3.5,87.0,1.22,78.25,2.86,77.13,17.5,10.68
1667,raw/fullpaper/1667-法学研究-2023-1-禁止财务资助规则的公司法建构-皮正德-清华大学法学院.pdf,81.0,7.68,81.0,6.71,76.75,6.61,83.75,3.42,85.25,0.43,76.75,3.7,83.9,13.37,5.48
1668,raw/fullpaper/1668-法学研究-2018-1-离婚协议中的_赠与子女财产_条款研究-陆青-浙江大学光华法学院.pdf,75.25,15.02,80.75,6.83,77.5,4.97,89.5,2.6,86.0,1.22,80.75,2.95,85.29,15.05,6.45
1669,raw/fullpaper/1669-法学研究-2020-4-私法中善意认定的规则体系-石一峰-浙江大学光华法学院.pdf,73.25,20.46,81.25,2.59,89.5,1.66,86.0,4.69,85.0,0.71,50.25,1.79,83.0,8.48,6.13
1670,raw/fullpaper/1670-法学研究-2015-1-私法中理性人标准之构建-叶金强-南京大学法学院.pdf,52.0,16.72,84.25,7.08,76.75,9.93,82.0,0.0,79.25,2.95,57.5,5.59,73.01,17.88,8.15
1671,raw/fullpaper/1671-法学研究-2020-3-秦及汉初逃亡犯罪的刑罚适用和处理程序-张传玺-中国政法大学法律古籍整理研究所.pdf,63.0,18.43,75.0,7.38,82.0,8.34,82.5,3.57,84.0,3.67,73.25,3.42,76.76,16.9,8.6
1672,raw/fullpaper/1672-法学研究-2015-2-秦汉律所见_质钱_考辨-李力-华中科技大学法学院.pdf,69.5,13.9,85.0,2.12,61.25,16.35,80.5,3.28,79.5,1.66,58.75,14.02,76.28,20.17,9.88
1673,raw/fullpaper/1673-法学研究-2016-4-积极刑法立法观在中国的确立-周光权-清华大学法学院教授.pdf,61.25,14.02,77.0,1.58,50.0,5.0,83.25,3.03,80.25,4.92,82.75,1.3,73.15,13.03,5.75
1674,raw/fullpaper/1674-法学研究-2023-1-积极应对人口老龄化的法治进路-郭春镇-厦门大学法学院.pdf,32.75,2.77,75.25,4.32,44.5,9.53,85.0,3.0,72.75,3.11,70.25,3.03,57.12,12.77,4.97
1675,raw/fullpaper/1675-法学研究-2025-1-积极悔罪制度的体系化_平等适用刑法原则消极面向的展开-李本灿-武汉大学法学院.pdf,83.5,7.53,83.5,3.84,76.75,4.92,85.5,4.56,82.0,5.79,77.0,3.0,85.78,16.37,5.72
1676,raw/fullpaper/1676-法学研究-2016-2-积极抗辩事由的证明责任_误解与澄清-李昌盛-西南政法大学诉讼法与司法改革研究中心.pdf,86.5,4.97,87.25,5.97,77.25,13.25,90.25,2.28,88.5,0.87,77.0,5.0,88.93,11.5,6.22
1677,raw/fullpaper/1677-法学研究-2018-6-税收构成要件理论的反思与再造-叶金育-中南民族大学法学院.pdf,56.25,16.35,80.25,2.28,92.5,2.18,86.0,4.24,84.5,1.66,57.75,5.85,77.29,10.47,6.27
1678,raw/fullpaper/1678-法学研究-2016-5-税法续造与税收法定主义的实现机制-汤洁茵-中国青年政治学院法学院.pdf,74.0,16.78,64.5,12.99,64.75,17.77,85.5,4.56,75.5,9.1,75.75,2.49,75.84,17.87,12.27
1679,raw/fullpaper/1679-法学研究-2023-2-算法透明层次论-安晋城-中国政法大学民商经济法学院.pdf,82.0,2.55,71.75,6.42,80.25,6.87,88.25,2.49,84.5,1.5,77.5,3.57,83.75,11.85,4.48
1680,raw/fullpaper/1680-法学研究-2022-5-类案适用的司法论证-杨知文-华东政法大学科学研究院.pdf,65.25,7.43,81.25,4.15,74.5,9.12,85.75,2.49,76.75,7.69,51.5,5.22,77.47,14.48,6.95
1681,raw/fullpaper/1681-法学研究-2024-5-精准塑造更高水平对外开放与涉外私法制度创新-张春良-西南政法大学.pdf,52.5,10.31,79.0,5.74,65.25,4.55,85.5,4.72,86.0,2.55,86.25,2.17,73.75,15.37,5.77
1682,raw/fullpaper/1682-法学研究-2022-2-纪检监察机关大数据监督的规范化与制度构建-杨建军-西北政法大学法治学院.pdf,50.0,16.96,65.5,4.77,55.0,2.12,82.0,2.83,85.0,0.0,81.0,5.34,67.06,13.12,6.17
1683,raw/fullpaper/1683-法学研究-2020-2-组织体刑事责任论及其应用-黎宏-清华大学法学院.pdf,83.25,4.92,87.25,1.92,82.0,6.48,85.0,5.39,88.25,2.05,74.75,4.55,87.38,10.38,4.88
1684,raw/fullpaper/1684-法学研究-2015-5-缔约过失与欺诈的制度竞合——以欺诈的_故意_要件为中心-刘勇-南京大学法学院.pdf,77.75,4.38,81.5,7.43,63.75,19.6,84.25,1.3,82.25,4.38,81.75,4.09,82.69,19.37,7.93
1685,raw/fullpaper/1685-法学研究-2016-3-缔约过程中说明义务的动态体系论-尚连杰-南京大学法学院.pdf,77.0,8.34,84.0,3.46,85.0,2.12,86.75,1.79,80.5,5.32,80.0,1.41,87.35,11.3,4.3
1686,raw/fullpaper/1686-法学研究-2023-5-缺省性公司法规则的构造——基于减少交易成本和代理成本的分析-伍坚-华东政法大学研究生院.pdf,76.0,12.27,81.75,2.05,85.25,2.17,85.5,2.87,84.0,3.67,80.0,2.92,86.22,9.25,5.0
1687,raw/fullpaper/1687-法学研究-2020-2-网络平台的公共性及其实现——以电商平台的法律规制为视角-刘权-中央财经大学法学院.pdf,74.5,1.5,84.5,1.5,77.75,4.38,84.75,0.43,82.75,2.49,71.75,1.09,82.84,11.23,2.2
1688,raw/fullpaper/1688-法学研究-2023-5-网络暴力治理的法治化转型及立法体系建构-刘艳红-中国政法大学刑事司法学院.pdf,37.5,7.5,58.0,13.95,51.0,17.46,78.75,0.83,82.75,6.3,73.75,7.4,54.41,16.13,10.3
1689,raw/fullpaper/1689-法学研究-2019-5-网络空间中犯罪帮助行为的类型化——来自司法判决的启发-邓矜婷-中国人民大学刑事法律科学研究中心.pdf,83.25,3.7,85.25,2.17,80.5,2.6,84.5,3.84,89.25,2.95,81.25,2.59,88.53,9.72,3.43
1690,raw/fullpaper/1690-法学研究-2023-6-羁押必要性判断中的_一贯表现_证据研究-秦宗文-南京大学法学院.pdf,71.0,9.92,73.75,12.44,76.25,8.93,85.75,4.92,79.75,5.76,77.25,1.92,79.04,16.9,8.47
1691,raw/fullpaper/1691-法学研究-2018-2-羁押必要性审查制度试点研究报告-陈卫东-中国人民大学法学院.pdf,83.75,7.01,74.0,4.24,55.0,12.25,80.5,3.2,84.5,3.91,80.75,2.59,80.62,15.4,6.38
1692,raw/fullpaper/1692-法学研究-2022-4-群体诉讼的博弈分析-王福华-上海交通大学凯原法学院.pdf,46.75,17.8,30.0,30.03,68.5,17.63,84.75,4.09,77.75,2.68,62.5,4.82,55.59,18.5,14.83
1693,raw/fullpaper/1693-法学研究-2023-2-老龄社会婚姻规则多元论-鲁晓明-广东财经大学法治与经济发展研究所.pdf,58.0,11.25,55.75,22.72,64.75,15.86,76.0,3.67,83.75,3.63,78.25,2.05,65.9,19.87,11.38
1694,raw/fullpaper/1694-法学研究-2020-3-股东会决议无效的公司法解释-叶林-中国人民大学民商事法律科学研究中心.pdf,82.5,1.8,66.0,33.49,81.25,5.54,82.25,4.38,85.5,4.56,68.25,4.6,81.34,11.17,10.48
1695,raw/fullpaper/1695-法学研究-2020-6-股东出资加速到期的理论证成-钱玉林-华东政法大学经济法学院.pdf,79.0,16.76,85.75,1.48,80.75,4.38,86.75,1.3,85.5,1.5,80.0,3.81,87.72,10.47,5.63
1696,raw/fullpaper/1696-法学研究-2023-4-股东溢价出资的会计表达与法律属性-郑彧-华东政法大学.pdf,82.5,4.82,73.5,9.76,71.75,16.47,86.0,1.22,85.0,2.12,80.0,3.81,84.31,14.68,7.35
1697,raw/fullpaper/1697-法学研究-2021-4-自然人民事权利能力差等论的批判与反思-汪志刚-江西财经大学法学院.pdf,85.75,7.19,77.25,8.98,78.75,2.59,87.75,1.79,87.0,2.12,64.25,5.12,85.99,17.88,5.35
1698,raw/fullpaper/1698-法学研究-2019-6-自然资源分出物的自由原始取得-张力-西南政法大学民商法学院.pdf,69.25,11.78,81.25,3.11,88.0,2.55,87.5,2.87,87.75,2.28,82.5,2.87,84.68,8.98,4.88
1699,raw/fullpaper/1699-法学研究-2015-2-自然资源国家所有权公权说再论-巩固-浙江大学光华法学院.pdf,64.5,23.39,77.75,7.43,79.0,4.58,85.75,2.49,79.25,4.87,68.0,11.05,78.18,21.95,10.37
1700,raw/fullpaper/1700-法学研究-2016-3-自然资源国家所有权的双重权能结构-叶韫平-上海财经大学法学院.pdf,74.0,10.0,84.25,2.49,82.75,6.3,82.75,2.95,84.0,2.0,72.5,4.82,83.01,14.25,5.5
1701,raw/fullpaper/1701-法学研究-2023-2-自然资源资产国家所有权委托代理的法律性质-汪志刚-江西财经大学法学院.pdf,76.25,10.87,82.0,3.08,72.75,11.39,84.25,2.49,87.0,2.12,62.5,21.65,81.87,15.02,9.93
1702,raw/fullpaper/1702-法学研究-2018-5-苏俄宪法在中国的传播及其当代意义-韩大元-中国人民大学法学院.pdf,32.0,3.46,58.25,13.48,43.75,5.45,82.5,2.87,59.75,5.76,42.5,8.29,52.13,13.48,7.58
1703,raw/fullpaper/1703-法学研究-2023-3-英美在近代中国行使治外法权主体之型化与形替-屈文生-华东政法大学.pdf,36.25,6.5,79.25,3.7,78.25,10.92,87.5,1.8,82.75,4.44,52.5,9.01,65.84,12.07,7.0
1704,raw/fullpaper/1704-法学研究-2022-1-著作权合同中作者权益保护的规则取舍与续造-熊琦-华中科技大学法学院.pdf,69.75,21.96,79.0,1.73,76.25,3.03,86.5,1.5,85.5,1.5,72.0,4.24,80.01,12.48,6.53
1705,raw/fullpaper/1705-法学研究-2015-6-著作权法与专利法中_惩罚性赔偿_之非惩罚性-蒋舸-清华大学法学院.pdf,71.75,18.42,78.75,8.2,80.5,7.79,89.25,2.95,86.75,1.3,73.0,2.12,82.06,16.0,7.85
1706,raw/fullpaper/1706-法学研究-2021-2-著作权法中传播权的体系-王迁-华东政法大学.pdf,87.5,2.87,65.0,6.28,88.75,2.59,90.5,0.87,88.25,1.79,79.25,4.87,86.13,8.83,3.72
1707,raw/fullpaper/1707-法学研究-2023-3-著作权法中作品独创性的审美逻辑-王国柱-吉林大学法学院.pdf,66.0,7.52,77.25,3.11,72.75,12.48,83.75,1.3,84.25,5.4,67.5,6.54,77.01,14.93,6.98
1708,raw/fullpaper/1708-法学研究-2019-2-著作权法限制音乐专有许可的正当性-王迁-华东政法大学.pdf,86.75,4.92,82.5,2.87,79.75,4.92,87.0,2.92,86.5,2.06,80.5,2.18,89.57,9.27,3.83
1709,raw/fullpaper/1709-法学研究-2024-3-董事合规义务_责任限缩与助推型公司法规则的构建-楼秋然-对外经济贸易大学法学院.pdf,84.25,2.49,80.25,1.79,82.0,7.07,86.0,1.22,84.0,5.34,72.5,4.82,86.32,14.87,4.4
1710,raw/fullpaper/1710-法学研究-2024-5-董事间披露义务的法律构造-袁崇霖-清华大学法学院.pdf,83.5,1.5,85.75,1.3,91.0,3.67,89.0,1.73,86.5,1.5,65.75,17.92,89.65,10.78,5.3
1711,raw/fullpaper/1711-法学研究-2023-4-虚假陈述比例连带责任的认定模式与体系展开-邹学庚-中国政法大学民商经济法学院.pdf,85.5,2.87,90.25,3.03,84.25,2.49,86.5,2.6,89.0,1.73,76.5,2.6,89.63,11.85,2.95
1712,raw/fullpaper/1712-法学研究-2024-1-行刑衔接中采信专业性认定之困境及其破解——以事故调查报告为研究对象-张泽涛-广州大学法学院.pdf,80.5,8.85,78.25,4.09,55.5,9.66,82.75,1.3,75.75,12.5,66.75,1.09,79.09,15.7,7.22
1713,raw/fullpaper/1713-法学研究-2019-3-行政协议诉讼的制度构建-刘飞-中国政法大学中欧法学院.pdf,86.0,1.22,83.75,3.63,66.25,6.65,86.75,3.7,85.5,1.8,83.5,1.5,87.16,11.35,3.57
1714,raw/fullpaper/1714-法学研究-2022-1-行政处罚中择一重罚规则的体系化阐释-刘连泰-厦门大学法学院.pdf,82.5,4.82,66.25,16.71,88.5,2.5,86.5,1.5,85.0,2.12,71.25,4.15,83.68,14.68,6.12
1715,raw/fullpaper/1715-法学研究-2024-6-行政处罚的预防目的及其规范建构-谭冰霖-中南财经政法大学现代行政法研究中心.pdf,79.0,11.45,81.0,2.35,80.75,4.87,91.5,0.87,85.25,4.55,78.0,5.1,85.72,9.53,5.62
1716,raw/fullpaper/1716-法学研究-2019-5-行政复议法的修改与完善以 _实质性解决行政争议_为视角-王万华-中国政法大学.pdf,66.75,13.48,86.5,3.2,68.75,10.08,84.5,4.09,86.0,1.22,70.5,3.64,78.93,12.5,6.87
1717,raw/fullpaper/1717-法学研究-2022-6-行政审批改革政策试验机制的法治化图景-卢超-中国社会科学院法学研究所.pdf,48.0,16.72,73.5,3.64,54.75,2.95,84.25,4.26,80.5,1.66,79.5,1.66,63.72,11.42,5.93
1718,raw/fullpaper/1718-法学研究-2019-5-行政执法和解的模式及其运用-方世荣-中南财经政法大学法治发展与司法改革研究中心.pdf,72.0,16.63,76.5,1.5,83.25,3.42,84.0,1.22,85.75,1.3,73.5,5.59,80.87,12.0,5.7
1719,raw/fullpaper/1719-法学研究-2024-4-行政撤诉之再诉禁止效力的构造与限度-黄锴-浙江工业大学法学院.pdf,73.75,13.33,80.75,4.38,79.0,3.67,86.5,1.5,86.25,1.09,80.0,2.0,84.32,10.62,5.0
1720,raw/fullpaper/1720-法学研究-2024-3-行政第三人的程序权利及其司法保护-赵宏-北京大学法学院.pdf,79.75,3.56,88.5,0.87,78.25,6.02,88.75,2.59,73.75,25.34,80.25,4.92,75.0,15.9,8.33
1721,raw/fullpaper/1721-法学研究-2018-6-行政行为无效的认定-王贵松-中国人民大学法学院.pdf,72.0,21.55,90.25,3.11,71.5,6.06,83.0,1.73,86.0,3.67,75.0,2.12,81.79,15.58,7.35
1722,raw/fullpaper/1722-法学研究-2017-1-行政行为程序瑕疵的指正-杨登峰-南京师范大学法学院.pdf,66.25,5.45,70.5,10.64,80.0,5.43,85.5,7.79,81.75,3.77,74.25,7.5,77.21,19.78,7.82
1723,raw/fullpaper/1723-法学研究-2016-2-行政规范性文件司法审查权的实效性考察-余军-浙江大学光华法学院.pdf,70.5,19.16,78.5,0.87,73.75,1.79,85.0,4.64,74.0,15.17,78.25,4.09,75.0,15.23,8.8
1724,raw/fullpaper/1724-法学研究-2024-6-行政规范性文件直接审查模式的证立与建构-王青斌-中国政法大学法治政府研究院.pdf,61.25,18.62,75.5,5.17,73.0,7.38,81.5,2.69,85.25,4.55,78.5,1.66,74.44,13.87,7.72
1725,raw/fullpaper/1725-法学研究-2015-3-行政诉讼司法建议制度的功能衍化-卢超-中国社科院法学所宪法行政法研究室.pdf,77.75,6.57,81.25,2.59,40.75,8.47,87.25,5.63,81.5,0.87,78.25,2.49,74.28,10.82,5.13
1726,raw/fullpaper/1726-法学研究-2020-1-行政诉讼给付判决的构造与功能-黄锴-浙江工业大学法学院.pdf,65.5,26.88,82.75,4.44,82.75,1.3,87.25,1.92,90.5,1.66,74.75,4.32,80.72,12.45,7.78
1727,raw/fullpaper/1727-法学研究-2017-2-行贿罪之_谋取不正当利益_的法理内涵-车浩-北京大学法学院.pdf,86.25,2.17,81.5,3.5,85.5,1.5,86.5,3.57,87.0,2.12,80.5,1.66,90.06,9.77,2.77
1728,raw/fullpaper/1728-法学研究-2017-2-表见代理中的被代理人可归责性-朱虎-中国人民大学民商事法律科学研究中心.pdf,69.5,15.6,84.0,1.22,88.25,2.49,89.5,1.66,88.0,0.0,65.0,0.0,83.93,10.72,4.03
1729,raw/fullpaper/1729-法学研究-2024-6-被动管理型信托的效力澄清-邹星光-清华大学法学院.pdf,80.75,2.59,86.0,2.12,79.25,6.22,86.0,1.22,86.25,2.17,80.75,1.3,87.96,11.97,3.0
1730,raw/fullpaper/1730-法学研究-2016-2-被害人因受骗而同意的法律效果-付立庆-中国人民大学刑事法律科学研究中心.pdf,79.25,10.54,88.0,3.74,87.0,2.12,87.75,0.43,84.75,4.09,65.75,2.59,87.68,8.52,4.52
1731,raw/fullpaper/1731-法学研究-2017-2-被误解和被高估的动态体系论-解亘-南京大学法学院.pdf,84.0,2.35,87.5,2.69,63.25,8.87,91.0,3.67,80.75,2.95,64.25,7.19,85.81,13.67,5.32
1732,raw/fullpaper/1732-法学研究-2019-1-被追诉人的权利处分_基础规范与制度构建-郭松-四川大学法学院.pdf,73.5,1.5,78.5,7.89,75.25,4.55,84.0,8.12,85.0,2.12,68.0,3.74,80.46,11.67,5.37
1733,raw/fullpaper/1733-法学研究-2020-5-被追诉人认罪认罚的撤回-汪海燕-中国政法大学刑事司法学院、_2011 计划_ 司法文明协同创新中心.pdf,80.75,4.38,83.75,5.31,60.0,15.64,88.0,3.74,88.0,1.87,73.5,6.1,82.5,15.53,7.13
1734,raw/fullpaper/1734-法学研究-2018-2-被遗忘权_传统元素、新语境与利益衡量-刘文杰-中国传媒大学法律系.pdf,83.25,4.92,82.5,4.33,70.0,8.92,81.0,1.87,78.0,3.74,65.5,6.58,83.21,16.25,5.85
1735,raw/fullpaper/1735-法学研究-2020-1-裁判文书援引学说的基本原理与规则建构-金枫梁-上海大学法学院.pdf,72.25,17.56,81.5,5.5,75.0,7.38,88.75,2.59,85.25,4.55,67.25,15.2,81.79,13.03,10.18
1736,raw/fullpaper/1736-法学研究-2016-6-西周邦国的法秩序构建_以新出金文为中心-王沛-华东政法大学法律古籍整理研究所副教授.pdf,52.5,13.46,79.0,4.36,76.5,11.06,87.75,1.79,84.25,2.49,57.5,10.9,73.26,16.55,8.48
1737,raw/fullpaper/1737-法学研究-2022-3-规划许可诉讼中邻人保护的权利基础与审查构造-赵宏-中国政法大学法学院.pdf,77.25,7.4,83.75,7.01,81.25,4.66,87.5,4.56,85.5,1.5,72.25,2.68,84.9,11.2,5.35
1738,raw/fullpaper/1738-法学研究-2023-1-规制大众传播媒介的回应权_功能延续与制度发展-朱虎-中国人民大学民商事法律科学研究中心.pdf,85.0,2.12,86.75,2.38,63.75,21.43,87.75,2.95,86.75,3.7,81.25,2.59,87.31,14.33,6.77
1739,raw/fullpaper/1739-法学研究-2019-6-规制抽象危险犯的新路径_双层法益与比例原则的融合-蓝学友-清华大学法学院.pdf,81.75,4.09,82.25,2.77,88.5,0.87,88.5,3.84,87.5,2.87,68.75,8.2,87.65,10.73,4.35
1740,raw/fullpaper/1740-法学研究-2016-5-规范说与侵权责任法第79条的适用——与袁中华博士商榷．-吴泽勇-河南大学法学院.pdf,68.75,11.03,84.5,4.27,68.75,16.78,90.25,3.03,86.25,3.03,71.5,9.6,80.51,15.33,9.18
1741,raw/fullpaper/1741-法学研究-2022-4-警察行政介入民事领域的正当性及类型化调控-陈鹏-厦门大学法学院.pdf,84.25,2.49,87.5,2.87,73.25,5.36,90.25,3.03,86.25,3.03,66.75,6.83,87.49,9.88,4.55
1742,raw/fullpaper/1742-法学研究-2025-3-计算机信息系统作为财产的私法保护-张浩然-中国社会科学院法学研究所.pdf,81.0,4.58,86.0,1.22,76.5,14.99,90.25,4.92,83.75,2.17,79.25,5.36,86.56,13.02,6.4
1743,raw/fullpaper/1743-法学研究-2018-2-认缴制后公司法资本规则的革新-丁勇-华东政法大学.pdf,72.5,21.75,69.75,28.74,86.5,2.69,90.0,1.41,91.0,1.0,71.25,17.2,81.44,16.45,14.02
1744,raw/fullpaper/1744-法学研究-2019-6-认罪认罚从宽中的特殊不起诉-董坤-最高人民检察院检察理论研究所.pdf,61.0,23.63,65.0,6.28,76.0,9.57,78.25,8.17,86.0,1.22,78.75,4.15,71.65,16.68,10.2
1745,raw/fullpaper/1745-法学研究-2017-3-认罪认罚何以从宽_误区与正解——反思效率优先的改革主张-左卫民-四川大学法学院.pdf,84.0,3.67,77.5,1.5,69.0,8.86,90.25,3.03,84.5,3.91,79.0,1.0,84.29,11.72,4.22
1746,raw/fullpaper/1746-法学研究-2018-1-认罪认罚案件的证明标准-孙长永-西南政法大学诉讼法与司法改革研究中心.pdf,83.25,3.03,74.25,9.96,70.25,9.71,85.75,5.12,87.75,1.79,76.25,5.45,82.43,14.62,6.75
1747,raw/fullpaper/1747-法学研究-2020-5-认罪认罚案件量刑建议研究-陈卫东-中国人民大学刑事法律科学研究中心.pdf,75.75,1.3,74.25,6.18,60.5,9.39,82.75,3.11,84.25,1.3,79.75,3.03,77.35,13.05,4.67
1748,raw/fullpaper/1748-法学研究-2023-2-许可权抑或禁止权_广播组织权的权能研究-王迁-华东政法大学.pdf,82.5,4.33,81.75,1.48,78.5,4.97,90.75,1.92,85.75,0.83,72.0,10.17,86.56,10.73,4.55
1749,raw/fullpaper/1749-法学研究-2021-1-论_数字人权_不构成第四代人权-刘志强-广州大学人权研究院.pdf,73.25,22.12,86.0,6.16,78.75,7.79,87.0,2.12,86.25,4.82,55.0,18.71,82.46,16.37,11.87
1750,raw/fullpaper/1750-法学研究-2021-1-论刑事综合型证明模式及其对印证模式的超越-向燕-西南政法大学.pdf,80.0,5.0,83.5,1.66,84.25,1.48,86.5,1.5,85.0,2.12,75.75,2.49,86.1,8.98,2.73
1751,raw/fullpaper/1751-法学研究-2023-2-论刑事远程审判的制度规制-崔永存-清华大学法学院.pdf,65.75,16.16,80.0,2.0,67.75,14.01,85.75,4.49,81.5,7.89,67.5,4.82,77.16,15.83,9.52
1752,raw/fullpaper/1752-法学研究-2021-3-论刑法教义学与实证研究-白建军-北京大学法学院.pdf,82.5,5.55,85.5,6.84,70.75,9.42,87.25,1.92,82.75,1.3,80.25,2.86,87.25,18.27,5.37
1753,raw/fullpaper/1753-法学研究-2021-6-论区块链证据-刘品新-中国人民大学法学院.pdf,69.5,23.25,79.0,6.2,85.5,7.92,86.5,1.5,82.5,3.57,73.0,7.0,81.56,17.63,9.52
1754,raw/fullpaper/1754-法学研究-2023-4-论我国宪法上的议行复合结构-杜强强-首都师范大学政法学院.pdf,74.75,10.8,83.0,6.28,59.5,21.05,88.0,2.12,87.75,1.79,79.0,3.94,80.12,17.43,8.85
1755,raw/fullpaper/1755-法学研究-2023-4-论我国诉讼证据审查要素及审查方法的调整改革-龙宗智-四川大学法学院.pdf,80.25,4.92,77.5,4.56,79.25,5.85,88.5,4.09,78.5,7.89,75.0,5.0,84.37,17.47,6.23
1756,raw/fullpaper/1756-法学研究-2025-3-论政策对刑事诉讼的作用-孙皓-天津大学法学院.pdf,35.0,6.12,55.0,12.25,42.0,4.95,81.0,2.74,75.75,2.49,65.5,5.5,51.76,10.07,6.57
1757,raw/fullpaper/1757-法学研究-2024-4-论数字法院-贾宇-上海市高级人民法院.pdf,31.25,2.17,48.25,9.04,52.5,2.87,74.0,3.67,70.0,2.0,75.75,2.86,49.06,16.27,4.33
1758,raw/fullpaper/1758-法学研究-2020-5-论权利之功能-张恒山-天津大学法学院.pdf,61.0,15.76,72.5,7.5,68.75,8.47,89.5,2.87,83.5,3.64,48.75,11.92,73.78,17.4,9.67
1759,raw/fullpaper/1759-法学研究-2019-4-论民事规训关系--基于福柯权力理论的一种阐释-汪志刚-江西财经大学.pdf,56.25,24.48,71.5,5.22,86.5,1.5,84.0,3.67,84.75,2.17,74.25,10.21,74.71,15.63,9.08
1760,raw/fullpaper/1760-法学研究-2017-6-论海法-司玉琢-大连海事大学.pdf,32.5,4.56,53.75,15.94,45.75,6.06,79.75,4.82,70.75,15.3,72.25,0.43,50.96,15.17,9.08
1761,raw/fullpaper/1761-法学研究-2019-6-论清代刑案诸证一致的证据标准——以同治四年郑庆年案为例-王志强-复旦大学法学院.pdf,82.0,5.79,70.0,4.42,79.5,4.03,89.75,4.49,88.0,1.41,69.0,2.92,83.56,8.98,4.45
1762,raw/fullpaper/1762-法学研究-2024-2-论罪量的归属-郑超-华东师范大学法学院.pdf,73.5,11.06,79.0,3.32,77.25,6.06,82.5,3.57,90.5,3.2,81.25,2.59,82.57,12.03,5.73
1763,raw/fullpaper/1763-法学研究-2016-3-论行政行为_明显不当-何海波-清华大学法学院.pdf,87.25,1.3,85.75,1.48,83.5,7.23,88.75,2.59,88.0,1.41,79.5,3.64,89.59,14.15,3.38
1764,raw/fullpaper/1764-法学研究-2022-5-论选择性要素的认识错误-柏浪涛-华东师范大学法学院.pdf,88.0,0.0,91.5,3.91,88.0,3.08,88.0,0.0,84.0,3.67,76.75,3.7,91.82,9.8,2.77
1765,raw/fullpaper/1765-法学研究-2023-2-论防卫人的救助义务——自由分配视角下的正当防卫与先前行为-赵雪爽-中国政法大学刑事司法学院.pdf,80.25,12.97,86.75,1.3,85.75,1.3,92.25,2.68,84.5,5.77,71.5,3.5,88.57,9.0,5.3
1766,raw/fullpaper/1766-法学研究-2024-2-论预防型法治-黄文艺-中国人民大学法学院.pdf,35.0,5.0,71.5,12.6,70.75,7.66,89.0,4.12,84.5,2.6,75.5,2.6,62.6,12.23,6.65
1767,raw/fullpaper/1767-法学研究-2025-1-论驳回公诉制度及其在我国刑事诉讼中的引入-郭烁-中国政法大学诉讼法学研究院.pdf,85.0,3.08,81.5,2.96,87.75,2.95,86.5,1.5,85.25,1.79,82.0,3.08,90.01,10.23,2.97
1768,raw/fullpaper/1768-法学研究-2025-3-证券市场自愿性信息披露的规制-陈洁-中国社会科学院法学研究所.pdf,60.75,18.18,81.75,6.65,76.0,6.04,78.0,3.74,84.75,4.32,77.0,2.12,75.44,21.6,7.9
1769,raw/fullpaper/1769-法学研究-2021-2-证据属性层次论——基于证据规则结构体系的理论反思-郑飞-北京交通大学法学院.pdf,78.25,6.02,86.25,3.03,84.5,7.26,85.25,1.64,84.0,1.22,80.5,3.64,87.88,14.28,4.38
1770,raw/fullpaper/1770-法学研究-2019-5-证据法体系化的法理阐释-吴洪淇-中国政法大学证据科学教育部重点实验室.pdf,41.5,25.9,78.75,3.27,67.0,10.22,80.75,2.77,83.5,1.12,70.75,4.87,64.0,15.2,9.27
1771,raw/fullpaper/1771-法学研究-2020-5-证明责任制度本质重述-胡学军-华东政法大学法律学院.pdf,74.0,9.92,75.75,12.32,65.5,13.67,83.75,1.3,85.75,1.3,72.25,6.18,78.21,16.08,8.6
1772,raw/fullpaper/1772-法学研究-2021-3-诈骗罪中的处分意识_必要性及判别-袁国何-复旦大学法学院.pdf,85.25,0.43,84.0,3.74,85.5,0.5,91.5,2.06,88.75,2.59,69.0,3.94,89.47,9.23,2.55
1773,raw/fullpaper/1773-法学研究-2022-2-诉讼外鉴定的类型化及其司法审查-曹志勋-北京大学法学院.pdf,85.25,4.09,81.25,2.59,70.25,17.89,86.0,1.73,86.75,1.3,75.5,4.77,84.84,19.62,6.23
1774,raw/fullpaper/1774-法学研究-2016-4-诉讼标的理论的新范式——_相对化_与我国民事审判实务-陈杭平-清华大学法学院副教授.pdf,81.5,3.91,85.5,4.15,82.75,4.49,89.25,2.95,86.5,1.12,77.25,1.3,87.49,9.85,3.45
1775,raw/fullpaper/1775-法学研究-2022-2-诚信原则修正功能的个案运用———以最高人民法院_华诚案_判决为分析对象-于飞-中国政法大学民商经济法学院.pdf,85.25,4.55,82.5,2.87,86.75,3.03,87.0,3.32,90.0,1.41,73.5,1.5,88.28,8.1,3.2
1776,raw/fullpaper/1776-法学研究-2015-1-诱惑侦查的程序控制-程雷-中国人民大学刑事法律科学研究中心.pdf,82.5,4.82,85.0,2.12,74.25,1.48,81.5,3.5,81.25,2.59,74.75,4.55,84.4,11.98,3.67
1777,raw/fullpaper/1777-法学研究-2023-6-调整个性化定价的公私法协动体系构造-冯洁语-南京大学法学院.pdf,84.0,1.22,85.75,1.3,76.25,8.61,87.0,3.0,88.25,2.49,77.0,4.36,86.75,11.68,4.03
1778,raw/fullpaper/1778-法学研究-2023-3-貌离神合_家庭财产法对传统家观念的呈现-汪洋-清华大学法学院.pdf,75.25,4.55,74.25,11.69,70.5,12.36,82.0,4.24,82.25,2.68,71.0,3.67,78.76,17.85,7.55
1779,raw/fullpaper/1779-法学研究-2024-5-财产犯罪中财产性利益的事实占有_以存款债权为中心-徐凌波-南京大学法学院.pdf,85.25,4.55,88.75,2.59,89.75,2.86,88.25,0.43,86.0,4.69,72.5,2.5,90.57,9.2,3.4
1780,raw/fullpaper/1780-法学研究-2016-1-财政补助社会保险的法学透析_以二元分立为视角-熊伟-武汉大学法学院.pdf,59.5,25.73,63.75,11.92,60.75,14.34,87.0,5.39,80.0,3.81,80.0,5.66,72.19,20.8,12.87
1781,raw/fullpaper/1781-法学研究-2024-2-货币返还请求权规则的重构-马强-上海交通大学凯原法学院.pdf,84.5,2.87,89.25,1.3,78.0,10.46,91.5,0.87,84.5,1.5,75.25,2.17,89.12,10.0,3.68
1782,raw/fullpaper/1782-法学研究-2015-1-货运代理转委托行为的类型区分及法律效力-方新军-苏州大学王健法学院.pdf,67.75,18.93,84.0,5.1,87.5,5.72,89.0,4.12,84.0,3.67,80.25,5.12,85.06,12.28,8.22
1783,raw/fullpaper/1783-法学研究-2022-6-贿赂犯罪治理策略的定量研究-赵军-北京师范大学刑事法律科学研究院.pdf,83.25,5.36,86.0,2.45,70.0,14.65,89.5,4.33,81.0,7.81,81.75,2.05,88.03,11.62,7.05
1784,raw/fullpaper/1784-法学研究-2025-3-赓续法脉_中华法的条标立法设置-周东平-厦门大学法学院.pdf,59.25,20.1,81.0,7.28,72.5,11.86,83.5,3.2,84.75,2.38,77.5,3.57,75.41,17.63,9.32
1785,raw/fullpaper/1785-法学研究-2016-6-起诉条件前置审理论-段文波-西南政法大学教授.pdf,61.0,12.04,76.25,3.63,62.75,12.64,76.75,3.7,88.25,2.49,65.0,2.12,71.6,13.78,7.05
1786,raw/fullpaper/1786-法学研究-2023-1-超越所有权保留的名实之争——选择性救济路径之证成-庄加园-上海交通大学凯原法学院.pdf,87.5,2.87,80.75,3.83,85.5,7.92,85.25,4.32,79.0,8.86,80.5,5.32,90.03,17.55,6.35
1787,raw/fullpaper/1787-法学研究-2021-3-跨法域合同纠纷中强制性规范的类型及认定规则-陈醇-浙江师范大学法政学院.pdf,72.0,15.8,89.0,1.73,85.0,2.12,86.0,3.67,84.25,1.3,77.75,1.79,84.59,10.87,5.07
1788,raw/fullpaper/1788-法学研究-2017-6-路检盘查的实施依据与程序监督-邓子滨-中国社会科学院法学研究所.pdf,56.75,13.1,73.25,10.66,69.0,8.54,83.75,3.63,76.75,7.69,81.25,3.27,74.15,16.4,9.03
1789,raw/fullpaper/1789-法学研究-2018-3-转型期国家认同困境与宪法学的回应-陈明辉-中南财经政法大学法学院.pdf,54.25,22.0,76.25,5.85,71.5,6.38,85.25,4.55,83.75,1.79,65.75,3.77,72.76,16.3,8.55
1790,raw/fullpaper/1790-法学研究-2015-6-转基因作物基因污染受害者的请求权-阙占文-江西财经大学法学院.pdf,63.75,14.46,82.75,6.76,77.25,3.96,84.5,3.84,91.25,3.77,64.5,2.87,78.49,15.72,6.85
1791,raw/fullpaper/1791-法学研究-2024-6-过分高于损失_违约金调整的基本标准——以民法典第585条第2款为中心-王利明-中国人民大学法学院.pdf,63.0,13.75,80.25,2.86,73.0,4.12,88.5,2.5,82.5,2.87,36.25,8.93,74.82,18.05,6.75
1792,raw/fullpaper/1792-法学研究-2019-2-迈向公私合作型行政法-章志远-华东政法大学.pdf,63.75,11.58,78.25,2.49,67.0,13.4,81.0,1.73,84.0,1.41,82.0,2.45,76.79,12.32,6.37
1793,raw/fullpaper/1793-法学研究-2018-4-迈向大数据法律研究-左卫民-四川大学法学院.pdf,35.0,0.0,73.0,3.0,37.0,11.16,78.5,3.5,72.75,3.11,77.0,2.12,54.53,12.48,4.4
1794,raw/fullpaper/1794-法学研究-2024-1-迈向自主法学知识体系的比较法研究范式——以2003-2022年的比较法论文为样本-宋亚辉-南京大学法学院.pdf,60.0,14.82,86.5,1.5,66.75,15.61,84.75,4.09,82.75,3.11,74.25,2.49,76.25,14.03,8.0
1795,raw/fullpaper/1795-法学研究-2020-5-近代中国刑事上诉制度的生成及展开-胡震-中国农业大学人文与发展学院.pdf,40.0,3.54,81.75,2.86,59.25,10.18,76.75,5.45,74.5,7.53,58.25,12.21,61.87,14.17,8.05
1796,raw/fullpaper/1796-法学研究-2018-3-近代中国法学学术团体考证-王灏-中国法学杂志社.pdf,31.25,2.17,48.25,4.09,33.75,5.45,71.75,5.4,46.25,11.39,33.75,2.17,45.22,12.72,5.88
1797,raw/fullpaper/1797-法学研究-2023-4-近代中国统一法律适用的实践-聂鑫-清华大学法学院.pdf,43.25,4.66,68.0,7.35,48.75,2.17,79.0,3.67,84.25,2.49,36.75,14.72,58.46,15.37,6.75
1798,raw/fullpaper/1798-法学研究-2022-2-返还原物请求权如何适用诉讼时效———民法典第196条第2项的解释论-孙鹏-西南政法大学民商法学院.pdf,82.5,6.18,85.75,2.49,90.0,3.08,86.75,3.11,67.75,27.81,70.75,4.38,75.0,13.32,9.07
1799,raw/fullpaper/1799-法学研究-2021-4-违约获益交出责任的正当性与独立性-吴国喆-西安交通大学法学院.pdf,85.75,2.49,88.75,2.59,73.0,10.89,81.75,2.49,83.25,3.7,66.75,6.06,86.26,15.52,5.45
1800,raw/fullpaper/1800-法学研究-2015-3-违约金担保功能的异化与回归——以对违约金类型的考察为中心-韩强-华东政法大学.pdf,64.5,15.6,79.25,4.87,79.25,4.87,83.5,4.33,82.75,3.11,77.5,2.87,78.04,16.87,6.85
1801,raw/fullpaper/1801-法学研究-2015-4-违约金的类型构造-姚明斌-华东政法大学.pdf,85.25,3.27,73.0,24.99,86.5,1.5,87.75,2.68,84.25,11.23,73.25,4.66,86.18,16.07,9.32
1802,raw/fullpaper/1802-法学研究-2025-2-违规合同的效力评价_路径与方法-蔡睿-中国社会科学院法学研究所.pdf,79.0,6.75,84.5,1.5,80.25,4.76,90.25,1.48,91.0,2.92,72.5,2.5,86.16,7.52,3.83
1803,raw/fullpaper/1803-法学研究-2023-2-连带债务发生明定主义之反思-张定军-华中科技大学法学院.pdf,85.25,0.43,76.25,8.61,85.0,1.87,89.25,2.95,87.75,1.79,78.0,3.08,87.03,9.8,3.62
1804,raw/fullpaper/1804-法学研究-2017-5-追求裁判的社会效果_1983-2012-宋亚辉-南京大学法学院.pdf,84.25,3.77,83.5,1.5,52.5,22.54,90.5,5.02,77.5,7.63,79.5,1.66,82.94,16.08,8.08
1805,raw/fullpaper/1805-法学研究-2015-5-适于法治的法律体系模式-雷磊-中国政法大学法学院.pdf,69.5,17.41,81.25,1.3,80.25,4.76,88.0,3.08,87.0,2.12,63.25,4.92,81.51,14.45,6.47
1806,raw/fullpaper/1806-法学研究-2018-3-逮捕制度再改革的法释义学解读-李训虎-中国政法大学证据科学研究院.pdf,69.25,8.17,82.0,2.12,79.0,3.67,84.75,4.97,79.75,7.46,74.25,6.34,80.62,12.87,6.27
1807,raw/fullpaper/1807-法学研究-2024-3-逮捕审查判断中犯罪嫌疑人社会危险性的量化评估-周翔-浙江大学光华法学院.pdf,68.25,10.64,73.5,3.2,86.0,1.22,85.5,2.87,83.5,3.84,77.0,2.12,79.68,12.15,4.58
1808,raw/fullpaper/1808-法学研究-2016-6-道路交通事故责任认定研究-余凌云-清华大学法学院教授.pdf,64.5,15.58,69.5,11.32,50.75,5.85,89.5,4.33,80.25,3.19,81.25,2.59,74.13,15.02,8.27
1809,raw/fullpaper/1809-法学研究-2019-3-避税行为可罚性之探究-汤洁茵-中国社会科学院大学政法学院.pdf,79.25,8.32,86.25,1.64,78.75,9.78,82.5,2.87,81.25,4.15,60.0,5.0,84.57,11.45,6.12
1810,raw/fullpaper/1810-法学研究-2016-1-醉酒型危险驾驶罪量刑影响因素实证研究-文姬-湖南大学法学院.pdf,63.75,11.58,36.75,25.53,74.25,11.23,70.75,2.95,80.0,3.81,68.75,4.15,60.9,22.5,11.42
1811,raw/fullpaper/1811-法学研究-2019-4-释明变更诉讼请求的标准--兼论_证据规定_第 35条第 1款的规范目的-任重-清华大学法学院.pdf,79.0,6.75,79.5,6.18,77.25,11.69,85.0,0.0,87.25,2.86,78.25,2.86,83.22,9.25,5.83
1812,raw/fullpaper/1812-法学研究-2017-3-重复诉讼禁止及其在知识产权民事纠纷中的应用——基本概念解析、重塑与案例群形成-卜元石-德国弗莱堡大学.pdf,68.75,13.86,85.5,2.6,74.25,5.12,85.5,1.5,80.75,3.42,80.0,5.0,82.6,17.32,6.05
1813,raw/fullpaper/1813-法学研究-2022-5-重思个人信息权利束的保障机制_行政监管还是民事诉讼-王锡锌-北京大学法学院.pdf,74.5,19.96,83.75,3.19,79.0,5.74,87.75,0.43,85.5,1.5,83.75,2.17,85.59,11.2,6.33
1814,raw/fullpaper/1814-法学研究-2021-4-量刑指导意见的司法实践与重构——以盗窃罪为切入点-彭雅丽-美国芝加哥大学.pdf,81.5,5.22,85.0,0.0,69.25,18.48,85.0,4.12,84.5,4.09,83.25,2.05,85.99,12.95,6.53
1815,raw/fullpaper/1815-法学研究-2021-6-量刑自由裁量权的边界_集体经验、个体决策与偏差识别-吴雨豪-北京大学国际法学院.pdf,74.25,3.77,79.0,5.92,84.25,6.06,88.0,3.08,87.75,1.79,82.25,1.79,85.37,12.52,4.32
1816,raw/fullpaper/1816-法学研究-2019-6-金融法中混业_但书_规定之反思-刘志伟-西南政法大学经济法学院.pdf,75.5,11.97,68.75,8.17,67.0,5.43,80.0,2.0,84.75,4.09,77.0,2.12,76.47,12.17,6.48
1817,raw/fullpaper/1817-法学研究-2018-5-金融科技背景下金融监管范式的转变-周仲飞-中国浦东干部学院.pdf,60.5,13.16,73.5,2.6,77.0,5.0,81.75,3.27,83.75,3.42,78.25,2.49,74.47,14.18,5.77
1818,raw/fullpaper/1818-法学研究-2019-5-金钱 _占有即所有_原理批判及权利流转规则之重塑-孙鹏-西南政法大学民商法学院.pdf,86.5,3.84,85.25,2.17,89.25,2.95,86.5,1.5,86.5,1.5,71.75,2.49,89.69,9.07,2.77
1819,raw/fullpaper/1819-法学研究-2015-6-间接正犯概念之否定——单一正犯体系的视角-刘明祥-中国人民大学刑事法律科学研究中心.pdf,75.75,4.26,82.25,2.68,58.5,14.57,86.75,3.03,79.0,3.67,45.0,10.0,78.82,13.2,7.33
1820,raw/fullpaper/1820-法学研究-2023-6-防卫过当的阶层式判断规则-高巍-云南大学法学院.pdf,87.0,2.12,83.75,3.27,89.75,2.86,85.75,1.3,91.0,1.0,78.75,5.45,89.43,7.77,3.08
1821,raw/fullpaper/1821-法学研究-2019-3-防卫限度判断中的利益衡量-徐成-北京大学法学院.pdf,83.75,3.03,87.5,2.96,88.0,1.87,88.75,2.59,89.0,1.73,71.0,3.67,89.56,9.25,3.05
1822,raw/fullpaper/1822-法学研究-2019-6-附条件不起诉制度实施状况研究-何挺-北京师范大学刑事法律科学研究院.pdf,32.5,4.33,53.75,17.15,64.5,12.58,85.0,4.58,78.0,4.24,79.25,2.95,55.5,15.07,8.82
1823,raw/fullpaper/1823-法学研究-2021-1-陕西紫阳诉讼档案中的清代土地交易规范及其私法理念-汪世荣-西北政法大学法治学院.pdf,58.0,5.87,75.0,3.0,70.75,9.42,82.5,2.87,77.0,3.0,41.25,4.15,72.01,13.98,5.47
1824,raw/fullpaper/1824-法学研究-2025-2-集体商标和证明商标保护体系的重构-王迁-华东政法大学.pdf,86.75,1.3,85.0,2.12,80.0,5.83,87.5,3.57,89.5,1.66,83.0,1.22,90.32,8.67,3.0
1825,raw/fullpaper/1825-法学研究-2022-1-集体建设用地向宅基地的地性转换-耿卓-广东外语外贸大学土地法制研究院.pdf,35.0,9.35,74.25,2.49,61.5,7.89,80.5,4.97,81.5,4.09,75.0,2.12,59.62,12.25,5.93
1826,raw/fullpaper/1826-法学研究-2018-6-集体法益的刑法保护及其边界-孙国祥-南京大学法学院.pdf,67.5,10.16,77.0,5.43,62.5,7.63,85.0,0.0,65.75,33.34,74.0,7.18,75.0,14.7,12.27
1827,raw/fullpaper/1827-法学研究-2022-3-集体经营性资产股份合作与农村集体经济组织之关系重构-宋志红-中央财经大学法学院.pdf,74.0,15.28,67.25,21.7,84.25,8.44,84.0,2.35,85.25,3.9,81.5,0.87,81.57,15.02,10.1
1828,raw/fullpaper/1828-法学研究-2016-4-雾霾应急的中国实践与环境法理-陈海嵩-中南大学法学院教授.pdf,83.5,4.56,85.0,2.12,84.5,1.5,86.5,3.84,77.5,8.99,80.5,5.32,89.74,13.07,5.05
1829,raw/fullpaper/1829-法学研究-2020-6-非法人组织与其他组织的关系困局及其破解-谭启平-西南政法大学民商法学院.pdf,80.25,2.86,83.0,2.74,78.5,5.22,88.75,2.59,84.25,2.49,81.75,1.09,87.59,8.33,3.28
1830,raw/fullpaper/1830-法学研究-2015-5-非法集资刑事案件涉案财产处置程序的商法之维-陈醇-浙江师范大学法政学院.pdf,64.0,17.62,48.75,26.78,70.0,5.43,84.25,1.3,85.25,0.43,78.5,3.5,66.24,20.73,10.58
1831,raw/fullpaper/1831-法学研究-2019-4-面向共治格局的法治形态及其展开-杜辉-重庆大学法学院.pdf,39.25,9.83,67.5,2.87,49.5,7.3,82.25,4.71,81.0,1.0,77.25,1.92,57.82,13.15,5.32
1832,raw/fullpaper/1832-法学研究-2016-5-预约合同效力和违约救济的实证考察与应然路径-耿利航-山东大学法学院.pdf,80.75,2.95,78.75,6.83,85.0,2.12,86.75,1.3,83.25,1.3,65.5,6.58,85.44,12.47,4.05
1833,raw/fullpaper/1833-法学研究-2017-4-预防刑法的扩张及其限度-何荣功-武汉大学法学院.pdf,75.5,4.77,73.5,1.5,56.75,13.94,87.0,5.39,84.25,3.77,76.75,3.7,77.43,18.45,6.35
1834,raw/fullpaper/1834-法学研究-2022-5-风险规制中的央地政府关系之规范建构-靳文辉-重庆大学法学院.pdf,46.75,4.66,66.75,11.03,77.75,3.63,80.75,2.95,80.75,2.95,77.5,4.82,64.93,12.13,5.78
1835,raw/fullpaper/1835-法学研究-2021-1-风险预防原则的结构化阐释-苏宇-中国人民公安大学法学院.pdf,55.75,16.33,85.75,5.12,86.5,7.23,85.75,1.3,83.25,3.03,78.0,3.08,78.29,12.07,6.95
1836,raw/fullpaper/1836-法学研究-2018-1-马克思主义法律理论中国化的当代意义-封丽霞-中共中央党校政法教研部.pdf,33.75,4.15,42.25,7.5,36.25,2.17,76.0,4.69,47.5,4.82,26.25,11.39,46.13,13.42,6.68
1837,raw/fullpaper/1837-法学研究-2025-4-习近平法治思想中的法治文化概念-刘晓林-吉林大学法学院.pdf,27.5,4.33,50.5,13.14,46.25,2.17,64.25,5.12,51.25,7.4,32.25,6.18,44.87,11.97,7.37
1838,raw/fullpaper/1838-法学研究-2025-4-实质主义宪法监督_内涵、逻辑与实践-朱全宝-深圳大学法学院.pdf,30.0,0.0,64.5,12.18,54.75,0.43,81.5,2.18,76.25,6.65,60.75,4.38,54.6,12.22,4.98
1839,raw/fullpaper/1839-法学研究-2025-4-劳动法视野下工作生活平衡原则的确立与规则建构-谢增毅-中国社会科学院法学研究所.pdf,40.75,8.32,55.5,18.12,65.75,8.17,85.5,4.82,76.75,3.7,68.25,3.42,59.16,14.8,8.95
1840,raw/fullpaper/1840-法学研究-2025-4-生命体尊严_生命尊严的法律内涵解释-汪志刚-江西财经大学法学院.pdf,87.0,2.12,89.0,1.73,66.75,15.99,86.0,1.22,81.25,4.15,77.5,2.87,86.66,11.87,5.4
1841,raw/fullpaper/1841-法学研究-2025-4-前占有人原物返还请求权的理论与规范-吴训祥-北京大学法学院.pdf,86.0,3.67,85.75,1.3,84.75,4.09,87.0,2.12,67.5,34.54,72.5,2.87,75.0,9.15,9.33
1842,raw/fullpaper/1842-法学研究-2025-4-电子游戏著作权保护中思想与表达的界分方法-朱冬-南开大学法学院.pdf,86.0,1.22,84.25,1.3,86.0,1.22,88.5,0.87,87.5,1.8,71.5,2.18,89.18,7.37,1.65
1843,raw/fullpaper/1843-法学研究-2025-4-构思决定论视野下生成式人工智能生成物的版权保护-张金平-中央财经大学法学院.pdf,73.25,27.9,82.0,7.04,85.0,0.0,80.75,4.38,84.5,1.5,80.5,1.66,84.15,12.47,8.17
1844,raw/fullpaper/1844-法学研究-2025-4-财产损害与盗窃罪认定-付立庆-中国人民大学刑事法律科学研究中心.pdf,84.0,3.67,87.0,5.39,77.5,13.16,90.0,3.08,85.75,2.49,74.5,2.87,87.97,12.75,5.9
1845,raw/fullpaper/1845-法学研究-2025-4-财产性判项与减刑假释关联机制改革实效评估-劳佳琦-北京师范大学法学院.pdf,61.0,20.82,48.0,18.83,61.75,15.86,84.0,3.67,76.5,5.17,78.0,3.08,63.49,20.18,12.97
1846,raw/fullpaper/1846-法学研究-2025-4-犯罪追诉数字化背景下嫌疑判断的演化与程序法规制的因应-裴炜-北京航空航天大学法学院.pdf,78.75,4.32,64.5,14.43,82.0,6.16,90.5,0.87,81.75,3.77,70.25,3.03,81.74,13.53,6.27
1847,raw/fullpaper/1847-法学研究-2025-4-西汉淳于意狱案发覆-张传玺-中国政法大学法律古籍整理研究所.pdf,61.0,19.52,79.5,1.66,30.0,6.12,86.5,1.5,84.5,4.27,51.25,10.83,65.88,18.87,8.43
1848,raw/fullpaper/1848-法学研究-2025-4-宪法秩序下如何安放法典——从_基础性法律_的适用切入-张翔-北京大学法学院.pdf,86.25,3.03,88.5,0.87,77.5,7.63,91.5,0.87,89.25,1.64,74.0,5.34,89.47,9.28,3.73
1849,raw/fullpaper/1849-法学研究-2025-5-人工智能时代的就业替代与法律应对_中国方案建构-杨建军-西北政法大学法治学院.pdf,31.25,5.45,72.0,7.71,43.75,2.17,79.0,1.73,78.0,6.63,75.5,4.27,54.28,15.3,5.38
1850,raw/fullpaper/1850-法学研究-2025-5-数字时代行政机关处理个人信息的性质界定与授权规则-赵鹏-中国政法大学法治政府研究院.pdf,86.5,3.2,87.25,1.92,76.0,10.77,89.25,2.95,72.5,23.41,77.5,0.87,75.0,17.87,8.28
1851,raw/fullpaper/1851-法学研究-2025-5-论电子证据体系原理-刘品新-中国人民大学刑事法律科学研究中心.pdf,49.75,12.38,68.75,2.59,74.25,14.86,90.25,3.03,86.75,1.3,75.0,3.0,68.07,12.45,7.17
1852,raw/fullpaper/1852-法学研究-2025-5-司法人工智能的理由模式及其功能限度-徐舒浩-上海交通大学凯原法学院.pdf,82.25,4.6,84.5,5.77,85.75,1.3,89.5,2.18,85.75,1.3,83.75,2.17,90.1,13.6,3.33
1853,raw/fullpaper/1853-法学研究-2025-5-非典型电子证券转让的一般规则——以应收账款电子凭证为例-武腾-中央财经大学法学院.pdf,84.25,2.49,76.75,16.99,87.25,1.3,89.75,0.43,86.25,1.09,81.75,2.05,89.31,9.83,4.7
1854,raw/fullpaper/1854-法学研究-2025-5-个人信息作为对待给付-王琦-北京航空航天大学法学院.pdf,86.0,1.22,86.25,4.15,85.75,3.96,88.5,0.87,75.0,19.09,81.75,1.09,91.6,12.1,5.85
1855,raw/fullpaper/1855-法学研究-2025-5-人工智能侵权的过错责任-林洹民-上海交通大学凯原法学院.pdf,78.0,10.46,88.0,3.08,69.0,14.54,89.75,2.86,84.5,2.87,77.0,3.61,84.53,14.07,7.22
1856,raw/fullpaper/1856-法学研究-2025-5-我国轻微犯罪记录封存制度构建研究-姚莉-中南财经政法大学法学院.pdf,55.75,14.7,83.75,7.01,55.0,22.11,88.5,4.09,80.75,2.95,60.5,16.22,72.91,19.5,12.9
1857,raw/fullpaper/1857-法学研究-2025-5-论包括一罪的构造——以涉及同一罪名的情形为检验素材-曾文科-中国政法大学刑事司法学院.pdf,82.0,3.08,84.25,11.69,90.5,3.2,90.0,3.54,88.5,2.18,72.75,5.07,88.91,13.65,5.55
1858,raw/fullpaper/1858-法学研究-2025-5-共同关系与共有类型-章程-浙江大学光华法学院.pdf,85.0,2.12,84.5,1.5,86.5,1.5,86.25,3.03,86.75,1.3,77.5,4.82,88.44,11.77,2.73
1859,raw/fullpaper/1859-法学研究-2025-5-公司法上个人责任归属的组织法逻辑-冯成丰-北京大学法学院.pdf,74.0,20.82,77.75,16.07,81.75,5.67,87.0,2.92,88.5,2.5,76.75,3.7,82.31,14.42,9.97
1860,raw/fullpaper/1860-法学研究-2025-5-诉权处分合同的程序法效果及其司法审查-朱禹臣-中国人民大学法学院.pdf,85.25,3.27,84.0,3.67,87.75,2.68,86.5,1.5,90.25,3.03,79.5,9.23,88.69,10.68,4.5
1861,raw/fullpaper/1861-法学研究-2025-6-发展导向型行政法的中国命题-卢超-中国社会科学院法学研究所.pdf,50.0,15.48,74.5,6.1,52.75,3.96,78.25,2.49,85.25,1.79,74.0,5.52,65.9,12.55,6.82
1862,raw/fullpaper/1862-法学研究-2025-6-信息能力对法律规范形态的塑造-李晟-中国海洋大学法学院.pdf,80.25,3.49,82.75,4.49,85.5,4.33,82.25,2.68,84.5,1.12,82.75,1.92,87.24,13.52,3.47
1863,raw/fullpaper/1863-法学研究-2025-6-作为基本权利的职业自由-杜吾青-中国人民大学纪检监察学院.pdf,72.5,16.01,59.5,32.04,86.25,4.15,84.5,1.5,85.75,2.49,80.75,4.38,79.69,9.72,11.67
1864,raw/fullpaper/1864-法学研究-2025-6-生态环境法典的复合结构及其体系化适用-陈海嵩-武汉大学环境法研究所.pdf,84.5,2.29,83.75,1.09,86.25,3.03,85.75,1.3,88.25,2.49,82.0,3.08,89.93,8.65,2.57
1865,raw/fullpaper/1865-法学研究-2025-6-股权转让中的出资义务承担——以组织法与行为法融贯为视角-李宇-浙江大学光华法学院.pdf,82.25,10.06,91.0,3.46,89.25,2.95,90.25,2.28,86.0,2.45,81.75,2.49,92.43,8.9,4.55
1866,raw/fullpaper/1866-法学研究-2025-6-要素市场中企业数据的法益识别与刑法保护-欧阳本祺-东南大学法学院.pdf,67.5,16.39,86.5,2.96,86.0,4.24,85.5,4.33,84.5,2.87,75.0,4.95,82.47,13.87,6.87
1867,raw/fullpaper/1867-法学研究-2025-6-公法属地原则与域外适用的博弈共存-章晶-河海大学法学院.pdf,71.0,12.69,87.5,2.87,79.75,6.94,89.75,2.05,86.5,1.5,72.0,4.95,83.84,11.27,5.97
1868,raw/fullpaper/1868-法学研究-2025-6-人工智能综合性立法及其实现-周辉-中国社会科学院法学研究所.pdf,48.75,20.73,82.5,2.5,62.5,21.93,86.25,3.03,86.25,1.09,62.5,13.14,67.94,16.62,12.02
1869,raw/fullpaper/1869-法学研究-2025-6-人工智能法学之类比方法及其省思_以AIGC著作权保护问题为例-吕炳斌-复旦大学法学院.pdf,81.5,4.33,87.5,2.5,76.5,8.05,82.5,2.69,83.75,1.79,82.5,0.87,87.26,13.68,3.9
1870,raw/fullpaper/1870-法学研究-2025-6-自动驾驶分级治理的法理反思与规则重构-郑志峰-西南政法大学民商法学院.pdf,68.5,18.03,75.5,3.28,89.25,2.95,81.25,3.27,86.25,1.3,67.25,1.3,79.81,16.02,5.8
1871,raw/fullpaper/1871-法学研究-2025-6-从直觉到证据_大模型法律语料库与法律解释客观化-江海洋-山东大学法学院.pdf,62.5,13.88,80.0,5.43,74.75,8.35,80.25,2.86,82.75,3.11,78.25,7.19,75.96,16.08,7.85
1872,raw/fullpaper/1872-法学研究-2025-6-人工智能对刑事证明结构的影响及其制度因应-沈磊-北京大学法学院.pdf,67.75,11.32,67.5,8.65,84.25,7.5,84.5,3.91,85.75,1.3,77.0,4.06,77.54,13.8,7.08
1873,raw/fullpaper/1873-中国法学-2025-4-全国统一大市场的监管权配置研究-宋亚辉-南京大学法学院.pdf,67.25,19.06,82.5,4.82,71.25,5.63,83.5,3.2,83.25,3.27,72.25,4.38,78.37,15.35,7.78
1874,raw/fullpaper/1874-中国法学-2025-4-论我国金融监管透明度的二元治理模式-刘盛-华南理工大学法学院.pdf,63.0,11.81,66.75,9.15,75.25,6.3,81.0,2.24,76.25,6.65,63.75,7.4,73.28,16.4,8.38
1875,raw/fullpaper/1875-中国法学-2025-4-民法典约定解除权制度的构造与适用-刘承韪-中国政法大学比较法学研究院.pdf,81.25,5.63,79.0,9.87,83.25,3.7,85.5,2.87,85.75,2.49,83.25,3.03,87.07,13.02,5.32
1876,raw/fullpaper/1876-中国法学-2025-4-民法典合同编通则解释中的证据规范研究-王雷-中国人民大学民商事法律科学研究中心.pdf,78.25,4.92,60.5,17.98,75.5,9.66,79.75,3.03,81.0,3.67,75.25,4.09,76.94,16.2,8.35
1877,raw/fullpaper/1877-中国法学-2025-4-论行政协议中的行政优益权-余凌云-清华大学法学院.pdf,80.0,6.67,80.25,10.59,71.25,15.99,86.75,1.79,85.0,0.71,69.25,4.38,83.1,11.98,7.73
1878,raw/fullpaper/1878-中国法学-2025-4-正当信赖_的衡平检验-沈岿-北京大学法学院.pdf,88.0,3.08,79.0,1.73,84.5,1.5,83.5,1.5,87.5,1.5,76.75,1.3,87.21,7.5,2.03
1879,raw/fullpaper/1879-中国法学-2025-4-一业一证_改革的许可创新与法治回应-卢超-中国社会科学院法学研究所.pdf,68.25,16.41,66.5,16.5,58.0,3.08,85.0,5.39,86.25,1.09,79.5,1.66,72.97,14.45,8.5
1880,raw/fullpaper/1880-中国法学-2025-4-生态环境法典中生态保护规范的体系构建-于文轩-中国政法大学民商经济法学院.pdf,47.5,10.31,69.0,3.67,73.25,8.98,80.5,4.33,84.25,5.12,74.5,1.5,64.87,19.63,6.52
1881,raw/fullpaper/1881-中国法学-2025-4-法律中_忠_的义理与构造分析-瞿郑龙-苏州大学王健法学院.pdf,51.75,14.64,47.0,15.56,80.0,3.81,88.25,2.49,85.0,2.12,70.0,11.73,64.21,16.78,9.68
1882,raw/fullpaper/1882-中国法学-2025-4-开放创新范式下知识产权权利功能重解-李永明-浙江大学光华法学院.pdf,55.5,8.26,55.5,21.87,67.5,7.63,83.5,1.5,81.0,3.67,67.25,6.06,67.21,19.8,9.42
1883,raw/fullpaper/1883-中国法学-2025-4-但书出罪的规范基础与实践展开-吴镝飞-中国政法大学刑事司法学院.pdf,74.25,6.06,83.5,1.66,86.0,3.67,87.75,1.79,87.0,2.12,67.75,1.79,84.68,7.77,3.28
1884,raw/fullpaper/1884-中国法学-2025-4-证据链之内涵与功能重释-纵博-安徽财经大学法学院.pdf,77.25,5.8,82.25,1.79,69.0,24.16,85.0,0.71,86.0,4.24,69.25,5.63,81.79,15.12,8.15
1885,raw/fullpaper/1885-中国法学-2025-4-论程序法上的犯罪事实-赵常成-南京大学法学院.pdf,87.75,1.79,86.25,4.26,89.25,2.59,90.5,1.66,83.5,3.35,78.25,2.49,91.31,9.35,3.12
1886,raw/fullpaper/1886-中国法学-2025-4-我国民事公益诉讼诉权行使顺位研究-张嘉军-郑州大学法学院.pdf,66.25,13.85,73.75,13.94,80.0,5.83,82.0,0.0,78.25,6.42,78.5,2.18,77.15,15.57,8.12
1887,raw/fullpaper/1887-中国法学-2025-4-人类命运共同体理念的国际法表达-梁开银-宁波大学法学院.pdf,40.0,9.35,70.75,4.87,46.25,3.03,81.5,6.84,68.75,19.8,70.0,5.83,58.1,14.67,9.57
1888,raw/fullpaper/1888-中国法学-2025-5-依宪治国、依宪执政_中国宪法学自主知识体系的标志性概念-周叶中-武汉大学法学院.pdf,37.5,5.59,47.0,15.31,42.0,4.69,83.0,3.67,58.25,7.19,75.75,2.49,51.24,17.2,7.5
1889,raw/fullpaper/1889-中国法学-2025-5-中国刑事司法治理的传统范式及其现代意蕴-陈卫东-中国人民大学刑事法律科学研究中心.pdf,33.75,4.15,46.25,18.5,52.75,1.3,74.0,3.16,61.25,15.51,66.75,7.85,49.51,17.87,9.73
1890,raw/fullpaper/1890-中国法学-2025-5-卫生健康法法典化研究-解志勇-中国政法大学比较法学院.pdf,31.25,2.17,58.5,9.86,57.75,10.64,63.25,4.92,65.25,13.48,52.0,9.97,49.87,17.27,9.83
1891,raw/fullpaper/1891-中国法学-2025-5-国际安全法的体系化构建研究-赵永琛-海南大学法学院.pdf,32.5,2.5,43.0,25.97,45.75,1.3,58.0,22.05,58.25,10.78,60.0,3.81,43.31,18.57,12.78
1892,raw/fullpaper/1892-中国法学-2025-5-数字平台监管模式的系统论重构-余成峰-北京航空航天大学法学院、人文与社会科学高等研究院.pdf,63.5,17.15,78.25,7.19,73.0,5.43,87.25,2.49,83.5,1.5,71.25,1.3,77.24,13.78,6.75
1893,raw/fullpaper/1893-中国法学-2025-5-论数字行政正当程序构造-展鹏贺-湖南大学法学院.pdf,81.75,2.49,82.5,2.87,75.75,19.52,87.25,2.49,85.0,2.12,77.25,1.92,85.16,13.5,6.03
1894,raw/fullpaper/1894-中国法学-2025-5-电子商务平台守门人责任研究-王承堂-扬州大学法学院.pdf,84.25,6.42,87.5,2.87,79.5,7.92,85.5,4.56,85.75,2.49,78.25,2.49,87.47,14.97,5.15
1895,raw/fullpaper/1895-中国法学-2025-5-机动侦查权的理论新释与程序设计-董坤-中国社会科学院法学研究所.pdf,64.25,8.32,63.25,11.8,75.0,11.36,87.25,3.56,87.5,1.66,79.0,1.0,74.32,14.7,7.25
1896,raw/fullpaper/1896-中国法学-2025-5-论网络聚合犯罪的刑法规制-于冲-中国政法大学数智社会法治一体化研究中心.pdf,60.0,8.92,77.25,1.3,59.25,8.87,80.0,3.81,73.75,13.94,67.5,4.82,71.63,14.8,8.02
1897,raw/fullpaper/1897-中国法学-2025-5-区分自然犯与法定犯的新标准_主体性法益_主体间性法益-蓝学友-上海交通大学凯原法学院.pdf,74.5,11.54,86.5,1.66,87.0,2.12,88.25,2.49,87.25,0.83,81.25,2.17,87.76,8.13,4.0
1898,raw/fullpaper/1898-中国法学-2025-5-论基本权利干预中的法律保留与宪法保留-王锴-中国人民大学法学院.pdf,83.25,6.61,87.75,2.68,80.75,2.95,85.75,2.49,89.5,1.66,75.25,1.79,87.46,8.0,3.5
1899,raw/fullpaper/1899-中国法学-2025-5-商业外观知识产权竞合问题研究-吴汉东-中南财经政法大学知识产权研究中心.pdf,73.5,6.8,81.0,5.0,74.25,2.49,83.0,2.12,84.0,3.74,67.75,1.79,80.63,10.33,4.23
1900,raw/fullpaper/1900-中国法学-2025-5-民行刑交叉中的高空抛物致损赔偿规则-朱晓峰-中央财经大学法学院.pdf,71.25,23.82,69.5,12.52,72.5,16.39,87.75,2.68,88.0,1.41,53.75,10.92,76.94,15.75,13.03
1901,raw/fullpaper/1901-中国法学-2025-5-新实体不服说下上诉利益判断规则研究-李凌-西南政法大学法学院.pdf,80.25,4.76,83.25,4.92,84.5,2.87,86.5,1.5,86.5,1.5,60.25,2.28,86.18,7.92,3.42
1902,raw/fullpaper/1902-中国法学-2025-5-生态环境损害预防性侵权责任的规范构造-徐以祥-西南政法大学经济法学院.pdf,75.0,6.28,84.0,5.34,75.0,12.43,85.0,2.12,83.25,3.03,75.0,2.12,82.47,13.43,6.03
1903,raw/fullpaper/1903-中国法学-2025-6-论中国古代经济管理法-张晋藩-中国政法大学.pdf,53.75,11.58,80.25,2.77,70.0,12.63,86.0,1.22,82.0,4.24,58.75,12.93,72.44,18.85,8.73
1904,raw/fullpaper/1904-中国法学-2025-6-政法范畴形成论-周尚君-西南政法大学全面依法治国研究院.pdf,28.75,4.15,68.25,16.41,50.5,3.64,78.0,4.3,69.0,13.98,47.0,12.02,53.47,11.68,10.48
1905,raw/fullpaper/1905-中国法学-2025-6-中央授权地方改革的法治模式-李少文-中共中央党校(国家行政学院)统一战线教研部.pdf,53.75,10.21,75.0,3.0,61.75,7.19,80.75,3.96,76.25,10.69,75.25,3.27,69.51,14.77,7.38
1906,raw/fullpaper/1906-中国法学-2025-6-论_平等主体_以_民法典_第2条为中心-陈帮锋-厦门大学法学院.pdf,71.0,21.01,84.25,3.77,86.75,3.03,89.0,2.92,83.25,3.7,72.25,4.38,84.13,16.85,7.48
1907,raw/fullpaper/1907-中国法学-2025-6-交易习惯的功能分型和适用方法-陈龙业-最高人民法院.pdf,75.75,6.42,77.5,2.87,82.0,4.3,90.5,3.2,89.0,1.22,66.25,3.03,83.74,10.55,4.05
1908,raw/fullpaper/1908-中国法学-2025-6-证券虚假陈述民事赔偿中重大性要件的适用-陈洁-中国社会科学院法学研究所.pdf,83.0,2.12,74.75,2.95,70.75,15.67,88.25,2.49,84.0,2.45,76.25,3.03,83.13,15.8,5.52
1909,raw/fullpaper/1909-中国法学-2025-6-论股东协议的组织法效力-王湘淳-中央财经大学法学院.pdf,88.5,0.87,88.0,0.0,88.25,2.49,89.5,1.66,87.0,2.12,67.25,3.96,91.57,8.3,2.13
1910,raw/fullpaper/1910-中国法学-2025-6-数据财产权排他性研究-曹权之-清华大学法学院.pdf,74.5,22.41,84.25,3.77,81.25,2.59,91.0,1.73,89.0,1.0,76.5,1.5,84.87,10.93,6.35
1911,raw/fullpaper/1911-中国法学-2025-6-电子证据痕迹效应理论及其运用-自正法-重庆大学法学院.pdf,54.25,18.01,82.5,4.82,77.75,5.31,77.75,1.79,79.5,6.95,80.75,2.59,75.57,14.1,7.6
1912,raw/fullpaper/1912-中国法学-2025-6-宪法和一般法律的关系构造-许瑞超-厦门大学法学院.pdf,75.0,12.43,85.5,1.5,73.75,3.03,86.5,1.5,79.75,7.15,58.5,3.5,81.96,12.98,5.6
1913,raw/fullpaper/1913-中国法学-2025-6-著作权法中作品独创性的技术逻辑-王国柱-吉林大学理论法学研究中心.pdf,75.25,7.19,72.25,18.71,73.25,13.29,84.0,4.0,78.0,5.83,68.5,5.22,79.25,17.4,10.42
1914,raw/fullpaper/1914-中国法学-2025-6-财产犯罪中利益转移的要件重构_从物的占有到债的实现-陈少青-中国人民大学刑事法律科学研究中心.pdf,82.75,3.27,85.5,1.5,89.0,1.73,88.0,1.87,87.25,1.3,70.5,0.87,88.74,6.73,2.03
1915,raw/fullpaper/1915-中国法学-2025-6-论规范归咎刑事责任范型-王志远-中国政法大学刑事司法学院.pdf,83.5,4.39,87.5,5.55,81.75,5.63,85.75,5.12,88.25,4.09,80.75,2.95,89.66,10.83,5.33
1916,raw/fullpaper/1916-中国法学-2025-6-从形式法典化到实质法典化_刑事诉讼法的法典化进阶-步洋洋-西北政法大学人权研究中心.pdf,64.25,14.2,78.0,2.83,71.0,7.97,85.25,2.17,88.25,2.17,77.5,4.27,76.62,14.05,6.47
1917,raw/fullpaper/1917-中国法学-2025-6-无独立请求权第三人制度的功能异化与规则再造-张海燕-山东大学法学院.pdf,86.25,2.17,81.75,2.38,84.25,5.12,85.75,1.3,79.25,7.19,55.0,7.91,86.72,13.45,5.02
1918,"raw/fullpaper/1918-中国社会科学-2025-7-社会治理视角下刑法归责模式的现代转型-陈璇-中国人民大学刑事法律科学研究中心,北京100872.pdf",79.0,13.91,80.25,8.95,86.5,1.5,89.25,2.59,85.5,4.56,75.0,3.0,86.03,10.43,6.65
1919,"raw/fullpaper/1919-中国社会科学-2025-7-论合同失效——制度供给与自主知识体系-李世刚-复旦大学法学院,上海200438.pdf",83.75,3.63,82.0,3.08,92.0,4.3,85.5,2.87,87.25,1.79,83.5,1.5,90.21,8.65,3.32
1920,"raw/fullpaper/1920-中国社会科学-2025-8-中国刑法理论的体系性与妥当性-周光权-清华大学法学院,北京100084.pdf",59.75,16.53,81.5,5.5,60.5,3.64,83.0,1.73,86.5,1.5,73.75,3.03,73.47,15.35,6.15
1921,"raw/fullpaper/1921-中国社会科学-2025-9-制度型开放的竞争法实现-孙晋-武汉大学法学院,武汉430072.pdf",38.25,6.65,63.5,8.5,41.5,0.87,79.75,4.49,68.0,15.15,64.75,6.76,54.53,12.53,8.17
1922,"raw/fullpaper/1922-中国社会科学-2025-10-慈善财产法律制度的中国建构-高志宏-南京航空航天大学人文与社会科学学院,南京211106.pdf",55.0,19.48,67.75,14.91,53.75,3.03,77.75,1.79,82.0,3.08,77.0,2.12,66.13,17.58,8.55
1923,"raw/fullpaper/1923-中国社会科学-2025-11-健康权的规范内涵与法治保障-武亦文-武汉大学法学院,武汉430072.pdf",40.0,6.12,75.5,4.56,68.75,18.35,88.0,3.74,76.75,12.62,73.0,2.12,64.72,16.4,9.15
1924,"raw/fullpaper/1924-中国社会科学-2025-11-中国妇女权利的宪法建构-任喜荣-吉林大学法学院,长春130012.pdf",35.25,5.8,59.25,15.94,48.25,5.4,83.5,1.5,60.5,29.99,70.25,9.12,54.54,14.7,13.02
1925,"raw/fullpaper/1925-中国社会科学-2025-12-中国刑事诉讼基本原则的体系化建构-王新清-中国社会科学院大学法学院,北京100732.pdf",38.75,9.6,72.5,4.56,60.0,24.37,87.0,2.92,83.25,2.38,62.25,4.6,61.79,15.62,9.33
1926,"raw/fullpaper/1926-中国社会科学-2025-12-经济法中的时间秩序-靳文辉-重庆大学法学院,重庆400045.pdf",36.25,5.45,60.25,4.82,66.0,7.87,82.0,0.0,74.25,13.48,70.75,4.38,57.91,13.3,6.95
