pid,rank,title,author,journal,year,category,weighted_score,weighted_std,source,e2_override,e3_merged,round1_avg_std,round2_avg_std,std_improvement,round1_max_std,round2_max_std,dimensions_converged,total_dimensions,round1_err_category,top30,top60,top101_e2_candidate,top101_rank,top101_score,top101_weighted_std,top101_source,top101_reason,top50_proportional,top50_rank,top50_score,top50_weighted_std,problem_originality_avg,problem_originality_std,problem_originality_method,literature_insight_avg,literature_insight_std,literature_insight_method,analytical_framework_avg,analytical_framework_std,analytical_framework_method,logical_coherence_avg,logical_coherence_std,logical_coherence_method,conclusion_consensus_avg,conclusion_consensus_std,conclusion_consensus_method,forward_extension_avg,forward_extension_std,forward_extension_method
1865,1,股权转让中的出资义务承担——以组织法与行为法融贯为视角,李宇[1],法学研究,2025,民商法学,94.32,5.11,E1+E2,True,,8.9,4.55,4.35,17.5,11.6,5,6,,1,1,1,1,94.32,5.11,E1+E2,top60,1,1,94.32,5.11,88.0,8.99,median(8) [E1+E2],92.5,2.72,median(8) [E1+E2],85.5,6.25,median(8) [E1+E2],91.0,2.23,median(8) [E1+E2],89.0,3.38,median(8) [E1+E2],82.0,2.9,median(8) [E1+E2]
1853,2,非典型电子证券转让的一般规则——以应收账款电子凭证为例,武腾[1],法学研究,2025,民商法学,93.76,5.95,E1+E2,True,,9.83,4.53,5.3,20.9,19.6,5,6,,1,1,1,2,93.76,5.95,E1+E2,top60,1,2,93.76,5.95,86.5,4.72,median(8) [E1+E2],92.0,15.7,median(8) [E1+E2],88.0,3.55,median(8) [E1+E2],89.5,2.97,median(8) [E1+E2],88.0,1.6,median(8) [E1+E2],83.5,2.14,median(6) [E1+E2]
901,3,重构“禁止抽逃出资”规则的公司法理基础,刘燕,中国法学,2015,民商法学,93.35,6.34,E1+E2,True,,9.67,4.83,4.83,19.5,17.5,5,6,,1,1,1,3,93.35,6.34,E1+E2,top60,1,3,93.35,6.34,85.0,13.54,median(8) [E1+E2],89.0,4.21,median(8) [E1+E2],92.0,3.45,median(8) [E1+E2],90.0,2.72,median(8) [E1+E2],88.0,2.43,median(8) [E1+E2],82.0,2.56,median(8) [E1+E2]
1885,4,论程序法上的犯罪事实,赵常成[1],中国法学,2025,刑法学,93.29,3.39,E1+E2+E3,True,problem_originality,9.35,3.12,6.23,24.3,4.9,6,6,,1,1,0,,,,,,0,,,,88.0,3.83,median(12) [E1+E2+E3],87.5,4.47,median(8) [E1+E2],89.0,2.8,median(8) [E1+E2],89.0,2.56,median(8) [E1+E2],85.0,2.83,median(8) [E1+E2],80.0,2.66,median(8) [E1+E2]
1238,5,债权人代位权的类型化构造,俞彦韬[1],法学研究,2024,民商法学,93.24,3.47,E1+E2,True,,6.23,2.55,3.68,7.5,4.2,6,6,,1,1,1,4,93.24,3.47,E1+E2,top60,1,4,93.24,3.47,85.5,4.61,median(8) [E1+E2],88.0,4.65,median(8) [E1+E2],89.0,1.91,median(8) [E1+E2],92.0,2.51,median(8) [E1+E2],90.0,2.5,median(8) [E1+E2],80.0,2.33,median(8) [E1+E2]
319,6,基本权利私人间效力法理基础的澄清与重构,杨登杰[1],中国法学,2023,宪法学与行政法学,93.21,10.1,E1+E2,True,,10.23,5.18,5.05,27.3,15.3,5,6,,1,1,1,5,93.21,10.1,E1+E2,top60,1,5,93.21,10.1,90.0,22.91,median(8) [E1+E2],88.0,2.92,median(8) [E1+E2],82.5,12.74,median(8) [E1+E2],90.0,1.85,median(8) [E1+E2],88.0,1.89,median(8) [E1+E2],81.0,3.42,median(8) [E1+E2]
1023,7,法益修复与功能违法论,杜宇[1],中国社会科学,2024,刑法学,93.18,5.53,E1+E2,True,,7.97,5.05,2.92,17.3,16.5,5,6,,1,1,1,6,93.18,5.53,E1+E2,top60,1,6,93.18,5.53,88.0,11.98,median(8) [E1+E2],88.0,4.31,median(8) [E1+E2],89.0,2.36,median(8) [E1+E2],88.0,1.55,median(8) [E1+E2],88.5,2.87,median(8) [E1+E2],84.0,2.42,median(8) [E1+E2]
1493,8,抽逃出资规则及公司分配制度的系统性改造,王军[1],法学研究,2021,民商法学,93.12,6.58,E1+E2,True,,11.93,3.52,8.42,24.5,9.1,5,6,,1,1,1,7,93.12,6.58,E1+E2,top60,1,7,93.12,6.58,87.5,7.78,median(8) [E1+E2],91.0,5.42,median(8) [E1+E2],83.0,6.32,median(8) [E1+E2],90.0,2.43,median(8) [E1+E2],88.0,16.27,median(8) [E1+E2],85.0,1.93,median(8) [E1+E2]
1824,9,集体商标和证明商标保护体系的重构,王迁[1],法学研究,2025,知识产权法学,92.88,2.94,E1+E2,True,,8.67,3.0,5.67,15.4,6.7,6,6,,1,1,1,8,92.88,2.94,E1+E2,top60,1,8,92.88,2.94,87.0,1.39,median(8) [E1+E2],89.0,3.66,median(8) [E1+E2],88.0,6.36,median(8) [E1+E2],88.0,2.83,median(8) [E1+E2],89.0,1.77,median(8) [E1+E2],84.0,1.92,median(8) [E1+E2]
1915,10,论规范归咎刑事责任范型,王志远[1],中国法学,2025,刑法学,92.82,5.08,E1+E2,True,,10.83,5.33,5.5,17.5,6.5,6,6,,1,1,1,9,92.82,5.08,E1+E2,top60,1,9,92.82,5.08,88.0,4.57,median(8) [E1+E2],88.5,4.49,median(8) [E1+E2],85.0,5.29,median(8) [E1+E2],89.0,6.43,median(8) [E1+E2],85.0,5.68,median(8) [E1+E2],83.5,3.2,median(8) [E1+E2]
1168,11,为被告人利益抗诉与上诉不加刑原则之适用———以上诉理由之限制为中心,郭烁[1],法学研究,2022,诉讼法学,92.56,4.85,E1+E2,True,,12.6,5.57,7.03,20.5,16.1,5,6,,1,1,1,10,92.56,4.85,E1+E2,top60,1,10,92.56,4.85,88.0,4.55,median(8) [E1+E2],85.0,3.51,median(8) [E1+E2],85.5,4.88,median(8) [E1+E2],91.0,3.18,median(8) [E1+E2],88.0,12.24,median(8) [E1+E2],83.5,3.8,median(8) [E1+E2]
619,12,符合法律的宪法解释与宪法发展,杜强强[1],中国法学,2022,宪法学与行政法学,92.53,3.5,E1+E2,True,,8.87,2.73,6.13,13.4,5.4,6,6,,1,1,1,11,92.53,3.5,E1+E2,top60,1,11,92.53,3.5,86.5,3.66,median(8) [E1+E2],87.5,3.58,median(8) [E1+E2],87.0,5.63,median(8) [E1+E2],89.5,1.41,median(8) [E1+E2],88.0,4.0,median(8) [E1+E2],85.0,3.18,median(8) [E1+E2]
1428,13,实体性查封优先权的理论证成及体系展开,马强伟[1],法学研究,2025,诉讼法学,92.47,2.67,E1+E2,True,,7.77,2.17,5.6,17.0,4.3,6,6,,1,1,1,12,92.47,2.67,E1+E2,top60,1,12,92.47,2.67,85.0,1.36,median(8) [E1+E2],88.0,3.07,median(8) [E1+E2],91.0,5.99,median(8) [E1+E2],88,2.15,median(7) [E1+E2],90.0,2.07,median(8) [E1+E2],84.0,2.23,median(8) [E1+E2]
1553,14,正当防卫中的退避义务,江溯[1],法学研究,2024,刑法学,92.41,3.15,E1+E2,True,,7.27,2.3,4.97,11.2,7.1,6,6,,1,1,1,13,92.41,3.15,E1+E2,top60,1,13,92.41,3.15,85.0,5.5,median(8) [E1+E2],90.0,2.2,median(8) [E1+E2],88.0,3.12,median(8) [E1+E2],88.0,1.46,median(8) [E1+E2],88.0,1.92,median(8) [E1+E2],80.0,2.1,median(8) [E1+E2]
1260,15,公司决议瑕疵立法的范式转换与体系重构,丁勇[1],法学研究,2020,民商法学,92.21,2.78,E1+E2,True,,8.33,2.67,5.67,10.1,4.0,6,6,,1,1,1,14,92.21,2.78,E1+E2,top60,1,14,92.21,2.78,86.5,2.38,median(8) [E1+E2],92.0,3.59,median(8) [E1+E2],92.5,2.38,median(8) [E1+E2],88.0,3.02,median(8) [E1+E2],89.0,2.76,median(8) [E1+E2],78.0,2.14,median(8) [E1+E2]
1510,16,数字私力救济——基于远程控制网联物的权利实现,王琦[1],法学研究,2023,民商法学,92.18,3.9,E1+E2,True,,11.0,3.33,7.67,36.4,6.2,6,6,,1,1,1,15,92.18,3.9,E1+E2,top60,1,15,92.18,3.9,90.0,5.99,median(8) [E1+E2],90.0,3.2,median(8) [E1+E2],88,4.43,median(7) [E1+E2],88.0,1.77,median(8) [E1+E2],89.5,1.31,median(8) [E1+E2],77.5,6.3,median(8) [E1+E2]
1501,17,改革型地方立法变通机制的反思与重构,王建学[1],法学研究,2022,宪法学与行政法学,92.12,6.01,E1+E2,True,,8.1,2.75,5.35,13.2,8.6,5,6,,1,1,1,16,92.12,6.01,E1+E2,top60,1,16,92.12,6.01,88.0,13.45,median(8) [E1+E2],83.5,3.12,median(8) [E1+E2],85.0,3.28,median(8) [E1+E2],91.0,2.56,median(8) [E1+E2],88,2.44,median(7) [E1+E2],85.0,2.1,median(8) [E1+E2]
1337,18,受贿犯罪的保护法益,张明楷,法学研究,2018,刑法学,92.03,3.78,E1+E2,True,,7.58,3.37,4.22,13.4,8.7,5,6,,1,1,1,17,92.03,3.78,E1+E2,top60,1,17,92.03,3.78,89.0,6.16,median(8) [E1+E2],90.0,1.91,median(8) [E1+E2],86.5,3.89,median(8) [E1+E2],90.0,2.5,median(8) [E1+E2],90.5,1.69,median(8) [E1+E2],72.0,5.87,median(8) [E1+E2]
409,19,执行价款分配模式转型之辨,陈杭平[1],中国法学,2023,诉讼法学,91.94,2.71,E1+E2,True,,9.72,2.35,7.37,17.6,3.6,6,6,,1,1,1,19,91.94,2.71,E1+E2,top60,1,19,91.94,2.71,85.5,1.49,median(8) [E1+E2],89.0,3.06,median(8) [E1+E2],81.0,5.41,median(8) [E1+E2],91.5,1.85,median(8) [E1+E2],85.5,3.51,median(8) [E1+E2],80.0,2.42,median(8) [E1+E2]
1764,20,论选择性要素的认识错误,柏浪涛[1],法学研究,2022,刑法学,91.94,3.07,E1+E2,True,,9.8,2.77,7.03,12.3,4.5,6,6,,1,1,1,18,91.94,3.07,E1+E2,top60,1,18,91.94,3.07,88.0,4.75,median(8) [E1+E2],92.0,3.41,median(8) [E1+E2],88.0,2.7,median(8) [E1+E2],88.0,0.0,median(8) [E1+E2],86.5,3.91,median(8) [E1+E2],76.5,3.41,median(8) [E1+E2]
1194,21,从基本权理论看法律行为之阻却生效要件,,法学研究,2019,民商法学,91.88,3.69,E1+E2,True,,8.22,3.47,4.75,13.7,12.2,5,6,,1,1,1,20,91.88,3.69,E1+E2,top60,1,20,91.88,3.69,88.0,4.5,median(8) [E1+E2],85.5,2.25,median(8) [E1+E2],85.0,8.59,median(8) [E1+E2],88.0,1.46,median(8) [E1+E2],85.0,1.73,median(8) [E1+E2],80.0,2.76,median(8) [E1+E2]
1571,22,民法典中的动产和权利担保体系,龙俊[1],法学研究,2020,民商法学,91.88,7.09,E1+E2,True,,8.57,4.15,4.42,17.1,15.8,5,6,,1,1,1,21,91.88,7.09,E1+E2,top60,1,21,91.88,7.09,85.5,17.81,median(8) [E1+E2],85.5,3.85,median(8) [E1+E2],90.0,3.01,median(8) [E1+E2],88.0,1.06,median(8) [E1+E2],90.0,1.36,median(8) [E1+E2],81.0,3.51,median(8) [E1+E2]
1606,23,法条竞合与想象竞合的区分,张明楷,法学研究,2016,刑法学,91.82,3.24,E1+E2,True,,10.75,5.17,5.58,24.5,22.6,5,6,,1,1,1,22,91.82,3.24,E1+E2,top60,1,22,91.82,3.24,88.0,2.67,median(8) [E1+E2],86.0,2.2,median(8) [E1+E2],90.0,1.39,median(8) [E1+E2],92.0,1.28,median(8) [E1+E2],88.0,7.58,median(8) [E1+E2],73.5,15.44,median(8) [E1+E2]
1519,24,整体法秩序视野下被害人自陷风险的理论重塑,陈璇[1],法学研究,2023,刑法学,91.65,5.7,E1+E2,True,,7.03,3.32,3.72,10.9,7.2,6,6,,1,1,1,23,91.65,5.7,E1+E2,top60,1,23,91.65,5.7,86.5,13.9,median(8) [E1+E2],89.0,1.77,median(8) [E1+E2],88.0,2.39,median(8) [E1+E2],92.0,1.49,median(8) [E1+E2],88.0,2.33,median(8) [E1+E2],70.0,5.78,median(8) [E1+E2]
1779,25,财产犯罪中财产性利益的事实占有：以存款债权为中心,徐凌波[1],法学研究,2024,刑法学,91.65,4.77,E1+E2,True,,9.2,3.4,5.8,14.2,5.4,6,6,,1,1,1,24,91.65,4.77,E1+E2,top60,1,24,91.65,4.77,88.0,6.89,median(8) [E1+E2],89.0,3.14,median(8) [E1+E2],89.0,3.88,median(8) [E1+E2],89.0,2.27,median(8) [E1+E2],88.0,7.78,median(8) [E1+E2],72.5,5.22,median(8) [E1+E2]
1481,26,我国证券虚假陈述侵权责任规范模式之重构,邢会强[1],法学研究,2025,民商法学,91.56,7.31,E1+E2,True,,11.42,3.2,8.22,25.8,4.3,6,6,,1,1,1,25,91.56,7.31,E1+E2,top60,1,25,91.56,7.31,85.0,13.71,median(8) [E1+E2],86.5,4.17,median(8) [E1+E2],86.5,8.85,median(8) [E1+E2],89.0,3.34,median(8) [E1+E2],84.5,2.51,median(8) [E1+E2],82.0,2.36,median(8) [E1+E2]
1200,27,代理公开的例外类型和效果,"朱虎[1,2]",法学研究,2019,民商法学,91.53,3.15,E1+E2,True,,9.63,2.48,7.15,27.5,4.3,6,6,,1,1,1,26,91.53,3.15,E1+E2,top60,1,26,91.53,3.15,89.0,3.56,median(8) [E1+E2],84.5,3.73,median(8) [E1+E2],93.0,4.17,median(8) [E1+E2],88.5,0.89,median(8) [E1+E2],87.0,2.17,median(8) [E1+E2],73.0,6.25,median(8) [E1+E2]
1307,28,刑民交叉实体问题的解决路径——“法律效果论”之展开,陈少青[1],法学研究,2020,刑法学,91.41,3.28,E1+E2,True,,7.13,3.3,3.83,11.4,7.1,6,6,,1,1,1,28,91.41,3.28,E1+E2,top60,1,28,91.41,3.28,90.0,3.29,median(8) [E1+E2],83.5,2.56,median(8) [E1+E2],87.0,4.96,median(8) [E1+E2],92.0,2.14,median(8) [E1+E2],88.0,2.78,median(8) [E1+E2],78,6.65,median(7) [E1+E2]
1710,29,董事间披露义务的法律构造,袁崇霖[1],法学研究,2024,民商法学,91.41,3.62,E1+E2,True,,10.78,5.3,5.48,21.3,20.7,5,6,,1,1,1,27,91.41,3.62,E1+E2,top60,1,27,91.41,3.62,86.5,3.24,median(8) [E1+E2],88.0,3.66,median(8) [E1+E2],92.0,3.76,median(8) [E1+E2],89.0,1.85,median(8) [E1+E2],87.0,2.51,median(8) [E1+E2],75.0,14.69,median(8) [E1+E2]
956,30,公序良俗原则与诚实信用原则的区分,于飞,中国社会科学,2015,民商法学,91.38,3.09,E1+E2+E3,True,forward_extension,8.1,2.58,5.52,12.6,6.3,6,6,,1,1,0,,,,,,0,,,,88.0,2.56,median(8) [E1+E2],88.5,3.68,median(8) [E1+E2],87.5,5.09,median(8) [E1+E2],89.5,1.69,median(8) [E1+E2],90.0,1.28,median(8) [E1+E2],75.0,7.04,median(12) [E1+E2+E3]
1574,31,民法典所有权保留之担保权构成,纪海龙[1],法学研究,2022,民商法学,91.38,6.74,E1+E2,True,,10.63,2.78,7.85,24.7,4.3,6,6,,0,1,1,29,91.38,6.74,E1+E2,top60,0,,,,89.0,14.08,median(8) [E1+E2],88.0,3.59,median(8) [E1+E2],85.5,2.1,median(8) [E1+E2],90.0,2.64,median(8) [E1+E2],87.0,2.51,median(8) [E1+E2],78.0,14.11,median(8) [E1+E2]
683,32,行政法上的不确定法律概念,王天华,中国法学,2016,宪法学与行政法学,91.35,7.59,E1+E2,True,,12.23,5.47,6.77,26.2,21.0,5,6,1-empty-status,0,1,0,,,,,,0,,,,88.0,12.03,median(8) [E1+E2],87.0,2.17,median(8) [E1+E2],80.0,14.28,median(8) [E1+E2],88.0,5.37,median(8) [E1+E2],85.5,1.31,median(8) [E1+E2],82.5,3.93,median(8) [E1+E2]
1711,33,虚假陈述比例连带责任的认定模式与体系展开,邹学庚[1],法学研究,2023,民商法学,91.29,4.03,E1+E2,True,,11.85,2.95,8.9,27.6,3.5,6,6,,0,1,1,30,91.29,4.03,E1+E2,top60,0,,,,90.0,3.73,median(8) [E1+E2],87.5,4.17,median(8) [E1+E2],85.0,3.51,median(8) [E1+E2],89.0,3.81,median(8) [E1+E2],88.0,1.51,median(8) [E1+E2],78.0,12.8,median(8) [E1+E2]
1864,34,生态环境法典的复合结构及其体系化适用,陈海嵩[1],法学研究,2025,环境与资源保护法学,91.26,2.8,E1+E2,True,,8.65,2.57,6.08,15.0,3.6,6,6,,0,1,1,31,91.26,2.8,E1+E2,top60,1,29,91.26,2.8,85.5,3.18,median(8) [E1+E2],85.0,2.5,median(8) [E1+E2],86.5,2.92,median(8) [E1+E2],88.5,2.53,median(8) [E1+E2],88.0,2.56,median(8) [E1+E2],81.0,2.93,median(8) [E1+E2]
1618,35,涉外代理关系准据法的确定,林强[1],法学研究,2020,国际法学,91.24,5.74,E1+E2+E3,True,problem_originality,9.15,2.25,6.9,15.0,3.5,6,6,,0,1,0,,,,,,0,,,,86.5,14.1,median(12) [E1+E2+E3],88.0,2.03,median(8) [E1+E2],85.0,2.27,median(8) [E1+E2],85.0,1.89,median(8) [E1+E2],85.5,2.25,median(8) [E1+E2],80.0,3.25,median(8) [E1+E2]
1909,36,论股东协议的组织法效力,王湘淳[1],中国法学,2025,民商法学,91.0,6.64,E1+E2,True,,8.3,2.13,6.17,21.2,4.6,6,6,,0,1,1,32,91.0,6.64,E1+E2,top60,0,,,,88,8.85,median(7) [E1+E2],88.0,12.44,median(6) [E1+E2],88.0,4.23,median(8) [E1+E2],88,1.57,median(7) [E1+E2],85.0,3.64,median(8) [E1+E2],69.0,3.66,median(8) [E1+E2]
1125,37,不真正不作为犯的边界,姚诗[1],法学研究,2018,刑法学,90.97,6.1,E1+E2,True,,13.2,4.65,8.55,29.2,8.1,5,6,,0,1,1,33,90.97,6.1,E1+E2,top60,0,,,,86.5,9.35,median(8) [E1+E2],85.0,4.38,median(8) [E1+E2],87.5,6.16,median(8) [E1+E2],85,4.42,median(7) [E1+E2],87.0,3.74,median(8) [E1+E2],82.0,4.78,median(8) [E1+E2]
1615,38,注意义务的规范本质与判断标准,陈璇[1],法学研究,2019,刑法学,90.94,5.95,E1+E2,True,,11.85,3.42,8.43,35.8,8.8,5,6,,0,1,1,34,90.94,5.95,E1+E2,top60,0,,,,88.0,10.39,median(8) [E1+E2],86.5,6.82,median(8) [E1+E2],87.0,2.9,median(8) [E1+E2],90.0,2.56,median(8) [E1+E2],89.0,2.14,median(8) [E1+E2],75.0,6.18,median(8) [E1+E2]
820,39,论法律解释目标的逐案决定,陈坤[1],中国法学,2022,法学理论,90.79,4.14,E1+E2+E3,True,"problem_originality,literature_insight",8.18,2.02,6.17,14.2,4.2,6,6,5-boundary-only,0,1,0,,,,,,0,,,,88.0,7.12,median(12) [E1+E2+E3],88.0,4.03,median(12) [E1+E2+E3],85.5,2.77,median(8) [E1+E2],89.0,1.77,median(8) [E1+E2],88.0,2.62,median(8) [E1+E2],79.0,3.4,median(8) [E1+E2]
101,40,中国特色反腐败制度框架下贿赂犯罪法益的确定,陈金林[1],中国法学,2024,刑法学,90.76,5.42,E1+E2,True,,9.65,1.93,7.72,23.7,2.9,6,6,,0,1,1,35,90.76,5.42,E1+E2,top60,0,,,,86.5,7.08,median(8) [E1+E2],88.0,3.33,median(8) [E1+E2],87.0,2.76,median(8) [E1+E2],90.0,5.04,median(8) [E1+E2],88.0,10.55,median(8) [E1+E2],76.5,3.12,median(8) [E1+E2]
861,41,诈骗罪重构:交易信息操纵理论之提倡,"王莹[1,2]",中国法学,2019,刑法学,90.76,4.31,E1+E2,True,,10.15,3.72,6.43,19.3,6.4,6,6,,0,1,1,36,90.76,4.31,E1+E2,top60,0,,,,88.0,1.96,median(8) [E1+E2],90,3.78,median(7) [E1+E2],88.0,2.56,median(8) [E1+E2],85,4.64,median(7) [E1+E2],82.0,13.79,median(8) [E1+E2],68.0,5.52,median(8) [E1+E2]
946,42,"从""权能分离""到""权利行使""",蔡立东,中国社会科学,2021,民商法学,90.65,3.51,E1+E2,True,,7.1,2.55,4.55,16.1,4.2,6,6,,0,1,1,37,90.65,3.51,E1+E2,top60,0,,,,87.5,2.67,median(8) [E1+E2],89.5,1.69,median(8) [E1+E2],85.0,7.86,median(8) [E1+E2],88.0,2.64,median(8) [E1+E2],87.5,2.56,median(8) [E1+E2],79.0,8.25,median(8) [E1+E2]
1546,43,构成要件错误的本质:故意行为危险的偏离,柏浪涛[1],法学研究,2018,刑法学,90.65,4.7,E1+E2+E3,True,problem_originality,6.5,2.63,3.87,9.5,5.4,6,6,,0,1,0,,,,,,0,,,,85.0,11.14,median(12) [E1+E2+E3],88.0,1.85,median(8) [E1+E2],92.0,2.2,median(8) [E1+E2],88.0,1.36,median(8) [E1+E2],87.0,1.98,median(8) [E1+E2],66.5,3.82,median(8) [E1+E2]
1602,44,法律解释与法律续造的区分标准,陈坤[1],法学研究,2021,法学理论,90.65,3.65,E1+E2+E3,True,problem_originality,7.02,2.17,4.85,14.5,4.1,6,6,,0,1,0,,,,,,0,,,,88.0,7.04,median(12) [E1+E2+E3],89.5,2.03,median(8) [E1+E2],82.0,3.58,median(8) [E1+E2],89.5,1.41,median(8) [E1+E2],89.0,1.49,median(8) [E1+E2],75.0,3.25,median(8) [E1+E2]
1781,45,货币返还请求权规则的重构,马强[1],法学研究,2024,民商法学,90.65,4.5,E1+E2,True,,10.0,3.68,6.32,17.5,12.1,5,6,,0,1,1,38,90.65,4.5,E1+E2,top60,0,,,,86.5,5.55,median(8) [E1+E2],89.0,1.6,median(8) [E1+E2],85.0,9.41,median(8) [E1+E2],90.0,1.73,median(8) [E1+E2],87.0,4.45,median(8) [E1+E2],71.0,6.22,median(8) [E1+E2]
1763,46,论行政行为“明显不当”,何海波,法学研究,2016,宪法学与行政法学,90.62,3.85,E1+E2,True,,14.52,3.42,11.1,26.2,8.3,5,6,,0,1,1,39,90.62,3.85,E1+E2,top60,1,30,90.62,3.85,88,2.15,median(7) [E1+E2],85.0,3.0,median(8) [E1+E2],88.5,9.47,median(8) [E1+E2],89.0,3.11,median(8) [E1+E2],89.0,3.65,median(8) [E1+E2],78.0,3.92,median(8) [E1+E2]
1390,47,基于决定关系的证据客观性:概念、功能与理论定位,徐舒浩[1],法学研究,2021,法学理论,90.59,3.9,E1+E2,True,,11.83,2.9,8.93,30.0,7.3,6,6,,0,1,1,40,90.59,3.9,E1+E2,top60,1,31,90.59,3.9,88.0,4.19,median(8) [E1+E2],87.0,4.34,median(8) [E1+E2],85.0,7.67,median(8) [E1+E2],89.5,1.75,median(8) [E1+E2],88.0,1.75,median(8) [E1+E2],72.0,1.91,median(8) [E1+E2]
1772,48,诈骗罪中的处分意识:必要性及判别,袁国何,法学研究,2021,刑法学,90.59,3.82,E1+E2,True,,9.23,2.55,6.68,13.6,4.5,6,6,,0,1,0,,,,,,0,,,,85.0,2.45,median(8) [E1+E2],89.0,4.53,median(8) [E1+E2],85.0,3.46,median(8) [E1+E2],92.0,3.2,median(8) [E1+E2],88.0,2.56,median(8) [E1+E2],63.5,15.3,median(8) [E1+E2]
1266,49,公司法上社会责任条款司法化的逻辑与再塑,吴维锭[1],法学研究,2024,民商法学,90.56,4.3,E1+E2,True,,7.5,3.17,4.33,9.0,4.7,6,6,,0,1,1,41,90.56,4.3,E1+E2,top60,0,,,,83.5,4.32,median(8) [E1+E2],85.5,4.61,median(8) [E1+E2],82.5,6.15,median(8) [E1+E2],91.0,3.99,median(8) [E1+E2],88.0,2.27,median(8) [E1+E2],80.0,2.78,median(8) [E1+E2]
1218,50,侵害人视角下的正当防卫论,陈璇[1],法学研究,2015,刑法学,90.5,6.63,E1+E2,True,,11.6,3.43,8.17,25.7,9.5,5,6,,0,1,1,42,90.5,6.63,E1+E2,top60,0,,,,86.5,15.82,median(8) [E1+E2],88.0,4.41,median(8) [E1+E2],85.5,2.1,median(8) [E1+E2],90.0,1.51,median(8) [E1+E2],89.5,1.89,median(8) [E1+E2],73.5,3.93,median(8) [E1+E2]
1575,51,民法典的精神损害赔偿体系——以功能主义为视角,洪国盛[1],法学研究,2024,民商法学,90.41,6.32,E1+E2,True,,6.72,3.38,3.33,9.9,6.8,6,6,,0,1,1,43,90.41,6.32,E1+E2,top60,0,,,,88.5,12.36,median(8) [E1+E2],85.0,5.83,median(8) [E1+E2],85.0,3.01,median(8) [E1+E2],90.0,3.18,median(8) [E1+E2],88.0,1.96,median(8) [E1+E2],75.0,3.15,median(8) [E1+E2]
21,52,“审执分离”本质与路径的再认识,张卫平[1],中国法学,2023,诉讼法学,90.32,5.16,E1+E2,True,,9.23,3.87,5.37,17.6,8.7,5,6,,0,1,1,44,90.32,5.16,E1+E2,top60,1,32,90.32,5.16,85.5,5.51,median(8) [E1+E2],85.0,5.42,median(8) [E1+E2],80.5,10.38,median(8) [E1+E2],89.0,2.98,median(8) [E1+E2],88.5,1.67,median(8) [E1+E2],80.0,2.1,median(8) [E1+E2]
882,53,过失犯远因溯责的规制路径：以渎职犯罪为中心,陈璇[1],中国法学,2023,刑法学,90.29,7.53,E1+E2,True,,7.15,3.17,3.98,10.4,8.1,5,6,,0,1,1,45,90.29,7.53,E1+E2,top60,0,,,,89.0,16.14,median(8) [E1+E2],85.0,5.57,median(8) [E1+E2],86.0,5.71,median(8) [E1+E2],88.0,1.69,median(8) [E1+E2],88.0,2.19,median(8) [E1+E2],74.5,3.3,median(8) [E1+E2]
1277,54,具体的打击错误：从故意认定到故意归责,欧阳本祺,法学研究,2015,刑法学,90.29,4.45,E1+E2,True,,6.55,3.08,3.47,13.8,7.6,6,6,,0,1,1,46,90.29,4.45,E1+E2,top60,0,,,,88.0,6.81,median(8) [E1+E2],88.0,2.03,median(8) [E1+E2],86.0,6.67,median(8) [E1+E2],86.5,3.07,median(8) [E1+E2],88.0,1.92,median(8) [E1+E2],69.5,3.85,median(8) [E1+E2]
407,55,我国飞跃上诉的制度构建:兼论有限三审制的改革路径,方斯远[1],中国法学,2020,诉讼法学,90.26,4.15,E1+E2,True,,8.85,2.8,6.05,16.3,4.6,6,6,,0,1,1,47,90.26,4.15,E1+E2,top60,1,33,90.26,4.15,86.5,5.32,median(8) [E1+E2],82.0,3.54,median(8) [E1+E2],83.5,6.02,median(8) [E1+E2],88.0,3.15,median(8) [E1+E2],90.0,1.81,median(8) [E1+E2],83.5,2.71,median(8) [E1+E2]
1402,56,基本权利的国家保护:从客观价值到主观权利,李海平[1],法学研究,2021,宪法学与行政法学,90.24,3.6,E1+E2,True,,14.77,3.45,11.32,34.9,8.2,5,6,,0,1,1,48,90.24,3.6,E1+E2,top60,1,34,90.24,3.6,85.0,2.56,median(8) [E1+E2],89.0,2.1,median(8) [E1+E2],79.0,8.5,median(8) [E1+E2],86.5,3.23,median(8) [E1+E2],85.0,3.27,median(8) [E1+E2],83.5,3.34,median(8) [E1+E2]
634,57,组织法的诉讼构造:公司决议纠纷诉讼规则重构,丁勇[1],中国法学,2019,民商法学,90.15,5.8,E1+E2,True,,9.13,2.75,6.38,12.5,4.3,6,6,1-empty-status,0,1,1,49,90.15,5.8,E1+E2,top60,0,,,,85.5,11.36,median(8) [E1+E2],88.0,4.41,median(8) [E1+E2],87.5,3.29,median(8) [E1+E2],88.5,2.27,median(8) [E1+E2],86.0,2.49,median(8) [E1+E2],66.5,6.36,median(8) [E1+E2]
317,58,基本原则与概括条款的区分:我国诚实信用与公序良俗的解释论构造,于飞[1],中国法学,2021,民商法学,90.12,2.97,E1+E2,True,,11.65,2.88,8.77,24.8,7.5,6,6,,0,1,1,50,90.12,2.97,E1+E2,top60,0,,,,90.0,3.11,median(8) [E1+E2],83.5,3.94,median(8) [E1+E2],85.0,3.28,median(8) [E1+E2],88.0,0.74,median(8) [E1+E2],90,2.19,median(7) [E1+E2],77.5,7.78,median(8) [E1+E2]
489,59,比例原则的普遍化与基本权利的性质,陈景辉,中国法学,2017,宪法学与行政法学,90.12,6.56,E1+E2,True,,13.03,5.33,7.7,22.1,8.8,4,6,1-empty-status,0,1,0,,,,,,0,,,,88.0,8.21,median(8) [E1+E2],86.5,9.05,median(8) [E1+E2],85.0,7.67,median(8) [E1+E2],88.0,2.14,median(8) [E1+E2],86.5,2.71,median(8) [E1+E2],72.5,8.81,median(8) [E1+E2]
413,60,抢劫罪与敲诈勒索罪之界分：基于被害人的处分自由,车浩,中国法学,2017,刑法学,90.0,3.83,E1+E2,True,,10.28,4.15,6.13,15.7,7.0,6,6,,0,1,1,51,90.0,3.83,E1+E2,top60,0,,,,85.0,5.49,median(8) [E1+E2],84.5,3.72,median(8) [E1+E2],89.0,2.72,median(8) [E1+E2],91.0,2.62,median(8) [E1+E2],90.0,2.42,median(8) [E1+E2],72.0,5.29,median(8) [E1+E2]
1208,61,优先股与普通股的利益分配,,法学研究,2019,民商法学,90.0,2.29,E1,False,,10.82,2.33,8.48,27.8,4.0,6,6,,0,0,0,,,,,,0,,,,89.5,1.91,mean(4),84,2.83,mean(4),76,4.0,mean(4),86,1.41,mean(4),86.33,1.53,mean(3),83.5,2.38,mean(4)
1450,62,已公开个人信息的刑法保护,王华伟[1],法学研究,2022,刑法学,89.97,2.58,E1+E2,True,,9.85,2.8,7.05,16.6,6.1,6,6,,0,0,1,52,89.97,2.58,E1+E2,top60,0,,,,88.0,2.0,median(8) [E1+E2],88.0,2.78,median(8) [E1+E2],85.5,3.33,median(8) [E1+E2],85.5,2.6,median(8) [E1+E2],89.5,1.51,median(8) [E1+E2],78.0,5.12,median(8) [E1+E2]
1106,63,"""债权物权化""之范畴厘定",袁野[1],法学研究,2022,民商法学,89.94,5.64,E1+E2,True,,11.05,3.15,7.9,25.0,6.0,6,6,,0,0,1,53,89.94,5.64,E1+E2,top60,0,,,,86.5,10.64,median(8) [E1+E2],88.0,3.28,median(8) [E1+E2],85.0,3.83,median(8) [E1+E2],88.0,2.9,median(8) [E1+E2],86.5,3.42,median(8) [E1+E2],78.0,5.95,median(8) [E1+E2]
1577,64,民法典编纂视野下合同法第402条、第403条的存废,方新军[1],法学研究,2019,民商法学,89.88,4.59,E1+E2,True,,7.07,4.02,3.05,11.0,8.5,5,6,,0,0,1,55,89.88,4.59,E1+E2,top60,0,,,,86.5,6.32,median(8) [E1+E2],84.5,2.67,median(8) [E1+E2],88.0,6.27,median(8) [E1+E2],89.0,3.66,median(8) [E1+E2],89.0,2.55,median(8) [E1+E2],79.5,4.71,median(8) [E1+E2]
1818,65,金钱 “占有即所有”原理批判及权利流转规则之重塑,孙鹏[1],法学研究,2019,民商法学,89.88,5.03,E1+E2,True,,9.07,2.77,6.3,17.3,4.4,6,6,,0,0,1,54,89.88,5.03,E1+E2,top60,0,,,,88.0,3.16,median(8) [E1+E2],85.5,11.5,median(8) [E1+E2],85.0,6.14,median(8) [E1+E2],88.0,2.2,median(8) [E1+E2],88.0,1.69,median(8) [E1+E2],73.5,5.13,median(8) [E1+E2]
1738,66,规制大众传播媒介的回应权：功能延续与制度发展,朱虎[1],法学研究,2023,法学理论,89.74,7.36,E1+E2,True,,14.33,6.77,7.57,30.6,24.7,5,6,,0,0,1,57,89.74,7.36,E1+E2,top60,1,35,89.74,7.36,85.0,6.12,median(8) [E1+E2],84.5,5.01,median(8) [E1+E2],81.5,20.82,median(8) [E1+E2],87.0,4.88,median(8) [E1+E2],86.5,2.87,median(8) [E1+E2],80.0,2.78,median(8) [E1+E2]
1821,67,防卫限度判断中的利益衡量,徐成[1],法学研究,2019,刑法学,89.74,3.19,E1+E2,True,,9.25,3.05,6.2,13.6,4.2,6,6,,0,0,1,56,89.74,3.19,E1+E2,top60,0,,,,83.5,4.87,median(8) [E1+E2],87.0,2.67,median(8) [E1+E2],88.5,1.69,median(8) [E1+E2],90.0,2.43,median(8) [E1+E2],88.0,2.71,median(8) [E1+E2],72.0,3.74,median(8) [E1+E2]
772,68,论基本权利私人间效力的范式转型,李海平[1],中国法学,2022,宪法学与行政法学,89.59,3.35,E1,False,,8.68,3.3,5.38,12.9,6.3,6,6,,0,0,0,,,,,,0,,,,83.75,1.5,mean(4),83.75,3.77,mean(4),88.5,4.04,mean(4),83.75,6.29,mean(4),86,1.41,mean(4),80,2.83,mean(4)
1448,69,履行行政职责的作为可能性,林鸿潮[1],法学研究,2022,宪法学与行政法学,89.59,4.46,E1+E2,True,,8.13,2.22,5.92,11.0,3.5,6,6,,0,0,1,58,89.59,4.46,E1+E2,top60,1,36,89.59,4.46,88,7.97,median(7) [E1+E2],78,1.99,median(7) [E1+E2],88,3.35,median(7) [E1+E2],92,3.13,median(7) [E1+E2],85.0,3.38,median(8) [E1+E2],79.0,4.03,median(8) [E1+E2]
500,70,民事非法证据排除的规范解释与实务观察,周翠[1],中国法学,2020,诉讼法学,89.5,4.73,E1+E2,True,,10.17,4.38,5.78,23.2,7.1,6,6,,0,0,1,59,89.5,4.73,E1+E2,top60,1,37,89.5,4.73,81.5,5.75,median(8) [E1+E2],84.5,5.55,median(8) [E1+E2],86.5,2.82,median(8) [E1+E2],87.5,3.96,median(8) [E1+E2],88.0,4.78,median(8) [E1+E2],83.5,4.03,median(8) [E1+E2]
1730,71,被害人因受骗而同意的法律效果,付立庆,法学研究,2016,刑法学,89.5,7.04,E1+E2,True,,8.3,4.02,4.28,14.7,12.2,5,6,,0,0,0,,,,,,0,,,,85.5,16.58,median(8) [E1+E2],86.5,3.63,median(8) [E1+E2],86.5,2.8,median(8) [E1+E2],88.0,2.45,median(8) [E1+E2],88,1.99,median(7) [E1+E2],71.0,4.72,median(8) [E1+E2]
357,72,平台用工的“劳动三分法”治理模式,王天玉[1],中国法学,2023,经济法学,89.47,7.15,E1+E2,True,,12.77,5.7,7.07,24.7,22.0,5,6,,0,0,1,61,89.47,7.15,E1+E2,coverage_minimum,1,38,89.47,7.15,85.0,15.5,median(8) [E1+E2],85.0,2.33,median(8) [E1+E2],80.0,5.75,median(8) [E1+E2],86.5,3.24,median(8) [E1+E2],88.0,3.21,median(8) [E1+E2],80.0,3.96,median(8) [E1+E2]
1919,73,论合同失效——制度供给与自主知识体系,李世刚[1],中国社会科学,2025,民商法学,89.47,3.69,E1+E2,True,,8.65,3.32,5.33,12.3,5.0,6,6,,0,0,1,60,89.47,3.69,E1+E2,top60,0,,,,85,3.35,median(7) [E1+E2],82.0,3.03,median(6) [E1+E2],86,6.47,median(7) [E1+E2],85,2.99,median(7) [E1+E2],86,3.69,median(7) [E1+E2],82.0,2.9,median(8) [E1+E2]
1317,74,利他型人寿保险中投保人与受益人的对价关系,岳卫,法学研究,2017,民商法学,89.44,6.68,E1+E2,True,,12.57,4.85,7.72,18.9,10.5,5,6,,0,0,1,62,89.44,6.68,E1+E2,coverage_minimum,0,,,,85.0,14.09,median(8) [E1+E2],90.0,2.45,median(8) [E1+E2],82.5,5.26,median(8) [E1+E2],88.0,2.19,median(8) [E1+E2],88.5,3.16,median(8) [E1+E2],79.0,8.49,median(8) [E1+E2]
339,75,实行犯的对象错误与教唆犯的归责问题,柏浪涛,中国法学,2018,刑法学,89.38,5.39,E1+E2,True,,12.45,3.33,9.12,25.4,7.0,6,6,,0,0,1,63,89.38,5.39,E1+E2,coverage_minimum,0,,,,82.0,11.87,median(8) [E1+E2],88.0,2.98,median(8) [E1+E2],85.5,2.47,median(8) [E1+E2],92.0,1.19,median(8) [E1+E2],85.5,3.52,median(8) [E1+E2],70.0,5.37,median(8) [E1+E2]
1786,76,超越所有权保留的名实之争——选择性救济路径之证成,庄加园[1],法学研究,2023,民商法学,89.26,5.58,E1+E2,True,,17.55,6.35,11.2,31.6,10.2,4,6,,0,0,1,64,89.26,5.58,E1+E2,coverage_minimum,0,,,,86.5,5.06,median(8) [E1+E2],85.0,5.0,median(8) [E1+E2],88.5,7.02,median(8) [E1+E2],85.5,4.34,median(8) [E1+E2],85.0,8.24,median(8) [E1+E2],79.0,6.35,median(8) [E1+E2]
1098,77,"重构""法的渊源""范畴",雷磊[1],中国社会科学,2021,法学理论,89.24,5.01,E1+E2,True,,10.47,4.8,5.67,18.3,9.5,4,6,,0,0,1,68,89.24,5.01,E1+E2,coverage_minimum,1,39,89.24,5.01,82.0,7.55,median(8) [E1+E2],88.0,2.73,median(8) [E1+E2],90.0,1.69,median(8) [E1+E2],88.0,6.69,median(8) [E1+E2],91.0,1.49,median(8) [E1+E2],60,9.11,median(7) [E1+E2]
1223,78,保底信托效力认定的类型化,吴至诚[1],法学研究,2022,民商法学,89.24,4.18,E1+E2,True,,7.33,1.93,5.4,11.6,3.3,6,6,,0,0,1,67,89.24,4.18,E1+E2,coverage_minimum,0,,,,84.5,6.25,median(8) [E1+E2],85.0,4.07,median(8) [E1+E2],89.0,1.77,median(8) [E1+E2],88.0,2.19,median(8) [E1+E2],85,3.79,median(7) [E1+E2],75,8.15,median(7) [E1+E2]
1556,79,死刑适用标准的体系化构造,劳东燕[1],法学研究,2015,刑法学,89.24,2.92,E1+E2,True,,9.67,3.27,6.4,12.9,5.9,6,6,,0,0,1,66,89.24,2.92,E1+E2,coverage_minimum,0,,,,85.5,2.25,median(8) [E1+E2],85.0,4.54,median(8) [E1+E2],87.0,2.42,median(8) [E1+E2],88,2.21,median(7) [E1+E2],87.5,2.59,median(8) [E1+E2],68.0,5.44,median(8) [E1+E2]
1708,80,著作权法限制音乐专有许可的正当性,王迁[1],法学研究,2019,知识产权法学,89.24,12.04,E1+E2,True,,9.27,3.83,5.43,15.2,5.7,6,6,,0,0,1,65,89.24,12.04,E1+E2,coverage_minimum,1,40,89.24,12.04,85.0,8.5,median(8) [E1+E2],85.0,29.9,median(8) [E1+E2],78.0,16.42,median(8) [E1+E2],87.0,3.24,median(8) [E1+E2],89.0,2.66,median(8) [E1+E2],81.0,2.59,median(8) [E1+E2]
29,81,“枫桥经验”与当代中国纠纷解决机制结构变迁,彭小龙[1],中国法学,2023,法学理论,89.18,7.81,E1+E2,True,,11.68,3.97,7.72,29.3,7.5,6,6,,0,0,1,71,89.18,7.81,E1+E2,coverage_minimum,1,41,89.18,7.81,81.5,18.16,median(8) [E1+E2],90.5,2.45,median(8) [E1+E2],80.0,5.9,median(8) [E1+E2],85.0,3.55,median(8) [E1+E2],88.0,1.41,median(8) [E1+E2],81.0,2.8,median(8) [E1+E2]
1347,82,合同形式主义的演进及其影响———消费者保护的视角,高庆凯[1],法学研究,2022,民商法学,89.18,4.67,E1+E2,True,,9.5,2.73,6.77,13.7,4.2,6,6,,0,0,1,69,89.18,4.67,E1+E2,coverage_minimum,0,,,,85,3.87,median(7) [E1+E2],80,2.99,median(7) [E1+E2],85,10.24,median(7) [E1+E2],86.5,2.64,median(8) [E1+E2],88.0,7.29,median(8) [E1+E2],80.0,2.43,median(8) [E1+E2]
1848,83,宪法秩序下如何安放法典——从“基础性法律”的适用切入,张翔[1],法学研究,2025,宪法学与行政法学,89.18,3.32,E1+E2,True,,9.28,3.73,5.55,18.4,8.8,5,6,,0,0,1,70,89.18,3.32,E1+E2,coverage_minimum,0,,,,85.5,2.77,median(8) [E1+E2],89.0,2.0,median(8) [E1+E2],76.0,7.89,median(8) [E1+E2],92.0,2.0,median(8) [E1+E2],88.0,1.81,median(8) [E1+E2],79.0,6.48,median(8) [E1+E2]
1842,84,电子游戏著作权保护中思想与表达的界分方法,朱冬[1],法学研究,2025,知识产权法学,89.15,3.17,E1+E2,True,,7.37,1.65,5.72,12.0,2.5,6,6,,0,0,1,72,89.15,3.17,E1+E2,coverage_minimum,0,,,,87.0,6.3,median(8) [E1+E2],83.5,1.98,median(8) [E1+E2],85.5,2.47,median(8) [E1+E2],88.0,0.93,median(8) [E1+E2],88.0,1.92,median(8) [E1+E2],71.0,2.8,median(8) [E1+E2]
1614,85,"注册商标使用中的""未改变显著特征""",付继存[1],法学研究,2021,知识产权法学,89.12,4.6,E1+E2,True,,9.48,4.03,5.45,13.3,7.1,6,6,,0,0,1,73,89.12,4.6,E1+E2,coverage_minimum,0,,,,85.0,7.48,median(8) [E1+E2],85.0,2.95,median(8) [E1+E2],88.0,2.56,median(8) [E1+E2],87.5,3.44,median(8) [E1+E2],86.5,3.02,median(8) [E1+E2],75.0,7.74,median(8) [E1+E2]
525,86,法人功能性分类与结构性分类的兼容解释,张力[1],中国法学,2019,民商法学,89.09,4.31,E1,False,,12.72,4.58,8.13,22.6,10.2,5,6,,0,0,0,,,,,,0,,,,87,3.37,mean(4),81,3.46,mean(4),75.5,5.51,mean(4),89.25,3.4,mean(4),79.25,10.24,mean(4),84.25,1.5,mean(4)
1820,87,防卫过当的阶层式判断规则,高巍[1],法学研究,2023,刑法学,89.09,3.55,E1+E2,True,,7.77,3.08,4.68,12.6,6.3,6,6,,0,0,1,74,89.09,3.55,E1+E2,coverage_minimum,0,,,,86.5,2.88,median(8) [E1+E2],84.0,3.64,median(8) [E1+E2],89.5,2.75,median(8) [E1+E2],85.0,2.72,median(8) [E1+E2],87.5,3.81,median(8) [E1+E2],67.5,12.4,median(8) [E1+E2]
1620,88,涉外知识产权归属的法律适用,阮开欣[1],法学研究,2019,国际法学,89.06,6.61,E1+E2,True,,12.58,3.9,8.68,30.7,5.7,6,6,,0,0,1,75,89.06,6.61,E1+E2,coverage_minimum,1,42,89.06,6.61,85.0,13.6,median(8) [E1+E2],78.0,3.34,median(8) [E1+E2],85.0,5.36,median(8) [E1+E2],88.0,3.0,median(8) [E1+E2],85.0,2.72,median(8) [E1+E2],80.0,3.7,median(8) [E1+E2]
1387,89,域外管辖的体系构造:立法管辖与司法管辖之界分,宋晓,法学研究,2021,国际法学,89.03,3.58,E1+E2,True,,7.9,2.83,5.07,18.2,9.1,5,6,,0,0,1,76,89.03,3.58,E1+E2,coverage_minimum,1,43,89.03,3.58,85.0,3.87,median(8) [E1+E2],88.0,2.47,median(8) [E1+E2],81.5,7.94,median(8) [E1+E2],89.0,2.1,median(8) [E1+E2],88.0,1.98,median(8) [E1+E2],75.0,2.38,median(8) [E1+E2]
1321,90,动产担保物权的默示延伸,庄加园,法学研究,2021,民商法学,89.0,4.84,E1+E2,True,,13.42,4.23,9.18,30.3,7.7,6,6,,0,0,1,77,89.0,4.84,E1+E2,coverage_minimum,0,,,,85.0,4.34,median(8) [E1+E2],84.5,4.96,median(8) [E1+E2],80.0,6.45,median(8) [E1+E2],85.0,3.7,median(8) [E1+E2],85.5,6.19,median(8) [E1+E2],81.0,4.46,median(8) [E1+E2]
1329,91,原情与抑情：从“崔三过失杀父案”看清代中期的礼教与司法,姚宇[1],法学研究,2022,法律史,88.97,13.35,E1+E2,True,,15.67,10.65,5.02,44.4,44.7,5,6,,0,0,1,78,88.97,13.35,E1+E2,coverage_minimum,1,44,88.97,13.35,89.0,31.46,median(8) [E1+E2],82.0,4.74,median(8) [E1+E2],78.5,9.23,median(8) [E1+E2],91.0,5.22,median(8) [E1+E2],88.0,3.42,median(8) [E1+E2],68.0,3.85,median(8) [E1+E2]
1322,92,劳动关系认定的理论澄清与规范建构,朱军[1],法学研究,2023,民商法学,88.91,5.5,E1+E2,True,,10.58,2.03,8.55,20.1,3.5,6,6,,0,0,1,79,88.91,5.5,E1+E2,coverage_minimum,0,,,,83.5,12.08,median(8) [E1+E2],88.0,2.56,median(8) [E1+E2],88.5,3.25,median(8) [E1+E2],85.5,1.98,median(8) [E1+E2],88.0,3.58,median(8) [E1+E2],68.0,2.36,median(8) [E1+E2]
1642,93,现代监护理念下监护与行为能力关系的重构,彭诚信[1];李贝[1],法学研究,2019,民商法学,88.88,4.72,E1+E2,True,,8.0,3.0,5.0,14.3,6.0,6,6,,0,0,0,,,,,,0,,,,80.0,8.49,median(8) [E1+E2],88,2.65,median(7) [E1+E2],82.0,6.2,median(8) [E1+E2],87.0,1.67,median(8) [E1+E2],88.0,2.2,median(8) [E1+E2],80.0,3.15,median(8) [E1+E2]
1767,94,论驳回公诉制度及其在我国刑事诉讼中的引入,郭烁[1],法学研究,2025,刑法学,88.88,3.3,E1+E2,True,,10.23,2.97,7.27,17.3,3.6,6,6,,0,0,1,80,88.88,3.3,E1+E2,coverage_minimum,0,,,,86.5,3.29,median(8) [E1+E2],82.0,4.52,median(8) [E1+E2],87.0,3.45,median(8) [E1+E2],88.0,3.0,median(8) [E1+E2],85.0,1.41,median(8) [E1+E2],79.0,3.06,median(8) [E1+E2]
1330,95,反不正当竞争法一般条款的保护限度——以市场区分为视角,刘建臣[1],法学研究,2024,经济法学,88.82,4.22,E1+E2,True,,6.87,2.35,4.52,11.7,5.2,6,6,,0,0,1,81,88.82,4.22,E1+E2,coverage_minimum,1,45,88.82,4.22,85.0,4.21,median(8) [E1+E2],88.0,6.46,median(8) [E1+E2],85.0,5.19,median(8) [E1+E2],85.5,1.64,median(8) [E1+E2],88.0,3.24,median(8) [E1+E2],78.0,4.62,median(8) [E1+E2]
805,96,论无权代理人赔偿责任的双层结构,张家勇[1],中国法学,2019,民商法学,88.74,2.66,E1,False,,9.93,2.53,7.4,15.6,4.2,6,6,,0,0,0,,,,,,0,,,,83.75,3.5,mean(4),90,1.63,mean(4),84,4.24,mean(4),85.75,1.5,mean(4),85.25,2.5,mean(4),69.5,1.91,mean(4)
1914,97,财产犯罪中利益转移的要件重构：从物的占有到债的实现,"陈少青[1,2]",中国法学,2025,刑法学,88.74,2.41,E1,False,,6.73,2.03,4.7,13.9,3.8,6,6,,0,0,0,,,,,,0,,,,82.75,3.77,mean(4),85.5,1.73,mean(4),89,2.0,mean(4),88,2.16,mean(4),87.25,1.5,mean(4),70.5,1.0,mean(4)
1303,98,刑事诉讼法时间效力规则研究,聂友伦[1],法学研究,2020,刑法学,88.72,4.89,E1,False,,7.88,4.08,3.8,11.6,8.1,5,6,,0,0,0,,,,,,0,,,,80,8.12,mean(4),84.5,4.12,mean(4),84.75,4.72,mean(4),87.75,3.1,mean(4),88.75,1.5,mean(4),80.75,2.99,mean(4)
1373,99,国有自然资源资产产权行使机制的完善,程雪阳[1],法学研究,2018,环境与资源保护法学,88.71,4.1,E1+E2,True,,13.88,4.2,9.68,18.9,5.7,6,6,,0,0,1,83,88.71,4.1,E1+E2,coverage_minimum,1,46,88.71,4.1,85.5,5.22,median(6) [E1+E2],84,3.39,median(7) [E1+E2],78.0,6.71,median(6) [E1+E2],85,1.13,median(7) [E1+E2],87.0,4.31,median(8) [E1+E2],81.0,3.85,median(8) [E1+E2]
1727,100,行贿罪之“谋取不正当利益”的法理内涵,车浩,法学研究,2017,刑法学,88.71,4.58,E1+E2,True,,9.77,2.77,7.0,15.3,4.1,6,6,,0,0,1,82,88.71,4.58,E1+E2,coverage_minimum,0,,,,85.0,7.61,median(8) [E1+E2],85.0,3.98,median(8) [E1+E2],85.0,2.0,median(8) [E1+E2],88.0,3.09,median(8) [E1+E2],88.0,2.7,median(8) [E1+E2],75.0,6.27,median(8) [E1+E2]
1860,101,诉权处分合同的程序法效果及其司法审查,朱禹臣[1],法学研究,2025,民商法学,88.71,5.96,E1+E2+E3,True,"problem_originality,literature_insight",10.68,4.5,6.18,15.4,10.7,5,6,,0,0,0,,,,,,0,,,,84.0,9.96,median(12) [E1+E2+E3],85.0,5.7,median(12) [E1+E2+E3],87.0,3.74,median(8) [E1+E2],88.0,2.39,median(8) [E1+E2],92.0,3.4,median(8) [E1+E2],70.0,8.99,median(8) [E1+E2]
1658,102,知情与行为相分离情形下法人知情归责的认定,萧鑫[1],法学研究,2021,民商法学,88.69,4.75,E1,False,,9.87,3.77,6.1,22.1,10.0,5,6,,0,0,0,,,,,,0,,,,82.75,10.05,mean(4),88.5,1.0,mean(4),85.75,5.91,mean(4),87.25,1.5,mean(4),86.75,2.75,mean(4),76,1.41,mean(4)
1844,103,财产损害与盗窃罪认定,付立庆[1],法学研究,2025,刑法学,88.68,5.12,E1,False,,12.53,5.2,7.33,17.9,15.2,5,6,,0,0,0,,,,,,0,,,,84,4.24,mean(4),90,2.0,mean(3),77.5,15.2,mean(4),90,3.56,mean(4),85.75,2.87,mean(4),74.5,3.32,mean(4)
1841,104,前占有人原物返还请求权的理论与规范,吴训祥[1],法学研究,2025,民商法学,88.62,3.45,E1+E2,True,,9.15,3.52,5.63,12.5,5.0,6,6,,0,0,1,84,88.62,3.45,E1+E2,coverage_minimum,0,,,,85.0,3.45,median(8) [E1+E2],85.0,2.88,median(8) [E1+E2],86.5,3.68,median(8) [E1+E2],86.5,3.24,median(8) [E1+E2],88,3.86,median(7) [E1+E2],73.5,5.11,median(8) [E1+E2]
295,105,国际民事诉讼管辖权的基础构造,宋晓[1],中国法学,2024,诉讼法学,88.57,3.99,E1,False,,10.93,3.78,7.15,17.7,7.0,6,6,,0,0,0,,,,,,0,,,,84.75,5.25,mean(4),82.75,2.22,mean(4),75.75,6.99,mean(4),88.5,2.38,mean(4),84.5,3.0,mean(4),80,2.83,mean(4)
1765,106,论防卫人的救助义务——自由分配视角下的正当防卫与先前行为,赵雪爽[1],法学研究,2023,刑法学,88.57,6.5,E1,False,,9.0,5.3,3.7,16.9,15.0,5,6,,0,0,0,,,,,,0,,,,80.25,14.97,mean(4),86.75,1.5,mean(4),85.75,1.5,mean(4),92.25,3.1,mean(4),84.5,6.66,mean(4),71.5,4.04,mean(4)
1689,107,网络空间中犯罪帮助行为的类型化——来自司法判决的启发,"邓矜婷[1,2]",法学研究,2019,刑法学,88.53,3.61,E1,False,,9.72,3.43,6.28,13.6,4.4,6,6,,0,0,0,,,,,,0,,,,83.25,4.27,mean(4),85.25,2.5,mean(4),80.5,3.0,mean(4),84.5,4.43,mean(4),89.25,3.4,mean(4),81.25,2.99,mean(4)
51,108,三权分置下农地流转权利体系重构研究,宋志红,中国法学,2018,民商法学,88.5,4.38,E1+E2,True,,10.87,3.85,7.02,25.5,5.4,6,6,,0,0,0,,,,,,0,,,,82.5,5.98,median(8) [E1+E2],89.0,2.76,median(8) [E1+E2],83.5,6.02,median(8) [E1+E2],88.0,2.9,median(8) [E1+E2],87.0,2.92,median(8) [E1+E2],71.0,5.21,median(8) [E1+E2]
1145,109,中国宪法上基本权利限制的形式要件,陈楚风[1],法学研究,2021,宪法学与行政法学,88.46,3.06,E1,False,,12.47,3.62,8.85,21.3,7.0,6,6,,0,0,0,,,,,,0,,,,83.5,1.73,mean(4),84.75,3.4,mean(4),81.25,6.99,mean(4),92.25,1.71,mean(4),86,1.41,mean(4),69.25,6.5,mean(4)
1858,110,共同关系与共有类型,章程[1],法学研究,2025,民商法学,88.44,2.47,E1,False,,11.77,2.73,9.03,26.9,5.6,6,6,,0,0,0,,,,,,0,,,,85,2.45,mean(4),84.5,1.73,mean(4),86.5,1.73,mean(4),86.25,3.5,mean(4),86.75,1.5,mean(4),77.5,5.57,mean(4)
1296,111,刑事证据标准与证明标准之异同,熊晓彪[1],法学研究,2019,诉讼法学,88.43,4.01,E1,False,,12.08,4.27,7.82,39.2,11.8,5,6,,0,0,0,,,,,,0,,,,86,2.45,mean(4),90.75,2.22,mean(4),77.75,11.79,mean(4),85,3.46,mean(4),85.5,1.73,mean(4),68,4.0,mean(4)
1412,112,夫妻债务的清偿顺序,叶名怡[1],法学研究,2023,民商法学,88.41,2.97,E1,False,,8.78,2.53,6.25,15.7,5.7,6,6,,0,0,0,,,,,,0,,,,81.75,5.68,mean(4),86.5,1.73,mean(4),86.5,1.73,mean(4),89,2.0,mean(4),91,1.15,mean(4),74.25,2.87,mean(4)
1586,113,法人依瑕疵决议所为行为之效力,徐银波[1],法学研究,2020,民商法学,88.41,6.76,E1,False,,9.33,4.85,4.48,18.9,16.1,5,6,,0,0,0,,,,,,0,,,,79,16.06,mean(4),86.75,1.5,mean(4),89,4.24,mean(4),82.5,3.32,mean(4),90,2.83,mean(4),81,1.15,mean(4)
1234,114,受贿犯罪的保护法益,张明楷,法学研究,2018,刑法学,88.32,5.93,E1,False,,14.82,6.35,8.47,27.9,12.2,5,6,,0,0,0,,,,,,0,,,,83,4.16,mean(4),83.5,7.19,mean(4),77.5,7.59,mean(4),88,3.56,mean(4),80.25,12.23,mean(4),82.5,3.32,mean(4)
1427,115,实体导向的必要共同诉讼：模式转换与制度重塑,任重[1],法学研究,2024,诉讼法学,88.32,7.08,E1,False,,9.07,4.7,4.37,19.5,17.7,5,6,,0,0,0,,,,,,0,,,,76.25,17.67,mean(4),86.5,2.38,mean(4),87,2.45,mean(4),88,4.32,mean(4),85,0.0,mean(1),82,1.41,mean(4)
1445,116,对待给付风险负担的基本原则及其突破,刘洋[1],法学研究,2018,民商法学,88.32,6.74,E1,False,,12.62,6.03,6.58,23.6,20.0,5,6,,0,0,0,,,,,,0,,,,87,2.45,mean(4),72,20.0,mean(4),86.5,5.74,mean(4),86.75,3.95,mean(4),88.75,2.99,mean(4),81,1.15,mean(4)
1775,117,"诚信原则修正功能的个案运用———以最高人民法院""华诚案""判决为分析对象",于飞[1],法学研究,2022,民商法学,88.28,3.78,E1,False,,8.1,3.2,4.9,12.4,5.3,6,6,,0,0,0,,,,,,0,,,,85.25,5.25,mean(4),82.5,3.32,mean(4),86.75,3.5,mean(4),87,3.83,mean(4),90,1.63,mean(4),73.5,1.73,mean(4)
1127,118,业务侵占:贪污罪的解释方向,王彦强[1],法学研究,2018,刑法学,88.26,5.23,E1,False,,9.62,4.68,4.93,17.3,10.3,5,6,,0,0,0,,,,,,0,,,,80,10.3,mean(4),89.25,2.99,mean(4),83.5,3.7,mean(4),90.5,1.91,mean(4),81.25,2.99,mean(4),66.75,6.18,mean(4)
1285,119,农民集体与农村集体经济组织关系之二元论,高海[1],法学研究,2022,民商法学,88.24,4.81,E1,False,,15.22,4.63,10.58,29.3,7.4,6,6,,0,0,0,,,,,,0,,,,82,4.32,mean(4),81.75,6.24,mean(4),83,7.44,mean(4),86.75,3.5,mean(4),83,2.45,mean(4),80.25,4.03,mean(4)
1601,120,法律规范合宪性解释的方法论构造,刘召成[1],法学研究,2020,宪法学与行政法学,88.24,5.68,E1+E2,True,,9.07,5.07,4.0,14.1,14.2,5,6,,0,0,0,,,,,,0,,,,83.5,10.71,median(8) [E1+E2],88.0,2.96,median(8) [E1+E2],85.0,3.34,median(8) [E1+E2],89.5,1.41,median(8) [E1+E2],87.5,5.24,median(8) [E1+E2],57.5,11.36,median(8) [E1+E2]
1685,121,缔约过程中说明义务的动态体系论,尚连杰,法学研究,2016,法学理论,88.24,5.64,E1+E2,True,,11.3,4.3,7.0,21.1,9.6,5,6,,0,0,1,85,88.24,5.64,E1+E2,coverage_minimum,1,47,88.24,5.64,79.0,8.85,median(8) [E1+E2],85.0,5.1,median(8) [E1+E2],85.0,4.93,median(8) [E1+E2],86.5,2.67,median(8) [E1+E2],85.0,5.55,median(8) [E1+E2],82.0,2.7,median(8) [E1+E2]
124,122,事实因果与刑法中的结果归责,劳东燕[1],中国法学,2015,刑法学,88.21,4.95,E1,False,,10.78,5.27,5.52,15.9,11.6,4,6,,0,0,0,,,,,,0,,,,85.75,2.87,mean(4),78.25,11.62,mean(4),89,3.37,mean(4),88.5,1.0,mean(4),84.25,8.5,mean(4),79.5,4.2,mean(4)
1012,123,标表型人格权的构造与人格权商品化批判,房绍坤[1];曹相见[2],中国社会科学,2018,民商法学,88.18,7.53,E1+E2,True,,10.13,3.45,6.68,14.7,8.5,5,6,,0,0,1,86,88.18,7.53,E1+E2,coverage_minimum,0,,,,83.5,17.52,median(8) [E1+E2],88.0,2.98,median(8) [E1+E2],85.0,1.93,median(8) [E1+E2],85.0,4.46,median(8) [E1+E2],88.0,1.81,median(8) [E1+E2],75.0,6.25,median(8) [E1+E2]
1739,124,规制抽象危险犯的新路径:双层法益与比例原则的融合,蓝学友[1],法学研究,2019,刑法学,88.16,2.91,E1,False,,11.13,2.72,8.42,31.2,4.7,6,6,,0,0,0,,,,,,0,,,,81.75,4.72,mean(4),82.25,3.2,mean(4),88.5,1.0,mean(4),90.67,1.15,mean(3),87.5,3.32,mean(4),73.33,2.89,mean(3)
1578,125,民法合宪性解释的事实条件,李海平[1],法学研究,2019,民商法学,88.12,4.15,E1,False,,10.23,3.63,6.6,17.0,6.5,6,6,,0,0,0,,,,,,0,,,,78.75,6.5,mean(4),85.75,4.35,mean(4),86.75,4.27,mean(4),84.33,2.08,mean(3),85.25,0.96,mean(4),82.75,3.59,mean(4)
316,126,基于领域性支配的保证人义务：反思与重塑,张梓弦[1],中国法学,2024,刑法学,88.09,5.34,E1,False,,11.3,4.25,7.05,27.6,9.6,5,6,,0,0,0,,,,,,0,,,,82.25,9.6,mean(4),85,4.76,mean(4),86,4.24,mean(4),88.75,2.99,mean(4),86.75,1.5,mean(4),77,2.45,mean(4)
1258,127,公司代表越权担保的制度逻辑解析以公司法第16条第1款为中心,邹海林[1],法学研究,2019,民商法学,88.07,7.64,E1,False,,13.65,6.62,7.03,18.6,13.6,4,6,,0,0,0,,,,,,0,,,,77.75,13.57,mean(4),91.75,4.57,mean(4),85.25,9.43,mean(4),89.25,3.4,mean(4),86.25,2.5,mean(4),63.25,6.18,mean(4)
1219,128,侵权责任与隐私权——责任人和行为人分离情形下的考量,窦海阳[1],法学研究,2024,民商法学,88.06,4.59,E1+E2,True,,12.88,3.55,9.33,22.2,5.9,6,6,,0,0,1,88,88.06,4.59,E1+E2,coverage_minimum,0,,,,81.0,5.87,median(8) [E1+E2],85.0,4.38,median(8) [E1+E2],78.0,5.15,median(8) [E1+E2],88.0,2.0,median(8) [E1+E2],85.5,6.72,median(8) [E1+E2],83.0,2.25,median(8) [E1+E2]
1852,129,司法人工智能的理由模式及其功能限度,徐舒浩[1],法学研究,2025,法学理论,88.06,6.5,E1+E2,True,,13.6,3.5,10.1,26.9,6.7,6,6,,0,0,1,87,88.06,6.5,E1+E2,coverage_minimum,1,48,88.06,6.5,79.0,8.05,median(8) [E1+E2],81.5,13.21,median(8) [E1+E2],88,2.91,median(7) [E1+E2],87.0,3.59,median(8) [E1+E2],85.0,1.55,median(8) [E1+E2],80.0,2.66,median(6) [E1+E2]
1221,130,侵犯公民个人信息罪“情节严重”的法理重述,石聚航[1],法学研究,2018,刑法学,88.03,4.5,E1,False,,12.25,4.82,7.43,25.3,7.1,6,6,,0,0,0,,,,,,0,,,,85,2.45,mean(4),83.5,6.24,mean(4),82.5,7.14,mean(4),88.5,4.73,mean(4),83.75,1.5,mean(4),76.75,6.99,mean(4)
1783,131,贿赂犯罪治理策略的定量研究,赵军[1],法学研究,2022,刑法学,88.03,6.98,E1,False,,11.62,7.05,4.57,22.3,16.9,4,6,,0,0,0,,,,,,0,,,,83.25,6.18,mean(4),86,2.83,mean(4),70,16.91,mean(4),89.5,5.0,mean(4),81,9.02,mean(4),81.75,2.36,mean(4)
565,132,犯罪圈与刑法修正的结构控制,白建军,中国法学,2017,刑法学,88.0,3.98,E1+E2,True,,12.88,3.7,9.18,28.1,6.7,6,6,,0,0,1,89,88.0,3.98,E1+E2,coverage_minimum,0,,,,78,4.22,median(7) [E1+E2],85,4.19,median(7) [E1+E2],85,2.67,median(7) [E1+E2],87,4.76,median(7) [E1+E2],85.0,4.23,median(8) [E1+E2],80.0,2.07,median(8) [E1+E2]
1774,133,诉讼标的理论的新范式——“相对化”与我国民事审判实务,陈杭平,法学研究,2016,诉讼法学,88.0,4.07,E1+E2,True,,9.85,3.45,6.4,17.5,5.2,6,6,,0,0,0,,,,,,0,,,,83.0,3.83,median(8) [E1+E2],85.0,5.86,median(8) [E1+E2],85.0,5.39,median(8) [E1+E2],88.0,2.73,median(8) [E1+E2],87.5,2.26,median(8) [E1+E2],78.0,3.27,median(8) [E1+E2]
1120,134,一致性解释原则在国际贸易行政案件中的适用,彭岳[1],法学研究,2019,国际法学,87.97,5.62,E1+E2,True,,8.93,3.4,5.53,11.8,8.1,5,6,,0,0,1,90,87.97,5.62,E1+E2,coverage_minimum,0,,,,80,5.83,median(7) [E1+E2],82,8.73,median(7) [E1+E2],87.5,3.96,median(8) [E1+E2],85.0,5.95,median(8) [E1+E2],85.0,2.55,median(8) [E1+E2],85.0,1.77,median(8) [E1+E2]
1331,135,反不正当竞争法一般条款的司法适用模式,吴峻,法学研究,2016,经济法学,87.97,6.06,E1+E2,True,,10.53,4.03,6.5,13.9,9.3,5,6,,0,0,1,91,87.97,6.06,E1+E2,coverage_minimum,0,,,,85.0,11.61,median(8) [E1+E2],84.0,2.59,median(8) [E1+E2],83.5,3.58,median(8) [E1+E2],87.0,2.26,median(8) [E1+E2],84.5,8.55,median(8) [E1+E2],75.5,4.37,median(8) [E1+E2]
1729,136,被动管理型信托的效力澄清,邹星光[1],法学研究,2024,民商法学,87.96,3.07,E1,False,,11.97,3.0,8.97,18.0,7.2,6,6,,0,0,0,,,,,,0,,,,80.75,2.99,mean(4),86,2.45,mean(4),79.25,7.18,mean(4),86,1.41,mean(4),86.25,2.5,mean(4),80.75,1.5,mean(4)
682,137,行政法上权利观念的对立及其消解,黄宇骁[1],中国法学,2023,宪法学与行政法学,87.94,4.49,E1,False,,9.52,3.4,6.12,12.8,11.1,5,6,,0,0,0,,,,,,0,,,,81.5,11.09,mean(4),85.75,1.71,mean(4),86,1.41,mean(4),88.5,1.0,mean(4),86,2.83,mean(4),77,2.45,mean(4)
442,138,数据爬取的正当性及其边界,许可[1],中国法学,2021,民商法学,87.91,5.45,E1,False,,16.92,4.45,12.47,40.8,9.6,4,6,,0,0,0,,,,,,0,,,,84.25,8.66,mean(4),72.25,9.6,mean(4),90,1.63,mean(4),86.25,1.5,mean(4),85,2.45,mean(4),82.5,2.89,mean(4)
815,139,论民法典后司法解释之命运,"黄忠[1,2]",中国法学,2020,民商法学,87.91,2.89,E1,False,,10.27,2.83,7.43,18.6,8.1,5,6,,0,0,0,,,,,,0,,,,84.5,1.73,mean(4),80,2.31,mean(4),76.5,8.06,mean(4),88.25,2.87,mean(4),85.25,0.5,mean(4),84.25,1.5,mean(4)
1867,140,公法属地原则与域外适用的博弈共存,章晶[1],法学研究,2025,国际法学,87.91,6.2,E1+E2,True,,11.27,5.97,5.3,21.8,14.7,5,6,,0,0,1,92,87.91,6.2,E1+E2,coverage_minimum,0,,,,80,12.44,median(7) [E1+E2],88.0,2.6,median(8) [E1+E2],86.5,7.11,median(8) [E1+E2],88.0,1.93,median(8) [E1+E2],88.0,2.66,median(8) [E1+E2],75.0,4.53,median(8) [E1+E2]
1769,141,证据属性层次论——基于证据规则结构体系的理论反思,郑飞,法学研究,2021,诉讼法学,87.88,4.77,E1,False,,14.28,4.38,9.9,29.3,8.4,5,6,,0,0,0,,,,,,0,,,,78.25,6.95,mean(4),86.25,3.5,mean(4),84.5,8.39,mean(4),85.25,1.89,mean(4),84,1.41,mean(4),80.5,4.2,mean(4)
1486,142,扩用无因管理相反请求权研究,李中原[1],法学研究,2024,民商法学,87.87,5.5,E1,False,,11.53,4.9,6.63,22.3,9.7,4,6,,0,0,0,,,,,,0,,,,78.5,9.68,mean(4),85.25,2.22,mean(4),84.25,4.35,mean(4),86,2.83,mean(4),82.25,8.26,mean(4),82.5,2.08,mean(4)
830,143,论破产程序中企业数据财产的处理,"赵精武[1,2]",中国法学,2024,民商法学,87.84,3.92,E1,False,,12.03,4.33,7.7,21.1,12.9,5,6,,0,0,0,,,,,,0,,,,82.25,2.06,mean(4),86.5,1.73,mean(4),73.25,12.87,mean(4),87.25,2.22,mean(4),78.75,4.57,mean(4),81.5,2.52,mean(4)
1400,144,基本权利功能视野下平台经济不正当竞争认定范式重塑,张占江[1],法学研究,2025,宪法学与行政法学,87.78,3.65,E1,False,,12.8,3.7,9.1,36.0,6.2,6,6,,0,0,0,,,,,,0,,,,84.25,1.5,mean(4),80.75,5.06,mean(4),88.25,4.03,mean(4),87,6.22,mean(4),86,1.41,mean(4),76.25,4.03,mean(4)
1897,145,区分自然犯与法定犯的新标准：主体性法益/主体间性法益,蓝学友[1],中国法学,2025,刑法学,87.76,5.54,E1,False,,8.13,4.0,4.13,19.4,13.3,5,6,,0,0,0,,,,,,0,,,,74.5,13.33,mean(4),86.5,1.91,mean(4),87,2.45,mean(4),88.25,2.87,mean(4),87.25,0.96,mean(4),81.25,2.5,mean(4)
1695,146,股东出资加速到期的理论证成,钱玉林[1],法学研究,2020,民商法学,87.72,7.6,E1,False,,10.47,5.63,4.83,19.9,19.4,5,6,,0,0,0,,,,,,0,,,,79,19.36,mean(4),85.75,1.71,mean(4),80.75,5.06,mean(4),86.75,1.5,mean(4),85.5,1.73,mean(4),80,4.4,mean(4)
1645,147,申请保全错误损害赔偿责任：规范、定性及诉讼实现,占善刚[1],法学研究,2024,民商法学,87.71,3.84,E1,False,,11.83,3.88,7.95,20.6,8.3,5,6,,0,0,0,,,,,,0,,,,84.25,1.5,mean(4),84.25,6.99,mean(4),83.5,8.35,mean(4),86.75,2.06,mean(4),87.5,2.08,mean(4),70,2.31,mean(4)
951,148,以“生态恢复论”重构环境侵权救济体系,吕忠梅[1];窦海阳[2],中国社会科学,2020,环境与资源保护法学,87.68,6.25,E1+E2,True,,14.03,4.52,9.52,23.2,8.1,5,6,,0,0,1,93,87.68,6.25,E1+E2,coverage_minimum,0,,,,85.5,7.76,median(8) [E1+E2],79.0,9.65,median(8) [E1+E2],83.5,6.28,median(8) [E1+E2],90.0,3.01,median(8) [E1+E2],89.0,2.98,median(8) [E1+E2],79.5,3.09,median(8) [E1+E2]
347,149,宽容原则之上：法律解释与存疑有利于被告,郭烁[1],中国法学,2025,刑法学,87.66,3.22,E1,False,,11.4,3.5,7.9,20.2,5.1,6,6,1-empty-status,0,0,0,,,,,,0,,,,86.5,1.73,mean(4),85.5,5.0,mean(4),76.75,5.12,mean(4),87,2.45,mean(4),87.75,2.06,mean(4),77,4.69,mean(4)
1562,150,民事诉讼中具体化责任的转移:法理、条件与程度,周翠[1],法学研究,2021,诉讼法学,87.65,1.72,E1,False,,7.87,1.82,6.05,10.8,2.9,6,6,,0,0,0,,,,,,0,,,,80.5,1.91,mean(4),89,1.15,mean(4),82,2.94,mean(4),88.5,1.0,mean(4),85.75,1.5,mean(4),77,2.45,mean(4)
418,151,控制性详细规划的法律定位及控制,李泠烨[1],中国法学,2024,宪法学与行政法学,87.62,9.08,E1,False,,12.7,8.38,4.32,19.9,19.0,3,6,,0,0,0,,,,,,0,,,,77,16.67,mean(4),82.5,1.73,mean(4),84.5,8.39,mean(4),89.75,2.36,mean(4),78.5,19.0,mean(4),82.25,2.06,mean(4)
1551,152,欺诈市场理论反思,耿利航[1],法学研究,2020,刑法学,87.6,4.35,E1,False,,13.27,4.52,8.75,25.8,13.3,5,6,,0,0,0,,,,,,0,,,,89,2.0,mean(4),92.5,3.42,mean(4),61.75,13.33,mean(4),87.25,3.3,mean(4),82.25,3.1,mean(4),79,2.0,mean(4)
338,153,实体与程序互动视野下的刑事合规立法,李本灿[1],中国法学,2023,刑法学,87.59,3.39,E1+E2,True,,11.92,3.13,8.78,18.9,7.4,6,6,,0,0,1,94,87.59,3.39,E1+E2,coverage_minimum,0,,,,85.0,2.71,median(8) [E1+E2],88.0,2.0,median(8) [E1+E2],78.0,5.64,median(8) [E1+E2],85.5,3.54,median(8) [E1+E2],88.0,4.03,median(8) [E1+E2],75.0,4.44,median(8) [E1+E2]
1829,154,非法人组织与其他组织的关系困局及其破解,谭启平[1],法学研究,2020,民商法学,87.59,3.48,E1,False,,8.33,3.28,5.05,16.1,6.0,6,6,,0,0,0,,,,,,0,,,,80.25,3.3,mean(4),83,3.16,mean(4),78.5,6.03,mean(4),88.75,2.99,mean(4),84.25,2.87,mean(4),81.75,1.26,mean(4)
1195,155,从数据生产到数据流通：数据财产权益的双层配置方案,宁园[1],法学研究,2023,民商法学,87.56,4.1,E1,False,,14.1,4.52,9.58,26.9,10.4,5,6,,0,0,0,,,,,,0,,,,84.75,3.77,mean(4),86,1.83,mean(4),81,6.0,mean(4),85.5,2.65,mean(4),78.25,10.44,mean(4),76.25,2.5,mean(4)
1439,156,宪法通信权双重保护论,屠振宇[1],法学研究,2024,宪法学与行政法学,87.56,2.99,E1,False,,12.33,3.12,9.22,21.3,6.0,6,6,,0,0,0,,,,,,0,,,,85,2.45,mean(4),82.75,2.22,mean(4),80.5,5.97,mean(4),88.75,2.99,mean(4),88.25,1.26,mean(4),72.5,3.79,mean(4)
1572,157,民法典体系下动产抵押权善意取得的规范续造,黄家镇[1],法学研究,2024,民商法学,87.51,2.86,E1,False,,9.62,3.18,6.43,13.4,5.9,6,6,,0,0,0,,,,,,0,,,,83.33,2.89,mean(3),88.25,2.87,mean(4),82.25,4.86,mean(4),84.25,1.5,mean(4),88.75,0.96,mean(4),76,5.89,mean(4)
1143,158,中国合同法上的产权平等保护,罗昆[1],法学研究,2024,民商法学,87.5,4.85,E1,False,,13.35,4.63,8.72,25.5,8.2,5,6,,0,0,0,,,,,,0,,,,82.5,3.79,mean(4),82,3.56,mean(4),77.5,8.23,mean(4),86.75,6.7,mean(4),87.75,3.1,mean(4),83,2.45,mean(4)
950,159,从身份到行为：劳动法规范构造的转型,王天玉[1],中国社会科学,2025,民商法学,87.49,2.3,E1,False,,9.18,2.48,6.7,10.8,4.2,6,6,,0,0,0,,,,,,0,,,,82.75,1.5,mean(4),85,2.45,mean(4),86.25,1.26,mean(4),85.25,4.11,mean(4),86,1.41,mean(4),79.5,4.2,mean(4)
1741,160,警察行政介入民事领域的正当性及类型化调控,陈鹏[1],法学研究,2022,民商法学,87.49,3.46,E1,False,,8.87,3.27,5.6,17.9,6.2,6,6,,0,0,0,,,,,,0,,,,84.25,2.87,mean(4),87.5,3.32,mean(4),73.25,6.18,mean(4),90.25,3.5,mean(4),87.67,2.52,mean(3),70.67,1.15,mean(3)
1111,161,“直诉”源流通说辨正,王捷,法学研究,2015,法律史,87.47,7.16,E1+E2,True,,15.02,4.7,10.32,21.9,8.5,5,6,,0,0,1,95,87.47,7.16,E1+E2,coverage_minimum,1,49,87.47,7.16,88.0,10.49,median(8) [E1+E2],82.0,6.6,median(8) [E1+E2],76,10.21,median(7) [E1+E2],88.0,4.05,median(8) [E1+E2],85.0,0.64,median(8) [E1+E2],75.0,5.8,median(8) [E1+E2]
1224,162,保理法的再体系化,李宇[1],法学研究,2022,民商法学,87.47,6.72,E1,False,,16.6,6.02,10.58,34.1,20.6,4,6,,0,0,0,,,,,,0,,,,88.25,2.87,mean(4),72.75,20.61,mean(4),84.5,9.57,mean(4),90.5,1.0,mean(4),88,0.0,mean(4),79,2.0,mean(4)
1742,163,计算机信息系统作为财产的私法保护,张浩然[1],法学研究,2025,民商法学,87.47,5.91,E1,False,,12.63,6.33,6.3,23.3,20.9,5,6,,0,0,0,,,,,,0,,,,81,5.29,mean(4),86,1.41,mean(4),78,20.88,mean(3),93,1.73,mean(3),83.75,2.5,mean(4),79.25,6.18,mean(4)
1894,164,电子商务平台守门人责任研究,王承堂[1],中国法学,2025,民商法学,87.47,5.74,E1,False,,14.97,5.15,9.82,33.6,9.1,5,6,,0,0,0,,,,,,0,,,,84.25,7.41,mean(4),87.5,3.32,mean(4),79.5,9.15,mean(4),85.5,5.26,mean(4),85.75,2.87,mean(4),78.25,2.87,mean(4)
235,165,刑民界分视野下诈骗罪成立范围的实质认定,陈少青,中国法学,2021,刑法学,87.46,3.6,E1,False,,9.97,4.7,5.27,17.3,8.3,5,6,,0,0,0,,,,,,0,,,,85.75,1.5,mean(4),79.75,3.5,mean(4),86.75,6.7,mean(4),85.5,2.08,mean(4),80.5,6.14,mean(4),70,8.33,mean(4)
1898,166,论基本权利干预中的法律保留与宪法保留,王锴[1],中国法学,2025,宪法学与行政法学,87.46,4.29,E1,False,,8.0,3.5,4.5,10.9,7.6,6,6,,0,0,0,,,,,,0,,,,83.25,7.63,mean(4),87.75,3.1,mean(4),80.75,3.4,mean(4),85.75,2.87,mean(4),89.5,1.91,mean(4),75.25,2.06,mean(4)
1141,167,中国刑事司法证明“唯客观化”批判,熊晓彪[1],法学研究,2024,刑法学,87.44,4.92,E1,False,,11.22,4.9,6.32,26.0,6.4,6,6,,0,0,0,,,,,,0,,,,84.5,5.26,mean(4),84.75,4.99,mean(4),83.5,4.43,mean(4),84.75,5.38,mean(4),85.75,2.87,mean(4),72.75,6.4,mean(4)
1593,168,法律保留的中国方案：“本质重要性”标准的引入及应用,李忠夏[1],法学研究,2025,宪法学与行政法学,87.41,6.67,E1,False,,14.12,5.32,8.8,17.5,12.2,4,6,,0,0,0,,,,,,0,,,,81.5,9.11,mean(4),80.25,12.23,mean(4),80,5.77,mean(4),87.75,2.06,mean(4),85.75,1.5,mean(4),81,1.15,mean(4)
1737,169,规划许可诉讼中邻人保护的权利基础与审查构造,赵宏[1],法学研究,2022,民商法学,87.39,4.72,E1,False,,10.52,3.83,6.68,20.8,9.5,5,6,,0,0,0,,,,,,0,,,,79,9.54,mean(3),87.67,2.52,mean(3),83.33,4.16,mean(3),90,2.0,mean(3),85.5,1.73,mean(4),72.25,3.1,mean(4)
486,170,死刑案件量刑阶段的轻刑推定原则,姚莉[1],中国法学,2021,刑法学,87.38,3.73,E1,False,,11.53,3.38,8.15,21.4,4.7,6,6,,0,0,0,,,,,,0,,,,74.5,4.12,mean(4),91.5,4.36,mean(4),84.5,1.73,mean(4),83.5,4.65,mean(4),87.5,3.32,mean(4),80.25,2.06,mean(4)
1683,171,组织体刑事责任论及其应用,黎宏[1],法学研究,2020,刑法学,87.38,5.01,E1,False,,10.38,4.88,5.5,15.2,7.5,6,6,,0,0,0,,,,,,0,,,,83.25,5.68,mean(4),87.25,2.22,mean(4),82,7.48,mean(4),85,6.22,mean(4),88.25,2.36,mean(4),74.75,5.25,mean(4)
1264,172,公司机会规则的反思与体系建构,袁崇霖[1],法学研究,2022,民商法学,87.34,7.51,E1,False,,9.42,5.37,4.05,21.2,20.6,5,6,,0,0,0,,,,,,0,,,,73.5,20.63,mean(4),86.75,1.5,mean(4),90.25,3.5,mean(4),85.25,0.5,mean(4),86.5,1.73,mean(4),80,4.4,mean(4)
1273,173,共犯人关系的再思考,张明楷[1],法学研究,2020,刑法学,87.32,5.45,E1,False,,15.65,5.18,10.47,28.8,9.4,4,6,,0,0,0,,,,,,0,,,,85.5,9.43,mean(4),84.25,1.71,mean(4),80.5,8.39,mean(4),89.75,2.36,mean(4),86.5,1.73,mean(4),51.25,7.5,mean(4)
1360,174,嗣后财产灭失、相反行为与遗嘱效力,刘征峰[1],法学研究,2021,民商法学,87.32,4.52,E1,False,,10.62,4.25,6.37,13.9,9.3,5,6,,0,0,0,,,,,,0,,,,83.75,3.5,mean(4),85.75,4.35,mean(4),87,2.45,mean(4),81.75,9.25,mean(4),85.5,1.73,mean(4),73.25,4.27,mean(4)
1474,175,我国民事自认的非约束性及其修正,段文波[1],法学研究,2020,诉讼法学,87.32,5.8,E1,False,,10.77,5.72,5.05,14.2,7.5,6,6,,0,0,0,,,,,,0,,,,78.75,7.46,mean(4),84.5,4.93,mean(4),88,6.73,mean(4),89.75,3.3,mean(4),86.25,6.24,mean(4),67.25,5.74,mean(4)
1492,176,抵销预期的发现及其价值———以保证金的破产抵销为线索,娄爱华[1],法学研究,2022,民商法学,87.31,4.08,E1,False,,7.42,3.53,3.88,12.2,8.3,5,6,,0,0,0,,,,,,0,,,,80.25,8.34,mean(4),85.75,2.87,mean(4),84.25,2.87,mean(4),89,1.15,mean(4),89.5,1.0,mean(4),74,4.9,mean(4)
1363,177,因果关系错误问题及其应对——以行为危险现实化说的再阐释为中心,黎宏[1],法学研究,2022,刑法学,87.28,4.17,E1,False,,14.47,5.33,9.13,30.3,14.4,5,6,,0,0,0,,,,,,0,,,,80.5,4.2,mean(4),87.5,1.0,mean(4),84.25,1.5,mean(4),86.75,6.7,mean(4),86,4.24,mean(4),63,14.35,mean(4)
1516,178,数据的私法定位与保护,纪海龙[1],法学研究,2018,民商法学,87.28,4.44,E1,False,,9.18,3.6,5.58,11.1,7.0,6,6,,0,0,0,,,,,,0,,,,80,6.93,mean(4),86.75,1.5,mean(4),78.25,2.36,mean(4),84.25,6.99,mean(4),85.75,2.22,mean(4),80,1.63,mean(4)
1869,179,人工智能法学之类比方法及其省思：以AIGC著作权保护问题为例,吕炳斌[1],法学研究,2025,知识产权法学,87.26,4.35,E1,False,,13.68,3.9,9.78,28.8,9.3,5,6,,0,0,0,,,,,,0,,,,81.5,5.0,mean(4),87.5,2.89,mean(4),76.5,9.29,mean(4),82.5,3.11,mean(4),83.75,2.06,mean(4),82.5,1.0,mean(4)
209,180,再论行政应急性原则:内涵、证立与展开,彭錞[1],中国法学,2021,宪法学与行政法学,87.25,4.15,E1,False,,14.05,4.42,9.63,23.2,8.1,5,6,,0,0,0,,,,,,0,,,,87.5,2.89,mean(4),76.25,6.29,mean(4),85.75,1.5,mean(4),86.25,6.24,mean(4),87.25,1.5,mean(4),66.25,8.1,mean(4)
1752,181,论刑法教义学与实证研究,白建军,法学研究,2021,刑法学,87.25,5.89,E1,False,,18.27,5.37,12.9,28.8,10.9,5,6,,0,0,0,,,,,,0,,,,82.5,6.4,mean(4),85.5,7.9,mean(4),70.75,10.87,mean(4),87.25,2.22,mean(4),82.75,1.5,mean(4),80.25,3.3,mean(4)
1458,182,建设用地国有制的逻辑、挑战及变革,徐键,法学研究,2017,环境与资源保护法学,87.24,6.3,E1+E2,True,,15.83,6.57,9.27,30.9,21.1,5,6,,0,0,1,96,87.24,6.3,E1+E2,coverage_minimum,0,,,,85.0,4.07,median(8) [E1+E2],86.0,5.97,median(8) [E1+E2],72.0,15.35,median(8) [E1+E2],82.0,5.51,median(8) [E1+E2],86.0,3.15,median(8) [E1+E2],83.5,3.23,median(8) [E1+E2]
1777,183,调整个性化定价的公私法协动体系构造,冯洁语[1],法学研究,2023,民商法学,87.24,8.57,E1+E2,True,,11.68,4.03,7.65,21.7,9.9,5,6,,0,0,0,,,,,,0,,,,83.0,14.86,median(8) [E1+E2],88.0,2.56,median(8) [E1+E2],78.0,14.07,median(8) [E1+E2],87.0,2.45,median(8) [E1+E2],88.0,7.57,median(8) [E1+E2],75.5,4.82,median(8) [E1+E2]
1862,184,信息能力对法律规范形态的塑造,李晟[1],法学研究,2025,法学理论,87.24,3.86,E1,False,,13.52,3.47,10.05,24.6,5.2,6,6,,0,0,0,,,,,,0,,,,80.25,4.03,mean(4),82.75,5.19,mean(4),85.5,5.0,mean(4),82.25,3.1,mean(4),84.5,1.29,mean(4),82.75,2.22,mean(4)
866,185,财产损失要件在诈骗认定中的功能及其判断,付立庆[1],中国法学,2019,刑法学,87.22,4.37,E1,False,,12.78,4.3,8.48,26.4,7.3,6,6,,0,0,0,,,,,,0,,,,83.75,5.06,mean(4),84,2.31,mean(4),82.75,7.27,mean(4),86.25,3.5,mean(4),85.75,4.35,mean(4),70.25,3.3,mean(4)
1878,186,“正当信赖”的衡平检验,沈岿[1],中国法学,2025,法学理论,87.21,2.32,E1,False,,7.5,2.03,5.47,9.4,3.6,6,6,,0,0,0,,,,,,0,,,,88,3.56,mean(4),79,2.0,mean(4),84.5,1.73,mean(4),83.5,1.73,mean(4),87.5,1.73,mean(4),76.75,1.5,mean(4)
715,187,论《民法典》的溯及力,熊丙万[1],中国法学,2021,民商法学,87.18,2.74,E1,False,,8.85,2.5,6.35,19.5,4.1,6,6,,0,0,0,,,,,,0,,,,74.75,3.95,mean(4),84.25,1.71,mean(4),87.5,4.12,mean(4),87.25,1.89,mean(4),89.25,0.96,mean(4),83,2.45,mean(4)
1401,188,基本权利的功能体系与行政法治的进路,郑春燕[1],法学研究,2015,宪法学与行政法学,87.18,5.73,E1+E2,True,,12.48,4.58,7.9,20.8,6.6,6,6,,0,0,0,,,,,,0,,,,85.0,9.74,median(8) [E1+E2],86.5,1.91,median(8) [E1+E2],81.0,5.13,median(8) [E1+E2],83.0,5.48,median(8) [E1+E2],88.0,3.3,median(8) [E1+E2],78.0,4.54,median(8) [E1+E2]
1634,189,特别条款优先效力的理论困境及其解决路径——以特别关系的类型区分为视角,邓毅丞[1],法学研究,2025,刑法学,87.18,5.54,E1,False,,10.55,6.33,4.22,23.2,19.3,4,6,,0,0,0,,,,,,0,,,,81,10.74,mean(4),84,1.41,mean(4),83,2.45,mean(4),90,2.83,mean(4),86,1.41,mean(4),63.75,19.31,mean(4)
593,190,知识产权法与反不正当竞争法关系重探,刘银良[1],中国法学,2023,知识产权法学,87.16,6.28,E1,False,,12.72,6.75,5.97,20.6,12.5,4,6,,0,0,0,,,,,,0,,,,83.25,7.63,mean(4),88.5,2.89,mean(4),75.75,11.32,mean(4),91.75,4.72,mean(4),85.75,1.5,mean(4),51.25,12.47,mean(4)
718,191,论中国刑法上的“二阶刑事违法”,杜宇[1],中国法学,2025,刑法学,87.16,4.17,E1,False,,13.38,3.83,9.55,36.4,7.1,6,6,,0,0,0,,,,,,0,,,,80,7.07,mean(4),85.75,5.91,mean(4),85.25,2.5,mean(4),88,0.0,mean(4),87.25,2.22,mean(4),71.75,5.32,mean(4)
1713,192,行政协议诉讼的制度构建,刘飞[1],法学研究,2019,宪法学与行政法学,87.16,3.56,E1,False,,11.35,3.57,7.78,22.2,7.7,6,6,,0,0,0,,,,,,0,,,,86,1.41,mean(4),83.75,4.19,mean(4),66.25,7.68,mean(4),86.75,4.27,mean(4),85.5,2.08,mean(4),83.5,1.73,mean(4)
1582,193,民法总则中非法人组织权利能力之证成,张其鉴[1],法学研究,2018,民商法学,87.09,3.93,E1,False,,11.22,4.32,6.9,27.0,8.7,5,6,,0,0,0,,,,,,0,,,,84,4.24,mean(4),87,2.58,mean(4),76.5,8.7,mean(4),87,1.41,mean(4),89.5,1.91,mean(4),70.5,7.14,mean(4)
1640,194,环境行政处罚规制功能之补强,谭冰霖[1],法学研究,2018,宪法学与行政法学,87.07,4.69,E1,False,,12.72,4.22,8.5,29.8,9.1,5,6,,0,0,0,,,,,,0,,,,82.5,4.12,mean(4),71.5,9.11,mean(4),89.75,3.3,mean(4),86.25,3.5,mean(4),87.75,3.4,mean(4),80.5,1.91,mean(4)
1875,195,民法典约定解除权制度的构造与适用,刘承韪[1],中国法学,2025,民商法学,87.07,6.0,E1,False,,13.02,5.32,7.7,24.8,11.4,5,6,,0,0,0,,,,,,0,,,,81.25,6.5,mean(4),79,11.4,mean(4),83.25,4.27,mean(4),85.5,3.32,mean(4),85.75,2.87,mean(4),83.25,3.5,mean(4)
1109,196,“对赌协议”的裁判路径及政策选择——基于PE/VC与公司对赌场景的分析,刘燕[1],法学研究,2020,民商法学,87.06,7.14,E1,False,,9.75,5.15,4.6,17.1,16.1,5,6,,0,0,0,,,,,,0,,,,79,16.06,mean(4),81.5,4.04,mean(4),80,4.4,mean(4),88.75,2.99,mean(4),83.5,1.73,mean(4),82.25,1.71,mean(4)
1613,197,注册制度改革背景下基于商标不使用的实体法抗辩,谢晴川[1],法学研究,2024,知识产权法学,87.06,4.62,E1+E2,True,,10.93,3.2,7.73,18.0,8.1,5,6,,0,0,1,97,87.06,4.62,E1+E2,coverage_minimum,0,,,,83.5,7.38,median(8) [E1+E2],85.0,3.09,median(8) [E1+E2],82.0,4.57,median(8) [E1+E2],85.5,3.64,median(8) [E1+E2],85.0,1.07,median(8) [E1+E2],78.0,5.29,median(8) [E1+E2]
1803,198,连带债务发生明定主义之反思,张定军[1],法学研究,2023,民商法学,87.03,3.53,E1,False,,9.8,3.62,6.18,13.8,9.9,5,6,,0,0,0,,,,,,0,,,,85.25,0.5,mean(4),76.25,9.95,mean(4),85,2.16,mean(4),89.25,3.4,mean(4),87.75,2.06,mean(4),78,3.56,mean(4)
1274,199,关联交易规制的世行范式评析与中国范式重构,汪青松,法学研究,2021,经济法学,87.0,5.8,E1+E2,True,,11.8,4.67,7.13,19.8,10.2,5,6,,0,0,1,98,87.0,5.8,E1+E2,coverage_minimum,0,,,,81.5,8.32,median(8) [E1+E2],85.0,5.21,median(8) [E1+E2],79.0,7.5,median(8) [E1+E2],82.0,3.16,median(8) [E1+E2],85.5,2.77,median(8) [E1+E2],83.5,4.5,median(8) [E1+E2]
1530,200,无益费用的赔偿限制原理,尚连杰[1],法学研究,2024,民商法学,86.99,3.13,E1,False,,11.72,3.13,8.58,27.6,4.4,6,6,,0,0,0,,,,,,0,,,,80.5,3.11,mean(4),85.75,2.63,mean(4),88.25,2.87,mean(4),84.25,4.35,mean(4),87.25,1.5,mean(4),70,4.4,mean(4)
137,201,人格标识的“他为性”及其规范影响,曹相见[1],中国法学,2023,民商法学,86.97,3.41,E1,False,,9.22,3.52,5.7,11.0,5.6,6,6,,0,0,0,,,,,,0,,,,82.75,3.59,mean(4),80.75,4.57,mean(4),82,4.24,mean(4),90.5,1.91,mean(4),89,1.15,mean(4),77.5,5.57,mean(4)
748,202,论冒名处分不动产的私法效果,冉克平[1],中国法学,2015,民商法学,86.96,3.9,E1,False,,9.37,3.68,5.68,13.4,7.2,6,6,,0,0,0,,,,,,0,,,,77.75,7.14,mean(4),87,2.45,mean(4),85.25,0.5,mean(4),89.25,3.4,mean(4),86.75,1.5,mean(4),70.75,7.18,mean(4)
1171,203,义务范围理论下证券服务机构过失虚假陈述赔偿责任,洪国盛[1],法学研究,2022,刑法学,86.94,4.66,E1,False,,12.35,4.32,8.03,24.1,7.7,6,6,,0,0,0,,,,,,0,,,,76,7.66,mean(4),81.25,3.77,mean(4),84,4.24,mean(4),90,1.63,mean(4),86,4.24,mean(4),80,4.4,mean(4)
1102,204,风险控制的部门法思路及其超越,宋亚辉,中国社会科学,2017,法学理论,86.93,4.4,E1,False,,14.15,5.13,9.02,25.5,10.6,5,6,,0,0,0,,,,,,0,,,,83.75,3.5,mean(4),81,6.48,mean(4),85.75,6.99,mean(4),85.75,1.5,mean(4),85.75,1.71,mean(4),70.75,10.59,mean(4)
1301,205,刑事诉讼时间规范的理论逻辑与制度改良,郭晶[1],法学研究,2025,刑法学,86.91,3.58,E1,False,,10.5,3.33,7.17,20.8,7.3,6,6,,0,0,0,,,,,,0,,,,81.75,2.87,mean(4),81,4.69,mean(4),75,7.26,mean(4),88.25,2.36,mean(4),86.5,1.73,mean(4),81.5,1.0,mean(4)
1233,206,信用惩戒适用行为人责任的法理及其限度,伏创宇[1],法学研究,2023,宪法学与行政法学,86.85,3.55,E1,False,,7.93,2.83,5.1,11.1,8.5,5,6,,0,0,0,,,,,,0,,,,80.75,8.5,mean(4),85.25,0.5,mean(4),85,2.45,mean(4),86.25,1.26,mean(4),86.5,1.29,mean(4),78.75,2.99,mean(4)
1399,207,基本权利冲突及其解决思路,王锴[1],法学研究,2021,宪法学与行政法学,86.84,3.23,E1,False,,12.08,3.45,8.63,26.4,6.8,6,6,,0,0,0,,,,,,0,,,,82,4.32,mean(4),86.5,1.73,mean(4),77.75,6.75,mean(4),88.5,1.0,mean(4),84.5,0.58,mean(4),63.75,6.29,mean(4)
1263,208,公司挤出合并下异议股东回购请求权的功能定位,耿利航[1],法学研究,2025,民商法学,86.82,2.52,E1,False,,7.9,2.33,5.57,9.8,3.6,6,6,,0,0,0,,,,,,0,,,,83,2.45,mean(4),78.5,2.52,mean(4),87,2.45,mean(4),88,3.56,mean(4),88.5,1.0,mean(4),77.75,2.06,mean(4)
1271,209,公私法协动视野下生态环境损害赔偿的理论构成,"冯洁语[1,2]",法学研究,2020,民商法学,86.82,5.96,E1+E2,True,,11.73,3.45,8.28,20.8,4.8,6,6,,0,0,0,,,,,,0,,,,84.5,11.41,median(8) [E1+E2],86.0,3.62,median(8) [E1+E2],78.0,4.03,median(8) [E1+E2],85.0,3.28,median(8) [E1+E2],87.5,4.14,median(8) [E1+E2],76.5,2.83,median(8) [E1+E2]
812,210,论民事诉讼中的法官调查取证权,袁中华[1],中国法学,2020,诉讼法学,86.81,5.62,E1,False,,11.37,5.37,6.0,15.8,10.6,5,6,,0,0,0,,,,,,0,,,,84.25,5.68,mean(4),82.75,3.59,mean(4),80.75,10.59,mean(4),86.5,5.97,mean(4),87.75,2.06,mean(4),79.5,4.2,mean(4)
1456,211,广播组织权的客体——兼析“以信号为基础的方法”,王迁,法学研究,2017,知识产权法学,86.81,4.78,E1,False,,17.38,4.8,12.58,28.5,10.4,5,6,,0,0,0,,,,,,0,,,,79.5,3.7,mean(4),76,6.16,mean(4),85.25,10.44,mean(4),88.5,2.38,mean(4),83.5,1.73,mean(4),80,4.4,mean(4)
205,212,共同市场支配地位的理论基础与规则构造,张晨颖[1],中国法学,2020,经济法学,86.79,4.66,E1+E2,True,,11.9,5.3,6.6,20.8,12.4,5,6,,0,0,1,99,86.79,4.66,E1+E2,coverage_minimum,0,,,,82,3.18,median(7) [E1+E2],82.5,1.85,median(8) [E1+E2],85.5,12.38,median(8) [E1+E2],86.5,4.31,median(8) [E1+E2],82,5.22,median(7) [E1+E2],66.0,1.96,median(8) [E1+E2]
635,213,组织法视阈中的公司决议及其法律适用,周淳[1],中国法学,2019,民商法学,86.79,4.62,E1,False,,9.88,4.12,5.77,16.3,6.8,6,6,,0,0,0,,,,,,0,,,,79.25,6.75,mean(4),82.25,3.86,mean(4),81,6.16,mean(4),85.75,2.87,mean(4),86.75,1.5,mean(4),80.75,3.4,mean(4)
1198,214,从预约到前合同协议——合意多样性视角下的类型化,夏静宜[1],法学研究,2024,民商法学,86.79,8.34,E1,False,,12.75,6.15,6.6,22.2,21.5,5,6,,0,0,0,,,,,,0,,,,74.25,21.5,mean(4),89,2.0,mean(4),89,2.94,mean(4),89,2.0,mean(4),84.25,4.35,mean(4),76,4.24,mean(4)
1356,215,"商标""显著特征""之内涵重释",谢晴川[1],法学研究,2022,知识产权法学,86.79,3.18,E1,False,,11.38,3.45,7.93,19.4,5.7,6,6,,0,0,0,,,,,,0,,,,80,1.63,mean(4),88,3.56,mean(4),86.5,5.74,mean(4),83.25,3.5,mean(4),87.75,2.06,mean(4),79.5,4.2,mean(4)
1515,216,数据公平利用的法理反思与制度重构,丁晓东[1],法学研究,2023,民商法学,86.78,2.25,E1,False,,13.32,2.7,10.62,25.4,5.7,6,6,,0,0,0,,,,,,0,,,,84.5,1.73,mean(4),85.33,0.58,mean(3),73,3.46,mean(4),89.25,3.4,mean(4),86.75,1.26,mean(4),72,5.72,mean(4)
1261,217,公司分配视角下的股东身份从属债权劣后受偿,何欢[1],法学研究,2024,民商法学,86.74,8.46,E1,False,,11.68,5.58,6.1,25.5,24.0,5,6,,0,0,0,,,,,,0,,,,74,24.04,mean(4),88.5,1.0,mean(4),90.5,3.7,mean(4),88.5,1.0,mean(4),87.75,2.06,mean(4),76.5,1.73,mean(4)
1857,218,论包括一罪的构造——以涉及同一罪名的情形为检验素材,曾文科[1],法学研究,2025,刑法学,86.74,5.81,E1,False,,13.65,5.65,8.0,30.7,14.1,5,6,,0,0,0,,,,,,0,,,,82,3.56,mean(4),75,14.14,mean(2),90.5,3.7,mean(4),90,4.08,mean(4),88.5,2.52,mean(4),72.75,5.85,mean(4)
184,219,全国人大常委会授权的宪法定位及合宪性展开,秦小建[1],中国法学,2023,宪法学与行政法学,86.72,6.11,E1,False,,15.55,5.5,10.05,31.8,11.1,4,6,,0,0,0,,,,,,0,,,,81.5,11.09,mean(4),84,4.24,mean(4),82.75,3.59,mean(4),87.5,4.12,mean(4),87.25,1.5,mean(4),76.25,8.5,mean(4)
604,220,禁止重复起诉规则之重构:以合同效力的职权审查为背景,曹志勋[1],中国法学,2022,诉讼法学,86.72,6.08,E1,False,,11.27,6.45,4.82,18.0,17.1,4,6,,0,0,0,,,,,,0,,,,78.5,9.11,mean(4),86.25,3.3,mean(4),83.75,3.5,mean(4),89,1.15,mean(4),78.5,17.06,mean(4),79,4.55,mean(4)
1342,221,司法解散公司事由的实证研究,李建伟,法学研究,2017,民商法学,86.72,3.37,E1,False,,11.32,3.13,8.18,22.8,4.7,6,6,,0,0,0,,,,,,0,,,,78.25,4.72,mean(4),88.5,2.65,mean(4),85.25,4.72,mean(4),86,1.41,mean(4),82.5,3.32,mean(4),77.75,2.06,mean(4)
1917,222,无独立请求权第三人制度的功能异化与规则再造,张海燕[1],中国法学,2025,诉讼法学,86.72,3.77,E1,False,,13.45,5.02,8.43,19.5,9.1,4,6,,0,0,0,,,,,,0,,,,86.25,2.5,mean(4),81.75,2.75,mean(4),84.25,5.91,mean(4),85.75,1.5,mean(4),79.25,8.3,mean(4),55,9.13,mean(4)
1840,223,生命体尊严：生命尊严的法律内涵解释,汪志刚[1],法学研究,2025,民商法学,86.66,4.83,E1,False,,11.87,5.4,6.47,29.7,18.5,5,6,,0,0,0,,,,,,0,,,,87,2.45,mean(4),89,2.0,mean(4),66.75,18.46,mean(4),86,1.41,mean(4),81.25,4.79,mean(4),77.5,3.32,mean(4)
1636,224,"犯罪故意概念中的""危害社会"":规范判断与归责机能",曾文科[1],法学研究,2021,刑法学,86.56,3.17,E1,False,,12.58,3.58,9.0,23.4,6.5,6,6,,0,0,0,,,,,,0,,,,83.75,2.5,mean(4),81.75,1.26,mean(4),80,4.4,mean(4),87.75,5.06,mean(4),86.5,1.73,mean(4),71.25,6.5,mean(4)
1748,225,许可权抑或禁止权：广播组织权的权能研究,王迁[1],法学研究,2023,知识产权法学,86.56,3.83,E1,False,,10.73,4.55,6.18,17.1,11.7,5,6,,0,0,0,,,,,,0,,,,82.5,5.0,mean(4),81.75,1.71,mean(4),78.5,5.74,mean(4),90.75,2.22,mean(4),85.75,0.96,mean(4),72,11.75,mean(4)
236,226,刑法中行为论的新展开,李世阳,中国法学,2018,刑法学,86.53,4.59,E1,False,,13.75,3.77,9.98,24.2,7.9,6,6,,0,0,0,,,,,,0,,,,76.5,7.94,mean(4),90.25,3.86,mean(4),84,4.24,mean(4),87,2.45,mean(4),85.25,2.06,mean(4),67.75,2.06,mean(4)
211,227,农村土地流转的合宪性分析,李忠夏,中国法学,2015,宪法学与行政法学,86.51,5.56,E1,False,,19.88,6.08,13.8,28.8,12.6,4,6,,0,0,0,,,,,,0,,,,86.5,1.73,mean(4),74.25,11.5,mean(4),75.25,4.72,mean(4),86,3.16,mean(4),80.75,12.58,mean(4),80,2.83,mean(4)
531,228,法定物权的自由展开：经济分析与法律教义,"熊丙万[1,2]",中国法学,2023,民商法学,86.51,5.92,E1,False,,8.65,4.92,3.73,12.5,10.3,5,6,,0,0,0,,,,,,0,,,,80.5,10.34,mean(4),82.75,2.63,mean(4),77.25,7.27,mean(4),85,4.24,mean(4),87.75,2.06,mean(4),81.25,2.99,mean(4)
245,229,劳动者个人信息处理中同意的适用与限制,吴文芳[1],中国法学,2022,民商法学,86.5,3.77,E1+E2,True,,11.07,4.73,6.33,18.9,10.6,5,6,,0,0,0,,,,,,0,,,,85.0,2.59,median(8) [E1+E2],86.0,4.32,median(8) [E1+E2],76.5,4.8,median(8) [E1+E2],84.0,3.7,median(8) [E1+E2],87.0,2.33,median(8) [E1+E2],76.5,8.81,median(8) [E1+E2]
1554,230,正当防卫法律规则司法重构的经验研究,赵军[1],法学研究,2019,刑法学,86.5,4.03,E1,False,,7.22,3.52,3.7,10.8,7.8,6,6,,0,0,0,,,,,,0,,,,83.75,7.85,mean(4),87.25,1.5,mean(4),79,4.24,mean(4),82.75,1.5,mean(4),87.75,2.63,mean(4),79.75,3.5,mean(4)
1828,231,雾霾应急的中国实践与环境法理,陈海嵩,法学研究,2016,环境与资源保护法学,86.47,4.38,E1+E2,True,,13.07,5.05,8.02,19.1,10.4,5,6,,0,0,1,100,86.47,4.38,E1+E2,coverage_minimum,0,,,,81.0,4.86,median(8) [E1+E2],86.5,3.42,median(8) [E1+E2],85.0,1.67,median(8) [E1+E2],83.0,4.73,median(8) [E1+E2],82.0,7.61,median(8) [E1+E2],77.5,5.65,median(8) [E1+E2]
493,232,民事救济规范竞争关系的协调,李世刚[1],中国法学,2023,刑法学,86.46,3.87,E1,False,,9.92,4.38,5.53,16.7,9.1,5,6,,0,0,0,,,,,,0,,,,87,2.45,mean(4),88.5,1.0,mean(4),73.25,9.07,mean(4),80.75,3.4,mean(4),81.25,7.54,mean(4),77.5,2.89,mean(4)
1022,233,法益保护与比例原则,张明楷,中国社会科学,2017,刑法学,86.44,6.12,E1,False,,12.75,5.18,7.57,28.4,10.6,5,6,,0,0,0,,,,,,0,,,,80.75,10.59,mean(4),82.5,5.26,mean(4),80,7.7,mean(4),91,2.0,mean(4),84.75,1.26,mean(4),79,4.24,mean(4)
654,234,职务发明奖酬管制的理论困境与现实出路,蒋舸,中国法学,2016,知识产权法学,86.4,3.72,E1,False,,10.15,3.77,6.38,17.7,7.0,6,6,,0,0,0,,,,,,0,,,,85,2.45,mean(4),76.25,3.5,mean(4),82.25,7.04,mean(4),89,4.24,mean(4),87.75,2.06,mean(4),79.25,3.4,mean(4)
1435,235,宪法中的禁止保护不足原则——兼与比例原则对比论证,陈征[1],法学研究,2021,宪法学与行政法学,86.38,6.39,E1,False,,12.85,5.57,7.28,18.7,14.6,4,6,,0,0,0,,,,,,0,,,,79.75,14.57,mean(4),84.5,4.93,mean(4),85,0.0,mean(4),86.5,1.73,mean(4),87.25,1.5,mean(4),71,10.68,mean(4)
1459,236,归责视野下共同犯罪的区分制与单一制,何庆仁,法学研究,2016,刑法学,86.38,6.34,E1,False,,17.05,6.37,10.68,23.7,20.0,5,6,,0,0,0,,,,,,0,,,,89,1.15,mean(4),75,20.0,mean(4),80.5,7.14,mean(4),85.5,1.73,mean(4),85.5,3.32,mean(4),64.5,4.93,mean(4)
1364,237,因果力比较规则的刑法理论构造,蒋太珂[1],法学研究,2023,刑法学,86.34,3.73,E1,False,,9.47,3.48,5.98,13.9,5.6,6,6,,0,0,0,,,,,,0,,,,79.75,5.56,mean(4),84.25,3.3,mean(4),84.75,4.99,mean(4),86.75,1.5,mean(4),85.75,1.5,mean(4),78.5,4.04,mean(4)
1709,238,董事合规义务：责任限缩与助推型公司法规则的构建,楼秋然[1],法学研究,2024,民商法学,86.32,3.68,E1,False,,14.87,4.4,10.47,26.0,8.2,5,6,,0,0,0,,,,,,0,,,,84.25,2.87,mean(4),80.25,2.06,mean(4),82,8.16,mean(4),86,1.41,mean(4),84,6.16,mean(4),72.5,5.57,mean(4)
900,239,重新发现“同案”:构建案件相似性的判断标准,孙海波[1],中国法学,2020,诉讼法学,86.31,3.86,E1,False,,11.37,3.85,7.52,21.0,7.6,6,6,,0,0,0,,,,,,0,,,,80.25,3.5,mean(4),86.5,3.87,mean(4),79.25,7.63,mean(4),87.75,2.06,mean(4),83.25,3.59,mean(4),63,2.45,mean(4)
1379,240,地方各级人民法院宪法地位的规范分析,王建学[1],法学研究,2015,宪法学与行政法学,86.31,8.41,E1,False,,19.82,6.43,13.38,43.0,16.3,5,6,,0,0,0,,,,,,0,,,,76,16.27,mean(4),82.5,7.14,mean(4),78.75,6.4,mean(4),90,3.56,mean(4),82.5,3.32,mean(4),80.5,1.91,mean(4)
1130,241,个人信息国家保护义务理论的反思与重塑,李海平[1],法学研究,2023,宪法学与行政法学,86.29,7.17,E1,False,,15.35,9.97,5.38,31.6,24.0,4,6,,0,0,0,,,,,,0,,,,87.75,2.06,mean(4),88.25,2.87,mean(4),64.5,24.03,mean(4),85.75,4.35,mean(4),83.25,3.5,mean(4),64.5,23.04,mean(4)
1799,242,违约获益交出责任的正当性与独立性,吴国喆[1];长文昕娉[1],法学研究,2021,民商法学,86.26,4.7,E1,False,,15.52,5.45,10.07,25.5,12.6,5,6,,0,0,0,,,,,,0,,,,85.75,2.87,mean(4),88.75,2.99,mean(4),73,12.57,mean(4),81.75,2.87,mean(4),83.25,4.27,mean(4),66.75,6.99,mean(4)
180,243,党内法规的概念分析,朱林方[1],中国法学,2024,党内法规学,86.24,11.21,E1+E2,True,,13.0,9.08,3.92,27.4,24.3,4,6,,0,0,1,101,86.24,11.21,E1+E2,coverage_minimum,1,50,86.24,11.21,81.5,20.16,median(8) [E1+E2],85.0,6.16,median(8) [E1+E2],78.0,18.12,median(8) [E1+E2],88.0,2.0,median(8) [E1+E2],86.0,0.99,median(8) [E1+E2],65.0,14.21,median(8) [E1+E2]
1621,244,涉诉信访治理的正当性与法治化——1978,2015年实践探索的分析,法学研究,2016,宪法学与行政法学,86.22,2.9,E1,False,,11.33,2.98,8.35,23.4,7.7,6,6,,0,0,0,,,,,,0,,,,83.5,3.0,mean(4),84,1.41,mean(4),76.25,7.68,mean(4),87.25,1.5,mean(4),88.5,1.0,mean(4),77.25,3.3,mean(4)
1651,245,界定行政处罚行为的功能性考量路径,陈鹏,法学研究,2015,宪法学与行政法学,86.22,4.98,E1,False,,9.73,4.5,5.23,12.7,8.5,4,6,,0,0,0,,,,,,0,,,,76.25,8.54,mean(4),82.75,2.87,mean(4),81.75,2.87,mean(4),86.75,2.36,mean(4),83.75,8.42,mean(4),80.5,1.91,mean(4)
1686,246,缺省性公司法规则的构造——基于减少交易成本和代理成本的分析,伍坚[1],法学研究,2023,民商法学,86.22,6.35,E1,False,,9.25,5.0,4.25,17.1,14.2,5,6,,0,0,0,,,,,,0,,,,76,14.17,mean(4),81.75,2.36,mean(4),85.25,2.5,mean(4),85.5,3.32,mean(4),84,4.24,mean(4),80,3.37,mean(4)
610,247,程序性犯罪构成要素的性质,杜宇[1],中国法学,2022,刑法学,86.21,4.16,E1,False,,11.88,6.25,5.63,26.1,23.9,5,6,,0,0,0,,,,,,0,,,,77.5,5.57,mean(4),83.75,2.06,mean(4),88.5,2.89,mean(4),87.25,1.5,mean(4),85.75,1.5,mean(4),65.5,23.9,mean(4)
1237,248,债务清理上破产法与执行法的关系,何欢[1],法学研究,2022,诉讼法学,86.18,11.06,E1,False,,12.97,8.4,4.57,28.8,28.0,4,6,,0,0,0,,,,,,0,,,,72,28.04,mean(4),84.5,1.73,mean(4),84,4.24,mean(4),89.5,1.91,mean(4),81.5,11.09,mean(4),83.25,3.5,mean(4)
1801,249,违约金的类型构造,姚明斌[1],法学研究,2015,民商法学,86.18,9.35,E1,False,,16.07,9.32,6.75,28.8,28.9,4,6,,0,0,0,,,,,,0,,,,85.25,3.77,mean(4),73,28.86,mean(4),86.5,1.73,mean(4),87.75,3.1,mean(4),84.25,12.97,mean(4),73.25,5.38,mean(4)
1901,250,新实体不服说下上诉利益判断规则研究,李凌[1],中国法学,2025,诉讼法学,86.18,3.93,E1,False,,7.92,3.42,4.5,10.1,5.7,6,6,,0,0,0,,,,,,0,,,,80.25,5.5,mean(4),83.25,5.68,mean(4),84.5,3.32,mean(4),86.5,1.73,mean(4),86.5,1.73,mean(4),60.25,2.63,mean(4)
1202,251,以审判为中心的刑事诉讼制度改革,魏晓娜[1],法学研究,2015,刑法学,86.16,8.21,E1,False,,14.08,7.02,7.07,24.0,15.9,5,6,,0,0,0,,,,,,0,,,,79.75,8.02,mean(4),73,15.9,mean(4),82.75,7.27,mean(4),90.25,5.68,mean(4),87.5,2.89,mean(4),80,2.31,mean(4)
1335,252,受贿犯罪保护法益与刑法第388条的解释,黎宏,法学研究,2017,刑法学,86.16,5.44,E1,False,,12.18,4.48,7.7,17.8,8.8,4,6,,0,0,0,,,,,,0,,,,77.5,8.81,mean(4),87.75,3.1,mean(4),83.25,8.3,mean(4),87,3.46,mean(4),86.75,1.5,mean(4),63.5,1.73,mean(4)
1447,253,将有财产担保效力的破产阻断,张静[1],法学研究,2025,民商法学,86.16,6.27,E1,False,,9.38,4.78,4.6,16.3,13.7,4,6,,0,0,0,,,,,,0,,,,78.5,13.67,mean(4),86,1.41,mean(4),83.25,9.07,mean(4),87.25,1.5,mean(4),86.75,1.5,mean(4),77.25,1.5,mean(4)
1802,254,违规合同的效力评价：路径与方法,蔡睿[1],法学研究,2025,民商法学,86.16,4.33,E1,False,,7.52,3.83,3.68,12.8,7.8,6,6,,0,0,0,,,,,,0,,,,79,7.79,mean(4),84.5,1.73,mean(4),80.25,5.5,mean(4),90.25,1.71,mean(4),91,3.37,mean(4),72.5,2.89,mean(4)
1706,255,著作权法中传播权的体系,王迁,法学研究,2021,知识产权法学,86.13,3.58,E1,False,,8.83,3.72,5.12,13.9,7.3,6,6,,0,0,0,,,,,,0,,,,87.5,3.32,mean(4),65,7.26,mean(4),88.75,2.99,mean(4),90.5,1.0,mean(4),88.25,2.06,mean(4),79.25,5.62,mean(4)
482,256,"正当防卫中的""误判特权""及其边界",陈璇[1],中国法学,2019,刑法学,86.12,9.58,E1,False,,9.18,6.73,2.45,27.5,26.8,5,6,,0,0,0,,,,,,0,,,,75.25,26.85,mean(4),84.5,2.52,mean(4),86.5,1.73,mean(4),91,1.15,mean(4),88.75,2.5,mean(4),73.25,5.68,mean(4)
563,257,物上担保权益的分层构造及实现保障,张家勇[1],中国法学,2024,民商法学,86.12,7.44,E1,False,,12.05,6.92,5.13,21.8,19.6,5,6,,0,0,0,,,,,,0,,,,84,4.9,mean(4),74.25,19.55,mean(4),85,6.22,mean(4),89.25,1.89,mean(4),84,6.16,mean(4),74,2.71,mean(4)
1622,258,混合共同担保人相互间无追偿权论,崔建远[1],法学研究,2020,民商法学,86.12,5.35,E1,False,,15.45,6.93,8.52,27.2,26.0,5,6,,0,0,0,,,,,,0,,,,86.25,2.5,mean(4),86.5,1.73,mean(4),75.5,3.32,mean(4),80.75,5.06,mean(4),77,26.0,mean(4),68.75,2.99,mean(4)
1521,259,文体活动自甘冒险的风险分配与范围划定,申海恩[1],法学研究,2023,民商法学,86.1,3.99,E1,False,,9.52,3.25,6.27,12.3,8.4,5,6,,0,0,0,,,,,,0,,,,79,8.41,mean(4),82.5,2.52,mean(4),84.25,1.5,mean(4),89,2.0,mean(4),87.5,1.73,mean(4),79.25,3.4,mean(4)
1750,260,论刑事综合型证明模式及其对印证模式的超越,向燕,法学研究,2021,刑法学,86.1,3.11,E1,False,,8.98,2.73,6.25,15.0,5.8,6,6,,0,0,0,,,,,,0,,,,80,5.77,mean(4),83.5,1.91,mean(4),84.25,1.71,mean(4),86.5,1.73,mean(4),85,2.45,mean(4),75.75,2.87,mean(4)
803,261,论数据信息损害的承认与救济,张凌寒[1],中国法学,2024,民商法学,86.09,4.84,E1,False,,14.32,4.67,9.65,23.1,6.7,6,6,,0,0,0,,,,,,0,,,,81.25,5.38,mean(4),80.25,4.57,mean(4),82,6.68,mean(4),89.5,3.32,mean(4),84,4.9,mean(4),77.75,3.1,mean(4)
1761,262,论清代刑案诸证一致的证据标准——以同治四年郑庆年案为例,王志强[1],法学研究,2019,诉讼法学,86.06,10.73,E1+E2,True,,8.98,4.45,4.53,14.4,6.7,6,6,,0,0,0,,,,,,0,,,,85.0,25.2,median(8) [E1+E2],72.0,6.1,median(8) [E1+E2],82.0,4.71,median(8) [E1+E2],92.0,4.03,median(8) [E1+E2],88.0,1.51,median(8) [E1+E2],72.5,5.73,median(8) [E1+E2]
1918,263,社会治理视角下刑法归责模式的现代转型,陈璇[1],中国社会科学,2025,刑法学,86.03,8.44,E1,False,,10.43,6.65,3.78,18.4,16.1,4,6,,0,0,0,,,,,,0,,,,79,16.06,mean(4),80.25,10.34,mean(4),86.5,1.73,mean(4),89.25,2.99,mean(4),85.5,5.26,mean(4),75,3.46,mean(4)
1598,264,法律行为内容评判的个案审查比对方法——兼谈民法典格式条款效力规范的解释,李世刚[1],法学研究,2021,民商法学,86.01,4.32,E1,False,,9.32,4.25,5.07,12.8,6.2,6,6,,0,0,0,,,,,,0,,,,78,5.66,mean(4),80.25,3.3,mean(4),88.75,2.99,mean(4),89,4.76,mean(4),86.25,2.5,mean(4),69.75,6.24,mean(4)
676,265,行政协议的识别与边界,陈天昊[1],中国法学,2019,宪法学与行政法学,85.99,3.91,E1,False,,10.15,3.97,6.18,13.3,5.9,6,6,,0,0,0,,,,,,0,,,,84.25,1.5,mean(4),76,5.89,mean(4),80.75,3.4,mean(4),89.75,5.56,mean(4),85.25,5.74,mean(4),76.5,1.73,mean(4)
1548,266,案外人对执行标的主张实体权利的程序救济,金印[1],法学研究,2021,诉讼法学,85.99,8.09,E1,False,,16.6,8.02,8.58,35.3,29.5,5,6,,0,0,0,,,,,,0,,,,80.25,6.55,mean(4),90,3.56,mean(4),61.75,29.47,mean(4),87.5,3.32,mean(4),84.25,1.5,mean(4),82,3.56,mean(4)
1697,267,自然人民事权利能力差等论的批判与反思,汪志刚[1],法学研究,2021,民商法学,85.99,5.97,E1,False,,17.88,5.35,12.53,30.3,10.4,4,6,,0,0,0,,,,,,0,,,,85.75,8.3,mean(4),77.25,10.37,mean(4),78.75,2.99,mean(4),87.75,2.06,mean(4),87,2.45,mean(4),64.25,5.91,mean(4)
1814,268,量刑指导意见的司法实践与重构——以盗窃罪为切入点,彭雅丽[1],法学研究,2021,刑法学,85.99,6.56,E1,False,,12.95,6.55,6.4,25.5,21.3,5,6,,0,0,0,,,,,,0,,,,81.5,6.03,mean(4),85,0.0,mean(4),69.25,21.34,mean(4),85,4.76,mean(4),84.5,4.73,mean(4),82.67,2.52,mean(3)
675,269,行政协议变更、解除制度的整合与完善,陈天昊[1],中国法学,2022,宪法学与行政法学,85.97,5.49,E1,False,,8.38,4.88,3.5,14.5,11.7,5,6,,0,0,0,,,,,,0,,,,80,7.7,mean(4),82,3.46,mean(4),77.5,11.73,mean(4),92.5,2.38,mean(4),88.5,1.0,mean(4),78.75,2.99,mean(4)
1397,270,基本权利保护义务关系结构的型变,李海平[1],法学研究,2025,宪法学与行政法学,85.97,6.16,E1,False,,14.33,5.72,8.62,25.5,13.0,5,6,,0,0,0,,,,,,0,,,,84.25,6.24,mean(4),81.25,13.0,mean(4),80,4.4,mean(4),85,2.45,mean(4),85,2.45,mean(4),78.25,5.91,mean(4)
1594,271,法律关系范式之反思——以民事诉讼法为中心,袁中华[1],法学研究,2024,诉讼法学,85.96,6.66,E1,False,,12.18,6.27,5.92,23.1,19.3,5,6,,0,0,0,,,,,,0,,,,78.25,6.95,mean(4),80.75,2.99,mean(4),73.25,19.28,mean(4),91,3.61,mean(3),85,2.45,mean(4),81.75,2.36,mean(4)
152,272,企业合规不起诉改革的实体法障碍及其消除,黎宏[1],中国法学,2022,刑法学,85.94,6.61,E1+E2,True,,11.5,4.7,6.8,20.5,9.7,5,6,,0,0,1,102,85.94,6.61,E1+E2,coverage_minimum,0,,,,85.0,7.96,median(8) [E1+E2],83.5,4.0,median(8) [E1+E2],70.0,11.77,median(8) [E1+E2],89.0,4.99,median(8) [E1+E2],85.0,3.89,median(8) [E1+E2],76.5,5.42,median(8) [E1+E2]
534,273,法律位阶判断标准的反思与运用,王锴[1],中国法学,2022,法学理论,85.91,5.69,E1,False,,12.92,6.23,6.68,16.5,13.8,4,6,,0,0,0,,,,,,0,,,,82.25,4.86,mean(4),77,8.83,mean(4),87,2.45,mean(4),86.75,2.36,mean(4),78,13.76,mean(4),66.25,5.06,mean(4)
1357,274,商标保护与市场竞争关系之反思与修正,章凯业[1],法学研究,2018,知识产权法学,85.91,4.97,E1,False,,9.45,4.23,5.22,14.0,7.6,6,6,,0,0,0,,,,,,0,,,,79.25,7.63,mean(4),88.25,5.32,mean(4),79,5.29,mean(4),86,2.0,mean(4),85.75,3.3,mean(4),79.5,1.91,mean(4)
981,275,国家保护视野中的个人信息权利束,王锡锌[1],中国社会科学,2021,宪法学与行政法学,85.9,8.13,E1,False,,12.37,7.18,5.18,29.2,19.7,4,6,,0,0,0,,,,,,0,,,,79.75,13.23,mean(4),84.25,1.5,mean(4),69.25,19.72,mean(4),88,2.16,mean(4),88.75,2.99,mean(4),83.25,3.5,mean(4)
1694,276,股东会决议无效的公司法解释,"叶林[1,2]",法学研究,2020,民商法学,85.89,3.5,E1,False,,11.17,4.13,7.03,16.4,6.4,6,6,,0,0,0,,,,,,0,,,,82.5,2.08,mean(4),85.33,0.58,mean(3),81.25,6.4,mean(4),82.25,5.06,mean(4),85.5,5.26,mean(4),68.25,5.32,mean(4)
979,277,商法漏洞的特别法属性及其填补规则,钱玉林[1],中国社会科学,2018,民商法学,85.87,3.98,E1,False,,15.32,3.6,11.72,36.2,6.9,6,6,,0,0,0,,,,,,0,,,,82.5,5.57,mean(4),85.5,1.73,mean(4),78.25,6.95,mean(4),84.25,2.87,mean(4),85.25,2.5,mean(4),79,2.0,mean(4)
1183,278,二元规范论视角下刑法第13条但书规定的解释论展开,李世阳[1],法学研究,2025,刑法学,85.87,4.84,E1,False,,16.18,5.63,10.55,24.6,7.6,6,6,,0,0,0,,,,,,0,,,,78.25,2.87,mean(4),89.5,1.91,mean(4),82.75,7.63,mean(4),83.25,6.7,mean(4),81.25,7.5,mean(4),75.75,7.23,mean(4)
1637,279,环境侵权因果关系类型化视角下的举证责任,陈伟,法学研究,2017,诉讼法学,85.87,6.06,E1,False,,15.93,5.8,10.13,39.6,16.3,5,6,,0,0,0,,,,,,0,,,,80,4.4,mean(4),76.25,16.3,mean(4),89.25,2.99,mean(4),89,2.0,mean(4),83.5,3.7,mean(4),76.75,5.38,mean(4)
37,280,“蛋壳脑袋”规则之反思与解构,孙鹏,中国法学,2017,民商法学,85.84,6.88,E1,False,,13.02,5.43,7.58,17.9,15.6,5,6,,0,0,0,,,,,,0,,,,78.25,15.56,mean(4),86.5,1.91,mean(4),83.25,7.63,mean(4),85.75,1.5,mean(4),84.25,1.71,mean(4),73.25,4.27,mean(4)
837,281,论缓和的结果归属,张明楷[1],中国法学,2019,刑法学,85.84,3.82,E1,False,,9.73,3.85,5.88,18.1,8.8,5,6,,0,0,0,,,,,,0,,,,84,4.62,mean(4),86.5,1.73,mean(4),70.75,8.85,mean(4),86.5,1.73,mean(4),86,2.0,mean(4),73.25,4.27,mean(4)
657,282,股东会与董事会分权制度研究,许可,中国法学,2017,民商法学,85.82,7.16,E1+E2,True,,11.15,5.22,5.93,20.1,8.1,5,6,,0,0,0,,,,,,0,,,,77.5,8.96,median(8) [E1+E2],90.0,2.05,median(8) [E1+E2],81.0,18.4,median(8) [E1+E2],85.0,3.28,median(8) [E1+E2],85.0,4.33,median(8) [E1+E2],78.0,4.31,median(8) [E1+E2]
878,283,"超越""依法裁判""的清代司法",李栋[1],中国法学,2021,诉讼法学,85.82,6.54,E1+E2,True,,14.1,8.12,5.98,31.3,29.6,4,6,,0,0,0,,,,,,0,,,,81.0,12.05,median(8) [E1+E2],88.0,2.19,median(8) [E1+E2],78.0,3.76,median(8) [E1+E2],84.0,2.6,median(8) [E1+E2],83.5,3.8,median(8) [E1+E2],75.0,20.4,median(8) [E1+E2]
1731,284,被误解和被高估的动态体系论,解亘[1];班天可[2],法学研究,2017,法学理论,85.81,4.57,E1,False,,13.67,5.32,8.35,19.5,10.2,4,6,,0,0,0,,,,,,0,,,,84,2.71,mean(4),87.5,3.11,mean(4),63.25,10.24,mean(4),91,4.24,mean(4),80.75,3.4,mean(4),64.25,8.3,mean(4)
314,285,基于信任的自动化决策:算法解释权的原理反思与制度重构,丁晓东[1],中国法学,2022,宪法学与行政法学,85.79,4.34,E1,False,,10.45,4.37,6.08,16.1,6.5,6,6,,0,0,0,,,,,,0,,,,82.5,5.57,mean(4),84.25,4.35,mean(4),75.5,5.51,mean(4),87.25,2.22,mean(4),85.5,2.08,mean(4),74.75,6.5,mean(4)
438,286,数字经济时代我国数据犯罪刑法规制的挑战与应对,杨志琼[1],中国法学,2023,刑法学,85.79,5.81,E1,False,,14.12,5.27,8.85,31.3,8.8,5,6,,0,0,0,,,,,,0,,,,79.5,6.61,mean(4),79,4.24,mean(4),82.5,8.81,mean(4),83.25,6.08,mean(4),81.25,2.99,mean(4),82,2.94,mean(4)
1212,287,作为规范的技术标准及其与法律的关系,"陈伟[1,2]",法学研究,2022,环境与资源保护法学,85.78,4.87,E1,False,,13.32,5.05,8.27,32.7,12.7,5,6,,0,0,0,,,,,,0,,,,77.5,5.57,mean(4),83.25,4.27,mean(4),86.75,3.5,mean(4),87.25,2.22,mean(4),80,12.73,mean(4),79,2.0,mean(4)
1449,288,工伤认定一般条款的建构路径,郑晓珊[1],法学研究,2019,民商法学,85.78,6.65,E1,False,,10.23,5.12,5.12,17.6,14.7,5,6,,0,0,0,,,,,,0,,,,74,14.7,mean(4),83.25,4.27,mean(4),81.75,2.87,mean(4),87.75,2.63,mean(4),87,2.45,mean(4),80.75,3.77,mean(4)
1675,289,积极悔罪制度的体系化：平等适用刑法原则消极面向的展开,李本灿[1],法学研究,2025,刑法学,85.78,6.24,E1,False,,16.37,5.72,10.65,34.7,8.7,5,6,,0,0,0,,,,,,0,,,,83.5,8.7,mean(4),83.5,4.43,mean(4),76.75,5.68,mean(4),85.5,5.26,mean(4),82,6.68,mean(4),77,3.46,mean(4)
858,290,证据属性的中国法律之道,周洪波[1],中国法学,2022,诉讼法学,85.76,5.54,E1,False,,12.37,6.85,5.52,23.0,17.3,4,6,,0,0,0,,,,,,0,,,,85,2.45,mean(4),84.25,3.77,mean(4),72,17.28,mean(4),86,3.16,mean(4),85.25,2.06,mean(4),73.25,12.31,mean(4)
1661,291,知识产权法与反不正当竞争法一般条款的关系,,法学研究,2019,知识产权法学,85.76,9.64,E1,False,,12.45,9.13,3.32,21.9,21.5,4,6,,0,0,0,,,,,,0,,,,77.25,21.5,mean(4),83.25,5.68,mean(4),87.5,2.08,mean(4),87,2.45,mean(4),89,2.0,mean(4),66.25,21.11,mean(4)
393,292,我国立法权的内在构成及其配置原理的完善,杨登峰[1],中国法学,2023,宪法学与行政法学,85.75,5.17,E1,False,,13.85,4.68,9.17,23.5,10.6,5,6,,0,0,0,,,,,,0,,,,79.75,5.56,mean(4),74,4.24,mean(4),87.75,10.59,mean(4),83.75,3.95,mean(4),84.25,1.71,mean(4),82.25,2.06,mean(4)
625,293,精神文明的宪法叙事：规范内涵与宪制结构,秦小建,中国法学,2018,宪法学与行政法学,85.75,3.59,E1,False,,12.1,3.85,8.25,18.4,7.2,6,6,,0,0,0,,,,,,0,,,,85,2.45,mean(4),81,2.0,mean(4),79.25,7.18,mean(4),83.75,4.35,mean(4),80.5,3.0,mean(4),79.5,4.2,mean(4)
753,294,论刑事案件不法原因给付财产的没收,吴光升[1],中国法学,2025,刑法学,85.75,3.13,E1,False,,14.22,3.33,10.88,29.5,7.0,6,6,,0,0,0,,,,,,0,,,,85,0.0,mean(4),74.75,6.5,mean(4),82.25,7.04,mean(4),87.75,2.06,mean(4),85.5,2.89,mean(4),77.25,1.5,mean(4)
1311,295,刑法体系的合宪性调控——以“李斯特鸿沟”为视角,张翔,法学研究,2016,刑法学,85.75,7.05,E1,False,,11.48,5.65,5.83,25.7,14.1,4,6,,0,0,0,,,,,,0,,,,76,14.07,mean(4),86.5,1.73,mean(4),74.25,9.6,mean(4),87,3.37,mean(4),87.25,2.22,mean(4),81.75,2.87,mean(4)
809,296,论民事判决的遮断效力,王福华[1],中国法学,2021,诉讼法学,85.74,4.27,E1,False,,12.92,4.55,8.37,18.1,7.2,6,6,,0,0,0,,,,,,0,,,,86,2.83,mean(4),82.5,7.19,mean(4),80.5,4.8,mean(4),79.75,3.3,mean(4),85.75,2.87,mean(4),66.25,6.29,mean(4)
696,297,行政违法性认识错误的性质与处理规则,马春晓[1],中国法学,2023,刑法学,85.73,4.7,E1,False,,8.4,3.92,4.48,20.2,12.6,5,6,,0,0,0,,,,,,0,,,,73.33,12.58,mean(3),88.33,0.58,mean(3),85.25,0.5,mean(4),89.33,0.58,mean(3),86.25,3.1,mean(4),76.67,6.11,mean(3)
1715,298,行政处罚的预防目的及其规范建构,谭冰霖[1],法学研究,2024,宪法学与行政法学,85.72,6.37,E1,False,,9.53,5.62,3.92,17.1,13.2,5,6,,0,0,0,,,,,,0,,,,79,13.22,mean(4),81,2.71,mean(4),80.75,5.62,mean(4),91.5,1.0,mean(4),85.25,5.25,mean(4),78,5.89,mean(4)
1152,299,中国民事诉讼率变迁的影响机制——对曲线理论的检验和修正,石磊[1],法学研究,2024,诉讼法学,85.65,4.05,E1,False,,13.65,4.78,8.87,25.0,10.0,5,6,,0,0,0,,,,,,0,,,,81.5,4.43,mean(4),85.5,3.32,mean(4),77,2.45,mean(4),85.75,3.3,mean(4),85.75,5.32,mean(4),70,10.0,mean(4)
1170,300,主观权利概念之理论检讨——以胎儿的民事权利能力问题为中心,陈帮锋[1],法学研究,2021,民商法学,85.62,4.33,E1,False,,9.83,3.47,6.37,15.0,10.6,5,6,,0,0,0,,,,,,0,,,,77.75,10.59,mean(4),84.75,2.06,mean(4),85,0.0,mean(4),86,1.41,mean(4),83.75,2.5,mean(4),79.5,4.2,mean(4)
1232,301,信托受托人忠实义务的功能诠释与规范重塑,杨秋宇[1],法学研究,2023,民商法学,85.6,4.65,E1,False,,12.55,4.25,8.3,24.6,6.0,6,6,,0,0,0,,,,,,0,,,,81,5.72,mean(4),80.75,5.97,mean(4),81.75,3.3,mean(4),87.5,3.32,mean(4),85.75,4.35,mean(4),75.75,2.87,mean(4)
1813,302,重思个人信息权利束的保障机制：行政监管还是民事诉讼,王锡锌[1],法学研究,2022,民商法学,85.59,9.04,E1,False,,11.2,6.33,4.87,24.5,23.0,5,6,,0,0,0,,,,,,0,,,,74.5,23.04,mean(4),83.75,3.69,mean(4),79,6.63,mean(4),87.75,0.5,mean(4),85.5,1.73,mean(4),83.75,2.5,mean(4)
444,303,数据财产的权利架构与规则展开,沈健州[1],中国法学,2022,民商法学,85.56,5.09,E1,False,,11.1,5.52,5.58,15.6,14.4,4,6,,0,0,0,,,,,,0,,,,74.25,8.66,mean(4),87.75,2.06,mean(4),85,2.45,mean(4),88,0.0,mean(4),79.5,14.36,mean(4),75.5,5.51,mean(4)
1392,304,基于数据主权的国家刑事取证管辖模式,梁坤[1],法学研究,2019,诉讼法学,85.56,3.55,E1,False,,13.33,3.75,9.58,22.2,6.0,6,6,,0,0,0,,,,,,0,,,,82.75,3.2,mean(4),80.25,3.3,mean(4),72,3.27,mean(4),84,3.37,mean(4),79.75,6.02,mean(4),82.5,3.32,mean(4)
1104,305,2016年后反倾销领域中国（非）市场经济地位问题,左海聪;林思思,法学研究,2017,国际法学,85.53,6.7,E1+E2,True,,13.53,3.63,9.9,27.8,9.2,5,6,,0,0,0,,,,,,0,,,,81.0,11.81,median(8) [E1+E2],86.0,2.95,median(8) [E1+E2],75.0,9.41,median(8) [E1+E2],87.0,3.51,median(8) [E1+E2],85.0,3.12,median(8) [E1+E2],78.0,2.87,median(8) [E1+E2]
1324,306,劳动基准法的范畴、规范结构与私法效力,沈建峰,法学研究,2021,民商法学,85.53,6.28,E1,False,,11.43,5.05,6.38,16.9,11.6,4,6,,0,0,0,,,,,,0,,,,78.75,11.64,mean(4),82.25,2.5,mean(4),84.5,8.39,mean(4),87,3.92,mean(4),87.5,1.0,mean(4),78.25,2.87,mean(4)
1520,307,文书真伪认定的中国路径,曹志勋[1],法学研究,2019,诉讼法学,85.49,3.25,E1,False,,10.27,3.25,7.02,14.6,4.4,6,6,,0,0,0,,,,,,0,,,,78.75,2.99,mean(4),89.25,3.4,mean(4),75.25,3.77,mean(4),86.75,3.95,mean(4),87.5,1.0,mean(4),70,4.4,mean(4)
1144,308,中国宪法上国家所有的规范含义,程雪阳[1],法学研究,2015,宪法学与行政法学,85.43,9.86,E1,False,,14.08,7.17,6.92,31.3,22.5,5,6,,0,0,0,,,,,,0,,,,73.75,22.5,mean(4),84.5,2.52,mean(4),79.25,6.75,mean(4),87.25,6.4,mean(4),87.25,1.5,mean(4),82.75,3.3,mean(4)
852,309,论醉驾案件的程序出罪,史立梅[1],中国法学,2022,刑法学,85.38,6.39,E1,False,,10.88,5.23,5.65,15.6,10.3,5,6,1-empty-status,0,0,0,,,,,,0,,,,79.25,10.31,mean(4),82.25,5.06,mean(4),80,6.73,mean(4),89,4.76,mean(4),83.75,2.06,mean(4),78.25,2.36,mean(4)
1239,310,债权多重让与的体系解释,方新军[1],法学研究,2023,民商法学,85.38,5.36,E1,False,,11.47,6.35,5.12,28.1,20.2,5,6,,0,0,0,,,,,,0,,,,86,1.41,mean(4),90,3.37,mean(4),53.5,20.24,mean(4),91,2.0,mean(4),86,5.42,mean(4),63.5,5.74,mean(4)
1815,311,量刑自由裁量权的边界:集体经验、个体决策与偏差识别,吴雨豪[1],法学研究,2021,刑法学,85.37,4.74,E1,False,,12.52,4.32,8.2,27.6,7.0,6,6,,0,0,0,,,,,,0,,,,74.25,4.35,mean(4),79,6.83,mean(4),84.25,6.99,mean(4),88,3.56,mean(4),87.75,2.06,mean(4),82.25,2.06,mean(4)
591,312,监控者与管理者可否合一：行政法学体系转型的基础问题,沈岿,中国法学,2016,宪法学与行政法学,85.35,2.45,E1,False,,9.03,2.73,6.3,17.2,6.1,6,6,,0,0,0,,,,,,0,,,,74.25,1.5,mean(4),84.5,3.32,mean(4),80.5,6.14,mean(4),85.25,0.5,mean(4),86,1.41,mean(4),82,3.56,mean(4)
744,313,论公司机关决策权力的配置,潘林[1],中国法学,2022,民商法学,85.29,9.63,E1,False,,10.55,7.65,2.9,22.2,22.2,4,6,1-empty-status,0,0,0,,,,,,0,,,,78.25,22.19,mean(4),87,3.46,mean(4),77.5,5.45,mean(4),87.25,1.5,mean(4),83,10.0,mean(4),77.5,3.32,mean(4)
1470,314,我国协调国际平行诉讼的立场与方法——民事诉讼法第281条之体系解读,黄志慧[1],法学研究,2024,诉讼法学,85.29,3.85,E1,False,,10.97,3.88,7.08,16.7,5.3,6,6,,0,0,0,,,,,,0,,,,82.5,4.12,mean(4),83.25,4.27,mean(4),75,5.29,mean(4),86.5,2.38,mean(4),87.67,2.52,mean(3),78.25,4.72,mean(4)
1668,315,离婚协议中的“赠与子女财产”条款研究,陆青,法学研究,2018,民商法学,85.29,8.56,E1,False,,15.05,6.45,8.6,25.9,17.3,5,6,,0,0,0,,,,,,0,,,,75.25,17.35,mean(4),80.75,7.89,mean(4),77.5,5.74,mean(4),89.5,3.0,mean(4),86,1.41,mean(4),80.75,3.4,mean(4)
671,316,行政举报案件中原告资格认定的构造,伏创宇[1],中国法学,2019,宪法学与行政法学,85.28,5.25,E1,False,,10.52,4.42,6.1,20.8,8.6,5,6,1-empty-status,0,0,0,,,,,,0,,,,81.25,7.5,mean(4),79.75,8.62,mean(4),84.75,3.77,mean(4),84.5,1.73,mean(4),86.75,2.36,mean(4),75.25,2.5,mean(4)
1557,317,比例原则位阶秩序的司法适用,蒋红珍[1],法学研究,2020,法学理论,85.26,6.64,E1,False,,8.77,5.23,3.53,17.1,15.1,5,6,,0,0,0,,,,,,0,,,,76.5,15.07,mean(4),84,4.24,mean(4),80.5,1.91,mean(4),90.5,1.91,mean(4),83.5,3.7,mean(4),72.75,4.57,mean(4)
490,318,比例原则的法理属性及其私法适用,于柏华[1],中国法学,2022,民商法学,85.25,7.82,E1,False,,9.13,6.8,2.33,20.3,19.1,4,6,,0,0,0,,,,,,0,,,,76.5,19.05,mean(4),85.5,1.73,mean(4),85.75,2.87,mean(4),89.25,1.89,mean(4),87,3.83,mean(4),56.75,11.35,mean(4)
1,319,AIGC版权判定的认知经济性分析,蒋舸[1],中国法学,2025,知识产权法学,85.24,8.13,E1,False,,12.58,6.08,6.5,25.8,21.3,5,6,,0,0,0,,,,,,0,,,,73.25,21.25,mean(4),87.5,3.32,mean(4),86.5,1.73,mean(4),87.25,1.5,mean(4),91,2.0,mean(4),74.5,6.66,mean(4)
488,320,比例原则在民法上的适用及展开,郑晓剑,中国法学,2016,民商法学,85.22,3.03,E1,False,,9.95,2.67,7.28,18.8,5.0,6,6,,0,0,0,,,,,,0,,,,82.5,5.0,mean(4),79,2.0,mean(4),78.25,2.87,mean(4),88,1.63,mean(4),85.75,2.87,mean(4),78,1.63,mean(4)
499,321,民事诉讼证据失权制度的衰落与重建,吴泽勇[1],中国法学,2020,诉讼法学,85.21,6.71,E1,False,,12.77,6.97,5.8,31.6,22.1,5,6,,0,0,0,,,,,,0,,,,85,4.08,mean(4),81.25,2.99,mean(4),66.5,22.13,mean(4),82.25,4.86,mean(4),81,4.24,mean(4),83,3.46,mean(4)
756,322,论刑法的网络空间效力,刘艳红,中国法学,2018,刑法学,85.19,4.56,E1,False,,12.35,4.07,8.28,20.3,7.1,6,6,,0,0,0,,,,,,0,,,,74,5.89,mean(4),85.75,7.14,mean(4),82.75,1.5,mean(4),90.5,3.7,mean(4),80.5,1.91,mean(4),73.25,4.27,mean(4)
1055,323,行政改革试验授权制度的法理分析,杨登峰[1],中国社会科学,2018,法学理论,85.16,5.38,E1,False,,14.45,5.32,9.13,27.8,8.2,5,6,,0,0,0,,,,,,0,,,,82.25,6.75,mean(4),79.75,3.5,mean(4),76.75,3.95,mean(4),88.5,7.0,mean(4),85.25,2.5,mean(4),75,8.16,mean(4)
1893,324,论数字行政正当程序构造,展鹏贺[1],中国法学,2025,宪法学与行政法学,85.16,5.84,E1,False,,13.5,6.03,7.47,24.4,22.5,5,6,,0,0,0,,,,,,0,,,,81.75,2.87,mean(4),82.5,3.32,mean(4),75.75,22.54,mean(4),87.25,2.87,mean(4),85,2.45,mean(4),77.25,2.22,mean(4)
916,325,中华法的政治机理——基于秦汉与古罗马时期的比较视角,王志强[1],中国社会科学,2021,法律史,85.15,7.02,E1+E2,True,,10.73,4.0,6.73,24.9,7.5,6,6,,0,0,1,103,85.15,7.02,E1+E2,coverage_minimum,0,,,,76.5,15.32,median(8) [E1+E2],87.0,2.95,median(8) [E1+E2],82.5,4.21,median(8) [E1+E2],85.5,3.27,median(8) [E1+E2],88.0,2.78,median(8) [E1+E2],68.0,5.37,median(8) [E1+E2]
1229,326,保障房租赁与买卖法律关系的性质,凌维慈,法学研究,2017,宪法学与行政法学,85.1,4.33,E1,False,,12.7,3.98,8.72,24.0,6.5,6,6,,0,0,0,,,,,,0,,,,82.5,5.57,mean(4),81,6.48,mean(4),77.25,4.57,mean(4),86.25,1.5,mean(4),84.75,1.89,mean(4),78.75,3.77,mean(4)
1782,327,货运代理转委托行为的类型区分及法律效力,方新军,法学研究,2015,民商法学,85.06,10.4,E1,False,,12.28,8.22,4.07,25.0,21.9,5,6,,0,0,0,,,,,,0,,,,67.75,21.85,mean(4),84,5.89,mean(4),87.5,6.61,mean(4),89,4.76,mean(4),84,4.24,mean(4),80.25,5.91,mean(4)
274,328,"合宪性审查中""相抵触""标准之建构",王旭[1],中国法学,2021,宪法学与行政法学,85.03,6.27,E1,False,,11.65,7.07,4.58,18.9,13.1,3,6,,0,0,0,,,,,,0,,,,83.25,4.27,mean(4),78,8.91,mean(4),80,8.49,mean(4),85.75,5.19,mean(4),88.25,2.36,mean(4),73.75,13.15,mean(4)
1308,329,刑民交叉案件中的事实认定与证据使用,龙宗智[1],法学研究,2018,诉讼法学,85.03,4.34,E1,False,,11.72,4.1,7.62,17.9,5.7,6,6,,0,0,0,,,,,,0,,,,82.75,5.74,mean(4),79.75,3.5,mean(4),81,4.24,mean(4),84,4.24,mean(4),87.5,1.73,mean(4),75.5,5.26,mean(4)
1350,330,合宪性解释在我国法院的实践,杜强强,法学研究,2016,宪法学与行政法学,85.03,8.88,E1,False,,12.83,7.65,5.18,22.7,19.8,4,6,,0,0,0,,,,,,0,,,,73.25,14.1,mean(4),88,2.45,mean(4),71,19.78,mean(4),89,3.56,mean(4),83.25,3.5,mean(4),83.75,2.5,mean(4)
441,331,数据产权登记的基本问题研究,孙莹[1],中国法学,2025,民商法学,85.01,6.15,E1,False,,14.25,4.63,9.62,30.8,13.8,5,6,,0,0,0,,,,,,0,,,,69.75,13.82,mean(4),86.5,1.73,mean(4),88.25,2.87,mean(4),91.25,4.35,mean(4),87.75,2.06,mean(4),76.5,3.0,mean(4)
1599,332,法律行为效力瑕疵情形的返还清算,周江洪[1],法学研究,2024,民商法学,85.01,6.13,E1,False,,13.13,6.15,6.98,22.2,10.1,4,6,,0,0,0,,,,,,0,,,,78.5,8.58,mean(4),88.75,2.99,mean(4),78.75,6.99,mean(4),83,5.77,mean(4),85,2.45,mean(4),73,10.13,mean(4)
1228,333,保险法安全维护义务的体系定位与规则重塑,马宁[1],法学研究,2021,民商法学,85.0,3.65,E1,False,,8.62,3.52,5.1,13.3,8.9,5,6,,0,0,0,,,,,,0,,,,78,3.56,mean(4),84.5,0.58,mean(4),78,8.91,mean(4),88.5,4.04,mean(4),87,2.45,mean(4),70,1.63,mean(4)
198,334,公平公正待遇条款的法方法困境及出路,梁开银,中国法学,2015,国际法学,84.94,3.94,E1,False,,14.45,3.33,11.12,25.5,6.5,6,6,1-empty-status,0,0,0,,,,,,0,,,,81,6.48,mean(4),83.5,1.73,mean(4),70,6.27,mean(4),82.25,2.06,mean(4),83,2.45,mean(4),80.5,1.0,mean(4)
148,335,以危险方法危害公共安全罪认定规则研究,江溯[1],中国法学,2021,刑法学,84.93,3.28,E1,False,,11.58,3.53,8.05,15.0,6.7,6,6,,0,0,0,,,,,,0,,,,78.25,5.32,mean(4),83.75,2.06,mean(4),83.75,1.5,mean(4),84.25,1.5,mean(4),82.5,4.12,mean(4),75.5,6.66,mean(4)
1384,336,城市空间利益的正当分配——从规划行政许可侵犯相邻权益案切入,"陈越峰[1,2]",法学研究,2015,宪法学与行政法学,84.87,6.04,E1,False,,15.28,6.25,9.03,25.7,17.2,5,6,,0,0,0,,,,,,0,,,,87.5,3.32,mean(4),81.5,4.43,mean(4),67.25,17.15,mean(4),84.75,4.72,mean(4),84.5,4.93,mean(4),78.75,2.99,mean(4)
738,337,论依规范目的认定合同无效：以《合同编通则解释》第16条为中心,"王利明[1,2]",中国法学,2024,民商法学,84.84,5.78,E1,False,,9.98,5.08,4.9,21.4,12.7,4,6,,0,0,0,,,,,,0,,,,79,9.2,mean(4),85.75,2.87,mean(4),72.75,12.74,mean(4),89,1.15,mean(4),87.25,1.5,mean(4),61.25,2.99,mean(4)
1773,338,诉讼外鉴定的类型化及其司法审查,曹志勋[1],法学研究,2022,诉讼法学,84.84,5.94,E1,False,,19.62,6.23,13.38,39.9,20.7,5,6,,0,0,0,,,,,,0,,,,85.25,4.72,mean(4),81.25,2.99,mean(4),70.25,20.66,mean(4),86,2.0,mean(4),86.75,1.5,mean(4),75.5,5.51,mean(4)
609,339,程序性救济的制度模式及改造,詹建红[1],中国法学,2015,法学理论,84.75,5.42,E1,False,,13.9,4.93,8.97,20.9,9.2,5,6,1-empty-status,0,0,0,,,,,,0,,,,79.25,3.95,mean(4),79.25,7.89,mean(4),75.75,9.18,mean(4),84,4.9,mean(4),77.25,2.22,mean(4),84.25,1.5,mean(4)
1418,340,存款货币的权利归属与返还请求权——反思民法上货币“占有即所有”法则的司法运用,朱晓喆[1],法学研究,2018,民商法学,84.71,4.89,E1,False,,8.8,4.37,4.43,13.3,8.8,5,6,,0,0,0,,,,,,0,,,,77.5,8.81,mean(4),85.75,1.5,mean(4),85,4.24,mean(2),81.5,4.04,mean(4),90,2.31,mean(4),63.25,5.38,mean(4)
636,341,经理雇佣合同与委任合同之分辨,王天玉,中国法学,2016,民商法学,84.69,4.9,E1,False,,10.65,4.58,6.07,15.5,10.4,5,6,,0,0,0,,,,,,0,,,,75,7.26,mean(4),85.75,1.5,mean(4),83.25,10.44,mean(4),86.5,2.38,mean(4),83.5,1.73,mean(4),71,4.24,mean(4)
1698,342,自然资源分出物的自由原始取得,张力[1],法学研究,2019,环境与资源保护法学,84.68,6.33,E1,False,,8.98,4.88,4.1,14.7,13.6,5,6,,0,0,0,,,,,,0,,,,69.25,13.6,mean(4),81.25,3.59,mean(4),88,2.94,mean(4),87.5,3.32,mean(4),87.75,2.63,mean(4),82.5,3.32,mean(4)
1883,343,但书出罪的规范基础与实践展开,吴镝飞[1],中国法学,2025,刑法学,84.68,3.88,E1,False,,7.77,3.28,4.48,13.6,7.0,6,6,,0,0,0,,,,,,0,,,,74.25,6.99,mean(4),83.5,1.91,mean(4),86,4.24,mean(4),87.75,2.06,mean(4),87,2.45,mean(4),67.75,2.06,mean(4)
523,344,民间借贷诉讼中的证明责任问题,吴泽勇,中国法学,2017,诉讼法学,84.66,5.95,E1,False,,15.53,5.75,9.78,30.6,9.7,5,6,,0,0,0,,,,,,0,,,,77.5,5.0,mean(4),80.75,5.06,mean(4),81.75,9.74,mean(4),88.75,7.18,mean(4),80.75,3.4,mean(4),65,4.08,mean(4)
590,345,登记对抗主义的反思与改造：《物权法》第24条解析,庄加园,中国法学,2018,民商法学,84.62,6.75,E1,False,,15.15,8.08,7.07,23.8,21.5,4,6,,0,0,0,,,,,,0,,,,76.25,11.21,mean(4),85.25,2.5,mean(4),81,6.16,mean(4),86.5,1.73,mean(4),76.5,5.45,mean(4),67.25,21.5,mean(4)
131,346,交易性贬值损失之赔偿,张红,中国法学,2021,民商法学,84.59,5.88,E1,False,,16.75,5.32,11.43,26.4,8.4,5,6,,0,0,0,,,,,,0,,,,83.5,7.05,mean(4),82.75,7.72,mean(4),69,8.41,mean(4),87,2.45,mean(4),81.25,2.99,mean(4),67,3.37,mean(4)
1787,347,跨法域合同纠纷中强制性规范的类型及认定规则,陈醇,法学研究,2021,民商法学,84.59,7.34,E1,False,,10.87,5.07,5.8,27.0,18.2,5,6,,0,0,0,,,,,,0,,,,72,18.24,mean(4),89,2.0,mean(4),85,2.45,mean(4),86,4.24,mean(4),84.25,1.5,mean(4),77.75,2.06,mean(4)
655,348,职场智能监控下的劳动者个人信息保护——以目的原则为中心,田野[1],中国法学,2022,民商法学,84.57,6.04,E1,False,,16.93,5.77,11.17,27.2,7.8,6,6,,0,0,0,,,,,,0,,,,74.75,7.8,mean(4),83.75,4.79,mean(4),81.75,6.95,mean(4),89.5,5.45,mean(4),84.75,2.5,mean(4),70.75,7.18,mean(4)
1809,349,避税行为可罚性之探究,汤洁茵[1],法学研究,2019,刑法学,84.57,6.39,E1,False,,11.45,6.12,5.33,17.1,11.3,4,6,,0,0,0,,,,,,0,,,,79.25,9.6,mean(4),86.25,1.89,mean(4),78.75,11.3,mean(4),82.5,3.32,mean(4),81.25,4.79,mean(4),60,5.77,mean(4)
1133,350,个人信息的侵权法保护,叶名怡[1],法学研究,2018,民商法学,84.56,3.88,E1,False,,11.65,3.73,7.92,17.3,7.8,6,6,,0,0,0,,,,,,0,,,,80.25,4.79,mean(4),85,2.45,mean(4),76,7.83,mean(4),84.25,1.5,mean(4),85.25,3.77,mean(4),77.75,2.06,mean(4)
1832,351,预约合同效力和违约救济的实证考察与应然路径,耿利航,法学研究,2016,民商法学,84.56,2.82,E1,False,,11.98,3.23,8.75,23.2,7.6,6,6,,0,0,0,,,,,,0,,,,80.75,3.4,mean(4),75,3.0,mean(3),85,2.45,mean(4),86.75,1.5,mean(4),83.25,1.5,mean(4),65.5,7.59,mean(4)
765,352,论国家所有权与行政权的关系,肖泽晟,中国法学,2016,民商法学,84.54,4.53,E1,False,,14.87,4.48,10.38,27.7,6.4,6,6,1-empty-status,0,0,0,,,,,,0,,,,77,2.45,mean(4),86.5,5.74,mean(4),80.75,6.4,mean(4),84,6.16,mean(4),81.75,2.87,mean(4),78.25,3.3,mean(4)
1409,353,多数人之债的类型建构,李中原[1],法学研究,2019,民商法学,84.53,4.84,E1,False,,10.22,4.73,5.48,17.9,11.1,5,6,,0,0,0,,,,,,0,,,,80.75,2.99,mean(4),83.5,5.74,mean(4),71.5,11.09,mean(4),79.75,3.5,mean(4),87,3.46,mean(4),80,1.63,mean(4)
541,354,法律行为解消清算规则之体系统合,汤文平,中国法学,2016,民商法学,84.51,6.32,E1,False,,14.0,6.15,7.85,27.2,14.5,4,6,1-empty-status,0,0,0,,,,,,0,,,,81.5,8.23,mean(4),81.5,3.87,mean(4),73.25,14.55,mean(4),87.75,2.06,mean(4),85.75,1.5,mean(4),74.5,6.66,mean(4)
1635,355,犯罪参与体系中区分制与单一制的融合,黎宏[1],法学研究,2024,刑法学,84.49,5.2,E1,False,,10.67,4.17,6.5,19.8,10.4,5,6,,0,0,0,,,,,,0,,,,76.25,10.44,mean(4),87.25,1.5,mean(4),77.25,4.57,mean(4),86.75,3.95,mean(4),86.25,1.26,mean(4),65.5,3.32,mean(4)
469,356,未成年人违警行为的提出与立法辨证,姚建龙[1],中国法学,2022,刑法学,84.44,5.29,E1,False,,12.15,4.23,7.92,19.8,10.1,5,6,,0,0,0,,,,,,0,,,,84.25,10.08,mean(4),79.25,3.4,mean(4),73,2.45,mean(4),85.75,4.35,mean(4),85.75,1.71,mean(4),77,3.46,mean(4)
1231,357,信息网络传播行为的认定,刘文杰,法学研究,2016,民商法学,84.44,3.71,E1,False,,13.47,3.8,9.67,21.6,7.0,6,6,,0,0,0,,,,,,0,,,,86.5,2.38,mean(4),75.75,6.99,mean(4),84.5,3.32,mean(4),77.25,2.99,mean(4),87.25,2.87,mean(4),79,4.24,mean(4)
269,358,司法解释中的出罪规范:类型、依据与完善方向,刘科[1],中国法学,2021,刑法学,84.41,7.0,E1,False,,12.17,5.87,6.3,17.4,14.4,5,6,,0,0,0,,,,,,0,,,,76,7.12,mean(4),76.25,14.36,mean(4),80,4.4,mean(4),87.25,4.57,mean(4),83.5,3.7,mean(4),81.5,1.0,mean(4)
1061,359,行政许可的民法意义,"王轶[1,2]",中国社会科学,2020,宪法学与行政法学,84.41,7.61,E1,False,,9.8,5.85,3.95,19.3,17.5,5,6,,0,0,0,,,,,,0,,,,69,17.45,mean(4),85.5,5.26,mean(4),87,2.45,mean(4),91.75,2.87,mean(4),92.25,0.5,mean(4),79.25,6.5,mean(4)
280,360,商主体资格形成机制的革新,季奎明[1],中国法学,2019,宪法学与行政法学,84.4,6.69,E1,False,,13.95,6.45,7.5,28.3,21.9,5,6,,0,0,0,,,,,,0,,,,81.25,5.85,mean(4),83,3.46,mean(4),66.75,21.88,mean(4),82.5,3.32,mean(4),84.5,1.73,mean(4),81.75,2.36,mean(4)
1542,361,期待权之检讨,袁野[1],法学研究,2024,民商法学,84.4,4.62,E1,False,,14.1,5.1,9.0,31.6,12.9,5,6,,0,0,0,,,,,,0,,,,84,1.83,mean(4),83.25,4.27,mean(4),63.25,12.87,mean(4),89.25,3.4,mean(4),82.25,3.86,mean(4),74.25,4.35,mean(4)
1576,362,民法典编纂的宪法学透析,林来梵,法学研究,2016,宪法学与行政法学,84.4,9.49,E1,False,,16.05,7.73,8.32,30.7,21.1,3,6,,0,0,0,,,,,,0,,,,69.25,21.09,mean(4),88.5,1.0,mean(4),75.75,8.3,mean(4),88.25,2.87,mean(4),80.25,9.81,mean(4),80.25,3.3,mean(4)
1776,363,诱惑侦查的程序控制,程雷[1],法学研究,2015,诉讼法学,84.4,3.79,E1,False,,11.98,3.67,8.32,16.7,5.6,6,6,,0,0,0,,,,,,0,,,,82.5,5.57,mean(4),85,2.45,mean(4),74.25,1.71,mean(4),81.5,4.04,mean(4),81.25,2.99,mean(4),74.75,5.25,mean(4)
529,364,法域协调视角下规范保护目的理论之重构,于改之[1],中国法学,2021,刑法学,84.38,4.94,E1,False,,10.3,4.23,6.07,16.3,9.2,5,6,,0,0,0,,,,,,0,,,,78,9.2,mean(4),87,3.46,mean(4),81.5,4.04,mean(4),85,2.45,mean(4),85.75,1.5,mean(4),58.75,4.79,mean(4)
620,365,答复类行政解释的行政诉讼法定位及其司法审查,金自宁[1],中国法学,2023,宪法学与行政法学,84.38,4.39,E1,False,,11.27,5.3,5.97,19.6,10.3,5,6,,0,0,0,,,,,,0,,,,84,2.0,mean(4),71.75,5.32,mean(4),78.5,5.74,mean(4),89.25,5.06,mean(4),89.25,3.4,mean(4),70,10.3,mean(4)
663,366,自然资源之上权利的层次性,单平基[1],中国法学,2021,环境与资源保护法学,84.37,5.07,E1,False,,10.75,4.72,6.03,17.3,8.3,4,6,,0,0,0,,,,,,0,,,,78.25,8.3,mean(4),84,4.9,mean(4),75.25,8.18,mean(4),88,0.0,mean(4),85.5,0.58,mean(4),60,6.27,mean(4)
1755,367,论我国诉讼证据审查要素及审查方法的调整改革,龙宗智[1],法学研究,2023,诉讼法学,84.37,5.91,E1,False,,17.47,6.23,11.23,27.8,9.1,5,6,,0,0,0,,,,,,0,,,,80.25,5.68,mean(4),77.5,5.26,mean(4),79.25,6.75,mean(4),88.5,4.73,mean(4),78.5,9.11,mean(4),75,5.77,mean(4)
627,368,系统论宪法学新思维的七个命题,陆宇峰[1],中国法学,2019,宪法学与行政法学,84.35,9.35,E1,False,,10.35,7.02,3.33,24.0,20.4,4,6,,0,0,0,,,,,,0,,,,74.75,20.39,mean(4),85,2.45,mean(4),68.5,15.72,mean(4),88.75,0.96,mean(4),87,1.41,mean(4),81,1.15,mean(4)
1407,369,外国版权客体在本国的保护,阮开欣[1],法学研究,2022,知识产权法学,84.35,6.61,E1,False,,12.33,5.4,6.93,18.2,12.1,5,6,,0,0,0,,,,,,0,,,,78,12.08,mean(4),76.25,3.5,mean(4),79,6.63,mean(4),84.75,4.72,mean(4),86,1.41,mean(4),80,4.08,mean(4)
1538,370,智能投资顾问模式中的主体识别和义务设定,高丝敏[1],法学研究,2018,民商法学,84.35,3.38,E1,False,,11.08,3.27,7.82,20.1,6.2,6,6,,0,0,0,,,,,,0,,,,82.5,3.32,mean(4),69,6.16,mean(4),87,2.45,mean(4),87.75,2.06,mean(4),86,1.83,mean(4),75.25,3.77,mean(4)
1719,371,行政撤诉之再诉禁止效力的构造与限度,黄锴[1],法学研究,2024,宪法学与行政法学,84.32,6.85,E1,False,,10.62,5.0,5.62,18.1,15.4,5,6,,0,0,0,,,,,,0,,,,73.75,15.39,mean(4),80.75,5.06,mean(4),79,4.24,mean(4),86.5,1.73,mean(4),86.25,1.26,mean(4),80,2.31,mean(4)
492,372,民事再审之诉“二阶化构造”的程序重塑,段文波[1],中国法学,2024,诉讼法学,84.31,6.35,E1,False,,10.02,4.82,5.2,20.1,13.4,5,6,,0,0,0,,,,,,0,,,,72,13.37,mean(4),86.5,1.73,mean(4),85.75,5.91,mean(4),86.75,4.27,mean(4),86.25,1.5,mean(4),67.5,2.08,mean(4)
796,373,论抽象危险犯个罪裁判规范的续造,王飞跃[1],中国法学,2022,刑法学,84.31,5.04,E1,False,,12.03,5.15,6.88,16.7,7.5,6,6,,0,0,0,,,,,,0,,,,82,5.72,mean(4),80.25,4.65,mean(4),77.75,6.13,mean(4),84,4.08,mean(4),81.75,2.87,mean(4),69.5,7.55,mean(4)
1220,374,侵权赔偿体现知识产权价值的民法原理,李承亮[1],法学研究,2022,知识产权法学,84.31,8.0,E1,False,,15.37,8.63,6.73,22.3,21.3,4,6,,0,0,0,,,,,,0,,,,75.75,15.35,mean(4),82,3.65,mean(4),81.25,2.99,mean(4),89,2.94,mean(4),79.25,5.62,mean(4),65.75,21.33,mean(4)
1696,375,股东溢价出资的会计表达与法律属性,郑彧[1],法学研究,2023,民商法学,84.31,7.52,E1,False,,14.68,7.35,7.33,26.3,19.0,4,6,,0,0,0,,,,,,0,,,,82.5,5.57,mean(4),73.5,11.27,mean(4),71.75,19.02,mean(4),86,1.41,mean(4),85,2.45,mean(4),80,4.4,mean(4)
1745,376,认罪认罚何以从宽：误区与正解——反思效率优先的改革主张,左卫民,法学研究,2017,刑法学,84.29,4.36,E1,False,,11.72,4.22,7.5,23.4,10.2,5,6,,0,0,0,,,,,,0,,,,84,4.24,mean(4),77.5,1.73,mean(4),69,10.23,mean(4),90.25,3.5,mean(4),84.5,4.51,mean(4),79,1.15,mean(4)
1494,377,担保物权实现的程序标的：实践、识别与制度化,任重,法学研究,2016,民商法学,84.26,12.16,E1,False,,14.23,8.15,6.08,34.7,32.5,5,6,,0,0,0,,,,,,0,,,,68.75,32.5,mean(4),83.25,3.5,mean(4),84,4.24,mean(4),87.5,2.89,mean(4),86.25,4.19,mean(4),80,1.63,mean(4)
1124,378,不动产定期承租人的预期违约责任——兼评“合同编通则解释”第61条,庄加园[1],法学研究,2025,民商法学,84.24,7.58,E1,False,,11.97,6.18,5.78,25.0,14.2,4,6,,0,0,0,,,,,,0,,,,76,14.17,mean(4),88.25,2.87,mean(4),75,13.64,mean(4),86.75,1.5,mean(4),84,3.37,mean(4),74.75,1.5,mean(4)
1349,379,合宪性视角下的成片开发征收及其标准认定,程雪阳[1],法学研究,2020,宪法学与行政法学,84.22,7.59,E1,False,,12.63,6.33,6.3,19.6,14.7,4,6,,0,0,0,,,,,,0,,,,78.25,8.3,mean(4),67.75,14.71,mean(4),80.75,7.18,mean(4),91,4.08,mean(4),86.25,1.5,mean(4),80.75,2.22,mean(4)
902,380,金融诈骗罪特别从宽于诈骗罪的再认识,徐光华[1],中国法学,2024,刑法学,84.21,5.15,E1,False,,11.47,4.88,6.58,23.1,10.0,5,6,,0,0,0,,,,,,0,,,,82,5.72,mean(4),86.75,2.87,mean(4),68.5,9.98,mean(4),84,4.9,mean(4),84.5,1.73,mean(4),77.25,4.11,mean(4)
1278,381,养老机构人身损害赔偿责任之过错认定,徐银波[1],法学研究,2023,民商法学,84.21,4.83,E1,False,,11.0,4.32,6.68,27.2,6.8,6,6,,0,0,0,,,,,,0,,,,76.25,6.75,mean(4),77.25,6.4,mean(4),87,3.46,mean(4),88.25,2.87,mean(4),86.75,2.36,mean(4),75.75,3.86,mean(4)
1843,382,构思决定论视野下生成式人工智能生成物的版权保护,张金平[1],法学研究,2025,知识产权法学,84.15,12.57,E1,False,,12.47,8.17,4.3,32.5,32.2,4,6,,0,0,0,,,,,,0,,,,73.25,32.22,mean(4),82,8.12,mean(4),85,0.0,mean(4),80.75,5.06,mean(4),84.5,1.73,mean(4),80.5,1.91,mean(4)
1906,383,论“平等主体”：以《民法典》第2条为中心,陈帮锋[1],中国法学,2025,民商法学,84.13,10.03,E1,False,,16.85,7.48,9.37,30.1,24.3,5,6,,0,0,0,,,,,,0,,,,71,24.26,mean(4),84.25,4.35,mean(4),86.75,3.5,mean(4),89,3.37,mean(4),83.25,4.27,mean(4),72.25,5.06,mean(4)
1319,384,功能主义视域下的行政协议,徐键[1],法学研究,2020,宪法学与行政法学,84.12,7.34,E1,False,,15.82,6.8,9.02,32.4,12.3,4,6,,0,0,0,,,,,,0,,,,81,6.16,mean(4),76.25,12.34,mean(4),88,2.16,mean(4),81,9.02,mean(4),85.25,6.9,mean(4),79.5,4.2,mean(4)
582,385,生态文明体制改革中自然资源资产分级行使制度研究,邓海峰[1],中国法学,2021,环境与资源保护法学,84.1,9.3,E1,False,,15.9,8.63,7.27,23.2,18.1,4,6,,0,0,0,,,,,,0,,,,75,18.06,mean(4),86.5,3.0,mean(4),81.25,6.4,mean(4),84.75,2.5,mean(4),77,14.76,mean(4),67.25,6.99,mean(4)
1644,386,用户价值与数字税立法的逻辑,张牧君[1],法学研究,2022,经济法学,84.09,8.8,E1,False,,13.02,6.6,6.42,18.5,17.6,4,6,,0,0,0,,,,,,0,,,,75,17.58,mean(3),76.75,8.3,mean(4),84.5,5.51,mean(4),83.5,3.7,mean(4),82.75,1.5,mean(4),80.75,2.99,mean(4)
93,387,中国比较宪法学的重新定位与方法论重构,刘晗[1],中国法学,2022,宪法学与行政法学,84.07,3.95,E1,False,,13.28,3.75,9.53,28.3,6.5,6,6,,0,0,0,,,,,,0,,,,78,4.32,mean(4),88.75,2.5,mean(4),58.75,6.5,mean(4),86.25,4.19,mean(4),84.5,1.73,mean(4),80.25,3.3,mean(4)
570,388,环境权的规范效力：可诉性和具体化,胡静,中国法学,2017,环境与资源保护法学,84.06,6.0,E1,False,,11.02,6.38,4.63,19.1,13.3,4,6,,0,0,0,,,,,,0,,,,80.33,4.04,mean(3),81.67,1.53,mean(3),73.33,13.32,mean(3),87.33,8.08,mean(3),75.75,5.91,mean(4),74.5,5.51,mean(4)
1863,389,作为基本权利的职业自由,杜吾青[1],法学研究,2025,宪法学与行政法学,84.04,7.15,E1,False,,9.72,5.5,4.22,22.2,18.5,5,6,,0,0,0,,,,,,0,,,,72.5,18.48,mean(4),78,0.0,mean(3),86.25,4.79,mean(4),84.5,1.73,mean(4),85.75,2.87,mean(4),80.75,5.06,mean(4)
366,390,形式与实质之争：税法视域的检讨,汤洁茵,中国法学,2018,经济法学,84.03,6.61,E1,False,,15.43,8.03,7.4,39.0,27.9,4,6,,0,0,0,,,,,,0,,,,87.5,2.52,mean(4),82.75,2.22,mean(4),60.5,27.89,mean(4),85,2.45,mean(4),87.25,1.5,mean(4),60.5,11.73,mean(4)
922,391,中国宪法上基本权利法律保留的生成与构造,陈鹏[1],中国社会科学,2023,宪法学与行政法学,84.03,10.78,E1,False,,14.63,9.5,5.13,26.2,24.9,4,6,,0,0,0,,,,,,0,,,,75.25,24.92,mean(4),83,2.83,mean(4),84,4.24,mean(4),85.5,5.0,mean(4),87.75,2.06,mean(4),68.75,17.95,mean(4)
147,392,以买卖合同担保借贷的解释路径与法效果,陈永强,中国法学,2018,民商法学,84.01,8.27,E1,False,,12.45,6.2,6.25,21.8,19.6,5,6,,0,0,0,,,,,,0,,,,74.25,19.55,mean(4),84,1.41,mean(4),84.25,4.35,mean(4),85.75,5.68,mean(4),85.25,0.5,mean(4),76.75,5.68,mean(4)
749,393,论农民进城落户后集体土地“三权”退出,高海[1],中国法学,2020,环境与资源保护法学,84.01,6.61,E1,False,,14.42,6.47,7.95,30.0,24.7,5,6,,0,0,0,,,,,,0,,,,81.75,5.32,mean(4),75.25,2.06,mean(4),66.25,24.74,mean(4),88.25,2.87,mean(4),87,2.45,mean(4),83,1.41,mean(4)
906,394,非法持有枪支罪的司法认定,王钢,中国法学,2017,刑法学,84.0,7.13,E1,False,,17.3,6.0,11.3,28.8,15.5,5,6,,0,0,0,,,,,,0,,,,83.25,7.63,mean(4),76.25,15.48,mean(4),77.5,6.61,mean(4),85,2.45,mean(4),86,1.41,mean(4),66.25,2.5,mean(4)
1297,395,刑事证明标准的规范偏移与校正——从“刑事诉讼法解释”第140条切入,王星译[1],法学研究,2022,刑法学,84.0,5.44,E1,False,,14.53,5.52,9.02,31.4,15.3,5,6,,0,0,0,,,,,,0,,,,85.75,3.3,mean(4),79.5,5.74,mean(4),64.5,15.29,mean(4),87.75,2.63,mean(4),82.5,3.32,mean(4),77.5,2.89,mean(4)
1453,396,平台扼杀式并购的反垄断悖论,李希梁[1],法学研究,2024,经济法学,83.99,5.02,E1,False,,11.07,4.42,6.65,17.3,7.9,6,6,,0,0,0,,,,,,0,,,,78.5,7.9,mean(4),79.75,2.63,mean(4),78.25,6.95,mean(4),88,3.56,mean(4),83.75,2.06,mean(4),75.25,3.4,mean(4)
1215,397,依法治国与深化司法体制改革法官责任制度的三种模式,陈瑞华[1],法学研究,2015,诉讼法学,83.97,5.89,E1,False,,17.15,4.95,12.2,35.7,10.2,5,6,,0,0,0,,,,,,0,,,,73.25,10.24,mean(4),83.75,1.5,mean(4),73,5.77,mean(4),87.25,5.85,mean(4),83,3.37,mean(4),81.75,2.87,mean(4)
1728,398,表见代理中的被代理人可归责性,朱虎,法学研究,2017,民商法学,83.93,6.5,E1,False,,10.72,4.03,6.68,24.0,18.0,5,6,,0,0,0,,,,,,0,,,,69.5,18.01,mean(4),84,1.41,mean(4),88.25,2.87,mean(4),89.5,1.91,mean(4),88,0.0,mean(4),65,0.0,mean(4)
272,399,司法认知偏差与量化裁判中的锚定效应,杨彪,中国法学,2017,民商法学,83.9,5.37,E1,False,,14.35,5.52,8.83,25.5,7.0,6,6,,0,0,0,,,,,,0,,,,83,3.46,mean(4),79,6.63,mean(4),75.75,6.99,mean(4),83.5,6.4,mean(4),83.75,3.86,mean(4),76.75,5.68,mean(4)
880,400,身份权的派生确权与参照保护,张力[1],中国法学,2023,民商法学,83.9,9.94,E1,False,,12.85,7.62,5.23,22.2,20.7,4,6,,0,0,0,,,,,,0,,,,75.75,20.69,mean(4),75,11.49,mean(4),89.25,3.4,mean(4),88.25,2.36,mean(4),86,1.41,mean(4),77,6.27,mean(4)
206,401,共犯处罚根据论的反思与修正:新混合惹起说的提出,王昭武[1],中国法学,2020,刑法学,83.87,10.14,E1,False,,14.28,9.65,4.63,28.4,26.9,5,6,,0,0,0,,,,,,0,,,,81.5,7.68,mean(4),74.25,26.91,mean(4),80.25,5.5,mean(4),87,2.45,mean(4),78.25,7.41,mean(4),73.75,8.02,mean(4)
284,402,商标权行使与姓名权保护的冲突与规制,马一德,中国法学,2018,知识产权法学,83.85,4.56,E1,False,,14.97,4.32,10.65,21.1,5.8,6,6,,0,0,0,,,,,,0,,,,84,4.9,mean(4),78.5,4.51,mean(4),73.5,5.8,mean(4),84,4.24,mean(4),79.5,3.0,mean(4),67,3.46,mean(4)
674,403,行政协议与单方行为的界分,刘飞[1],中国法学,2023,宪法学与行政法学,83.82,4.38,E1,False,,9.68,4.0,5.68,16.1,6.5,6,6,,0,0,0,,,,,,0,,,,78.75,6.5,mean(4),83,3.16,mean(4),76.5,5.74,mean(4),85,2.45,mean(4),86,2.71,mean(4),76.25,3.5,mean(4)
1413,404,夫妻共同财产的潜在共有,龙俊,法学研究,2017,民商法学,83.82,6.62,E1,False,,14.88,5.93,8.95,29.7,9.6,4,6,,0,0,0,,,,,,0,,,,77.5,9.57,mean(4),78,8.12,mean(4),85,5.35,mean(4),85.5,2.65,mean(4),79.75,6.02,mean(4),77.75,3.86,mean(4)
1631,405,版权保护与创作、文化发展的关系,章凯业[1],法学研究,2022,知识产权法学,83.79,5.12,E1,False,,12.72,4.93,7.78,20.0,13.9,5,6,,0,0,0,,,,,,0,,,,83.25,4.27,mean(4),86.5,5.74,mean(4),60,13.88,mean(4),87,1.41,mean(4),82.75,2.22,mean(4),77.75,2.06,mean(4)
1405,406,增值税中性原则与民事制度,班天可[1],法学研究,2020,民商法学,83.78,10.5,E1,False,,17.73,7.12,10.62,40.2,24.7,4,6,,0,0,0,,,,,,0,,,,74,24.7,mean(4),76.25,11.21,mean(4),82.75,3.59,mean(4),85.5,0.58,mean(4),86,1.41,mean(4),81,1.15,mean(4)
1679,407,算法透明层次论,安晋城[1],法学研究,2023,民商法学,83.75,4.51,E1,False,,11.85,4.48,7.37,19.0,7.9,6,6,,0,0,0,,,,,,0,,,,82,2.94,mean(4),71.75,7.41,mean(4),80.25,7.93,mean(4),88.25,2.87,mean(4),84.5,1.73,mean(4),77.5,4.12,mean(4)
453,408,新就业形态法律关系认定规则,娄宇[1],中国法学,2024,经济法学,83.74,8.74,E1,False,,11.98,6.93,5.05,23.6,16.5,4,6,,0,0,0,,,,,,0,,,,73.75,16.52,mean(4),81.25,4.79,mean(4),80,10.3,mean(4),82.75,4.57,mean(4),89,2.0,mean(4),80.75,3.4,mean(4)
1254,409,八二宪法土地条款：一个原旨主义的解释,彭錞,法学研究,2016,宪法学与行政法学,83.74,6.63,E1,False,,14.15,6.08,8.07,25.4,9.6,5,6,,0,0,0,,,,,,0,,,,82,6.68,mean(4),67.5,9.57,mean(4),77.5,5.57,mean(4),86,5.42,mean(4),83,6.78,mean(4),81.75,2.36,mean(4)
1907,410,交易习惯的功能分型和适用方法,陈龙业[1],中国法学,2025,诉讼法学,83.74,4.69,E1,False,,10.55,4.05,6.5,17.7,7.4,6,6,,0,0,0,,,,,,0,,,,75.75,7.41,mean(4),77.5,3.32,mean(4),82,4.97,mean(4),90.5,3.7,mean(4),89,1.41,mean(4),66.25,3.5,mean(4)
1132,411,个人信息权的分析与建构,萧鑫[1],法学研究,2023,民商法学,83.72,10.08,E1,False,,10.4,6.7,3.7,27.0,25.5,5,6,,0,0,0,,,,,,0,,,,73.25,25.54,mean(4),81.75,4.35,mean(4),84.25,2.87,mean(4),88.25,4.35,mean(4),86.5,1.73,mean(4),72.25,1.5,mean(4)
1663,412,破产程序中的抵销预期保护,朱虎[1],法学研究,2025,民商法学,83.7,12.78,E1,False,,12.97,8.83,4.13,34.4,34.8,5,6,,0,0,0,,,,,,0,,,,65,34.77,mean(3),86,3.16,mean(4),91.75,4.72,mean(4),90.67,2.31,mean(3),88.25,2.87,mean(4),70.67,5.13,mean(3)
1714,413,行政处罚中择一重罚规则的体系化阐释,刘连泰[1],法学研究,2022,宪法学与行政法学,83.68,6.79,E1,False,,14.68,6.12,8.57,27.9,19.3,5,6,,0,0,0,,,,,,0,,,,82.5,5.57,mean(4),66.25,19.29,mean(4),88.5,2.89,mean(4),86.5,1.73,mean(4),85,2.45,mean(4),71.25,4.79,mean(4)
690,414,行政许可条件设定模式及其反思,林华[1],中国法学,2022,宪法学与行政法学,83.66,5.94,E1,False,,9.52,4.9,4.62,19.0,11.8,5,6,,0,0,0,,,,,,0,,,,77,11.8,mean(4),73,4.16,mean(4),79.75,5.56,mean(4),86,1.41,mean(4),87,2.45,mean(4),80.25,4.03,mean(4)
1423,415,安全保障义务人侵权补充责任的理论反思,吴越[1],法学研究,2024,民商法学,83.65,8.27,E1,False,,12.93,5.88,7.05,22.2,21.0,5,6,,0,0,0,,,,,,0,,,,73.5,21.05,mean(4),84.75,1.89,mean(4),78,4.0,mean(4),89.25,3.4,mean(4),85,0.82,mean(4),70.5,4.2,mean(4)
1569,416,民法典不当得利返还责任体系之展开,陈自强[1],法学研究,2021,民商法学,83.65,4.46,E1,False,,14.58,4.73,9.85,30.0,9.0,5,6,,0,0,0,,,,,,0,,,,82.25,2.06,mean(4),81.5,4.51,mean(4),71.5,9.0,mean(4),84.25,6.13,mean(4),85.25,0.5,mean(4),73,6.22,mean(4)
334,417,存款占有的归属与财产犯罪的界限,钱叶六[1],中国法学,2019,刑法学,83.63,4.79,E1,False,,16.58,4.77,11.82,25.1,6.9,6,6,,0,0,0,,,,,,0,,,,79,4.24,mean(4),82.75,3.59,mean(4),78.25,6.95,mean(4),82.75,6.6,mean(4),84.25,1.5,mean(4),70,5.77,mean(4)
685,418,行政活动法律保留的结构变迁,王贵松,中国法学,2021,法学理论,83.62,4.06,E1,False,,12.25,3.9,8.35,19.0,7.5,6,6,,0,0,0,,,,,,0,,,,80,6.27,mean(4),86.5,1.73,mean(4),70.5,7.55,mean(4),83.25,1.5,mean(4),86.75,1.5,mean(4),75.5,4.93,mean(4)
1088,419,论统一民事责任制度的建构——基于责任融合的“后果模式”,张家勇[1],中国社会科学,2015,民商法学,83.6,8.71,E1,False,,13.68,8.2,5.48,21.8,19.6,4,6,,0,0,0,,,,,,0,,,,70.75,15.13,mean(4),83.25,3.5,mean(4),86.25,3.5,mean(4),88.5,4.04,mean(4),76.75,19.62,mean(4),77,3.46,mean(4)
928,420,中国民众刑法偏好研究,白建军,中国社会科学,2017,刑法学,83.59,3.65,E1,False,,11.0,3.97,7.03,15.6,6.2,6,6,,0,0,0,,,,,,0,,,,77.75,2.06,mean(4),81.5,2.38,mean(4),84.5,4.93,mean(4),81,6.16,mean(4),86.75,3.5,mean(4),71.75,4.72,mean(4)
1236,421,修正普及主义视域下跨境破产的本土选择,郭帅[1],法学研究,2024,国际法学,83.59,4.85,E1+E2,True,,13.8,4.33,9.47,25.2,6.4,6,6,,0,0,1,104,83.59,4.85,E1+E2,coverage_minimum,0,,,,79.0,5.1,median(8) [E1+E2],88.0,2.87,median(8) [E1+E2],68.0,6.65,median(8) [E1+E2],85.0,5.21,median(8) [E1+E2],80.0,3.99,median(8) [E1+E2],76.5,6.23,median(8) [E1+E2]
1180,422,乡村振兴背景下的宅基地权利制度重构,宋志红[1],法学研究,2019,环境与资源保护法学,83.54,4.43,E1,False,,10.48,3.57,6.92,20.1,8.2,5,6,,0,0,0,,,,,,0,,,,70.5,8.23,mean(4),76.5,4.43,mean(4),89.75,3.3,mean(4),84.25,1.5,mean(4),86.25,1.5,mean(4),83.75,2.5,mean(4)
385,423,我国民事庭审阶段化构造再认识,段文波[1],中国法学,2015,诉讼法学,83.53,5.56,E1,False,,11.72,4.38,7.33,16.8,8.3,5,6,,0,0,0,,,,,,0,,,,76.5,8.35,mean(4),81.5,7.94,mean(4),83,5.03,mean(4),83.75,2.06,mean(4),86.5,3.0,mean(4),75,0.0,mean(4)
892,424,逮捕社会危险性条件中犯罪嫌疑人逃跑风险评估研究,张吉喜[1],中国法学,2023,刑法学,83.53,4.59,E1,False,,12.58,4.93,7.65,21.2,10.8,5,6,,0,0,0,,,,,,0,,,,76.75,6.99,mean(4),79.5,1.0,mean(4),79.5,4.8,mean(4),88,4.32,mean(4),86.5,1.73,mean(4),70,10.8,mean(4)
1018,425,法律行为的内在正义与外在正义,杨代雄[1],中国社会科学,2024,民商法学,83.53,9.33,E1,False,,14.55,7.83,6.72,24.5,18.5,4,6,,0,0,0,,,,,,0,,,,72,18.51,mean(4),84,6.16,mean(4),80,8.12,mean(4),90.25,2.63,mean(4),84.25,4.35,mean(4),75,7.26,mean(4)
1855,426,人工智能侵权的过错责任,林洹民[1],法学研究,2025,民商法学,83.53,7.67,E1,False,,14.07,6.88,7.18,25.5,16.8,4,6,,0,0,0,,,,,,0,,,,78,12.08,mean(4),85,0.0,mean(2),69,16.79,mean(4),88.5,4.95,mean(2),84.5,3.32,mean(4),77,4.16,mean(4)
1262,427,公司属人法的确定：真实本座主义的未来,邢钢,法学研究,2018,民商法学,83.51,5.24,E1,False,,13.03,4.82,8.22,22.3,11.8,5,6,,0,0,0,,,,,,0,,,,76.5,7.05,mean(4),82.5,3.32,mean(4),69.25,11.76,mean(4),84.5,1.73,mean(4),82.25,2.06,mean(4),80.75,2.99,mean(4)
50,428,《行政处罚法》主观过错条款适用展开,熊樟林[1],中国法学,2023,宪法学与行政法学,83.47,8.78,E1,False,,12.1,7.5,4.6,21.7,16.5,4,6,,0,0,0,,,,,,0,,,,75,14.14,mean(4),81,3.56,mean(4),72,16.51,mean(4),86,4.24,mean(4),85.75,3.3,mean(4),80.25,3.3,mean(4)
548,429,法律责任概念的反思与重构,李拥军[1],中国法学,2022,刑法学,83.47,4.9,E1,False,,13.6,4.93,8.67,31.2,9.6,5,6,,0,0,0,,,,,,0,,,,82.5,5.57,mean(4),84.5,3.87,mean(4),75,9.63,mean(4),81.75,2.87,mean(4),83.75,1.26,mean(4),56.25,6.29,mean(4)
41,430,“超期申请行政复议”的形成逻辑与体系化应对,范伟[1],中国法学,2024,宪法学与行政法学,83.44,4.9,E1,False,,11.57,4.33,7.23,23.7,8.1,5,6,,0,0,0,,,,,,0,,,,74.75,8.06,mean(4),75.5,3.0,mean(4),88,4.0,mean(4),88.25,2.87,mean(4),80.5,6.14,mean(4),79.5,1.91,mean(4)
215,431,分层土地利用中的强制地役权研究,林旭霞[1],中国法学,2023,民商法学,83.44,8.52,E1,False,,13.9,7.28,6.62,23.1,14.8,3,6,,0,0,0,,,,,,0,,,,77,14.76,mean(4),75.25,14.38,mean(4),83.5,1.73,mean(4),88.5,1.0,mean(4),85.5,3.32,mean(4),69.75,8.5,mean(4)
165,432,保险人撤销权:保险法中的一个制度选择及其合理性追问,"于海纯[1,2]",中国法学,2020,民商法学,83.41,7.1,E1,False,,15.03,6.68,8.35,26.4,17.6,4,6,,0,0,0,,,,,,0,,,,74.75,9.0,mean(4),88,2.16,mean(4),70.5,17.62,mean(4),88.75,2.99,mean(4),85,6.22,mean(4),77.75,2.06,mean(4)
1181,433,书面形式与合同的成立,朱广新[1],法学研究,2019,民商法学,83.4,12.15,E1,False,,14.1,10.65,3.45,26.4,24.0,4,6,,0,0,0,,,,,,0,,,,70.25,24.02,mean(4),79.75,4.03,mean(4),82.75,4.57,mean(4),86,4.9,mean(4),76.25,22.93,mean(4),83.25,3.5,mean(4)
1583,434,民法总则法源条款的缺失与补充,于飞,法学研究,2018,民商法学,83.38,3.52,E1,False,,13.35,3.83,9.52,30.0,5.7,6,6,,0,0,0,,,,,,0,,,,79.25,2.99,mean(4),78.25,2.87,mean(4),77,4.16,mean(4),86.75,4.27,mean(4),88.25,2.87,mean(4),63.25,5.68,mean(4)
733,435,论人工智能立法的基本路径,林洹民[1],中国法学,2024,法学理论,83.37,4.08,E1,False,,12.18,3.5,8.68,17.6,7.7,6,6,,0,0,0,,,,,,0,,,,80,7.7,mean(4),78.25,2.87,mean(4),77.75,5.06,mean(4),85,0.82,mean(4),84.5,1.0,mean(4),79.75,3.5,mean(4)
1380,436,地方性法规设定行政处罚的空间,王克稳[1],法学研究,2022,宪法学与行政法学,83.37,4.64,E1,False,,12.42,4.38,8.03,23.4,14.6,5,6,,0,0,0,,,,,,0,,,,79,4.24,mean(4),80.25,2.06,mean(4),66.75,14.57,mean(4),84.25,2.87,mean(4),85.75,1.5,mean(4),80.5,1.0,mean(4)
476,437,核定征收适用范围的延展及其反思,侯卓[1],中国法学,2024,宪法学与行政法学,83.35,7.99,E1,False,,13.2,6.27,6.93,17.8,14.4,4,6,,0,0,0,,,,,,0,,,,75,14.35,mean(4),75.25,5.25,mean(4),80,8.83,mean(4),85.25,4.99,mean(4),83.75,2.06,mean(4),81,2.0,mean(4)
1455,438,平台经济从业者社会保险法律制度的构建,娄宇[1],法学研究,2020,经济法学,83.34,5.01,E1,False,,11.65,4.9,6.75,17.6,6.3,6,6,,0,0,0,,,,,,0,,,,73.75,5.85,mean(4),79.5,3.87,mean(4),85.75,2.87,mean(4),87,6.0,mean(4),77,6.27,mean(4),77,4.4,mean(4)
1087,439,论结果导向的信息披露,应飞虎[1],中国社会科学,2019,民商法学,83.32,4.09,E1,False,,11.08,3.98,7.1,17.9,7.5,6,6,,0,0,0,,,,,,0,,,,90,1.63,mean(4),63.75,7.5,mean(4),73.5,7.14,mean(4),87.5,3.79,mean(4),85.75,1.5,mean(4),75,2.45,mean(4)
1206,440,仲裁协议主观范围理论的重构,陈杭平[1],法学研究,2023,诉讼法学,83.32,11.18,E1,False,,17.08,11.33,5.75,26.4,21.0,3,6,,0,0,0,,,,,,0,,,,76.5,14.93,mean(4),83.75,3.2,mean(4),70.5,19.89,mean(4),90,3.56,mean(4),78.25,20.98,mean(4),71.25,5.38,mean(4)
1287,441,决议行为效力规则之构造,徐银波[1],法学研究,2015,民商法学,83.29,10.33,E1,False,,16.08,10.1,5.98,23.4,18.9,2,6,,0,0,0,,,,,,0,,,,71.75,18.86,mean(4),87.5,1.73,mean(4),78.5,12.23,mean(4),87.25,1.5,mean(4),75.75,17.48,mean(4),64.5,8.81,mean(4)
58,442,不阻止他人犯罪的刑事责任,黎宏[1],中国法学,2020,刑法学,83.28,6.45,E1,False,,13.22,4.83,8.38,20.5,12.4,5,6,,0,0,0,,,,,,0,,,,73,12.36,mean(4),87.25,4.57,mean(4),77.25,6.99,mean(4),86.5,3.0,mean(4),84.25,1.5,mean(4),65.25,0.5,mean(4)
1341,443,司法审查中的滥用职权标准——以最高人民法院公报案例为观察对象,周佑勇[1],法学研究,2020,民商法学,83.28,3.21,E1,False,,11.52,3.25,8.27,16.8,5.9,6,6,,0,0,0,,,,,,0,,,,76,4.0,mean(4),81,2.0,mean(4),80.25,5.85,mean(4),86,1.41,mean(4),81.75,2.87,mean(4),62.5,3.32,mean(4)
367,444,恶意串通法律规范的合理性,张平华,中国法学,2017,民商法学,83.24,6.9,E1,False,,11.87,5.43,6.43,19.0,14.2,5,6,,0,0,0,,,,,,0,,,,75.75,14.22,mean(4),79.5,4.2,mean(4),84.5,6.66,mean(4),84.5,1.73,mean(4),84.75,3.2,mean(4),79,2.58,mean(4)
1136,445,个人数据交易的双重法律构造,林洹民[1],法学研究,2022,民商法学,83.24,6.78,E1,False,,12.23,6.15,6.08,26.4,23.9,5,6,,0,0,0,,,,,,0,,,,83.75,2.5,mean(4),65.5,23.9,mean(4),82.5,5.57,mean(4),88,0.0,mean(4),92.5,3.32,mean(4),78,1.63,mean(4)
1587,446,法典化背景下环境法基本制度的法理反思与体系建构,吴凯杰[1],法学研究,2024,环境与资源保护法学,83.22,9.63,E1,False,,15.72,9.12,6.6,30.7,29.0,4,6,,0,0,0,,,,,,0,,,,81.25,4.35,mean(4),68.5,29.03,mean(4),85.75,7.23,mean(4),86.25,1.26,mean(4),79,10.8,mean(4),77.75,2.06,mean(4)
1811,447,释明变更诉讼请求的标准,,法学研究,2019,诉讼法学,83.22,6.29,E1,False,,9.25,5.83,3.42,16.6,13.5,5,6,,0,0,0,,,,,,0,,,,79,7.79,mean(4),79.5,7.14,mean(4),77.25,13.5,mean(4),85,0.0,mean(4),87.25,3.3,mean(4),78.25,3.3,mean(4)
19,448,“土地属于集体所有”的规范属性,刘连泰,中国法学,2016,环境与资源保护法学,83.21,9.35,E1,False,,19.43,8.48,10.95,33.9,22.0,4,6,,0,0,0,,,,,,0,,,,86.25,5.06,mean(4),62,22.05,mean(4),75,12.49,mean(4),84.75,4.99,mean(4),85.25,4.72,mean(4),80,1.63,mean(4)
1734,449,被遗忘权：传统元素、新语境与利益衡量,刘文杰[1],法学研究,2018,民商法学,83.21,5.56,E1,False,,16.8,5.97,10.83,24.5,10.3,5,6,,0,0,0,,,,,,0,,,,83.25,5.68,mean(4),82.5,5.0,mean(4),70,10.3,mean(4),81,2.16,mean(4),77.33,5.03,mean(3),65.5,7.59,mean(4)
230,450,刑事诉讼事实形成机理探究,杨波[1],中国法学,2022,刑法学,83.19,6.94,E1,False,,13.32,5.9,7.42,18.2,12.1,5,6,,0,0,0,,,,,,0,,,,76.25,12.07,mean(4),86,2.31,mean(4),81.25,6.99,mean(4),79.5,5.8,mean(4),81.75,4.72,mean(4),79.75,3.5,mean(4)
1169,451,主体制度民商合一的中国路径,汪青松,法学研究,2016,民商法学,83.18,3.16,E1,False,,13.08,3.25,9.83,21.1,5.7,6,6,,0,0,0,,,,,,0,,,,74.5,1.73,mean(4),82.5,3.0,mean(4),78,5.72,mean(4),88,4.32,mean(4),82.75,1.5,mean(4),79.75,3.3,mean(4)
1007,452,数据的法律属性及其民法定位,梅夏英,中国社会科学,2016,民商法学,83.16,5.57,E1,False,,14.1,6.3,7.8,23.6,13.6,5,6,,0,0,0,,,,,,0,,,,83.5,1.73,mean(4),77.25,4.57,mean(4),66.25,13.62,mean(4),88.5,7.0,mean(4),81.25,2.99,mean(4),73.25,7.89,mean(4)
1354,453,唐以前盗罪之变迁研究,朱腾[1],法学研究,2022,刑法学,83.16,6.59,E1,False,,18.02,6.25,11.77,32.3,11.1,5,6,,0,0,0,,,,,,0,,,,83.25,5.68,mean(4),68.25,7.14,mean(4),68.75,11.09,mean(4),87.5,6.61,mean(4),87,2.45,mean(4),80.25,4.57,mean(4)
329,454,央地关系中的法律保留,"俞祺[1,2]",中国法学,2023,宪法学与行政法学,83.15,9.69,E1,False,,12.18,7.25,4.93,23.7,22.4,5,6,,0,0,0,,,,,,0,,,,77.5,22.35,mean(4),78,6.73,mean(4),80.5,6.61,mean(4),86,1.41,mean(4),88.75,0.96,mean(4),78.75,5.38,mean(4)
1647,455,电子数据的技术性鉴真,谢登科[1],法学研究,2022,诉讼法学,83.15,5.37,E1,False,,13.17,4.93,8.23,22.8,6.9,6,6,,0,0,0,,,,,,0,,,,78.25,6.95,mean(4),79.25,3.4,mean(4),84,4.24,mean(4),81,6.16,mean(4),81.25,5.85,mean(4),76.5,3.0,mean(4)
1908,456,证券虚假陈述民事赔偿中重大性要件的适用,陈洁[1],中国法学,2025,诉讼法学,83.13,5.16,E1,False,,15.8,5.52,10.28,24.9,18.1,5,6,,0,0,0,,,,,,0,,,,83,2.45,mean(4),74.75,3.4,mean(4),70.75,18.1,mean(4),88.25,2.87,mean(4),84,2.83,mean(4),76.25,3.5,mean(4)
61,457,个人信息国家保护义务及展开,王锡锌,中国法学,2021,宪法学与行政法学,83.1,4.95,E1,False,,10.27,4.48,5.78,22.3,12.3,5,6,,0,0,0,,,,,,0,,,,75,7.26,mean(4),85.25,2.5,mean(4),72.25,12.28,mean(4),88.5,1.0,mean(4),89,0.82,mean(4),75.5,3.0,mean(4)
1877,458,论行政协议中的行政优益权,余凌云[1],中国法学,2025,宪法学与行政法学,83.1,8.27,E1,False,,11.98,7.73,4.25,23.3,18.5,4,6,,0,0,0,,,,,,0,,,,80,7.7,mean(4),80.25,12.23,mean(4),71.25,18.46,mean(4),86.75,2.06,mean(4),85,0.82,mean(4),69.25,5.06,mean(4)
241,459,制度角色与制度能力：论刑事证明标准的降格适用,陈虎,中国法学,2018,刑法学,83.09,7.56,E1,False,,11.6,6.35,5.25,18.0,14.1,4,6,,0,0,0,,,,,,0,,,,75,14.14,mean(4),86.5,1.73,mean(4),73.5,9.47,mean(4),86.25,5.56,mean(4),84.25,1.5,mean(4),69.75,5.68,mean(4)
399,460,我国行政法法典编纂的程序主义进路选择,王万华[1],中国法学,2021,宪法学与行政法学,83.07,4.76,E1,False,,11.53,5.02,6.52,18.9,8.8,5,6,,0,0,0,,,,,,0,,,,80.25,4.57,mean(4),71.75,6.95,mean(4),79.25,5.62,mean(4),88.75,2.99,mean(4),89,1.15,mean(4),72.5,8.81,mean(4)
530,461,法官如何说理：中国经验与普遍原理,凌斌[1],中国法学,2015,诉讼法学,83.06,6.44,E1,False,,13.83,5.92,7.92,24.3,16.1,5,6,1-empty-status,0,0,0,,,,,,0,,,,75,7.26,mean(4),83.5,4.12,mean(4),72,16.08,mean(4),90.25,3.5,mean(4),83.75,2.06,mean(4),78.25,2.36,mean(4)
808,462,论比例原则对立法权的约束及其界限,陈征[1],中国法学,2020,诉讼法学,83.06,11.46,E1,False,,10.85,7.6,3.25,28.0,28.2,4,6,,0,0,0,,,,,,0,,,,72.25,28.19,mean(4),80.5,9.33,mean(4),83.5,3.7,mean(4),88.75,2.22,mean(4),85.25,0.5,mean(4),76.5,1.73,mean(4)
1119,463,一人一票原则在我国的适用,屠振宇,法学研究,2015,宪法学与行政法学,83.06,4.89,E1,False,,12.78,5.33,7.45,19.9,9.4,5,6,,0,0,0,,,,,,0,,,,82,4.24,mean(4),78.75,2.99,mean(4),74,8.04,mean(4),83,6.0,mean(4),86,1.41,mean(4),71.25,9.43,mean(4)
991,464,基本法律概念的构建与诠释——以权利与权力的关系为重心,刘杨[1],中国社会科学,2018,法学理论,83.03,6.4,E1,False,,14.25,5.12,9.13,26.6,9.9,5,6,,0,0,0,,,,,,0,,,,76.25,9.95,mean(4),81.5,4.04,mean(4),78,7.87,mean(4),85.75,5.91,mean(4),84,1.83,mean(4),79,1.15,mean(4)
1320,465,动产抵押的登记对抗原理,庄加园[1],法学研究,2018,民商法学,83.03,10.59,E1,False,,13.75,8.77,4.98,25.6,22.2,4,6,,0,0,0,,,,,,0,,,,72.75,22.23,mean(4),83.5,3.0,mean(4),80.25,8.34,mean(4),87.33,5.03,mean(3),78,7.16,mean(4),71.75,6.95,mean(4)
1441,466,家庭关系民法适用和续造的顺序,刘征峰[1],法学研究,2024,民商法学,83.03,10.0,E1,False,,16.03,9.75,6.28,31.4,30.5,3,6,,0,0,0,,,,,,0,,,,83.25,3.95,mean(4),70.75,30.53,mean(4),75,13.64,mean(4),88.25,0.5,mean(4),86.25,1.26,mean(4),79.5,8.7,mean(4)
495,467,民事禁令程序构建原理,吴英姿[1],中国法学,2022,诉讼法学,83.01,8.76,E1,False,,11.85,6.58,5.27,23.1,21.8,5,6,,0,0,0,,,,,,0,,,,72.5,21.79,mean(4),85.25,2.06,mean(4),79.75,7.41,mean(4),86.25,1.26,mean(4),85.25,2.06,mean(4),74.25,4.79,mean(4)
1700,468,自然资源国家所有权的双重权能结构,叶韫平,法学研究,2016,环境与资源保护法学,83.01,6.32,E1,False,,14.25,5.5,8.75,24.7,11.5,5,6,,0,0,0,,,,,,0,,,,74,11.55,mean(4),84.25,2.87,mean(4),82.75,7.27,mean(4),82.75,3.4,mean(4),84,2.31,mean(4),72.5,5.57,mean(4)
412,469,投资者保护基金先行赔付制度的反思与重构,袁康[1],中国法学,2023,民商法学,83.0,6.8,E1,False,,14.9,5.65,9.25,33.2,11.1,4,6,,0,0,0,,,,,,0,,,,78.75,11.09,mean(4),74.5,1.73,mean(4),68.5,9.11,mean(4),87.5,6.61,mean(4),85,3.46,mean(4),80.5,1.91,mean(4)
1669,470,私法中善意认定的规则体系,石一峰[1],法学研究,2020,民商法学,83.0,9.24,E1,False,,8.48,6.13,2.35,24.6,23.6,5,6,,0,0,0,,,,,,0,,,,73.25,23.63,mean(4),81.25,2.99,mean(4),89.5,1.91,mean(4),86,5.42,mean(4),85,0.82,mean(4),50.25,2.06,mean(4)
618,471,符合强制性标准与侵权责任承担的关系,谭启平,中国法学,2017,民商法学,82.99,10.76,E1,False,,16.82,9.07,7.75,35.3,21.4,4,6,,0,0,0,,,,,,0,,,,71.5,21.42,mean(4),86.25,3.5,mean(4),73.25,14.41,mean(4),83,3.37,mean(4),84,4.24,mean(4),81.25,7.5,mean(4)
865,472,财产事实支配的宪法定位及其在数据财产领域的运用,杜牧真[1],中国法学,2024,宪法学与行政法学,82.99,8.09,E1,False,,13.65,8.87,4.78,19.8,14.2,2,6,,0,0,0,,,,,,0,,,,77.75,9.5,mean(4),79.75,5.68,mean(4),75.75,14.22,mean(4),86.75,1.5,mean(4),81.5,11.09,mean(4),69.25,11.18,mean(4)
177,473,先公司合同问题研究,方斯远,中国法学,2015,民商法学,82.97,9.5,E1,False,,14.98,8.98,6.0,25.5,17.9,3,6,,0,0,0,,,,,,0,,,,73.5,17.92,mean(4),88.25,2.87,mean(4),77.5,10.85,mean(4),83.25,4.27,mean(4),80.75,3.4,mean(4),66.75,14.57,mean(4)
692,474,行政诉讼原告资格中“利害关系”的判断结构,章剑生[1],中国法学,2019,宪法学与行政法学,82.96,8.19,E1,False,,12.45,5.63,6.82,22.7,20.0,5,6,,0,0,0,,,,,,0,,,,71.75,20.04,mean(4),86.5,3.42,mean(4),78.25,2.87,mean(4),87,3.92,mean(4),87.75,2.06,mean(4),77.25,1.5,mean(4)
416,475,指导性案例法源地位再反思,雷磊[1],中国法学,2015,法学理论,82.94,8.79,E1,False,,14.97,6.62,8.35,30.6,20.0,5,6,,0,0,0,,,,,,0,,,,75,20.0,mean(4),77.5,7.59,mean(4),81,4.69,mean(4),89,0.82,mean(4),87.25,1.5,mean(4),79.25,5.06,mean(4)
1804,476,追求裁判的社会效果：1983,2012,法学研究,2017,法学理论,82.94,7.69,E1,False,,16.08,8.08,8.0,34.7,26.0,4,6,,0,0,0,,,,,,0,,,,84.25,4.35,mean(4),83.5,1.73,mean(4),52.5,26.03,mean(4),90.5,5.8,mean(4),77.5,8.81,mean(4),79.5,1.91,mean(4)
374,477,我国养老基金投资的审慎投资人规则,张春丽,中国法学,2016,经济法学,82.93,7.09,E1,False,,15.62,6.3,9.32,21.6,16.7,5,6,,0,0,0,,,,,,0,,,,80.25,6.02,mean(4),63.75,16.7,mean(4),81.75,2.87,mean(4),85.75,5.19,mean(4),79,2.58,mean(4),80,4.4,mean(4)
943,478,人工智能法律治理的路径拓展,张凌寒[1],中国社会科学,2025,法学理论,82.93,5.95,E1,False,,13.22,6.08,7.13,21.4,12.5,4,6,,0,0,0,,,,,,0,,,,77.5,5.57,mean(4),83.75,5.06,mean(4),72.25,12.5,mean(4),85.5,2.08,mean(4),80.25,8.34,mean(4),78.5,2.89,mean(4)
1410,479,大数据有限排他权的基础理论,崔国斌[1],法学研究,2019,知识产权法学,82.9,8.21,E1,False,,11.07,6.08,4.98,20.8,18.8,5,6,,0,0,0,,,,,,0,,,,73,18.78,mean(4),80.75,5.06,mean(4),80.75,7.18,mean(4),88.75,0.96,mean(4),85.75,1.5,mean(4),78.25,2.87,mean(4)
132,480,人口老龄化背景下监护人承担侵权责任的体系解释,李国强[1],中国法学,2024,民商法学,82.88,4.1,E1,False,,14.0,3.98,10.02,25.5,5.9,6,6,,0,0,0,,,,,,0,,,,78.25,4.72,mean(4),85,4.08,mean(4),77.5,4.43,mean(4),83.25,4.27,mean(4),85.25,0.5,mean(4),55.75,5.91,mean(4)
561,481,清代的轻罪治理及其当代启示,谢晶[1],中国法学,2024,刑法学,82.88,6.38,E1+E2,True,,15.37,6.72,8.65,26.3,12.3,4,6,,0,0,0,,,,,,0,,,,79.0,7.11,median(8) [E1+E2],83.5,4.94,median(8) [E1+E2],68.0,10.66,median(8) [E1+E2],86.5,3.93,median(8) [E1+E2],85.0,7.3,median(8) [E1+E2],76.5,2.83,median(8) [E1+E2]
1632,482,物业服务合同法律构造之中国模式,徐涤宇,法学研究,2021,民商法学,82.88,8.86,E1,False,,16.3,6.38,9.92,26.1,19.8,5,6,,0,0,0,,,,,,0,,,,74,19.78,mean(4),84.75,3.77,mean(4),73,6.27,mean(4),89,4.76,mean(4),83.75,2.06,mean(4),75.75,1.5,mean(4)
1332,483,反不正当竞争法架构下的区别性原则,吴峻[1],法学研究,2022,经济法学,82.87,5.31,E1,False,,12.45,4.88,7.57,21.5,6.8,6,6,,0,0,0,,,,,,0,,,,80.75,6.75,mean(4),73.25,5.68,mean(4),80.75,3.4,mean(4),84.5,4.93,mean(4),84.25,4.35,mean(4),79,4.24,mean(4)
1503,484,故意杀人罪死刑裁量机制的实证研究,王越,法学研究,2017,刑法学,82.85,4.04,E1,False,,13.15,3.83,9.32,24.5,6.8,6,6,,0,0,0,,,,,,0,,,,74.25,5.32,mean(4),72,0.0,mean(1),82.67,6.81,mean(3),85.5,5.0,mean(4),87.75,2.63,mean(4),84.5,3.32,mean(4)
1204,485,以罪名为讨论平台的反思与纠正,丁胜明[1],法学研究,2020,刑法学,82.84,4.45,E1,False,,11.12,4.5,6.62,18.2,8.4,5,6,,0,0,0,,,,,,0,,,,75,7.26,mean(4),73.75,3.1,mean(4),85.75,5.19,mean(4),88.75,1.5,mean(4),85.75,1.5,mean(4),75.25,8.42,mean(4)
1687,486,网络平台的公共性及其实现——以电商平台的法律规制为视角,刘权[1],法学研究,2020,经济法学,82.84,2.07,E1,False,,11.23,2.2,9.03,19.6,5.1,6,6,,0,0,0,,,,,,0,,,,74.5,1.73,mean(4),84.5,1.73,mean(4),77.75,5.06,mean(4),84.75,0.5,mean(4),82.75,2.87,mean(4),71.75,1.26,mean(4)
700,487,规范多元的法治协同:基于构成性视角的观察,彭小龙[1],中国法学,2021,宪法学与行政法学,82.82,7.51,E1,False,,12.7,7.5,5.2,20.8,13.1,4,6,,0,0,0,,,,,,0,,,,73,13.14,mean(4),84.25,4.5,mean(4),80,5.42,mean(4),85.5,2.65,mean(4),80.75,7.18,mean(4),73.25,12.2,mean(4)
327,488,夫妻团体债务的认定及清偿,冉克平,中国法学,2017,民商法学,82.81,6.69,E1,False,,12.68,6.33,6.35,22.8,10.3,4,6,,0,0,0,,,,,,0,,,,73,10.3,mean(4),84.5,3.32,mean(4),79.25,6.75,mean(4),85.75,5.91,mean(4),83,3.16,mean(4),75,8.52,mean(4)
774,489,论宣告死亡及其撤销在婚姻上的效力,翟远见[1],中国法学,2021,民商法学,82.81,5.18,E1,False,,12.4,4.98,7.42,20.9,7.1,6,6,,0,0,0,,,,,,0,,,,80,7.07,mean(4),81.75,2.87,mean(4),72.25,6.75,mean(4),83.25,4.27,mean(4),83.25,3.5,mean(4),74.75,5.25,mean(4)
1910,490,数据财产权排他性研究,曹权之[1],中国法学,2025,民商法学,82.81,10.41,E1,False,,10.93,6.75,4.18,26.4,28.3,5,6,,0,0,0,,,,,,0,,,,68.67,28.29,mean(3),84.25,4.35,mean(4),81.25,2.99,mean(4),91,2.0,mean(4),89,1.15,mean(4),76.5,1.73,mean(4)
212,491,农民集体成员权、农民集体决议与乡村治理体系的健全,王雷[1],中国法学,2019,民商法学,82.79,6.01,E1,False,,16.95,6.35,10.6,24.7,9.2,4,6,,0,0,0,,,,,,0,,,,78.75,4.72,mean(4),78.75,6.4,mean(4),79,9.2,mean(4),83,5.77,mean(4),86.5,3.7,mean(4),64.25,8.3,mean(4)
1434,492,宪法上的尊严理论及其体系化,王旭,法学研究,2016,宪法学与行政法学,82.74,6.26,E1,False,,16.03,5.83,10.2,31.1,9.6,5,6,,0,0,0,,,,,,0,,,,73.5,7.05,mean(4),86.75,5.85,mean(4),74.5,9.57,mean(4),86,4.69,mean(4),84,4.24,mean(4),72.75,3.59,mean(4)
1735,493,裁判文书援引学说的基本原理与规则建构,金枫梁[1],法学研究,2020,诉讼法学,82.72,9.45,E1,False,,12.22,9.02,3.2,22.2,20.3,3,6,,0,0,0,,,,,,0,,,,72.25,20.27,mean(4),84.67,0.58,mean(3),76,10.15,mean(3),88.75,2.99,mean(4),87.67,2.52,mean(3),67.25,17.56,mean(4)
1464,494,惩罚性赔偿的行政法反思,赵鹏[1],法学研究,2019,宪法学与行政法学,82.69,10.95,E1,False,,12.9,7.5,5.4,28.5,27.8,5,6,,0,0,0,,,,,,0,,,,74.75,27.85,mean(4),87.33,4.62,mean(3),67.33,4.04,mean(3),88.75,3.77,mean(4),87.25,1.5,mean(4),75.75,3.3,mean(4)
1684,495,缔约过失与欺诈的制度竞合——以欺诈的“故意”要件为中心,刘勇[1],法学研究,2015,民商法学,82.69,7.67,E1,False,,19.37,7.93,11.43,31.6,22.6,4,6,,0,0,0,,,,,,0,,,,77.75,5.06,mean(4),81.5,8.58,mean(4),63.75,22.63,mean(4),84.25,1.5,mean(4),82.25,5.06,mean(4),81.75,4.72,mean(4)
639,496,绿色原则与法经济学,贺剑[1],中国法学,2019,环境与资源保护法学,82.66,13.32,E1,False,,14.53,11.48,3.05,30.0,27.2,3,6,,0,0,0,,,,,,0,,,,76.25,14.36,mean(4),72.25,21.79,mean(4),70.25,27.16,mean(4),90.75,1.5,mean(4),87.25,1.5,mean(4),83.75,2.5,mean(4)
47,497,《民法典》背景下劳动法与民法的关系,王全兴[1],中国法学,2023,民商法学,82.65,4.43,E1,False,,14.08,4.3,9.78,23.6,6.2,6,6,,0,0,0,,,,,,0,,,,75.5,2.65,mean(4),72,5.72,mean(4),81,6.16,mean(4),84,5.57,mean(3),87.5,3.32,mean(4),83,2.45,mean(4)
850,498,论规划许可变更前和谐相邻关系的行政法保护:以采光权的保护为例,肖泽晟[1],中国法学,2021,宪法学与行政法学,82.65,4.54,E1,False,,17.02,4.57,12.45,30.4,6.2,6,6,,0,0,0,,,,,,0,,,,81.5,4.04,mean(4),68.75,5.38,mean(4),81,6.16,mean(4),86.75,3.5,mean(4),86,4.24,mean(4),75,4.08,mean(4)
1389,499,基于价格影响的期货市场操纵规制理论:反思与重构,钟维[1],法学研究,2022,经济法学,82.65,7.15,E1,False,,11.77,6.65,5.12,24.5,17.2,4,6,,0,0,0,,,,,,0,,,,75.75,17.19,mean(4),76,2.45,mean(4),86.5,1.73,mean(4),84,1.41,mean(4),81,2.0,mean(4),62.5,15.2,mean(4)
56,500,不正当竞争行为认定中的实用主义批判,焦海涛,中国法学,2017,经济法学,82.63,8.69,E1,False,,15.42,6.78,8.63,22.2,18.3,5,6,1-empty-status,0,0,0,,,,,,0,,,,71.75,18.32,mean(4),85,7.39,mean(4),78.75,5.38,mean(4),86.75,2.36,mean(4),84.25,1.5,mean(4),76.75,5.68,mean(4)
57,501,不确定鉴定意见的证据属性及功能,郭华[1],中国法学,2023,诉讼法学,82.63,5.12,E1,False,,12.43,5.77,6.67,23.2,13.9,5,6,,0,0,0,,,,,,0,,,,85,2.45,mean(4),74,4.24,mean(4),65.25,13.89,mean(4),88,4.32,mean(4),86.5,1.91,mean(4),75.75,7.93,mean(4)
376,502,我国刑事缺席审判程序中的异议权,邵劭[1],中国法学,2021,诉讼法学,82.62,6.16,E1,False,,11.33,5.38,5.95,15.6,9.1,5,6,,0,0,0,,,,,,0,,,,77.75,9.11,mean(4),77.75,5.44,mean(4),80,6.73,mean(4),84,4.24,mean(4),85.5,2.65,mean(4),71.25,4.35,mean(4)
1732,503,被追诉人的权利处分:基础规范与制度构建,郭松[1],法学研究,2019,法学理论,82.61,2.23,E1,False,,9.6,2.38,7.22,18.4,5.3,6,6,,0,0,0,,,,,,0,,,,73.5,1.73,mean(4),83,1.73,mean(3),75.25,5.25,mean(4),88.67,1.15,mean(3),85,2.45,mean(4),70,2.0,mean(3)
1812,504,重复诉讼禁止及其在知识产权民事纠纷中的应用——基本概念解析、重塑与案例群形成,卜元石,法学研究,2017,知识产权法学,82.6,7.32,E1,False,,17.32,6.05,11.27,31.7,16.0,5,6,,0,0,0,,,,,,0,,,,68.75,16.01,mean(4),85.5,3.0,mean(4),74.25,5.91,mean(4),85.5,1.73,mean(4),80.75,3.95,mean(4),80,5.77,mean(4)
514,505,民法典背景下合伙企业财产制度构造,赵玉[1],中国法学,2020,民商法学,82.59,7.91,E1,False,,13.53,5.43,8.1,23.2,21.1,5,6,1-empty-status,0,0,0,,,,,,0,,,,72.5,21.08,mean(4),84.25,1.5,mean(4),77,3.46,mean(4),87.5,1.73,mean(4),86.75,3.59,mean(4),79,1.15,mean(4)
1122,506,上市公司实际控制人法律责任的反思与构建,郑彧,法学研究,2021,民商法学,82.59,3.15,E1,False,,12.4,3.58,8.82,18.5,6.7,6,6,,0,0,0,,,,,,0,,,,76.25,2.5,mean(4),84.5,0.58,mean(4),75.5,6.66,mean(4),82.75,3.59,mean(4),82,3.27,mean(4),78.75,4.79,mean(4)
1225,507,保险人明确说明义务批判,马宁[1],法学研究,2015,民商法学,82.59,6.88,E1,False,,13.25,5.85,7.4,22.9,10.8,4,6,,0,0,0,,,,,,0,,,,70.25,10.72,mean(4),85,2.45,mean(4),70.5,10.85,mean(4),86.5,5.97,mean(4),84.5,1.73,mean(4),83.25,3.5,mean(4)
1762,508,论罪量的归属,郑超[1],法学研究,2024,刑法学,82.57,6.99,E1,False,,12.03,5.73,6.3,21.3,12.8,5,6,,0,0,0,,,,,,0,,,,73.5,12.77,mean(4),79,3.83,mean(4),77.25,6.99,mean(4),82.5,4.12,mean(4),90.5,3.7,mean(4),81.25,2.99,mean(4)
1272,509,公章抗辩的类型与处理,陈甦[1],法学研究,2020,民商法学,82.53,4.31,E1,False,,15.77,3.8,11.97,29.7,9.9,5,6,,0,0,0,,,,,,0,,,,81.5,4.43,mean(4),67.5,9.88,mean(4),88,2.16,mean(4),86.5,1.73,mean(4),87.75,2.06,mean(4),53.75,2.5,mean(4)
53,510,上市公司虚假陈述行政处罚内部责任人认定逻辑之改进,邢会强[1],中国法学,2022,宪法学与行政法学,82.51,4.39,E1,False,,11.68,3.95,7.73,19.4,9.4,5,6,,0,0,0,,,,,,0,,,,77.25,4.57,mean(4),68.75,9.43,mean(4),89.75,3.3,mean(4),86,1.41,mean(4),82.25,2.06,mean(4),78.25,2.87,mean(4)
292,511,国有土地出让缔约关系的界定路径,伏创宇[1],中国法学,2023,民商法学,82.51,4.87,E1,False,,10.17,5.37,4.8,16.8,12.0,4,6,,0,0,0,,,,,,0,,,,81,2.0,mean(4),72.75,11.98,mean(4),78.25,5.68,mean(4),85,2.45,mean(4),88.25,0.5,mean(4),69.25,9.6,mean(4)
853,512,论量刑基准的回归,石经海[1],中国法学,2021,刑法学,82.51,4.13,E1,False,,15.1,5.13,9.97,28.1,10.8,4,6,,0,0,0,,,,,,0,,,,74.5,3.0,mean(4),89.75,3.3,mean(4),74.25,8.3,mean(4),85,2.45,mean(4),81.25,2.99,mean(4),55,10.8,mean(4)
481,513,正当程序原则司法适用的正当性:回归规范立场,蒋红珍[1],中国法学,2019,诉讼法学,82.5,4.85,E1,False,,10.48,3.55,6.93,19.1,10.8,5,6,,0,0,0,,,,,,0,,,,75,10.8,mean(4),82,0.0,mean(4),79.5,7.05,mean(4),83.75,2.06,mean(4),86,1.41,mean(4),78,0.0,mean(3)
1052,514,营利概念与中国法人法的体系效应,宋亚辉[1],中国社会科学,2020,民商法学,82.5,13.85,E1,False,,15.22,11.0,4.22,35.4,30.2,4,6,,0,0,0,,,,,,0,,,,74,26.04,mean(4),89,1.15,mean(4),62.5,30.18,mean(4),82.5,5.0,mean(4),85.5,2.08,mean(4),83.75,1.5,mean(4)
1733,515,被追诉人认罪认罚的撤回,汪海燕[1],法学研究,2020,刑法学,82.5,6.88,E1,False,,15.53,7.13,8.4,28.3,18.1,5,6,,0,0,0,,,,,,0,,,,80.75,5.06,mean(4),83.75,6.13,mean(4),60,18.06,mean(4),88,4.32,mean(4),88,2.16,mean(4),73.5,7.05,mean(4)
599,516,社会本位的中国基本权利功能体系构建,"李忠夏[1,2]",中国法学,2024,宪法学与行政法学,82.49,7.32,E1,False,,14.37,6.5,7.87,26.4,11.0,4,6,,0,0,0,,,,,,0,,,,67.25,11.0,mean(4),83.5,5.2,mean(4),82.25,10.21,mean(4),83.25,3.5,mean(4),83.5,5.8,mean(4),80.25,3.3,mean(4)
999,517,我国劳动关系法律调整模式的转变,谢增毅,中国社会科学,2017,民商法学,82.49,6.76,E1,False,,12.78,6.13,6.65,20.9,11.2,4,6,,0,0,0,,,,,,0,,,,78.25,5.68,mean(4),73.75,11.21,mean(4),73.25,10.37,mean(4),83.25,4.27,mean(4),84.25,2.87,mean(4),80,2.31,mean(4)
1866,518,要素市场中企业数据的法益识别与刑法保护,欧阳本祺[1],法学研究,2025,刑法学,82.47,8.71,E1,False,,13.87,6.87,7.0,22.8,18.9,5,6,,0,0,0,,,,,,0,,,,67.5,18.93,mean(4),86.5,3.42,mean(4),86,4.9,mean(4),85.5,5.0,mean(4),84.5,3.32,mean(4),75,5.72,mean(4)
1902,519,生态环境损害预防性侵权责任的规范构造,徐以祥[1],中国法学,2025,民商法学,82.47,6.53,E1,False,,13.43,6.03,7.4,18.7,14.4,5,6,,0,0,0,,,,,,0,,,,75,7.26,mean(4),84,6.16,mean(4),75,14.35,mean(4),85,2.45,mean(4),83.25,3.5,mean(4),75,2.45,mean(4)
144,520,从相邻权到空间利益公平分配权：规划许可诉讼中“合法权益”的内涵扩张,成协中[1],中国法学,2022,民商法学,82.46,8.11,E1,False,,11.83,5.72,6.12,23.6,21.2,5,6,,0,0,0,,,,,,0,,,,73.75,21.23,mean(4),85.25,2.06,mean(4),73.75,3.5,mean(4),86.5,1.73,mean(4),83,3.37,mean(4),75,2.45,mean(4)
1749,521,"论""数字人权""不构成第四代人权",刘志强,法学研究,2021,宪法学与行政法学,82.46,12.56,E1,False,,16.37,11.87,4.5,26.9,25.5,3,6,,0,0,0,,,,,,0,,,,73.25,25.54,mean(4),86,7.12,mean(4),78.75,9.0,mean(4),87,2.45,mean(4),86.25,5.56,mean(4),55,21.6,mean(4)
735,522,论人格权请求权与侵权损害赔偿请求权的分离,"王利明[1,2]",中国法学,2019,民商法学,82.43,6.21,E1,False,,14.98,7.13,7.85,25.0,10.4,3,6,,0,0,0,,,,,,0,,,,78.5,6.35,mean(4),76.5,3.42,mean(4),71.75,10.08,mean(4),89.5,3.0,mean(4),83.5,10.38,mean(4),68.75,9.46,mean(4)
1746,523,认罪认罚案件的证明标准,孙长永,法学研究,2018,刑法学,82.43,6.73,E1,False,,14.62,6.75,7.87,20.4,11.5,4,6,,0,0,0,,,,,,0,,,,83.25,3.5,mean(4),74.25,11.5,mean(4),70.25,11.21,mean(4),85.75,5.91,mean(4),87.75,2.06,mean(4),76.25,6.29,mean(4)
1014,524,比例原则适用的范式转型,蒋红珍,中国社会科学,2021,法学理论,82.41,6.82,E1,False,,10.72,5.43,5.28,19.1,12.8,4,6,,0,0,0,,,,,,0,,,,69.5,12.79,mean(4),90.25,3.5,mean(4),68,11.52,mean(4),83.5,1.73,mean(4),81.5,1.0,mean(4),82.5,2.08,mean(4)
661,525,股权转让行为的属性及其规范,钱玉林,中国法学,2021,民商法学,82.4,9.18,E1,False,,15.77,8.75,7.02,31.0,25.3,4,6,,0,0,0,,,,,,0,,,,80,5.77,mean(4),80,13.54,mean(4),64.25,25.28,mean(4),89.25,2.99,mean(4),89,2.0,mean(4),79,2.94,mean(4)
1368,526,国家所有权遁入私法：路径与实质,张力,法学研究,2016,民商法学,82.37,9.0,E1,False,,12.68,6.92,5.77,24.6,17.2,4,6,,0,0,0,,,,,,0,,,,67.5,17.23,mean(4),88.75,2.99,mean(4),70.75,11.79,mean(4),85.75,5.91,mean(4),85.5,2.08,mean(4),83.75,1.5,mean(4)
826,527,论犯罪参与的共同性:以单一正犯体系为中心,刘明祥[1],中国法学,2021,刑法学,82.35,7.04,E1,False,,12.5,7.1,5.4,29.7,21.9,5,6,,0,0,0,,,,,,0,,,,82.5,5.57,mean(4),84.75,2.5,mean(4),64,21.86,mean(4),85,5.72,mean(4),83.75,2.06,mean(4),51.25,4.79,mean(4)
607,528,科研人员的刑法定位：从宪法教义学视域的思考,姜涛,中国法学,2017,宪法学与行政法学,82.34,7.59,E1,False,,19.73,6.82,12.92,37.2,15.5,4,6,,0,0,0,,,,,,0,,,,79.5,8.43,mean(4),76.25,15.48,mean(4),71.25,6.4,mean(4),88.25,2.36,mean(4),86.25,2.5,mean(4),62,5.72,mean(4)
12,529,“但书”出罪运行机制实证研究,夏伟[1],中国法学,2023,刑法学,82.32,10.73,E1,False,,15.4,11.42,3.98,23.1,19.8,2,6,,0,0,0,,,,,,0,,,,75.75,14.91,mean(4),85.5,2.08,mean(4),74,19.78,mean(4),82.5,3.32,mean(4),75.5,15.84,mean(4),73.75,12.61,mean(4)
126,530,二审上诉问题重述:以认罪认罚案件为例,郭烁[1],中国法学,2020,诉讼法学,82.31,6.75,E1,False,,12.95,6.03,6.92,19.1,8.9,4,6,,0,0,0,,,,,,0,,,,79.5,8.43,mean(4),82,6.78,mean(4),56.75,8.88,mean(4),84.75,4.72,mean(4),80,4.4,mean(4),81.25,2.99,mean(4)
134,531,人格权侵害民事责任认定条款适用论,朱晓峰[1],中国法学,2021,民商法学,82.31,4.07,E1,False,,13.8,4.35,9.45,23.6,8.7,5,6,,0,0,0,,,,,,0,,,,75.5,4.93,mean(4),85.5,2.65,mean(4),78.75,3.77,mean(4),83.5,4.43,mean(4),86.5,1.73,mean(4),57.5,8.66,mean(4)
1859,532,公司法上个人责任归属的组织法逻辑,冯成丰[1],法学研究,2025,民商法学,82.31,13.08,E1,False,,14.42,9.97,4.45,26.2,24.0,4,6,,0,0,0,,,,,,0,,,,74,24.04,mean(4),77.75,18.55,mean(4),81.75,6.55,mean(4),87,3.37,mean(4),88.5,2.89,mean(4),76.75,4.27,mean(4)
1442,533,家庭双轴结构中的财产分配体系,冉克平[1],法学研究,2025,民商法学,82.29,6.2,E1,False,,11.25,5.32,5.93,19.6,11.1,4,6,,0,0,0,,,,,,0,,,,73.75,8.42,mean(4),81.25,2.99,mean(4),79.5,11.12,mean(4),85.5,5.97,mean(4),87.5,1.0,mean(4),68.25,2.36,mean(4)
312,534,域外取得的刑事证据之可采性,冯俊伟,中国法学,2015,诉讼法学,82.28,6.55,E1,False,,14.57,7.25,7.32,21.7,14.1,4,6,,0,0,0,,,,,,0,,,,74.5,6.35,mean(4),86,5.89,mean(4),72.25,14.1,mean(4),85,2.45,mean(4),87,2.45,mean(4),66.25,12.34,mean(4)
1403,535,基本权利私人效力的民法审视,杜强强[1],法学研究,2025,宪法学与行政法学,82.28,7.12,E1,False,,14.23,6.7,7.53,21.8,16.6,5,6,,0,0,0,,,,,,0,,,,83.25,5.68,mean(4),69.5,16.62,mean(4),72.75,6.99,mean(4),88,2.16,mean(4),86.75,3.59,mean(4),72.25,5.06,mean(4)
213,536,减税、减负与预算法变革,陈治[1],中国法学,2019,经济法学,82.26,6.29,E1,False,,17.9,5.38,12.52,28.5,10.4,5,6,,0,0,0,,,,,,0,,,,82.5,5.57,mean(4),65.5,10.38,mean(4),69.5,7.14,mean(4),87,6.22,mean(4),83.25,1.5,mean(4),84.25,1.5,mean(4)
1015,537,民事法律的正当溯及既往问题,房绍坤;张洪波,中国社会科学,2015,民商法学,82.24,5.77,E1,False,,15.33,5.97,9.37,21.7,9.3,4,6,,0,0,0,,,,,,0,,,,78.5,4.51,mean(4),68,8.49,mean(4),81,9.31,mean(4),90.25,3.5,mean(4),85.25,2.5,mean(4),61.25,7.5,mean(4)
1313,538,刑法教义学研究的中国主体性,丁胜明[1],法学研究,2015,刑法学,82.24,5.35,E1,False,,14.15,6.3,7.85,28.4,11.9,4,6,,0,0,0,,,,,,0,,,,78.5,6.66,mean(4),88.5,1.0,mean(4),60,8.12,mean(4),85.5,3.32,mean(4),83,6.78,mean(4),67.5,11.9,mean(4)
1058,539,行政法视域下权力清单制度的重构,朱新力;余军,中国社会科学,2018,宪法学与行政法学,82.22,8.56,E1,False,,13.32,6.77,6.55,26.7,19.2,5,6,,0,0,0,,,,,,0,,,,62.75,19.16,mean(4),84,6.16,mean(4),85.75,1.5,mean(4),85.75,2.87,mean(4),85.25,4.72,mean(4),80.5,6.14,mean(4)
1275,540,关联性要素与地理标志法的构造,王笑冰[1],法学研究,2015,知识产权法学,82.22,8.29,E1,False,,12.05,6.58,5.47,22.7,20.3,5,6,,0,0,0,,,,,,0,,,,72.25,20.27,mean(4),79.5,1.91,mean(4),85.75,5.91,mean(4),84.5,1.73,mean(4),82.75,2.22,mean(4),71.25,7.5,mean(4)
1421,541,宅基地使用权的制度困局与破解之维,陈小君[1],法学研究,2019,环境与资源保护法学,82.21,6.68,E1,False,,13.92,5.77,8.15,27.4,12.3,5,6,,0,0,0,,,,,,0,,,,75.5,12.26,mean(4),81.5,2.52,mean(4),73.5,7.05,mean(4),86.75,4.27,mean(4),87,3.37,mean(4),79.5,5.07,mean(4)
1328,542,单位犯罪废止论,李立丰[1],法学研究,2025,刑法学,82.19,7.34,E1,False,,12.62,6.77,5.85,21.9,20.5,5,6,,0,0,0,,,,,,0,,,,85.75,1.71,mean(4),75.75,20.55,mean(4),62.25,7.14,mean(4),85.5,6.61,mean(4),84.5,1.73,mean(4),78.75,2.99,mean(4)
1092,543,证券中介机构法律责任配置,邢会强[1],中国社会科学,2022,民商法学,82.18,6.48,E1,False,,14.85,6.33,8.52,29.2,13.8,5,6,,0,0,0,,,,,,0,,,,77.75,7.59,mean(4),81.5,4.04,mean(4),69.5,13.77,mean(4),86.25,3.5,mean(4),87,3.46,mean(4),79.75,5.56,mean(4)
1099,544,重构罪刑法定原则,高巍[1],中国社会科学,2020,刑法学,82.18,5.87,E1,False,,14.28,6.2,8.08,29.8,20.6,5,6,,0,0,0,,,,,,0,,,,77.25,4.57,mean(4),84,2.83,mean(4),65.5,20.6,mean(4),87.5,2.08,mean(4),86.75,1.5,mean(4),67.5,5.57,mean(4)
164,545,保护规范理论的误解澄清与本土适用,赵宏[1],中国法学,2020,宪法学与行政法学,82.16,10.75,E1,False,,17.5,10.38,7.12,25.9,19.8,3,6,1-empty-status,0,0,0,,,,,,0,,,,71,19.78,mean(4),89,2.71,mean(4),68.25,15.56,mean(4),89.75,3.3,mean(4),80.5,4.8,mean(4),69,16.06,mean(4)
1391,546,基于合意解除合同的规范构造,姚明斌,法学研究,2021,民商法学,82.16,13.15,E1,False,,14.52,11.1,3.42,25.9,24.1,4,6,,0,0,0,,,,,,0,,,,70.75,24.06,mean(4),85.75,7.23,mean(4),76.75,19.62,mean(4),87,2.45,mean(4),83.25,7.63,mean(4),68,5.72,mean(4)
1091,547,论预测性司法,王禄生[1],中国社会科学,2024,诉讼法学,82.13,5.48,E1,False,,13.42,5.6,7.82,21.4,8.4,5,6,,0,0,0,,,,,,0,,,,73,6.27,mean(4),76.5,4.43,mean(4),83.75,8.42,mean(4),87.5,3.79,mean(4),82.25,3.1,mean(4),74.75,7.59,mean(4)
1667,548,禁止财务资助规则的公司法建构,皮正德[1],法学研究,2023,民商法学,82.13,5.8,E1,False,,13.67,5.05,8.62,20.0,8.0,6,6,,0,0,0,,,,,,0,,,,78,8.0,mean(3),78,6.0,mean(3),76.75,7.63,mean(4),83.75,3.95,mean(4),85.25,0.5,mean(4),76.75,4.27,mean(4)
1419,549,存疑有利于被告原则的刑法适用规则,周光权[1],法学研究,2024,刑法学,82.12,5.2,E1,False,,17.15,5.45,11.7,30.5,8.2,5,6,,0,0,0,,,,,,0,,,,75,4.24,mean(2),82,6.68,mean(4),78,8.16,mean(4),83.25,3.5,mean(4),82.5,3.32,mean(4),68,6.78,mean(4)
1475,550,我国民法典法人基本类型模式选择,罗昆,法学研究,2016,民商法学,82.09,8.19,E1,False,,17.07,6.03,11.03,26.1,17.8,5,6,,0,0,0,,,,,,0,,,,68.75,17.76,mean(4),85.5,4.12,mean(4),80,6.73,mean(4),87.5,3.32,mean(4),82.25,3.1,mean(4),79,1.15,mean(4)
1207,551,价格行为规制的法理逻辑——基于整体价格法秩序的视角,刘凯[1],法学研究,2023,经济法学,82.07,6.45,E1,False,,15.45,5.72,9.73,38.5,12.8,4,6,,0,0,0,,,,,,0,,,,80.75,5.06,mean(4),63.5,12.77,mean(4),82.25,9.6,mean(4),89.75,3.3,mean(4),81,2.0,mean(4),76.75,1.5,mean(4)
483,552,正当防卫限度判断的适用难题与改进方案,"姜涛[1,2]",中国法学,2019,刑法学,82.06,8.76,E1,False,,12.38,7.03,5.35,22.7,18.6,4,6,,0,0,0,,,,,,0,,,,70.25,18.64,mean(4),85,0.0,mean(3),74.5,13.99,mean(4),81.25,2.99,mean(4),85.75,2.87,mean(4),80.25,3.69,mean(4)
1705,553,著作权法与专利法中“惩罚性赔偿”之非惩罚性,蒋舸,法学研究,2015,知识产权法学,82.06,10.58,E1,False,,16.0,7.85,8.15,25.3,21.3,3,6,,0,0,0,,,,,,0,,,,71.75,21.27,mean(4),78.75,9.46,mean(4),80.5,9.0,mean(4),89.25,3.4,mean(4),86.75,1.5,mean(4),73,2.45,mean(4)
1291,554,刑事印证证明新探,龙宗智,法学研究,2017,刑法学,82.04,4.51,E1,False,,14.57,5.53,9.03,21.3,16.5,5,6,,0,0,0,,,,,,0,,,,73.5,7.05,mean(4),84.25,1.5,mean(4),73.25,4.27,mean(4),86.5,2.38,mean(4),85.75,1.5,mean(4),69.75,16.5,mean(4)
543,555,法律规范事中合宪性审查的制度建构,朱学磊[1],中国法学,2022,宪法学与行政法学,82.03,3.84,E1,False,,11.3,3.08,8.22,19.6,7.1,6,6,,0,0,0,,,,,,0,,,,77.5,7.14,mean(4),76.25,3.5,mean(4),75.5,3.0,mean(4),86.75,1.26,mean(4),88.25,2.36,mean(4),79,1.15,mean(4)
229,556,刑事诉讼主体理论的扬弃与超越,谢澍[1],中国法学,2023,刑法学,82.01,4.46,E1,False,,12.47,4.35,8.12,18.8,6.5,6,6,,0,0,0,,,,,,0,,,,72.5,6.45,mean(4),83,1.41,mean(4),76.75,5.68,mean(4),86.5,3.42,mean(4),84.5,4.93,mean(4),71,4.24,mean(4)
734,557,论人机协同审判的信任构建,衣俊霖[1],中国法学,2025,诉讼法学,82.01,4.67,E1,False,,12.95,3.58,9.37,25.7,11.6,5,6,,0,0,0,,,,,,0,,,,70.25,11.64,mean(4),84.75,0.5,mean(4),69.25,5.06,mean(4),85.25,0.5,mean(4),85.25,0.5,mean(4),82.5,3.32,mean(4)
867,558,财产罪占有之立场：缓和的事实性占有概念,梁云宝,中国法学,2016,刑法学,82.01,5.12,E1,False,,16.97,5.12,11.85,26.2,8.8,4,6,,0,0,0,,,,,,0,,,,67.5,8.66,mean(4),82.5,4.12,mean(4),85.75,2.87,mean(4),87.75,2.06,mean(4),87.25,4.11,mean(4),67.5,8.81,mean(4)
1027,559,环境法体系化中的我国保护地体系,杜群[1],中国社会科学,2022,环境与资源保护法学,82.01,7.16,E1,False,,15.58,6.55,9.03,23.2,9.2,4,6,,0,0,0,,,,,,0,,,,78.5,7.9,mean(4),72.25,9.18,mean(4),79.75,5.56,mean(4),86,5.94,mean(4),76.75,8.06,mean(4),79,2.58,mean(4)
874,560,贿赂犯罪的保护法益与事后受财行为的定性,黎宏,中国法学,2017,刑法学,82.0,4.23,E1,False,,14.0,4.87,9.13,25.5,10.4,5,6,,0,0,0,,,,,,0,,,,83.75,1.26,mean(4),82.75,3.59,mean(4),69.5,10.41,mean(4),75.25,5.25,mean(4),86.25,1.89,mean(4),66.75,6.7,mean(4)
848,561,论行政行为的违法性继承,王贵松[1],中国法学,2015,民商法学,81.97,9.63,E1,False,,13.65,7.67,5.98,25.5,23.2,4,6,1-empty-status,0,0,0,,,,,,0,,,,69.25,23.21,mean(4),85.25,0.5,mean(4),81,6.16,mean(4),85.75,2.87,mean(4),80,8.12,mean(4),63.75,5.06,mean(4)
975,562,合理怀疑的本土类型与法理建构,栗峥[1],中国社会科学,2019,诉讼法学,81.97,5.4,E1,False,,11.53,4.28,7.25,17.8,12.4,5,6,,0,0,0,,,,,,0,,,,70,12.36,mean(4),77.25,2.22,mean(4),86.5,1.73,mean(4),80,2.31,mean(4),86.75,3.5,mean(4),81,3.56,mean(4)
1912,563,宪法和一般法律的关系构造,许瑞超[1],中国法学,2025,宪法学与行政法学,81.96,6.55,E1,False,,12.98,5.6,7.38,22.3,14.4,4,6,,0,0,0,,,,,,0,,,,75,14.35,mean(4),85.5,1.73,mean(4),73.75,3.5,mean(4),86.5,1.73,mean(4),79.75,8.26,mean(4),58.5,4.04,mean(4)
750,564,论农民集体与农村集体经济组织的关系,宋志红[1],中国法学,2021,环境与资源保护法学,81.9,11.01,E1,False,,14.53,10.43,4.1,43.1,41.0,4,6,,0,0,0,,,,,,0,,,,77,12.88,mean(4),85.25,2.06,mean(4),60.75,41.0,mean(4),89,1.15,mean(4),87.25,1.5,mean(4),73.25,3.95,mean(4)
1340,565,司法判决中的词典释义,陈林林;王云清,法学研究,2015,法学理论,81.9,5.25,E1,False,,13.62,5.07,8.55,19.5,6.0,6,6,,0,0,0,,,,,,0,,,,80.75,5.06,mean(4),79.25,5.62,mean(4),64.25,5.91,mean(4),86.75,5.97,mean(4),81.75,2.87,mean(4),74.5,4.93,mean(4)
22,566,“居住权”之定位与规则设计,"鲁晓明[1,2]",中国法学,2019,民商法学,81.88,9.4,E1,False,,12.75,6.57,6.18,25.0,22.1,5,6,,0,0,0,,,,,,0,,,,70.5,22.13,mean(4),79.25,3.4,mean(4),81,6.16,mean(4),89.5,5.0,mean(4),85.5,0.58,mean(4),77.75,2.06,mean(4)
840,567,论网络服务提供者间接侵权责任的过错形态,冯术杰,中国法学,2016,民商法学,81.87,5.64,E1,False,,12.28,5.55,6.73,22.0,14.1,5,6,,0,0,0,,,,,,0,,,,81.25,2.99,mean(4),77.75,5.44,mean(4),70.75,14.1,mean(4),82.5,5.57,mean(4),84.5,3.32,mean(4),70.5,1.91,mean(4)
1199,568,他行为能力问题研究,陈兴良[1],法学研究,2019,法学理论,81.87,8.78,E1,False,,14.07,7.58,6.48,25.3,22.2,4,6,,0,0,0,,,,,,0,,,,74.25,12.87,mean(4),83,4.16,mean(4),72.75,22.23,mean(4),86.25,2.5,mean(4),86.25,1.26,mean(4),67,2.45,mean(4)
1701,569,自然资源资产国家所有权委托代理的法律性质,汪志刚[1],法学研究,2023,宪法学与行政法学,81.87,8.52,E1,False,,15.02,9.93,5.08,28.7,25.0,3,6,,0,0,0,,,,,,0,,,,76.25,12.55,mean(4),82,3.56,mean(4),72.75,13.15,mean(4),84.25,2.87,mean(4),87,2.45,mean(4),62.5,25.0,mean(4)
836,570,论绿色原则的规范解释司法适用,竺效[1],中国法学,2021,法学理论,81.85,5.4,E1,False,,10.77,4.92,5.85,16.8,9.0,5,6,,0,0,0,,,,,,0,,,,71.25,9.0,mean(4),80.25,2.36,mean(4),80,6.27,mean(4),88,3.56,mean(4),82.5,3.32,mean(4),67.75,4.86,mean(4)
532,571,法律人思维与法律观点,陈景辉[1],中国法学,2024,法学理论,81.79,8.56,E1,False,,13.35,6.7,6.65,22.1,19.4,5,6,5-boundary-only,0,0,0,,,,,,0,,,,70.5,19.43,mean(4),80.25,6.02,mean(4),85.5,4.93,mean(4),89,1.15,mean(4),85,2.45,mean(4),57,6.27,mean(4)
1721,572,行政行为无效的认定,王贵松[1],法学研究,2018,宪法学与行政法学,81.79,10.18,E1,False,,15.58,7.35,8.23,26.0,24.9,5,6,,0,0,0,,,,,,0,,,,72,24.89,mean(4),90.25,3.59,mean(4),71.5,7.0,mean(4),83,2.0,mean(4),86,4.24,mean(4),75,2.45,mean(4)
1884,573,证据链之内涵与功能重释,纵博[1],中国法学,2025,诉讼法学,81.79,7.59,E1,False,,15.12,8.15,6.97,29.7,27.9,5,6,,0,0,0,,,,,,0,,,,77.25,6.7,mean(4),82.25,2.06,mean(4),69,27.89,mean(4),85,0.82,mean(4),86,4.9,mean(4),69.25,6.5,mean(4)
383,574,我国权责清单制度质效研究,刘启川[1],中国法学,2025,宪法学与行政法学,81.76,8.63,E1,False,,15.62,7.75,7.87,25.5,16.5,3,6,,0,0,0,,,,,,0,,,,76.5,8.06,mean(4),69.75,16.5,mean(4),73,10.89,mean(4),87,3.46,mean(4),83.25,4.27,mean(4),81,3.16,mean(4)
1846,575,犯罪追诉数字化背景下嫌疑判断的演化与程序法规制的因应,裴炜[1],法学研究,2025,刑法学,81.74,6.71,E1,False,,13.53,6.27,7.27,23.6,16.7,5,6,,0,0,0,,,,,,0,,,,78.75,4.99,mean(4),64.5,16.66,mean(4),82,7.12,mean(4),90.5,1.0,mean(4),81.75,4.35,mean(4),70.25,3.5,mean(4)
371,576,我国个人敏感信息界定之构想,胡文涛,中国法学,2018,民商法学,81.71,6.95,E1,False,,13.65,5.83,7.82,21.5,11.5,4,6,,0,0,0,,,,,,0,,,,74.75,11.47,mean(4),81.5,2.52,mean(4),73.5,8.96,mean(4),85.75,5.91,mean(4),82,3.56,mean(4),73.75,2.5,mean(4)
859,577,证据种类法定主义的反思与重构,郑飞[1],中国法学,2024,诉讼法学,81.69,6.16,E1,False,,9.6,4.6,5.0,17.1,13.5,5,6,,0,0,0,,,,,,0,,,,74.25,13.5,mean(4),85.25,2.87,mean(4),69.75,3.3,mean(4),85.5,3.32,mean(4),86.25,2.87,mean(4),63.5,1.73,mean(4)
279,578,商业秘密保护中默示保密义务研究,黎华献[1],中国法学,2024,法学理论,81.66,5.88,E1,False,,16.7,5.67,11.03,25.1,12.3,4,6,,0,0,0,,,,,,0,,,,76,8.68,mean(4),75.5,3.0,mean(4),69.75,12.28,mean(4),84,1.41,mean(4),83.5,2.38,mean(4),81,6.16,mean(4)
1138,579,中国债编体系构建中若干基础关系的协调——从法国重构债法体系的经验观察,李世刚,法学研究,2016,民商法学,81.65,6.31,E1,False,,15.23,5.9,9.33,25.2,7.1,6,6,,0,0,0,,,,,,0,,,,71.75,6.95,mean(4),83.5,5.97,mean(4),77.5,7.14,mean(4),85,6.22,mean(4),83.75,5.06,mean(4),75.5,4.12,mean(4)
631,580,累犯从严量刑适用实证研究,劳佳琦,中国法学,2016,刑法学,81.62,10.47,E1,False,,15.93,7.08,8.85,30.3,27.2,5,6,,0,0,0,,,,,,0,,,,65.5,27.16,mean(4),80,4.4,mean(4),86.5,1.73,mean(4),91,4.24,mean(4),83.5,1.73,mean(4),77.5,3.32,mean(4)
1346,581,合同内容的证明责任分配,胡东海[1],法学研究,2024,民商法学,81.62,6.61,E1,False,,17.43,5.82,11.62,33.3,14.1,4,6,,0,0,0,,,,,,0,,,,75,14.14,mean(4),81.25,2.5,mean(4),80.5,4.2,mean(4),84.25,2.87,mean(4),86.75,2.06,mean(4),55,9.13,mean(4)
162,582,侵害企业数据权益的民事责任,王叶刚[1],中国法学,2024,民商法学,81.6,9.46,E1,False,,13.55,6.77,6.78,25.5,21.9,5,6,,0,0,0,,,,,,0,,,,67.5,21.86,mean(4),84,4.24,mean(4),81.75,6.95,mean(4),87.5,3.32,mean(4),83.25,2.75,mean(4),64.25,1.5,mean(4)
977,583,商业银行股东加重责任及其制度建构,杨松[1];宋怡林[2],中国社会科学,2017,民商法学,81.6,6.52,E1,False,,14.82,5.92,8.9,23.5,8.6,5,6,,0,0,0,,,,,,0,,,,77.5,7.14,mean(4),86,8.04,mean(4),62.75,8.62,mean(4),84.75,4.72,mean(4),82.75,3.59,mean(4),73,3.46,mean(4)
1531,584,既判力相对性原则：根据、例外与制度化,张卫平[1],法学研究,2015,诉讼法学,81.6,4.9,E1,False,,13.52,4.68,8.83,27.3,9.6,5,6,,0,0,0,,,,,,0,,,,72.5,5.57,mean(4),85,4.76,mean(4),60.75,9.6,mean(4),86.25,1.5,mean(4),82.5,4.12,mean(4),85.25,2.5,mean(4)
1827,585,集体经营性资产股份合作与农村集体经济组织之关系重构,宋志红[1],法学研究,2022,环境与资源保护法学,81.57,12.81,E1,False,,15.02,10.1,4.92,28.3,25.1,3,6,,0,0,0,,,,,,0,,,,74,17.64,mean(4),67.25,25.05,mean(4),84.25,9.74,mean(4),84,2.71,mean(4),85.25,4.5,mean(4),81.5,1.0,mean(4)
1753,586,论区块链证据,"刘品新[1,2]",法学研究,2021,诉讼法学,81.56,12.02,E1,False,,17.63,9.52,8.12,31.5,26.9,3,6,,0,0,0,,,,,,0,,,,69.5,26.85,mean(4),79,7.16,mean(4),85.5,9.15,mean(4),86.5,1.73,mean(4),82.5,4.12,mean(4),73,8.08,mean(4)
583,587,生态环境修复责任的体系化构造,刘长兴[1],中国法学,2022,环境与资源保护法学,81.54,8.31,E1,False,,15.63,7.07,8.57,35.4,17.6,4,6,,0,0,0,,,,,,0,,,,70.25,17.61,mean(4),86.5,1.73,mean(4),72.25,11.03,mean(4),87.75,2.06,mean(4),86.5,2.38,mean(4),75.5,7.59,mean(4)
936,588,中国著作权立法中的制度创新,熊琦,中国社会科学,2018,知识产权法学,81.53,6.09,E1,False,,14.2,5.93,8.27,22.3,11.2,5,6,,0,0,0,,,,,,0,,,,80.25,5.68,mean(4),75.25,7.27,mean(4),67.5,11.15,mean(4),87.5,4.12,mean(4),86,1.41,mean(4),74,5.89,mean(4)
1805,589,适于法治的法律体系模式,雷磊[1],法学研究,2015,法学理论,81.51,8.4,E1,False,,14.45,6.47,7.98,24.5,20.1,5,6,,0,0,0,,,,,,0,,,,69.5,20.11,mean(4),81.25,1.5,mean(4),80.25,5.5,mean(4),88,3.56,mean(4),87,2.45,mean(4),63.25,5.68,mean(4)
246,590,区分制理论解释共同过失犯罪之弊端及应然选择,刘明祥,中国法学,2017,刑法学,81.47,7.88,E1,False,,15.05,9.2,5.85,22.3,14.8,3,6,,0,0,0,,,,,,0,,,,76.25,6.24,mean(4),80.67,7.57,mean(3),76.25,14.75,mean(4),85.5,1.73,mean(4),75.5,13.82,mean(4),48.75,11.09,mean(4)
624,591,类似必要共同诉讼适用机制研究,"汤维建[1,2]",中国法学,2020,诉讼法学,81.46,8.17,E1,False,,14.18,7.0,7.18,23.0,14.1,5,6,,0,0,0,,,,,,0,,,,74.5,14.06,mean(4),77.5,5.57,mean(4),81.25,7.89,mean(4),83.25,4.27,mean(4),90.75,5.85,mean(4),76,4.24,mean(4)
649,592,网络空间适用禁止使用武力原则的法律路径,张华[1],中国法学,2022,国际法学,81.44,7.73,E1,False,,10.6,5.67,4.93,19.2,17.3,5,6,,0,0,0,,,,,,0,,,,67.5,17.25,mean(4),84.5,2.52,mean(4),72.5,5.57,mean(4),84.75,4.72,mean(4),84.25,1.5,mean(4),83,2.45,mean(4)
1743,593,认缴制后公司法资本规则的革新,丁勇[1],法学研究,2018,民商法学,81.44,16.08,E1,False,,16.45,14.02,2.43,34.3,33.2,3,6,,0,0,0,,,,,,0,,,,72.5,25.12,mean(4),69.75,33.19,mean(4),86.5,3.11,mean(4),90,1.63,mean(4),91,1.15,mean(4),71.25,19.86,mean(4)
752,594,论刑事司法对鉴定的迷信与制度防范,陈永生[1],中国法学,2021,刑法学,81.41,6.48,E1,False,,15.38,6.27,9.12,23.6,8.2,5,6,,0,0,0,,,,,,0,,,,75,8.16,mean(4),83.25,7.63,mean(4),67,7.26,mean(4),87.25,2.63,mean(4),75.75,5.91,mean(4),71,6.0,mean(4)
1035,595,社会主义核心价值观在民事裁判中的功能,于飞[1],中国社会科学,2024,民商法学,81.38,12.23,E1,False,,14.28,9.55,4.73,26.9,24.3,3,6,,0,0,0,,,,,,0,,,,71,24.26,mean(4),64,13.83,mean(4),86.5,9.85,mean(4),89.25,0.96,mean(4),87.75,2.06,mean(4),80,6.27,mean(4)
1417,596,婚姻缔结行为的效力瑕疵,,法学研究,2019,民商法学,81.38,7.76,E1,False,,13.07,5.57,7.5,22.0,20.1,5,6,,0,0,0,,,,,,0,,,,69.75,20.11,mean(4),83.75,4.79,mean(4),82,0.0,mean(2),83.25,1.5,mean(4),85,2.45,mean(4),72.75,4.57,mean(4)
679,597,行政机关间的事务委托和职权委托,叶必丰[1],中国法学,2022,宪法学与行政法学,81.34,11.4,E1,False,,15.98,9.47,6.52,38.0,25.5,4,6,,0,0,0,,,,,,0,,,,78.25,13.5,mean(4),63,25.55,mean(4),84.75,3.77,mean(4),89,4.76,mean(4),85.25,5.25,mean(4),76.75,3.95,mean(4)
940,598,事权划分法治化的中国路径,刘剑文[1];侯卓[2],中国社会科学,2017,宪法学与行政法学,81.32,7.11,E1,False,,18.28,6.38,11.9,37.9,12.1,3,6,,0,0,0,,,,,,0,,,,76.5,8.06,mean(4),85.5,9.0,mean(4),66.5,12.07,mean(4),82.75,2.5,mean(4),82.25,5.06,mean(4),64.25,1.5,mean(4)
1135,599,个人所得税法上年龄非中性的实现——以老年人生存权益的保障为核心,汤洁茵[1],法学研究,2023,经济法学,81.31,11.55,E1,False,,14.8,8.78,6.02,26.4,24.3,3,6,,0,0,0,,,,,,0,,,,71.25,24.28,mean(4),79,8.25,mean(4),76.25,6.65,mean(4),89.75,3.3,mean(4),80.75,8.85,mean(4),75,1.41,mean(4)
305,600,地方立法行政许可设定权之法律解释：基于鲁潍案的分析,金自宁,中国法学,2017,宪法学与行政法学,81.29,8.53,E1,False,,14.93,7.43,7.5,24.5,14.6,3,6,,0,0,0,,,,,,0,,,,76.75,14.57,mean(4),77.5,9.57,mean(4),73.5,7.05,mean(4),85,2.45,mean(4),87.25,2.87,mean(4),78,8.12,mean(4)
1000,601,授权资本制的中国运行机理,傅穹[1],中国社会科学,2024,民商法学,81.29,8.44,E1,False,,13.1,6.68,6.42,23.5,15.6,4,6,,0,0,0,,,,,,0,,,,66,15.64,mean(4),84.5,4.73,mean(4),69,10.23,mean(4),89,4.76,mean(4),86.25,1.5,mean(4),82.5,3.32,mean(4)
1191,602,人民法院改革取向的审视与思考,"顾培东[1,2]",法学研究,2020,诉讼法学,81.29,6.83,E1,False,,12.48,6.13,6.35,24.7,13.2,5,6,,0,0,0,,,,,,0,,,,75,7.26,mean(4),74,13.19,mean(4),80,6.27,mean(4),86.25,2.36,mean(4),84.25,4.35,mean(4),78.25,3.3,mean(4)
1498,603,支持理论下民事诉讼当事人法律意识的实证研究,"冯晶[1,2]",法学研究,2020,诉讼法学,81.29,4.92,E1,False,,12.47,4.18,8.28,21.1,7.1,6,6,,0,0,0,,,,,,0,,,,72.75,6.4,mean(4),82.75,3.59,mean(4),82.5,7.14,mean(4),79,4.76,mean(4),80.5,1.91,mean(4),74.25,1.26,mean(4)
802,604,论数据产权制度的层级性：“三三制”数据确权法,申卫星[1],中国法学,2023,民商法学,81.26,5.07,E1,False,,13.3,7.13,6.17,27.0,26.3,5,6,,0,0,0,,,,,,0,,,,67.75,7.59,mean(4),86.5,1.73,mean(4),86,1.41,mean(4),80,3.37,mean(4),85,2.45,mean(4),67,26.32,mean(4)
433,605,数字时代隐私权的社会理论重构,"余成峰[1,2]",中国法学,2023,民商法学,81.25,5.59,E1,False,,11.15,4.6,6.55,19.3,10.4,5,6,,0,0,0,,,,,,0,,,,73,10.39,mean(4),79.5,1.91,mean(4),76.75,4.27,mean(4),86,5.42,mean(4),86.5,1.73,mean(4),76.5,3.87,mean(4)
28,606,“最高国家权力机关”的权力边界,黄明涛[1],中国法学,2019,宪法学与行政法学,81.24,10.77,E1,False,,14.88,7.42,7.47,30.3,28.2,5,6,,0,0,0,,,,,,0,,,,67,28.15,mean(4),85,2.45,mean(4),81,6.83,mean(4),86.25,2.5,mean(4),85.75,1.5,mean(4),72.25,3.1,mean(4)
196,607,公司资本制度改革的正当性：基于债权人保护功能的法经济学分析,黄辉,中国法学,2015,民商法学,81.22,3.8,E1,False,,15.08,4.07,11.02,24.3,6.7,6,6,,0,0,0,,,,,,0,,,,77,3.37,mean(4),73,2.45,mean(4),76.25,6.65,mean(4),86.75,3.2,mean(4),80,4.4,mean(4),75.75,4.35,mean(4)
328,608,夫妻财产归属约定的法理明晰及规则适用,陈永强[1],中国法学,2022,民商法学,81.21,8.26,E1,False,,12.6,6.32,6.28,24.0,20.4,4,6,,0,0,0,,,,,,0,,,,70,20.41,mean(4),86,0.0,mean(4),73.5,8.54,mean(4),86.25,2.06,mean(4),83.75,2.06,mean(4),61.25,4.79,mean(4)
1638,609,环境民事公益诉讼性质定位省思,巩固[1],法学研究,2019,环境与资源保护法学,81.21,10.18,E1,False,,11.97,6.83,5.13,28.3,26.6,5,6,,0,0,0,,,,,,0,,,,71.75,26.61,mean(4),77.25,3.59,mean(4),82,7.26,mean(4),86,1.41,mean(4),88,0.0,mean(4),77.75,2.06,mean(4)
969,610,反垄断法分析模式的中国选择,叶卫平,中国社会科学,2017,经济法学,81.18,4.83,E1,False,,14.8,5.07,9.73,26.1,6.0,6,6,,0,0,0,,,,,,0,,,,79.5,4.2,mean(4),84,5.42,mean(4),71,4.24,mean(4),75.75,4.92,mean(4),80.25,5.68,mean(4),78.5,6.03,mean(4)
1227,611,保险法因果关系判定的规则体系,武亦文,法学研究,2017,刑法学,81.18,6.03,E1,False,,13.42,5.0,8.42,21.5,11.1,4,6,,0,0,0,,,,,,0,,,,69.75,11.15,mean(4),84.25,1.5,mean(4),83.5,8.35,mean(4),80.75,3.4,mean(4),82.5,3.32,mean(4),63,2.45,mean(4)
998,612,家庭财产功能主义的法律范式,赵玉[1],中国社会科学,2022,民商法学,81.15,5.07,E1,False,,10.9,4.02,6.88,24.7,10.2,5,6,,0,0,0,,,,,,0,,,,72.25,10.21,mean(4),76,2.83,mean(4),76,2.83,mean(4),82.25,3.86,mean(4),88.25,0.5,mean(4),82.25,3.86,mean(4)
1167,613,为作为证明方法的“印证”辩护,薛爱昌[1],法学研究,2018,诉讼法学,81.15,5.47,E1,False,,15.17,4.93,10.23,29.2,8.1,5,6,,0,0,0,,,,,,0,,,,76.75,8.06,mean(4),77.25,5.74,mean(4),82,4.97,mean(4),78.25,2.87,mean(4),83.5,3.7,mean(4),66,4.24,mean(4)
406,614,我国金融机构股东加重责任的扩张与规范,赖虹宇[1],中国法学,2023,民商法学,81.09,8.27,E1,False,,11.98,6.53,5.45,20.0,17.7,4,6,,0,0,0,,,,,,0,,,,76.25,17.67,mean(4),86.5,2.38,mean(4),60,11.89,mean(4),86,1.41,mean(4),83.25,2.75,mean(4),79.5,3.0,mean(4)
709,615,认罪认罚从宽适用常态化之实效检验,吴雨豪[1],中国法学,2024,刑法学,81.09,4.86,E1,False,,15.52,4.25,11.27,25.3,7.7,6,6,,0,0,0,,,,,,0,,,,80,7.7,mean(4),71.75,6.95,mean(4),70.5,1.91,mean(4),87.25,1.5,mean(4),82,4.0,mean(3),78.33,3.51,mean(3)
1484,616,托底型回购合同的风险转嫁机理,王文胜[1],法学研究,2020,民商法学,81.09,7.22,E1,False,,12.03,6.43,5.6,19.9,12.0,3,6,,0,0,0,,,,,,0,,,,72,12.03,mean(4),69.25,10.31,mean(4),87.5,3.32,mean(4),89,2.0,mean(4),87.75,2.06,mean(4),66.75,8.88,mean(4)
578,617,环境质量标准的侵权法适用研究,陈伟,中国法学,2017,环境与资源保护法学,81.06,8.18,E1,False,,12.45,5.88,6.57,22.3,20.0,5,6,,0,0,0,,,,,,0,,,,71.75,19.97,mean(4),81.25,2.5,mean(4),79.5,4.2,mean(4),83.25,3.59,mean(4),86.5,1.73,mean(4),77.5,3.32,mean(4)
1090,618,论诉权的人权属性——以历史演进为视角,吴英姿[1],中国社会科学,2015,法学理论,81.04,5.44,E1,False,,13.95,4.47,9.48,23.3,11.1,5,6,,0,0,0,,,,,,0,,,,71.5,11.09,mean(4),81.5,2.65,mean(4),79.25,2.99,mean(4),83.5,3.7,mean(4),85.75,1.5,mean(4),64.5,4.93,mean(4)
1203,619,以房抵债协议的法理分析——《最高人民法院公报》载“朱俊芳案”评释,陆青[1],法学研究,2015,民商法学,81.04,5.16,E1,False,,13.18,4.48,8.7,25.1,10.5,5,6,,0,0,0,,,,,,0,,,,77,5.29,mean(4),75.5,10.54,mean(4),66.25,5.06,mean(4),91,2.0,mean(4),83.75,2.06,mean(4),79.5,1.91,mean(4)
133,620,人工智能歧视的法律治理,李成[1],中国法学,2021,民商法学,81.03,6.02,E1,False,,15.03,5.78,9.25,21.7,10.3,5,6,,0,0,0,,,,,,0,,,,75.25,3.77,mean(4),81.5,6.81,mean(4),70,10.3,mean(4),76.25,8.02,mean(4),86.5,1.73,mean(4),81,4.08,mean(4)
1134,621,个人信息私法保护的困境与出路,"丁晓东[1,2]",法学研究,2018,民商法学,81.03,5.22,E1,False,,12.67,6.1,6.57,20.0,14.1,4,6,,0,0,0,,,,,,0,,,,80.75,3.4,mean(4),83,3.56,mean(4),55,14.14,mean(4),86.25,2.5,mean(4),87,4.24,mean(4),65.5,8.81,mean(4)
1283,622,农村土地承包法修改后的承包地法权配置,"高圣平[1,2]",法学研究,2019,环境与资源保护法学,81.03,9.2,E1,False,,12.7,8.47,4.23,26.6,18.4,3,6,,0,0,0,,,,,,0,,,,72.25,18.34,mean(4),88.75,0.96,mean(4),62,18.42,mean(4),88,0.0,mean(4),86.5,1.73,mean(4),73.75,11.44,mean(4)
1034,623,知识产权的边界:以客体可控性为线索,易继明[1];李春晖[2],中国社会科学,2022,知识产权法学,81.01,10.05,E1,False,,18.1,8.67,9.43,36.3,30.9,5,6,,0,0,0,,,,,,0,,,,79.75,5.56,mean(4),60,30.9,mean(4),81.25,6.4,mean(4),82.5,4.12,mean(4),86.5,3.42,mean(4),80,1.63,mean(4)
875,624,资本市场信息披露双层规范体系的基本建构,郭锋[1],中国法学,2024,民商法学,81.0,8.71,E1,False,,15.68,7.35,8.33,30.0,14.1,3,6,,0,0,0,,,,,,0,,,,71.75,10.28,mean(4),76,14.07,mean(4),72.5,13.58,mean(4),85,2.45,mean(4),86.25,2.06,mean(4),80,1.63,mean(4)
1300,625,刑事诉讼办案期限：功能变迁与诉讼化改造,董坤[1],法学研究,2024,刑法学,81.0,13.96,E1,False,,17.7,10.32,7.38,34.0,32.2,3,6,,0,0,0,,,,,,0,,,,63.25,32.22,mean(4),83.75,6.29,mean(4),78.5,9.43,mean(4),85.5,3.42,mean(4),80,8.12,mean(4),81.25,2.5,mean(4)
424,626,敏感个人信息保护制度的解释性重构,丁晓东[1],中国法学,2025,民商法学,80.97,5.12,E1,False,,11.98,5.07,6.92,21.7,9.5,5,6,,0,0,0,,,,,,0,,,,77.5,5.57,mean(4),84.5,4.2,mean(4),66.5,9.47,mean(4),80.75,3.77,mean(4),87,1.41,mean(4),74,5.89,mean(4)
762,627,论合同法和侵权法在固有利益保护上的分工与协作,王文胜,中国法学,2015,民商法学,80.96,5.17,E1,False,,17.15,5.15,12.0,27.2,16.0,5,6,1-empty-status,0,0,0,,,,,,0,,,,77.75,3.1,mean(4),83.25,4.27,mean(4),60.25,16.05,mean(4),86.25,3.5,mean(4),84.25,1.5,mean(4),73.75,2.5,mean(4)
821,628,论法律认知的信任逻辑,伍德志[1],中国法学,2023,法学理论,80.96,6.56,E1,False,,15.72,5.73,9.98,24.0,11.9,4,6,,0,0,0,,,,,,0,,,,72.25,11.9,mean(4),82.25,5.32,mean(4),74.25,9.6,mean(4),85,0.0,mean(4),87.25,2.22,mean(4),66.75,5.38,mean(4)
1580,629,民法基本原则：理论反思与法典表达,于飞,法学研究,2016,民商法学,80.94,9.08,E1,False,,13.87,7.3,6.57,22.3,19.6,4,6,,0,0,0,,,,,,0,,,,74.25,19.55,mean(4),81.75,2.36,mean(4),74.5,11.7,mean(4),86.5,1.73,mean(4),84.25,4.35,mean(4),55,4.08,mean(4)
140,630,人身损害赔偿请求权的分级与整合,张平华[1],中国法学,2024,民商法学,80.93,8.78,E1,False,,14.87,6.67,8.2,28.8,20.0,5,6,,0,0,0,,,,,,0,,,,64.25,19.97,mean(4),83,6.22,mean(4),83.75,1.5,mean(4),89,4.69,mean(4),88,0.0,mean(4),74.5,7.59,mean(4)
786,631,论我国刑法分则中的参加型犯罪,唐稷尧[1],中国法学,2024,刑法学,80.93,7.17,E1,False,,13.4,6.95,6.45,21.7,18.9,4,6,,0,0,0,,,,,,0,,,,75.75,2.87,mean(4),71.75,18.86,mean(4),77.75,9.11,mean(4),87.5,2.89,mean(4),85,4.08,mean(4),67.5,3.79,mean(4)
1039,632,私法中的分配层次,谢鸿飞[1],中国社会科学,2023,民商法学,80.93,9.53,E1,False,,14.6,8.53,6.07,24.6,16.7,4,6,,0,0,0,,,,,,0,,,,76,14.07,mean(4),80.5,5.97,mean(4),69.25,16.68,mean(4),84.75,4.99,mean(4),85.25,2.87,mean(4),68.75,6.5,mean(4)
1398,633,基本权利保护范围的界定,王锴[1],法学研究,2020,宪法学与行政法学,80.93,9.65,E1,False,,12.18,7.52,4.67,24.1,22.3,5,6,,0,0,0,,,,,,0,,,,71.25,22.26,mean(4),85,2.45,mean(4),75.75,5.91,mean(4),86.75,3.4,mean(4),82.75,7.27,mean(4),47.5,3.79,mean(4)
494,634,民事案件事实形成中的方法论命题,王雷[1],中国法学,2023,民商法学,80.91,6.78,E1,False,,12.12,5.27,6.85,18.7,12.0,4,6,,0,0,0,,,,,,0,,,,68,12.03,mean(4),83.75,8.42,mean(4),79.5,5.26,mean(4),85.75,2.5,mean(4),85.75,0.5,mean(4),75.75,2.87,mean(4)
630,635,紧急状态下的法治与社会正义,郑玉双[1],中国法学,2021,法学理论,80.9,5.37,E1,False,,14.23,4.37,9.87,31.0,9.5,5,6,,0,0,0,,,,,,0,,,,67.75,9.54,mean(4),82,4.24,mean(4),81.25,6.99,mean(4),86.5,1.73,mean(4),84,1.41,mean(4),77,2.45,mean(4)
712,636,论“正常经营买受人”的善意要求,郑永宽[1],中国法学,2023,民商法学,80.9,16.34,E1,False,,17.25,14.92,2.33,32.3,31.1,3,6,,0,0,0,,,,,,0,,,,70.67,31.09,mean(3),86.33,2.31,mean(3),69,21.28,mean(3),87,1.73,mean(3),76.33,27.14,mean(3),74.33,6.03,mean(3)
1473,637,我国民事执行回转理论基础与制度构造的革新,陈刚[1],法学研究,2022,诉讼法学,80.9,10.34,E1,False,,14.05,7.67,6.38,26.7,21.9,3,6,,0,0,0,,,,,,0,,,,66.75,21.88,mean(4),74,8.54,mean(3),86.25,9.54,mean(4),83.75,2.06,mean(4),84.25,0.5,mean(4),83.25,3.5,mean(4)
1718,638,行政执法和解的模式及其运用,方世荣[1];白云锋[2],法学研究,2019,宪法学与行政法学,80.87,7.45,E1,False,,12.0,5.7,6.3,21.3,19.2,5,6,,0,0,0,,,,,,0,,,,72,19.2,mean(4),76.5,1.73,mean(4),83.25,3.95,mean(4),84,1.41,mean(4),85.75,1.5,mean(4),73.5,6.45,mean(4)
664,639,自然资源国家所有的制度性保障功能,刘练军,中国法学,2016,环境与资源保护法学,80.84,3.71,E1,False,,12.92,3.53,9.38,18.5,6.5,6,6,,0,0,0,,,,,,0,,,,78.75,3.77,mean(4),68.75,6.5,mean(4),78.25,5.32,mean(4),85.25,0.5,mean(4),81.5,2.52,mean(4),63.5,2.65,mean(4)
261,640,司法审查图景中行政协议主体的适格,陈无风,中国法学,2018,宪法学与行政法学,80.82,9.01,E1,False,,18.57,7.93,10.63,27.6,19.5,5,6,,0,0,0,,,,,,0,,,,78.25,6.95,mean(4),68,19.48,mean(4),76.5,7.05,mean(4),88,6.73,mean(4),82.5,5.0,mean(4),66.25,2.5,mean(4)
1596,641,法律漏洞填补的司法论证,黄泽敏[1],法学研究,2020,法学理论,80.81,4.79,E1,False,,15.85,4.18,11.67,23.4,8.9,5,6,,0,0,0,,,,,,0,,,,68,8.91,mean(4),83.75,5.06,mean(4),86.25,2.06,mean(4),84.5,1.73,mean(4),80,1.63,mean(4),53.25,5.68,mean(4)
39,642,"""认""与""缴""二分视角下公司催缴出资制度研究",袁碧华[1],中国法学,2019,民商法学,80.79,7.23,E1,False,,12.65,6.05,6.6,24.0,15.7,5,6,,0,0,0,,,,,,0,,,,68,15.68,mean(4),81.5,5.2,mean(4),84.5,1.73,mean(4),83.75,2.06,mean(4),80.25,4.79,mean(4),67.75,6.75,mean(4)
1299,643,刑事诉讼中变更公诉的限度,周长军,法学研究,2017,刑法学,80.79,7.77,E1,False,,15.22,7.45,7.77,22.9,10.3,3,6,,0,0,0,,,,,,0,,,,70,10.3,mean(4),79.75,8.26,mean(4),77.5,7.14,mean(4),79.25,3.4,mean(4),77.5,9.88,mean(4),80.25,5.68,mean(4)
1429,644,实用艺术作品在著作权法上之独立性,冯晓青[1];付继存[1],法学研究,2018,知识产权法学,80.79,4.64,E1,False,,12.7,3.48,9.22,23.3,9.6,5,6,,0,0,0,,,,,,0,,,,74.75,9.64,mean(4),82.75,4.57,mean(4),72,0.0,mean(1),81.75,2.87,mean(4),87,1.41,mean(4),77,2.45,mean(4)
917,645,中国专利交易中的绝对权类型法定,张轶[1],中国社会科学,2025,知识产权法学,80.76,14.35,E1,False,,17.07,11.48,5.58,26.4,24.2,4,6,,0,0,0,,,,,,0,,,,72.25,21.55,mean(4),70.75,24.19,mean(4),74.5,5.97,mean(4),87,6.0,mean(4),80.75,7.89,mean(4),80.25,3.3,mean(4)
1282,646,农村土地“三权分置”的法理阐释与制度意蕴,高飞,法学研究,2016,环境与资源保护法学,80.76,8.35,E1,False,,15.1,8.4,6.7,24.0,14.9,3,6,,0,0,0,,,,,,0,,,,75.75,14.91,mean(4),77.25,1.5,mean(4),74.5,9.15,mean(4),88,4.0,mean(4),87.25,7.27,mean(4),55,13.64,mean(4)
480,647,检察环境公益诉讼的理论优化与制度完善,陈晓景[1],中国法学,2022,环境与资源保护法学,80.75,5.91,E1,False,,15.03,5.68,9.35,25.2,14.0,4,6,,0,0,0,,,,,,0,,,,79.5,1.91,mean(4),60,13.95,mean(4),73.25,8.06,mean(4),87.75,4.5,mean(4),87.75,3.1,mean(4),83.75,2.5,mean(4)
1630,648,滥用知情权的逻辑及展开,王锡锌,法学研究,2017,法学理论,80.74,6.73,E1,False,,14.87,5.95,8.92,19.5,12.5,5,6,,0,0,0,,,,,,0,,,,76,12.54,mean(4),80.5,4.43,mean(4),71.5,6.03,mean(4),82.25,2.06,mean(4),79,4.55,mean(4),78.25,6.24,mean(4)
1348,649,合宪性审查制度的中国道路与功能展开,李忠夏[1],法学研究,2019,宪法学与行政法学,80.69,10.26,E1,False,,15.18,7.95,7.23,26.0,23.5,4,6,,0,0,0,,,,,,0,,,,70,23.51,mean(4),78,4.97,mean(4),83.25,4.27,mean(4),84.75,2.5,mean(4),83.25,9.07,mean(4),77.5,3.32,mean(4)
1502,650,故意伤害案件中赔偿影响量刑的机制,"高通[1,2]",法学研究,2020,刑法学,80.69,4.86,E1,False,,13.67,4.73,8.93,20.7,5.6,6,6,,0,0,0,,,,,,0,,,,77.5,5.57,mean(4),75.25,5.25,mean(4),76.25,3.5,mean(4),81.5,4.95,mean(2),85,3.46,mean(4),77.5,5.57,mean(4)
240,651,制度型对外开放的支点:私法关系涉外性之界定及重构,张春良[1],中国法学,2019,国际法学,80.66,4.74,E1,False,,13.48,4.65,8.83,18.4,7.6,6,6,,0,0,0,,,,,,0,,,,68.75,2.99,mean(4),78.5,4.93,mean(4),72.25,7.59,mean(4),85.75,5.91,mean(4),80.5,4.2,mean(4),80,2.31,mean(4)
770,652,论地方政府事权的法理基础与宪法结构,王建学,中国法学,2017,宪法学与行政法学,80.66,6.04,E1,False,,12.43,5.57,6.87,26.3,12.5,4,6,,0,0,0,,,,,,0,,,,80,4.4,mean(4),71.5,9.43,mean(4),71.75,12.47,mean(4),84.75,3.4,mean(4),87,1.83,mean(4),79.5,1.91,mean(4)
465,653,新科技时代的法学基本范畴：挑战与回应,雷磊[1],中国法学,2023,法学理论,80.63,9.25,E1,False,,11.52,6.63,4.88,21.5,21.2,4,6,,0,0,0,,,,,,0,,,,71,21.2,mean(4),82.25,3.1,mean(4),69.25,9.6,mean(4),89.25,2.99,mean(4),85.5,1.73,mean(4),79,1.15,mean(4)
487,654,死刑适用的规范论标准,冯军,中国法学,2018,刑法学,80.63,6.44,E1,False,,11.28,6.2,5.08,21.3,11.5,5,6,,0,0,0,,,,,,0,,,,77.75,6.13,mean(4),72,11.52,mean(4),82.75,3.59,mean(4),83.5,4.43,mean(4),85.75,5.91,mean(4),42,5.66,mean(4)
1899,655,商业外观知识产权竞合问题研究,吴汉东[1],中国法学,2025,知识产权法学,80.63,4.97,E1,False,,10.33,4.23,6.1,18.0,7.9,6,6,,0,0,0,,,,,,0,,,,73.5,7.85,mean(4),81,5.77,mean(4),74.25,2.87,mean(4),83,2.45,mean(4),84,4.32,mean(4),67.75,2.06,mean(4)
166,656,保险损失补偿原则适用范围思考,任自力[1],中国法学,2019,民商法学,80.62,10.21,E1,False,,19.23,9.32,9.92,28.6,24.0,4,6,,0,0,0,,,,,,0,,,,81.5,4.43,mean(4),70.25,24.02,mean(4),66.5,19.82,mean(4),87.5,3.32,mean(4),80,4.4,mean(4),75,0.0,mean(4)
426,657,数字丝绸之路跨国法律秩序的建构与完善,彭岳[1],中国法学,2024,国际法学,80.62,7.91,E1,False,,11.67,6.12,5.55,18.0,17.1,5,6,,0,0,0,,,,,,0,,,,69.25,17.1,mean(4),80,1.63,mean(4),82,6.68,mean(4),84.5,4.93,mean(4),78.25,2.87,mean(4),76.25,3.5,mean(4)
1270,658,公法上警察概念的变迁,陈鹏,法学研究,2017,宪法学与行政法学,80.62,9.5,E1,False,,16.12,7.95,8.17,33.9,21.2,4,6,,0,0,0,,,,,,0,,,,74.25,14.43,mean(4),89,2.0,mean(4),61,21.2,mean(4),83.75,6.75,mean(4),84,1.41,mean(4),79.5,1.91,mean(4)
1558,659,比例原则的适用范围与限度,梅扬[1],法学研究,2020,法学理论,80.62,10.79,E1,False,,14.28,8.55,5.73,26.1,20.9,4,6,,0,0,0,,,,,,0,,,,74.75,20.9,mean(4),80.25,2.06,mean(4),67,19.63,mean(4),87.25,4.11,mean(4),87.25,2.22,mean(4),75,2.45,mean(4)
1691,660,羁押必要性审查制度试点研究报告,陈卫东[1],法学研究,2018,刑法学,80.62,6.87,E1,False,,15.4,6.38,9.02,27.5,14.1,4,6,,0,0,0,,,,,,0,,,,83.75,8.1,mean(4),74,4.9,mean(4),55,14.14,mean(4),80.5,3.7,mean(4),84.5,4.51,mean(4),80.75,2.99,mean(4)
1806,661,逮捕制度再改革的法释义学解读,李训虎[1],法学研究,2018,刑法学,80.62,6.33,E1,False,,12.87,6.27,6.6,20.4,9.4,4,6,,0,0,0,,,,,,0,,,,69.25,9.43,mean(4),82,2.45,mean(4),79,4.24,mean(4),84.75,5.74,mean(4),79.75,8.62,mean(4),74.25,7.32,mean(4)
271,662,司法认定无效行政协议的标准,王敬波[1],中国法学,2019,宪法学与行政法学,80.59,6.36,E1,False,,15.17,7.55,7.62,31.6,26.1,4,6,,0,0,0,,,,,,0,,,,78.33,2.89,mean(3),79.75,2.22,mean(4),68,26.06,mean(4),85.75,1.5,mean(4),84.25,4.27,mean(4),55.75,8.3,mean(4)
1096,663,转型时期刑法立法的思路与方法,周光权,中国社会科学,2016,刑法学,80.56,5.22,E1,False,,14.75,4.98,9.77,24.8,9.1,5,6,,0,0,0,,,,,,0,,,,71.25,5.38,mean(4),79.25,3.4,mean(4),70,9.09,mean(4),82.5,5.26,mean(4),80.75,3.4,mean(4),82.75,3.3,mean(4)
273,664,合宪性、合法性、适当性审查的区别与联系,王锴[1],中国法学,2019,宪法学与行政法学,80.54,7.52,E1,False,,19.03,6.1,12.93,32.0,12.9,4,6,,0,0,0,,,,,,0,,,,70,12.91,mean(4),76.75,9.07,mean(4),81.75,6.5,mean(4),86.5,2.38,mean(4),79.5,1.91,mean(4),65.25,3.77,mean(4)
1513,665,数据产权的法律表达,刘文杰[1],法学研究,2023,民商法学,80.53,8.06,E1,False,,14.45,6.92,7.53,21.0,12.3,4,6,,0,0,0,,,,,,0,,,,71.25,11.35,mean(4),73.25,12.31,mean(4),82.5,7.14,mean(4),87.5,3.32,mean(4),87.75,1.71,mean(4),62,5.72,mean(4)
1568,666,民法与商法二元格局的演变与形成,施鸿鹏,法学研究,2017,民商法学,80.53,12.09,E1,False,,16.17,8.52,7.65,31.2,31.0,4,6,,0,0,0,,,,,,0,,,,71,30.95,mean(4),84.5,1.73,mean(4),71,9.87,mean(4),85.25,2.5,mean(4),82,3.56,mean(4),73,2.45,mean(4)
1740,667,规范说与侵权责任法第79条的适用——与袁中华博士商榷．,吴泽勇,法学研究,2016,民商法学,80.51,8.75,E1,False,,14.58,7.45,7.13,28.8,19.4,4,6,,0,0,0,,,,,,0,,,,68.75,12.74,mean(4),84.5,4.93,mean(4),68.75,19.38,mean(4),90.25,3.5,mean(4),87.67,2.52,mean(3),77,1.73,mean(3)
1226,668,保险法上如实告知义务之新检视,李飞,法学研究,2017,民商法学,80.5,11.04,E1,False,,18.73,7.48,11.25,33.3,29.5,5,6,,0,0,0,,,,,,0,,,,69.25,29.53,mean(4),81.5,4.04,mean(4),75,4.08,mean(4),87.75,2.06,mean(4),83.5,1.73,mean(4),73.25,3.5,mean(4)
651,669,网络谣言的刑法治理:从宪法的视角,"姜涛[1,2,3]",中国法学,2021,宪法学与行政法学,80.49,7.52,E1,False,,12.87,7.28,5.58,27.4,21.5,5,6,,0,0,0,,,,,,0,,,,76.5,7.05,mean(4),83.25,5.38,mean(4),66.75,21.5,mean(4),81.25,3.77,mean(4),89,1.15,mean(4),79,4.76,mean(4)
942,670,人合性在有限公司中的终结,梁上上[1],中国社会科学,2022,民商法学,80.49,10.77,E1,False,,15.18,9.63,5.55,29.5,19.7,4,6,,0,0,0,,,,,,0,,,,75,18.22,mean(4),82.5,2.65,mean(4),68.75,19.74,mean(4),82.75,4.11,mean(4),84.75,6.7,mean(4),72.5,6.45,mean(4)
1047,671,网络时代言论自由的刑法边界,刘艳红,中国社会科学,2016,刑法学,80.49,8.38,E1,False,,15.5,8.27,7.23,21.3,14.6,4,6,,0,0,0,,,,,,0,,,,71.25,11.09,mean(4),77.25,6.18,mean(4),79.25,5.06,mean(4),85.75,6.45,mean(4),76.75,14.57,mean(4),71.75,6.24,mean(4)
924,672,中国宪法社会权的体系解释,刘晗[1],中国社会科学,2023,宪法学与行政法学,80.44,4.98,E1,False,,14.57,4.77,9.8,22.6,8.1,5,6,,0,0,0,,,,,,0,,,,75.25,6.18,mean(4),76.25,3.5,mean(4),70,8.12,mean(4),87.5,3.79,mean(4),86.25,2.06,mean(4),76,4.9,mean(4)
844,673,论行政协议的司法审查,余凌云[1],中国法学,2020,宪法学与行政法学,80.41,5.92,E1,False,,18.77,6.17,12.6,27.6,9.6,5,6,,0,0,0,,,,,,0,,,,78.5,6.35,mean(4),79.25,5.06,mean(4),67,9.63,mean(4),81.75,2.87,mean(4),77.5,6.81,mean(4),76,6.16,mean(4)
905,674,非典型与典型案件：术语、成因及其关系,周赟[1],中国法学,2015,法学理论,80.41,10.55,E1,False,,18.22,9.05,9.17,30.3,21.1,3,6,,0,0,0,,,,,,0,,,,69,21.09,mean(4),85,7.26,mean(4),71,10.74,mean(4),87.25,1.5,mean(4),80.25,3.5,mean(4),69.5,10.21,mean(4)
411,675,承包地三权分置的法律表达,"高圣平[1,2]",中国法学,2018,环境与资源保护法学,80.4,9.48,E1,False,,12.8,7.22,5.58,26.7,21.4,4,6,,0,0,0,,,,,,0,,,,66.75,21.42,mean(4),81.25,2.22,mean(4),80.75,10.87,mean(4),87,2.45,mean(4),86.5,3.42,mean(4),61.25,2.99,mean(4)
170,676,债权转让中对债务人的延续性保护,"朱虎[1,2]",中国法学,2020,民商法学,80.38,8.47,E1,False,,13.88,7.93,5.95,31.6,23.4,4,6,,0,0,0,,,,,,0,,,,79.5,4.8,mean(4),75.5,14.48,mean(4),59.5,23.44,mean(4),89.5,1.91,mean(4),88,1.63,mean(4),66,1.41,mean(4)
1754,677,论我国宪法上的议行复合结构,杜强强[1],法学研究,2023,宪法学与行政法学,80.38,10.55,E1,False,,17.43,9.72,7.72,37.5,29.5,4,6,,0,0,0,,,,,,0,,,,74.75,12.47,mean(4),83,7.26,mean(4),61,29.55,mean(3),88,2.45,mean(4),87.75,2.06,mean(4),79,4.55,mean(4)
557,678,法益自决权与侵犯公民个人信息罪的司法边界,"冀洋[1,2]",中国法学,2019,刑法学,80.37,9.76,E1,False,,16.55,8.98,7.57,22.6,18.2,3,6,,0,0,0,,,,,,0,,,,72,18.24,mean(4),75.75,5.91,mean(4),87.75,10.59,mean(4),83.5,1.73,mean(4),75.75,5.91,mean(4),53.75,11.62,mean(4)
364,679,强制预防接种补偿责任的性质与构成,伏创宇,中国法学,2017,环境与资源保护法学,80.35,6.09,E1,False,,15.68,5.85,9.83,25.5,9.9,3,6,,0,0,0,,,,,,0,,,,75,2.45,mean(4),67.5,9.88,mean(4),85,8.87,mean(4),85,8.08,mean(4),81.75,2.87,mean(4),78.25,2.87,mean(4)
1452,680,平台形态演变视域下垄断行为的异化与因应,侯利阳[1],法学研究,2024,经济法学,80.35,5.67,E1,False,,12.12,4.47,7.65,20.8,9.6,5,6,,0,0,0,,,,,,0,,,,69.25,9.6,mean(4),79.5,2.38,mean(4),81.5,4.73,mean(4),84.25,5.91,mean(4),84,4.24,mean(4),75,0.0,mean(4)
838,681,论网络时代刑法解释的限度,欧阳本祺,中国法学,2017,刑法学,80.34,4.97,E1,False,,12.42,5.13,7.28,20.8,13.5,5,6,,0,0,0,,,,,,0,,,,74,3.65,mean(4),76.25,2.06,mean(4),71.25,13.5,mean(4),88,4.32,mean(4),83.25,4.27,mean(4),74.25,2.87,mean(4)
822,682,论法院对规范性文件的附带审查,何海波[1],中国法学,2021,诉讼法学,80.32,16.11,E1,False,,15.87,12.6,3.27,33.5,33.3,4,6,,0,0,0,,,,,,0,,,,69.75,33.27,mean(4),80,3.65,mean(4),65,26.04,mean(4),86.75,3.5,mean(4),84.5,6.66,mean(4),85,2.45,mean(4)
1610,683,法治评估模式辨异,钱弘道[1];杜维超[1],法学研究,2015,法学理论,80.31,5.4,E1,False,,14.22,5.6,8.62,27.0,8.2,5,6,,0,0,0,,,,,,0,,,,70.25,4.79,mean(4),72.5,7.14,mean(4),79.25,6.75,mean(4),91.25,4.35,mean(4),85,2.45,mean(4),72.5,8.23,mean(4)
420,684,提高民事诉讼证明标准的理论反思,霍海红,中国法学,2016,诉讼法学,80.28,9.0,E1,False,,13.27,8.13,5.13,23.2,16.1,4,6,,0,0,0,,,,,,0,,,,76,16.06,mean(4),85.5,1.73,mean(4),52.25,14.75,mean(4),89.75,3.3,mean(4),78.75,6.4,mean(4),78.75,6.5,mean(4)
687,685,行政罚款设定方式研究,张红[1],中国法学,2020,宪法学与行政法学,80.26,6.89,E1,False,,17.78,6.85,10.93,27.3,12.8,4,6,1-empty-status,0,0,0,,,,,,0,,,,75.25,8.46,mean(4),74,6.16,mean(4),82,4.97,mean(4),80,4.4,mean(4),77,12.81,mean(4),69.5,4.2,mean(4)
1517,686,数据确权的误区,周汉华[1],法学研究,2023,民商法学,80.18,10.66,E1,False,,16.02,8.82,7.2,28.9,21.1,4,6,,0,0,0,,,,,,0,,,,68.25,21.11,mean(4),83.5,1.29,mean(4),62.5,18.48,mean(4),86.75,3.95,mean(4),87.75,2.06,mean(4),80.5,5.97,mean(4)
1509,687,数字时代的身份构建及其法律保障:以个人信息保护为中心的思考,陆青[1],法学研究,2021,民商法学,80.16,12.38,E1,False,,19.03,11.23,7.8,37.0,33.7,3,6,,0,0,0,,,,,,0,,,,78.25,9.43,mean(4),62.5,33.72,mean(4),78.75,5.38,mean(4),89,2.0,mean(4),80.5,15.0,mean(4),79.5,1.91,mean(4)
226,688,刑事证据审查的基本制度结构,吴洪淇,中国法学,2017,诉讼法学,80.13,7.06,E1,False,,13.82,6.28,7.53,25.2,16.7,5,6,,0,0,0,,,,,,0,,,,83.25,5.68,mean(4),53.25,16.68,mean(4),83.25,5.68,mean(4),87.25,3.59,mean(4),81.25,2.99,mean(4),78.5,3.0,mean(4)
968,689,原则/例外关系的民法阐释,易军[1],中国社会科学,2019,民商法学,80.13,9.35,E1,False,,19.55,8.77,10.78,32.3,22.6,3,6,,0,0,0,,,,,,0,,,,74.25,10.72,mean(4),75.75,9.74,mean(4),68.25,22.56,mean(4),89.5,1.0,mean(4),89.25,3.4,mean(4),69.75,5.19,mean(4)
571,690,环境民事公益诉讼中停止侵害责任适用研究,胡静[1],中国法学,2024,民商法学,80.1,5.83,E1,False,,10.72,4.5,6.22,16.5,11.9,5,6,,0,0,0,,,,,,0,,,,71,11.92,mean(4),74,2.71,mean(4),79.25,5.62,mean(4),87.75,3.1,mean(4),86.25,1.26,mean(4),67,2.45,mean(4)
1468,691,我国刑事上诉制度多元化的建构路径——以认罪认罚案件为切入点,牟绿叶[1],法学研究,2020,诉讼法学,80.1,10.13,E1,False,,11.6,8.63,2.97,21.8,21.2,3,6,,0,0,0,,,,,,0,,,,75.75,12.18,mean(4),76.25,11.21,mean(4),71.75,21.17,mean(4),84,4.24,mean(4),86.25,1.26,mean(4),79.75,1.71,mean(4)
1490,692,报偿赠与论,刘勇[1],法学研究,2023,民商法学,80.1,11.87,E1,False,,15.73,8.38,7.35,31.6,28.9,5,6,,0,0,0,,,,,,0,,,,63.33,28.94,mean(3),84,3.46,mean(3),84,5.29,mean(3),85.67,6.66,mean(3),86.25,1.5,mean(4),71.5,4.43,mean(4)
1446,693,导致物权变动之法院判决类型,房绍坤[1],法学研究,2015,民商法学,80.09,8.71,E1,False,,15.5,7.05,8.45,25.5,17.5,4,6,,0,0,0,,,,,,0,,,,65.5,17.54,mean(4),81.75,4.72,mean(4),85.5,9.15,mean(4),83.5,3.7,mean(4),85.25,0.5,mean(4),62,6.78,mean(4)
790,694,论我国民事诉讼标的与诉讼请求的关系,任重[1],中国法学,2021,诉讼法学,80.07,10.05,E1,False,,13.48,7.25,6.23,26.4,23.6,4,6,,0,0,0,,,,,,0,,,,71,23.57,mean(4),82.75,2.63,mean(4),72.75,11.87,mean(4),83.75,2.06,mean(4),87.75,2.06,mean(4),79,1.15,mean(4)
851,695,论证券监管介入上市公司治理的限度,吕成龙[1],中国法学,2024,民商法学,80.07,5.37,E1,False,,12.9,5.18,7.72,22.3,12.9,5,6,,0,0,0,,,,,,0,,,,71.25,5.62,mean(4),80.5,1.91,mean(4),70.25,12.87,mean(4),87.5,4.12,mean(4),84,4.24,mean(4),77,2.45,mean(4)
862,696,诊疗人工智能的医疗损害责任,"郑志峰[1,2]",中国法学,2023,民商法学,80.06,7.4,E1,False,,15.27,6.4,8.87,28.7,14.5,4,6,,0,0,0,,,,,,0,,,,72.25,11.79,mean(4),77.5,4.12,mean(4),74.5,14.48,mean(4),85.75,1.5,mean(4),81.25,4.79,mean(4),66.5,1.73,mean(4)
1113,697,“谁主张谁举证”规则的历史变迁与现代运用,胡东海,法学研究,2017,诉讼法学,80.06,12.17,E1,False,,19.83,10.17,9.67,30.1,22.9,4,6,,0,0,0,,,,,,0,,,,71.25,22.26,mean(4),83.5,3.7,mean(4),63.5,22.94,mean(4),89.5,4.2,mean(4),87.25,1.5,mean(4),72.5,6.4,mean(4)
1478,698,我国知识产权法院的治理实效与制度逻辑,陈天昊[1];苏亦坡[1],法学研究,2023,知识产权法学,80.06,10.08,E1,False,,12.45,7.18,5.27,24.1,23.5,5,6,,0,0,0,,,,,,0,,,,63,23.51,mean(4),82,3.56,mean(4),80,6.73,mean(4),82.5,4.43,mean(4),83,3.46,mean(4),82,1.41,mean(4)
221,699,刑事案件的差异化判决及其合理性,周少华[1],中国法学,2019,刑法学,80.04,10.43,E1,False,,18.98,8.43,10.55,28.3,21.9,4,6,,0,0,0,,,,,,0,,,,69.75,21.88,mean(4),83,2.0,mean(4),71.75,14.22,mean(4),86,2.83,mean(4),82.5,5.57,mean(4),75,4.08,mean(4)
299,700,"在""生活事实""与""法律要件""之间:证明责任分配对象的误识与回归",胡学军[1],中国法学,2019,诉讼法学,80.04,11.61,E1,False,,14.18,8.28,5.9,31.6,29.5,4,6,,0,0,0,,,,,,0,,,,69.25,29.53,mean(4),84.25,1.5,mean(4),70.75,8.85,mean(4),86.25,3.5,mean(4),87.75,2.06,mean(4),75.75,4.35,mean(4)
1559,701,民事实质诉讼法论,陈刚[1],法学研究,2018,诉讼法学,80.04,3.09,E1,False,,12.92,3.15,9.77,20.6,5.0,6,6,,0,0,0,,,,,,0,,,,78.75,2.99,mean(4),77,2.45,mean(4),74.75,3.77,mean(4),76.25,4.19,mean(4),85.25,0.5,mean(4),77.5,5.0,mean(4)
1704,702,著作权合同中作者权益保护的规则取舍与续造,熊琦[1],法学研究,2022,民商法学,80.01,9.3,E1,False,,12.48,6.53,5.95,26.9,25.4,5,6,,0,0,0,,,,,,0,,,,69.75,25.36,mean(4),79,2.0,mean(4),76.25,3.5,mean(4),86.5,1.73,mean(4),85.5,1.73,mean(4),72,4.9,mean(4)
1612,703,法秩序统一性原理之建构,雷磊[1],法学研究,2025,诉讼法学,79.99,5.06,E1,False,,11.88,4.23,7.65,24.6,7.5,6,6,,0,0,0,,,,,,0,,,,65.5,7.55,mean(4),84,4.24,mean(4),78.25,6.95,mean(4),90.5,3.42,mean(4),88.75,0.96,mean(4),57,2.45,mean(4)
208,704,再论建设用地使用权出让合同的民事属性,屈茂辉[1],中国法学,2023,民商法学,79.97,4.88,E1,False,,16.95,4.62,12.33,33.3,15.6,5,6,,0,0,0,,,,,,0,,,,74,5.42,mean(4),80.5,1.91,mean(4),66.5,15.59,mean(4),85.75,1.71,mean(4),85,0.82,mean(4),70,2.31,mean(4)
670,705,行刑衔接中的行政执法边界研究,练育强,中国法学,2016,刑法学,79.96,6.61,E1,False,,23.07,7.98,15.08,34.3,15.6,4,6,,0,0,0,,,,,,0,,,,78,5.72,mean(4),77.5,2.89,mean(4),76.75,9.07,mean(4),75,7.26,mean(4),75,7.26,mean(4),68.25,15.56,mean(4)
1422,706,宅基地立法政策与宅基地使用权制度改革,韩松[1],法学研究,2019,环境与资源保护法学,79.96,8.37,E1,False,,19.22,8.13,11.08,29.2,16.5,4,6,,0,0,0,,,,,,0,,,,77.5,5.57,mean(4),69.5,16.46,mean(4),76.75,10.75,mean(4),83.75,4.19,mean(4),78.25,7.41,mean(4),75.75,4.35,mean(4)
1726,707,行政诉讼给付判决的构造与功能,黄锴[1],法学研究,2020,宪法学与行政法学,79.95,13.43,E1,False,,13.65,8.88,4.77,40.5,37.6,5,6,,0,0,0,,,,,,0,,,,63.33,37.65,mean(3),82.75,5.12,mean(4),82.75,1.5,mean(4),87.25,2.22,mean(4),90.5,1.91,mean(4),74.75,4.99,mean(4)
773,708,论基金托管人的治理功能与独立责任,洪艳蓉[1],中国法学,2019,经济法学,79.93,9.88,E1,False,,14.08,6.68,7.4,26.4,24.3,5,6,,0,0,0,,,,,,0,,,,71.25,24.28,mean(4),73.25,5.68,mean(4),79.75,5.56,mean(4),87,2.45,mean(4),85.5,0.58,mean(4),76.25,1.5,mean(4)
537,709,法律方法的体系构造,黄泽敏[1],中国法学,2024,法学理论,79.9,11.71,E1,False,,17.1,8.67,8.43,35.9,27.0,4,6,,0,0,0,,,,,,0,,,,70.5,27.04,mean(4),71.75,9.74,mean(4),88.75,0.96,mean(4),82.75,3.59,mean(4),87.5,5.0,mean(4),76.75,5.68,mean(4)
1025,710,犯罪化与惩罚体系的完善,时延安,中国社会科学,2018,刑法学,79.9,9.52,E1,False,,13.8,7.58,6.22,20.6,19.4,4,6,,0,0,0,,,,,,0,,,,67.5,19.43,mean(4),81.75,4.72,mean(4),78.75,9.0,mean(4),84.75,4.72,mean(4),86,1.41,mean(4),76.25,6.29,mean(4)
1241,711,先签合同与后续合同的关系及其解释,崔建远[1],法学研究,2018,民商法学,79.9,12.53,E1,False,,14.38,9.68,4.7,32.3,27.1,4,6,,0,0,0,,,,,,0,,,,70.75,17.67,mean(4),65,27.08,mean(4),86.25,6.24,mean(4),82.5,3.32,mean(4),85.25,0.5,mean(4),80.25,3.3,mean(4)
1255,712,公众意见影响法官决策的理论和实验分析,陈林林,法学研究,2018,诉讼法学,79.9,7.0,E1,False,,15.07,6.05,9.02,20.4,12.8,5,6,,0,0,0,,,,,,0,,,,76.5,7.05,mean(4),73.5,12.77,mean(4),81.75,2.63,mean(4),77.25,7.09,mean(4),79.75,3.5,mean(4),67.5,3.32,mean(4)
1487,713,技术从属性下雇主的算法权力与法律规制,田思路[1],法学研究,2022,经济法学,79.88,4.74,E1,False,,12.0,3.9,8.1,17.3,8.7,5,6,,0,0,0,,,,,,0,,,,71,8.72,mean(4),83.75,1.5,mean(4),72,4.97,mean(4),82.5,3.32,mean(4),80.75,3.4,mean(4),73.75,1.5,mean(4)
1518,714,数据确权：理路、方法与经济意义,熊丙万[1];何娟[2],法学研究,2023,民商法学,79.88,13.98,E1,False,,12.77,9.93,2.83,31.3,35.5,4,6,,0,0,0,,,,,,0,,,,66,35.54,mean(3),82,1.63,mean(4),75,14.38,mean(4),89.5,1.91,mean(4),85.75,2.87,mean(4),72.75,3.3,mean(4)
1541,715,期待可能性理论的引入及限定性适用,钱叶六,法学研究,2015,刑法学,79.87,10.13,E1,False,,15.68,8.82,6.87,28.8,23.1,4,6,,0,0,0,,,,,,0,,,,68.5,16.22,mean(4),87,3.46,mean(4),68.25,23.13,mean(4),85.75,2.87,mean(4),87,3.37,mean(4),74.75,3.77,mean(4)
1128,716,个人信息保护:从个人控制到社会控制,"高富平[1,2]",法学研究,2018,民商法学,79.84,6.06,E1,False,,12.98,5.58,7.4,19.1,9.7,5,6,,0,0,0,,,,,,0,,,,78.75,6.5,mean(4),72.5,7.55,mean(4),74.25,9.74,mean(4),80.25,3.3,mean(4),87.75,3.1,mean(4),74.75,3.4,mean(4)
528,717,法域冲突的排除：立场、规则与适用,于改之,中国法学,2018,民商法学,79.81,12.73,E1,False,,15.45,9.47,5.98,26.9,26.8,4,6,,0,0,0,,,,,,0,,,,71.75,20.04,mean(4),75,26.82,mean(4),81.75,2.87,mean(4),82.5,3.32,mean(4),86,1.41,mean(4),72,2.45,mean(4)
1500,718,收养法的社会化:从亲子法转向儿童法,邓丽[1],法学研究,2020,民商法学,79.81,8.54,E1,False,,15.17,6.93,8.23,26.3,16.4,4,6,,0,0,0,,,,,,0,,,,67.25,13.45,mean(4),83.75,5.06,mean(4),65.75,16.38,mean(4),84,4.24,mean(4),86,1.41,mean(4),81.5,1.0,mean(4)
1870,719,自动驾驶分级治理的法理反思与规则重构,郑志峰[1],法学研究,2025,法学理论,79.81,8.5,E1,False,,16.02,5.8,10.22,25.0,20.8,5,6,,0,0,0,,,,,,0,,,,68.5,20.82,mean(4),75.5,3.79,mean(4),89.25,3.4,mean(4),81.25,3.77,mean(4),86.25,1.5,mean(4),67.25,1.5,mean(4)
527,720,法典化的历史叙事,高仰光[1],中国法学,2021,法学理论,79.76,11.66,E1,False,,14.15,8.75,5.4,29.8,26.5,4,6,,0,0,0,,,,,,0,,,,69.75,26.54,mean(4),85.25,3.77,mean(4),67.5,15.2,mean(4),85.75,1.5,mean(4),83.5,1.73,mean(4),77.25,3.77,mean(4)
694,721,行政诉讼的诉审判一致性,王贵松[1],中国法学,2024,宪法学与行政法学,79.76,10.25,E1,False,,15.08,8.5,6.58,31.6,19.9,4,6,,0,0,0,,,,,,0,,,,67.75,19.94,mean(4),84.5,1.73,mean(4),67.5,17.82,mean(4),89.5,3.32,mean(4),86.75,3.5,mean(4),61.25,4.79,mean(4)
1514,722,数据何以确权,王利明[1],法学研究,2023,民商法学,79.76,6.18,E1,False,,16.47,6.77,9.7,22.3,9.1,4,6,,0,0,0,,,,,,0,,,,69.75,6.65,mean(4),81.25,6.4,mean(4),70.5,7.14,mean(4),87.5,2.38,mean(4),77.75,9.11,mean(4),68,8.91,mean(4)
754,723,论刑事证据资格之多重性,林志毅[1],中国法学,2022,诉讼法学,79.75,10.91,E1,False,,13.72,8.42,5.3,26.0,23.5,4,6,,0,0,0,,,,,,0,,,,65.25,23.54,mean(4),79.25,5.62,mean(4),83.75,8.42,mean(4),86.25,3.5,mean(4),78.75,5.74,mean(4),68.75,3.77,mean(4)
910,724,高校校规：司法适用的正当性与适用原则,徐靖,中国法学,2017,宪法学与行政法学,79.71,4.92,E1,False,,13.37,4.4,8.97,22.3,7.0,6,6,,0,0,0,,,,,,0,,,,73.5,7.05,mean(4),81.75,2.87,mean(4),70,4.0,mean(4),85.75,5.91,mean(4),86.5,2.38,mean(4),59,4.24,mean(4)
1432,725,审判管理的运行体系和制度逻辑,樊传明[1],法学研究,2024,诉讼法学,79.69,10.72,E1,False,,18.42,9.73,8.68,35.6,31.5,4,6,,0,0,0,,,,,,0,,,,82.5,3.79,mean(4),62,31.49,mean(4),63.25,13.84,mean(4),84.25,4.35,mean(4),83.5,1.73,mean(4),84.5,3.32,mean(4)
1807,726,逮捕审查判断中犯罪嫌疑人社会危险性的量化评估,周翔[1],法学研究,2024,刑法学,79.68,5.87,E1,False,,12.15,4.58,7.57,20.6,12.3,5,6,,0,0,0,,,,,,0,,,,68.25,12.28,mean(4),73.5,3.7,mean(4),86,1.41,mean(4),85.5,3.32,mean(4),83.5,4.43,mean(4),77,2.45,mean(4)
48,727,《民法典》视域下的一般人格权,温世扬[1],中国法学,2022,民商法学,79.66,7.94,E1,False,,13.72,5.8,7.92,27.8,20.1,5,6,,0,0,0,,,,,,0,,,,65,20.15,mean(4),83.25,2.75,mean(4),74.75,3.77,mean(4),89,2.0,mean(4),88,1.41,mean(4),78.25,4.72,mean(4)
204,728,共同市场支配地位制度拓展适用于算法默示共谋研究,"时建中[1,2]",中国法学,2020,经济法学,79.66,9.88,E1,False,,15.1,7.65,7.45,25.0,22.3,5,6,1-empty-status,0,0,0,,,,,,0,,,,67.75,22.29,mean(4),83.25,4.27,mean(4),80.25,5.68,mean(4),80.75,3.4,mean(4),80.75,5.97,mean(4),76.25,4.19,mean(4)
302,729,地方人大常委会在合宪性审查中的作用及其展开,"温泽彬[1,2]",中国法学,2024,宪法学与行政法学,79.66,5.39,E1,False,,12.7,4.77,7.93,19.6,7.5,6,6,,0,0,0,,,,,,0,,,,70,7.48,mean(4),77.75,3.1,mean(4),85.75,7.41,mean(4),78.75,5.38,mean(4),85.75,1.5,mean(4),79.5,3.7,mean(4)
1295,730,刑事证据分布理论及其运用,冯俊伟[1],法学研究,2019,诉讼法学,79.62,9.24,E1,False,,12.75,6.82,5.93,28.4,20.6,4,6,,0,0,0,,,,,,0,,,,65.5,20.6,mean(4),83,8.87,mean(4),78.5,4.51,mean(4),85.5,1.0,mean(4),88.25,2.36,mean(4),77,3.46,mean(4)
1306,731,刑事隐蔽性证据规则研究,秦宗文,法学研究,2016,诉讼法学,79.62,6.9,E1,False,,14.0,6.65,7.35,17.8,11.5,4,6,,0,0,0,,,,,,0,,,,74.25,5.91,mean(4),73.75,8.69,mean(4),75,11.49,mean(4),84.25,4.35,mean(4),79.25,6.5,mean(4),78.75,2.99,mean(4)
1466,732,成片开发与土地征收,黄忠[1],法学研究,2020,宪法学与行政法学,79.62,8.4,E1,False,,13.8,6.48,7.32,23.4,16.3,4,6,,0,0,0,,,,,,0,,,,70.5,16.26,mean(4),78.25,2.87,mean(4),66.5,11.82,mean(4),91.75,4.72,mean(4),84.25,1.5,mean(4),76.5,1.73,mean(4)
1660,733,知识产权惩罚性赔偿的类型化适用与风险避免——基于国际知识产权规则的视角,刘银良[1],法学研究,2022,知识产权法学,79.6,7.42,E1,False,,14.8,6.7,8.1,21.7,13.2,4,6,,0,0,0,,,,,,0,,,,77.5,8.81,mean(4),64,13.24,mean(4),79.75,6.02,mean(4),85.5,2.52,mean(4),84.75,4.72,mean(4),72.5,5.0,mean(4)
201,734,公民遵守劳动纪律义务的宪法变迁与启示,"阎天[1,2]",中国法学,2021,宪法学与行政法学,79.56,5.01,E1,False,,11.28,4.08,7.2,23.2,7.6,6,6,,0,0,0,,,,,,0,,,,78.75,6.5,mean(4),72.25,7.04,mean(4),63,7.57,mean(4),87.75,2.06,mean(4),85,0.82,mean(4),72.25,0.5,mean(4)
387,735,我国民事管辖审查程序的反思与修正,段文波[1],中国法学,2019,诉讼法学,79.54,9.06,E1,False,,13.9,7.53,6.37,26.1,19.3,4,6,,0,0,0,,,,,,0,,,,65,19.3,mean(4),82.5,5.57,mean(4),82.75,3.59,mean(4),83.25,4.27,mean(4),81.75,2.87,mean(4),66.5,9.47,mean(4)
1276,736,关键信息基础设施保护的合作治理,陈越峰[1],法学研究,2018,宪法学与行政法学,79.54,4.35,E1,False,,13.63,3.8,9.83,23.0,6.9,6,6,,0,0,0,,,,,,0,,,,69.75,6.65,mean(4),80.75,2.22,mean(4),78.25,6.95,mean(4),81.25,2.99,mean(4),80.75,1.5,mean(4),73.75,2.5,mean(4)
354,737,工伤排除规则重构:从过错到因果,侯玲玲[1],中国法学,2019,刑法学,79.53,9.91,E1,False,,18.5,10.1,8.4,30.7,27.2,3,6,,0,0,0,,,,,,0,,,,85,2.45,mean(4),65.5,27.16,mean(4),71,13.83,mean(4),79,2.0,mean(4),76,10.23,mean(4),77.5,5.0,mean(4)
628,738,系统论法学视角下现代司法裁判中规范与事实的区分,泮伟江[1],中国法学,2024,法学理论,79.47,8.23,E1,False,,15.05,7.37,7.68,20.5,14.9,4,6,,0,0,0,,,,,,0,,,,71.25,14.86,mean(4),84.25,3.3,mean(4),76.5,5.2,mean(4),80.75,7.37,mean(4),87.25,3.77,mean(4),53.75,9.6,mean(4)
717,739,论个人数据经济利益的归属与法律保护,程啸[1],中国法学,2024,民商法学,79.46,7.51,E1,False,,13.32,6.92,6.4,31.3,17.6,4,6,,0,0,0,,,,,,0,,,,73.25,12.2,mean(4),86.75,1.89,mean(4),55.75,17.58,mean(4),86.5,1.73,mean(4),88,1.63,mean(4),67.5,6.45,mean(4)
605,740,私人复制的著作权法制度应对:从机械复制到云服务,杨明,中国法学,2021,知识产权法学,79.44,11.19,E1,False,,15.42,8.6,6.82,27.9,23.0,4,6,,0,0,0,,,,,,0,,,,69,22.99,mean(4),80.25,3.3,mean(4),74.5,15.15,mean(4),85.25,5.25,mean(4),86,1.41,mean(4),79.25,3.4,mean(4)
491,741,民事二审不开庭审理的反思与修正,段文波[1],中国法学,2021,诉讼法学,79.35,4.83,E1,False,,15.43,4.73,10.7,26.9,6.4,6,6,,0,0,0,,,,,,0,,,,81.25,5.38,mean(4),65.75,4.92,mean(4),73.5,6.4,mean(4),81.75,2.87,mean(4),82.5,5.26,mean(4),67,3.46,mean(4)
219,742,刑事庭审实质化的维度与机制探讨,陈实,中国法学,2018,诉讼法学,79.32,6.26,E1,False,,14.62,6.3,8.32,20.7,8.4,5,6,,0,0,0,,,,,,0,,,,72.5,5.57,mean(4),80,7.87,mean(4),70.5,7.55,mean(4),82.75,4.11,mean(4),79.5,8.43,mean(4),76.75,4.27,mean(4)
1078,743,论数据用益权,申卫星[1],中国社会科学,2020,民商法学,79.31,8.94,E1,False,,13.85,7.32,6.53,19.2,13.0,4,6,,0,0,0,,,,,,0,,,,62.5,13.03,mean(4),85,7.07,mean(4),82.75,7.41,mean(4),83.5,10.12,mean(4),89.25,3.4,mean(4),74.25,2.87,mean(4)
669,744,行为市场失灵及其法律应对,应飞虎[1],中国法学,2022,经济法学,79.29,8.07,E1,False,,14.87,6.63,8.23,24.0,16.5,5,6,5-boundary-only,0,0,0,,,,,,0,,,,65.75,16.5,mean(4),81.75,6.24,mean(4),76.5,6.4,mean(4),86.5,1.73,mean(4),86.75,2.36,mean(4),72.5,6.56,mean(4)
1579,745,民法基本原则的意义脉络,易军[1],法学研究,2018,民商法学,79.29,5.1,E1,False,,10.8,4.45,6.35,16.0,7.2,6,6,,0,0,0,,,,,,0,,,,64.25,7.23,mean(4),86,2.45,mean(4),82.5,7.14,mean(4),80,5.6,mean(4),85.25,0.5,mean(4),64.75,3.95,mean(4)
182,746,党政联合发文的信息公开困境与规则重塑:基于司法裁判的分析,张力[1],中国法学,2020,宪法学与行政法学,79.28,11.66,E1,False,,18.03,9.9,8.13,28.8,20.5,3,6,,0,0,0,,,,,,0,,,,69.5,20.49,mean(4),82.5,5.57,mean(4),69.25,16.68,mean(4),85.5,6.61,mean(4),82.75,1.5,mean(4),78,8.49,mean(4)
31,747,“法律脱嵌治理”：中国式邻避纠纷的制度成因及治理,何艳玲[1],中国法学,2022,民商法学,79.27,8.01,E1,False,,13.03,5.57,7.47,22.0,20.7,5,6,,0,0,0,,,,,,0,,,,63.5,20.73,mean(4),84.75,2.06,mean(4),79.75,5.19,mean(4),84.33,2.08,mean(3),85.25,0.5,mean(4),73.25,2.75,mean(4)
34,748,“犯罪所得投资收益”追缴的影响因素与判断规则,庄绪龙[1],中国法学,2019,刑法学,79.25,4.49,E1,False,,10.85,4.23,6.62,17.5,9.7,5,6,,0,0,0,,,,,,0,,,,75.75,1.71,mean(4),72.5,9.71,mean(4),73.25,7.46,mean(4),83,3.37,mean(4),86.5,1.73,mean(4),67,1.41,mean(4)
1913,749,著作权法中作品独创性的技术逻辑,"王国柱[1,2]",中国法学,2025,知识产权法学,79.25,11.01,E1,False,,17.4,10.42,6.98,24.1,21.6,3,6,,0,0,0,,,,,,0,,,,75.25,8.3,mean(4),72.25,21.61,mean(4),73.25,15.35,mean(4),84,4.62,mean(4),78,6.73,mean(4),68.5,6.03,mean(4)
701,750,规范视野下的地方性事务,郑毅[1],中国法学,2022,宪法学与行政法学,79.22,10.89,E1,False,,14.07,8.2,5.87,27.5,22.7,4,6,,0,0,0,,,,,,0,,,,61.25,22.71,mean(4),79.25,6.9,mean(4),76.75,10.24,mean(4),86.75,3.5,mean(4),87,3.37,mean(4),83.75,2.5,mean(4)
1477,751,我国犯罪附随后果制度规范化研究,彭文华[1],法学研究,2022,刑法学,79.19,4.54,E1,False,,14.2,4.83,9.37,22.9,6.6,6,6,,0,0,0,,,,,,0,,,,72.5,4.12,mean(4),79.5,1.91,mean(4),66.75,5.38,mean(4),85.5,6.61,mean(4),80.5,4.8,mean(4),76.25,6.24,mean(4)
1079,752,论新型网络犯罪立法及其适用,皮勇,中国社会科学,2018,刑法学,79.18,5.37,E1,False,,14.1,5.18,8.92,21.1,9.8,5,6,,0,0,0,,,,,,0,,,,70.75,9.78,mean(4),78,0.0,mean(4),75.5,6.61,mean(4),83,3.37,mean(4),83.25,4.27,mean(4),72.75,6.99,mean(4)
1129,753,个人信息保护合规的体系构建,敬力嘉[1],法学研究,2022,民商法学,79.18,6.48,E1,False,,14.12,5.85,8.27,20.5,9.1,5,6,,0,0,0,,,,,,0,,,,68.5,9.11,mean(4),80.25,4.79,mean(4),75,7.26,mean(4),84.5,5.51,mean(4),82.75,3.59,mean(4),71.25,4.79,mean(4)
640,754,绿色发展中的环境法实施问题：基于PX事件的微观分析,陈海嵩,中国法学,2016,环境与资源保护法学,79.16,6.45,E1,False,,17.3,6.05,11.25,27.5,14.2,4,6,1-empty-status,0,0,0,,,,,,0,,,,72.25,8.34,mean(4),81,6.16,mean(4),65.75,14.22,mean(4),85,0.0,mean(4),77.5,4.12,mean(4),73,3.46,mean(4)
62,755,"个人信息处理中的""同意""与""同意撤回""",万方,中国法学,2021,民商法学,79.13,6.9,E1,False,,14.1,6.78,7.32,23.0,11.8,4,6,,0,0,0,,,,,,0,,,,69.5,9.81,mean(4),77.25,1.5,mean(4),77.75,11.79,mean(4),83.75,4.19,mean(4),83.25,7.63,mean(4),73,5.77,mean(4)
1633,756,牵连关系的类型——基于刑事立法、司法解释规定的分析,王彦强[1],法学研究,2022,刑法学,79.13,12.58,E1,False,,14.35,9.27,5.08,24.4,25.3,4,6,,0,0,0,,,,,,0,,,,68.67,25.32,mean(3),75.75,17.25,mean(4),78.75,3.77,mean(4),85.75,2.87,mean(4),85.75,1.5,mean(4),77,4.76,mean(4)
688,757,行政行为违法性继承的中国图景,成协中,中国法学,2016,民商法学,79.1,5.99,E1,False,,16.93,6.08,10.85,30.8,20.1,5,6,1-empty-status,0,0,0,,,,,,0,,,,80.75,3.4,mean(4),81.25,4.57,mean(4),53.75,20.14,mean(4),80.75,3.4,mean(4),79,2.0,mean(4),78.75,2.99,mean(4)
372,758,我国保险法因果关系判断路径与规则,初北平[1],中国法学,2020,刑法学,79.09,6.47,E1,False,,16.22,7.35,8.87,33.6,28.6,5,6,,0,0,0,,,,,,0,,,,73,1.41,mean(4),85.25,2.06,mean(4),60.5,28.58,mean(4),83.25,3.5,mean(4),78,4.32,mean(4),70.5,4.2,mean(4)
1712,759,行刑衔接中采信专业性认定之困境及其破解——以事故调查报告为研究对象,张泽涛[1],法学研究,2024,刑法学,79.09,7.49,E1,False,,15.7,7.22,8.48,24.7,14.4,3,6,,0,0,0,,,,,,0,,,,80.5,10.21,mean(4),78.25,4.72,mean(4),55.5,11.15,mean(4),82.75,1.5,mean(4),75.75,14.43,mean(4),66.75,1.26,mean(4)
810,760,论民事权益位阶:以《民法典》为中心,王利明[1],中国法学,2022,民商法学,79.07,7.45,E1,False,,14.75,6.38,8.37,23.5,16.1,5,6,,0,0,0,,,,,,0,,,,63.75,16.09,mean(4),80.75,3.4,mean(4),80.25,6.55,mean(4),86.75,1.26,mean(4),82.5,3.32,mean(4),65.5,7.59,mean(4)
346,761,家庭法介入家庭关系的界限及其对婚姻家庭编实施的启示,夏江皓[1],中国法学,2022,民商法学,79.04,5.71,E1,False,,17.23,5.15,12.08,30.0,9.6,5,6,,0,0,0,,,,,,0,,,,74.75,9.64,mean(4),65.75,5.91,mean(4),77.75,5.06,mean(4),87,1.83,mean(4),86.5,1.73,mean(4),79.25,6.75,mean(4)
658,762,股东协议暗箱治理的公司法回应,"汪青松[1,2]",中国法学,2023,民商法学,79.04,12.14,E1,False,,15.93,9.55,6.38,26.4,24.2,3,6,,0,0,0,,,,,,0,,,,70.75,24.19,mean(4),82.5,5.0,mean(4),69.75,11.03,mean(4),82.25,6.45,mean(4),83.75,8.1,mean(4),79,2.58,mean(4)
1690,763,羁押必要性判断中的“一贯表现”证据研究,秦宗文[1],法学研究,2023,诉讼法学,79.04,9.77,E1,False,,16.9,8.47,8.43,23.9,14.4,3,6,,0,0,0,,,,,,0,,,,71,11.46,mean(4),73.75,14.36,mean(4),76.25,10.31,mean(4),85.75,5.68,mean(4),79.75,6.65,mean(4),77.25,2.22,mean(4)
275,764,合宪性审查中的宪法精神,左亦鲁[1],中国法学,2024,宪法学与行政法学,79.01,9.26,E1,False,,16.42,8.75,7.67,34.1,28.6,4,6,,0,0,0,,,,,,0,,,,73.25,10.37,mean(4),84,1.83,mean(4),60.25,28.59,mean(4),84,4.9,mean(4),83.75,3.5,mean(4),77.5,3.32,mean(4)
939,765,事实、证据与事实认定,张保生,中国社会科学,2017,诉讼法学,79.01,9.66,E1,False,,18.83,8.2,10.63,30.4,17.4,3,6,,0,0,0,,,,,,0,,,,70.25,17.42,mean(4),72.5,11.15,mean(4),76.25,6.75,mean(4),88,2.16,mean(4),83.25,3.5,mean(4),75.75,8.1,mean(4)
955,766,公司法中的契约自由——以股权处分抑制条款为视角,冯果;段丙华,中国社会科学,2017,民商法学,79.01,5.22,E1,False,,15.03,4.67,10.37,24.8,7.1,6,6,,0,0,0,,,,,,0,,,,71.5,6.03,mean(4),71.75,6.24,mean(4),72.75,7.09,mean(4),89.5,3.32,mean(4),84.25,3.3,mean(4),72.25,2.06,mean(4)
1376,767,国际私法与民法典的分与合,宋晓,法学研究,2017,国际法学,79.0,7.59,E1,False,,12.82,6.55,6.27,23.3,16.9,4,6,,0,0,0,,,,,,0,,,,75.5,9.43,mean(4),77.25,6.99,mean(4),50,16.91,mean(4),86.5,3.0,mean(4),84.25,1.5,mean(4),82.75,1.5,mean(4)
884,768,过罚相当原则的规范构造与适用,刘权[1],中国法学,2023,宪法学与行政法学,78.99,8.67,E1,False,,14.47,6.7,7.77,23.0,18.8,4,6,,0,0,0,,,,,,0,,,,72,18.78,mean(4),77.25,1.5,mean(4),67.25,11.87,mean(4),87.25,2.22,mean(4),84.25,4.35,mean(4),74.25,1.5,mean(4)
1375,769,国际法院解释领土条约的路径、方法及其拓展,张卫彬[1],法学研究,2015,国际法学,78.99,5.59,E1,False,,14.68,5.3,9.38,21.2,9.3,4,6,,0,0,0,,,,,,0,,,,77,9.27,mean(4),83.75,4.19,mean(4),54.25,2.87,mean(4),83,4.16,mean(4),78.75,2.99,mean(4),75,8.16,mean(4)
825,770,论演绎权的保护范围,梁志文[1],中国法学,2015,知识产权法学,78.97,10.97,E1,False,,15.92,9.7,6.22,23.1,20.8,4,6,,0,0,0,,,,,,0,,,,70.75,20.84,mean(4),83.25,7.63,mean(4),80,6.27,mean(4),77.75,2.06,mean(4),76.25,15.41,mean(4),58.5,6.03,mean(4)
854,771,论金融司法与金融监管协同治理机制,鲁篱[1],中国法学,2021,经济法学,78.97,4.37,E1,False,,15.3,4.37,10.93,29.9,6.3,6,6,,0,0,0,,,,,,0,,,,77.75,2.06,mean(4),75.5,5.97,mean(4),60,6.27,mean(4),85.75,5.68,mean(4),88,3.56,mean(4),65.5,2.52,mean(4)
888,772,连带责任的弹性不足及其克服,张平华,中国法学,2015,民商法学,78.97,10.3,E1,False,,17.27,9.07,8.2,22.5,17.8,3,6,,0,0,0,,,,,,0,,,,69.25,17.84,mean(4),76.25,7.68,mean(4),79,8.41,mean(4),83.5,3.7,mean(4),75,11.49,mean(4),74.75,5.25,mean(4)
223,773,刑事职能管辖错位的程序规制,谢小剑,中国法学,2021,诉讼法学,78.96,6.77,E1,False,,16.22,7.55,8.67,25.5,17.1,4,6,,0,0,0,,,,,,0,,,,71.75,6.24,mean(4),83.25,4.27,mean(4),69.25,17.1,mean(4),80,2.31,mean(4),79.25,5.06,mean(4),70,10.3,mean(4)
677,774,行政契约履行争议适用《行政诉讼法》第97条之探讨,于立深[1],中国法学,2019,宪法学与行政法学,78.96,10.54,E1,False,,19.77,9.55,10.22,33.6,28.7,4,6,,0,0,0,,,,,,0,,,,82.25,6.75,mean(4),62.75,28.72,mean(4),73.25,10.24,mean(4),81.75,2.63,mean(4),87,5.03,mean(4),71.5,4.04,mean(4)
691,775,行政许可要件契约化的限定及其制度构造,章剑生[1],中国法学,2025,宪法学与行政法学,78.96,8.65,E1,False,,12.35,5.95,6.4,25.0,21.7,5,6,,0,0,0,,,,,,0,,,,68.25,21.7,mean(4),77.75,3.1,mean(4),81.25,4.57,mean(4),81.75,2.87,mean(4),84.5,1.73,mean(4),66.5,1.73,mean(4)
747,776,论具体权利概念的结构,张恒山[1],中国法学,2021,民商法学,78.94,11.32,E1,False,,20.43,11.58,8.85,36.2,31.0,4,6,5-boundary-only,0,0,0,,,,,,0,,,,85.5,1.0,mean(4),62.25,23.47,mean(4),61,30.95,mean(4),86.5,5.97,mean(4),83.5,1.73,mean(4),71.25,6.29,mean(4)
403,777,我国轻罪案件的程序实践检讨,张栋[1],中国法学,2024,刑法学,78.93,7.2,E1,False,,14.65,6.62,8.03,28.3,8.4,4,6,,0,0,0,,,,,,0,,,,81,8.41,mean(4),74.75,7.27,mean(4),59.25,5.06,mean(4),82,8.12,mean(4),78.5,6.03,mean(4),79.5,4.8,mean(4)
415,778,指定居所监视居住实施问题的解释论分析,程雷,中国法学,2016,法学理论,78.93,5.89,E1,False,,15.23,4.97,10.27,21.3,10.7,5,6,,0,0,0,,,,,,0,,,,75.25,10.69,mean(4),77.25,4.57,mean(4),61.75,4.72,mean(4),86.25,3.5,mean(4),84.75,0.96,mean(4),74.5,5.26,mean(4)
1139,779,中国刑事专家辅助人向专家证人的角色转变,张保生[1];董帅[2],法学研究,2020,刑法学,78.93,7.86,E1,False,,13.28,7.97,5.32,31.0,24.5,5,6,,0,0,0,,,,,,0,,,,78.25,7.41,mean(4),84.25,2.87,mean(4),60.75,24.47,mean(4),75.5,3.79,mean(4),83.75,3.5,mean(4),76.5,5.74,mean(4)
1716,780,行政复议法的修改与完善以 “实质性解决行政争议”为视角,王万华[1],法学研究,2019,宪法学与行政法学,78.93,8.45,E1,False,,12.5,6.87,5.63,20.7,15.6,4,6,,0,0,0,,,,,,0,,,,66.75,15.56,mean(4),86.5,3.7,mean(4),68.75,11.64,mean(4),84.5,4.73,mean(4),86,1.41,mean(4),70.5,4.2,mean(4)
291,781,国家符号的刑法保护,高巍[1],中国法学,2022,刑法学,78.9,9.42,E1,False,,17.65,8.9,8.75,22.3,19.6,4,6,,0,0,0,,,,,,0,,,,68.75,13.7,mean(4),76.75,4.27,mean(4),74.25,19.55,mean(4),87,2.45,mean(4),85,7.26,mean(4),77.75,6.13,mean(4)
834,782,论类案的结构性相似特征及其运用,杨知文[1],中国法学,2023,法学理论,78.9,8.08,E1,False,,12.5,6.78,5.72,24.8,12.8,4,6,,0,0,0,,,,,,0,,,,63.5,12.77,mean(4),81.5,6.19,mean(4),75.75,10.9,mean(4),89,4.62,mean(4),86.25,2.87,mean(4),75.5,3.32,mean(4)
27,783,“无效行政行为”制度的追溯与认定标准的完善,胡建淼[1],中国法学,2022,宪法学与行政法学,78.88,3.64,E1,False,,13.3,3.82,9.48,24.9,6.9,6,6,1-empty-status,0,0,0,,,,,,0,,,,70.75,3.4,mean(4),81.5,4.04,mean(4),70.5,5.0,mean(4),82,3.56,mean(4),88,0.0,mean(4),74.75,6.9,mean(4)
421,784,政府信息公开的宪法逻辑,秦小建,中国法学,2016,宪法学与行政法学,78.87,14.46,E1,False,,17.93,11.15,6.78,34.0,30.7,4,6,1-empty-status,0,0,0,,,,,,0,,,,72.75,20.53,mean(4),64.5,30.65,mean(4),77.75,7.04,mean(4),90.5,4.2,mean(4),87.5,1.0,mean(4),76.25,3.5,mean(4)
502,785,民刑关系问题重述：基于义务违反的视角,时延安[1],中国法学,2023,刑法学,78.82,15.74,E1,False,,18.22,13.0,5.22,31.9,28.5,4,6,,0,0,0,,,,,,0,,,,67.5,28.48,mean(4),86.75,5.25,mean(4),63,26.19,mean(4),87,6.22,mean(4),83.25,7.63,mean(4),69,4.24,mean(4)
662,786,脑机接口技术发展中的人格权益保护,张红[1],中国法学,2025,民商法学,78.82,10.34,E1,False,,14.5,7.72,6.78,25.3,23.5,4,6,,0,0,0,,,,,,0,,,,63,23.51,mean(4),78.5,3.32,mean(4),75,8.52,mean(4),84.5,4.43,mean(4),85.25,2.5,mean(4),80,4.08,mean(4)
1819,787,间接正犯概念之否定——单一正犯体系的视角,刘明祥[1],法学研究,2015,刑法学,78.82,6.32,E1,False,,13.2,7.33,5.87,27.5,16.8,4,6,,0,0,0,,,,,,0,,,,75.75,4.92,mean(4),82.25,3.1,mean(4),58.5,16.82,mean(4),86.75,3.5,mean(4),79,4.24,mean(4),45,11.55,mean(4)
1184,788,互联网平台处罚权的法律规制,刘权[1],法学研究,2025,宪法学与行政法学,78.81,6.15,E1,False,,14.55,6.52,8.03,25.1,11.5,3,6,,0,0,0,,,,,,0,,,,65.75,9.95,mean(4),78.75,2.5,mean(4),76.75,4.27,mean(4),87.25,2.22,mean(4),79.25,11.5,mean(4),74.25,8.66,mean(4)
1214,789,依法律行政原理的移植与嬗变,王贵松[1],法学研究,2015,宪法学与行政法学,78.79,8.8,E1,False,,18.97,9.55,9.42,33.0,17.3,2,6,,0,0,0,,,,,,0,,,,78.75,6.24,mean(4),74.25,8.66,mean(4),60,17.32,mean(4),84.75,4.99,mean(4),75.5,11.93,mean(4),75,8.16,mean(4)
831,790,论社会信用法的立法模式选择,王伟,中国法学,2021,法学理论,78.78,7.05,E1,False,,15.07,5.95,9.12,27.4,11.5,5,6,,0,0,0,,,,,,0,,,,73,11.49,mean(4),74,6.16,mean(4),73.75,7.68,mean(4),83.25,3.5,mean(4),83.25,3.5,mean(4),72.5,3.32,mean(4)
250,791,单边制裁是否具有合法性：一个框架性分析,张辉[1],中国法学,2022,国际法学,78.76,10.63,E1,False,,16.28,8.88,7.4,41.7,35.6,5,6,,0,0,0,,,,,,0,,,,75.5,6.66,mean(4),57.25,35.58,mean(4),74,4.9,mean(4),87.5,2.89,mean(4),85,0.82,mean(4),83,2.45,mean(4)
282,792,商标使用地域性原理的理解立场及适用逻辑,黄汇[1],中国法学,2019,知识产权法学,78.76,8.35,E1,False,,14.43,5.93,8.5,23.2,18.0,4,6,,0,0,0,,,,,,0,,,,68.5,17.97,mean(4),81.25,4.35,mean(4),73,8.08,mean(4),83.25,3.5,mean(4),83.5,1.73,mean(4),75,0.0,mean(4)
777,793,论平台经济反垄断与监管的二元分治,周汉华[1],中国法学,2023,经济法学,78.76,10.94,E1,False,,15.13,8.42,6.72,27.4,20.3,3,6,,0,0,0,,,,,,0,,,,62.25,20.27,mean(4),76.75,12.58,mean(4),81.5,9.15,mean(4),82.25,2.06,mean(4),85,4.76,mean(4),82,1.63,mean(4)
1289,794,分段审查抑或归口审查：羁押必要性审查的改革逻辑,林喜芬[1],法学研究,2015,环境与资源保护法学,78.76,10.41,E1,False,,14.75,7.73,7.02,28.3,25.4,4,6,,0,0,0,,,,,,0,,,,67.75,25.38,mean(4),77,3.46,mean(4),84.5,8.54,mean(4),80,1.63,mean(4),85,2.45,mean(4),70.5,5.0,mean(4)
1778,795,貌离神合：家庭财产法对传统家观念的呈现,汪洋[1],法学研究,2023,民商法学,78.76,7.92,E1,False,,17.85,7.55,10.3,32.6,14.3,4,6,,0,0,0,,,,,,0,,,,75.25,5.25,mean(4),74.25,13.5,mean(4),70.5,14.27,mean(4),82,4.9,mean(4),82.25,3.1,mean(4),71,4.24,mean(4)
668,796,虚拟财产的刑法属性及其保护路径,陈兴良,中国法学,2017,刑法学,78.75,12.68,E1,False,,18.93,10.83,8.1,25.9,23.0,3,6,,0,0,0,,,,,,0,,,,71.25,23.0,mean(4),92,5.35,mean(4),61.75,12.55,mean(4),81,7.39,mean(4),80,10.3,mean(4),53.75,6.29,mean(4)
689,797,行政许可承诺制:程序再造与规制创新,卢超[1],中国法学,2021,宪法学与行政法学,78.74,6.03,E1,False,,10.78,4.8,5.98,20.3,11.4,4,6,,0,0,0,,,,,,0,,,,70.75,11.35,mean(4),84,2.71,mean(4),51,8.72,mean(4),85,2.45,mean(4),87.75,2.06,mean(4),82.75,1.5,mean(4)
1182,798,买卖合同之规定准用于其他有偿合同,易军,法学研究,2016,民商法学,78.71,11.18,E1,False,,18.8,9.42,9.38,34.3,19.4,3,6,,0,0,0,,,,,,0,,,,69.25,19.45,mean(4),75,10.13,mean(4),74.5,13.08,mean(4),87,3.46,mean(4),81.75,2.87,mean(4),69.5,7.55,mean(4)
1665,799,确认之诉的限缩及其路径,刘哲玮,法学研究,2018,诉讼法学,78.71,8.85,E1,False,,18.67,9.68,8.98,27.6,17.0,3,6,,0,0,0,,,,,,0,,,,71.67,9.07,mean(3),81,7.81,mean(3),63.33,14.05,mean(3),85.75,5.91,mean(4),86.75,4.27,mean(4),63.25,17.0,mean(4)
659,800,股权让与担保纠纷裁判逻辑的实证研究,蔡立东[1],中国法学,2018,民商法学,78.68,9.33,E1,False,,16.58,8.68,7.9,29.5,21.6,4,6,,0,0,0,,,,,,0,,,,72,11.75,mean(4),78.5,4.51,mean(4),66.5,21.61,mean(4),85.25,5.25,mean(4),82,3.27,mean(4),65,5.72,mean(4)
1581,801,民法总则与公司法的适用关系论,钱玉林[1],法学研究,2018,民商法学,78.63,6.88,E1,False,,13.5,6.3,7.2,23.5,14.6,4,6,,0,0,0,,,,,,0,,,,66.25,14.57,mean(4),82,4.32,mean(4),74.75,3.77,mean(4),84,1.41,mean(4),88,2.16,mean(4),72,11.52,mean(4)
829,802,论生态损害救济的模式选择,刘静[1],中国法学,2019,环境与资源保护法学,78.6,7.76,E1,False,,13.48,6.62,6.87,22.9,14.4,4,6,,0,0,0,,,,,,0,,,,71,13.83,mean(4),82.5,1.0,mean(4),63.75,14.36,mean(4),84.5,3.0,mean(4),82.5,5.57,mean(4),79.5,1.91,mean(4)
807,803,论检察指令权的实体规制,杜磊,中国法学,2016,诉讼法学,78.59,6.72,E1,False,,15.68,6.2,9.48,21.3,10.8,5,6,,0,0,0,,,,,,0,,,,78.75,6.99,mean(4),64.25,10.75,mean(4),72.5,5.57,mean(4),84.5,5.51,mean(4),85.25,2.5,mean(4),70,5.77,mean(4)
1540,804,有组织犯罪案件分案审理问题研究,龙宗智,法学研究,2021,刑法学,78.56,6.17,E1,False,,16.35,5.85,10.5,24.7,12.0,5,6,,0,0,0,,,,,,0,,,,80.75,3.95,mean(4),62.5,12.01,mean(4),77,6.22,mean(4),79.75,4.65,mean(4),86.5,5.97,mean(4),77,2.45,mean(4)
1611,805,法理论:历史形成、学科属性及其中国化,雷磊[1],法学研究,2020,法学理论,78.54,7.07,E1,False,,14.53,6.48,8.05,28.6,12.5,5,6,,0,0,0,,,,,,0,,,,71.25,7.89,mean(4),79.5,8.02,mean(4),58.25,12.47,mean(4),82.5,3.32,mean(4),83.25,4.19,mean(4),80.75,2.99,mean(4)
38,806,“裁执一体化”财产保全的逻辑与改革,刘君博,中国法学,2017,诉讼法学,78.51,7.35,E1,False,,12.67,5.53,7.13,23.6,14.6,5,6,,0,0,0,,,,,,0,,,,64.5,14.62,mean(4),73.75,6.75,mean(4),88.25,2.87,mean(4),84.25,4.35,mean(4),86.5,1.73,mean(4),78.25,2.87,mean(4)
251,807,印证的证明原理与理论塑造,栗峥[1],中国法学,2019,诉讼法学,78.51,9.67,E1,False,,18.45,9.73,8.72,28.0,19.8,4,6,,0,0,0,,,,,,0,,,,70.5,15.95,mean(4),86.25,5.56,mean(4),78.25,5.68,mean(4),70.25,7.93,mean(4),87,3.46,mean(4),64,19.78,mean(4)
533,808,法律价值的系统论格局,陈征楠[1],中国法学,2022,法学理论,78.51,13.81,E1,False,,17.15,12.4,4.75,30.2,25.8,1,6,5-boundary-only,0,0,0,,,,,,0,,,,72.5,18.56,mean(4),67.75,25.77,mean(4),84.25,8.66,mean(4),85.5,2.08,mean(4),79.25,8.3,mean(4),45.25,10.87,mean(4)
686,809,行政犯“行刑衔接”困境破解：从分离式到联动式,谢小剑[1],中国法学,2024,刑法学,78.5,8.32,E1,False,,14.9,7.28,7.62,22.3,15.7,3,6,,0,0,0,,,,,,0,,,,72.5,9.0,mean(4),75.25,15.73,mean(4),69.5,10.75,mean(4),84.75,2.5,mean(4),86,1.41,mean(4),76.75,4.27,mean(4)
737,810,论企业名称的竞争法保护——最高人民法院第29号指导案例研究,李友根[1],中国法学,2015,民商法学,78.5,6.3,E1,False,,15.22,5.77,9.45,22.3,8.1,5,6,,0,0,0,,,,,,0,,,,76.25,8.1,mean(4),74,7.83,mean(4),65,7.26,mean(4),83.75,3.5,mean(4),85,2.45,mean(4),66.75,5.5,mean(4)
558,811,注册商标三年不使用撤销制度体系化解读,张玉敏,中国法学,2015,知识产权法学,78.49,10.49,E1,False,,13.67,7.47,6.2,27.9,22.6,4,6,,0,0,0,,,,,,0,,,,65.25,22.56,mean(4),69.5,9.81,mean(4),83.25,5.68,mean(4),82.5,3.32,mean(4),85.75,1.5,mean(4),80.5,1.91,mean(4)
1561,812,民事证明责任分配之解释基准——以物权法第106条为分析文本,徐涤宇,法学研究,2016,民商法学,78.49,5.81,E1,False,,14.95,6.43,8.52,23.6,12.7,5,6,,0,0,0,,,,,,0,,,,72.75,7.37,mean(4),79.25,3.95,mean(4),79.25,5.38,mean(4),77.25,4.57,mean(4),82.75,4.57,mean(4),52.75,12.69,mean(4)
1591,813,法官个体本位抑或法院整体本位——我国法院建构与运行的基本模式选择,顾培东[1],法学研究,2019,诉讼法学,78.49,5.27,E1,False,,11.42,5.52,5.9,22.2,8.7,5,6,,0,0,0,,,,,,0,,,,74,7.12,mean(4),78.75,2.99,mean(4),67.75,6.75,mean(4),80.25,3.3,mean(4),84,4.24,mean(4),74.5,8.7,mean(4)
1790,814,转基因作物基因污染受害者的请求权,阙占文,法学研究,2015,环境与资源保护法学,78.49,8.74,E1,False,,15.72,6.85,8.87,24.6,16.7,5,6,,0,0,0,,,,,,0,,,,63.75,16.7,mean(4),82.75,7.8,mean(4),77.25,4.57,mean(4),84.5,4.43,mean(4),91.25,4.35,mean(4),64.5,3.32,mean(4)
971,815,口供治理与中国刑事司法裁判,"李训虎[1,2]",中国社会科学,2015,诉讼法学,78.47,7.22,E1,False,,14.25,6.33,7.92,22.2,12.0,4,6,,0,0,0,,,,,,0,,,,72.5,12.01,mean(4),83.5,4.2,mean(4),57,10.89,mean(4),85.75,2.87,mean(4),78.25,3.3,mean(4),78.25,4.72,mean(4)
503,816,民法典人格利益合理使用一般条款研究,姜战军[1],中国法学,2023,诉讼法学,78.44,6.58,E1,False,,15.23,5.78,9.45,22.4,9.7,5,6,,0,0,0,,,,,,0,,,,72.5,9.71,mean(4),68.25,4.72,mean(4),78.5,7.42,mean(4),84.75,5.74,mean(4),87.75,2.06,mean(4),63.75,5.06,mean(4)
823,817,论涉案企业合规的全流程从宽,"李奋飞[1,2]",中国法学,2023,刑法学,78.43,6.68,E1,False,,14.15,6.67,7.48,29.5,18.8,5,6,,0,0,0,,,,,,0,,,,77,5.03,mean(4),79,6.0,mean(4),63.75,18.77,mean(4),78.25,2.87,mean(4),80,4.4,mean(4),78.25,2.87,mean(4)
192,818,公司利益范式下的董事义务改革,傅穹[1],中国法学,2022,民商法学,78.38,7.6,E1,False,,13.73,6.53,7.2,21.2,13.2,5,6,,0,0,0,,,,,,0,,,,59,13.22,mean(4),83,1.41,mean(4),74.5,7.59,mean(4),84.5,6.61,mean(4),81.25,7.5,mean(4),80.5,2.89,mean(4)
1265,819,公司治理中的控股股东及其法律规制,赵旭东[1],法学研究,2020,民商法学,78.38,8.14,E1,False,,13.37,6.3,7.07,23.2,18.0,4,6,,0,0,0,,,,,,0,,,,60.75,18.03,mean(4),85.25,0.5,mean(4),68,8.16,mean(4),84.5,4.51,mean(4),82.75,3.59,mean(4),81.25,2.99,mean(4)
746,820,论公开的个人信息处理的法律规制,程啸[1],中国法学,2022,民商法学,78.37,9.21,E1,False,,17.72,9.45,8.27,25.0,23.2,3,6,,0,0,0,,,,,,0,,,,72.25,2.06,mean(4),72.25,23.21,mean(4),69.25,14.77,mean(4),87.75,2.63,mean(4),80.25,10.18,mean(4),77.75,3.77,mean(4)
778,821,论应诉管辖制度的司法嬗变及其规则构建,黄忠顺,中国法学,2016,诉讼法学,78.37,12.54,E1,False,,15.72,9.18,6.53,33.6,32.2,4,6,,0,0,0,,,,,,0,,,,68.25,32.21,mean(4),74.75,4.72,mean(4),78.25,2.87,mean(4),84.5,1.73,mean(4),78.25,9.43,mean(4),76.25,4.19,mean(4)
1873,822,全国统一大市场的监管权配置研究,宋亚辉[1],中国法学,2025,经济法学,78.37,10.06,E1,False,,15.35,7.78,7.57,30.5,22.0,5,6,,0,0,0,,,,,,0,,,,67.25,22.01,mean(4),82.5,5.57,mean(4),71.25,6.5,mean(4),83.5,3.7,mean(4),83.25,3.77,mean(4),72.25,5.06,mean(4)
782,823,论必要性原则的客观化,刘权,中国法学,2016,宪法学与行政法学,78.35,10.1,E1,False,,16.97,7.47,9.5,30.8,24.7,5,6,,0,0,0,,,,,,0,,,,62,24.73,mean(4),82,6.68,mean(4),81.67,2.89,mean(3),84,1.41,mean(4),83.25,3.5,mean(4),77,5.6,mean(4)
154,824,优先购买权中转让人的利益失衡与校正,"梁上上[1,2]",中国法学,2024,民商法学,78.29,10.06,E1,False,,13.78,9.6,4.18,28.3,23.5,4,6,,0,0,0,,,,,,0,,,,78.25,6.24,mean(4),65.25,23.54,mean(4),66.5,14.93,mean(4),87.5,3.32,mean(4),86.5,1.73,mean(4),67,8.04,mean(4)
771,825,论垄断行为的竞合,侯利阳[1],中国法学,2024,刑法学,78.29,10.28,E1,False,,14.47,8.37,6.1,24.0,16.7,3,6,,0,0,0,,,,,,0,,,,66.75,16.7,mean(4),78.25,9.43,mean(4),73.5,14.46,mean(4),86.5,3.7,mean(4),83.25,3.5,mean(4),65,2.45,mean(4)
1835,826,风险预防原则的结构化阐释,苏宇,法学研究,2021,诉讼法学,78.29,8.92,E1,False,,12.07,6.95,5.12,19.6,18.9,4,6,,0,0,0,,,,,,0,,,,55.75,18.86,mean(4),85.75,5.91,mean(4),86.5,8.35,mean(4),85.75,1.5,mean(4),83.25,3.5,mean(4),78,3.56,mean(4)
43,827,“预防性”反恐刑事立法思考,何荣功,中国法学,2016,刑法学,78.28,5.87,E1,False,,15.08,5.52,9.57,30.1,15.6,5,6,1-empty-status,0,0,0,,,,,,0,,,,77.75,6.75,mean(4),85.75,1.5,mean(4),55.75,15.56,mean(4),75.75,4.35,mean(4),80.5,1.91,mean(4),78.75,2.99,mean(4)
564,828,物权编对四种他物权制度的完善和发展,"崔建远[1,2]",中国法学,2020,民商法学,78.26,8.71,E1,False,,21.28,8.47,12.82,32.5,17.3,4,6,,0,0,0,,,,,,0,,,,79.25,7.18,mean(4),78,14.79,mean(4),53,17.3,mean(4),83.25,1.5,mean(4),81.5,4.04,mean(4),73,6.0,mean(4)
1343,829,司法解释性质文件备案审查的困局与出路,聂友伦[1],法学研究,2024,宪法学与行政法学,78.22,7.85,E1,False,,14.82,6.45,8.37,22.9,17.3,5,6,,0,0,0,,,,,,0,,,,79.25,7.18,mean(4),64.5,17.25,mean(4),67.75,7.59,mean(4),85.5,5.0,mean(4),85.5,0.58,mean(4),78.5,1.0,mean(4)
1771,830,证明责任制度本质重述,胡学军[1],法学研究,2020,诉讼法学,78.21,9.46,E1,False,,16.08,8.6,7.48,28.0,15.8,3,6,,0,0,0,,,,,,0,,,,74,11.46,mean(4),75.75,14.22,mean(4),65.5,15.78,mean(4),83.75,1.5,mean(4),85.75,1.5,mean(4),72.25,7.14,mean(4)
505,831,民法典制定中的国家与国库问题研究,袁治杰,中国法学,2017,民商法学,78.19,7.04,E1,False,,18.57,7.53,11.03,32.5,20.1,5,6,,0,0,0,,,,,,0,,,,78,2.0,mean(3),75.5,6.61,mean(4),59.75,20.11,mean(4),82.25,7.04,mean(4),80,4.4,mean(4),69.25,5.06,mean(4)
1699,832,自然资源国家所有权公权说再论,巩固[1],法学研究,2015,环境与资源保护法学,78.18,12.39,E1,False,,21.95,10.37,11.58,34.9,27.0,3,6,,0,0,0,,,,,,0,,,,64.5,27.01,mean(4),77.75,8.58,mean(4),79,5.29,mean(4),85.75,2.87,mean(4),79.25,5.62,mean(4),68,12.75,mean(4)
63,833,个人信息处理者过错推定责任研究,王道发[1],中国法学,2022,民商法学,78.16,13.29,E1,False,,17.03,11.0,6.03,30.2,22.9,3,6,,0,0,0,,,,,,0,,,,68.75,22.87,mean(4),78.5,9.0,mean(4),67.75,20.73,mean(4),87,5.03,mean(4),86.5,1.73,mean(4),60,6.73,mean(4)
142,834,从同一性到相似性：法律解释的结构转向与体系重构,陈辉[1],中国法学,2024,法学理论,78.12,10.46,E1,False,,14.73,8.48,6.25,21.3,18.8,3,6,,0,0,0,,,,,,0,,,,73.75,15.2,mean(4),68,18.76,mean(4),76.5,1.73,mean(4),83.25,4.27,mean(4),75.5,9.88,mean(4),78.5,1.0,mean(4)
1211,835,作为个人信息跨境传输监管工具的标准合同条款,金晶[1],法学研究,2022,民商法学,78.12,11.25,E1,False,,17.17,9.35,7.82,31.6,24.7,4,6,,0,0,0,,,,,,0,,,,70,20.2,mean(4),83,3.92,mean(4),62,24.73,mean(4),84.75,1.26,mean(4),79.5,3.0,mean(4),78.75,2.99,mean(4)
1437,836,宪法教义学反思：一个社会系统理论的视角,李.忠夏[1],法学研究,2015,宪法学与行政法学,78.07,8.45,E1,False,,15.13,6.2,8.93,24.1,20.1,4,6,,0,0,0,,,,,,0,,,,69.5,20.11,mean(4),84,1.41,mean(4),67.75,8.5,mean(4),80,2.83,mean(4),84,1.41,mean(4),69.25,2.99,mean(4)
581,837,生前赠与在继承中的效力问题研究,李永军[1],中国法学,2023,民商法学,78.04,4.93,E1,False,,13.77,4.93,8.83,24.6,8.9,5,6,,0,0,0,,,,,,0,,,,76.75,6.99,mean(4),72.5,7.14,mean(4),67.75,2.06,mean(4),80.5,1.91,mean(4),85.5,2.65,mean(4),76.75,8.88,mean(4)
1800,838,违约金担保功能的异化与回归——以对违约金类型的考察为中心,韩强[1],法学研究,2015,民商法学,78.04,8.89,E1,False,,16.87,6.85,10.02,31.0,18.0,5,6,,0,0,0,,,,,,0,,,,64.5,18.01,mean(4),79.25,5.62,mean(4),79.25,5.62,mean(4),83.5,5.0,mean(4),82.75,3.59,mean(4),77.5,3.32,mean(4)
20,839,“契约＋非要式＋任意撤销权”：赠与的理论模式与规范分析,李永军,中国法学,2018,民商法学,78.03,9.22,E1,False,,15.88,8.13,7.75,23.3,16.2,3,6,,0,0,0,,,,,,0,,,,61.75,16.17,mean(4),81.25,6.4,mean(4),85,8.87,mean(4),85.5,5.0,mean(4),85.75,2.87,mean(4),55.75,9.43,mean(4)
576,840,环境法学核心范畴之重构：环境法的法权结构论,史玉成,中国法学,2016,环境与资源保护法学,78.01,6.31,E1,False,,12.32,4.8,7.52,18.7,12.0,5,6,,0,0,0,,,,,,0,,,,67.25,12.04,mean(4),79.5,7.14,mean(4),73.25,4.27,mean(4),83.5,1.73,mean(4),81,2.0,mean(4),66.5,1.73,mean(4)
1655,841,直接适用的法与相关制度的体系平衡,张春良[1],法学研究,2018,民商法学,78.01,9.3,E1,False,,13.0,6.85,6.15,24.1,23.5,5,6,,0,0,0,,,,,,0,,,,70,23.51,mean(4),78.25,2.87,mean(4),73.75,3.5,mean(4),80.25,3.3,mean(4),84.5,1.73,mean(4),76.75,6.18,mean(4)
1020,842,法治视野下的司法预算模式建构,朱大旗;李帅,中国社会科学,2016,宪法学与行政法学,77.96,5.08,E1,False,,14.98,4.28,10.7,25.0,8.3,5,6,,0,0,0,,,,,,0,,,,70.25,8.34,mean(4),84.5,4.2,mean(4),62.25,5.06,mean(4),82,2.94,mean(4),87,2.45,mean(4),68,2.83,mean(4)
303,843,地方政府双重负责的宪法内涵,于文豪[1],中国法学,2021,宪法学与行政法学,77.94,11.19,E1,False,,14.15,7.65,6.5,29.2,26.5,5,6,,0,0,0,,,,,,0,,,,69.5,26.54,mean(4),70.25,5.91,mean(4),79,6.63,mean(4),84.75,4.72,mean(4),88,0.0,mean(4),78,2.16,mean(4)
672,844,行政决策终身责任追究制的法律难题及其解决,韩春晖,中国法学,2015,宪法学与行政法学,77.93,6.76,E1,False,,18.15,6.72,11.43,27.8,9.6,3,6,,0,0,0,,,,,,0,,,,70.5,8.23,mean(4),74.75,3.77,mean(4),77.25,8.3,mean(4),80,5.42,mean(4),75,9.63,mean(4),67.5,5.0,mean(4)
294,845,国际条约适用于国内无涉外因素的民事关系探析,万鄂湘[1];余晓汉[2],中国法学,2018,国际法学,77.9,8.82,E1,False,,17.58,8.58,9.0,31.0,20.7,3,6,,0,0,0,,,,,,0,,,,75.5,8.39,mean(4),81.75,2.87,mean(4),58.75,20.71,mean(4),79.25,9.6,mean(4),79.5,4.2,mean(4),73.25,5.68,mean(4)
430,846,数字化行政方式的权力正当性检视,展鹏贺[1],中国法学,2021,宪法学与行政法学,77.87,12.35,E1,False,,15.9,9.02,6.88,28.8,27.6,4,6,,0,0,0,,,,,,0,,,,71.25,27.61,mean(4),70.75,5.62,mean(4),71.75,12.47,mean(4),86.75,3.5,mean(4),85.25,2.5,mean(4),77,2.45,mean(4)
1312,847,刑法修正：维度、策略、评价与反思,梁根林,法学研究,2017,刑法学,77.87,10.35,E1,False,,14.35,7.93,6.42,31.8,19.3,4,6,,0,0,0,,,,,,0,,,,60,19.3,mean(4),84,4.24,mean(4),64.25,14.22,mean(4),87.5,6.4,mean(4),85.25,2.5,mean(4),80.5,1.0,mean(4)
1415,848,委托合同任意解除的损害赔偿,周江洪,法学研究,2017,民商法学,77.87,12.98,E1,False,,18.95,10.28,8.67,29.6,22.9,4,6,,0,0,0,,,,,,0,,,,73.25,19.12,mean(4),69,22.91,mean(4),75.75,7.41,mean(4),82.5,4.2,mean(4),78.5,6.03,mean(4),77.75,2.06,mean(4)
313,849,基于“相似性”本质的行政特许界定及其应用,翟翌,中国法学,2016,宪法学与行政法学,77.85,5.19,E1,False,,12.25,5.37,6.88,17.1,9.1,5,6,1-empty-status,0,0,0,,,,,,0,,,,63.75,7.68,mean(4),81.25,2.99,mean(4),84,6.16,mean(4),78.25,2.87,mean(4),77.5,3.32,mean(4),65.5,9.15,mean(4)
1072,850,论国家政策作为民法法源,张红,中国社会科学,2015,民商法学,77.84,7.35,E1,False,,14.02,6.42,7.6,23.2,13.0,4,6,,0,0,0,,,,,,0,,,,72,12.83,mean(4),80.75,2.87,mean(4),65.75,12.97,mean(4),80,2.31,mean(4),84.25,2.87,mean(4),70.75,4.57,mean(4)
1038,851,社会风险的刑法调控及其模式改造,"姜涛[1,2]",中国社会科学,2019,刑法学,77.82,7.89,E1,False,,13.58,6.58,7.0,25.7,14.3,4,6,,0,0,0,,,,,,0,,,,69.25,12.61,mean(4),84,4.24,mean(4),62.5,14.29,mean(4),83.25,3.5,mean(4),80.75,3.4,mean(4),74.25,1.5,mean(4)
1552,852,欺诈市场理论反思,耿利航,法学研究,2020,民商法学,77.82,10.78,E1,False,,14.93,8.98,5.95,24.2,21.0,4,6,,0,0,0,,,,,,0,,,,76.5,21.05,mean(4),74.75,4.72,mean(4),59,10.23,mean(4),84.25,5.19,mean(4),80.5,6.14,mean(4),74.5,6.66,mean(4)
947,853,从控制到利用：刑法数据治理的模式转换,于改之[1],中国社会科学,2022,刑法学,77.79,9.43,E1,False,,14.1,7.67,6.43,21.8,17.4,3,6,,0,0,0,,,,,,0,,,,59,17.38,mean(4),81.25,8.88,mean(4),81.5,8.23,mean(4),87,2.45,mean(4),85.25,5.25,mean(4),75.25,3.77,mean(4)
577,854,环境监管中的“规范执行偏离效应”研究,曹炜[1],中国法学,2018,诉讼法学,77.75,5.03,E1,False,,11.08,4.57,6.52,21.0,8.5,5,6,,0,0,0,,,,,,0,,,,66.25,8.5,mean(4),81.75,3.3,mean(4),76.75,5.68,mean(4),79,2.0,mean(4),79.75,3.5,mean(4),75.5,4.43,mean(4)
54,855,不动产被征收人参与权的价值定位与制度重构,渠滢,中国法学,2018,宪法学与行政法学,77.72,6.57,E1,False,,14.75,6.25,8.5,25.0,11.4,5,6,,0,0,0,,,,,,0,,,,68.5,11.39,mean(4),72.5,3.32,mean(4),81.75,6.5,mean(4),81,2.58,mean(4),82.5,6.4,mean(4),65,7.26,mean(4)
732,856,论人工智能生成内容的著作权法平等保护,"徐小奔[1,2]",中国法学,2024,知识产权法学,77.71,16.88,E1,False,,16.12,12.23,3.88,32.0,34.0,3,6,,0,0,0,,,,,,0,,,,69,33.96,mean(3),64,25.36,mean(3),77.33,8.33,mean(3),92,0.0,mean(3),87,1.73,mean(3),70.33,4.04,mean(3)
1189,857,人工智能时代著作权合理使用制度的重塑,"林秀芹[1,2]",法学研究,2021,知识产权法学,77.69,8.11,E1,False,,18.83,8.37,10.47,40.0,15.3,2,6,,0,0,0,,,,,,0,,,,69.25,9.6,mean(4),81.5,6.4,mean(4),64.75,15.33,mean(4),83.5,1.73,mean(4),76.75,8.88,mean(4),75.75,8.3,mean(4)
1334,858,受害人特殊体质与损害赔偿责任的减轻——最高人民法院第24号指导案例评析,程啸,法学研究,2018,刑法学,77.68,13.71,E1,False,,18.13,13.48,4.65,29.8,28.7,3,6,,0,0,0,,,,,,0,,,,68.5,18.52,mean(4),67.75,28.65,mean(4),84.5,1.73,mean(4),87.75,2.06,mean(4),82.75,5.19,mean(4),51.5,24.69,mean(4)
586,859,生物医学研究伦理规制的法治化,赵鹏[1],中国法学,2021,环境与资源保护法学,77.66,7.68,E1,False,,14.97,6.8,8.17,22.3,12.6,4,6,,0,0,0,,,,,,0,,,,65.5,12.56,mean(4),75.75,6.99,mean(4),77.75,8.42,mean(4),85,2.45,mean(4),84.75,4.72,mean(4),78,5.72,mean(4)
817,860,论民法对合同行政审批的立法态度,马新彦,中国法学,2016,民商法学,77.65,11.75,E1,False,,16.38,8.98,7.4,30.4,24.0,4,6,,0,0,0,,,,,,0,,,,62.5,23.98,mean(4),83,6.22,mean(4),75,10.89,mean(4),84.25,4.92,mean(4),86.5,5.97,mean(4),79.5,1.91,mean(4)
1378,861,土地征收决定不是终裁行为——以行政复议法第30条第2款为中心,熊樟林,法学研究,2017,宪法学与行政法学,77.63,10.15,E1,False,,12.75,7.98,4.77,26.4,24.0,5,6,,0,0,0,,,,,,0,,,,71,24.04,mean(4),77.25,2.22,mean(4),68.25,7.41,mean(4),86.5,3.0,mean(4),84.25,4.35,mean(4),54.25,6.99,mean(4)
218,862,刑事对物之诉的初步研究,陈瑞华[1],中国法学,2019,刑法学,77.57,4.98,E1,False,,11.15,4.55,6.6,20.2,10.9,5,6,,0,0,0,,,,,,0,,,,72.25,5.91,mean(4),65.75,10.9,mean(4),76.75,4.27,mean(4),85.25,0.5,mean(4),85,0.0,mean(4),74.25,5.68,mean(4)
589,863,电子商务平台经营者安保责任研究,王道发[1],中国法学,2019,民商法学,77.57,5.27,E1,False,,15.45,5.47,9.98,28.3,7.6,6,6,,0,0,0,,,,,,0,,,,70.5,4.2,mean(4),77.5,7.59,mean(4),74.25,7.41,mean(4),78,3.27,mean(4),84.5,4.12,mean(4),63.25,6.18,mean(4)
915,864,个人信息民法保护的模式选择,王成[1],中国社会科学,2019,民商法学,77.57,8.87,E1,False,,16.45,9.5,6.95,32.3,25.0,3,6,,0,0,0,,,,,,0,,,,72,5.72,mean(4),77,8.52,mean(4),62.25,25.01,mean(4),85.25,5.25,mean(4),85.5,0.58,mean(4),71.75,11.9,mean(4)
207,865,内幕交易违法所得司法判断规则研究,刘宪权,中国法学,2015,刑法学,77.56,9.41,E1,False,,17.9,9.23,8.67,26.7,13.2,2,6,,0,0,0,,,,,,0,,,,79.25,7.18,mean(4),71,11.6,mean(4),76,9.52,mean(4),70,13.23,mean(3),85.5,3.32,mean(4),66.25,10.59,mean(4)
238,866,刑法干预前置化的理性反思,王强军[1],中国法学,2021,刑法学,77.54,7.58,E1,False,,14.73,6.93,7.8,27.2,16.0,4,6,,0,0,0,,,,,,0,,,,65.5,12.56,mean(4),77.75,1.26,mean(4),67.75,16.05,mean(4),81.5,2.52,mean(4),83,3.83,mean(4),80,5.35,mean(4)
1872,867,人工智能对刑事证明结构的影响及其制度因应,沈磊[1],法学研究,2025,诉讼法学,77.54,8.5,E1,False,,13.8,7.08,6.72,24.6,13.1,3,6,,0,0,0,,,,,,0,,,,67.75,13.07,mean(4),67.5,9.98,mean(4),84.25,8.66,mean(4),84.5,4.51,mean(4),85.75,1.5,mean(4),77,4.69,mean(4)
652,868,署名权主体规则的困惑及思考,张玲,中国法学,2017,知识产权法学,77.53,9.33,E1,False,,14.38,8.5,5.88,24.0,20.6,4,6,,0,0,0,,,,,,0,,,,61.25,20.56,mean(4),83.5,2.38,mean(4),78.5,5.74,mean(4),82.5,3.32,mean(4),79.5,4.2,mean(4),65.75,14.8,mean(4)
1074,869,论大数据时代的个人数据权利,程啸[1],中国社会科学,2018,民商法学,77.53,7.76,E1,False,,19.98,7.03,12.95,33.4,12.2,4,6,,0,0,0,,,,,,0,,,,69.25,12.2,mean(4),82.75,4.57,mean(4),67.5,12.15,mean(4),83.75,4.19,mean(4),84.25,1.5,mean(4),48.75,7.5,mean(4)
1369,870,国家治理视野下多元解纷机制的调整与重塑,顾培东[1],法学研究,2023,法学理论,77.49,6.51,E1,False,,17.27,6.27,11.0,26.1,9.7,4,6,,0,0,0,,,,,,0,,,,78.5,6.03,mean(4),67.5,8.23,mean(4),67.75,9.67,mean(4),80.5,5.0,mean(4),77.5,3.32,mean(4),78.75,5.38,mean(4)
1664,871,破产视角下的抵销,许德风[1],法学研究,2015,民商法学,77.49,9.56,E1,False,,15.65,6.67,8.98,27.5,21.8,4,6,,0,0,0,,,,,,0,,,,60,21.79,mean(3),79.33,5.13,mean(3),79.33,9.81,mean(3),87.75,2.06,mean(4),80.67,1.15,mean(3),78,0.0,mean(3)
1680,872,类案适用的司法论证,杨知文[1],法学研究,2022,法学理论,77.47,6.88,E1,False,,14.48,6.95,7.53,18.9,10.5,3,6,,0,0,0,,,,,,0,,,,65.25,8.58,mean(4),81.25,4.79,mean(4),74.5,10.54,mean(4),85.75,2.87,mean(4),76.75,8.88,mean(4),51.5,6.03,mean(4)
1210,873,体系化视角下的意定代理权来源,尹飞,法学研究,2016,民商法学,77.46,8.0,E1,False,,15.45,6.87,8.58,22.9,14.2,4,6,,0,0,0,,,,,,0,,,,61.75,14.22,mean(4),84.5,2.65,mean(4),77.75,9.11,mean(4),81,5.35,mean(4),82.75,5.56,mean(4),76.75,4.27,mean(4)
1186,874,交警非现场执法的规范构建,余凌云,法学研究,2021,宪法学与行政法学,77.44,7.4,E1,False,,13.97,5.78,8.18,23.4,14.2,5,6,,0,0,0,,,,,,0,,,,63.25,14.22,mean(4),85,4.97,mean(4),70,6.27,mean(4),84,4.24,mean(4),83.75,2.06,mean(4),77.5,2.89,mean(4)
49,875,《民法总则》民商合一中国模式之检讨,李建伟[1],中国法学,2019,民商法学,77.43,9.53,E1,False,,13.82,8.12,5.7,22.9,17.7,4,6,,0,0,0,,,,,,0,,,,66.75,15.13,mean(4),84.5,2.65,mean(4),58.25,17.75,mean(4),88,6.73,mean(4),85,2.45,mean(4),79.5,4.2,mean(4)
1833,876,预防刑法的扩张及其限度,何荣功,法学研究,2017,刑法学,77.43,6.3,E1,False,,18.45,6.35,12.1,29.9,16.1,5,6,,0,0,0,,,,,,0,,,,75.5,5.51,mean(4),73.5,1.73,mean(4),56.75,16.09,mean(4),87,6.22,mean(4),84.25,4.35,mean(4),76.75,4.27,mean(4)
1192,877,从关键证人回归必要证人：关键证人出庭作证逻辑反思,陈卫东[1],法学研究,2023,诉讼法学,77.37,10.13,E1,False,,12.42,7.8,4.62,26.1,21.6,5,6,,0,0,0,,,,,,0,,,,66.75,21.56,mean(4),70.75,6.75,mean(4),77.25,7.27,mean(4),87.25,2.63,mean(4),87.75,5.44,mean(4),72.25,3.1,mean(4)
1566,878,民刑交叉诉讼关系处理的规则与法理,"张卫平[1,2]",法学研究,2018,刑法学,77.37,8.09,E1,False,,16.58,7.43,9.15,24.4,14.2,3,6,,0,0,0,,,,,,0,,,,73.75,9.6,mean(4),69.25,14.22,mean(4),77.25,1.5,mean(4),78.25,6.13,mean(4),80.75,5.06,mean(4),73.75,8.1,mean(4)
452,879,新出土金文所见西周罚金刑研究,雷安军[1],中国法学,2020,法律史,77.35,8.15,E1+E2,True,,17.52,6.85,10.67,30.3,16.0,5,6,,0,0,1,105,77.35,8.15,E1+E2,coverage_minimum,0,,,,79.0,11.22,median(8) [E1+E2],78.0,1.83,median(8) [E1+E2],55.0,15.57,median(8) [E1+E2],82.5,5.73,median(8) [E1+E2],82.0,5.33,median(8) [E1+E2],57.5,8.07,median(8) [E1+E2]
898,880,重复诉讼规制研究：兼论“一事不再理”,张卫平[1],中国法学,2015,诉讼法学,77.35,12.45,E1,False,,17.13,11.5,5.63,37.5,34.0,4,6,,0,0,0,,,,,,0,,,,69.5,17.41,mean(4),77.25,1.5,mean(4),65,34.05,mean(4),85.75,5.19,mean(4),84.75,4.72,mean(4),76.25,6.24,mean(4)
1747,881,认罪认罚案件量刑建议研究,陈卫东[1],法学研究,2020,刑法学,77.35,4.55,E1,False,,13.05,4.67,8.38,19.1,10.8,5,6,,0,0,0,,,,,,0,,,,75.75,1.5,mean(4),74.25,7.14,mean(4),60.5,10.85,mean(4),82.75,3.59,mean(4),84.25,1.5,mean(4),79.75,3.5,mean(4)
1533,882,明清时期地权秩序的构造及其启示,汪洋,法学研究,2017,环境与资源保护法学,77.32,12.57,E1,False,,15.83,9.28,6.55,29.8,25.1,4,6,,0,0,0,,,,,,0,,,,66.25,25.14,mean(4),75,12.08,mean(4),75,6.22,mean(4),85.25,5.74,mean(4),80,4.08,mean(4),78.5,2.52,mean(4)
1662,883,"破产法的指标化进路及其检讨——以世界银行""办理破产""指标为例",高丝敏,法学研究,2021,民商法学,77.32,14.25,E1,False,,16.75,11.0,5.75,33.5,30.3,4,6,,0,0,0,,,,,,0,,,,63.25,30.3,mean(4),83.75,1.5,mean(4),59,26.26,mean(4),84.5,3.0,mean(4),85.75,1.5,mean(4),80.75,3.4,mean(4)
155,884,传销犯罪的司法限缩与立法完善,"印波[1,2]",中国法学,2020,刑法学,77.31,15.4,E1,False,,22.23,13.05,9.18,42.3,40.1,3,6,1-empty-status,0,0,0,,,,,,0,,,,75.25,14.38,mean(4),60,40.1,mean(4),73.25,14.17,mean(4),79.5,1.91,mean(4),82.5,3.32,mean(4),80,4.4,mean(4)
703,885,认罪认罚从宽制度的基本内涵,孙长永[1],中国法学,2019,刑法学,77.31,11.48,E1,False,,17.43,11.48,5.95,26.7,19.5,3,6,,0,0,0,,,,,,0,,,,63.75,19.47,mean(4),84,1.41,mean(4),70.25,19.4,mean(4),87.75,4.86,mean(4),85.75,5.91,mean(4),55,17.8,mean(4)
1242,886,免除刑罚制度的比较考察,曾文科,法学研究,2017,刑法学,77.31,8.54,E1,False,,16.13,8.0,8.13,23.6,22.0,4,6,,0,0,0,,,,,,0,,,,75.75,4.35,mean(4),73,22.05,mean(4),69.25,13.25,mean(4),77.25,1.5,mean(4),83.75,3.86,mean(4),78.75,2.99,mean(4)
1677,887,税收构成要件理论的反思与再造,叶金育[1],法学研究,2018,经济法学,77.29,8.07,E1,False,,10.47,6.27,4.2,24.7,18.9,5,6,,0,0,0,,,,,,0,,,,56.25,18.87,mean(4),80.25,2.63,mean(4),92.5,2.52,mean(4),86,4.9,mean(4),84.5,1.91,mean(4),57.75,6.75,mean(4)
1095,888,赌博的法律规制,许德风,中国社会科学,2016,民商法学,77.26,7.83,E1,False,,13.78,6.33,7.45,19.9,11.6,4,6,,0,0,0,,,,,,0,,,,67,10.52,mean(4),61.75,11.64,mean(4),78.5,5.2,mean(4),86,6.06,mean(4),85,2.45,mean(4),80.75,2.22,mean(4)
254,889,反不正当竞争法对未注册商标的有效保护及其制度重塑,黄汇[1],中国法学,2022,知识产权法学,77.24,9.82,E1,False,,15.92,7.75,8.17,28.6,21.5,4,6,,0,0,0,,,,,,0,,,,61.25,21.5,mean(4),83.25,2.06,mean(4),71.5,11.09,mean(4),86.75,3.2,mean(4),88.75,4.35,mean(4),78,4.32,mean(4)
793,890,论我国行政法上的成本收益分析原则:理论证成与适用展开,郑雅方[1],中国法学,2020,宪法学与行政法学,77.24,6.34,E1,False,,13.93,5.73,8.2,20.4,11.1,5,6,,0,0,0,,,,,,0,,,,63.75,11.09,mean(4),75,4.76,mean(4),82.5,2.52,mean(4),83,4.16,mean(4),84.75,5.25,mean(4),62.5,6.45,mean(4)
1892,891,数字平台监管模式的系统论重构,余成峰[1],中国法学,2025,经济法学,77.24,9.37,E1,False,,13.78,6.75,7.03,27.1,19.8,4,6,,0,0,0,,,,,,0,,,,63.5,19.81,mean(4),78.25,8.3,mean(4),73,6.27,mean(4),87.25,2.87,mean(4),83.5,1.73,mean(4),71.25,1.5,mean(4)
388,892,我国民法典中的成年人自主监护:理念与规则,费安玲[1],中国法学,2019,民商法学,77.21,5.24,E1,False,,13.4,4.82,8.58,24.5,8.5,5,6,,0,0,0,,,,,,0,,,,67.75,7.41,mean(4),75.5,3.0,mean(4),75,8.52,mean(4),82,2.83,mean(4),76,4.24,mean(4),78.75,2.99,mean(4)
1722,893,行政行为程序瑕疵的指正,杨登峰,法学研究,2017,宪法学与行政法学,77.21,7.95,E1,False,,19.78,7.82,11.97,38.8,12.3,3,6,,0,0,0,,,,,,0,,,,66.25,6.29,mean(4),70.5,12.29,mean(4),80,6.27,mean(4),85.5,9.0,mean(4),81.75,4.35,mean(4),74.25,8.66,mean(4)
1105,894,WTO《多方临时上诉仲裁安排》:基于仲裁的上诉替代,石静霞[1],法学研究,2020,国际法学,77.19,6.92,E1,False,,17.53,6.83,10.7,23.6,13.5,4,6,,0,0,0,,,,,,0,,,,77,4.16,mean(4),74,10.46,mean(4),52.75,13.5,mean(4),86.25,4.19,mean(4),82,5.72,mean(4),74.25,2.87,mean(4)
417,895,损害救济新旧法适用选择的过渡法规则,刘国乾,中国法学,2018,民商法学,77.16,8.96,E1,False,,15.62,6.3,9.32,26.9,19.9,5,6,,0,0,0,,,,,,0,,,,60,19.87,mean(4),75.5,6.61,mean(4),84.25,1.5,mean(4),86.5,5.97,mean(4),84,1.41,mean(4),73,2.45,mean(4)
1086,896,论算法的法律规制,"丁晓东[1,2]",中国社会科学,2020,民商法学,77.16,10.38,E1,False,,15.0,7.72,7.28,29.1,24.2,5,6,,0,0,0,,,,,,0,,,,58,24.25,mean(3),85.5,3.32,mean(4),76.25,3.5,mean(4),85.5,6.61,mean(4),79.75,3.3,mean(4),71,5.35,mean(4)
1288,897,准抽象危险犯概念之提倡,陈洪兵[1],法学研究,2015,刑法学,77.16,7.77,E1,False,,14.92,7.02,7.9,25.3,14.6,4,6,,0,0,0,,,,,,0,,,,66.25,14.57,mean(4),79.75,4.65,mean(4),74.75,7.8,mean(4),84.25,2.87,mean(4),79.33,2.31,mean(3),53.25,9.95,mean(4)
1751,898,论刑事远程审判的制度规制,崔永存[1],法学研究,2023,民商法学,77.16,10.71,E1,False,,15.83,9.52,6.32,25.8,18.7,3,6,,0,0,0,,,,,,0,,,,65.75,18.66,mean(4),80,2.31,mean(4),67.75,16.17,mean(4),85.75,5.19,mean(4),81.5,9.11,mean(4),67.5,5.57,mean(4)
1886,899,我国民事公益诉讼诉权行使顺位研究,张嘉军[1],中国法学,2025,诉讼法学,77.15,9.89,E1,False,,15.57,8.12,7.45,23.4,16.1,4,6,,0,0,0,,,,,,0,,,,66.25,15.99,mean(4),73.75,16.09,mean(4),80,6.73,mean(4),82,0.0,mean(4),78.25,7.41,mean(4),78.5,2.52,mean(4)
879,900,身份人格权论,刘德良[1],中国法学,2023,民商法学,77.13,9.78,E1,False,,15.52,7.72,7.8,26.3,22.6,4,6,,0,0,0,,,,,,0,,,,61.5,22.65,mean(4),86,2.71,mean(4),80.75,5.62,mean(4),76.25,5.06,mean(4),82.75,1.5,mean(4),74.5,8.81,mean(4)
64,901,个人信息权作为民事权利之证成:以知识产权为参照,吕炳斌[1],中国法学,2019,民商法学,77.07,9.27,E1,False,,14.85,8.58,6.27,22.9,18.1,3,6,,0,0,0,,,,,,0,,,,70,18.06,mean(4),76.5,4.43,mean(4),75.75,10.75,mean(4),80.75,2.99,mean(4),85,0.0,mean(4),52.25,15.2,mean(4)
1471,902,我国司法判决中的宪法援引及其功能——基于已公开判决文书的实证研究,冯健鹏,法学研究,2017,宪法学与行政法学,77.07,8.1,E1,False,,16.67,6.42,10.25,32.3,18.2,5,6,,0,0,0,,,,,,0,,,,60.5,18.19,mean(4),80.5,1.91,mean(4),71.75,5.32,mean(4),81.25,2.99,mean(4),82.5,7.14,mean(4),80.75,2.99,mean(4)
818,903,论法律的法规创造力,王贵松,中国法学,2017,宪法学与行政法学,77.01,8.81,E1,False,,17.35,10.55,6.8,29.5,23.5,3,6,,0,0,0,,,,,,0,,,,69.75,9.5,mean(4),81,3.16,mean(4),56.25,21.75,mean(4),86.75,3.5,mean(4),83.5,1.91,mean(4),70,23.51,mean(4)
1326,904,包需求合同的法理与适用,刘承韪,法学研究,2017,民商法学,77.01,7.15,E1,False,,15.55,7.98,7.57,21.8,16.2,4,6,,0,0,0,,,,,,0,,,,64.75,4.72,mean(4),80,5.89,mean(4),69.25,16.19,mean(4),85.5,5.0,mean(4),78.75,6.5,mean(4),77.5,9.57,mean(4)
1188,905,人工智能时代的法律议论,季卫东[1],法学研究,2019,法学理论,77.0,6.57,E1,False,,14.77,5.9,8.87,28.1,14.5,4,6,,0,0,0,,,,,,0,,,,73.75,9.46,mean(4),82.75,1.5,mean(4),51.5,14.48,mean(4),74,4.24,mean(4),86,2.45,mean(4),82.5,3.32,mean(4)
10,906,“人格物”的司法困境与理论突围,冷传莉,中国法学,2018,民商法学,76.97,9.32,E1,False,,15.63,7.72,7.92,27.0,15.2,4,6,,0,0,0,,,,,,0,,,,62.5,15.2,mean(4),87,6.22,mean(4),63.5,12.77,mean(4),86,5.42,mean(4),79.25,3.77,mean(4),78.25,2.87,mean(4)
794,907,论我国道路交通事故社会救助基金追偿权,李青武[1],中国法学,2019,民商法学,76.97,11.67,E1,False,,20.12,10.8,9.32,38.5,33.7,4,6,1-empty-status,0,0,0,,,,,,0,,,,78,5.72,mean(4),57.5,33.68,mean(4),75.5,13.3,mean(4),83.25,2.75,mean(4),84,4.24,mean(4),69.25,5.06,mean(4)
871,908,责任清单编制规则的法治逻辑,刘启川,中国法学,2018,宪法学与行政法学,76.94,10.04,E1,False,,18.42,9.17,9.25,26.9,12.7,2,6,,0,0,0,,,,,,0,,,,71,12.3,mean(4),68.75,12.74,mean(4),72,4.97,mean(4),85,8.08,mean(4),77,12.06,mean(4),71.25,4.79,mean(4)
1876,909,民法典合同编通则解释中的证据规范研究,"王雷[1,2]",中国法学,2025,诉讼法学,76.94,8.89,E1,False,,16.2,8.35,7.85,26.4,20.8,4,6,,0,0,0,,,,,,0,,,,78.25,5.68,mean(4),60.5,20.76,mean(4),75.5,11.15,mean(4),79.75,3.5,mean(4),81,4.24,mean(4),75.25,4.72,mean(4)
1900,910,民行刑交叉中的高空抛物致损赔偿规则,朱晓峰[1],中国法学,2025,刑法学,76.94,15.39,E1,False,,15.75,13.03,2.72,28.3,27.5,2,6,,0,0,0,,,,,,0,,,,71.25,27.5,mean(4),69.5,14.46,mean(4),72.5,18.93,mean(4),87.75,3.1,mean(4),88,1.63,mean(4),53.75,12.61,mean(4)
110,911,主渠道目标导向下行政复议与行政诉讼衔接关系研究,曹鎏[1],中国法学,2025,宪法学与行政法学,76.88,11.46,E1,False,,15.43,9.42,6.02,30.5,22.5,4,6,,0,0,0,,,,,,0,,,,61.75,22.54,mean(4),83.25,1.5,mean(4),63.5,18.06,mean(4),82,4.69,mean(4),82.5,5.26,mean(4),80,4.4,mean(4)
963,912,刑事司法领域的宪法判断与刑法制度文明,周光权[1],中国社会科学,2022,宪法学与行政法学,76.88,6.04,E1,False,,16.58,5.83,10.75,28.6,21.4,5,6,,0,0,0,,,,,,0,,,,62,5.72,mean(4),79.75,1.71,mean(4),60,21.42,mean(4),87.75,2.06,mean(4),87.75,3.1,mean(4),81.5,1.0,mean(4)
521,913,民法总则设置商法规范的限度及其理论解释,李建伟,中国法学,2016,民商法学,76.85,8.8,E1,False,,13.38,7.65,5.73,22.0,15.9,4,6,,0,0,0,,,,,,0,,,,63,15.9,mean(4),83,3.46,mean(4),68.5,13.3,mean(4),85,2.45,mean(4),77.75,6.13,mean(4),78.25,4.72,mean(4)
350,914,对民事二审中撤回起诉的再认识,王杏飞,中国法学,2017,诉讼法学,76.84,9.51,E1,False,,14.22,8.8,5.42,24.0,15.4,3,6,,0,0,0,,,,,,0,,,,61.5,15.35,mean(4),78,4.69,mean(4),71.75,11.79,mean(4),81.25,3.77,mean(4),77.5,11.73,mean(4),81.25,5.38,mean(4)
1004,915,数字化背景下刑事诉讼权利结构的优化,郑曦[1],中国社会科学,2024,诉讼法学,76.84,11.2,E1,False,,15.58,8.32,7.27,23.1,20.5,4,6,,0,0,0,,,,,,0,,,,65,20.48,mean(4),71,15.64,mean(4),82.75,4.57,mean(4),83.25,4.27,mean(4),81.75,2.87,mean(4),71,2.0,mean(4)
72,916,中国传统司法中的察狱以情及其现代价值,蒋铁初[1],中国法学,2022,刑法学,76.82,13.83,E1,False,,20.77,12.08,8.68,39.7,37.1,3,6,,0,0,0,,,,,,0,,,,79,9.2,mean(4),62.25,37.07,mean(4),65,15.9,mean(4),84.25,4.57,mean(4),83.25,1.5,mean(4),70.5,4.2,mean(4)
285,917,商标法律制度的失衡及其理性回归,杜颖[1],中国法学,2015,知识产权法学,76.79,7.01,E1,False,,13.43,7.13,6.3,23.2,18.5,3,6,,0,0,0,,,,,,0,,,,74.5,3.0,mean(4),83.5,10.38,mean(4),52.5,18.48,mean(4),79,2.0,mean(4),76.5,8.35,mean(4),65.5,0.58,mean(4)
648,918,网络空间中犯罪帮助行为的制裁体系与完善思路,"于志刚[1,2]",中国法学,2016,刑法学,76.79,7.13,E1,False,,14.87,5.93,8.93,19.0,15.1,5,6,1-empty-status,0,0,0,,,,,,0,,,,57.75,15.09,mean(4),72.75,2.22,mean(4),81,6.16,mean(4),85,3.56,mean(4),81,2.0,mean(4),81.75,6.5,mean(4)
707,919,认罪认罚从宽制度视野下的“以审判为中心”,汪海燕[1],中国法学,2023,刑法学,76.79,3.13,E1,False,,11.17,2.98,8.18,22.7,5.1,6,6,,0,0,0,,,,,,0,,,,82.75,5.12,mean(4),78,0.0,mean(4),48,3.56,mean(4),88.25,2.87,mean(4),85.5,3.32,mean(4),69.25,2.99,mean(4)
1792,920,迈向公私合作型行政法,章志远[1],法学研究,2019,宪法学与行政法学,76.79,7.61,E1,False,,12.32,6.37,5.95,25.3,15.5,4,6,,0,0,0,,,,,,0,,,,63.75,13.38,mean(4),78.25,2.87,mean(4),67,15.47,mean(4),81,2.0,mean(4),84,1.63,mean(4),82,2.83,mean(4)
1213,921,作品名称的多重功能与多元保护——兼评反不正当竞争法第6条第3项,彭学龙[1],法学研究,2018,知识产权法学,76.76,8.85,E1,False,,15.1,7.8,7.3,24.0,18.7,3,6,,0,0,0,,,,,,0,,,,71.25,8.5,mean(4),71.25,14.93,mean(4),70.5,18.73,mean(4),82.5,1.0,mean(4),84.75,2.5,mean(4),79,1.15,mean(4)
1624,922,清代州县讼事中的国家与个人——以巴县档案为中心,汪雄涛[1],法学研究,2018,法律史,76.76,7.73,E1,False,,13.85,8.13,5.72,20.3,15.0,3,6,,0,0,0,,,,,,0,,,,63,12.36,mean(4),86,1.41,mean(4),70,10.3,mean(4),84.75,4.72,mean(4),87.5,5.0,mean(4),47.5,15.0,mean(4)
1671,923,秦及汉初逃亡犯罪的刑罚适用和处理程序,张传玺[1],法学研究,2020,刑法学,76.76,10.98,E1,False,,16.9,8.6,8.3,31.8,21.3,3,6,,0,0,0,,,,,,0,,,,63,21.28,mean(4),75,8.52,mean(4),82,9.63,mean(4),82.5,4.12,mean(4),84,4.24,mean(4),73.25,3.95,mean(4)
567,924,环境侵权类型的重构,窦海阳,中国法学,2017,环境与资源保护法学,76.74,8.82,E1,False,,15.08,7.48,7.6,24.2,14.5,4,6,,0,0,0,,,,,,0,,,,71.75,11.9,mean(4),61.25,14.45,mean(4),81,7.35,mean(4),83.75,3.5,mean(4),80.75,3.4,mean(4),64.25,4.35,mean(4)
1627,925,清代讼师贪利形象的多重建构,尤陈俊[1],法学研究,2015,法律史,76.74,8.09,E1,False,,17.57,8.12,9.45,28.4,17.7,4,6,,0,0,0,,,,,,0,,,,79.25,6.75,mean(4),76.75,10.24,mean(4),55,17.68,mean(4),80.75,3.4,mean(4),82.25,3.1,mean(4),58.75,7.5,mean(4)
857,926,证券虚假陈述中审验机构连带责任的厘清与修正,陈洁[1],中国法学,2021,民商法学,76.68,9.0,E1,False,,14.25,7.07,7.18,27.2,18.8,4,6,,0,0,0,,,,,,0,,,,62.25,18.77,mean(4),82.75,3.59,mean(4),73,8.08,mean(4),82.25,3.3,mean(4),78.5,7.0,mean(4),70,1.63,mean(4)
507,927,民法典整体贯彻绿色理念模式研究,徐国栋[1],中国法学,2023,环境与资源保护法学,76.63,5.31,E1,False,,19.75,5.35,14.4,29.1,9.5,5,6,,0,0,0,,,,,,0,,,,74.25,4.35,mean(4),78.25,7.68,mean(4),58.75,9.46,mean(4),79.25,2.99,mean(4),84,1.41,mean(4),73,6.22,mean(4)
791,928,论我国环境公益诉讼的发展方向：基于行政权与司法权关系理论的分析,王明远,中国法学,2016,诉讼法学,76.63,10.95,E1,False,,14.48,7.73,6.75,31.6,29.0,4,6,,0,0,0,,,,,,0,,,,63.25,29.0,mean(4),82,0.0,mean(4),51.75,10.08,mean(4),88.75,1.89,mean(4),83.75,1.89,mean(4),83.25,3.5,mean(4)
828,929,论环境质量标准与环境污染侵权责任的认定,尤明青,中国法学,2017,民商法学,76.63,10.16,E1,False,,17.98,9.85,8.13,28.6,24.4,4,6,1-empty-status,0,0,0,,,,,,0,,,,75.5,5.0,mean(4),60.5,24.45,mean(4),68.25,17.56,mean(4),88,2.16,mean(4),84,4.24,mean(4),64.25,5.68,mean(4)
1488,930,技术侦查证据使用问题研究,程雷[1],法学研究,2018,诉讼法学,76.63,8.7,E1,False,,16.73,7.35,9.38,26.2,19.3,4,6,,0,0,0,,,,,,0,,,,69.5,8.43,mean(4),66,19.25,mean(4),79.25,7.18,mean(4),83.25,4.27,mean(4),81.25,2.99,mean(4),79.5,1.91,mean(4)
1333,931,反思财产法制建设中的“事前研究”方法,冉昊,法学研究,2016,民商法学,76.62,12.56,E1,False,,18.53,12.45,6.08,36.6,23.9,3,6,,0,0,0,,,,,,0,,,,69.25,21.09,mean(4),84.75,4.72,mean(4),52,23.93,mean(4),85.25,2.5,mean(4),85.75,1.5,mean(4),66.25,20.97,mean(4)
1489,932,"技术标准之许可定价规则的""非国家化""——以可比许可法为中心",马一德[1],法学研究,2022,知识产权法学,76.62,9.1,E1,False,,15.98,8.33,7.65,25.2,16.4,3,6,,0,0,0,,,,,,0,,,,62.5,16.36,mean(4),73,8.08,mean(4),81.5,3.42,mean(4),89.25,4.86,mean(4),82.75,4.57,mean(4),58.25,12.61,mean(4)
1916,933,从形式法典化到实质法典化：刑事诉讼法的法典化进阶,步洋洋[1],中国法学,2025,刑法学,76.62,7.95,E1,False,,14.05,6.47,7.58,23.0,16.4,4,6,,0,0,0,,,,,,0,,,,64.25,16.4,mean(4),78,3.27,mean(4),71,9.2,mean(4),85.25,2.5,mean(4),88.25,2.5,mean(4),77.5,4.93,mean(4)
1480,934,我国行政诉讼中的预防性保护,罗智敏[1],法学研究,2020,宪法学与行政法学,76.6,7.59,E1,False,,15.8,6.98,8.82,22.0,14.4,4,6,,0,0,0,,,,,,0,,,,65.25,12.37,mean(4),81,2.58,mean(4),70.25,14.43,mean(4),81.25,2.99,mean(4),85.25,2.5,mean(4),73.25,6.99,mean(4)
189,935,公共健康危机的知识产权法应对,万勇[1],中国法学,2022,知识产权法学,76.59,7.16,E1,False,,13.48,5.33,8.15,26.6,17.4,5,6,,0,0,0,,,,,,0,,,,59.75,17.4,mean(4),85.75,1.71,mean(4),66.5,7.05,mean(4),79,1.15,mean(4),86,1.41,mean(4),80.25,3.3,mean(4)
1179,936,乡村基层执法的空间制约与机制再造,陈柏峰[1],法学研究,2020,宪法学与行政法学,76.59,4.32,E1,False,,11.53,4.63,6.9,17.3,10.0,5,6,,0,0,0,,,,,,0,,,,62,5.72,mean(4),77,3.92,mean(4),84,1.41,mean(4),84,4.24,mean(4),83,2.58,mean(4),54,10.03,mean(4)
1372,937,国有企业特殊对待与市场主体平等保护的规范势差及其限缩,张力[1],法学研究,2024,民商法学,76.57,8.59,E1,False,,16.73,7.47,9.27,23.5,13.3,4,6,,0,0,0,,,,,,0,,,,66,13.34,mean(4),67.5,8.81,mean(4),80.25,6.55,mean(4),86,5.42,mean(4),85.75,4.35,mean(4),77.25,6.4,mean(4)
127,938,互构关系中社区矫正对象与性质定位研究,郑丽萍[1],中国法学,2020,刑法学,76.56,6.55,E1,False,,12.18,6.53,5.65,22.3,17.8,5,6,,0,0,0,,,,,,0,,,,67,5.03,mean(4),86.5,1.73,mean(4),57.5,17.82,mean(4),82.5,7.59,mean(4),81.75,2.87,mean(4),76,4.24,mean(4)
574,939,环境法典基本原则条款构建研究,曹炜[1],中国法学,2022,环境与资源保护法学,76.5,9.4,E1,False,,14.7,7.97,6.73,20.5,14.3,3,6,,0,0,0,,,,,,0,,,,66.75,14.31,mean(4),72.75,12.09,mean(4),75,13.11,mean(4),83.25,1.5,mean(4),85.75,1.5,mean(4),68.25,5.32,mean(4)
881,940,轻罪重判国家赔偿责任的证立及其类型化,金成波[1],中国法学,2020,宪法学与行政法学,76.5,8.73,E1,False,,19.45,7.78,11.67,27.6,17.1,4,6,,0,0,0,,,,,,0,,,,67,11.6,mean(4),75.5,5.74,mean(4),67.5,17.08,mean(4),85.75,5.19,mean(4),83.25,2.87,mean(4),60.5,4.2,mean(4)
1121,941,一致解释原则的功能及适用要件,彭岳[1],法学研究,2023,国际法学,76.49,9.57,E1,False,,14.53,8.47,6.07,30.0,23.5,4,6,,0,0,0,,,,,,0,,,,63,13.64,mean(4),84.25,4.92,mean(4),64.75,23.54,mean(4),85,2.45,mean(4),82.5,3.11,mean(4),72.5,3.32,mean(4)
1279,942,内地与香港继承判决流通制度的构建,张淑钿[1],法学研究,2025,民商法学,76.47,6.65,E1,False,,17.1,6.3,10.8,27.8,13.3,4,6,,0,0,0,,,,,,0,,,,70,4.4,mean(4),61.25,12.5,mean(4),70,13.27,mean(4),85,2.45,mean(4),86.5,1.73,mean(4),83.25,3.5,mean(4)
1816,943,金融法中混业“但书”规定之反思,刘志伟[1],法学研究,2019,刑法学,76.47,8.03,E1,False,,12.17,6.48,5.68,17.4,13.8,4,6,,0,0,0,,,,,,0,,,,75.5,13.82,mean(4),68.75,9.43,mean(4),67,6.27,mean(4),80,2.31,mean(4),84.75,4.72,mean(4),77,2.45,mean(4)
1154,944,中国民间公益法人制度现代化的路径选择,李德健[1],法学研究,2024,经济法学,76.46,9.23,E1,False,,14.53,7.57,6.97,28.6,18.5,4,6,,0,0,0,,,,,,0,,,,60.75,18.46,mean(4),82.5,2.52,mean(4),70.75,18.1,mean(4),85.5,0.58,mean(4),85.75,1.5,mean(4),79.5,4.2,mean(4)
1281,945,再现型摄影作品之著作权认定,马一德,法学研究,2016,知识产权法学,76.46,7.73,E1,False,,14.4,7.32,7.08,23.9,10.9,3,6,,0,0,0,,,,,,0,,,,65.25,10.05,mean(4),82.5,3.32,mean(4),69.75,10.9,mean(4),83.75,8.42,mean(4),77.5,3.32,mean(4),56,8.04,mean(4)
542,946,法律规范之间抵触标准研究,胡建淼,中国法学,2016,法学理论,76.44,7.99,E1,False,,16.17,6.52,9.65,25.9,14.6,4,6,,0,0,0,,,,,,0,,,,63.75,14.57,mean(4),72.75,9.29,mean(4),82,6.68,mean(4),86.5,1.73,mean(4),82.75,1.5,mean(4),44.5,5.26,mean(4)
1298,947,刑事诉讼专门性证据的扩张与规制,吴洪淇[1],法学研究,2022,诉讼法学,76.44,11.57,E1,False,,18.15,10.62,7.53,27.8,27.5,3,6,,0,0,0,,,,,,0,,,,76.75,11.47,mean(4),69.25,11.06,mean(4),56,27.53,mean(4),85.75,5.91,mean(4),80,4.4,mean(4),74.5,3.32,mean(4)
233,948,刑事诉讼法与监察法的衔接难题与破解之道,程雷[1],中国法学,2019,刑法学,76.43,9.3,E1,False,,13.73,7.55,6.18,21.2,17.1,4,6,,0,0,0,,,,,,0,,,,71.5,17.08,mean(4),76,5.42,mean(4),59.75,15.84,mean(4),84,1.41,mean(4),82.25,3.1,mean(4),79.5,2.52,mean(4)
726,949,论中立帮助行为的处罚边界,陈洪兵,中国法学,2017,刑法学,76.43,8.81,E1,False,,15.72,7.67,8.05,28.7,13.0,3,6,,0,0,0,,,,,,0,,,,74.25,12.97,mean(4),79.75,3.3,mean(4),64.25,10.9,mean(4),72.75,10.05,mean(4),86.25,3.5,mean(4),63.5,5.26,mean(4)
1068,950,论作为新型财产权的数据财产权,张新宝[1],中国社会科学,2023,民商法学,76.41,11.67,E1,False,,15.7,8.03,7.67,33.0,30.0,5,6,,0,0,0,,,,,,0,,,,63.75,29.98,mean(4),79.25,7.63,mean(4),72.5,3.32,mean(4),87,1.73,mean(3),84.75,0.5,mean(4),59.25,5.06,mean(4)
1560,951,民事裁判援引规章及行政规范性文件的审查义务,汪君[1],法学研究,2021,民商法学,76.41,6.74,E1,False,,14.4,5.5,8.9,21.4,14.1,5,6,,0,0,0,,,,,,0,,,,66,14.07,mean(4),78.25,2.87,mean(4),73,6.27,mean(4),80,2.31,mean(4),82.5,3.32,mean(4),77.5,4.12,mean(4)
1268,952,公司资本制度的后端改革与偿债能力测试的借鉴,"朱慈蕴[1,2];皮正德[2]",法学研究,2021,民商法学,76.4,8.63,E1,False,,14.15,7.32,6.83,22.3,16.6,3,6,,0,0,0,,,,,,0,,,,60.75,16.56,mean(4),83.5,1.91,mean(4),69.75,11.15,mean(4),85,2.45,mean(4),77.75,10.37,mean(4),75.75,1.5,mean(4)
990,953,基于规则与事实的司法哲学范畴,孙笑侠,中国社会科学,2016,法学理论,76.38,5.09,E1,False,,14.8,5.17,9.63,24.7,7.5,6,6,,0,0,0,,,,,,0,,,,61.25,7.5,mean(4),86.5,1.73,mean(4),72,4.97,mean(4),79.5,4.2,mean(4),79.75,5.56,mean(4),66.5,7.05,mean(4)
1545,954,构建行政公益诉讼的客观诉讼机制,刘艺[1],法学研究,2018,宪法学与行政法学,76.38,8.22,E1,False,,13.03,6.28,6.75,23.5,16.5,5,6,,0,0,0,,,,,,0,,,,69.75,16.5,mean(4),74.5,6.66,mean(4),69,5.72,mean(4),81,3.46,mean(4),83,2.45,mean(4),77.5,2.89,mean(4)
423,955,敌意收购的法律立场,傅穹,中国法学,2017,民商法学,76.35,9.48,E1,False,,13.68,7.68,6.0,26.9,19.6,4,6,,0,0,0,,,,,,0,,,,64.25,19.55,mean(4),86.5,5.97,mean(4),62.5,8.81,mean(4),82,2.94,mean(4),84.25,1.5,mean(4),75,7.26,mean(4)
622,956,算法侵害责任框架刍议,王莹[1],中国法学,2022,民商法学,76.35,10.51,E1,False,,17.47,11.62,5.85,23.6,20.2,2,6,,0,0,0,,,,,,0,,,,72.25,7.14,mean(4),63.75,20.16,mean(4),70.5,9.85,mean(4),86.75,4.03,mean(4),75,12.49,mean(4),69,16.06,mean(4)
1259,957,公司债券非公开发行的规范模式,叶林,法学研究,2021,民商法学,76.35,6.83,E1,False,,19.72,7.22,12.5,25.4,15.6,4,6,,0,0,0,,,,,,0,,,,76.25,4.19,mean(4),73.5,11.27,mean(4),60.5,15.61,mean(4),78.5,1.0,mean(4),83.25,4.27,mean(4),74.75,6.9,mean(4)
1506,958,数字平台管制：公共性理论的反思与经济管制的适用,李剑[1],法学研究,2023,经济法学,76.35,15.82,E1,False,,18.17,12.55,5.62,30.4,28.8,3,6,,0,0,0,,,,,,0,,,,68,28.83,mean(4),79.25,13.25,mean(4),59,20.69,mean(4),86.25,3.95,mean(4),88,3.83,mean(4),71.25,4.79,mean(4)
695,959,行政赔偿案件中原被告举证责任辨析,罗智敏[1],中国法学,2019,诉讼法学,76.34,10.59,E1,False,,14.45,9.7,4.75,33.0,28.5,3,6,1-empty-status,0,0,0,,,,,,0,,,,75,9.63,mean(4),73.75,13.15,mean(4),62.25,28.48,mean(4),78.75,2.99,mean(4),85,0.0,mean(3),69.33,4.04,mean(3)
1310,960,刑法中义务冲突的界定、类型与体系定位,张小宁[1],法学研究,2023,刑法学,76.28,10.11,E1,False,,15.53,8.25,7.28,26.7,19.3,4,6,,0,0,0,,,,,,0,,,,62.75,19.28,mean(4),84.5,5.2,mean(4),70.75,10.87,mean(4),84,4.9,mean(4),80,4.4,mean(4),58.75,4.79,mean(4)
1672,961,秦汉律所见“质钱”考辨,李力[1],法学研究,2015,民商法学,76.28,9.9,E1,False,,20.17,9.88,10.28,41.8,18.9,3,6,,0,0,0,,,,,,0,,,,69.5,16.05,mean(4),85,2.45,mean(4),61.25,18.87,mean(4),80.5,3.79,mean(4),79.5,1.91,mean(4),58.75,16.19,mean(4)
55,962,不当联结禁止原则的重述与应用,金成波[1],中国法学,2024,宪法学与行政法学,76.26,8.66,E1,False,,12.78,7.48,5.3,19.3,18.0,4,6,,0,0,0,,,,,,0,,,,72.75,7.72,mean(4),71.5,17.97,mean(4),76,1.73,mean(3),73.75,9.6,mean(4),82,3.56,mean(4),66.25,4.35,mean(4)
1794,963,迈向自主法学知识体系的比较法研究范式——以2003,2022年的比较法论文为样本,法学研究,2024,法学理论,76.25,9.63,E1,False,,14.03,8.0,6.03,27.2,18.0,4,6,,0,0,0,,,,,,0,,,,60,17.11,mean(4),86.5,1.73,mean(4),66.75,18.03,mean(4),84.75,4.72,mean(4),82.75,3.59,mean(4),74.25,2.87,mean(4)
1654,964,监察过程中的公安协助配合机制,江国华[1];张硕[1],法学研究,2019,诉讼法学,76.24,9.83,E1,False,,11.33,7.07,4.27,22.2,21.5,4,6,,0,0,0,,,,,,0,,,,62.25,21.55,mean(4),66,9.09,mean(4),87.5,3.79,mean(4),77.75,3.1,mean(4),81.75,2.36,mean(4),81.25,2.5,mean(4)
839,965,论网络服务商版权内容过滤义务,崔国斌,中国法学,2017,知识产权法学,76.22,11.01,E1,False,,17.2,8.8,8.4,33.5,26.6,4,6,1-empty-status,0,0,0,,,,,,0,,,,75.75,12.34,mean(4),53.75,26.58,mean(4),79.75,4.79,mean(4),84,4.24,mean(4),83.5,3.7,mean(4),78.67,1.15,mean(3)
1315,966,删而未除的“管辖错误”再审——基于2013年以来最高人民法院裁定书的分析,李浩[1],法学研究,2015,诉讼法学,76.16,4.91,E1,False,,16.35,5.07,11.28,28.7,6.8,6,6,,0,0,0,,,,,,0,,,,74,5.42,mean(4),72,4.32,mean(4),58.25,4.72,mean(4),84.25,4.57,mean(4),87.25,4.57,mean(4),73.75,6.75,mean(4)
1588,967,法学研究中裁判文书运用的方法论检讨——以刑事法文献为例的内容分析,何挺[1],法学研究,2022,刑法学,76.16,8.45,E1,False,,19.32,7.85,11.47,41.2,15.3,3,6,,0,0,0,,,,,,0,,,,69,9.31,mean(4),68.25,8.88,mean(4),74.25,15.33,mean(4),83.5,4.43,mean(4),81,4.76,mean(4),60,4.4,mean(4)
471,968,机动车自愿责任险排除连带赔偿责任,"邢海宝[1,2]",中国法学,2016,民商法学,76.15,9.59,E1,False,,13.17,8.57,4.6,24.0,16.6,4,6,1-empty-status,0,0,0,,,,,,0,,,,75.75,14.91,mean(4),74,4.24,mean(4),56,16.57,mean(4),85.5,5.57,mean(4),85.5,3.32,mean(4),58,6.78,mean(4)
1362,969,回归法律规范:刑事值班律师制度适用问题再反思,贾志强[1],法学研究,2022,刑法学,76.13,10.01,E1,False,,14.47,9.45,5.02,32.3,26.9,3,6,,0,0,0,,,,,,0,,,,74.25,9.74,mean(4),72.75,8.62,mean(4),53.25,26.92,mean(4),86.75,3.95,mean(4),87.75,3.1,mean(4),78.5,4.51,mean(4)
1404,970,基本行政法典的确立、定位与架构,杨伟东[1],法学研究,2021,宪法学与行政法学,76.13,11.87,E1,False,,16.67,9.57,7.1,30.2,23.1,4,6,,0,0,0,,,,,,0,,,,57.75,21.82,mean(4),86,4.24,mean(4),64.25,23.07,mean(4),90,3.56,mean(4),84,1.41,mean(4),70.25,3.3,mean(4)
1707,971,著作权法中作品独创性的审美逻辑,王国柱[1],法学研究,2023,知识产权法学,76.12,6.5,E1,False,,15.12,6.67,8.45,22.3,12.5,4,6,,0,0,0,,,,,,0,,,,66,8.68,mean(4),77.25,3.59,mean(4),67.67,12.5,mean(3),83.75,1.5,mean(4),84.25,6.24,mean(4),67.5,7.55,mean(4)
351,972,对民事判决书结构与说理的重塑,曹志勋,中国法学,2015,民商法学,76.09,9.95,E1,False,,18.72,7.83,10.88,29.5,18.5,4,6,,0,0,0,,,,,,0,,,,61,18.49,mean(4),72,11.75,mean(4),82.5,7.14,mean(4),85.25,2.5,mean(4),85,2.45,mean(4),73.75,4.79,mean(4)
954,973,先秦法的概念隐喻,汪太贤[1],中国社会科学,2023,法律史,76.09,7.14,E1+E2,True,,16.6,8.87,7.73,24.5,14.9,3,6,,0,0,1,106,76.09,7.14,E1+E2,coverage_minimum,0,,,,76.5,7.18,median(8) [E1+E2],78.0,5.76,median(8) [E1+E2],57.5,14.57,median(8) [E1+E2],79.0,4.19,median(8) [E1+E2],86.5,3.7,median(8) [E1+E2],50.0,8.76,median(8) [E1+E2]
304,974,地方法治竞争范式及其制度约束,周尚君,中国法学,2017,法学理论,76.06,5.29,E1,False,,14.08,5.65,8.43,17.9,9.4,5,6,,0,0,0,,,,,,0,,,,66.75,3.5,mean(4),76,4.62,mean(4),68.5,9.43,mean(4),83,5.6,mean(4),88.5,4.73,mean(4),69.5,6.14,mean(4)
764,975,论商事习惯的法源位阶,李建伟[1],中国法学,2022,民商法学,76.06,9.26,E1,False,,14.52,6.57,7.95,31.0,22.6,5,6,,0,0,0,,,,,,0,,,,63.75,22.63,mean(4),83,1.15,mean(4),65.5,4.93,mean(4),82.75,5.85,mean(4),86,1.83,mean(4),78.75,2.99,mean(4)
1247,976,全国人大常委会宪法地位的历史变迁与体系展开,钱坤[1],法学研究,2022,宪法学与行政法学,76.04,17.7,E1,False,,18.93,13.68,5.25,37.4,34.3,3,6,,0,0,0,,,,,,0,,,,69.5,27.39,mean(4),63.5,34.35,mean(4),72.25,12.28,mean(4),88.5,1.0,mean(4),84,4.24,mean(4),75.75,2.87,mean(4)
1555,977,死刑存废的民意维度——以组织卖淫罪可罚性观念的测量为中心,赵军[1],法学研究,2015,刑法学,76.04,18.68,E1,False,,21.1,14.48,6.62,36.3,34.6,3,6,,0,0,0,,,,,,0,,,,71.75,27.17,mean(4),61.25,34.58,mean(4),63.75,14.8,mean(4),85.25,5.25,mean(4),84.5,1.73,mean(4),82.5,3.32,mean(4)
650,978,网络诽谤的争议问题探究,张明楷[1],中国法学,2015,刑法学,76.03,10.57,E1,False,,15.87,9.32,6.55,32.3,19.6,3,6,,0,0,0,,,,,,0,,,,69,15.71,mean(4),76.75,8.06,mean(4),55.5,19.6,mean(4),88.5,4.04,mean(4),84.25,1.5,mean(4),67.25,6.99,mean(4)
1076,979,论指导性案例的内容构成,朱芒,中国社会科学,2017,法学理论,76.03,8.36,E1,False,,18.27,9.58,8.68,27.2,22.4,4,6,,0,0,0,,,,,,0,,,,75,7.26,mean(4),61.75,18.32,mean(4),72.5,3.32,mean(4),81.75,2.87,mean(4),80.25,3.3,mean(4),63.25,22.41,mean(4)
1539,980,最小必要原则在平台处理个人信息实践中的适用,武腾[1],法学研究,2021,民商法学,76.03,11.99,E1,False,,18.12,9.42,8.7,32.3,27.8,4,6,,0,0,0,,,,,,0,,,,66.25,27.8,mean(4),79,2.58,mean(4),69,12.3,mean(4),80.25,2.63,mean(4),80,4.0,mean(4),65.75,7.23,mean(4)
893,981,遗产限定继承论,马新彦,中国法学,2021,民商法学,75.97,5.06,E1,False,,19.62,5.23,14.38,33.2,6.7,6,6,,0,0,0,,,,,,0,,,,72,4.97,mean(4),61.25,4.79,mean(4),78.5,6.03,mean(4),82,4.97,mean(4),82.25,3.86,mean(4),79.75,6.65,mean(4)
1826,982,集体法益的刑法保护及其边界,孙国祥[1],法学研究,2018,刑法学,75.97,6.51,E1,False,,14.7,5.85,8.85,25.4,11.7,3,6,,0,0,0,,,,,,0,,,,67.5,11.73,mean(4),77,6.27,mean(4),62.5,8.81,mean(4),85,0.0,mean(4),85,0.0,mean(3),74,8.29,mean(4)
1639,983,环境法体系中的自然保护地立法,吴凯杰[1],法学研究,2020,环境与资源保护法学,75.96,13.79,E1,False,,17.03,10.45,6.58,33.6,31.6,4,6,,0,0,0,,,,,,0,,,,65.25,31.64,mean(4),80,2.31,mean(4),61.25,19.03,mean(4),86.25,2.87,mean(4),84.75,1.26,mean(4),77.5,5.57,mean(4)
1871,984,从直觉到证据：大模型法律语料库与法律解释客观化,江海洋[1],法学研究,2025,诉讼法学,75.96,8.94,E1,False,,16.08,7.85,8.23,26.7,16.0,3,6,,0,0,0,,,,,,0,,,,62.5,16.03,mean(4),80,6.27,mean(4),74.75,9.64,mean(4),80.25,3.3,mean(4),82.75,3.59,mean(4),78.25,8.3,mean(4)
1252,985,全面依法治国与第三方评估制度的完善,周汉华,法学研究,2021,民商法学,75.93,6.89,E1,False,,17.97,6.97,11.0,31.7,21.0,5,6,,0,0,0,,,,,,0,,,,74.25,2.87,mean(4),78.25,5.32,mean(4),53.75,20.97,mean(4),80,6.73,mean(4),85,3.46,mean(4),77,2.45,mean(4)
475,986,标准必要专利反垄断诉讼问题研究,王晓晔,中国法学,2015,知识产权法学,75.91,6.47,E1,False,,15.08,6.33,8.75,20.6,8.8,5,6,,0,0,0,,,,,,0,,,,69.25,6.5,mean(4),78,7.48,mean(4),57,8.83,mean(4),85.25,5.25,mean(4),82.25,3.1,mean(4),76.25,6.75,mean(4)
1093,987,财产权宪法化与近代中国社会本位立法,聂鑫,中国社会科学,2016,宪法学与行政法学,75.91,5.1,E1,False,,12.22,4.57,7.65,25.1,8.8,5,6,,0,0,0,,,,,,0,,,,77.5,8.81,mean(4),86.25,2.75,mean(4),41.5,3.0,mean(4),89,5.29,mean(4),85.25,0.5,mean(4),67.25,6.99,mean(4)
1294,988,刑事被告人答辩制度之构建,欧卫安,法学研究,2017,刑法学,75.91,6.99,E1,False,,18.88,7.0,11.88,29.2,10.4,3,6,,0,0,0,,,,,,0,,,,66.5,8.85,mean(4),75.5,1.73,mean(4),67.5,10.41,mean(4),84,6.16,mean(4),78.25,9.18,mean(4),69.25,5.62,mean(4)
1302,989,刑事诉讼法中的侦查概括条款,艾明,法学研究,2017,刑法学,75.91,7.79,E1,False,,19.77,6.87,12.9,40.5,18.1,4,6,,0,0,0,,,,,,0,,,,65.5,7.55,mean(4),67,18.06,mean(4),80.5,8.39,mean(4),84.25,1.5,mean(4),86,1.41,mean(4),75.75,4.35,mean(4)
1436,990,宪法功能转型的社会机理与中国模式,李忠夏[1],法学研究,2022,宪法学与行政法学,75.88,9.11,E1,False,,16.6,6.78,9.82,25.3,19.6,5,6,,0,0,0,,,,,,0,,,,64.25,19.55,mean(4),83.5,3.42,mean(4),75.5,6.66,mean(4),73.25,5.68,mean(4),82.5,3.32,mean(4),71,2.0,mean(4)
594,991,知识产权许可费赔偿方法的功能、价值准则与体系重构,杨涛[1],中国法学,2021,知识产权法学,75.87,10.99,E1,False,,16.37,9.03,7.33,30.0,22.6,3,6,,0,0,0,,,,,,0,,,,58.5,22.58,mean(4),84.5,8.39,mean(4),74.25,6.99,mean(4),81.75,4.35,mean(4),85.25,0.5,mean(4),61.5,11.39,mean(4)
1678,992,税法续造与税收法定主义的实现机制,汤洁茵,法学研究,2016,经济法学,75.84,14.14,E1,False,,17.87,12.27,5.6,28.3,20.5,2,6,,0,0,0,,,,,,0,,,,74,19.37,mean(4),64.5,15.0,mean(4),64.75,20.52,mean(4),85.5,5.26,mean(4),75.5,10.5,mean(4),75.75,2.87,mean(4)
1054,993,董事会运行中非理性因素的法律规制,朱羿锟,中国社会科学,2015,民商法学,75.82,5.64,E1,False,,13.07,4.83,8.23,19.6,9.6,5,6,,0,0,0,,,,,,0,,,,69.25,9.6,mean(4),81,2.58,mean(4),61.5,6.03,mean(4),78.5,4.73,mean(4),86.5,1.73,mean(4),70,4.4,mean(4)
1508,994,数字时代的技术性正当程序：理论检视与制度构建,苏宇[1],法学研究,2023,民商法学,75.82,8.89,E1,False,,14.03,6.85,7.18,26.1,19.1,4,6,,0,0,0,,,,,,0,,,,57.75,19.05,mean(4),78.25,2.87,mean(4),71.5,9.0,mean(4),82.5,4.12,mean(4),85,2.45,mean(4),81,3.61,mean(3)
596,995,破产程序中的税法问题研究,徐阳光,中国法学,2018,民商法学,75.81,7.58,E1,False,,13.65,6.1,7.55,24.7,12.8,4,6,,0,0,0,,,,,,0,,,,67.25,12.84,mean(4),83.5,10.12,mean(4),56.75,4.27,mean(4),82.5,3.0,mean(4),78.25,2.87,mean(4),73.25,3.5,mean(4)
952,996,作为国家机构原则的民主集中制,王旭[1],中国社会科学,2019,法学理论,75.81,11.54,E1,False,,16.18,8.8,7.38,25.9,20.4,4,6,,0,0,0,,,,,,0,,,,60.5,20.42,mean(4),68.5,18.43,mean(4),85.25,4.86,mean(4),86.25,2.5,mean(4),89.75,3.3,mean(4),75.5,3.32,mean(4)
286,997,商标注册“不良影响”条款的适用,马一德,中国法学,2016,知识产权法学,75.76,6.44,E1,False,,17.05,6.0,11.05,32.1,12.3,5,6,,0,0,0,,,,,,0,,,,77.5,7.14,mean(4),62.5,6.45,mean(4),64,12.3,mean(4),82.5,3.79,mean(4),84.5,1.73,mean(4),67.25,4.57,mean(4)
1336,998,受贿犯罪的保护法益,张明楷,法学研究,2018,刑法学,75.76,10.4,E1,False,,20.35,8.68,11.67,42.0,18.9,4,6,,0,0,0,,,,,,0,,,,66.25,18.95,mean(4),79,6.16,mean(4),66.5,15.76,mean(4),85.25,3.77,mean(4),85,0.0,mean(4),42.75,7.37,mean(4)
222,999,刑事涉案虚拟财产强制处分论,田力男[1],中国法学,2023,刑法学,75.75,12.08,E1,False,,14.6,9.8,4.8,30.2,27.0,3,6,,0,0,0,,,,,,0,,,,63.5,13.18,mean(4),68.25,26.99,mean(4),80.25,8.81,mean(4),85.5,5.0,mean(4),82.5,3.32,mean(4),75.75,1.5,mean(4)
1483,1000,所指确定与法律解释——一种适用于一般法律词项的指称理论,陈坤,法学研究,2016,法学理论,75.7,15.39,E1,False,,19.95,13.18,6.77,40.0,38.6,3,6,,0,0,0,,,,,,0,,,,75.75,18.66,mean(4),59.33,38.55,mean(3),77,3.46,mean(4),82.5,3.32,mean(4),81.75,2.87,mean(4),57.25,12.12,mean(4)
980,1001,商法的独特性与民法典总则编纂,许中缘;颜克云,中国社会科学,2016,民商法学,75.69,8.84,E1,False,,14.27,6.73,7.53,23.2,18.6,5,6,,0,0,0,,,,,,0,,,,67.25,18.64,mean(4),81.25,3.77,mean(4),66.75,6.7,mean(4),76.75,5.68,mean(4),84.25,1.5,mean(4),65,4.08,mean(4)
629,1002,索债型非法拘禁罪扩张适用下对绑架罪的再认识,徐光华[1],中国法学,2020,刑法学,75.66,11.03,E1,False,,14.3,8.47,5.83,23.1,21.5,4,6,1-empty-status,0,0,0,,,,,,0,,,,72.25,21.55,mean(4),71.75,5.32,mean(4),54.25,10.75,mean(4),88,6.73,mean(4),80,4.4,mean(4),77.75,2.06,mean(4)
249,1003,单位的反性骚扰义务与相关侵权责任研究,张新宝[1],中国法学,2022,民商法学,75.63,12.9,E1,False,,18.83,11.73,7.1,36.0,32.1,2,6,,0,0,0,,,,,,0,,,,68.75,12.5,mean(4),62.75,32.15,mean(4),73.75,8.54,mean(4),87.5,3.32,mean(4),87.25,1.5,mean(4),71.25,12.5,mean(4)
268,1004,司法视域下夫妻财产制的价值转向,赵玉,中国法学,2016,民商法学,75.62,5.91,E1,False,,15.72,5.32,10.4,24.2,11.9,5,6,,0,0,0,,,,,,0,,,,71.75,5.32,mean(4),72.5,11.9,mean(4),60,6.27,mean(4),75,2.45,mean(4),77.5,4.12,mean(4),80.5,1.91,mean(4)
1607,1005,法治化营商环境建设的合规机制——以刑事合规为中心,李本灿,法学研究,2021,刑法学,75.6,8.79,E1,False,,17.0,7.2,9.8,25.5,15.5,4,6,,0,0,0,,,,,,0,,,,56.25,15.48,mean(4),72.5,4.04,mean(4),77.25,12.42,mean(4),85.25,5.25,mean(4),83,2.45,mean(4),81,3.56,mean(4)
920,1006,中国刑事证据制度体系的优化,张栋[1],中国社会科学,2015,诉讼法学,75.59,11.6,E1,False,,17.7,9.32,8.38,29.0,21.6,3,6,,0,0,0,,,,,,0,,,,59,21.62,mean(4),74.5,8.39,mean(4),74,10.58,mean(3),81.5,6.03,mean(4),83.25,3.5,mean(4),80.5,5.8,mean(4)
1911,1007,电子证据痕迹效应理论及其运用,自正法[1],中国法学,2025,诉讼法学,75.57,9.63,E1,False,,14.1,7.6,6.5,28.2,20.8,5,6,,0,0,0,,,,,,0,,,,54.25,20.79,mean(4),82.5,5.57,mean(4),77.75,6.13,mean(4),77.75,2.06,mean(4),79.5,8.02,mean(4),80.75,2.99,mean(4)
897,1008,释法抑或造法：由刑法历次修正引发的思考,杨柳[1],中国法学,2015,刑法学,75.56,7.78,E1,False,,14.58,7.6,6.98,31.2,20.4,5,6,,0,0,0,,,,,,0,,,,67.5,7.55,mean(4),77.75,5.91,mean(4),62.5,20.44,mean(4),82.5,3.32,mean(4),82.75,3.59,mean(4),74,4.9,mean(4)
1619,1009,涉外法律适用的冲突正义——以法律关系本座说为中心,徐鹏,法学研究,2017,国际法学,75.54,14.89,E1,False,,19.28,12.07,7.22,43.0,40.7,4,6,,0,0,0,,,,,,0,,,,71,15.98,mean(4),60,40.69,mean(4),71.75,4.72,mean(4),88,3.16,mean(4),83.5,4.43,mean(4),71.5,3.42,mean(4)
510,1010,民法典编纂与雇佣（劳动）合同规则,谢增毅,中国法学,2016,民商法学,75.51,10.29,E1,False,,18.17,9.62,8.55,33.4,22.0,3,6,,0,0,0,,,,,,0,,,,66.25,14.36,mean(4),86.25,3.5,mean(4),50.75,22.04,mean(4),84.5,6.61,mean(4),83.5,1.73,mean(4),65.5,9.54,mean(4)
1768,1011,证券市场自愿性信息披露的规制,陈洁[1],法学研究,2025,民商法学,75.44,10.37,E1,False,,21.6,7.9,13.7,40.4,21.0,5,6,,0,0,0,,,,,,0,,,,60.75,21.0,mean(4),81.75,7.68,mean(4),76,6.98,mean(4),78,4.32,mean(4),84.75,4.99,mean(4),77,2.45,mean(4)
315,1012,基于学术不端撤销学位的程序制度建构,高俊杰[1],中国法学,2019,宪法学与行政法学,75.43,8.89,E1,False,,16.7,8.12,8.58,25.3,14.4,3,6,,0,0,0,,,,,,0,,,,65,14.35,mean(4),66.25,12.07,mean(4),77.75,3.1,mean(4),85.75,1.5,mean(4),78.75,10.59,mean(4),64.25,6.99,mean(4)
1060,1013,行政规章与合同效力的关系,梁上上[1],中国社会科学,2025,民商法学,75.43,13.7,E1,False,,15.52,10.25,5.27,32.8,30.9,4,6,,0,0,0,,,,,,0,,,,66.25,30.92,mean(4),79,2.58,mean(4),62.25,13.82,mean(4),82.75,5.85,mean(4),84.5,4.93,mean(4),79.25,3.4,mean(4)
1784,1014,赓续法脉：中华法的条标立法设置,周东平[1],法学研究,2025,法律史,75.41,11.92,E1,False,,17.63,9.32,8.32,32.0,23.2,3,6,,0,0,0,,,,,,0,,,,59.25,23.21,mean(4),81,8.41,mean(4),72.5,13.7,mean(4),83.5,3.7,mean(4),84.75,2.75,mean(4),77.5,4.12,mean(4)
562,1015,滥用市场支配地位理论的司法考量,刘贵祥,中国法学,2016,经济法学,75.4,5.81,E1,False,,18.85,6.3,12.55,30.4,10.9,5,6,,0,0,0,,,,,,0,,,,71,5.57,mean(3),76.25,3.5,mean(4),63.25,10.9,mean(4),77.5,4.12,mean(4),79.25,5.97,mean(4),73,7.7,mean(4)
431,1016,数字时代个人信用权的构造与规制,冉克平[1],中国法学,2023,民商法学,75.38,12.75,E1,False,,16.95,10.9,6.05,24.1,23.3,2,6,,0,0,0,,,,,,0,,,,56.75,23.29,mean(4),78.5,13.67,mean(4),81,9.2,mean(4),87.5,4.12,mean(4),86,1.41,mean(4),49.25,13.74,mean(4)
1080,1017,论民事司法成本的分担,王福华,中国社会科学,2016,诉讼法学,75.37,7.34,E1,False,,17.1,5.68,11.42,32.1,16.6,5,6,,0,0,0,,,,,,0,,,,63.5,16.62,mean(4),67.25,1.5,mean(4),80.75,7.18,mean(4),84.5,1.73,mean(4),82.5,5.57,mean(4),77.25,1.5,mean(4)
1649,1018,电子证据真实性的三个层面——以刑事诉讼为例的分析,褚福民[1],法学研究,2018,诉讼法学,75.37,10.74,E1,False,,15.1,8.47,6.63,28.4,24.7,4,6,,0,0,0,,,,,,0,,,,70.5,14.18,mean(4),50.5,24.72,mean(4),89.75,5.56,mean(4),84,1.83,mean(4),85,2.45,mean(4),77.75,2.06,mean(4)
404,1019,我国逮捕与羁押制度改革若干问题探讨,"陈光中[1];路旸[2,3]",中国法学,2023,刑法学,75.35,9.67,E1,False,,16.9,8.62,8.28,28.0,15.2,4,6,,0,0,0,,,,,,0,,,,73.75,14.1,mean(4),70,7.83,mean(4),67.5,15.2,mean(4),76.25,4.79,mean(4),84.25,2.87,mean(4),74.75,6.9,mean(4)
769,1020,论土地承包权与土地承包经营权的分离,丁文[1],中国法学,2015,环境与资源保护法学,75.34,10.19,E1,False,,15.77,7.65,8.12,31.9,19.7,4,6,,0,0,0,,,,,,0,,,,68.5,19.74,mean(4),72.5,11.15,mean(4),66.25,6.24,mean(4),82.5,3.32,mean(4),82.5,3.32,mean(4),78,2.16,mean(4)
87,1021,中国式影子银行的风险溯源与监管创新,郭雳,中国法学,2018,经济法学,75.32,7.3,E1,False,,15.88,6.08,9.8,28.6,12.8,5,6,,0,0,0,,,,,,0,,,,66.5,12.77,mean(4),71,6.16,mean(4),71.5,6.03,mean(4),83,3.92,mean(4),85.5,3.32,mean(4),73.75,4.35,mean(4)
159,1022,"作为行政处罚一般种类的""通报批评""",朱芒[1],中国法学,2021,宪法学与行政法学,75.32,7.82,E1,False,,16.67,7.33,9.33,24.5,17.7,5,6,,0,0,0,,,,,,0,,,,74,6.73,mean(4),54.25,17.67,mean(4),78.5,4.73,mean(4),83.25,2.75,mean(4),80.25,8.02,mean(4),75.25,4.11,mean(4)
394,1023,我国第三人撤销之诉的实践运行研究,郑金玉,中国法学,2015,诉讼法学,75.32,12.41,E1,False,,24.42,9.72,14.7,36.8,24.6,4,6,1-empty-status,0,0,0,,,,,,0,,,,65.75,24.58,mean(4),71,11.46,mean(4),76,6.16,mean(4),80.75,5.97,mean(4),83.75,2.5,mean(4),69.5,7.55,mean(4)
832,1024,论禁止权利滥用原则的法律适用,彭诚信,中国法学,2018,民商法学,75.31,15.58,E1,False,,17.13,12.13,5.0,33.5,29.2,4,6,,0,0,0,,,,,,0,,,,64,26.04,mean(4),63,29.2,mean(4),84.75,3.77,mean(4),84.75,3.4,mean(4),87.5,3.32,mean(4),60,7.07,mean(4)
1006,1025,数字时代劳动关系概念及认定规范的中国表达,谢增毅[1],中国社会科学,2024,民商法学,75.29,7.84,E1,False,,13.8,6.92,6.88,25.5,18.1,4,6,,0,0,0,,,,,,0,,,,58,12.62,mean(4),81.25,2.22,mean(4),70,18.06,mean(4),86.5,3.0,mean(4),87.75,0.5,mean(4),76.25,5.06,mean(4)
237,1026,刑法再法典化的法理与蓝图,姜涛[1],中国法学,2023,刑法学,75.26,5.53,E1,False,,11.77,4.82,6.95,18.9,11.4,5,6,,0,0,0,,,,,,0,,,,58.5,11.39,mean(4),83,3.16,mean(4),73.5,1.73,mean(4),81.25,2.99,mean(4),88.25,2.87,mean(4),74.5,6.66,mean(4)
1359,1027,善终、凶死与杀人偿命——中国人死刑观念的文化阐释,尚海明,法学研究,2016,法律史,75.25,6.16,E1,False,,20.12,6.47,13.65,31.9,13.4,4,6,,0,0,0,,,,,,0,,,,76,4.24,mean(4),60,9.13,mean(4),70.75,13.38,mean(4),80,2.31,mean(4),82.25,2.06,mean(4),66.25,7.68,mean(4)
1507,1028,数字时代保护作品完整权的功能更代及存废思考,易玲[1],法学研究,2023,知识产权法学,75.24,4.84,E1,False,,15.98,5.05,10.93,24.0,14.1,5,6,,0,0,0,,,,,,0,,,,74,5.42,mean(4),81.25,2.22,mean(4),53,14.12,mean(4),75,0.0,mean(4),83.5,4.43,mean(4),69.5,4.2,mean(4)
536,1029,法律思维中的“软计算”和贝叶斯语言方法,刘东亮[1],中国法学,2024,法学理论,75.21,7.12,E1,False,,15.5,6.05,9.45,24.6,13.3,5,6,,0,0,0,,,,,,0,,,,56,13.34,mean(4),80,7.7,mean(4),76.5,3.0,mean(4),85.5,1.73,mean(4),79.5,5.0,mean(4),70.25,5.56,mean(4)
1293,1030,刑事程序比例构造方法论探析,秦策,法学研究,2016,刑法学,75.21,7.74,E1,False,,14.53,6.72,7.82,23.8,16.9,4,6,,0,0,0,,,,,,0,,,,65.25,16.88,mean(4),63.25,4.27,mean(4),81,4.69,mean(4),85,2.45,mean(4),85.25,0.5,mean(4),72,11.52,mean(4)
1131,1031,个人信息大数据与刑事正当程序的冲突及其调和,裴炜[1],法学研究,2018,诉讼法学,75.19,11.5,E1,False,,16.65,9.43,7.22,34.7,30.5,4,6,,0,0,0,,,,,,0,,,,72.75,11.53,mean(4),56,30.46,mean(4),78.25,6.95,mean(4),83,3.46,mean(4),85,0.0,mean(4),76,4.24,mean(4)
335,1032,存疑有利于被告原则及司法适用,龙宗智[1],中国法学,2024,刑法学,75.18,11.91,E1,False,,19.8,10.48,9.32,34.9,28.6,4,6,,0,0,0,,,,,,0,,,,63,15.9,mean(4),79.75,6.55,mean(4),62,28.61,mean(4),86,5.42,mean(4),84.25,2.87,mean(4),77,3.46,mean(4)
1161,1033,中国特色民间文学艺术作品著作权保护理论的构建,胡开忠[1],法学研究,2022,知识产权法学,75.18,8.14,E1,False,,14.35,6.92,7.43,22.6,17.4,4,6,,0,0,0,,,,,,0,,,,64,17.38,mean(4),82,2.71,mean(4),72,6.48,mean(4),74.75,3.4,mean(4),82,3.27,mean(4),75,8.16,mean(4)
1657,1034,真正地理标志保护的实质与我国地理标志统一立法,王笑冰[1],法学研究,2023,知识产权法学,75.18,10.86,E1,False,,13.72,8.67,5.05,24.2,21.9,4,6,,0,0,0,,,,,,0,,,,56.25,21.88,mean(4),85,4.97,mean(4),72.5,13.58,mean(4),83,3.37,mean(4),85.25,3.77,mean(4),76.75,4.27,mean(4)
1097,1035,违约金酌减预测研究,屈茂辉[1],中国社会科学,2020,民商法学,75.16,9.81,E1,False,,15.93,9.82,6.12,34.5,31.6,5,6,,0,0,0,,,,,,0,,,,67.5,6.61,mean(4),77,4.16,mean(4),65.25,31.64,mean(4),79.5,7.05,mean(4),78.5,7.37,mean(4),77.75,2.06,mean(4)
66,1036,个人数据交易的私法制度构造研究,夏庆锋[1],中国法学,2024,民商法学,75.13,8.11,E1,False,,19.6,7.45,12.15,35.9,11.2,3,6,,0,0,0,,,,,,0,,,,65.5,11.15,mean(4),78.75,9.0,mean(4),69.75,5.56,mean(4),77.25,4.57,mean(4),76,10.07,mean(4),60.5,4.2,mean(4)
225,1037,刑事证据“生命流程”的理论阐释,冯俊伟[1],中国法学,2023,诉讼法学,75.12,6.98,E1,False,,14.13,5.52,8.62,24.6,14.9,5,6,,0,0,0,,,,,,0,,,,54.75,14.86,mean(4),86.5,2.38,mean(4),70.5,7.55,mean(4),85,2.45,mean(4),83,2.45,mean(4),75,3.46,mean(4)
697,1038,行政违法行为被犯罪化处理的程序控制,张泽涛,中国法学,2018,刑法学,75.1,9.71,E1,False,,14.78,8.32,6.47,26.5,13.9,3,6,1-empty-status,0,0,0,,,,,,0,,,,70.33,13.87,mean(3),77.25,11.53,mean(4),73.25,13.62,mean(4),73,4.08,mean(4),81,1.0,mean(3),58.33,5.77,mean(3)
94,1039,中国民法典编纂：观念、愿景与思路,薛军,中国法学,2015,民商法学,75.06,13.04,E1,False,,19.02,10.25,8.77,31.0,23.5,4,6,,0,0,0,,,,,,0,,,,63.5,19.05,mean(4),72,23.51,mean(4),75,7.26,mean(4),82.75,5.85,mean(4),85.75,1.5,mean(4),71,4.24,mean(4)
73,1040,中国传统司法如何处置“真伪不明”,胡学军[1],中国法学,2022,法律史,75.01,9.87,E1,False,,13.82,7.18,6.63,24.1,21.1,5,6,,0,0,0,,,,,,0,,,,69,21.09,mean(4),81.75,4.35,mean(4),56.75,5.38,mean(4),78.25,7.5,mean(4),85,2.45,mean(4),73,2.45,mean(4)
90,1041,中国式现代化视域下民事诉权的反思与重塑,任重[1],中国法学,2024,诉讼法学,75.0,6.82,E1,False,,15.2,7.67,7.53,23.6,17.6,5,6,,0,0,0,,,,,,0,,,,69.75,6.65,mean(4),82.75,5.85,mean(4),82.5,7.05,mean(4),88.5,2.65,mean(4),68.25,17.56,mean(4),73,6.22,mean(4)
125,1042,事实认定“难题”与法官独立审判责任落实,侣化强,中国法学,2015,诉讼法学,75.0,5.15,E1,False,,14.65,5.22,9.43,21.5,13.8,5,6,,0,0,0,,,,,,0,,,,83.75,3.86,mean(4),78.75,4.57,mean(4),75.5,13.82,mean(4),77.5,1.73,mean(4),73.5,5.8,mean(4),75.75,1.5,mean(4)
135,1043,人格权确认与构造的法律依据,韩强[1],中国法学,2015,民商法学,75.0,11.22,E1,False,,22.11,10.7,11.41,30.62,22.9,4,6,1-empty-status,0,0,0,,,,,,0,,,,66.5,16.9,mean(4),80.25,6.65,mean(4),79.25,5.62,mean(4),85,7.26,mean(4),67.5,22.9,mean(4),73.75,4.79,mean(4)
248,1044,医疗损害赔偿中原因力减责的法理及适用,郑永宽[1],中国法学,2020,刑法学,75.0,6.81,E1,False,,15.22,6.85,8.37,21.7,10.8,4,6,1-empty-status,0,0,0,,,,,,0,,,,79.75,7.5,mean(4),88.25,5.56,mean(4),70.5,10.85,mean(4),86.75,3.4,mean(4),73.5,9.0,mean(4),73.75,4.79,mean(4)
281,1045,商事信用：商法的内在逻辑与体系化根本,赵磊,中国法学,2018,民商法学,75.0,9.82,E1,False,,17.5,8.45,9.05,33.6,17.8,4,6,,0,0,0,,,,,,0,,,,68.75,17.76,mean(4),76,5.89,mean(4),71.75,6.24,mean(4),82.25,5.06,mean(4),72,11.52,mean(4),59,4.24,mean(4)
288,1046,国家所有的法律表达及其解释,谢海定,中国法学,2016,民商法学,75.0,8.07,E1,False,,15.87,7.3,8.57,25.0,14.1,4,6,1-empty-status,0,0,0,,,,,,0,,,,64.25,14.1,mean(4),86.25,2.5,mean(4),57.5,5.26,mean(4),85.75,5.68,mean(4),72.5,12.01,mean(4),79.5,4.2,mean(4)
361,1047,庭审中心视域下的民事审前准备程序研究,段文波,中国法学,2017,诉讼法学,75.0,8.1,E1,False,,14.68,9.53,5.15,22.2,20.0,4,6,,0,0,0,,,,,,0,,,,69,7.75,mean(4),90,5.66,mean(4),81.25,4.57,mean(4),87.5,6.61,mean(4),74,20.05,mean(4),67.5,12.58,mean(4)
425,1048,教育法法典化的规范选择,管华[1],中国法学,2024,法学理论,75.0,10.97,E1,False,,16.13,10.42,5.72,26.7,19.7,2,6,,0,0,0,,,,,,0,,,,64.5,19.74,mean(4),85.5,5.26,mean(4),80.5,9.57,mean(4),88.75,2.5,mean(4),74.5,15.8,mean(4),70.75,9.6,mean(4)
473,1049,构建我国行政审判“参照”惯例制度,柳砚涛,中国法学,2017,诉讼法学,75.0,5.8,E1,False,,15.68,6.48,9.2,24.0,19.7,5,6,,0,0,0,,,,,,0,,,,69.25,3.4,mean(4),77.5,7.14,mean(4),76.75,4.27,mean(4),81.5,3.42,mean(4),71.25,19.72,mean(4),80.5,1.0,mean(4)
496,1050,民事证明责任分配的实质性原则,胡东海,中国法学,2016,诉讼法学,75.0,10.87,E1,False,,16.25,9.28,6.97,24.1,20.7,3,6,,0,0,0,,,,,,0,,,,69,20.69,mean(4),85.5,1.73,mean(4),72,15.25,mean(4),82.75,3.59,mean(4),74,11.89,mean(4),53.75,2.5,mean(4)
616,1051,立法扩张与司法限缩:刑法谦抑性的展开,田宏杰[1],中国法学,2020,刑法学,75.0,6.38,E1,False,,17.38,6.85,10.53,24.0,17.7,4,6,,0,0,0,,,,,,0,,,,71,7.75,mean(4),75,2.58,mean(4),76.75,8.06,mean(4),87.75,2.06,mean(4),71.25,17.73,mean(4),74.25,2.87,mean(4)
667,1052,虚开增值税专用发票罪的理论误区与治理重塑,"田宏杰[1,2]",中国法学,2023,刑法学,75.0,7.89,E1,False,,14.47,9.6,4.87,32.2,31.0,4,6,,0,0,0,,,,,,0,,,,86.25,2.5,mean(4),82,13.37,mean(4),90.25,5.68,mean(4),86.5,1.73,mean(4),71.5,31.03,mean(4),80.25,3.3,mean(4)
708,1053,认罪认罚从宽制度适用中的职权性逻辑和协商性逻辑,杜磊[1],中国法学,2020,刑法学,75.0,7.97,E1,False,,14.58,7.08,7.5,18.6,14.5,4,6,,0,0,0,,,,,,0,,,,71.25,14.45,mean(4),77,5.6,mean(4),78.5,4.51,mean(4),86.5,1.73,mean(4),72.67,13.65,mean(3),77.67,2.52,mean(3)
860,1054,证据链与结构主义,栗峥,中国法学,2017,诉讼法学,75.0,12.46,E1,False,,17.95,10.92,7.03,33.6,30.3,3,6,,0,0,0,,,,,,0,,,,72.75,13.65,mean(4),65.25,30.35,mean(4),82.5,3.32,mean(4),86,1.41,mean(4),71.75,13.48,mean(4),69.25,3.4,mean(4)
863,1055,试析明清律中的“罪坐所由”,张德美[1],中国法学,2024,刑法学,75.0,5.98,E1,False,,16.1,6.78,9.32,23.2,11.3,4,6,,0,0,0,,,,,,0,,,,77.75,5.91,mean(4),68,6.78,mean(4),60,6.27,mean(4),84.5,1.73,mean(4),73.5,11.27,mean(4),72.5,8.66,mean(4)
908,1056,香港新宪制秩序的法理基础：分权还是授权,程洁,中国法学,2017,法学理论,75.0,7.19,E1,False,,15.28,8.23,7.05,21.9,14.7,2,6,,0,0,0,,,,,,0,,,,74,10.23,mean(4),79,2.58,mean(4),67.75,9.54,mean(4),81,2.0,mean(4),74.75,10.37,mean(4),72,14.7,mean(4)
909,1057,高校校规的法律属性研究,朱芒,中国法学,2018,宪法学与行政法学,75.0,7.87,E1,False,,18.53,8.93,9.6,28.8,21.9,3,6,,0,0,0,,,,,,0,,,,69.25,9.6,mean(4),74.5,3.32,mean(4),63.25,7.63,mean(4),81.75,2.87,mean(4),66.75,21.88,mean(4),61.75,8.3,mean(4)
921,1058,中国合宪性审查的宪法文本实现,刘连泰[1],中国社会科学,2019,宪法学与行政法学,75.0,10.02,E1,False,,17.6,10.18,7.42,23.0,16.5,2,6,,0,0,0,,,,,,0,,,,55.5,11.15,mean(4),80.5,7.55,mean(4),86.5,9.71,mean(4),78.25,8.3,mean(4),65.25,16.52,mean(4),70.75,7.89,mean(4)
1059,1059,行政组织法功能的行为法机制,"叶必丰[1,2]",中国社会科学,2017,宪法学与行政法学,75.0,9.77,E1,False,,14.82,9.25,5.57,21.8,18.0,3,6,,0,0,0,,,,,,0,,,,63.75,17.86,mean(4),85.25,0.5,mean(4),71.25,11.35,mean(4),78.25,2.87,mean(4),71.25,17.97,mean(4),78.75,4.79,mean(4)
1077,1060,论数字货币的法律属性,杨延超[1],中国社会科学,2020,民商法学,75.0,9.08,E1,False,,17.22,10.02,7.2,29.2,19.7,4,6,,0,0,0,,,,,,0,,,,66,8.04,mean(4),85,2.45,mean(4),64.25,19.7,mean(4),86,5.42,mean(4),72.25,18.19,mean(4),74.5,6.4,mean(4)
1196,1061,从民事基本法律到基础性法律：民法典地位论,黄忠[1],法学研究,2023,民商法学,75.0,9.66,E1,False,,16.37,10.23,6.13,25.3,16.1,1,6,,0,0,0,,,,,,0,,,,69.75,8.66,mean(4),87.33,8.08,mean(3),66,16.06,mean(4),87,6.22,mean(4),69.25,13.6,mean(4),67.5,8.66,mean(4)
1217,1062,侦查讯问录音录像制度的功能定位及发展路径,董坤[1],法学研究,2015,诉讼法学,75.0,5.76,E1,False,,14.22,6.47,7.75,21.0,15.1,5,6,,0,0,0,,,,,,0,,,,78.5,5.92,mean(4),78.5,2.52,mean(4),81.75,6.95,mean(4),80.75,3.4,mean(4),69.5,15.07,mean(4),82.5,5.0,mean(4)
1230,1063,信息网络传播权及其与广播权的界限,刘银良,法学研究,2017,民商法学,75.0,9.86,E1,False,,19.4,10.93,8.47,29.7,23.0,3,6,,0,0,0,,,,,,0,,,,82.5,8.54,mean(4),78,3.56,mean(4),61.75,21.65,mean(4),88,4.0,mean(4),71.5,23.01,mean(4),78.75,4.79,mean(4)
1248,1064,全案移送背景下控方卷宗笔录在审判阶段的使用,孙远,法学研究,2016,诉讼法学,75.0,12.58,E1,False,,15.97,11.92,4.05,31.4,32.1,3,6,,0,0,0,,,,,,0,,,,72,24.04,mean(4),82.5,2.08,mean(4),82,8.12,mean(4),84.5,1.73,mean(4),73,32.14,mean(4),80.25,3.5,mean(4)
1267,1065,公司融资语境下股与债的界分,许德风[1],法学研究,2019,民商法学,75.0,6.02,E1,False,,17.35,7.68,9.67,30.0,24.2,5,6,,0,0,0,,,,,,0,,,,80,4.08,mean(4),80.75,5.06,mean(4),84.75,4.72,mean(4),84,1.73,mean(3),74.25,24.2,mean(4),76.25,6.29,mean(4)
1284,1066,农村集体经济组织法构众说窥略——有关农村集体经济组织法律形式变革的稿件编后感,陈甦[1],法学研究,2022,民商法学,75.0,7.39,E1,False,,18.87,7.38,11.48,28.2,16.1,4,6,,0,0,0,,,,,,0,,,,74,11.55,mean(4),86.75,1.5,mean(4),50,5.77,mean(4),84.25,4.57,mean(4),73.75,16.09,mean(4),78.75,4.79,mean(4)
1371,1067,国有企业海外投资跨境补贴的规制,徐昕[1],法学研究,2022,国际法学,75.0,10.19,E1,False,,17.6,9.73,7.87,24.0,19.4,3,6,,0,0,0,,,,,,0,,,,67,16.91,mean(4),71.25,4.99,mean(4),75,8.72,mean(4),86.5,3.0,mean(4),70.75,19.45,mean(4),78.75,5.38,mean(4)
1408,1068,多元一统的政治宪法结构——政治宪法学理论基础的反思与重建,张龑[1],法学研究,2015,宪法学与行政法学,75.0,7.47,E1,False,,13.2,7.4,5.8,20.3,17.3,4,6,,0,0,0,,,,,,0,,,,71.75,10.9,mean(4),87,2.45,mean(4),70,6.73,mean(4),88.5,4.04,mean(4),70.75,17.35,mean(4),77.75,3.1,mean(4)
1433,1069,宪法上代表理论的体系建构及逻辑展开,王旭[1],法学研究,2024,宪法学与行政法学,75.0,8.33,E1,False,,19.35,9.78,9.57,31.0,29.3,4,6,,0,0,0,,,,,,0,,,,58.25,17.56,mean(4),86,1.41,mean(4),80,5.42,mean(4),85,0.0,mean(4),74.75,4.99,mean(4),54,29.35,mean(4)
1454,1070,平台监管的新公用事业理论,高薇,法学研究,2021,经济法学,75.0,11.36,E1,False,,16.78,10.68,6.1,31.4,28.4,4,6,,0,0,0,,,,,,0,,,,59.75,21.23,mean(4),85.25,0.96,mean(4),76.5,5.74,mean(4),84.75,4.72,mean(4),67.5,28.43,mean(4),77.75,3.1,mean(4)
1491,1071,抵押权时效问题的民法表达,邹海林,法学研究,2018,民商法学,75.0,11.88,E1,False,,19.28,11.38,7.9,32.7,23.2,3,6,,0,0,0,,,,,,0,,,,66,18.83,mean(4),88.25,2.87,mean(4),54.5,14.53,mean(4),81.5,4.73,mean(4),64.75,23.2,mean(4),79.5,4.2,mean(4)
1543,1072,机能的思考方法下的罪数论,庄劲,法学研究,2017,刑法学,75.0,9.97,E1,False,,20.87,13.0,7.87,34.1,29.5,3,6,,0,0,0,,,,,,0,,,,73.75,3.5,mean(4),87.25,3.59,mean(4),68.25,27.35,mean(4),89,2.94,mean(4),62.25,29.53,mean(4),48.75,11.09,mean(4)
1547,1073,案件事实的归属论证,黄泽敏,法学研究,2017,法学理论,75.0,9.9,E1,False,,15.43,9.37,6.07,29.5,27.0,4,6,,0,0,0,,,,,,0,,,,73.5,19.33,mean(4),87.75,2.06,mean(4),85.5,1.0,mean(4),85.75,3.3,mean(4),70.5,27.04,mean(4),73.25,3.5,mean(4)
1595,1074,法律概念是重要的吗,雷磊,法学研究,2017,法学理论,75.0,7.91,E1,False,,22.93,9.65,13.28,35.1,25.0,4,6,,0,0,0,,,,,,0,,,,90.75,2.99,mean(4),82.75,3.59,mean(4),57,25.01,mean(4),89.5,1.0,mean(4),74.5,21.67,mean(4),72,3.56,mean(4)
1605,1075,法条授权行政立法的规范化,王克稳[1],法学研究,2024,法学理论,75.0,17.69,E1,False,,23.05,16.7,6.35,34.6,34.0,2,6,,0,0,0,,,,,,0,,,,67.75,22.29,mean(4),69.75,26.54,mean(4),67,9.27,mean(4),89.75,3.3,mean(4),68,34.0,mean(4),81.25,4.79,mean(4)
1720,1076,行政第三人的程序权利及其司法保护,赵宏[1],法学研究,2024,法学理论,75.0,6.28,E1,False,,15.9,8.33,7.57,31.3,29.3,5,6,,0,0,0,,,,,,0,,,,79.75,4.11,mean(4),88.5,1.0,mean(4),78.25,6.95,mean(4),88.75,2.99,mean(4),73.75,29.26,mean(4),80.25,5.68,mean(4)
1723,1077,行政规范性文件司法审查权的实效性考察,余军;张文,法学研究,2016,诉讼法学,75.0,10.21,E1,False,,15.23,8.8,6.43,25.0,22.1,4,6,,0,0,0,,,,,,0,,,,70.5,22.13,mean(4),78.5,1.0,mean(4),73.75,2.06,mean(4),85,5.35,mean(4),74,17.51,mean(4),78.25,4.72,mean(4)
1798,1078,返还原物请求权如何适用诉讼时效———民法典第196条第2项的解释论,孙鹏[1],法学研究,2022,民商法学,75.0,7.43,E1,False,,13.32,9.07,4.25,34.7,32.1,5,6,,0,0,0,,,,,,0,,,,82.5,7.14,mean(4),85.75,2.87,mean(4),90,3.56,mean(4),86.75,3.59,mean(4),67.75,32.11,mean(4),70.75,5.06,mean(4)
1850,1079,数字时代行政机关处理个人信息的性质界定与授权规则,赵鹏[1],法学研究,2025,宪法学与行政法学,75.0,6.85,E1,False,,17.87,8.28,9.58,29.0,27.0,4,6,,0,0,0,,,,,,0,,,,86.5,3.7,mean(4),87.25,2.22,mean(4),76,12.44,mean(4),89.25,3.4,mean(4),72.5,27.04,mean(4),77.5,1.0,mean(4)
1854,1080,个人信息作为对待给付,王琦[1],法学研究,2025,民商法学,75.0,4.64,E1,False,,12.1,6.17,5.93,23.6,25.7,5,6,,0,0,0,,,,,,0,,,,86,1.41,mean(4),86.25,4.79,mean(4),83,2.83,mean(2),88.5,1.0,mean(4),71.67,25.74,mean(3),81.75,1.26,mean(4)
645,1081,网络犯罪的刑法解释空间向度研究,刘艳红[1],中国法学,2019,刑法学,74.99,11.24,E1,False,,19.23,11.3,7.93,26.4,15.6,1,6,1-empty-status,0,0,0,,,,,,0,,,,74,11.55,mean(4),67.5,15.2,mean(4),70.25,9.54,mean(4),74.75,9.29,mean(4),76.75,6.7,mean(4),68.25,15.56,mean(4)
1013,1082,欧洲中世纪教会经济立法及其伦理,赵立行,中国社会科学,2018,法律史,74.94,8.93,E1,False,,19.03,9.87,9.17,29.8,15.8,2,6,,0,0,0,,,,,,0,,,,76,11.43,mean(4),77,3.46,mean(4),50,15.03,mean(4),81.5,4.04,mean(4),75.5,9.54,mean(4),50,15.81,mean(4)
1467,1083,我国侦查权的程序性控制,詹建红[1];张威[1],法学研究,2015,诉讼法学,74.93,5.12,E1,False,,13.05,5.07,7.98,19.6,8.8,5,6,,0,0,0,,,,,,0,,,,50.75,7.18,mean(4),85,2.45,mean(4),80.75,8.85,mean(4),84,1.41,mean(4),82,6.68,mean(4),76.75,3.95,mean(4)
318,1084,基本权利对民事法律行为效力的影响及其限度,刘志刚,中国法学,2017,宪法学与行政法学,74.82,8.35,E1,False,,14.15,7.47,6.68,19.4,14.2,4,6,1-empty-status,0,0,0,,,,,,0,,,,68.5,14.18,mean(4),84,1.41,mean(4),61,8.04,mean(4),72.75,5.56,mean(4),69.25,14.22,mean(4),72,1.41,mean(4)
434,1085,数字法学的前提性命题与核心范式,彭诚信[1],中国法学,2023,法学理论,74.82,8.99,E1+E2,True,,16.6,3.58,13.02,27.0,5.4,6,6,,0,0,0,,,,,,0,,,,55.0,9.8,median(8) [E1+E2],80.0,13.06,median(8) [E1+E2],75.0,11.41,median(8) [E1+E2],86.5,5.21,median(8) [E1+E2],85.0,2.9,median(8) [E1+E2],67.5,7.95,median(8) [E1+E2]
1791,1086,过分高于损失：违约金调整的基本标准——以民法典第585条第2款为中心,王利明[1],法学研究,2024,民商法学,74.82,7.56,E1,False,,18.05,6.75,11.3,31.2,15.9,4,6,,0,0,0,,,,,,0,,,,63,15.87,mean(4),80.25,3.3,mean(4),73,4.76,mean(4),88.5,2.89,mean(4),82.5,3.32,mean(4),36.25,10.31,mean(4)
156,1087,作为利害调整法的行政法,王贵松[1],中国法学,2019,宪法学与行政法学,74.79,7.5,E1,False,,15.07,5.48,9.58,22.0,16.7,5,6,1-empty-status,0,0,0,,,,,,0,,,,57,16.69,mean(4),77.75,7.14,mean(4),76.5,1.73,mean(4),84.5,1.73,mean(4),82.5,3.32,mean(4),77,2.45,mean(4)
446,1088,数智化社会的法律调控,齐延平[1],中国法学,2022,法学理论,74.76,11.34,E1+E2,True,,18.38,10.77,7.62,29.2,23.0,2,6,,0,0,0,,,,,,0,,,,63.5,17.76,median(8) [E1+E2],72.0,9.26,median(8) [E1+E2],61.0,10.43,median(8) [E1+E2],83.5,3.33,median(8) [E1+E2],78.0,17.99,median(8) [E1+E2],83.5,2.6,median(8) [E1+E2]
247,1089,区际利益补偿权利生成与基本构造,"陈婉玲[1,2]",中国法学,2020,法学理论,74.75,8.26,E1,False,,18.07,7.38,10.68,24.9,14.2,4,6,,0,0,0,,,,,,0,,,,62.75,14.22,mean(4),76.75,4.27,mean(4),67.75,10.59,mean(4),83.25,4.27,mean(4),82.25,3.1,mean(4),75.25,7.8,mean(4)
511,1090,民法典编纂中商事主体立法定位的路径选择,肖海军,中国法学,2016,民商法学,74.75,11.57,E1,False,,20.3,9.72,10.58,28.3,16.6,3,6,1-empty-status,0,0,0,,,,,,0,,,,63.5,16.62,mean(4),75.25,15.78,mean(4),66.25,15.02,mean(4),84.75,3.4,mean(4),83,2.45,mean(4),66.25,5.06,mean(4)
287,1091,商法独立的逻辑和体系：基于组织化交易论,段丙华[1],中国法学,2024,民商法学,74.74,9.52,E1,False,,18.83,8.57,10.27,26.7,14.2,3,6,,0,0,0,,,,,,0,,,,61.75,14.22,mean(4),75.75,6.5,mean(4),72,9.93,mean(4),82.5,5.57,mean(4),75.25,11.87,mean(4),67.5,3.32,mean(4)
1031,1092,生态环境法典编纂的二元逻辑及其展开,钭晓东[1],中国社会科学,2024,环境与资源保护法学,74.74,8.87,E1,False,,15.08,7.67,7.42,25.3,15.6,4,6,,0,0,0,,,,,,0,,,,53.5,15.59,mean(4),65.75,8.3,mean(4),81.5,6.35,mean(4),89.25,3.3,mean(4),80.75,5.97,mean(4),81.25,6.4,mean(4)
1126,1093,专家参与刑事司法的多元功能及其体系化,"陈如超[1,2,3]",法学研究,2020,刑法学,74.72,6.85,E1,False,,15.07,6.12,8.95,21.7,14.6,5,6,,0,0,0,,,,,,0,,,,65,7.07,mean(4),66.75,14.57,mean(4),80.75,5.97,mean(4),80,2.31,mean(4),85,2.45,mean(4),74.25,4.35,mean(4)
1327,1094,协助决定取代成年监护替代决定——兼论民法典婚姻家庭编监护与协助的增设,李霞[1],法学研究,2019,民商法学,74.72,4.78,E1,False,,9.97,3.73,6.23,19.4,9.9,5,6,,0,0,0,,,,,,0,,,,60.5,9.88,mean(4),76,1.41,mean(4),75.75,2.87,mean(4),81.25,3.77,mean(4),85.25,2.5,mean(4),79.5,1.91,mean(4)
513,1095,民法典编纂视野下的个人信息保护,程啸[1],中国法学,2019,民商法学,74.71,9.78,E1,False,,16.22,7.75,8.47,32.8,18.9,4,6,,0,0,0,,,,,,0,,,,67.25,17.15,mean(4),75.25,4.11,mean(4),52.5,18.93,mean(4),80.75,3.4,mean(4),81.75,2.87,mean(4),80,0.0,mean(4)
1365,1096,国体的起源、构造和选择：中西暗合与差异,佀化强,法学研究,2016,宪法学与行政法学,74.71,11.17,E1,False,,17.35,9.28,8.07,27.1,25.8,3,6,,0,0,0,,,,,,0,,,,54.75,25.79,mean(4),83,2.45,mean(4),84.5,11.12,mean(4),80.5,1.91,mean(4),79.25,3.4,mean(4),46.25,11.09,mean(4)
1759,1097,论民事规训关系,,法学研究,2019,民商法学,74.71,11.63,E1,False,,15.63,9.08,6.55,28.8,28.3,4,6,,0,0,0,,,,,,0,,,,56.25,28.27,mean(4),71.5,6.03,mean(4),86.5,1.73,mean(4),84,4.24,mean(4),84.75,2.5,mean(4),74.25,11.79,mean(4)
1041,1098,科研合同的功能性规制,胡明[1],中国社会科学,2020,民商法学,74.68,13.29,E1,False,,16.27,11.03,5.23,31.2,30.1,3,6,,0,0,0,,,,,,0,,,,70.5,14.75,mean(4),70,30.1,mean(4),67.5,15.2,mean(4),78.25,0.5,mean(4),90.25,3.77,mean(4),72,1.83,mean(4)
168,1099,修复、矫治与分控：社区矫正机能三重性辩证及其展开,李川[1],中国法学,2015,刑法学,74.66,13.85,E1,False,,19.17,12.18,6.98,29.8,22.6,2,6,,0,0,0,,,,,,0,,,,62,19.65,mean(4),76.75,9.95,mean(4),67.75,22.57,mean(4),84,6.32,mean(4),75.5,11.7,mean(4),78.75,2.99,mean(4)
1395,1100,基层法院审判委员会压力案件决策的实证研究,王伦刚[1];刘思达[2],法学研究,2017,诉讼法学,74.6,11.67,E1,False,,16.47,9.12,7.35,29.2,22.0,4,6,,0,0,0,,,,,,0,,,,62,22.02,mean(4),68.75,11.09,mean(4),76.75,5.68,mean(4),85,6.22,mean(4),76,5.42,mean(4),76.75,4.27,mean(4)
1608,1101,法治国的宪法内涵——迈向功能分化社会的宪法观,李忠夏,法学研究,2017,宪法学与行政法学,74.6,19.78,E1,False,,21.15,16.62,4.53,38.4,35.5,3,6,,0,0,0,,,,,,0,,,,64,23.76,mean(4),63,35.53,mean(4),66.75,25.08,mean(4),86.75,4.27,mean(4),77.75,7.5,mean(4),83.25,3.5,mean(4)
23,1102,"""应税所得""的法律建构与所得税法现代化",施正文[1],中国法学,2021,经济法学,74.54,10.49,E1,False,,17.72,7.65,10.07,32.5,25.1,5,6,,0,0,0,,,,,,0,,,,57.25,25.05,mean(4),73,2.0,mean(4),79.25,5.62,mean(4),85.75,5.91,mean(4),87.5,3.79,mean(4),76.25,3.5,mean(4)
779,1103,论建构民事程序权利救济机制的基本原则,潘剑锋[1],中国法学,2015,民商法学,74.54,9.59,E1,False,,19.57,8.85,10.72,30.8,15.6,3,6,,0,0,0,,,,,,0,,,,65.25,15.56,mean(4),62.75,12.58,mean(4),76.25,4.72,mean(4),86.25,3.5,mean(4),80.25,3.3,mean(4),60.75,13.38,mean(4)
220,1104,刑事强制医疗解除程序实证研究,王迎龙[1],中国法学,2022,刑法学,74.51,6.58,E1,False,,20.67,7.47,13.2,33.4,14.9,3,6,,0,0,0,,,,,,0,,,,75.25,0.5,mean(4),70.75,4.72,mean(4),63.75,14.93,mean(4),72.5,12.01,mean(4),84,4.24,mean(4),66.25,8.5,mean(4)
1617,1105,海上保险的最大诚信:制度内涵与立法表达,初北平[1],法学研究,2018,民商法学,74.49,8.87,E1,False,,15.67,6.88,8.78,27.4,19.8,5,6,,0,0,0,,,,,,0,,,,58.5,19.82,mean(4),85.25,5.25,mean(4),61.75,2.36,mean(4),84.5,4.73,mean(4),83.5,2.38,mean(4),75.5,6.66,mean(4)
1666,1106,社会主义核心价值观融入司法裁判的方法论反思,雷磊[1],法学研究,2023,法学理论,74.49,14.53,E1,False,,17.7,10.7,7.0,31.4,26.2,4,6,,0,0,0,,,,,,0,,,,60,26.15,mean(3),65.5,23.69,mean(4),79.75,5.56,mean(4),88.5,4.04,mean(4),87,1.41,mean(4),78.25,3.3,mean(4)
1256,1107,公众意见影响法官决策的理论和实验分析,陈林林,法学研究,2018,诉讼法学,74.47,9.69,E1,False,,17.92,8.35,9.57,36.2,26.0,4,6,,0,0,0,,,,,,0,,,,73.75,7.68,mean(4),53.5,26.01,mean(4),75.5,8.74,mean(4),83,2.45,mean(4),77,2.45,mean(4),62.5,2.89,mean(4)
1817,1108,金融科技背景下金融监管范式的转变,周仲飞[1];李敬伟[2],法学研究,2018,经济法学,74.47,7.32,E1,False,,14.18,5.77,8.42,24.1,15.2,5,6,,0,0,0,,,,,,0,,,,60.5,15.2,mean(4),73.5,3.0,mean(4),77,5.77,mean(4),81.75,3.77,mean(4),83.75,3.95,mean(4),78.25,2.87,mean(4)
67,1109,个人破产免责的理论基础与规范构建,徐阳光[1],中国法学,2021,民商法学,74.46,8.44,E1,False,,16.67,6.7,9.97,24.9,17.6,4,6,,0,0,0,,,,,,0,,,,61.25,17.58,mean(4),83.5,1.73,mean(4),55.75,14.34,mean(4),86.5,1.73,mean(4),86.75,1.5,mean(4),69.25,3.4,mean(4)
410,1110,执行时效期间的再改革,"霍海红[1,2]",中国法学,2020,民商法学,74.44,10.04,E1,False,,14.58,8.7,5.88,28.2,21.3,4,6,,0,0,0,,,,,,0,,,,67.75,17.67,mean(4),75,2.58,mean(4),55,21.28,mean(4),85.75,2.87,mean(4),86.75,1.5,mean(4),77,6.22,mean(4)
428,1111,数字人身同一认定的技术力量与规制,李学军[1],中国法学,2024,民商法学,74.44,7.84,E1,False,,14.58,6.68,7.9,23.2,14.6,4,6,,0,0,0,,,,,,0,,,,64,11.92,mean(4),72,4.32,mean(4),68.5,14.64,mean(4),84.25,4.35,mean(4),84.5,1.73,mean(4),72.5,3.32,mean(4)
1724,1112,行政规范性文件直接审查模式的证立与建构,王青斌[1],法学研究,2024,宪法学与行政法学,74.44,10.17,E1,False,,13.87,7.72,6.15,30.3,21.5,4,6,,0,0,0,,,,,,0,,,,61.25,21.5,mean(4),75.5,5.97,mean(4),73,8.52,mean(4),81.5,3.11,mean(4),85.25,5.25,mean(4),78.5,1.91,mean(4)
1496,1113,探索激励相容的个人数据治理之道——中国个人信息保护法的立法方向,周汉华[1],法学研究,2018,民商法学,74.41,10.29,E1,False,,16.22,7.73,8.48,30.2,22.0,4,6,,0,0,0,,,,,,0,,,,62,22.05,mean(4),82.75,3.2,mean(4),61,14.65,mean(4),82,2.94,mean(4),84.25,1.5,mean(4),77.75,2.06,mean(4)
239,1114,刑法立法阻却事由的理论界定与制度前景,姜涛[1],中国法学,2015,刑法学,74.4,7.69,E1,False,,16.0,6.58,9.42,23.6,12.2,4,6,,0,0,0,,,,,,0,,,,63,10.89,mean(4),77,3.46,mean(4),74.25,12.18,mean(4),76.25,6.65,mean(4),78.5,5.2,mean(4),78.5,1.0,mean(4)
1626,1115,清代的地权习惯与法律介入———国家与市场的互动视角,赖骏楠[1],法学研究,2024,法律史,74.38,7.46,E1,False,,14.85,6.37,8.48,20.6,12.4,4,6,,0,0,0,,,,,,0,,,,63,12.36,mean(4),73.75,6.75,mean(4),67.5,9.57,mean(4),84.5,1.73,mean(4),88.5,4.73,mean(4),68.75,2.99,mean(4)
95,1116,中国民法学的效率意识,"熊丙万[1,2]",中国法学,2018,民商法学,74.37,11.7,E1,False,,19.18,9.3,9.88,32.7,21.3,4,6,1-empty-status,0,0,0,,,,,,0,,,,61.75,21.27,mean(4),82,8.04,mean(4),53.25,18.41,mean(4),88.75,2.99,mean(4),82.25,2.06,mean(4),70.75,2.99,mean(4)
680,1117,行政权利论,何海波[1],中国法学,2024,宪法学与行政法学,74.35,9.35,E1,False,,17.47,7.33,10.13,32.4,19.3,5,6,,0,0,0,,,,,,0,,,,52,19.3,mean(4),69.25,6.75,mean(4),76,6.16,mean(4),90.5,3.7,mean(4),84.5,3.0,mean(4),84,4.97,mean(4)
3,1118,CISG在中国国际商事仲裁中的适用,韩世远,中国法学,2016,国际法学,74.32,10.14,E1,False,,18.6,7.87,10.73,27.3,21.4,4,6,,0,0,0,,,,,,0,,,,58.5,21.44,mean(4),85,8.87,mean(4),63.5,1.73,mean(4),82.75,3.59,mean(4),78.75,7.5,mean(4),75,4.08,mean(4)
1895,1119,机动侦查权的理论新释与程序设计,"董坤[1,2]",中国法学,2025,诉讼法学,74.32,8.65,E1,False,,14.7,7.25,7.45,26.8,13.6,3,6,,0,0,0,,,,,,0,,,,64.25,9.6,mean(4),63.25,13.62,mean(4),75,13.11,mean(4),87.25,4.11,mean(4),87.5,1.91,mean(4),79,1.15,mean(4)
1430,1120,审判中心论的话语体系分歧及其解决,樊传明,法学研究,2017,刑法学,74.29,8.17,E1,False,,14.6,6.18,8.42,26.7,19.5,5,6,,0,0,0,,,,,,0,,,,64,19.51,mean(4),78.75,2.99,mean(4),61.67,2.89,mean(3),82,3.56,mean(4),82.5,3.32,mean(4),78.75,4.79,mean(4)
1725,1121,行政诉讼司法建议制度的功能衍化,卢超[1],法学研究,2015,宪法学与行政法学,74.28,5.88,E1,False,,10.82,5.13,5.68,17.8,9.8,5,6,,0,0,0,,,,,,0,,,,77.75,7.59,mean(4),81.25,2.99,mean(4),40.75,9.78,mean(4),87.25,6.5,mean(4),81.5,1.0,mean(4),78.25,2.87,mean(4)
468,1122,有限公司股东清算义务人地位质疑,梁上上[1],中国法学,2019,民商法学,74.24,9.28,E1,False,,20.75,12.68,8.07,31.7,28.6,3,6,,0,0,0,,,,,,0,,,,81.5,6.03,mean(4),60.5,8.02,mean(4),53,15.25,mean(4),80.25,3.3,mean(4),75.75,14.93,mean(4),60.75,28.61,mean(4)
644,1123,网络时代的刑法立法体系及其建构,李晓明[1],中国法学,2023,刑法学,74.21,8.78,E1,False,,12.38,6.85,5.53,21.0,18.2,4,6,,0,0,0,,,,,,0,,,,53,18.24,mean(4),82.75,2.22,mean(4),73.5,8.7,mean(4),85.25,5.74,mean(4),82.25,2.06,mean(4),79.5,4.2,mean(4)
960,1124,内幕交易惩罚性赔偿制度的构造原理与现实选择,邢会强,中国社会科学,2018,民商法学,74.18,11.76,E1,False,,16.77,8.83,7.93,32.6,24.5,3,6,,0,0,0,,,,,,0,,,,56.25,24.54,mean(4),68.25,8.66,mean(4),88.5,11.09,mean(4),83.5,3.0,mean(4),84,2.31,mean(4),70.75,3.4,mean(4)
988,1125,地方法院庭审实质化改革实证研究,左卫民,中国社会科学,2018,诉讼法学,74.18,7.6,E1,False,,13.9,5.93,7.97,24.0,14.2,4,6,,0,0,0,,,,,,0,,,,66,14.17,mean(4),72,3.27,mean(4),54,9.2,mean(4),82.5,5.26,mean(4),86.5,1.73,mean(4),80.5,1.91,mean(4)
1788,1126,路检盘查的实施依据与程序监督,邓子滨,法学研究,2017,宪法学与行政法学,74.15,10.4,E1,False,,16.4,9.03,7.37,26.8,15.1,2,6,,0,0,0,,,,,,0,,,,56.75,15.13,mean(4),73.25,12.31,mean(4),69,9.87,mean(4),83.75,4.19,mean(4),76.75,8.88,mean(4),81.25,3.77,mean(4)
146,1127,从隐私到个人信息：利益再衡量的理论与制度安排,张新宝,中国法学,2015,民商法学,74.13,8.1,E1,False,,14.73,6.35,8.38,26.4,16.1,5,6,,0,0,0,,,,,,0,,,,55.75,16.09,mean(4),79.75,6.02,mean(4),79.25,7.18,mean(4),79.5,2.52,mean(4),82,3.56,mean(4),74,2.71,mean(4)
1374,1128,国际惯例适用规则的立法范式研究——以我国司法实践为出发点,何其生[1],法学研究,2023,国际法学,74.13,10.77,E1,False,,17.57,10.8,6.77,32.1,22.6,3,6,,0,0,0,,,,,,0,,,,64.25,13.5,mean(4),76.25,5.06,mean(4),58.25,22.56,mean(4),86,5.42,mean(4),78,6.68,mean(4),72,11.52,mean(4)
1808,1129,道路交通事故责任认定研究,余凌云,法学研究,2016,宪法学与行政法学,74.13,10.54,E1,False,,15.02,8.27,6.75,24.7,18.0,4,6,,0,0,0,,,,,,0,,,,64.5,17.99,mean(4),69.5,13.08,mean(4),50.75,6.75,mean(4),89.5,5.0,mean(4),80.25,3.69,mean(4),81.25,2.99,mean(4)
1351,1130,合意式刑事诉讼论,王新清[1],法学研究,2020,刑法学,74.12,9.23,E1,False,,14.55,7.87,6.68,18.4,15.4,4,6,,0,0,0,,,,,,0,,,,59,15.43,mean(4),74.75,10.69,mean(4),79,8.04,mean(4),79.75,2.06,mean(4),78,5.89,mean(4),79.25,5.06,mean(4)
1535,1131,晚清杀尊亲属罪转型中的基本问题,张一民[1],法学研究,2022,刑法学,74.12,9.75,E1,False,,20.9,9.05,11.85,28.9,15.4,3,6,,0,0,0,,,,,,0,,,,72.5,15.42,mean(4),74.75,4.72,mean(4),53,10.3,mean(4),83.25,7.8,mean(4),81.75,5.32,mean(4),55,10.8,mean(4)
450,1132,新一代法律智能系统的逻辑推理和论证说理,刘东亮[1],中国法学,2022,法学理论,74.1,9.4,E1,False,,15.25,7.97,7.28,23.2,15.1,3,6,5-boundary-only,0,0,0,,,,,,0,,,,66.75,15.13,mean(4),70.5,9.15,mean(4),63.75,12.34,mean(4),83.75,2.06,mean(4),78.75,6.29,mean(4),75.75,2.87,mean(4)
253,1133,反不正当竞争法中“一定影响”的语义澄清与意义验证,刘继峰[1],中国法学,2020,经济法学,74.06,12.29,E1,False,,21.35,10.93,10.42,36.0,27.2,3,6,,0,0,0,,,,,,0,,,,75,11.94,mean(4),51.25,27.24,mean(4),78,5.72,mean(4),79.75,6.08,mean(4),76.25,9.03,mean(4),72,5.72,mean(4)
894,1134,避免将行政违法认定为刑事犯罪：理念、方法与路径,张明楷,中国法学,2017,刑法学,74.04,15.92,E1,False,,19.53,12.47,7.07,34.3,30.9,3,6,,0,0,0,,,,,,0,,,,66.5,24.75,mean(4),61.25,30.92,mean(4),73.25,10.69,mean(4),86,1.41,mean(4),84.25,1.5,mean(4),61.75,5.56,mean(4)
1625,1135,清代州县词讼积案与上级的监督,邓建鹏[1],法学研究,2019,法律史,74.0,5.54,E1,False,,12.57,5.65,6.92,22.2,6.5,6,6,,0,0,0,,,,,,0,,,,78.25,5.68,mean(4),78,5.35,mean(4),47.5,6.45,mean(4),83.5,4.43,mean(4),79.75,6.24,mean(4),48,5.72,mean(4)
377,1136,我国刑事证据推理模式的转型：从日常思维到精密论证,封利强,中国法学,2016,诉讼法学,73.94,9.02,E1,False,,14.72,7.2,7.52,29.4,20.0,5,6,,0,0,0,,,,,,0,,,,50.25,20.01,mean(4),77,5.6,mean(4),83.5,3.7,mean(4),86.5,1.73,mean(4),78.25,7.68,mean(4),78.5,4.51,mean(4)
1107,1137,“八议”源流与腹边文化互动,苏亦工[1],法学研究,2019,法律史,73.9,9.73,E1,False,,17.95,9.75,8.2,27.2,13.9,2,6,,0,0,0,,,,,,0,,,,65,13.88,mean(4),81.5,2.89,mean(4),60.75,13.38,mean(4),81,6.16,mean(4),74.25,12.97,mean(4),45,9.13,mean(4)
194,1138,公司法改革的文化拘束,蒋大兴[1],中国法学,2021,民商法学,73.87,8.58,E1,False,,13.77,7.63,6.13,22.0,15.1,4,6,,0,0,0,,,,,,0,,,,66,15.12,mean(4),82.5,3.42,mean(4),51.25,12.2,mean(4),81.25,3.77,mean(4),76.75,4.27,mean(4),76.5,7.05,mean(4)
1053,1139,著作权法中的公众使用权,刘银良[1],中国社会科学,2020,知识产权法学,73.87,14.98,E1,False,,16.87,11.55,5.32,32.1,28.7,3,6,,0,0,0,,,,,,0,,,,60.67,28.73,mean(3),75.25,10.5,mean(4),64.25,19.97,mean(4),86.75,3.95,mean(4),82.5,3.32,mean(4),74.25,2.87,mean(4)
711,1140,论“唯庭审主义”之辩护模式,"李奋飞[1,2]",中国法学,2019,诉讼法学,73.79,6.7,E1,False,,13.02,5.38,7.63,24.2,13.4,5,6,,0,0,0,,,,,,0,,,,57.25,13.4,mean(4),78.33,2.89,mean(3),63.33,7.57,mean(3),80.67,3.06,mean(3),83,1.73,mean(3),81,3.61,mean(3)
799,1141,论政府购买公共服务合同中的公法责任,胡敏洁,中国法学,2016,民商法学,73.79,8.81,E1,False,,14.88,7.83,7.05,20.9,12.9,4,6,,0,0,0,,,,,,0,,,,63.5,12.9,mean(4),81.25,6.99,mean(4),57.5,11.15,mean(4),81.25,6.24,mean(4),78.5,2.89,mean(4),63.75,6.75,mean(4)
1029,1142,生态文明保障的刑法机制,焦艳鹏,中国社会科学,2017,环境与资源保护法学,73.79,14.02,E1,False,,20.87,12.8,8.07,27.8,20.6,2,6,,0,0,0,,,,,,0,,,,65,20.15,mean(4),76.5,6.24,mean(4),73.5,14.82,mean(4),71.75,11.21,mean(4),74.75,20.65,mean(4),73.25,3.95,mean(4)
1166,1143,中国行政诉讼中的府院互动,章志远[1],法学研究,2020,宪法学与行政法学,73.78,10.16,E1,False,,14.97,8.07,6.9,26.7,18.1,4,6,,0,0,0,,,,,,0,,,,58,18.06,mean(4),79.25,5.25,mean(4),65.75,13.5,mean(4),85.25,5.25,mean(4),84,6.16,mean(4),78,0.0,mean(4)
1758,1144,论权利之功能,张恒山[1],法学研究,2020,法学理论,73.78,10.43,E1,False,,17.4,9.67,7.73,26.7,18.2,2,6,,0,0,0,,,,,,0,,,,61,18.2,mean(4),72.5,8.66,mean(4),68.75,9.78,mean(4),89.5,3.32,mean(4),83.5,4.2,mean(4),48.75,13.77,mean(4)
1681,1145,精准塑造更高水平对外开放与涉外私法制度创新,张春良[1],法学研究,2024,国际法学,73.75,7.19,E1,False,,15.37,5.77,9.6,24.0,11.9,5,6,,0,0,0,,,,,,0,,,,52.5,11.9,mean(4),79,6.63,mean(4),65.25,5.25,mean(4),85.5,5.45,mean(4),86,2.94,mean(4),86.25,2.5,mean(4)
1314,1146,"初查的行政执法化改革及其配套机制——以公安机关""行刑衔接""为视角",张泽涛,法学研究,2021,刑法学,73.68,8.69,E1,False,,16.02,6.68,9.33,27.3,19.1,5,6,,0,0,0,,,,,,0,,,,62.5,19.09,mean(4),72.5,3.32,mean(4),69.5,7.55,mean(4),82,2.94,mean(4),84,4.32,mean(4),78.75,2.99,mean(4)
355,1147,市场与政府关系的法学解构,侯利阳[1],中国法学,2019,宪法学与行政法学,73.66,20.85,E1,False,,24.92,17.17,7.75,42.9,42.9,3,6,,0,0,0,,,,,,0,,,,63,28.96,mean(4),63,42.88,mean(4),78.75,6.99,mean(4),83.75,4.35,mean(4),74.5,13.53,mean(4),67,6.27,mean(4)
330,1148,央地关系视角下的司法改革：动力与挑战,姜峰,中国法学,2016,诉讼法学,73.65,8.07,E1,False,,12.72,6.38,6.33,25.0,17.3,5,6,,0,0,0,,,,,,0,,,,70,17.32,mean(4),71.75,6.95,mean(4),58,3.56,mean(4),80,2.31,mean(4),86.75,1.5,mean(4),74.75,6.7,mean(4)
580,1149,现货与期货交易的界分标准与法律规制,吴越[1],中国法学,2020,经济法学,73.65,11.27,E1,False,,16.95,8.93,8.02,28.1,23.7,5,6,,0,0,0,,,,,,0,,,,57,23.65,mean(4),80.25,4.79,mean(4),76,5.89,mean(4),77.5,6.61,mean(4),79.5,7.77,mean(4),78.75,4.79,mean(4)
1451,1150,市场主体平等保护对我国经济宪法的塑造,任喜荣[1],法学研究,2025,宪法学与行政法学,73.56,9.87,E1,False,,16.23,9.35,6.88,25.9,18.2,3,6,,0,0,0,,,,,,0,,,,60.5,18.19,mean(4),84.25,4.35,mean(4),54.5,8.81,mean(4),84,4.9,mean(4),84.25,5.06,mean(4),63.25,14.77,mean(4)
798,1151,论搭售的违法判断标准,郑鹏程[1],中国法学,2019,民商法学,73.54,9.47,E1,False,,16.37,7.67,8.7,31.2,18.0,4,6,,0,0,0,,,,,,0,,,,51.25,17.97,mean(4),88.5,2.89,mean(4),66.25,10.59,mean(4),84.75,6.5,mean(4),74,4.24,mean(4),72.5,3.79,mean(4)
814,1152,论民事诉讼突袭性裁判的防止：以现代庭审理论的应用为中心,杨严炎,中国法学,2016,诉讼法学,73.54,7.08,E1,False,,16.83,6.73,10.1,28.6,14.5,4,6,,0,0,0,,,,,,0,,,,65.5,9.54,mean(4),74,2.83,mean(4),67.75,14.52,mean(4),76.75,3.2,mean(4),80.5,6.14,mean(4),74.25,4.35,mean(4)
1155,1153,中国法学对外交流与研究中的概念对接——以多数人之债实体与程序的中德比较研究为例,卜元石[1],法学研究,2024,民商法学,73.53,10.49,E1,False,,13.33,7.67,5.67,26.0,23.8,4,6,,0,0,0,,,,,,0,,,,56.75,23.77,mean(4),86.25,3.5,mean(4),57.5,8.66,mean(4),85.25,5.25,mean(4),86.25,1.5,mean(4),75.25,3.2,mean(4)
965,1154,制度激励、博弈均衡与社会正义,丁利,中国社会科学,2016,法学理论,73.5,10.84,E1,False,,18.37,8.95,9.42,28.4,18.1,3,6,,0,0,0,,,,,,0,,,,58.25,13.99,mean(4),58.25,18.14,mean(4),86,9.38,mean(4),81,4.69,mean(4),84.5,5.97,mean(4),84.25,1.5,mean(4)
1318,1155,制定法历史解释的论辩效力及其作用限度,杨知文[1],法学研究,2025,法学理论,73.5,9.51,E1,False,,21.87,10.53,11.33,31.1,28.4,3,6,,0,0,0,,,,,,0,,,,53.5,13.53,mean(4),88,3.56,mean(4),60.5,8.02,mean(4),86,1.41,mean(4),63.67,28.36,mean(3),64.25,8.3,mean(4)
1604,1156,法教义学与法治:法教义学的治理意义,雷磊[1],法学研究,2018,法学理论,73.5,10.35,E1,False,,12.98,8.05,4.93,25.3,19.7,4,6,,0,0,0,,,,,,0,,,,50.75,19.69,mean(4),81.75,6.95,mean(4),63,16.69,mean(4),86,1.41,mean(4),88,1.63,mean(4),81,2.0,mean(4)
1641,1157,环境责任保险与环境风险控制的法律体系建构,马宁,法学研究,2018,民商法学,73.47,12.18,E1,False,,18.58,11.18,7.4,31.9,25.9,3,6,,0,0,0,,,,,,0,,,,64.5,19.74,mean(4),78,5.72,mean(4),60,25.87,mean(4),84,1.73,mean(3),83.5,3.7,mean(4),58.25,10.44,mean(4)
1920,1158,中国刑法理论的体系性与妥当性,周光权[1],中国社会科学,2025,刑法学,73.47,8.37,E1,False,,15.35,6.15,9.2,21.8,19.1,5,6,,0,0,0,,,,,,0,,,,59.75,19.09,mean(4),81.5,6.35,mean(4),60.5,4.2,mean(4),83,2.0,mean(4),86.5,1.73,mean(4),73.75,3.5,mean(4)
961,1159,农地三权分置的法实现,"蔡立东[1,2];姜楠[1]",中国社会科学,2017,环境与资源保护法学,73.43,14.22,E1,False,,20.65,11.62,9.03,33.8,27.0,3,6,,0,0,0,,,,,,0,,,,62.75,21.7,mean(4),60.5,27.04,mean(4),82.25,7.59,mean(4),83,2.45,mean(4),88.5,2.52,mean(4),63.75,8.5,mean(4)
899,1160,重大行政决策概念证伪及其补正,熊樟林[1],中国法学,2015,宪法学与行政法学,73.41,6.49,E1,False,,15.38,6.48,8.9,30.3,16.7,4,6,1-empty-status,0,0,0,,,,,,0,,,,83.75,3.5,mean(4),70.25,12.23,mean(4),37.5,16.66,mean(4),88,0.0,mean(4),80.25,3.5,mean(4),81.25,2.99,mean(4)
228,1161,刑事诉讼中程序惯性的反思与规制,郑曦[1],中国法学,2021,刑法学,73.38,4.95,E1,False,,13.18,4.95,8.23,21.2,8.5,4,6,,0,0,0,,,,,,0,,,,67.25,8.22,mean(4),64.25,1.5,mean(4),72,7.66,mean(4),80,2.31,mean(4),84.25,1.5,mean(4),67,8.52,mean(4)
757,1162,论反垄断法的重构:应对数字经济的挑战,"杨东[1,2]",中国法学,2020,经济法学,73.34,5.15,E1,False,,14.77,4.65,10.12,24.3,8.0,6,6,,0,0,0,,,,,,0,,,,62.5,8.02,mean(4),79,4.24,mean(4),66.25,3.5,mean(4),76.5,3.42,mean(4),83.5,5.0,mean(4),75.5,3.79,mean(4)
816,1163,论民法典婚姻家庭编的社会化,肖新喜[1],中国法学,2019,民商法学,73.34,10.14,E1,False,,18.75,9.62,9.13,27.2,15.9,2,6,,0,0,0,,,,,,0,,,,59.25,11.79,mean(4),78,8.49,mean(4),64.75,15.95,mean(4),83.5,4.43,mean(4),68,15.43,mean(4),73.5,1.73,mean(4)
1874,1164,论我国金融监管透明度的二元治理模式,刘盛[1],中国法学,2025,经济法学,73.28,9.01,E1,False,,16.4,8.38,8.02,24.2,13.6,3,6,,0,0,0,,,,,,0,,,,63,13.64,mean(4),66.75,10.56,mean(4),75.25,7.27,mean(4),81,2.58,mean(4),76.25,7.68,mean(4),63.75,8.54,mean(4)
1736,1165,西周邦国的法秩序构建：以新出金文为中心,王沛,法学研究,2016,法律史,73.26,8.91,E1,False,,16.55,8.48,8.07,26.8,15.5,3,6,,0,0,0,,,,,,0,,,,52.5,15.55,mean(4),79,5.03,mean(4),76.5,12.77,mean(4),87.75,2.06,mean(4),84.25,2.87,mean(4),57.5,12.58,mean(4)
1085,1166,论法治评估的类型化,朱景文[1],中国社会科学,2015,法学理论,73.24,9.35,E1,False,,18.05,8.42,9.63,33.4,16.2,4,6,,0,0,0,,,,,,0,,,,65,13.54,mean(4),70.5,7.55,mean(4),62,16.17,mean(4),84,3.65,mean(4),84.25,2.87,mean(4),73.25,6.7,mean(4)
382,1167,我国政府架构下的权力配置模式及其定型化,门中敬[1],中国法学,2021,宪法学与行政法学,73.22,7.13,E1,False,,13.77,6.67,7.1,21.0,11.5,4,6,,0,0,0,,,,,,0,,,,54.25,11.5,mean(4),87.75,5.06,mean(4),62.75,4.57,mean(4),82.25,3.1,mean(4),72,11.52,mean(4),67.5,4.2,mean(4)
964,1168,刑法解释的价值判断,姜涛[1],中国社会科学,2023,刑法学,73.22,13.65,E1,False,,16.82,11.28,5.53,33.0,25.9,4,6,,0,0,0,,,,,,0,,,,59.25,25.94,mean(4),87.25,2.22,mean(4),57.75,24.28,mean(4),79,4.24,mean(4),82.75,7.54,mean(4),72,3.56,mean(4)
1137,1169,中华法系的百年历史叙事,赵明[1],法学研究,2022,法律史,73.22,5.23,E1,False,,12.95,5.1,7.85,27.8,10.2,5,6,,0,0,0,,,,,,0,,,,78.5,6.03,mean(4),79,4.76,mean(4),42.25,10.21,mean(4),82.75,2.22,mean(4),79,2.58,mean(4),69,4.76,mean(4)
566,1170,犯罪热点成因：基于空间相关性的解释,单勇,中国法学,2016,刑法学,73.21,14.31,E1,False,,19.93,11.62,8.32,37.8,33.0,4,6,,0,0,0,,,,,,0,,,,55.5,16.46,mean(4),59.25,33.0,mean(4),78.5,5.0,mean(4),88.5,7.0,mean(4),76.25,4.19,mean(4),81.5,4.04,mean(4)
202,1171,公私关系的认识论重建与国际法发展,蔡从燕[1],中国法学,2015,国际法学,73.19,5.36,E1,False,,16.1,4.3,11.8,20.4,8.1,5,6,,0,0,0,,,,,,0,,,,62,8.12,mean(4),62.25,7.14,mean(4),75.75,2.87,mean(4),86.25,3.5,mean(4),81,3.16,mean(4),74.5,1.0,mean(4)
9,1172,“五湖四海”：政法系统干部交流机制的发生与形态,刘忠[1],中国法学,2023,宪法学与行政法学,73.15,7.47,E1,False,,14.38,7.22,7.17,20.9,9.5,2,6,,0,0,0,,,,,,0,,,,76,9.2,mean(4),65.5,9.54,mean(4),50.5,8.43,mean(4),80.75,3.4,mean(4),78,4.32,mean(4),76.25,8.54,mean(4)
540,1173,法律监督机关的宪法内涵,朱全宝[1],中国法学,2022,宪法学与行政法学,73.15,10.8,E1,False,,17.07,9.37,7.7,22.2,17.2,3,6,,0,0,0,,,,,,0,,,,61.5,14.48,mean(4),63.5,17.18,mean(4),72.5,10.38,mean(4),88,3.56,mean(4),82.75,4.57,mean(4),74.25,5.91,mean(4)
1673,1174,积极刑法立法观在中国的确立,周光权,法学研究,2016,刑法学,73.15,7.43,E1,False,,13.03,5.75,7.28,24.8,16.2,5,6,,0,0,0,,,,,,0,,,,61.25,16.19,mean(4),77,1.83,mean(4),50,5.77,mean(4),83.25,3.5,mean(4),80.25,5.68,mean(4),82.75,1.5,mean(4)
1652,1175,疫学因果关系及其证明,陈伟[1],法学研究,2015,刑法学,73.13,7.93,E1,False,,15.4,6.32,9.08,31.2,16.1,5,6,,0,0,0,,,,,,0,,,,56,16.15,mean(4),70.5,7.14,mean(4),83.75,3.5,mean(4),80.75,1.89,mean(4),76,5.89,mean(4),70.75,3.4,mean(4)
1323,1176,劳动力市场灵活性与劳动合同法的修改,谢增毅,法学研究,2017,民商法学,73.07,9.26,E1,False,,16.65,8.18,8.47,23.7,17.5,3,6,,0,0,0,,,,,,0,,,,67,9.63,mean(4),69,12.83,mean(4),53.75,17.48,mean(4),88,4.32,mean(4),84.25,1.5,mean(4),70.75,3.4,mean(4)
36,1177,“绿色原则”在民法典中的贯彻论纲,吕忠梅[1];竺效[2];巩固[3];刘长兴[4];刘超[5],中国法学,2018,民商法学,73.06,9.39,E1,False,,14.2,7.83,6.37,26.5,19.1,5,6,,0,0,0,,,,,,0,,,,60,19.15,mean(4),76.5,4.43,mean(4),63,7.26,mean(4),84,4.24,mean(4),83.5,4.43,mean(4),75.5,7.59,mean(4)
617,1178,立法社会效果考量的方式及其决策思维,"王怡[1,2]",中国法学,2025,法学理论,73.06,9.15,E1,False,,14.35,8.63,5.72,20.8,15.2,3,6,,0,0,0,,,,,,0,,,,66.75,11.21,mean(4),73.5,15.15,mean(4),60.5,5.97,mean(4),78.75,2.99,mean(4),77.5,8.81,mean(4),73.25,7.63,mean(4)
1309,1179,刑法上恶劣影响情节的经验考察与理论构建,郭旨龙[1],法学研究,2024,刑法学,73.03,11.85,E1,False,,17.37,9.07,8.3,29.3,19.3,3,6,,0,0,0,,,,,,0,,,,68.5,18.52,mean(4),55.75,19.26,mean(4),74.5,8.74,mean(4),83.25,4.27,mean(4),84.75,1.89,mean(4),75.5,1.73,mean(4)
945,1180,人的尊严的法律属性辨析,胡玉鸿,中国社会科学,2016,法学理论,73.01,9.13,E1,False,,15.68,7.6,8.08,24.6,17.3,5,6,,0,0,0,,,,,,0,,,,64.25,17.29,mean(4),79,7.39,mean(4),58.25,4.72,mean(4),82.75,4.57,mean(4),85.25,5.25,mean(4),57,6.27,mean(4)
1670,1181,私法中理性人标准之构建,叶金强[1],法学研究,2015,民商法学,73.01,9.81,E1,False,,17.88,8.15,9.73,31.2,19.3,3,6,,0,0,0,,,,,,0,,,,52,19.3,mean(4),84.25,8.18,mean(4),76.75,11.47,mean(4),82,0.0,mean(4),79.25,3.4,mean(4),57.5,6.45,mean(4)
520,1182,民法基本原则与商法漏洞填补,于莹[1],中国法学,2019,民商法学,72.99,11.71,E1,False,,17.28,9.58,7.7,25.5,21.0,3,6,,0,0,0,,,,,,0,,,,66.5,21.05,mean(4),77.5,9.71,mean(4),52.25,14.1,mean(4),81,3.56,mean(4),79.75,3.5,mean(4),72.5,5.57,mean(4)
824,1183,论混合型海洋争端的管辖权问题,张华,中国法学,2016,国际法学,72.99,6.23,E1,False,,17.67,6.02,11.65,22.9,8.6,5,6,,0,0,0,,,,,,0,,,,63,7.26,mean(4),70,6.27,mean(4),65.25,8.58,mean(4),84,4.24,mean(4),83.25,3.5,mean(4),67,6.22,mean(4)
1037,1184,社会诚信建设与基层治理能力的再造,陈柏峰[1],中国社会科学,2022,法学理论,72.99,7.75,E1,False,,14.52,6.12,8.4,22.2,13.1,4,6,,0,0,0,,,,,,0,,,,55.5,13.08,mean(4),85,8.72,mean(4),58.25,4.72,mean(4),85.5,5.26,mean(4),84.25,1.5,mean(4),60.75,3.4,mean(4)
1879,1185,“一业一证”改革的许可创新与法治回应,"卢超[1,2]",中国法学,2025,宪法学与行政法学,72.97,11.49,E1,False,,14.45,8.5,5.95,25.1,19.1,4,6,,0,0,0,,,,,,0,,,,68.25,18.95,mean(4),66.5,19.05,mean(4),58,3.56,mean(4),85,6.22,mean(4),86.25,1.26,mean(4),79.5,1.91,mean(4)
600,1186,社会系统论视角下实现碳达峰碳中和目标的法律对策,曹明德[1],中国法学,2023,环境与资源保护法学,72.88,8.47,E1,False,,17.97,6.77,11.2,26.8,12.9,4,6,,0,0,0,,,,,,0,,,,60,12.91,mean(4),68.25,9.43,mean(4),74,8.04,mean(4),83.25,5.68,mean(4),84.25,2.87,mean(4),66.5,1.73,mean(4)
1280,1187,再法典化背景下我国刑法犯罪法律后果体系的完善,刘仁文[1],法学研究,2023,刑法学,72.87,13.08,E1,False,,17.3,11.17,6.13,28.3,22.6,3,6,,0,0,0,,,,,,0,,,,67.75,15.59,mean(4),63.75,22.63,mean(4),59.75,14.57,mean(4),86.75,6.08,mean(4),85.75,1.5,mean(4),77.5,6.61,mean(4)
1393,1188,基于法官集体经验的量刑预测研究,白建军,法学研究,2016,刑法学,72.87,13.56,E1,False,,17.13,10.78,6.35,33.2,25.0,3,6,,0,0,0,,,,,,0,,,,61.25,19.52,mean(4),51,24.99,mean(4),78.75,12.61,mean(4),86.5,1.73,mean(4),83.25,3.5,mean(4),83.5,2.38,mean(4)
1592,1189,法律事实理论视角下的实质性宪法解释,莫纪宏[1],法学研究,2021,宪法学与行政法学,72.84,5.53,E1,False,,14.52,6.1,8.42,21.5,11.8,5,6,,0,0,0,,,,,,0,,,,67,6.27,mean(4),77.5,4.43,mean(4),65.75,5.91,mean(4),69.5,1.91,mean(4),77,11.8,mean(4),76.25,6.29,mean(4)
1163,1190,中国环境法治中的政党、国家与社会,陈海嵩[1],法学研究,2018,环境与资源保护法学,72.81,9.03,E1,False,,15.5,8.68,6.82,23.5,15.2,3,6,,0,0,0,,,,,,0,,,,64.25,15.24,mean(4),77.5,4.12,mean(4),58.75,13.45,mean(4),83,3.37,mean(4),81.25,2.99,mean(4),53.25,12.87,mean(4)
569,1191,环境司法理性不能止于“天价”赔偿：泰州环境公益诉讼案评析,吕忠梅,中国法学,2016,环境与资源保护法学,72.76,12.32,E1,False,,18.37,11.32,7.05,36.0,28.2,4,6,,0,0,0,,,,,,0,,,,62.25,18.19,mean(4),78.5,4.73,mean(4),52.5,28.24,mean(4),85.25,3.77,mean(4),85.5,5.45,mean(4),72.25,7.59,mean(4)
842,1192,论股东功能之嬗变：从股东治理到股东代理,沈云樵[1],中国法学,2024,民商法学,72.76,10.79,E1,False,,18.33,10.77,7.57,28.1,20.5,3,6,,0,0,0,,,,,,0,,,,69,19.85,mean(4),77.75,2.06,mean(4),55,14.0,mean(4),78.25,4.72,mean(4),83.75,3.5,mean(4),59.25,20.55,mean(4)
1789,1193,转型期国家认同困境与宪法学的回应,陈明辉[1],法学研究,2018,宪法学与行政法学,72.76,11.55,E1,False,,16.3,8.55,7.75,29.8,25.4,5,6,,0,0,0,,,,,,0,,,,54.25,25.41,mean(4),76.25,6.75,mean(4),71.5,7.37,mean(4),85.25,5.25,mean(4),83.75,2.06,mean(4),65.75,4.35,mean(4)
75,1194,中国减刑程序公平性的实证研究,林喜芬,中国法学,2016,刑法学,72.71,10.42,E1,False,,17.68,7.87,9.82,30.3,21.9,4,6,,0,0,0,,,,,,0,,,,62.5,21.93,mean(4),60.5,8.54,mean(4),82,6.98,mean(4),80.5,3.0,mean(4),79.25,2.99,mean(4),74.75,3.77,mean(4)
637,1195,经营者集中法律界定模式研究,叶军[1],中国法学,2015,经济法学,72.69,8.77,E1,False,,17.1,7.17,9.93,25.7,14.8,4,6,,0,0,0,,,,,,0,,,,52.25,14.75,mean(4),65,11.02,mean(4),79.75,5.56,mean(4),84.5,3.0,mean(4),72.5,5.57,mean(4),80.75,2.99,mean(4)
579,1196,环境质量目标主义：关于环境法直接规制目标的思考,徐祥民,中国法学,2015,环境与资源保护法学,72.68,8.1,E1,False,,14.48,7.42,7.07,26.9,13.8,3,6,,0,0,0,,,,,,0,,,,69.33,9.81,mean(3),56.25,9.46,mean(4),64.5,13.77,mean(4),79,2.0,mean(4),79.25,6.5,mean(4),82,2.94,mean(4)
1590,1197,法学研究目标受众选择的大数据分析,周翔[1];刘东亮[2],法学研究,2020,民商法学,72.66,10.2,E1,False,,16.05,7.62,8.43,30.9,27.3,5,6,,0,0,0,,,,,,0,,,,57.5,27.28,mean(4),75.75,1.71,mean(4),75.75,2.87,mean(4),77.25,1.5,mean(4),77.5,6.61,mean(4),76.75,5.68,mean(4)
883,1198,过程性审查：行政行为司法审查方法研究,刘东亮,中国法学,2018,宪法学与行政法学,72.51,10.99,E1,False,,18.83,11.95,6.88,24.1,21.2,2,6,1-empty-status,0,0,0,,,,,,0,,,,58,12.62,mean(4),80.5,6.61,mean(4),76.25,6.13,mean(4),70.75,10.59,mean(4),71,21.15,mean(4),63.75,14.57,mean(4)
368,1199,成年监护制度的现代转向,李霞[1],中国法学,2015,民商法学,72.5,10.85,E1,False,,16.97,8.85,8.12,29.1,17.2,3,6,,0,0,0,,,,,,0,,,,57.25,17.15,mean(4),82.25,7.5,mean(4),74,9.2,mean(4),71.75,11.64,mean(4),80,2.31,mean(4),73.5,5.26,mean(4)
1377,1200,国际税收协定解释的困境及其纾解,崔晓静,法学研究,2021,国际法学,72.5,8.19,E1,False,,13.38,6.03,7.35,27.2,19.0,5,6,,0,0,0,,,,,,0,,,,63.25,19.0,mean(4),81,4.24,mean(4),56,2.45,mean(4),77.5,3.32,mean(4),84,4.9,mean(4),79.5,2.38,mean(4)
17,1201,“印证”证明模式反思与重塑：基于中国刑事错案的反思,左卫民,中国法学,2016,刑法学,72.44,12.82,E1,False,,19.6,11.07,8.53,39.8,36.7,3,6,,0,0,0,,,,,,0,,,,70,10.0,mean(4),54.25,36.68,mean(4),69.5,8.43,mean(4),83.75,3.5,mean(4),82.5,2.52,mean(4),73.5,5.26,mean(4)
1903,1202,论中国古代经济管理法,张晋藩[1];闫静怡[2],中国法学,2025,法律史,72.44,8.36,E1,False,,18.85,8.73,10.12,26.4,14.9,3,6,,0,0,0,,,,,,0,,,,53.75,13.38,mean(4),80.25,3.2,mean(4),70,14.58,mean(4),86,1.41,mean(4),82,4.9,mean(4),58.75,14.93,mean(4)
1603,1203,法律选择协议效力的法律适用辩释,沈涓,法学研究,2015,法学理论,72.4,10.29,E1,False,,14.62,8.55,6.07,23.1,21.3,3,6,,0,0,0,,,,,,0,,,,71.75,21.27,mean(4),83,5.72,mean(4),41.75,10.44,mean(4),85.75,2.87,mean(4),84.25,1.5,mean(4),51.25,9.46,mean(4)
497,1204,民事诉讼法适用中的证明责任,李浩,中国法学,2018,诉讼法学,72.37,10.21,E1,False,,20.68,10.47,10.22,31.6,21.0,3,6,,0,0,0,,,,,,0,,,,65.25,12.37,mean(4),68,3.56,mean(4),72.25,12.28,mean(4),79,7.79,mean(4),73.5,21.05,mean(4),48,5.72,mean(4)
827,1205,论环境侵权原因行为的立法拓展,"竺效[1,2]",中国法学,2015,环境与资源保护法学,72.32,17.51,E1,False,,19.08,14.45,4.63,32.6,30.4,2,6,,0,0,0,,,,,,0,,,,65.25,30.41,mean(4),65.75,20.55,mean(4),62,12.62,mean(4),84.5,1.73,mean(4),70,19.13,mean(4),67,2.45,mean(4)
1600,1206,法律行为汉字术语的日本翻译与中国传播史,"吴奇琦[1,2]",法学研究,2025,法律史,72.32,11.6,E1,False,,17.13,10.48,6.65,32.0,19.0,3,6,,0,0,0,,,,,,0,,,,65.75,19.02,mean(4),89.25,3.4,mean(4),40,17.8,mean(4),89.5,7.72,mean(4),82.25,5.06,mean(4),76.25,9.95,mean(4)
546,1207,法律解释的公共性,"郭春镇[1,2]",中国法学,2023,法学理论,72.31,8.12,E1,False,,13.77,6.83,6.93,20.0,11.7,4,6,,0,0,0,,,,,,0,,,,60,11.66,mean(4),73.5,11.27,mean(4),65.75,7.41,mean(4),81.75,4.35,mean(4),77.25,1.5,mean(4),61.25,4.79,mean(4)
138,1208,人民团体规章：概念、体系和效力,屠凯[1],中国法学,2023,党内法规学,72.29,10.06,E1+E2,True,,13.88,5.98,7.9,26.6,14.8,4,6,,0,0,1,107,72.29,10.06,E1+E2,coverage_minimum,0,,,,57.5,19.1,median(8) [E1+E2],75.0,6.36,median(8) [E1+E2],72.0,9.65,median(8) [E1+E2],83.5,4.91,median(8) [E1+E2],88.0,2.13,median(8) [E1+E2],55.0,8.25,median(8) [E1+E2]
472,1209,权力挂起：行政组织法的新变式？,熊樟林,中国法学,2018,宪法学与行政法学,72.29,11.11,E1,False,,19.52,10.72,8.8,40.4,32.3,3,6,,0,0,0,,,,,,0,,,,76.25,4.19,mean(4),50,32.34,mean(4),60.5,11.45,mean(4),84.75,4.72,mean(4),80,2.83,mean(4),68,8.91,mean(4)
623,1210,算法规制的谱系,苏宇[1],中国法学,2020,宪法学与行政法学,72.26,11.36,E1,False,,17.43,8.63,8.8,27.4,23.2,4,6,,0,0,0,,,,,,0,,,,52.25,23.17,mean(4),78.75,7.89,mean(4),64,9.52,mean(4),80.75,4.57,mean(4),77.75,3.1,mean(4),83,3.46,mean(4)
775,1211,论宪法上的一般人格权及其对民法的影响,王锴,中国法学,2017,宪法学与行政法学,72.26,9.32,E1,False,,15.75,7.97,7.78,33.6,17.7,4,6,1-empty-status,0,0,0,,,,,,0,,,,70.75,17.67,mean(4),83.25,3.77,mean(4),45,14.14,mean(4),84,2.71,mean(4),87,2.45,mean(4),54.25,7.14,mean(4)
1100,1212,非法证据排除规则的中国范式——基于1459个刑事案例的分析,易延友,中国社会科学,2016,诉讼法学,72.26,9.61,E1,False,,17.8,7.95,9.85,34.7,27.0,4,6,,0,0,0,,,,,,0,,,,75.25,8.3,mean(4),50.5,27.04,mean(4),72,4.97,mean(4),77,3.46,mean(4),86.75,1.5,mean(4),77,2.45,mean(4)
767,1213,论国际航空私法条约适用的强制性,董念清[1],中国法学,2020,国际法学,72.22,6.19,E1,False,,14.43,6.87,7.57,20.8,13.7,3,6,4-single-reject,0,0,0,,,,,,0,,,,74.75,3.4,mean(4),60.25,8.81,mean(4),54.75,13.67,mean(4),85,3.46,mean(4),85.75,1.5,mean(4),53.75,10.31,mean(4)
1482,1214,我国集体土地征收制度的构建,王克稳,法学研究,2016,环境与资源保护法学,72.21,11.47,E1,False,,21.75,10.03,11.72,31.3,22.2,3,6,,0,0,0,,,,,,0,,,,71.5,9.0,mean(4),56,22.17,mean(4),59.5,16.01,mean(4),86.25,7.68,mean(4),83.25,2.75,mean(4),77.67,2.52,mean(3)
911,1215,高等学校“非升即走”聘用合同法律性质及其制度法治逻辑,徐靖[1],中国法学,2020,民商法学,72.19,6.43,E1,False,,16.1,4.9,11.2,27.2,14.9,5,6,1-empty-status,0,0,0,,,,,,0,,,,55.75,14.91,mean(4),77.25,3.2,mean(4),74.25,4.35,mean(4),77.5,1.73,mean(4),79,1.15,mean(4),62.5,4.12,mean(4)
1780,1216,财政补助社会保险的法学透析：以二元分立为视角,熊伟;张荣芳,法学研究,2016,民商法学,72.19,16.07,E1,False,,20.63,12.55,8.08,37.3,29.7,3,6,,0,0,0,,,,,,0,,,,59.5,29.72,mean(4),63.75,13.77,mean(4),60.75,16.56,mean(4),87,6.22,mean(4),80,4.4,mean(4),82.67,4.62,mean(3)
234,1217,刑事陪审中法律问题与事实问题的区分,陈学权,中国法学,2017,刑法学,72.06,13.26,E1,False,,20.6,12.05,8.55,31.8,25.1,2,6,,0,0,0,,,,,,0,,,,54.5,20.44,mean(4),70.5,10.47,mean(4),78,10.23,mean(4),82.75,4.57,mean(4),72.5,25.12,mean(4),74.25,1.5,mean(4)
1205,1218,以鉴代侦：电子数据司法鉴定的扩张趋势及其制度回应,陈如超[1],法学研究,2024,诉讼法学,72.03,17.82,E1,False,,19.15,13.6,5.55,41.3,38.2,4,6,,0,0,0,,,,,,0,,,,63.75,26.31,mean(4),57.25,38.19,mean(4),76,7.12,mean(4),83.5,3.7,mean(4),82.75,3.3,mean(4),78.75,2.99,mean(4)
1856,1219,我国轻微犯罪记录封存制度构建研究,姚莉[1],法学研究,2025,刑法学,72.03,13.41,E1,False,,19.5,13.43,6.07,35.4,25.5,2,6,,0,0,0,,,,,,0,,,,55.75,16.98,mean(4),80,11.31,mean(2),55,25.53,mean(4),88.5,4.73,mean(4),80.75,3.4,mean(4),60.5,18.73,mean(4)
1823,1220,陕西紫阳诉讼档案中的清代土地交易规范及其私法理念,汪世荣,法学研究,2021,法律史,72.01,5.61,E1,False,,13.98,5.47,8.52,24.7,10.9,5,6,,0,0,0,,,,,,0,,,,58,6.78,mean(4),75,3.46,mean(4),70.75,10.87,mean(4),82.5,3.32,mean(4),77,3.46,mean(4),41.25,4.79,mean(4)
1628,1221,清律“家人共盗”的法思想源流,谢晶[1],法学研究,2018,法律史,72.0,8.78,E1,False,,18.45,8.75,9.7,27.8,11.2,1,6,,0,0,0,,,,,,0,,,,59.25,11.06,mean(4),82.75,3.59,mean(4),72.5,11.15,mean(4),80,8.12,mean(4),70.25,10.37,mean(4),34.25,8.1,mean(4)
1286,1222,农民集体成员的集体资产股份权,韩松[1],法学研究,2022,环境与资源保护法学,71.99,11.31,E1,False,,18.05,8.95,9.1,29.6,21.5,4,6,,0,0,0,,,,,,0,,,,62,21.48,mean(4),64.5,6.56,mean(4),66.25,12.5,mean(4),86,5.42,mean(4),79.5,4.2,mean(4),69.75,3.5,mean(4)
736,1223,论企业合规程序出罪,刘少军[1],中国法学,2023,刑法学,71.97,9.55,E1,False,,16.08,8.33,7.75,26.1,16.7,4,6,,0,0,0,,,,,,0,,,,66.25,14.57,mean(4),73,3.46,mean(4),63,16.69,mean(4),73.5,5.8,mean(4),76.5,7.05,mean(4),78.25,2.36,mean(4)
1304,1224,刑事辩护率：差异化及其经济因素分析,,法学研究,2019,刑法学,71.93,7.61,E1,False,,15.88,6.95,8.93,30.4,11.8,4,6,,0,0,0,,,,,,0,,,,60.5,11.45,mean(4),66.75,4.27,mean(4),69.25,11.79,mean(4),83.5,3.7,mean(4),76,5.89,mean(4),72.75,4.57,mean(4)
647,1225,网络社会法律治理与技术治理的二元共治,郑智航,中国法学,2018,法学理论,71.85,13.89,E1+E2,True,,20.05,11.27,8.78,29.8,21.5,3,6,,0,0,0,,,,,,0,,,,60.0,17.3,median(8) [E1+E2],75.0,19.37,median(8) [E1+E2],63.5,15.91,median(8) [E1+E2],80.0,4.95,median(8) [E1+E2],78.0,12.11,median(8) [E1+E2],71.0,4.84,median(8) [E1+E2]
1653,1226,监听侦查的法治实践：美国经验与中国路径,曾赟[1],法学研究,2015,民商法学,71.85,7.73,E1,False,,17.52,6.35,11.17,24.8,12.3,5,6,,0,0,0,,,,,,0,,,,57.5,12.29,mean(4),81.25,7.5,mean(4),59.5,7.14,mean(4),80.5,4.8,mean(4),80.25,3.86,mean(4),73.75,2.5,mean(4)
1235,1227,修复生态环境责任的实证解析,吕忠梅[1];窦海阳[2],法学研究,2017,环境与资源保护法学,71.84,9.44,E1,False,,15.78,7.57,8.22,28.4,15.7,4,6,,0,0,0,,,,,,0,,,,63.5,15.7,mean(4),58,13.37,mean(4),70.75,5.06,mean(4),86.25,3.5,mean(4),83.25,4.27,mean(4),79,3.37,mean(4)
283,1228,商标本质基础观念的重构,余俊[1],中国法学,2023,知识产权法学,71.81,11.69,E1,False,,16.63,9.13,7.5,24.8,22.5,4,6,,0,0,0,,,,,,0,,,,53.75,22.5,mean(4),70,4.4,mean(4),70.75,16.68,mean(4),88.75,5.97,mean(4),82.25,2.06,mean(4),77.75,3.1,mean(4)
1240,1229,债法总则消亡史,朱庆育[1],法学研究,2022,民商法学,71.72,10.67,E1,False,,16.12,8.9,7.22,26.2,17.2,3,6,,0,0,0,,,,,,0,,,,61.25,17.19,mean(4),79.5,8.7,mean(4),51.25,11.09,mean(4),86.5,7.05,mean(4),88.25,4.65,mean(4),41.25,4.79,mean(4)
556,1230,法理概念的义项、构造与功能:基于120108份裁判文书的分析,郭栋[1],中国法学,2021,诉讼法学,71.69,10.63,E1,False,,18.57,11.28,7.28,26.3,19.4,3,6,,0,0,0,,,,,,0,,,,57.5,17.56,mean(4),71.75,6.95,mean(4),74.25,5.91,mean(4),82.5,3.32,mean(4),76.75,14.57,mean(4),58.75,19.38,mean(4)
713,1231,论“量化评价类”规制工具,"王瑞雪[1,2]",中国法学,2025,民商法学,71.65,14.02,E1,False,,17.92,10.22,7.7,27.6,26.6,3,6,,0,0,0,,,,,,0,,,,59.75,26.61,mean(4),61.25,17.97,mean(4),67.5,9.88,mean(4),90.25,3.5,mean(4),86.25,2.06,mean(4),71,1.15,mean(4)
1744,1232,认罪认罚从宽中的特殊不起诉,董坤[1],法学研究,2019,刑法学,71.65,13.56,E1,False,,16.68,10.2,6.48,32.9,27.3,3,6,,0,0,0,,,,,,0,,,,61,27.29,mean(4),65,7.26,mean(4),76,11.05,mean(4),78.25,9.43,mean(4),86,1.41,mean(4),78.75,4.79,mean(4)
141,1233,从合理原则走向统一的比例原则,杨登峰,中国法学,2016,宪法学与行政法学,71.63,10.91,E1,False,,18.25,9.57,8.68,26.9,19.3,2,6,,0,0,0,,,,,,0,,,,56.25,19.31,mean(4),86,9.66,mean(4),53.75,10.31,mean(4),85.25,2.87,mean(4),74.75,6.13,mean(4),59.5,9.11,mean(4)
1896,1234,论网络聚合犯罪的刑法规制,于冲[1],中国法学,2025,刑法学,71.63,7.69,E1,False,,14.8,8.02,6.78,20.6,16.1,3,6,,0,0,0,,,,,,0,,,,60,10.3,mean(4),77.25,1.5,mean(4),59.25,10.24,mean(4),80,4.4,mean(4),73.75,16.09,mean(4),67.5,5.57,mean(4)
1785,1235,起诉条件前置审理论,段文波,法学研究,2016,诉讼法学,71.6,8.46,E1,False,,13.78,7.05,6.73,21.5,14.6,4,6,,0,0,0,,,,,,0,,,,61,13.9,mean(4),76.25,4.19,mean(4),62.75,14.59,mean(4),76.75,4.27,mean(4),88.25,2.87,mean(4),65,2.45,mean(4)
843,1236,论行政决定保全,江国华[1],中国法学,2025,诉讼法学,71.56,11.07,E1,False,,16.17,10.23,5.93,26.9,17.3,2,6,,0,0,0,,,,,,0,,,,64.5,13.3,mean(4),51.75,17.29,mean(4),76.5,9.47,mean(4),85.5,5.0,mean(4),78.75,7.8,mean(4),74.25,8.5,mean(4)
427,1237,数字人权原则司法适用的逻辑展开,高一飞[1],中国法学,2024,诉讼法学,71.46,13.72,E1,False,,15.98,11.35,4.63,29.6,28.6,4,6,,0,0,0,,,,,,0,,,,54.75,28.61,mean(4),74.5,5.26,mean(4),76.75,4.27,mean(4),76.75,6.08,mean(4),73,20.8,mean(4),64.25,2.99,mean(4)
35,1238,“社会主义公共财产”的宪法定位:“合理利用”的规范内涵,李忠夏[1],中国法学,2020,宪法学与行政法学,71.44,15.76,E1,False,,25.8,13.7,12.1,36.2,30.6,2,6,,0,0,0,,,,,,0,,,,72.5,13.58,mean(4),69.25,12.61,mean(4),65.5,16.03,mean(4),63.75,30.64,mean(4),83,3.37,mean(4),76.5,5.97,mean(4)
553,1239,法治语境下极端主义犯罪治理定量研究,赵军,中国法学,2016,刑法学,71.44,18.8,E1,False,,23.23,15.73,7.5,43.0,40.1,3,6,,0,0,0,,,,,,0,,,,57.75,19.05,mean(4),59.5,40.14,mean(4),63,23.51,mean(4),89,4.76,mean(4),84.75,4.72,mean(4),80.75,2.22,mean(4)
993,1240,多边贸易、市场规则与技术标准定价,马一德[1],中国社会科学,2019,知识产权法学,71.43,10.11,E1,False,,18.63,8.63,10.0,29.8,21.5,3,6,,0,0,0,,,,,,0,,,,61.25,21.5,mean(4),78.25,2.87,mean(4),68.25,9.43,mean(4),69.5,1.91,mean(4),72.25,9.6,mean(4),61.25,6.5,mean(4)
1146,1241,中国宪法体制中民主集中制的统合作用,沈寿文[1],法学研究,2023,宪法学与行政法学,71.43,9.53,E1,False,,17.7,8.67,9.03,33.3,20.5,4,6,,0,0,0,,,,,,0,,,,72.5,12.58,mean(4),73.5,7.05,mean(4),46.75,20.55,mean(4),86.25,3.5,mean(4),81.25,2.99,mean(4),61.25,5.38,mean(4)
1316,1242,判例自发性运用现象的生成与效应,顾培东[1],法学研究,2018,诉讼法学,71.37,8.61,E1,False,,14.72,6.53,8.18,26.4,19.9,5,6,,0,0,0,,,,,,0,,,,57.75,19.87,mean(4),77,4.76,mean(4),54.25,2.87,mean(4),86.25,3.5,mean(4),82.25,3.3,mean(4),78.75,4.79,mean(4)
400,1243,我国行政给付义务类型化及其法律拘束,胡敏洁[1],中国法学,2023,民商法学,71.35,8.54,E1,False,,14.02,7.07,6.95,24.1,18.8,4,6,,0,0,0,,,,,,0,,,,56,18.76,mean(4),70,4.4,mean(4),72,4.32,mean(4),82.5,3.32,mean(4),81.75,2.87,mean(4),67.5,8.66,mean(4)
1344,1244,司法鉴定管理体制改革的方向与逻辑,陈如超,法学研究,2016,诉讼法学,71.35,6.77,E1,False,,13.27,5.25,8.02,31.8,14.1,5,6,,0,0,0,,,,,,0,,,,74.5,14.06,mean(4),73.25,3.5,mean(4),43,2.45,mean(4),86,4.9,mean(4),82.75,3.59,mean(4),78.75,2.99,mean(4)
343,1245,宪法个案解释基准的证成逻辑及其法律控制,汪进元,中国法学,2016,宪法学与行政法学,71.32,8.98,E1,False,,16.92,8.6,8.32,24.1,13.0,2,6,,0,0,0,,,,,,0,,,,55.75,12.97,mean(4),83.5,3.7,mean(4),65,7.26,mean(4),74.5,9.15,mean(4),72.75,10.05,mean(4),76.25,8.54,mean(4)
870,1246,责任保险中的连带责任承担问题——以机动车商业三责险条款为分析样本,韩长印[1],中国法学,2015,民商法学,71.28,17.14,E1,False,,21.83,14.95,6.88,41.8,40.1,3,6,,0,0,0,,,,,,0,,,,63.75,14.57,mean(4),59.75,40.1,mean(4),62.75,23.26,mean(4),87.75,3.1,mean(4),80.5,4.2,mean(4),70,4.4,mean(4)
349,1247,对我国民事诉判关系的再思考,王杏飞[1],中国法学,2019,诉讼法学,71.26,12.03,E1,False,,16.92,9.28,7.63,30.5,22.4,4,6,1-empty-status,0,0,0,,,,,,0,,,,58.25,22.4,mean(4),82.25,2.06,mean(4),67,6.27,mean(4),70.25,15.84,mean(4),82,6.68,mean(4),71.75,2.36,mean(4)
547,1248,法律议论的社会科学研究新范式,季卫东,中国法学,2015,法学理论,71.26,12.22,E1,False,,15.4,10.77,4.63,36.2,32.2,4,6,,0,0,0,,,,,,0,,,,65.5,18.91,mean(4),86.25,2.5,mean(4),42.5,32.21,mean(4),86.5,2.38,mean(4),81,6.16,mean(4),78.25,2.36,mean(4)
907,1249,预防性刑法观及其教义学思考,高铭暄[1];孙道萃[2],中国法学,2018,刑法学,71.26,8.19,E1,False,,15.4,6.13,9.27,26.1,14.5,4,6,1-empty-status,0,0,0,,,,,,0,,,,62,14.54,mean(4),72.5,7.55,mean(4),50.5,1.91,mean(4),86.75,8.06,mean(4),82.75,3.59,mean(4),79,1.15,mean(4)
1157,1250,中国法律语境中的国家政策概念,彭中礼[1],法学研究,2023,宪法学与行政法学,71.26,9.31,E1,False,,18.03,10.65,7.38,25.8,22.0,4,6,,0,0,0,,,,,,0,,,,66.75,7.89,mean(4),72,5.89,mean(4),50,18.71,mean(4),80.5,1.91,mean(4),71,22.0,mean(4),70.5,7.55,mean(4)
445,1251,数据资产入表的法律配置,张素华[1],中国法学,2024,民商法学,71.16,9.4,E1,False,,15.95,7.75,8.2,25.0,19.9,4,6,,0,0,0,,,,,,0,,,,50.5,19.94,mean(4),69.67,4.04,mean(3),82,4.32,mean(4),82.75,3.59,mean(4),72.75,10.05,mean(4),78.25,4.72,mean(4)
203,1252,共享经济财产容他权研究,付大学[1],中国法学,2023,民商法学,70.97,8.01,E1,False,,14.4,6.42,7.98,27.4,16.5,4,6,,0,0,0,,,,,,0,,,,50.75,16.5,mean(4),84.5,1.73,mean(4),70,10.3,mean(4),75.75,3.3,mean(4),80.75,3.4,mean(4),72.5,3.32,mean(4)
660,1253,股权转让合同解除权的司法判断与法理研究,万方,中国法学,2017,民商法学,70.93,14.19,E1,False,,20.8,13.25,7.55,31.9,23.2,2,6,,0,0,0,,,,,,0,,,,59.5,18.7,mean(4),75.75,12.97,mean(4),59.25,23.21,mean(4),79.25,3.4,mean(4),72.25,15.33,mean(4),67.25,5.85,mean(4)
1153,1254,中国民法典总则与分则之间的统辖遵从关系,孙宪忠[1],法学研究,2020,民商法学,70.93,9.14,E1,False,,16.48,9.32,7.17,22.3,19.1,3,6,,0,0,0,,,,,,0,,,,57.25,11.41,mean(4),81.25,6.7,mean(4),56.75,19.12,mean(4),83.25,2.75,mean(4),82.5,3.32,mean(4),59.5,12.56,mean(4)
584,1255,生态环境犯罪中的拟制财产权,焦艳鹏[1],中国法学,2023,刑法学,70.91,13.87,E1,False,,18.05,10.23,7.82,35.2,31.7,5,6,,0,0,0,,,,,,0,,,,61.75,31.66,mean(4),59,8.04,mean(4),74,8.04,mean(4),81.5,4.73,mean(4),87,3.37,mean(4),60.25,5.56,mean(4)
1050,1256,网络空间安全立法的双重基础,张龑[1],中国社会科学,2021,宪法学与行政法学,70.91,12.74,E1,False,,16.42,10.38,6.03,26.8,25.9,3,6,,0,0,0,,,,,,0,,,,58.5,17.6,mean(4),63.75,25.85,mean(4),74.5,8.35,mean(4),85.5,3.42,mean(4),85,0.0,mean(4),57.75,7.14,mean(4)
227,1257,"刑事诉讼中的""人"":一种主体性研究",左卫民[1],中国法学,2021,刑法学,70.9,6.21,E1,False,,14.87,5.0,9.87,26.4,13.6,5,6,,0,0,0,,,,,,0,,,,60.75,13.6,mean(4),78.5,1.29,mean(4),51.25,7.5,mean(4),80.5,1.91,mean(4),82.75,1.5,mean(4),79.5,4.2,mean(4)
1140,1258,中国刑事印证理论批判,周洪波[1],法学研究,2015,刑法学,70.88,6.95,E1,False,,15.23,6.67,8.57,29.4,16.3,4,6,,0,0,0,,,,,,0,,,,71,9.02,mean(4),86,2.71,mean(4),35,16.33,mean(4),82.5,3.32,mean(4),82.25,3.1,mean(4),72.5,5.57,mean(4)
293,1259,国际商事仲裁强制性规定适用问题研究,高薇[1],中国法学,2024,国际法学,70.85,10.37,E1,False,,12.7,7.3,5.4,30.4,28.4,5,6,,0,0,0,,,,,,0,,,,67.5,28.43,mean(4),85.25,0.5,mean(4),47.5,5.57,mean(4),79,2.58,mean(4),78.5,1.0,mean(4),78.5,5.74,mean(4)
1151,1260,中国政法体制的规范性原理,黄文艺[1],法学研究,2020,党内法规学,70.82,11.15,E1+E2,True,,15.08,8.47,6.62,30.3,26.7,5,6,,0,0,1,108,70.82,11.15,E1+E2,coverage_minimum,0,,,,55,19.36,median(7) [E1+E2],78.0,3.16,median(8) [E1+E2],59.0,15.1,median(8) [E1+E2],83.5,6.35,median(8) [E1+E2],78.0,8.01,median(8) [E1+E2],76.5,7.47,median(8) [E1+E2]
440,1261,数字金融公平价值的实现路径研究,靳文辉[1],中国法学,2023,经济法学,70.81,6.83,E1,False,,13.5,5.67,7.83,22.8,10.4,5,6,,0,0,0,,,,,,0,,,,58.25,10.44,mean(4),83.25,7.8,mean(4),55.75,5.91,mean(4),80,4.4,mean(4),79,2.0,mean(4),56.75,3.5,mean(4)
200,1262,公序良俗在我国的司法适用研究,蔡唱,中国法学,2016,民商法学,70.78,9.79,E1,False,,15.02,7.62,7.4,28.7,23.8,4,6,,0,0,0,,,,,,0,,,,60.5,23.76,mean(4),82,0.0,mean(4),51.75,11.62,mean(4),76.5,1.73,mean(4),78.25,2.87,mean(4),76.75,5.68,mean(4)
191,1263,公共服务供给权责配置研究,李蕊[1],中国法学,2019,宪法学与行政法学,70.76,8.48,E1,False,,17.27,7.1,10.17,33.6,17.1,4,6,,0,0,0,,,,,,0,,,,56.25,17.06,mean(4),75,0.0,mean(4),69.5,14.75,mean(4),80.75,3.4,mean(4),83,2.16,mean(4),59.25,5.06,mean(4)
326,1264,大规模侵害个人信息高额罚款研究,孙莹[1],中国法学,2020,宪法学与行政法学,70.74,11.68,E1,False,,18.8,10.98,7.82,30.7,19.2,2,6,,0,0,0,,,,,,0,,,,52,19.2,mean(4),65.75,10.28,mean(4),82.5,7.19,mean(4),82.25,3.1,mean(4),67.75,17.21,mean(4),72,8.91,mean(4)
693,1265,行政诉讼司法建议的功能扩张及省思,王云霞[1],中国法学,2022,宪法学与行政法学,70.71,8.38,E1,False,,13.82,7.63,6.18,28.2,19.9,4,6,,0,0,0,,,,,,0,,,,69.75,9.32,mean(4),78.25,6.95,mean(4),47.5,19.94,mean(4),82,3.56,mean(4),83.5,3.7,mean(4),77,2.45,mean(4)
458,1266,新时代发展权救济的法理审思,蒋银华,中国法学,2018,法学理论,70.69,12.9,E1,False,,19.85,10.73,9.12,29.3,18.2,3,6,1-empty-status,0,0,0,,,,,,0,,,,54.5,18.16,mean(4),70,17.49,mean(4),72.25,11.79,mean(4),81.75,6.5,mean(4),76.75,7.46,mean(4),65.75,2.87,mean(4)
1339,1267,司法人工智能的重塑效应及其限度,马长山[1],法学研究,2020,诉讼法学,70.65,12.15,E1,False,,19.75,9.33,10.42,35.4,21.4,3,6,,0,0,0,,,,,,0,,,,60,21.35,mean(4),73.75,14.1,mean(4),57,12.62,mean(4),81,3.83,mean(4),79,1.15,mean(4),67.5,2.89,mean(4)
396,1268,我国继承法自主知识体系的守正与创新,马新彦[1],中国法学,2024,民商法学,70.63,12.59,E1,False,,19.9,10.6,9.3,38.3,33.9,4,6,,0,0,0,,,,,,0,,,,59.75,12.53,mean(4),60.5,33.92,mean(4),74.75,7.8,mean(4),81.25,2.22,mean(4),84.25,1.5,mean(4),76.75,5.68,mean(4)
485,1269,死刑替代措施：一个需要警惕的刑法概念,王志祥[1],中国法学,2015,刑法学,70.63,8.86,E1,False,,20.13,10.23,9.9,35.1,24.6,3,6,,0,0,0,,,,,,0,,,,71.25,14.45,mean(4),78.25,0.96,mean(4),39.75,8.88,mean(4),85.25,5.25,mean(4),72.5,7.14,mean(4),46.25,24.62,mean(4)
889,1270,退休年龄的法理分析及制度安排,林嘉,中国法学,2015,法学理论,70.63,11.36,E1,False,,18.5,9.98,8.52,27.4,19.0,3,6,,0,0,0,,,,,,0,,,,57.5,19.0,mean(4),76.25,3.5,mean(4),54.25,12.74,mean(4),84.25,7.23,mean(4),68.75,14.57,mean(4),78.25,2.87,mean(4)
1495,1271,拼图抑或印证：中国刑事法官事实认定的实践检视,左卫民[1],法学研究,2023,刑法学,70.6,9.19,E1,False,,17.27,7.37,9.9,25.7,20.5,4,6,,0,0,0,,,,,,0,,,,59.25,20.55,mean(4),76.75,1.5,mean(4),61.25,11.93,mean(4),80,1.63,mean(4),80,3.56,mean(4),59.25,5.06,mean(4)
1070,1272,论刑事庭审实质化,汪海燕[1],中国社会科学,2015,诉讼法学,70.49,9.71,E1,False,,17.83,9.27,8.57,27.3,17.3,3,6,,0,0,0,,,,,,0,,,,55.5,17.25,mean(4),70,10.3,mean(4),71.75,2.36,mean(4),84,4.24,mean(4),78.75,4.11,mean(4),50.5,17.25,mean(4)
449,1273,文明转型中权利概念的历史场域与理论范式,张恒山[1],中国法学,2024,法学理论,70.44,7.68,E1,False,,13.65,6.55,7.1,26.9,13.6,4,6,,0,0,0,,,,,,0,,,,56.5,13.63,mean(4),84,2.45,mean(4),55.5,13.08,mean(4),76.25,3.5,mean(4),79,2.0,mean(4),71.75,4.72,mean(4)
656,1274,股东优先购买权“穿透效力”的适用与限制,郑彧[1],中国法学,2015,民商法学,70.41,13.72,E1,False,,17.5,11.2,6.3,28.3,25.1,3,6,,0,0,0,,,,,,0,,,,62.75,22.68,mean(4),67.25,25.05,mean(4),67.5,4.12,mean(4),78.75,2.99,mean(4),87.25,1.5,mean(4),55,10.8,mean(4)
1629,1275,清末《新民丛报》与《民报》论战中的“国民”议题,赖骏楠[1],法学研究,2018,法律史,70.4,11.05,E1,False,,13.57,8.25,5.32,25.0,23.9,4,6,,0,0,0,,,,,,0,,,,70.5,23.87,mean(4),75.25,5.25,mean(4),44.25,10.75,mean(4),85,4.08,mean(4),81.75,2.87,mean(4),76.25,2.5,mean(4)
52,1276,上市公司私有化的监管逻辑与路径选择,李文莉,中国法学,2016,民商法学,70.35,10.25,E1,False,,15.8,7.58,8.22,31.8,21.9,4,6,1-empty-status,0,0,0,,,,,,0,,,,56.25,21.88,mean(4),77.5,4.12,mean(4),58.5,13.4,mean(4),80.5,3.0,mean(4),79.5,1.91,mean(4),71,1.15,mean(4)
195,1277,公司解散纠纷的司法实践和裁判规则改进,耿利航,中国法学,2016,民商法学,70.34,15.63,E1,False,,19.07,11.73,7.33,35.5,25.4,4,6,,0,0,0,,,,,,0,,,,57.75,25.37,mean(4),64.75,24.54,mean(4),68.75,7.46,mean(4),83.25,7.8,mean(4),83,3.46,mean(4),63.5,1.73,mean(4)
1325,1278,劳动者社交媒体言论自由及其限制,谢增毅[1],法学研究,2020,法学理论,70.25,8.31,E1,False,,13.02,6.65,6.37,26.3,18.9,5,6,,0,0,0,,,,,,0,,,,51,18.92,mean(4),73.5,1.73,mean(4),80.75,5.38,mean(4),75.25,3.77,mean(4),81.75,4.5,mean(4),62.5,5.57,mean(4)
297,1279,国际海上班轮货物运输合同中强制性规则的适当性,胡绪雨,中国法学,2016,民商法学,70.21,8.01,E1,False,,12.82,7.2,5.62,21.9,13.5,4,6,1-empty-status,0,0,0,,,,,,0,,,,71.75,13.48,mean(4),80,5.89,mean(4),45,7.02,mean(4),77,5.03,mean(4),75.75,2.87,mean(4),66.75,8.88,mean(4)
508,1280,民法典时代的法治政府建设转型,王青斌[1],中国法学,2022,民商法学,70.04,11.59,E1,False,,15.45,9.0,6.45,27.5,21.6,3,6,,0,0,0,,,,,,0,,,,54.25,21.58,mean(4),72,12.83,mean(4),62.75,10.18,mean(4),84.5,3.0,mean(4),86,2.0,mean(4),60,4.4,mean(4)
401,1281,我国证券集体诉讼的制度创制与初步实践研究,焦津洪[1],中国法学,2023,民商法学,70.01,12.55,E1,False,,17.58,11.82,5.77,28.6,22.8,2,6,,0,0,0,,,,,,0,,,,50.75,22.78,mean(4),82,3.56,mean(4),53.25,9.95,mean(4),86.75,6.7,mean(4),70.5,15.61,mean(4),73.75,12.28,mean(4)
1117,1282,《新加坡调解公约》在中国的批准与实施,孙南翔,法学研究,2021,国际法学,69.99,9.31,E1,False,,18.92,9.12,9.8,28.0,14.5,2,6,,0,0,0,,,,,,0,,,,61.5,14.55,mean(4),77.25,3.59,mean(4),61.25,9.46,mean(4),73.5,5.8,mean(4),75.5,11.7,mean(4),57.5,9.57,mean(4)
1249,1283,全球知识产权治理博弈的深层话语构造:中国范式和中国路径,邵科[1],法学研究,2021,知识产权法学,69.96,6.2,E1,False,,11.03,5.57,5.47,21.1,10.8,4,6,,0,0,0,,,,,,0,,,,60.5,10.85,mean(4),87,2.45,mean(4),47.75,2.06,mean(4),83.75,5.06,mean(4),72.5,9.71,mean(4),80.25,3.3,mean(4)
178,1284,免罚清单的实证与法理,张淑芳[1],中国法学,2022,宪法学与行政法学,69.87,6.73,E1,False,,16.92,6.22,10.7,29.0,8.5,5,6,,0,0,0,,,,,,0,,,,57,8.54,mean(3),62,5.72,mean(4),68.25,4.72,mean(4),77,7.94,mean(3),81.5,4.04,mean(4),81.75,6.5,mean(4)
1049,1285,网络空间主权的治理模式及其制度构建,张新宝;许可,中国社会科学,2016,国际法学,69.84,6.93,E1,False,,11.45,6.35,5.1,20.4,9.2,4,6,,0,0,0,,,,,,0,,,,47.33,6.81,mean(3),87.33,8.08,mean(3),72.67,9.24,mean(3),84,6.93,mean(3),81.25,2.99,mean(4),64.5,4.12,mean(4)
872,1286,质疑法定资本制之改革,蒋大兴,中国法学,2015,民商法学,69.82,10.05,E1,False,,22.43,10.77,11.67,33.5,26.7,3,6,,0,0,0,,,,,,0,,,,50.5,17.82,mean(4),77.5,4.12,mean(4),70,1.63,mean(4),82.5,8.54,mean(4),75.75,5.91,mean(4),46,26.73,mean(4)
611,1287,税收法定视域中的地方税收立法权,苗连营,中国法学,2016,宪法学与行政法学,69.81,12.68,E1,False,,19.55,11.28,8.27,26.7,21.5,3,6,,0,0,0,,,,,,0,,,,58.75,21.5,mean(4),71.25,5.38,mean(4),53.75,14.36,mean(4),84.25,4.35,mean(4),72.5,20.6,mean(4),75.75,1.5,mean(4)
80,1288,中国反腐败立法的战略转型及其体系化构建,"刘艳红[1,2]",中国法学,2016,刑法学,69.74,8.61,E1,False,,15.18,7.42,7.77,25.9,14.1,4,6,,0,0,0,,,,,,0,,,,50.25,14.06,mean(4),76.75,11.47,mean(4),70,6.32,mean(4),79,2.0,mean(4),80,4.4,mean(4),74,6.16,mean(4)
265,1289,司法改革试点再认识：与实验研究方法的比较与启示,何挺,中国法学,2018,诉讼法学,69.72,14.69,E1,False,,19.82,12.8,7.02,32.3,23.5,2,6,,0,0,0,,,,,,0,,,,62.25,18.19,mean(4),57.5,21.02,mean(4),60.25,23.5,mean(4),87.5,2.38,mean(4),77.5,8.81,mean(4),78.25,2.87,mean(4)
524,1290,气候共同体责任分担的法理,徐祥民[1],中国法学,2023,法学理论,69.68,12.89,E1,False,,21.22,10.38,10.83,29.5,23.4,3,6,,0,0,0,,,,,,0,,,,63,17.4,mean(4),54.25,23.36,mean(4),71.5,11.09,mean(4),81,3.83,mean(4),75.25,4.72,mean(4),69.5,1.91,mean(4)
972,1291,司法公信力的理性解释与建构,胡铭[1],中国社会科学,2015,刑法学,69.68,6.07,E1,False,,15.2,4.83,10.37,21.6,10.8,5,6,,0,0,0,,,,,,0,,,,54.25,10.75,mean(4),79,6.56,mean(3),53,3.46,mean(4),83.25,3.5,mean(4),76.5,1.73,mean(4),74.25,2.87,mean(4)
1414,1292,夫妻财产制与财产法规则的冲突与协调,裴桦,法学研究,2017,民商法学,69.68,9.06,E1,False,,15.83,7.77,8.07,28.0,14.1,4,6,,0,0,0,,,,,,0,,,,55,14.14,mean(4),62.5,6.61,mean(4),70.5,12.23,mean(4),85.5,5.0,mean(4),84.5,4.51,mean(4),79.5,4.2,mean(4)
603,1293,社会诚信机制基层运用的实践逻辑,陈柏峰[1],中国法学,2022,法学理论,69.66,10.64,E1,False,,14.18,8.62,5.57,21.1,15.9,3,6,,0,0,0,,,,,,0,,,,64.75,15.95,mean(4),61.75,10.08,mean(4),52.25,14.75,mean(4),85.25,6.9,mean(4),82.5,1.0,mean(4),78.75,2.99,mean(4)
665,1294,舆论场内的司法自洽性研究：以李昌奎案的模拟实验分析为介质,"李奋飞[1,2]",中国法学,2016,诉讼法学,69.66,9.0,E1,False,,16.48,7.82,8.67,26.1,16.0,4,6,,0,0,0,,,,,,0,,,,64.75,10.37,mean(4),53.75,16.01,mean(4),71.25,6.4,mean(4),83.25,5.68,mean(4),79.25,3.4,mean(4),52.5,5.0,mean(4)
474,1295,构建认定行政违法前置的行政犯追诉启动模式,张泽涛[1],中国法学,2021,刑法学,69.62,16.66,E1,False,,24.57,15.12,9.45,42.4,35.1,2,6,,0,0,0,,,,,,0,,,,64.5,17.82,mean(4),51.75,35.1,mean(4),71.5,14.48,mean(4),85.25,5.25,mean(4),83.25,3.5,mean(4),41.5,14.48,mean(4)
1905,1296,中央授权地方改革的法治模式,李少文[1],中国法学,2025,宪法学与行政法学,69.51,7.81,E1,False,,14.77,7.38,7.38,21.5,12.3,3,6,,0,0,0,,,,,,0,,,,53.75,11.79,mean(4),75,3.46,mean(4),61.75,8.3,mean(4),80.75,4.57,mean(4),76.25,12.34,mean(4),75.25,3.77,mean(4)
358,1297,平台组织内网络企业对个人信息保护的信义义务,吴伟光[1],中国法学,2021,民商法学,69.49,10.92,E1,False,,20.12,10.15,9.97,29.7,21.7,3,6,,0,0,0,,,,,,0,,,,60.5,21.75,mean(4),79.75,3.5,mean(4),52.75,16.15,mean(4),76.75,1.5,mean(4),83.75,1.5,mean(4),49.25,16.5,mean(4)
1338,1298,司法“去地方化”改革反思,丁亮华[1],法学研究,2023,诉讼法学,69.49,9.97,E1,False,,13.87,7.73,6.13,27.0,21.8,4,6,,0,0,0,,,,,,0,,,,68,21.8,mean(4),84.75,1.89,mean(4),33.75,14.93,mean(4),83.25,1.5,mean(4),83.75,3.95,mean(4),68.25,2.36,mean(4)
232,1299,刑事诉讼数据处理的全流程监管,郑曦,中国法学,2024,诉讼法学,69.4,8.83,E1,False,,15.18,6.88,8.3,25.3,19.3,5,6,,0,0,0,,,,,,0,,,,50.5,19.26,mean(4),58.75,4.79,mean(4),83.25,7.63,mean(4),85.25,2.5,mean(4),81,2.0,mean(4),60.75,5.06,mean(4)
1355,1300,唐律中的“余条准此”考辨,刘晓林,法学研究,2017,法律史,69.38,10.42,E1,False,,20.27,9.27,11.0,28.7,16.5,2,6,,0,0,0,,,,,,0,,,,56.25,16.52,mean(4),79,7.62,mean(4),55,8.16,mean(4),81.75,8.3,mean(4),73.25,6.18,mean(4),45.5,8.81,mean(4)
904,1301,集体经营性建设用地“同等入市”的法制革新,温世扬,中国法学,2015,环境与资源保护法学,69.34,11.06,E1,False,,18.55,8.83,9.72,30.3,19.9,4,6,1-empty-status,0,0,0,,,,,,0,,,,58.75,19.89,mean(4),72.75,12.09,mean(4),53.75,6.29,mean(4),80.75,4.72,mean(4),73.5,5.8,mean(4),74,4.24,mean(4)
1005,1302,数字平台的反垄断监管,孙晋,中国社会科学,2021,经济法学,69.29,8.03,E1,False,,17.17,6.97,10.2,21.0,14.7,5,6,,0,0,0,,,,,,0,,,,55,14.72,mean(4),76,4.24,mean(4),50,5.77,mean(4),77.25,5.12,mean(4),77,5.6,mean(4),81.5,6.35,mean(4)
1292,1303,刑事司法公平正义感受的主观程序正义框架与测度——以2015,2023年全国调查数据为基础,法学研究,2024,刑法学,69.21,8.51,E1,False,,15.6,6.62,8.98,26.9,16.7,5,6,,0,0,0,,,,,,0,,,,57.5,16.66,mean(4),82.5,3.79,mean(4),51.5,7.51,mean(4),74,6.16,mean(4),78.25,2.36,mean(4),72.5,3.11,mean(4)
755,1304,论刑事诉讼法的法典化,陈卫东[1],中国法学,2021,刑法学,69.19,12.91,E1,False,,20.32,9.97,10.35,32.8,22.2,3,6,,0,0,0,,,,,,0,,,,63,22.18,mean(4),61,13.34,mean(4),55.75,14.91,mean(4),84,4.9,mean(4),81.25,2.99,mean(4),74.25,1.5,mean(4)
1069,1305,论公安侦查权与行政权的衔接,张泽涛[1],中国社会科学,2019,刑法学,69.15,11.74,E1,False,,18.53,9.65,8.88,27.9,17.7,3,6,,0,0,0,,,,,,0,,,,57.75,17.67,mean(4),72.75,15.28,mean(4),59,10.98,mean(4),77.5,5.57,mean(4),78.5,4.04,mean(4),73.25,4.27,mean(4)
478,1306,检察官办案责任制相关问题研究,"龙宗智[1,2]",中国法学,2015,诉讼法学,69.13,16.33,E1,False,,25.43,14.12,11.32,43.0,39.8,3,6,1-empty-status,0,0,0,,,,,,0,,,,65.25,13.89,mean(4),58.75,39.78,mean(4),53.25,20.61,mean(4),84.5,3.32,mean(4),82.25,2.06,mean(4),72.5,5.0,mean(4)
1358,1307,商标法法律事实确定的语境论方法,王太平[1],法学研究,2023,知识产权法学,69.13,9.05,E1,False,,13.13,6.42,6.72,25.7,21.7,5,6,,0,0,0,,,,,,0,,,,48.5,21.75,mean(4),78.5,4.73,mean(4),75.75,5.91,mean(4),85.75,1.5,mean(4),82.75,3.2,mean(4),63.25,1.5,mean(4)
1648,1308,电子证据的关联性,刘品新,法学研究,2016,诉讼法学,69.1,4.84,E1,False,,13.42,4.63,8.78,19.7,5.9,6,6,,0,0,0,,,,,,0,,,,47,5.42,mean(4),74,5.89,mean(4),83.25,3.59,mean(4),86.75,4.27,mean(4),86.75,4.27,mean(4),76.75,4.27,mean(4)
1197,1309,从税收法定到税收法治的实践进阶——以进一步落实税收法定原则为中心,张婉苏[1],法学研究,2023,经济法学,69.04,7.11,E1,False,,12.93,5.48,7.45,22.0,16.6,4,6,,0,0,0,,,,,,0,,,,53.5,16.62,mean(4),77.25,1.71,mean(4),50.25,9.18,mean(4),85.5,0.58,mean(4),81.5,1.0,mean(4),77.5,3.79,mean(4)
381,1310,我国成文法体制下不同属性判例的功能定位,顾培东[1],中国法学,2021,法学理论,68.91,13.58,E1,False,,16.92,10.6,6.32,26.4,21.9,3,6,,0,0,0,,,,,,0,,,,53,21.89,mean(4),63,17.4,mean(4),69.5,17.41,mean(4),85.5,3.32,mean(4),85.75,1.5,mean(4),77.75,2.06,mean(4)
1469,1311,我国刑事诉讼中的检察院证明责任减轻制度,艾明[1],法学研究,2025,诉讼法学,68.9,9.26,E1,False,,15.22,8.62,6.6,26.6,19.5,3,6,,0,0,0,,,,,,0,,,,56,12.3,mean(4),64.25,5.91,mean(4),63.75,19.47,mean(4),84,2.31,mean(4),76.5,8.35,mean(4),79.25,3.4,mean(4)
405,1312,我国逮捕制度改革检讨,刘计划[1],中国法学,2019,刑法学,68.88,14.71,E1,False,,26.55,15.37,11.18,34.4,29.9,1,6,,0,0,0,,,,,,0,,,,61.25,24.81,mean(4),64.25,8.1,mean(4),61.5,13.7,mean(4),77.75,5.32,mean(4),70.25,10.37,mean(4),62.75,29.9,mean(4)
1646,1313,电子数据在刑事证据体系中的定位与审查判断规则,,法学研究,2019,诉讼法学,68.87,10.37,E1,False,,16.78,8.78,8.0,25.8,16.6,3,6,,0,0,0,,,,,,0,,,,65,14.35,mean(4),50.75,14.1,mean(4),58.25,16.58,mean(4),79.5,1.91,mean(4),87.5,1.73,mean(4),80.25,4.03,mean(4)
7,1314,“一带一路”建设与公司准据法的确定,邢钢,中国法学,2017,国际法学,68.84,9.39,E1,False,,17.75,7.72,10.03,27.9,14.1,4,6,,0,0,0,,,,,,0,,,,55,14.14,mean(4),69.25,7.8,mean(4),61.75,12.47,mean(4),81.75,6.95,mean(4),83.25,1.5,mean(4),73.75,3.5,mean(4)
197,1315,公司软法定位及其与公司法的衔接,王兰[1],中国法学,2021,民商法学,68.82,8.4,E1,False,,16.12,8.42,7.7,24.0,12.9,3,6,,0,0,0,,,,,,0,,,,48,12.08,mean(4),78.25,4.65,mean(4),77,11.17,mean(4),84.5,5.51,mean(4),81,4.24,mean(4),60,12.91,mean(4)
337,1316,定罪与量刑证明一分为二论,吕泽华,中国法学,2015,刑法学,68.79,12.78,E1,False,,18.3,14.0,4.3,30.0,20.8,2,6,,0,0,0,,,,,,0,,,,55.25,18.46,mean(4),79.5,1.91,mean(4),50,20.82,mean(4),84,4.24,mean(4),72.5,19.09,mean(4),53.75,19.47,mean(4)
161,1317,依法治国语境下检察机关的性质与职权,魏晓娜,中国法学,2018,诉讼法学,68.78,11.88,E1,False,,20.57,10.55,10.02,34.2,21.7,3,6,,0,0,0,,,,,,0,,,,52.75,17.52,mean(4),78.75,5.38,mean(4),56.25,21.65,mean(4),79.5,5.97,mean(4),85.25,9.43,mean(4),69.75,3.3,mean(4)
1425,1318,宋代故事:一种遵循先例制度的考察,张德美[1],法学研究,2021,法律史,68.78,7.48,E1,False,,15.28,6.73,8.55,24.9,10.8,3,6,,0,0,0,,,,,,0,,,,45.5,9.54,mean(4),84.25,8.5,mean(4),75.75,10.75,mean(4),83,3.83,mean(4),78.75,2.99,mean(4),51.25,4.79,mean(4)
1443,1319,家庭法与民法知识谱系的分立,刘征峰,法学研究,2017,民商法学,68.78,11.38,E1,False,,18.57,12.5,6.07,33.6,29.0,2,6,,0,0,0,,,,,,0,,,,58.5,13.4,mean(4),87.5,3.32,mean(4),48.75,15.78,mean(4),80.5,5.0,mean(4),61.5,29.03,mean(4),54.75,8.46,mean(4)
642,1320,网络借贷平台法律监管研究,冯辉,中国法学,2017,经济法学,68.76,13.46,E1,False,,19.37,11.57,7.8,33.8,20.7,3,6,,0,0,0,,,,,,0,,,,63,15.9,mean(4),51.5,20.73,mean(4),65,20.03,mean(4),84.75,4.72,mean(4),75.25,3.77,mean(4),75.75,4.35,mean(4)
1257,1321,公共性视角下的互联网平台反垄断规制,张晨颖[1],法学研究,2021,经济法学,68.76,12.07,E1,False,,18.93,9.25,9.68,28.2,23.2,4,6,,0,0,0,,,,,,0,,,,57,23.19,mean(4),56.75,12.31,mean(4),69,6.63,mean(4),85.5,5.45,mean(4),80.75,3.4,mean(4),67.25,4.57,mean(4)
585,1322,生成式人工智能训练语料的个人信息保护研究,"张新宝[1,2]",中国法学,2024,民商法学,68.75,11.43,E1,False,,17.13,11.18,5.95,23.5,21.2,2,6,,0,0,0,,,,,,0,,,,61.25,11.93,mean(4),56.75,14.22,mean(4),59.75,21.23,mean(4),86,1.41,mean(4),75.25,12.37,mean(4),77,6.0,mean(4)
173,1323,健康权的规范构造,陈云良[1],中国法学,2019,环境与资源保护法学,68.71,8.55,E1,False,,15.48,7.08,8.4,24.7,14.7,3,6,,0,0,0,,,,,,0,,,,50,14.72,mean(4),72.75,8.3,mean(4),75,8.87,mean(4),75.25,2.5,mean(4),74.5,4.73,mean(4),74.75,3.4,mean(4)
1066,1324,论人权普遍性的相对性,毛俊响[1],中国社会科学,2025,法学理论,68.66,2.68,E1,False,,9.65,3.12,6.53,19.8,6.8,6,6,,0,0,0,,,,,,0,,,,50,0.0,mean(4),87.5,3.32,mean(4),50.75,6.75,mean(4),82.75,3.3,mean(4),86.25,1.5,mean(4),58.75,3.77,mean(4)
895,1325,酌定不起诉制度的再考查,郭烁,中国法学,2018,诉讼法学,68.6,4.87,E1,False,,13.07,4.3,8.77,22.6,9.5,5,6,1-empty-status,0,0,0,,,,,,0,,,,73,9.45,mean(4),76.75,1.5,mean(4),43.75,2.5,mean(4),72.5,4.12,mean(4),81.5,2.52,mean(4),66.75,5.68,mean(4)
1040,1326,科学不确定性背景下的环境正义——基于转基因生物安全问题的讨论,王明远[1];金峰[2],中国社会科学,2017,法学理论,68.53,7.36,E1,False,,16.05,6.55,9.5,24.5,15.2,4,6,,0,0,0,,,,,,0,,,,62.25,15.2,mean(4),76.5,5.97,mean(4),49.5,3.32,mean(4),84.25,1.5,mean(4),78.25,2.87,mean(4),72.5,10.41,mean(4)
704,1327,认罪认罚从宽制度的若干争议问题,陈瑞华,中国法学,2017,刑法学,68.44,9.67,E1,False,,13.92,7.47,6.45,26.6,20.4,4,6,,0,0,0,,,,,,0,,,,67.5,20.44,mean(4),67.25,4.57,mean(4),49.5,4.2,mean(4),85.25,5.25,mean(4),78.5,8.58,mean(4),86,1.73,mean(3)
25,1328,“技术—组织”互动论视角下的中国智慧司法,郑智航[1],中国法学,2023,诉讼法学,68.43,6.84,E1,False,,15.07,8.7,6.37,21.7,19.2,3,6,,0,0,0,,,,,,0,,,,54.25,5.68,mean(4),79.5,1.91,mean(4),59.25,12.61,mean(4),77,2.0,mean(4),70.25,19.22,mean(4),46,10.83,mean(4)
572,1329,环境民事公私益诉讼并行审理的困境与出路,张旭东,中国法学,2018,环境与资源保护法学,68.43,11.22,E1,False,,19.48,10.9,8.58,32.8,21.7,3,6,,0,0,0,,,,,,0,,,,65.75,9.88,mean(4),48,21.74,mean(4),75.25,5.25,mean(4),87.75,5.06,mean(4),73.5,18.7,mean(4),71.75,4.72,mean(4)
1116,1330,《巴黎协定》下国家自主贡献的双重义务模式,陈贻健[1],法学研究,2023,环境与资源保护法学,68.43,9.14,E1,False,,16.52,7.38,9.13,25.0,16.0,4,6,,0,0,0,,,,,,0,,,,56,16.04,mean(4),67.25,7.37,mean(4),60.75,11.79,mean(4),81.25,2.99,mean(4),82.75,3.59,mean(4),79.25,2.5,mean(4)
369,1331,我国《证券法》上证券概念的扩大及其边界,邢会强[1],中国法学,2019,民商法学,68.41,11.42,E1,False,,18.85,9.53,9.32,25.9,21.2,3,6,,0,0,0,,,,,,0,,,,53,21.2,mean(4),67.75,5.06,mean(4),73,9.63,mean(4),76,7.07,mean(4),76,9.52,mean(4),78.25,4.72,mean(4)
11,1332,“以刑制罪”视阈下财产罪保护法益的再认识,徐光华,中国法学,2016,刑法学,68.35,11.54,E1,False,,15.43,10.43,4.99,25.51,18.7,3,6,1-empty-status,0,0,0,,,,,,0,,,,65.75,18.66,mean(4),82,5.66,mean(4),32.5,15.2,mean(4),85.5,5.07,mean(4),73,12.57,mean(4),67.5,5.26,mean(4)
1462,1333,当代中国法治共识的形成及法治再启蒙,顾培东,法学研究,2017,法学理论,68.35,10.27,E1,False,,12.53,8.87,3.67,24.6,15.0,2,6,,0,0,0,,,,,,0,,,,57,14.99,mean(4),83.25,6.7,mean(4),49,9.42,mean(4),85,9.9,mean(2),76,8.68,mean(4),73.75,3.5,mean(4)
549,1334,法律适用中理由和观点的关系:局外观察视角,刘星[1],中国法学,2020,法学理论,68.31,11.1,E1,False,,24.08,10.58,13.5,35.9,25.5,3,6,,0,0,0,,,,,,0,,,,56.25,14.36,mean(4),72,4.32,mean(4),55.25,25.53,mean(4),84,6.16,mean(4),76.75,4.27,mean(4),54.5,8.81,mean(4)
595,1335,知道规则的内在逻辑与科学分类,张继成[1],中国法学,2022,法学理论,68.29,10.0,E1,False,,15.32,8.32,7.0,26.5,17.8,4,6,,0,0,0,,,,,,0,,,,57.75,14.24,mean(4),49.75,17.8,mean(4),88.5,4.04,mean(4),87.5,4.12,mean(4),80.5,5.0,mean(4),68.75,4.79,mean(4)
352,1336,寻衅滋事罪的法教义学形象：以起哄闹事为中心展开,陈兴良[1],中国法学,2015,刑法学,68.28,12.68,E1,False,,18.77,11.07,7.7,32.1,22.9,3,6,,0,0,0,,,,,,0,,,,58.75,22.87,mean(4),64.25,6.99,mean(4),51.75,17.93,mean(4),86.25,4.19,mean(4),83.25,3.5,mean(4),61.75,10.9,mean(4)
841,1337,论网络法权构建中的主体性原则,陈璞,中国法学,2018,民商法学,68.26,9.64,E1,False,,20.53,7.7,12.83,32.8,16.6,4,6,5-boundary-only,0,0,0,,,,,,0,,,,58.75,16.6,mean(4),62.5,7.59,mean(4),65,10.13,mean(4),78,5.72,mean(4),82.5,3.32,mean(4),77.5,2.89,mean(4)
592,1338,相对集中行政处罚权改革研究,王敬波,中国法学,2015,宪法学与行政法学,68.22,11.2,E1,False,,19.4,10.15,9.25,30.9,19.5,3,6,1-empty-status,0,0,0,,,,,,0,,,,64.5,11.45,mean(4),53,18.85,mean(4),56.25,19.47,mean(4),85.25,2.5,mean(4),81.25,2.99,mean(4),77.5,5.57,mean(4)
1659,1339,知识产权国际博弈与中国话语的价值取向,吕炳斌[1],法学研究,2022,知识产权法学,68.21,7.08,E1,False,,13.23,5.68,7.55,15.3,11.6,4,6,,0,0,0,,,,,,0,,,,51.75,11.64,mean(4),77.25,11.59,mean(4),53,2.45,mean(4),82.5,2.89,mean(4),85,0.82,mean(4),67,4.76,mean(4)
210,1340,再论辩护律师向犯罪嫌疑人、被告人核实证据,朱孝清,中国法学,2018,诉讼法学,68.1,13.09,E1,False,,21.57,10.92,10.65,38.8,21.4,3,6,,0,0,0,,,,,,0,,,,60.75,17.39,mean(4),63.75,21.36,mean(4),60.75,11.18,mean(4),76.25,6.65,mean(4),82.25,3.1,mean(4),72,5.72,mean(4)
1851,1341,论电子证据体系原理,刘品新[1],法学研究,2025,诉讼法学,68.07,8.48,E1,False,,12.45,7.17,5.28,21.3,17.2,4,6,,0,0,0,,,,,,0,,,,49.75,14.29,mean(4),68.75,2.99,mean(4),74.25,17.15,mean(4),90.25,3.5,mean(4),86.75,1.5,mean(4),75,3.46,mean(4)
447,1342,整体主义视角下公司法的理念调适与体系重塑,冯果[1],中国法学,2021,民商法学,67.94,7.29,E1,False,,16.55,5.82,10.73,36.0,14.3,5,6,,0,0,0,,,,,,0,,,,49.5,14.29,mean(4),78.5,4.51,mean(4),71,6.63,mean(4),82.75,3.59,mean(4),84.5,1.73,mean(4),79.5,4.2,mean(4)
1868,1343,人工智能综合性立法及其实现,周辉[1],法学研究,2025,法学理论,67.94,13.14,E1,False,,16.62,12.02,4.6,30.2,25.3,3,6,,0,0,0,,,,,,0,,,,48.75,23.94,mean(4),82.5,2.89,mean(4),62.5,25.32,mean(4),86.25,3.5,mean(4),86.25,1.26,mean(4),62.5,15.18,mean(4)
1033,1344,知识产权法域外适用的制度构造,万勇[1],中国社会科学,2024,知识产权法学,67.91,11.91,E1,False,,16.18,9.15,7.03,33.1,28.1,4,6,,0,0,0,,,,,,0,,,,54.25,15.54,mean(4),66.75,28.15,mean(4),63,2.45,mean(4),80.5,4.8,mean(4),86.5,1.73,mean(4),78.25,2.36,mean(4)
740,1345,论全球治理体系中的国内法院,霍政欣,中国法学,2018,民商法学,67.88,5.13,E1,False,,12.4,4.75,7.65,15.6,9.2,5,6,,0,0,0,,,,,,0,,,,50.75,5.06,mean(4),62.5,9.18,mean(4),70.5,6.61,mean(4),84.25,1.71,mean(4),79.5,3.0,mean(4),75.75,2.87,mean(4)
45,1346,《刑事诉讼法》再修改之证据制度完善,张保生[1],中国法学,2024,诉讼法学,67.85,14.04,E1,False,,19.88,10.95,8.93,31.6,25.7,3,6,,0,0,0,,,,,,0,,,,56.75,25.67,mean(4),57.5,13.33,mean(4),54,20.51,mean(4),84,1.41,mean(4),86,1.41,mean(4),80.75,3.4,mean(4)
1597,1347,法律继受中的“制度器物化”批判——以近代中国司法制度设计思路为中心,李启成,法学研究,2016,法律史,67.84,9.02,E1,False,,16.05,7.9,8.15,29.8,15.8,4,6,,0,0,0,,,,,,0,,,,50,13.54,mean(4),82.5,7.14,mean(4),51.75,15.78,mean(4),79.25,2.5,mean(4),78.5,4.73,mean(4),72.75,3.77,mean(4)
360,1348,应对灵活用工的劳动法制度重构,涂永前,中国法学,2018,经济法学,67.79,15.36,E1,False,,22.95,13.55,9.4,33.5,29.2,1,6,1-empty-status,0,0,0,,,,,,0,,,,61.75,14.22,mean(4),62,29.2,mean(4),62,12.99,mean(4),74.25,9.74,mean(4),72.5,11.9,mean(4),67.5,3.32,mean(4)
873,1349,贪污受贿犯罪定罪量刑标准问题研究,赵秉志[1],中国法学,2015,刑法学,67.75,10.72,E1,False,,17.28,9.7,7.58,25.5,15.5,3,6,,0,0,0,,,,,,0,,,,58.75,14.93,mean(4),64.5,10.54,mean(4),53.75,15.48,mean(4),82.25,4.35,mean(4),83,5.77,mean(4),78.25,7.23,mean(4)
1573,1350,民法典总则编“法律行为”一章学者建议稿的编写说明,孙宪忠[1],法学研究,2015,民商法学,67.71,11.23,E1,False,,20.63,10.28,10.35,33.8,20.3,3,6,,0,0,0,,,,,,0,,,,52.5,20.27,mean(4),76.75,3.95,mean(4),57,16.1,mean(4),76.75,4.27,mean(4),81.75,4.72,mean(4),70,12.36,mean(4)
745,1351,论公司法的宪法基础,陈嘉白[1],中国法学,2025,宪法学与行政法学,67.69,10.79,E1,False,,14.07,9.1,4.97,26.6,20.1,4,6,,0,0,0,,,,,,0,,,,51.75,20.06,mean(4),80.75,4.43,mean(4),58.75,16.6,mean(4),76.75,3.95,mean(4),84.25,2.63,mean(4),54.25,6.99,mean(4)
509,1352,民法典的编纂与商事立法,赵旭东,中国法学,2016,民商法学,67.63,10.03,E1,False,,15.27,8.9,6.37,24.7,16.5,4,6,,0,0,0,,,,,,0,,,,63.75,16.52,mean(4),84.25,4.35,mean(4),36.75,14.22,mean(4),80,5.77,mean(4),73.5,5.8,mean(4),68,6.78,mean(4)
621,1353,简牍所见秦县少吏研究,朱腾,中国法学,2017,法律史,67.57,12.28,E1,False,,20.72,12.32,8.4,29.0,20.2,3,6,,0,0,0,,,,,,0,,,,53.5,17.82,mean(4),78,5.72,mean(4),51.25,20.22,mean(4),82,7.12,mean(4),76.25,3.5,mean(4),52,19.65,mean(4)
130,1354,互联网金融风险规制路径,"杨东[1,2]",中国法学,2015,经济法学,67.54,10.65,E1,False,,21.8,9.98,11.82,32.1,14.1,1,6,,0,0,0,,,,,,0,,,,50.75,14.1,mean(4),70.5,10.85,mean(4),69.25,6.75,mean(4),75.75,8.88,mean(4),69.25,9.91,mean(4),68.75,9.43,mean(4)
1565,1355,民众对司法判决的认同与信赖——基于认知实验的研究,林喜芬[1];陈齐等[2];秦裕林[1],法学研究,2024,法学理论,67.46,9.35,E1,False,,16.45,8.7,7.75,34.2,27.9,4,6,,0,0,0,,,,,,0,,,,50.5,12.82,mean(4),73.75,2.06,mean(4),62.25,27.93,mean(4),77.75,2.06,mean(4),79,2.58,mean(4),68.25,4.72,mean(4)
1512,1356,数字证据及其阶梯式分类审查机制,郑飞[1],法学研究,2024,诉讼法学,67.4,13.24,E1,False,,17.47,10.15,7.32,33.6,26.8,3,6,,0,0,0,,,,,,0,,,,45.5,26.79,mean(4),72.5,11.59,mean(4),81.25,3.77,mean(4),84.75,5.74,mean(4),73.5,10.38,mean(4),81.5,2.65,mean(4)
1497,1357,援引法定刑的刑法解释——以马乐利用未公开信息交易案为例,孙谦,法学研究,2016,刑法学,67.32,13.3,E1,False,,22.1,12.03,10.07,33.7,24.7,2,6,,0,0,0,,,,,,0,,,,64,12.65,mean(4),50.5,24.72,mean(4),58.5,13.4,mean(4),87.25,5.85,mean(4),80,12.08,mean(4),58.33,3.51,mean(3)
1110,1358,“御史监察”的历史构造与运转实效,明辉[1],法学研究,2020,法律史,67.28,9.49,E1,False,,18.68,8.48,10.2,29.3,14.6,3,6,,0,0,0,,,,,,0,,,,71.67,14.57,mean(3),51,9.2,mean(4),63.25,9.95,mean(4),71.5,4.04,mean(4),65.25,6.5,mean(4),59.75,6.65,mean(4)
673,1359,行政判决中比例原则的适用,刘权[1],中国法学,2019,法学理论,67.27,13.08,E1,False,,18.48,10.23,8.25,29.7,21.0,4,6,,0,0,0,,,,,,0,,,,57.25,21.0,mean(4),56.25,20.56,mean(4),60.67,5.13,mean(3),85.5,7.0,mean(4),78.25,2.36,mean(4),75,5.29,mean(4)
1882,1360,开放创新范式下知识产权权利功能重解,李永明[1],中国法学,2025,知识产权法学,67.21,10.35,E1,False,,19.8,9.42,10.38,33.5,25.3,3,6,,0,0,0,,,,,,0,,,,55.5,9.54,mean(4),55.5,25.25,mean(4),67.5,8.81,mean(4),83.5,1.73,mean(4),81,4.24,mean(4),67.25,6.99,mean(4)
1570,1361,民法典与民事诉讼法的连接与统合——从民事诉讼法视角看民法典的编纂,张卫平,法学研究,2016,诉讼法学,67.19,11.63,E1,False,,22.45,11.15,11.3,36.5,22.0,3,6,,0,0,0,,,,,,0,,,,50,7.07,mean(4),61.75,22.04,mean(4),58.75,14.93,mean(4),83.5,7.85,mean(4),74,10.83,mean(4),84,4.24,mean(4)
978,1362,商法一般条款的类型化适用,杨;峰[1],中国社会科学,2022,民商法学,67.18,8.32,E1,False,,16.73,10.03,6.7,23.0,21.5,3,6,,0,0,0,,,,,,0,,,,51.67,10.41,mean(3),62.25,7.14,mean(4),76,4.9,mean(4),80.25,3.3,mean(4),74.25,12.97,mean(4),51.25,21.5,mean(4)
1444,1363,对中国系统论宪法学的反思,陈运生,法学研究,2021,宪法学与行政法学,67.18,7.39,E1,False,,12.62,6.82,5.8,27.0,16.9,4,6,,0,0,0,,,,,,0,,,,62.5,16.86,mean(4),79.25,0.96,mean(4),42,5.72,mean(4),81,2.0,mean(4),78.25,2.36,mean(4),40,12.91,mean(4)
296,1364,国际法视野下的中国国有企业改革,韩立余[1],中国法学,2019,国际法学,67.15,15.98,E1,False,,20.15,13.42,6.73,39.4,36.9,3,6,,0,0,0,,,,,,0,,,,56.25,16.52,mean(4),61.75,36.9,mean(4),65,9.63,mean(4),77.75,7.04,mean(4),84,5.42,mean(4),72.25,5.06,mean(4)
806,1365,论检察一体化,张智辉[1],中国法学,2023,诉讼法学,67.07,11.2,E1,False,,17.32,9.73,7.58,29.8,22.5,3,6,,0,0,0,,,,,,0,,,,66.75,22.47,mean(4),74.5,4.93,mean(4),43.25,3.95,mean(4),78,8.72,mean(3),78,4.32,mean(4),65,14.14,mean(4)
1682,1366,纪检监察机关大数据监督的规范化与制度构建,杨建军[1],法学研究,2022,民商法学,67.06,8.3,E1,False,,13.12,6.17,6.95,26.0,19.6,5,6,,0,0,0,,,,,,0,,,,50,19.58,mean(4),65.5,5.51,mean(4),55,2.45,mean(4),82,3.27,mean(4),85,0.0,mean(4),81,6.16,mean(4)
573,1367,环境法体系化的范式转向及其实现,杜辉[1],中国法学,2025,环境与资源保护法学,67.03,12.38,E1,False,,19.3,11.35,7.95,32.4,26.9,4,6,,0,0,0,,,,,,0,,,,46.25,26.89,mean(4),81,6.83,mean(4),66,6.93,mean(4),85,2.45,mean(4),87,3.37,mean(4),68.25,21.7,mean(4)
1245,1368,党政联合发文的制度逻辑及其规范化问题,封丽霞,法学研究,2021,党内法规学,66.97,12.55,E1+E2,True,,20.9,13.28,7.62,38.5,27.9,3,6,,0,0,1,109,66.97,12.55,E1+E2,coverage_minimum,0,,,,55.0,12.82,median(8) [E1+E2],65.0,20.51,median(8) [E1+E2],56.5,15.02,median(8) [E1+E2],82.0,7.08,median(8) [E1+E2],80.0,6.5,median(8) [E1+E2],70.0,5.68,median(8) [E1+E2]
868,1369,财政权利的逻辑体系及其现实化构造,胡明,中国法学,2018,法学理论,66.85,12.92,E1,False,,19.02,10.6,8.42,26.0,17.1,2,6,,0,0,0,,,,,,0,,,,52.5,17.08,mean(4),71.25,11.06,mean(4),70.5,12.48,mean(4),68.5,15.72,mean(4),84,4.24,mean(4),71.25,2.99,mean(4)
290,1370,国家治理现代化下的知识产权行政执法,董涛[1],中国法学,2022,知识产权法学,66.78,16.15,E1,False,,19.93,13.58,6.35,30.9,28.5,3,6,,0,0,0,,,,,,0,,,,58.25,19.7,mean(4),62.5,28.54,mean(4),52.25,21.17,mean(4),82,3.27,mean(4),76.5,5.26,mean(4),79.75,3.5,mean(4)
1290,1371,分级分类原则下监管标准的建构与运用,石肖雪[1],法学研究,2025,宪法学与行政法学,66.72,6.38,E1,False,,12.77,5.73,7.03,22.2,12.2,5,6,,0,0,0,,,,,,0,,,,40,12.25,mean(4),73.5,1.73,mean(4),79.75,6.7,mean(4),90.25,3.5,mean(4),82.75,2.87,mean(4),77.25,7.37,mean(4)
391,1372,我国电子商务法调整的社会关系范围,刘颖,中国法学,2018,民商法学,66.71,14.84,E1,False,,24.85,12.77,12.08,33.0,29.0,3,6,,0,0,0,,,,,,0,,,,57,17.68,mean(4),59.5,29.03,mean(4),64,16.75,mean(4),77.75,2.06,mean(4),82.25,5.06,mean(4),77.25,5.85,mean(4)
217,1373,刑事司法应坚持罪责实质评价,阮齐林,中国法学,2017,刑法学,66.63,14.87,E1,False,,22.23,12.82,9.42,33.5,22.2,2,6,,0,0,0,,,,,,0,,,,56.5,22.25,mean(4),50.5,21.86,mean(4),71.25,12.74,mean(4),86,4.97,mean(4),82.5,3.32,mean(4),49.25,11.79,mean(4)
788,1374,论我国引入公司章程防御性条款的制度构造,王建文,中国法学,2017,民商法学,66.63,13.94,E1,False,,20.32,12.67,7.65,31.7,24.5,2,6,1-empty-status,0,0,0,,,,,,0,,,,52.5,15.2,mean(4),60.75,24.47,mean(4),62.25,14.97,mean(4),84.25,2.87,mean(4),75.75,14.91,mean(4),76.25,3.5,mean(4)
1440,1375,家事司法运作的实质主义逻辑及其应然面向,李拥军[1],法学研究,2025,法学理论,66.59,8.78,E1,False,,13.78,6.88,6.9,30.2,16.9,4,6,,0,0,0,,,,,,0,,,,54.25,12.74,mean(4),66,16.87,mean(4),52.5,3.79,mean(4),83.5,3.42,mean(4),82.25,2.06,mean(4),75,2.45,mean(4)
414,1376,担保物权司法解释起草中的重大争议问题,"高圣平[1,2]",中国法学,2016,民商法学,66.56,16.33,E1,False,,19.58,12.95,6.63,32.8,29.2,2,6,,0,0,0,,,,,,0,,,,56.25,21.88,mean(4),67.5,29.17,mean(4),63,8.52,mean(4),71,10.74,mean(4),81.75,2.63,mean(4),71.25,4.79,mean(4)
702,1377,认罪认罚从宽制度疑难问题研究,王敏远,中国法学,2017,刑法学,66.5,8.6,E1,False,,15.33,7.53,7.8,25.0,12.1,4,6,,0,0,0,,,,,,0,,,,67.25,12.15,mean(4),80,7.7,mean(4),45,0.0,mean(4),68,12.08,mean(4),80.75,6.75,mean(4),72.5,6.45,mean(4)
106,1378,中国语境下的“宪法实施”：一项概念史的考察,翟国强,中国法学,2016,宪法学与行政法学,66.4,8.24,E1,False,,16.23,7.0,9.23,29.6,15.5,4,6,,0,0,0,,,,,,0,,,,63.75,15.48,mean(4),76.75,3.5,mean(4),40.75,2.99,mean(4),79.25,6.75,mean(4),74,8.64,mean(4),64,4.62,mean(4)
1082,1379,论法律意识形态,季卫东,中国社会科学,2015,法学理论,66.34,10.67,E1,False,,19.5,8.43,11.07,27.3,20.4,4,6,,0,0,0,,,,,,0,,,,57.5,20.36,mean(4),82.5,7.59,mean(4),46.25,11.81,mean(4),78.5,4.04,mean(4),85,2.58,mean(4),80.5,4.2,mean(4)
1190,1380,人民检察院法律监督的体系分析,王锴[1],法学研究,2024,诉讼法学,66.29,11.78,E1,False,,19.53,9.9,9.63,30.0,21.6,4,6,,0,0,0,,,,,,0,,,,50,19.58,mean(4),65.5,6.4,mean(4),55,21.6,mean(4),87.25,4.11,mean(4),79.75,3.5,mean(4),60.5,4.2,mean(4)
760,1381,论司法认同：危机与重建,吴英姿,中国法学,2016,诉讼法学,66.26,12.69,E1,False,,19.05,10.45,8.6,34.1,20.6,3,6,,0,0,0,,,,,,0,,,,62.5,18.93,mean(4),47.5,20.62,mean(4),81.5,9.11,mean(4),79.25,3.4,mean(4),85.67,6.03,mean(3),77,4.69,mean(4)
1830,1382,非法集资刑事案件涉案财产处置程序的商法之维,陈醇,法学研究,2015,刑法学,66.24,13.78,E1,False,,20.73,10.58,10.15,36.4,30.9,4,6,,0,0,0,,,,,,0,,,,64,20.35,mean(4),48.75,30.92,mean(4),70,6.27,mean(4),84.25,1.5,mean(4),85.25,0.5,mean(4),78.5,4.04,mean(4)
224,1383,刑事裁判中法律学说的运用困境及其解决路径,梁健[1],中国法学,2024,刑法学,66.21,10.21,E1,False,,17.6,10.1,7.5,31.4,20.9,3,6,,0,0,0,,,,,,0,,,,51,14.28,mean(4),73,4.16,mean(4),55.5,20.92,mean(4),77.5,4.12,mean(4),78,5.66,mean(4),69.25,11.35,mean(4)
1115,1384,《大清新刑律》编纂过程中的法权之争,陈新宇,法学研究,2017,宪法学与行政法学,66.21,11.22,E1,False,,13.07,9.52,3.55,25.0,23.8,4,6,,0,0,0,,,,,,0,,,,70,23.8,mean(4),61.5,7.0,mean(4),42.5,2.89,mean(4),83,6.22,mean(4),81.75,2.87,mean(4),69.5,14.29,mean(4)
384,1385,我国民事司法多元化改革的现状与未来,周翠,中国法学,2018,诉讼法学,66.19,9.31,E1,False,,14.2,8.07,6.13,23.4,16.1,3,6,,0,0,0,,,,,,0,,,,66,16.06,mean(4),75.5,1.91,mean(4),35.75,9.43,mean(4),80,9.09,mean(4),78,5.66,mean(4),78.25,6.24,mean(4)
157,1386,作为化解行政争议主渠道的行政复议:功能反思及路径优化,曹鎏[1],中国法学,2020,宪法学与行政法学,66.15,14.65,E1,False,,19.58,12.17,7.42,37.0,36.0,4,6,,0,0,0,,,,,,0,,,,50.75,14.91,mean(4),66,36.03,mean(4),59,6.63,mean(4),73.5,5.8,mean(4),83.25,6.7,mean(4),80.75,2.99,mean(4)
1922,1387,慈善财产法律制度的中国建构,高志宏[1],中国社会科学,2025,经济法学,66.13,11.61,E1,False,,17.58,8.55,9.03,29.7,22.5,4,6,,0,0,0,,,,,,0,,,,55,22.49,mean(4),67.75,17.21,mean(4),53.75,3.5,mean(4),77.75,2.06,mean(4),82,3.56,mean(4),77,2.45,mean(4)
1472,1388,我国批准《选择法院协议公约》的问题与对策,刘仁山[1],法学研究,2018,国际法学,66.05,7.56,E1,False,,15.08,6.68,8.4,24.4,11.1,4,6,,0,0,0,,,,,,0,,,,48.25,10.44,mean(4),81.75,6.5,mean(4),61.25,11.09,mean(4),80.67,4.62,mean(3),80.75,3.4,mean(4),77.5,4.12,mean(4)
785,1389,论我国刑法不采取共犯从属性说及利弊,刘明祥[1],中国法学,2015,刑法学,65.99,11.36,E1,False,,18.93,11.22,7.72,33.2,20.2,3,6,,0,0,0,,,,,,0,,,,52.5,20.21,mean(4),83.75,2.06,mean(4),49.25,19.45,mean(4),81,3.16,mean(4),83.25,4.27,mean(4),68.75,18.1,mean(4)
1381,1390,地方预算参与的法治进路,陈治,法学研究,2017,经济法学,65.97,14.45,E1,False,,18.58,12.02,6.57,31.6,25.7,3,6,,0,0,0,,,,,,0,,,,52,20.15,mean(4),58.5,25.68,mean(4),63.5,12.77,mean(4),75,2.45,mean(4),83,6.27,mean(4),81,4.76,mean(4)
255,1391,司法中的社会科学判断,侯猛,中国法学,2015,诉讼法学,65.94,13.45,E1,False,,21.88,12.55,9.33,32.6,22.7,3,6,1-empty-status,0,0,0,,,,,,0,,,,56.25,21.75,mean(4),79.25,7.18,mean(4),49.5,9.88,mean(4),79.5,7.0,mean(4),68.5,22.66,mean(4),60.75,6.75,mean(4)
1370,1392,国家监察体制改革后检察制度的巩固与发展,朱孝清[1],法学研究,2018,诉讼法学,65.94,5.38,E1,False,,17.62,5.53,12.08,34.9,9.0,4,6,,0,0,0,,,,,,0,,,,63.75,8.5,mean(4),74.25,2.87,mean(4),43.5,6.4,mean(4),77.75,2.06,mean(4),74.25,4.35,mean(4),74.75,9.0,mean(4)
1567,1393,民国时期公务员惩戒委员会体制研究,聂鑫,法学研究,2016,法律史,65.9,13.1,E1,False,,17.7,10.9,6.8,29.0,21.0,3,6,,0,0,0,,,,,,0,,,,57.25,19.0,mean(4),53.75,20.97,mean(4),61.25,11.09,mean(4),81.75,4.35,mean(4),83.5,3.42,mean(4),61,6.63,mean(4)
1693,1394,老龄社会婚姻规则多元论,鲁晓明[1],法学研究,2023,民商法学,65.9,13.28,E1,False,,19.87,11.38,8.48,33.9,26.2,3,6,,0,0,0,,,,,,0,,,,58,12.99,mean(4),55.75,26.23,mean(4),64.75,18.32,mean(4),76,4.24,mean(4),83.75,4.19,mean(4),78.25,2.36,mean(4)
1861,1395,发展导向型行政法的中国命题,卢超[1],法学研究,2025,宪法学与行政法学,65.9,8.56,E1,False,,12.55,6.82,5.73,27.2,17.9,5,6,,0,0,0,,,,,,0,,,,50,17.87,mean(4),74.5,7.05,mean(4),52.75,4.57,mean(4),78.25,2.87,mean(4),85.25,2.06,mean(4),74,6.38,mean(4)
1847,1396,西汉淳于意狱案发覆,张传玺[1],法学研究,2025,法律史,65.88,9.67,E1,False,,18.87,8.43,10.43,33.3,22.5,4,6,,0,0,0,,,,,,0,,,,61,22.54,mean(4),79.5,1.91,mean(4),30,7.07,mean(4),86.5,1.73,mean(4),84.5,4.93,mean(4),51.25,12.5,mean(4)
1209,1397,住房反向抵押的制度反思与规范构建,程威[1],法学研究,2023,民商法学,65.84,8.86,E1,False,,17.02,7.8,9.22,28.7,19.3,4,6,,0,0,0,,,,,,0,,,,69.25,10.44,mean(4),47.5,19.26,mean(4),64.25,5.91,mean(4),80.25,2.06,mean(4),85,2.45,mean(4),74.5,6.66,mean(4)
1703,1398,英美在近代中国行使治外法权主体之型化与形替,屈文生[1],法学研究,2023,法律史,65.84,6.44,E1,False,,12.07,7.0,5.07,19.6,12.6,4,6,,0,0,0,,,,,,0,,,,36.25,7.5,mean(4),79.25,4.27,mean(4),78.25,12.61,mean(4),87.5,2.08,mean(4),82.75,5.12,mean(4),52.5,10.41,mean(4)
973,1399,司法公正与同理心正义,杜宴林,中国社会科学,2017,法学理论,65.79,8.73,E1,False,,18.97,8.17,10.8,25.8,11.2,3,6,,0,0,0,,,,,,0,,,,65.5,9.54,mean(4),61.5,6.03,mean(4),54.5,10.54,mean(4),66.25,11.21,mean(4),79,5.03,mean(4),62,6.78,mean(4)
1563,1400,民事诉讼中的程序异议权研究,占善刚,法学研究,2017,诉讼法学,65.76,17.97,E1,False,,20.88,16.28,4.6,35.1,29.5,2,6,,0,0,0,,,,,,0,,,,53,22.42,mean(4),62.5,25.12,mean(4),56,29.52,mean(4),87,3.46,mean(4),84.75,4.72,mean(4),58.75,12.5,mean(4)
26,1401,“数字枫桥”的法治原理、模式与机制,杨力[1],中国法学,2024,诉讼法学,65.75,11.0,E1,False,,19.6,8.8,10.8,28.8,22.8,4,6,1-empty-status,0,0,0,,,,,,0,,,,49.25,22.78,mean(4),74.33,4.04,mean(3),71,12.3,mean(4),78,3.56,mean(4),84.25,5.91,mean(4),79.5,4.2,mean(4)
1388,1402,基于中国式扶贫实践的给付行政法治创新,解志勇[1],法学研究,2022,宪法学与行政法学,65.74,12.3,E1,False,,19.3,9.75,9.55,33.4,22.0,2,6,,0,0,0,,,,,,0,,,,49.25,22.02,mean(4),70.5,11.45,mean(4),65,11.8,mean(4),86.25,3.5,mean(4),80.25,8.81,mean(4),78.5,1.0,mean(4)
422,1403,政府规制中的信用工具研究,王瑞雪,中国法学,2017,宪法学与行政法学,65.71,7.17,E1,False,,16.13,6.68,9.45,39.2,9.5,3,6,1-empty-status,0,0,0,,,,,,0,,,,45.75,8.5,mean(4),76.5,9.43,mean(4),65.5,9.54,mean(4),85,2.45,mean(4),80.75,5.97,mean(4),66.75,4.27,mean(4)
506,1404,民法典意义的法理诠释,陈金钊,中国法学,2021,民商法学,65.66,12.65,E1,False,,21.52,11.48,10.03,26.3,16.3,3,6,,0,0,0,,,,,,0,,,,55,16.33,mean(4),61.5,14.18,mean(4),55.75,15.56,mean(4),80.5,7.0,mean(4),71.5,7.9,mean(4),66.75,7.89,mean(4)
4,1405,ESG对董事义务的改造：从商业判断到社会判断的进化,蒋大兴[1],中国法学,2024,民商法学,65.56,7.18,E1,False,,11.37,6.63,4.73,15.2,9.9,4,6,,0,0,0,,,,,,0,,,,62.5,9.54,mean(4),68.5,4.04,mean(4),47.5,9.88,mean(4),80.75,6.4,mean(4),76.25,5.06,mean(4),64.5,4.93,mean(4)
1187,1406,人工智能与事实认定,栗峥[1],法学研究,2020,诉讼法学,65.56,10.67,E1,False,,13.8,7.5,6.3,27.7,27.9,4,6,,0,0,0,,,,,,0,,,,46.5,27.86,mean(4),67.5,3.32,mean(4),84.5,8.39,mean(4),78,0.0,mean(4),75.25,2.5,mean(4),82.5,2.89,mean(4)
1564,1407,民事诉讼撤销原判决之程序违法事由,占善刚,法学研究,2021,刑法学,65.49,14.38,E1,False,,19.6,11.35,8.25,33.9,28.1,4,6,,0,0,0,,,,,,0,,,,58.5,19.82,mean(4),48.75,28.09,mean(4),78.75,7.89,mean(4),82.75,5.12,mean(4),77.5,5.0,mean(4),77.25,2.22,mean(4)
1504,1408,数字人权规范构造的体系化展开,高一飞[1],法学研究,2023,宪法学与行政法学,65.38,7.5,E1,False,,12.0,6.73,5.27,19.1,11.4,4,6,,0,0,0,,,,,,0,,,,36.75,11.35,mean(4),78,5.72,mean(4),84,10.74,mean(4),81.75,3.3,mean(4),86.25,4.19,mean(4),67.25,5.12,mean(4)
1499,1409,支持起诉原则的法理及实践意义再认识,陈刚[1],法学研究,2015,宪法学与行政法学,65.35,5.08,E1,False,,10.37,4.03,6.33,22.6,9.6,5,6,,0,0,0,,,,,,0,,,,60.75,9.57,mean(4),77.25,5.74,mean(4),41.5,1.0,mean(4),78.25,2.87,mean(4),80,1.63,mean(4),79.25,3.4,mean(4)
325,1410,大数据预测警务的运作机理、风险与法律规制,陈永生[1],中国法学,2024,宪法学与行政法学,65.32,12.49,E1,False,,17.98,10.15,7.83,28.9,20.0,3,6,,0,0,0,,,,,,0,,,,53.75,19.97,mean(4),53.75,16.7,mean(4),68,15.03,mean(4),79.5,1.91,mean(4),81.25,2.99,mean(4),65.75,4.35,mean(4)
1118,1411,《海牙判决公约》谈判与知识产权的国际司法合作,何其生,法学研究,2021,知识产权法学,65.31,17.16,E1,False,,22.73,14.33,8.4,43.3,38.7,3,6,,0,0,0,,,,,,0,,,,51.25,18.87,mean(4),58,38.68,mean(4),64.25,10.72,mean(4),81.75,6.95,mean(4),80,4.4,mean(4),77.5,6.4,mean(4)
18,1412,“合宪性解释”理论辨析及其可能前景,夏正林,中国法学,2017,诉讼法学,65.21,11.3,E1,False,,14.92,9.73,5.18,26.7,19.5,2,6,,0,0,0,,,,,,0,,,,63.75,19.47,mean(4),67.5,8.81,mean(4),40,12.36,mean(4),84,4.9,mean(4),78.5,4.51,mean(4),71.75,8.3,mean(4)
526,1413,法典化时代的刑法典修订,周光权[1],中国法学,2021,刑法学,65.21,5.37,E1,False,,13.83,4.62,9.22,20.5,8.5,5,6,,0,0,0,,,,,,0,,,,61.75,8.5,mean(4),70,6.27,mean(4),47,2.0,mean(4),79.25,3.4,mean(4),84,4.24,mean(4),82.75,3.3,mean(4)
970,1414,发展型财税法的理念跃迁与制度构造,刘剑文[1];侯卓[2],中国社会科学,2023,经济法学,65.16,8.86,E1,False,,20.2,7.67,12.53,35.8,15.0,3,6,,0,0,0,,,,,,0,,,,41.25,10.31,mean(4),75,15.03,mean(4),68.75,12.2,mean(4),88.5,2.89,mean(4),86,1.41,mean(4),76.25,4.19,mean(4)
1164,1415,中国现行宪法中的“党的领导”规范,秦前红[1];刘怡达[1],法学研究,2019,宪法学与行政法学,65.16,9.78,E1,False,,13.7,7.9,5.8,25.3,19.6,5,6,,0,0,0,,,,,,0,,,,53,19.65,mean(4),79.25,6.08,mean(4),45.25,7.8,mean(4),84.25,4.35,mean(4),86.5,3.0,mean(4),64.5,6.61,mean(4)
869,1416,财税法功能的定位及其当代变迁,刘剑文,中国法学,2015,经济法学,65.1,10.88,E1,False,,17.42,11.33,6.08,26.6,25.7,3,6,,0,0,0,,,,,,0,,,,59.25,16.5,mean(4),68.25,2.87,mean(4),45.75,25.73,mean(4),85.25,0.5,mean(4),87.75,5.44,mean(4),49.25,17.0,mean(4)
340,1417,实质法益保护理念下行政犯行刑反向衔接机制的展开,刘艳红[1],中国法学,2025,刑法学,65.07,12.41,E1,False,,18.03,11.12,6.92,27.2,18.9,2,6,,0,0,0,,,,,,0,,,,56.25,18.95,mean(4),60,8.12,mean(4),63.25,17.65,mean(4),76.25,6.24,mean(4),77.75,8.42,mean(4),54.5,7.37,mean(4)
614,1418,立法原意何处寻:评2021年最高人民法院适用刑事诉讼法司法解释,龙宗智[1],中国法学,2021,刑法学,65.06,7.04,E1,False,,14.35,5.58,8.77,30.4,14.2,5,6,,0,0,0,,,,,,0,,,,61.75,14.22,mean(4),66.25,3.86,mean(4),43.5,1.73,mean(4),85,5.72,mean(4),83,3.83,mean(4),76,4.24,mean(4)
1394,1419,基层多元解纷机制的结构转型与模式分化,于龙刚[1],法学研究,2025,诉讼法学,64.99,7.75,E1,False,,11.87,6.87,5.0,21.0,11.9,3,6,,0,0,0,,,,,,0,,,,37.5,11.9,mean(4),75,9.63,mean(4),78.25,5.68,mean(4),86.25,1.5,mean(4),76.75,9.5,mean(4),79.25,2.99,mean(4)
705,1420,认罪认罚从宽制度的若干实体法问题,黄京平,中国法学,2017,刑法学,64.96,14.42,E1,False,,21.88,12.43,9.45,30.2,21.7,2,6,1-empty-status,0,0,0,,,,,,0,,,,59.5,20.81,mean(4),56.25,21.73,mean(4),57.75,13.05,mean(4),74.5,3.32,mean(4),80.75,8.46,mean(4),67,7.26,mean(4)
1424,1421,安全竞争格局下的基层执法及其生态优化,邓豪[1],法学研究,2024,环境与资源保护法学,64.94,15.96,E1,False,,18.03,13.02,5.02,28.3,24.2,2,6,,0,0,0,,,,,,0,,,,51,24.25,mean(4),57.75,21.85,mean(4),59,14.07,mean(4),84.75,5.85,mean(4),74.25,8.66,mean(4),62.75,3.3,mean(4)
1834,1422,风险规制中的央地政府关系之规范建构,靳文辉[1],法学研究,2022,宪法学与行政法学,64.93,6.09,E1,False,,12.13,5.78,6.35,16.3,12.7,5,6,,0,0,0,,,,,,0,,,,46.75,5.38,mean(4),66.75,12.74,mean(4),77.75,4.19,mean(4),80.75,3.4,mean(4),80.75,3.4,mean(4),77.5,5.57,mean(4)
1149,1423,中国式现代化进程中的属地管理原则,叶必丰[1],法学研究,2024,法学理论,64.88,8.98,E1,False,,13.95,7.77,6.18,25.3,15.8,3,6,,0,0,0,,,,,,0,,,,55.75,8.3,mean(4),54.25,15.13,mean(4),57.5,15.84,mean(4),82,3.56,mean(4),80.75,3.77,mean(4),70,0.0,mean(4)
613,1424,立法主体宪法说理义务的法律化,任喜荣[1],中国法学,2024,宪法学与行政法学,64.87,7.03,E1,False,,12.52,5.25,7.27,24.7,16.2,5,6,,0,0,0,,,,,,0,,,,44.75,16.15,mean(4),81.25,6.5,mean(4),54.75,0.5,mean(4),86.25,1.5,mean(4),80.75,3.4,mean(4),73.5,3.42,mean(4)
1880,1425,生态环境法典中生态保护规范的体系构建,于文轩[1],中国法学,2025,环境与资源保护法学,64.87,7.65,E1,False,,19.63,6.52,13.12,31.7,11.9,4,6,,0,0,0,,,,,,0,,,,47.5,11.9,mean(4),69,4.24,mean(4),73.25,10.37,mean(4),80.5,5.0,mean(4),84.25,5.91,mean(4),74.5,1.73,mean(4)
1527,1426,新时代行政审判因应诉源治理之道,章志远,法学研究,2021,诉讼法学,64.78,11.46,E1,False,,14.55,8.63,5.92,28.7,23.6,3,6,,0,0,0,,,,,,0,,,,49.5,23.59,mean(4),69.25,8.69,mean(4),64.75,8.42,mean(4),83.25,4.27,mean(4),75.25,3.77,mean(4),80.75,2.99,mean(4)
1923,1427,健康权的规范内涵与法治保障,武亦文[1],中国社会科学,2025,环境与资源保护法学,64.72,8.79,E1,False,,16.4,9.15,7.25,28.6,21.2,4,6,,0,0,0,,,,,,0,,,,40,7.07,mean(4),75.5,5.26,mean(4),68.75,21.19,mean(4),88,4.32,mean(4),76.75,14.57,mean(4),73,2.45,mean(4)
1385,1428,城市高密度区域的犯罪吸引机制,单勇[1],法学研究,2018,刑法学,64.65,9.89,E1,False,,16.3,7.95,8.35,29.8,18.9,4,6,,0,0,0,,,,,,0,,,,45.75,18.95,mean(4),76.25,5.5,mean(4),72.5,8.81,mean(4),75.5,5.0,mean(4),74,6.16,mean(4),82.5,3.32,mean(4)
298,1429,国际犯罪管辖和审理的制度建构与完善,于阜民,中国法学,2018,诉讼法学,64.57,8.28,E1,False,,20.43,7.38,13.05,42.9,14.1,4,6,,0,0,0,,,,,,0,,,,49.25,14.1,mean(4),72,4.32,mean(4),65.75,2.87,mean(4),79.25,7.18,mean(4),75.5,10.54,mean(4),72.5,5.26,mean(4)
386,1430,我国民事案件开庭审理程序与方式之检讨与重塑,章武生[1],中国法学,2015,诉讼法学,64.51,9.38,E1,False,,17.68,7.83,9.85,25.6,15.2,4,6,,0,0,0,,,,,,0,,,,51.75,15.24,mean(4),67.5,8.81,mean(4),50.75,6.75,mean(4),78.25,7.32,mean(4),77,2.45,mean(4),72.5,6.45,mean(4)
1411,1431,大清刑律草案签注考论,高汉成,法学研究,2015,法律史,64.35,11.65,E1,False,,17.43,10.48,6.95,22.6,17.0,1,6,,0,0,0,,,,,,0,,,,56.25,17.02,mean(4),77.5,15.0,mean(4),43.5,8.39,mean(4),79,5.03,mean(4),73.75,8.1,mean(4),68.25,9.43,mean(4)
1463,1432,当代国际私法上的一般性例外条款,陈卫佐,法学研究,2015,国际法学,64.35,12.51,E1,False,,19.68,9.38,10.3,29.5,26.1,4,6,,0,0,0,,,,,,0,,,,50,26.14,mean(4),59,13.22,mean(4),58,0.0,mean(2),83.25,5.68,mean(4),81,6.48,mean(4),71.25,4.79,mean(4)
958,1433,公民参与行政的风险及法律规制,王旭,中国社会科学,2016,诉讼法学,64.34,8.9,E1,False,,12.38,6.3,6.08,27.5,21.7,5,6,,0,0,0,,,,,,0,,,,48.5,21.75,mean(4),71,2.0,mean(4),64.25,4.35,mean(4),81.5,4.12,mean(4),80.5,4.2,mean(4),64.25,1.5,mean(4)
1367,1434,国家安全视角下的航行自由,袁发强[1],法学研究,2015,国际法学,64.34,8.6,E1,False,,12.48,6.4,6.08,24.3,19.0,5,6,,0,0,0,,,,,,0,,,,57.5,19.0,mean(4),81.75,6.55,mean(4),41.25,2.5,mean(4),74.5,3.32,mean(4),78.5,4.04,mean(4),78.75,2.99,mean(4)
359,1435,平台金融化规制路径的反思与重构：以长租平台为例,冯辉[1],中国法学,2024,经济法学,64.29,4.41,E1,False,,10.58,3.82,6.77,14.6,6.4,6,6,,0,0,0,,,,,,0,,,,44.5,6.4,mean(4),64.25,3.86,mean(4),81,2.58,mean(4),81.5,4.51,mean(4),82.25,3.1,mean(4),77,2.45,mean(4)
1431,1436,审判委员会运行状况的实证研究,左卫民,法学研究,2016,诉讼法学,64.26,9.96,E1,False,,16.9,8.27,8.63,36.2,29.4,4,6,,0,0,0,,,,,,0,,,,68.25,8.66,mean(4),58.75,29.36,mean(4),45,4.08,mean(4),78.25,2.87,mean(4),80,1.63,mean(4),78.25,2.87,mean(4)
699,1437,行贿犯罪执法困局及其对策,李少平[1],中国法学,2015,刑法学,64.24,12.5,E1,False,,24.33,11.22,13.12,34.5,18.6,3,6,,0,0,0,,,,,,0,,,,52,14.33,mean(4),61.5,16.7,mean(4),58,18.6,mean(4),77.25,6.4,mean(4),81.5,4.51,mean(4),68,6.78,mean(4)
758,1438,论司法拍卖市场化改革及其完善,汤维建[1],中国法学,2015,诉讼法学,64.24,13.54,E1,False,,21.92,12.97,8.95,29.3,18.0,2,6,,0,0,0,,,,,,0,,,,58.75,17.97,mean(4),60,17.32,mean(4),50.5,17.64,mean(4),74.25,3.3,mean(4),79,6.0,mean(4),64.25,15.56,mean(4)
1881,1439,法律中“忠”的义理与构造分析,瞿郑龙[1],中国法学,2025,法学理论,64.21,10.82,E1,False,,16.78,9.68,7.1,24.9,18.0,3,6,,0,0,0,,,,,,0,,,,51.75,16.9,mean(4),47,17.96,mean(4),80,4.4,mean(4),88.25,2.87,mean(4),85,2.45,mean(4),70,13.54,mean(4)
1650,1440,电子诉讼制度构建的法律基础,王福华,法学研究,2016,诉讼法学,64.19,8.71,E1,False,,18.27,7.82,10.45,25.8,13.9,3,6,,0,0,0,,,,,,0,,,,50.25,9.95,mean(4),50.25,13.87,mean(4),68.25,8.66,mean(4),83.25,5.68,mean(4),84.25,1.71,mean(4),69.5,7.05,mean(4)
781,1441,论当代中国的交叠特征与法治社会建设:从财产权角度的路径分析,"冉昊[1,2]",中国法学,2021,民商法学,64.18,12.97,E1,False,,17.23,10.42,6.82,33.3,30.5,4,6,,0,0,0,,,,,,0,,,,45.5,15.42,mean(4),64.25,30.53,mean(4),79,6.63,mean(4),81,3.56,mean(4),83.25,4.27,mean(4),84.75,2.06,mean(4)
99,1442,中国法院“案多人少”的实证评估与应对策略,程金华[1],中国法学,2022,诉讼法学,64.15,8.17,E1,False,,14.03,6.82,7.22,25.9,11.1,3,6,,0,0,0,,,,,,0,,,,40,10.8,mean(4),73.75,11.15,mean(4),68.5,9.11,mean(4),87.5,4.12,mean(4),84,4.24,mean(4),80,1.63,mean(4)
1616,1443,浙路风潮中的诸权之争,张玲玉[1],法学研究,2022,法律史,64.13,9.0,E1,False,,14.8,7.05,7.75,23.2,18.4,5,6,,0,0,0,,,,,,0,,,,52.75,18.39,mean(4),80.5,5.97,mean(4),41.25,2.5,mean(4),82,6.98,mean(4),82.25,2.06,mean(4),60,6.27,mean(4)
1063,1444,论“以国际法为基础的国际秩序”,蔡从燕[1],中国社会科学,2023,国际法学,64.12,9.13,E1,False,,17.87,7.87,10.0,24.0,15.8,4,6,,0,0,0,,,,,,0,,,,51.75,15.78,mean(4),78.25,7.41,mean(4),44.5,2.65,mean(4),83.25,6.99,mean(4),71.5,8.06,mean(4),47.75,6.34,mean(4)
1770,1445,证据法体系化的法理阐释,吴洪淇[1],法学研究,2019,诉讼法学,64.0,12.55,E1,False,,15.2,9.27,5.93,32.9,29.9,4,6,,0,0,0,,,,,,0,,,,41.5,29.91,mean(4),78.75,3.77,mean(4),67,11.8,mean(4),80.75,3.2,mean(4),83.5,1.29,mean(4),70.75,5.62,mean(4)
849,1446,论行政诉讼补救判决的适用——基于104份行政裁判文书的统计分析,陈思融[1],中国法学,2015,宪法学与行政法学,63.9,13.51,E1,False,,21.25,11.18,10.07,34.9,27.9,3,6,1-empty-status,0,0,0,,,,,,0,,,,53,15.25,mean(4),53.5,27.86,mean(4),60.75,10.59,mean(4),80.25,5.91,mean(4),80,4.4,mean(4),65.75,2.99,mean(4)
32,1447,“法治中国”命题的理论逻辑及其展开,王旭,中国法学,2016,宪法学与行政法学,63.88,9.41,E1,False,,18.95,8.03,10.92,28.2,14.8,4,6,,0,0,0,,,,,,0,,,,55,14.8,mean(3),62.25,13.38,mean(4),53,2.45,mean(4),74.25,4.35,mean(4),75.5,7.94,mean(4),66.75,5.38,mean(4)
559,1448,涉外法治的概念与体系,张龑[1],中国法学,2022,国际法学,63.87,14.61,E1,False,,15.9,12.62,3.28,34.0,29.2,3,6,,0,0,0,,,,,,0,,,,52,19.3,mean(4),68.5,29.22,mean(4),51.25,7.5,mean(4),78,4.32,mean(4),76.75,4.27,mean(4),48.75,11.09,mean(4)
263,1449,司法改革背景下逮捕的若干问题研究,孙谦,中国法学,2017,刑法学,63.85,11.33,E1,False,,18.52,9.47,9.05,28.3,22.2,3,6,,0,0,0,,,,,,0,,,,47.75,22.22,mean(4),64,6.16,mean(4),70,10.3,mean(4),83.25,3.5,mean(4),79,9.2,mean(4),70.75,5.38,mean(4)
1485,1450,执法能力的损耗与重建——以基层食药监执法为经验样本,刘杨[1],法学研究,2019,宪法学与行政法学,63.81,6.45,E1,False,,12.75,5.22,7.53,18.5,13.1,5,6,,0,0,0,,,,,,0,,,,38.75,13.15,mean(4),71.5,3.42,mean(4),69.75,3.3,mean(4),89.25,2.99,mean(4),75,6.0,mean(4),36.25,2.5,mean(4)
1717,1451,行政审批改革政策试验机制的法治化图景,卢超[1],法学研究,2022,宪法学与行政法学,63.72,8.41,E1,False,,11.42,5.93,5.48,26.4,19.3,5,6,,0,0,0,,,,,,0,,,,48,19.3,mean(4),73.5,4.2,mean(4),54.75,3.4,mean(4),84.25,4.92,mean(4),80.5,1.91,mean(4),79.5,1.91,mean(4)
65,1452,个人所得税纳税义务的法律建构,叶姗[1],中国法学,2020,经济法学,63.71,6.57,E1,False,,13.85,7.17,6.68,26.9,17.1,5,6,,0,0,0,,,,,,0,,,,41.25,2.5,mean(4),83.5,5.8,mean(4),67.5,17.08,mean(4),74.75,5.74,mean(4),77.75,7.14,mean(4),59.5,4.8,mean(4)
539,1453,法律的“交叉”研究和应用的原理,郑永流,中国法学,2018,法学理论,63.59,9.97,E1,False,,20.15,9.35,10.8,24.6,15.2,2,6,,0,0,0,,,,,,0,,,,53.75,10.31,mean(4),67.75,15.17,mean(4),54.5,9.88,mean(4),68.25,5.32,mean(4),68.5,10.63,mean(4),68.75,4.79,mean(4)
1536,1454,晚清西方视角中的中国家庭法,,法学研究,2019,法律史,63.49,14.7,E1,False,,23.72,11.37,12.35,33.8,25.8,4,6,,0,0,0,,,,,,0,,,,50.5,23.61,mean(4),53,25.81,mean(4),60.75,5.06,mean(4),82.75,5.19,mean(4),81,4.69,mean(4),62.5,3.79,mean(4)
1845,1455,财产性判项与减刑假释关联机制改革实效评估,劳佳琦[1],法学研究,2025,刑法学,63.49,15.93,E1,False,,20.18,12.97,7.22,32.2,24.0,3,6,,0,0,0,,,,,,0,,,,61,24.04,mean(4),48,21.74,mean(4),61.75,18.32,mean(4),84,4.24,mean(4),76.5,5.97,mean(4),78,3.56,mean(4)
258,1456,司法判决中的指导性案例,彭中礼,中国法学,2017,法学理论,63.44,13.22,E1,False,,27.52,14.78,12.73,31.0,24.3,0,6,,0,0,0,,,,,,0,,,,73,11.49,mean(4),55.75,17.48,mean(4),47.5,9.57,mean(4),68.75,10.44,mean(4),64.5,15.35,mean(4),65.5,24.31,mean(4)
91,1457,中国律例统编的传统与现代民法体系中的指导性案例,张生[1],中国法学,2020,法律史,63.43,11.01,E1,False,,16.32,8.15,8.17,26.6,20.5,4,6,,0,0,0,,,,,,0,,,,46.75,20.55,mean(4),71.25,15.13,mean(4),63.25,5.68,mean(4),80.75,3.4,mean(4),85.75,1.5,mean(4),81,2.71,mean(4)
800,1458,论数字时代的积极主义法律监督观,胡铭[1],中国法学,2023,法学理论,63.37,6.07,E1,False,,16.83,5.65,11.18,29.7,10.8,5,6,,0,0,0,,,,,,0,,,,45,10.8,mean(4),76.5,3.0,mean(4),61.75,7.41,mean(4),79,1.15,mean(4),77.75,6.13,mean(4),69.5,5.45,mean(4)
1056,1459,行政检察的监督范畴与体系构建,解志勇[1],中国社会科学,2024,诉讼法学,63.37,8.9,E1,False,,18.4,8.73,9.67,22.5,14.4,3,6,,0,0,0,,,,,,0,,,,48.75,11.64,mean(4),70.75,11.18,mean(4),58.25,4.72,mean(4),81.75,6.95,mean(4),82,3.56,mean(4),66.25,14.36,mean(4)
959,1460,共享经济的法律规制,蒋大兴;王首杰,中国社会科学,2017,民商法学,63.26,9.43,E1,False,,17.3,8.52,8.78,20.8,17.9,4,6,,0,0,0,,,,,,0,,,,45.5,17.92,mean(4),68.25,4.72,mean(4),77.5,3.79,mean(4),74.25,2.87,mean(4),71.25,17.58,mean(4),76,4.24,mean(4)
739,1461,论保险告知义务规则与近因原则的衔接,王金玉[1],中国法学,2025,刑法学,63.25,14.1,E1,False,,16.92,11.02,5.9,26.9,23.2,3,6,,0,0,0,,,,,,0,,,,49.5,20.6,mean(4),62,23.21,mean(4),70.75,10.24,mean(4),79.5,7.05,mean(4),77.25,1.5,mean(4),82,3.56,mean(4)
742,1462,论公共企业的法律属性,胡改蓉,中国法学,2017,民商法学,63.22,8.84,E1,False,,13.88,7.42,6.47,25.7,15.2,3,6,,0,0,0,,,,,,0,,,,46.67,10.41,mean(3),67.5,15.2,mean(4),64.25,10.75,mean(4),83,3.37,mean(4),77.75,3.1,mean(4),80,1.63,mean(4)
187,1463,全球经贸关系演变中的国际法治危机及其应对,刘敬东[1],中国法学,2023,国际法学,63.16,6.1,E1,False,,12.73,5.72,7.02,17.4,8.3,5,6,,0,0,0,,,,,,0,,,,44.25,8.3,mean(4),77,2.45,mean(4),57.75,7.59,mean(4),81.75,6.95,mean(4),71.75,2.87,mean(4),71,6.16,mean(4)
1094,1464,财税法一体化的理论逻辑与实践转向,蒋悟真[1],中国社会科学,2024,经济法学,63.12,5.66,E1,False,,12.1,4.88,7.22,22.0,10.0,5,6,,0,0,0,,,,,,0,,,,40,10.0,mean(4),83.25,4.27,mean(4),55,7.02,mean(4),83.75,1.26,mean(4),83,3.37,mean(4),78.25,3.3,mean(4)
555,1465,法理即法律原理之解说,"胡玉鸿[1,2]",中国法学,2020,法学理论,63.01,8.65,E1,False,,17.9,8.55,9.35,28.0,13.1,2,6,5-boundary-only,0,0,0,,,,,,0,,,,48,11.52,mean(4),80.5,6.14,mean(4),43.75,13.15,mean(4),82.5,3.7,mean(4),83.75,8.1,mean(4),62.5,8.81,mean(4)
321,1466,境外追逃中的量刑承诺制度研究,张磊,中国法学,2017,刑法学,63.0,12.02,E1,False,,20.15,10.6,9.55,33.5,28.5,3,6,1-empty-status,0,0,0,,,,,,0,,,,53.5,13.53,mean(4),53,10.89,mean(4),63,28.5,mean(4),74.5,5.26,mean(4),74,3.65,mean(4),74.5,1.73,mean(4)
517,1467,民法分则婚姻家庭编立法研究,夏吟兰,中国法学,2017,民商法学,62.99,7.17,E1,False,,13.53,5.67,7.87,27.2,16.5,5,6,,0,0,0,,,,,,0,,,,55.5,16.46,mean(4),75,3.74,mean(4),41.25,4.79,mean(4),78.5,1.0,mean(4),77.5,3.32,mean(4),68.25,4.72,mean(4)
190,1468,公共卫生预警原则和机制建构研究,解志勇[1],中国法学,2021,宪法学与行政法学,62.9,10.71,E1,False,,18.22,7.8,10.42,31.4,21.0,4,6,,0,0,0,,,,,,0,,,,49,20.99,mean(4),52,10.92,mean(4),73.75,5.06,mean(4),86.5,5.97,mean(4),85.5,1.73,mean(4),72.25,2.06,mean(4)
1766,1469,论预防型法治,黄文艺[1],法学研究,2024,法学理论,62.6,7.37,E1,False,,12.23,6.65,5.58,19.8,14.5,4,6,,0,0,0,,,,,,0,,,,35,5.77,mean(4),71.5,14.55,mean(4),70.75,8.85,mean(4),89,4.76,mean(4),84.5,3.0,mean(4),75.5,3.0,mean(4)
598,1470,社会信用体系建设的法治之道,沈岿[1],中国法学,2019,法学理论,62.57,14.23,E1,False,,17.72,11.3,6.42,27.4,27.2,3,6,,0,0,0,,,,,,0,,,,55.5,18.38,mean(4),47.5,27.23,mean(4),71.25,9.43,mean(4),81.75,7.41,mean(4),81,2.0,mean(4),69.25,3.4,mean(4)
1032,1471,监管科技:金融科技的监管挑战与维度建构,"杨东[1,2]",中国社会科学,2018,经济法学,62.47,7.0,E1,False,,15.17,7.45,7.72,19.0,16.0,3,6,,0,0,0,,,,,,0,,,,41.25,10.31,mean(4),72.5,3.32,mean(4),80.5,8.54,mean(4),70.75,5.06,mean(4),77.25,1.5,mean(4),68.75,16.01,mean(4)
833,1472,论税收国家的基础,张富强,中国法学,2016,经济法学,62.43,10.78,E1,False,,20.42,10.2,10.22,28.0,20.9,3,6,,0,0,0,,,,,,0,,,,55.5,20.92,mean(4),75.75,9.74,mean(4),38.75,4.79,mean(4),77.25,2.22,mean(4),70.5,4.2,mean(4),58.75,19.38,mean(4)
933,1473,中国生态环境法治的空间拓展及其规则创新,刘超[1],中国社会科学,2024,环境与资源保护法学,62.42,8.98,E1,False,,16.35,8.8,7.55,34.4,27.2,4,6,,0,0,0,,,,,,0,,,,46.25,6.29,mean(4),75.33,9.45,mean(3),55,27.18,mean(3),79.33,2.31,mean(3),79.25,5.62,mean(4),70.5,1.91,mean(4)
1426,1474,完善认罪认罚从宽制度：中国语境下的关键词展开,魏晓娜,法学研究,2016,刑法学,62.41,9.91,E1,False,,16.55,9.02,7.53,30.6,25.0,4,6,,0,0,0,,,,,,0,,,,40,12.91,mean(4),71.25,2.99,mean(4),64,25.03,mean(4),86,5.42,mean(4),83.25,4.27,mean(4),82.5,3.54,mean(2)
903,1475,错案责任追究与豁免,"朱孝清[1,2]",中国法学,2016,诉讼法学,62.19,14.79,E1,False,,23.55,13.45,10.1,34.5,27.8,2,6,,0,0,0,,,,,,0,,,,58,17.11,mean(4),46.25,27.8,mean(4),66.75,13.87,mean(4),81,2.0,mean(4),74.25,12.34,mean(4),62.5,7.59,mean(4)
278,1476,商业反腐的结构性治理和模式,杨力,中国法学,2016,刑法学,62.15,7.58,E1,False,,17.08,7.63,9.45,26.2,15.1,4,6,,0,0,0,,,,,,0,,,,52.5,11.73,mean(4),71.25,2.99,mean(4),46.5,4.04,mean(4),79.25,4.99,mean(4),64.25,15.11,mean(4),75.75,6.99,mean(4)
967,1477,区域协调发展的国家保障义务,李海平[1],中国社会科学,2022,法学理论,62.15,14.81,E1,False,,19.37,11.33,8.03,32.4,27.1,4,6,,0,0,0,,,,,,0,,,,48.75,23.94,mean(4),49.25,27.12,mean(4),80,6.73,mean(4),81.75,3.3,mean(4),83.5,3.7,mean(4),67.5,3.32,mean(4)
1353,1478,唐代笔记所载灵异案件反映的法律文化,赵晶[1],法学研究,2024,法律史,62.09,8.37,E1,False,,15.53,7.32,8.22,22.9,13.1,3,6,,0,0,0,,,,,,0,,,,61.75,10.44,mean(4),59.25,9.43,mean(4),43,13.14,mean(4),79.75,4.03,mean(4),68.75,4.57,mean(4),55,2.45,mean(4)
1244,1479,党政体制如何塑造基层执法,陈柏峰,法学研究,2017,宪法学与行政法学,61.99,14.18,E1,False,,21.7,14.65,7.05,30.5,28.5,2,6,,0,0,0,,,,,,0,,,,43.5,13.28,mean(4),60.5,20.76,mean(4),68.25,13.72,mean(4),86.5,3.7,mean(4),67.5,28.48,mean(4),71.25,7.89,mean(4)
1795,1480,近代中国刑事上诉制度的生成及展开,胡震[1],法学研究,2020,诉讼法学,61.87,6.48,E1,False,,14.17,8.05,6.12,24.1,14.1,3,6,,0,0,0,,,,,,0,,,,40,4.08,mean(4),81.75,3.3,mean(4),59.25,11.76,mean(4),76.75,6.29,mean(4),74.5,8.7,mean(4),58.25,14.1,mean(4)
1925,1481,中国刑事诉讼基本原则的体系化建构,王新清[1],中国社会科学,2025,刑法学,61.79,9.81,E1,False,,15.62,9.33,6.28,36.2,28.1,4,6,,0,0,0,,,,,,0,,,,38.75,11.09,mean(4),72.5,5.26,mean(4),60,28.14,mean(4),87,3.37,mean(4),83.25,2.75,mean(4),62.25,5.32,mean(4)
982,1482,国际会计准则的困境与财务报表的改进——马克思虚拟资本理论的视角,"周华[1];戴德明[1];刘俊海[2];叶建明[3,4]",中国社会科学,2017,法学理论,61.72,10.88,E1,False,,18.08,10.47,7.62,23.9,14.5,1,6,,0,0,0,,,,,,0,,,,35.75,9.95,mean(4),66.25,11.21,mean(4),76.25,14.29,mean(4),85.25,9.43,mean(4),64.5,14.53,mean(4),67,3.46,mean(4)
175,1483,元宇宙治理法治化的理论定位与基本框架,王奇才[1],中国法学,2022,法学理论,61.68,10.26,E1,False,,15.22,9.08,6.13,30.6,25.3,4,6,,0,0,0,,,,,,0,,,,46.25,11.09,mean(4),56.75,25.34,mean(4),67,3.46,mean(4),85.75,2.87,mean(4),80.5,3.79,mean(4),66.75,7.89,mean(4)
264,1484,司法改革试点再认识：与实验研究方法的比较与启示,何挺,中国法学,2018,诉讼法学,61.66,18.29,E1,False,,23.5,16.4,7.1,36.2,31.8,2,6,,0,0,0,,,,,,0,,,,63.25,16.15,mean(4),44.75,31.85,mean(4),54.25,29.8,mean(4),81.75,7.41,mean(4),75.5,9.15,mean(4),74.5,4.12,mean(4)
597,1485,社会主义核心价值观的法源地位及其作用提升,孙光宁[1],中国法学,2022,法学理论,61.62,12.7,E1,False,,16.4,9.63,6.77,30.3,24.7,4,6,,0,0,0,,,,,,0,,,,48.75,22.56,mean(4),67,24.74,mean(4),55,0.0,mean(4),80.5,1.91,mean(4),75,3.46,mean(4),60.75,5.06,mean(4)
710,1486,论1954年宪法上的审判独立原则,韩大元,中国法学,2016,宪法学与行政法学,61.56,9.57,E1,False,,22.32,11.62,10.7,32.3,23.6,2,6,,0,0,0,,,,,,0,,,,70,10.0,mean(4),60.5,9.88,mean(4),32.5,6.45,mean(4),71.75,4.72,mean(4),72.33,15.04,mean(3),41.67,23.63,mean(3)
1064,1487,论《民法典》实施中的思维转化——从单行法思维到法典化思维,王利明[1],中国社会科学,2022,民商法学,61.54,11.64,E1,False,,11.43,8.62,2.82,20.4,26.8,5,6,,0,0,0,,,,,,0,,,,45,26.77,mean(4),73.25,6.4,mean(4),54.75,3.59,mean(4),79.75,5.56,mean(4),76,4.24,mean(4),60.75,5.06,mean(4)
819,1488,论法律科际整合及其对“可靠事实”的探寻,孙笑侠[1],中国法学,2024,法学理论,61.46,6.66,E1,False,,15.73,7.77,7.97,22.5,20.4,4,6,,0,0,0,,,,,,0,,,,46.25,2.5,mean(4),76.5,3.7,mean(4),48.75,11.64,mean(4),78.75,6.4,mean(4),72.25,20.4,mean(4),79,2.0,mean(4)
1676,1489,积极抗辩事由的证明责任：误解与澄清,李昌盛,法学研究,2016,诉讼法学,61.38,6.97,E1,False,,12.95,6.25,6.7,33.2,24.7,5,6,,0,0,0,,,,,,0,,,,83,7.07,mean(2),82,5.66,mean(2),72.5,24.75,mean(2),0.0,0.0,none(0),0.0,0.0,none(0),72,0.0,mean(1)
109,1490,主权原则在中国宪法中的展开,王理万[1],中国法学,2023,宪法学与行政法学,61.31,9.35,E1,False,,15.05,9.68,5.37,25.5,18.4,3,6,,0,0,0,,,,,,0,,,,43.75,10.31,mean(4),69.5,1.91,mean(4),59.25,18.41,mean(4),81,5.72,mean(4),73.5,17.52,mean(4),60.75,4.35,mean(4)
575,1491,环境法典编纂论纲,"吕忠梅[1,2]",中国法学,2023,环境与资源保护法学,61.28,9.14,E1,False,,22.37,11.38,10.98,34.7,28.1,4,6,,0,0,0,,,,,,0,,,,37.5,2.89,mean(4),80,5.89,mean(4),51.25,22.87,mean(4),85.75,2.87,mean(4),66.75,28.15,mean(4),77.5,5.57,mean(4)
845,1492,论行政审批的分类改革与替代性制度建设,王克稳[1],中国法学,2015,宪法学与行政法学,61.28,12.96,E1,False,,17.75,10.22,7.53,32.1,23.9,4,6,,0,0,0,,,,,,0,,,,59,18.28,mean(4),33.75,23.94,mean(4),71.25,6.99,mean(4),84.75,5.74,mean(4),77,3.46,mean(4),72.5,2.89,mean(4)
123,1493,争议专属经济区内适度性执法研究,熊勇先,中国法学,2016,国际法学,61.16,10.82,E1,False,,19.5,11.02,8.48,25.3,19.9,2,6,,0,0,0,,,,,,0,,,,47.5,15.55,mean(4),58.25,10.44,mean(4),69.25,8.69,mean(4),78.5,6.03,mean(4),79.25,5.62,mean(4),47.75,19.94,mean(4)
855,1494,论金融法的制定,邢会强[1],中国法学,2025,经济法学,61.13,5.18,E1,False,,12.12,4.13,7.98,24.6,10.3,5,6,,0,0,0,,,,,,0,,,,43.75,10.31,mean(4),77.25,1.5,mean(4),48.25,2.36,mean(4),80.75,5.06,mean(4),84.5,3.0,mean(4),76.25,2.5,mean(4)
324,1495,大数据时代的隐私危机及其侵权法应对,徐明,中国法学,2017,民商法学,61.06,8.56,E1,False,,16.83,7.2,9.63,23.5,14.1,4,6,,0,0,0,,,,,,0,,,,45,14.14,mean(4),69,9.2,mean(4),63,7.26,mean(4),75.75,4.35,mean(4),73.75,2.06,mean(4),66,6.16,mean(4)
380,1496,我国受贿罪量刑地区差异问题实证研究,王剑波,中国法学,2016,刑法学,61.04,11.7,E1,False,,23.75,13.03,10.72,42.3,38.0,2,6,,0,0,0,,,,,,0,,,,51.75,10.44,mean(4),47.5,11.9,mean(4),69.75,9.54,mean(4),82,3.56,mean(4),57,38.03,mean(4),61.25,4.79,mean(4)
666,1497,董事会对短期主义行为的治理,侯东德[1],中国法学,2018,民商法学,61.04,8.31,E1,False,,14.95,7.12,7.83,25.8,15.7,5,6,,0,0,0,,,,,,0,,,,57.25,15.73,mean(4),74.75,4.86,mean(4),45.75,1.5,mean(4),64.5,7.05,mean(4),70.25,6.08,mean(4),58.75,7.5,mean(4)
996,1498,宋代女性的土地权利保护,柴荣[1],中国社会科学,2022,法律史,60.97,7.62,E1,False,,17.02,9.0,8.02,24.9,21.0,4,6,,0,0,0,,,,,,0,,,,33.75,7.5,mean(4),82.5,9.88,mean(4),61,4.24,mean(4),80.25,5.68,mean(4),68.25,5.68,mean(4),32.5,21.02,mean(4)
1269,1499,公民参与司法：理论、实践及改革——以刑事司法为中心的考察,陈卫东[1],法学研究,2015,刑法学,60.96,6.44,E1,False,,11.42,6.42,5.0,21.1,9.4,4,6,,0,0,0,,,,,,0,,,,30,4.08,mean(4),74.5,8.7,mean(4),71.75,9.43,mean(4),85.75,5.91,mean(4),75,7.26,mean(4),81.5,3.11,mean(4)
1511,1500,数字经济视域下包容审慎监管的法治逻辑,刘权[1],法学研究,2022,经济法学,60.93,5.44,E1,False,,14.78,6.3,8.48,22.0,10.5,3,6,,0,0,0,,,,,,0,,,,46.25,3.5,mean(4),66.25,8.5,mean(4),55.75,4.35,mean(4),81.5,2.89,mean(4),75.5,10.5,mean(4),64.25,8.1,mean(4)
199,1501,公平竞争原则与政府规制变革,孙晋[1],中国法学,2021,宪法学与行政法学,60.9,6.34,E1,False,,12.1,5.73,6.37,18.0,9.4,5,6,,0,0,0,,,,,,0,,,,42.5,6.45,mean(4),71.25,7.89,mean(4),58.75,9.43,mean(4),79.75,5.19,mean(4),82.5,2.08,mean(4),77.5,3.32,mean(4)
1810,1502,醉酒型危险驾驶罪量刑影响因素实证研究,文姬,法学研究,2016,刑法学,60.9,13.21,E1,False,,22.5,11.42,11.08,36.4,29.5,3,6,,0,0,0,,,,,,0,,,,63.75,13.38,mean(4),36.75,29.48,mean(4),74.25,12.97,mean(4),70.75,3.4,mean(4),80,4.4,mean(4),68.75,4.79,mean(4)
1250,1503,全球金融治理的合法性困局及其应对,"廖凡[1,2]",法学研究,2020,法学理论,60.82,6.27,E1,False,,15.45,6.48,8.97,27.3,12.8,5,6,,0,0,0,,,,,,0,,,,33.75,4.79,mean(4),72,5.72,mean(4),67.5,12.82,mean(4),85.25,5.25,mean(4),76,4.0,mean(4),73.75,6.29,mean(4)
8,1504,“一带一路”背景下铁路提单与铁路运单的协同创新机制,杨临萍[1],中国法学,2019,国际法学,60.81,10.55,E1,False,,17.05,8.55,8.5,25.6,17.3,2,6,,0,0,0,,,,,,0,,,,49.25,11.06,mean(4),53,17.3,mean(4),73.75,11.5,mean(4),76.25,9.03,mean(4),85,2.45,mean(4),78,0.0,mean(4)
42,1505,“长臂管辖权”的法理分析与对策研究,肖永平[1],中国法学,2019,国际法学,60.76,9.84,E1,False,,16.35,7.15,9.2,28.0,22.3,5,6,,0,0,0,,,,,,0,,,,44.75,22.26,mean(4),66.75,3.5,mean(4),61.5,6.03,mean(4),78.25,5.68,mean(4),81.25,2.99,mean(4),65,2.45,mean(4)
714,1506,论《民法典》的功能主义释意模式,许中缘[1],中国法学,2021,民商法学,60.66,13.66,E1,False,,19.03,12.37,6.67,30.7,26.7,2,6,,0,0,0,,,,,,0,,,,44.25,16.7,mean(4),64.75,26.7,mean(4),58.25,12.47,mean(4),83,2.58,mean(4),78.25,2.87,mean(4),53.5,12.77,mean(4)
1075,1507,论我国检察权的新发展,周新[1],中国社会科学,2020,诉讼法学,60.5,8.06,E1,False,,13.65,6.13,7.52,21.1,13.8,5,6,,0,0,0,,,,,,0,,,,38.75,13.77,mean(4),83.25,7.89,mean(4),45,4.08,mean(4),82,7.26,mean(4),73.75,2.06,mean(4),80,1.63,mean(4)
962,1508,刑事司法人工智能的包容性规制,李训虎,中国社会科学,2021,诉讼法学,60.43,9.55,E1,False,,15.63,7.9,7.73,28.6,20.8,4,6,,0,0,0,,,,,,0,,,,45,11.55,mean(4),60.5,20.76,mean(4),59.75,3.5,mean(4),84,4.9,mean(4),79.5,1.91,mean(4),71.25,4.79,mean(4)
1045,1509,经济权利保障的宪法逻辑,翟国强[1],中国社会科学,2019,宪法学与行政法学,60.35,10.0,E1,False,,16.13,8.13,8.0,29.3,21.8,4,6,,0,0,0,,,,,,0,,,,47.5,21.79,mean(4),73.25,4.27,mean(4),47,2.45,mean(4),76.75,4.27,mean(4),75.25,11.7,mean(4),74.25,4.35,mean(4)
568,1510,环境司法专门化发展的实证检视：以环境审判机构和环境审判机制为中心,张忠民,中国法学,2016,诉讼法学,60.31,12.33,E1,False,,18.83,10.32,8.52,30.3,22.7,3,6,,0,0,0,,,,,,0,,,,46.25,16.52,mean(4),55,22.73,mean(4),66.25,8.5,mean(4),82.25,3.1,mean(4),75.5,7.59,mean(4),75,3.46,mean(4)
518,1511,民法分则物权编立法研究,"崔建远[1,2]",中国法学,2017,民商法学,60.29,9.67,E1,False,,19.92,7.7,12.22,32.3,21.3,4,6,1-empty-status,0,0,0,,,,,,0,,,,55.75,11.32,mean(4),56.25,21.27,mean(4),47.5,2.89,mean(4),80.75,6.4,mean(4),84.5,1.73,mean(4),75.5,2.65,mean(4)
976,1512,唐律说“理”,胡玉鸿[1],中国社会科学,2023,法律史,60.25,12.63,E1,False,,18.55,11.67,6.88,30.6,26.8,3,6,,0,0,0,,,,,,0,,,,44.25,12.74,mean(4),65,14.35,mean(4),51.25,26.75,mean(4),86.25,6.24,mean(4),82.75,3.59,mean(4),63.75,6.29,mean(4)
1589,1513,法学研究新范式: 计算法学的内涵、范畴与方法,申卫星[1];刘云[1],法学研究,2020,法学理论,60.24,5.5,E1+E2,True,,17.15,4.75,12.4,25.6,5.9,6,6,,0,0,0,,,,,,0,,,,32.5,4.97,median(8) [E1+E2],82.0,6.25,median(8) [E1+E2],65.0,5.89,median(8) [E1+E2],76.5,5.76,median(8) [E1+E2],77.5,5.46,median(8) [E1+E2],65.0,3.46,median(8) [E1+E2]
169,1514,债务人合法权益平等保护制度论纲,谭启平[1],中国法学,2024,诉讼法学,60.15,7.6,E1,False,,14.85,7.63,7.22,24.3,15.7,4,6,,0,0,0,,,,,,0,,,,36.25,7.5,mean(4),77.25,8.38,mean(4),56,2.45,mean(4),82,7.66,mean(4),68.5,15.72,mean(4),62.75,4.11,mean(4)
193,1515,公司法定代表人越权签署的担保合同效力规则的反思与重构,刘俊海[1],中国法学,2020,民商法学,60.06,12.85,E1,False,,23.25,12.65,10.6,30.0,22.5,1,6,,0,0,0,,,,,,0,,,,47.5,13.23,mean(4),61,22.54,mean(4),69,10.23,mean(4),71.25,6.24,mean(4),83,8.08,mean(4),61.5,15.7,mean(4)
408,1516,我国食品安全责任强制保险的法律构造研究,于海纯[1],中国法学,2015,民商法学,60.04,6.13,E1,False,,14.58,6.62,7.97,27.4,16.9,5,6,,0,0,0,,,,,,0,,,,38,3.56,mean(4),72.5,5.07,mean(4),60.25,16.86,mean(4),80.5,3.7,mean(4),89,5.35,mean(4),82.5,5.0,mean(4)
345,1517,宪法的全球化：历史起源、当代潮流与理论反思,刘晗[1],中国法学,2015,宪法学与行政法学,60.01,5.19,E1,False,,16.07,5.58,10.48,25.0,10.4,5,6,1-empty-status,0,0,0,,,,,,0,,,,44.5,7.59,mean(4),77,3.46,mean(4),38.75,2.5,mean(4),82.25,3.86,mean(4),80.25,5.56,mean(4),59.75,10.4,mean(4)
515,1518,民法分则侵权责任编立法研究,张新宝,中国法学,2017,民商法学,60.01,13.86,E1,False,,19.52,11.72,7.8,39.0,33.3,3,6,,0,0,0,,,,,,0,,,,55.5,13.08,mean(4),46.25,33.26,mean(4),55.75,10.72,mean(4),83.75,4.65,mean(4),83.75,6.24,mean(4),63,2.45,mean(4)
633,1519,纳税便利原则研究,单飞跃[1],中国法学,2019,经济法学,59.91,10.18,E1,False,,17.58,8.35,9.23,36.2,15.0,3,6,,0,0,0,,,,,,0,,,,35.75,15.02,mean(4),73.5,13.4,mean(4),65,12.88,mean(4),78.75,2.99,mean(4),81.5,3.42,mean(4),61.75,2.36,mean(4)
554,1520,法理:法实践的正当性理由,郭晔[1],中国法学,2020,法学理论,59.87,12.73,E1,False,,18.2,13.47,4.73,31.5,27.2,2,6,,0,0,0,,,,,,0,,,,35.5,6.4,mean(4),69.25,27.24,mean(4),67.25,18.64,mean(4),81.5,2.52,mean(4),72,15.25,mean(4),45.75,10.75,mean(4)
953,1521,依宪立法原则与合宪性审查,莫纪宏[1],中国社会科学,2020,宪法学与行政法学,59.85,11.83,E1,False,,14.5,9.22,5.28,24.0,19.5,3,6,,0,0,0,,,,,,0,,,,60.75,19.47,mean(4),56,15.64,mean(4),45,9.13,mean(4),73.5,5.8,mean(4),81.75,1.26,mean(4),69.75,4.03,mean(4)
1158,1522,中国法治经济建设的逻辑,谢海定,法学研究,2017,民商法学,59.84,4.74,E1,False,,12.15,4.58,7.57,18.8,8.5,5,6,,0,0,0,,,,,,0,,,,36.25,4.79,mean(4),73,3.37,mean(4),56.25,8.54,mean(4),84.75,4.72,mean(4),81,2.0,mean(4),75.5,4.12,mean(4)
262,1523,司法改革与法律职业激励环境的变化,吴洪淇[1],中国法学,2019,诉讼法学,59.76,6.86,E1,False,,14.68,7.7,6.98,25.3,18.8,3,6,,0,0,0,,,,,,0,,,,38.75,10.31,mean(4),67.5,3.32,mean(4),62.5,8.81,mean(4),81.5,3.42,mean(4),78,1.63,mean(4),53,18.78,mean(4)
780,1524,论建立分种类、多层级的社会规范备案审查制度,刘作翔[1],中国法学,2021,宪法学与行政法学,59.76,6.94,E1,False,,15.08,6.52,8.57,28.8,12.6,3,6,,0,0,0,,,,,,0,,,,43.25,9.71,mean(4),66.25,2.5,mean(4),59.5,12.56,mean(4),78.25,2.87,mean(4),76.75,9.91,mean(4),65.75,1.5,mean(4)
1016,1525,治国之法中的国际法：中国主张和制度实践,古祖雪,中国社会科学,2015,国际法学,59.75,8.2,E1,False,,17.4,7.52,9.88,25.5,13.5,4,6,,0,0,0,,,,,,0,,,,38.75,11.81,mean(4),76,4.24,mean(4),55.75,13.5,mean(4),78,4.24,mean(4),70.75,7.18,mean(4),76,4.24,mean(4)
139,1526,人民调解员的制度角色考,吴元元[1],中国法学,2021,诉讼法学,59.72,10.02,E1,False,,16.23,11.43,4.8,21.3,17.6,2,6,,0,0,0,,,,,,0,,,,34.5,5.26,mean(4),75,11.55,mean(4),56.75,16.68,mean(4),84.5,6.66,mean(4),71.25,17.58,mean(4),65,10.8,mean(4)
243,1527,劳动法上“合理”的多重意蕴及其应用,冯彦君,中国法学,2018,经济法学,59.63,10.59,E1,False,,20.92,7.97,12.95,38.8,21.2,4,6,,0,0,0,,,,,,0,,,,50.5,16.66,mean(4),40,21.21,mean(4),79.25,2.99,mean(4),78.25,2.87,mean(4),74.75,2.5,mean(4),76.75,1.5,mean(4)
128,1528,互联网司法的正义体系,王福华[1],中国法学,2024,诉讼法学,59.62,10.37,E1,False,,13.5,9.08,4.42,27.8,20.6,3,6,,0,0,0,,,,,,0,,,,41.25,10.31,mean(4),59.25,20.61,mean(4),65,14.0,mean(4),83.5,3.0,mean(4),85,2.45,mean(4),76,4.24,mean(4)
1825,1529,集体建设用地向宅基地的地性转换,耿卓[1],法学研究,2022,环境与资源保护法学,59.62,6.93,E1,False,,12.25,5.93,6.32,17.1,10.8,4,6,,0,0,0,,,,,,0,,,,35,10.8,mean(4),74.25,2.87,mean(4),61.5,9.11,mean(4),80.5,5.74,mean(4),81.5,4.73,mean(4),75,2.45,mean(4)
129,1530,互联网法院的时代创新与中国贡献,景汉朝[1],中国法学,2022,诉讼法学,59.57,4.09,E1,False,,14.12,4.35,9.77,24.7,8.3,5,6,,0,0,0,,,,,,0,,,,33.5,4.43,mean(4),84.5,3.32,mean(4),59.25,5.06,mean(4),74,1.73,mean(3),65.75,8.3,mean(4),79.75,3.3,mean(4)
167,1531,信用、法治与现代经济增长的制度基础,王若磊[1],中国法学,2019,法学理论,59.57,13.14,E1,False,,19.62,12.23,7.38,30.8,18.9,2,6,1-empty-status,0,0,0,,,,,,0,,,,49.25,17.86,mean(4),51.25,18.87,mean(4),57.75,13.05,mean(4),84.75,4.72,mean(4),82.5,3.32,mean(4),57.25,15.56,mean(4)
846,1532,论行政廉洁原则的适用,于安,中国法学,2016,宪法学与行政法学,59.56,10.15,E1,False,,17.17,8.5,8.67,25.0,17.6,4,6,,0,0,0,,,,,,0,,,,50.5,17.64,mean(4),68.5,11.39,mean(4),37.5,2.89,mean(4),80.75,5.97,mean(4),76.5,5.97,mean(4),62.25,7.14,mean(4)
1544,1533,构建公共服务法律体系的理论逻辑及现实展开,陈云良[1];寻健[2],法学研究,2019,宪法学与行政法学,59.49,8.15,E1,False,,14.72,8.12,6.6,21.4,12.5,3,6,,0,0,0,,,,,,0,,,,38.75,11.81,mean(4),63.5,5.26,mean(4),68.25,9.46,mean(4),80,5.42,mean(4),78,4.24,mean(4),65.75,12.47,mean(4)
997,1534,宪法框架下的协商民主及其法治化路径,马一德,中国社会科学,2016,宪法学与行政法学,59.47,14.11,E1,False,,16.78,12.08,4.7,29.3,26.0,3,6,,0,0,0,,,,,,0,,,,44.25,26.03,mean(4),61.25,14.22,mean(4),52.5,2.89,mean(4),85.75,3.3,mean(4),69.25,21.09,mean(4),68.75,4.99,mean(4)
941,1535,互联网金融的法律规制——基于信息工具的视角,杨东[1],中国社会科学,2015,经济法学,59.46,11.66,E1,False,,18.67,12.72,5.95,24.5,17.8,1,6,,0,0,0,,,,,,0,,,,49.25,11.06,mean(4),45.75,17.58,mean(4),66.75,12.58,mean(4),83,2.0,mean(4),70.5,17.77,mean(4),67.5,15.2,mean(4)
974,1536,司法方法在裁判中的运用——法条至上、原则裁判与后果权衡,任强,中国社会科学,2017,法学理论,59.46,9.32,E1,False,,14.63,8.55,6.08,25.7,14.2,2,6,,0,0,0,,,,,,0,,,,46.5,8.35,mean(4),60.25,11.15,mean(4),58.25,14.2,mean(4),79,9.7,mean(4),80,2.31,mean(4),58,5.72,mean(4)
378,1537,我国刑法制裁体系的反思与完善,彭文华[1],中国法学,2022,刑法学,59.35,9.48,E1,False,,17.2,9.3,7.9,28.2,20.4,3,6,,0,0,0,,,,,,0,,,,47.25,8.96,mean(4),64.75,10.37,mean(4),47.5,20.36,mean(4),81,3.56,mean(4),74.5,6.66,mean(4),73.25,5.68,mean(4)
1156,1538,中国法律传统的经济理性,夏扬,法学研究,2016,法学理论,59.35,8.33,E1,False,,16.5,7.27,9.23,26.4,13.9,4,6,,0,0,0,,,,,,0,,,,48,13.88,mean(4),69,11.17,mean(4),35,4.08,mean(4),85,2.45,mean(4),79,4.55,mean(4),51.25,7.5,mean(4)
498,1539,民事诉讼的社会化,王福华,中国法学,2018,诉讼法学,59.31,5.67,E1,False,,14.52,5.72,8.8,20.4,15.8,5,6,,0,0,0,,,,,,0,,,,38.75,2.99,mean(4),78.5,6.03,mean(4),54.25,15.76,mean(4),74.75,3.77,mean(4),82,3.27,mean(4),65,2.45,mean(4)
930,1540,中国法治社会的结构及其运行机制,陈柏峰[1],中国社会科学,2019,宪法学与行政法学,59.28,8.11,E1,False,,15.68,6.63,9.05,30.3,14.4,5,6,,0,0,0,,,,,,0,,,,42.5,14.43,mean(4),68.5,6.03,mean(4),51.25,4.79,mean(4),81.25,6.4,mean(4),80.75,3.4,mean(4),61.25,4.79,mean(4)
1046,1541,网络交易法律关系构造,杨立新,中国社会科学,2016,民商法学,59.26,11.69,E1,False,,17.13,11.5,5.63,33.8,22.9,3,6,,0,0,0,,,,,,0,,,,34.25,9.95,mean(4),53.5,22.94,mean(4),82,6.68,mean(4),85.5,5.0,mean(4),68.75,17.95,mean(4),47.5,6.45,mean(4)
136,1542,人格权编的中国范式与中国式现代化的实现,石佳友[1],中国法学,2023,民商法学,59.24,4.76,E1,False,,10.88,4.93,5.95,17.6,7.1,6,6,,0,0,0,,,,,,0,,,,33.75,4.79,mean(4),83.75,4.19,mean(4),41.5,4.43,mean(4),86.25,5.56,mean(4),76.25,3.5,mean(4),60.5,7.14,mean(4)
1839,1543,劳动法视野下工作生活平衡原则的确立与规则建构,谢增毅[1],法学研究,2025,经济法学,59.21,10.53,E1,False,,15.5,9.3,6.2,28.8,20.9,3,6,,0,0,0,,,,,,0,,,,40.75,9.6,mean(4),55.5,20.92,mean(4),66,11.53,mean(3),85.5,5.57,mean(4),76.75,4.27,mean(4),68.25,3.95,mean(4)
995,1544,大国司法理念与中国国际民事诉讼制度的发展,何其生[1],中国社会科学,2017,诉讼法学,59.16,6.88,E1,False,,14.13,6.43,7.7,23.8,17.5,5,6,,0,0,0,,,,,,0,,,,42.5,5.0,mean(4),61,8.04,mean(4),63.25,17.48,mean(4),79.25,4.72,mean(4),85,0.82,mean(4),79,2.58,mean(4)
436,1545,数字法学范畴体系的分层结构与逻辑展开,"任颖[1,2]",中国法学,2025,法学理论,59.13,7.03,E1,False,,13.33,6.58,6.75,19.7,12.3,4,6,,0,0,0,,,,,,0,,,,31.25,6.29,mean(4),58,12.33,mean(4),85.25,9.43,mean(4),82.5,3.32,mean(4),79.75,3.86,mean(4),62,4.32,mean(4)
1528,1546,新时代行政生效裁判检察监督之道,章志远[1],法学研究,2024,诉讼法学,59.12,5.88,E1,False,,16.63,6.0,10.63,40.5,13.1,4,6,,0,0,0,,,,,,0,,,,31.25,2.5,mean(4),77.5,13.08,mean(4),61.5,9.47,mean(4),80.75,2.99,mean(4),79.5,1.91,mean(4),61.5,6.03,mean(4)
1386,1547,城镇规划区违建执法困境及其解释——国家能力的视角,陈柏峰[1],法学研究,2015,法学理论,59.1,12.35,E1,False,,18.08,10.08,8.0,27.9,21.6,3,6,,0,0,0,,,,,,0,,,,45.75,21.64,mean(4),64.25,14.1,mean(4),45.75,8.3,mean(4),84,4.24,mean(4),80.5,6.56,mean(4),52,5.72,mean(4)
1043,1548,空间正义实现的公共规制,靳文辉[1],中国社会科学,2021,法学理论,58.91,5.55,E1,False,,13.87,5.37,8.5,35.4,7.7,6,6,,0,0,0,,,,,,0,,,,36.25,6.29,mean(4),70.75,5.06,mean(4),56,5.89,mean(4),83.25,4.27,mean(4),80,7.7,mean(4),71.75,2.87,mean(4)
1505,1549,数字公民的身份确认及权利保障,马长山[1],法学研究,2023,宪法学与行政法学,58.84,5.11,E1,False,,15.38,5.8,9.58,31.6,12.2,5,6,,0,0,0,,,,,,0,,,,35.5,1.73,mean(4),77.33,4.62,mean(3),50,12.25,mean(4),82,4.9,mean(4),73.25,5.68,mean(4),72,5.72,mean(4)
783,1550,论我国“特定区域”法治先行,王春业[1],中国法学,2020,法学理论,58.79,7.68,E1,False,,17.02,7.87,9.15,22.9,15.2,3,6,,0,0,0,,,,,,0,,,,38.75,8.54,mean(4),76.75,4.27,mean(4),51,11.46,mean(4),76.75,4.27,mean(4),77.5,15.2,mean(4),80.75,3.4,mean(4)
678,1551,行政审批（许可）权力清单建构中的法律问题,王克稳,中国法学,2017,宪法学与行政法学,58.75,10.9,E1,False,,21.02,9.65,11.37,32.8,18.5,3,6,,0,0,0,,,,,,0,,,,58,11.22,mean(4),45,18.51,mean(4),51.25,11.09,mean(4),79.25,6.75,mean(4),68.5,6.03,mean(4),81.25,4.35,mean(4)
153,1552,企业犯罪预防中合规计划制度的借鉴,"李本灿[1,2]",中国法学,2015,刑法学,58.72,11.8,E1,False,,19.53,10.53,9.0,30.2,14.9,2,6,,0,0,0,,,,,,0,,,,61.5,14.11,mean(4),51.25,14.93,mean(4),37.75,13.57,mean(4),77.75,6.85,mean(4),75,9.63,mean(4),59.5,4.2,mean(4)
1001,1553,推进农地三权分置经营模式的立法研究,孙宪忠,中国社会科学,2016,环境与资源保护法学,58.69,8.91,E1,False,,19.82,7.43,12.38,33.8,14.5,3,6,,0,0,0,,,,,,0,,,,53.75,12.34,mean(4),45.5,14.53,mean(4),61.75,9.74,mean(4),77,2.45,mean(4),86,1.41,mean(4),76.75,4.27,mean(4)
437,1554,数字法学视野下的网络空间治理,何邦武[1],中国法学,2022,法学理论,58.68,7.29,E1,False,,15.17,6.2,8.97,25.0,12.9,5,6,,0,0,0,,,,,,0,,,,50,12.91,mean(4),68,4.97,mean(4),40.5,1.0,mean(4),76,7.12,mean(4),72.75,5.74,mean(4),64.5,5.51,mean(4)
653,1555,聂树斌案再审：由来、问题与意义,胡云腾,中国法学,2017,诉讼法学,58.66,15.87,E1,False,,25.0,15.27,9.73,39.5,31.3,1,6,,0,0,0,,,,,,0,,,,59.5,17.25,mean(4),34.25,17.58,mean(4),60.75,31.32,mean(4),80.25,3.5,mean(4),82.5,13.72,mean(4),55,8.16,mean(4)
768,1556,论国际裁判中的司法政策,朱利江[1],中国法学,2024,国际法学,58.66,8.74,E1,False,,15.63,6.65,8.98,28.8,17.8,5,6,5-boundary-only,0,0,0,,,,,,0,,,,45,17.8,mean(4),72.5,7.14,mean(4),46.75,3.5,mean(4),74.25,4.35,mean(4),78,4.24,mean(4),68.75,2.99,mean(4)
927,1557,中国政府治理的法治路径,石佑启;杨治坤,中国社会科学,2018,宪法学与行政法学,58.63,5.94,E1,False,,12.3,5.48,6.82,18.3,7.6,6,6,,0,0,0,,,,,,0,,,,37.5,6.45,mean(4),73.5,4.43,mean(4),49.25,5.62,mean(4),82.5,7.14,mean(4),83.25,7.63,mean(4),73.5,1.73,mean(4)
375,1558,我国农村集体养老的法律制度供给,李蕊[1],中国法学,2025,民商法学,58.6,8.84,E1,False,,14.7,6.77,7.93,21.7,20.1,4,6,,0,0,0,,,,,,0,,,,31.75,20.06,mean(4),64.75,0.5,mean(4),70.25,8.62,mean(4),84,4.24,mean(4),85.75,4.35,mean(4),75.75,2.87,mean(4)
435,1559,数字法学的理论表达,马长山[1],中国法学,2022,法学理论,58.59,7.87,E1+E2,True,,14.68,6.17,8.52,21.2,8.2,5,6,,0,0,0,,,,,,0,,,,31.0,5.68,median(8) [E1+E2],78.0,6.15,median(8) [E1+E2],50,15.43,median(7) [E1+E2],87.0,8.22,median(8) [E1+E2],76.0,6.34,median(8) [E1+E2],80.0,6.79,median(8) [E1+E2]
390,1560,我国环境公益诉讼制度的建构问题与解决对策,罗丽,中国法学,2017,刑法学,58.53,4.31,E1,False,,11.0,4.85,6.15,18.9,8.3,5,6,,0,0,0,,,,,,0,,,,44,4.0,mean(4),63.5,3.42,mean(4),58,6.78,mean(4),75.75,3.3,mean(4),78.5,3.32,mean(4),64.25,8.3,mean(4)
402,1561,我国证券集团诉讼的模式选择与制度重构,章武生,中国法学,2017,民商法学,58.49,9.37,E1,False,,15.93,8.17,7.77,36.2,21.0,4,6,,0,0,0,,,,,,0,,,,61,9.2,mean(4),43.25,21.0,mean(4),45.75,4.35,mean(4),79.5,5.26,mean(4),85,4.97,mean(4),60.5,4.2,mean(4)
1797,1562,近代中国统一法律适用的实践,聂鑫[1],法学研究,2023,法律史,58.46,5.67,E1,False,,15.37,6.75,8.62,22.5,17.0,4,6,,0,0,0,,,,,,0,,,,43.25,5.38,mean(4),68,8.49,mean(4),48.75,2.5,mean(4),79,4.24,mean(4),84.25,2.87,mean(4),36.75,17.0,mean(4)
1108,1563,“六事”视野中的清代则例,陈煜[1],法学研究,2024,法律史,58.43,6.77,E1,False,,19.62,9.8,9.82,27.7,22.6,4,6,,0,0,0,,,,,,0,,,,32.5,2.89,mean(4),68.75,6.29,mean(4),62.75,5.12,mean(4),83.75,3.5,mean(4),68.5,22.58,mean(4),34.5,18.38,mean(4)
937,1564,中国行政法学学术体系的构造,周佑勇[1],中国社会科学,2022,宪法学与行政法学,58.32,12.64,E1,False,,15.03,12.02,3.02,24.3,21.4,2,6,,0,0,0,,,,,,0,,,,38.75,13.77,mean(4),72.75,21.12,mean(4),45,8.16,mean(4),83.25,3.59,mean(4),67,21.43,mean(4),78.5,4.04,mean(4)
143,1565,从基础司改到综配司改:“内卷化”效应纾解,"杨力[1,2]",中国法学,2020,诉讼法学,58.19,6.97,E1,False,,16.12,7.1,9.02,31.6,8.8,3,6,,0,0,0,,,,,,0,,,,32.5,5.0,mean(4),76.25,8.54,mean(4),59.75,8.81,mean(4),77.5,6.61,mean(4),75,8.72,mean(4),74.75,4.99,mean(4)
1114,1566,《印中搜闻》与19世纪早期西方人的中国法律观,李秀清,法学研究,2017,法律史,58.18,7.31,E1,False,,16.97,6.5,10.47,37.9,11.9,4,6,,0,0,0,,,,,,0,,,,42.5,11.9,mean(4),73.25,3.5,mean(4),50,7.07,mean(2),72.75,4.57,mean(4),68.25,9.43,mean(4),33.75,2.5,mean(4)
615,1567,立法性决定的界定与效力,金梦,中国法学,2018,法学理论,58.16,11.37,E1,False,,19.27,9.88,9.38,25.6,20.2,3,6,,0,0,0,,,,,,0,,,,53.75,20.16,mean(4),50,4.4,mean(4),55.75,10.72,mean(4),74.75,5.74,mean(4),56.75,15.44,mean(4),57.5,2.89,mean(4)
811,1568,论民事诉讼中的协同主义,杨严炎[1],中国法学,2020,诉讼法学,58.1,15.16,E1,False,,22.83,15.12,7.72,34.5,24.4,2,6,,0,0,0,,,,,,0,,,,52.5,24.45,mean(4),48,6.78,mean(4),55.25,20.68,mean(4),78.75,6.24,mean(4),72.5,9.88,mean(4),52.75,22.68,mean(4)
1887,1569,人类命运共同体理念的国际法表达,梁开银[1],中国法学,2025,国际法学,58.1,9.09,E1,False,,14.67,9.57,5.1,29.1,22.9,4,6,,0,0,0,,,,,,0,,,,40,10.8,mean(4),70.75,5.62,mean(4),46.25,3.5,mean(4),81.5,7.9,mean(4),68.75,22.87,mean(4),70,6.73,mean(4)
890,1570,通过政策的司法治理,李红勃[1],中国法学,2020,法学理论,58.06,12.9,E1,False,,16.67,11.65,5.02,27.7,24.0,3,6,,0,0,0,,,,,,0,,,,50,17.11,mean(4),57.25,23.96,mean(4),40,5.77,mean(4),84.5,4.51,mean(4),78,5.66,mean(4),62.75,12.84,mean(4)
151,1571,以审判为中心背景下的刑事辩护突出问题研究,顾永忠,中国法学,2016,刑法学,58.03,14.03,E1,False,,20.75,12.6,8.15,32.6,23.3,3,6,,0,0,0,,,,,,0,,,,60.5,16.26,mean(4),46,20.05,mean(4),49.5,23.33,mean(4),72.75,3.59,mean(4),81,6.16,mean(4),69,6.16,mean(4)
886,1572,近代中国宪制的发展,聂鑫,中国法学,2015,法律史,58.03,16.69,E1,False,,21.32,13.93,7.38,40.0,37.5,4,6,,0,0,0,,,,,,0,,,,55.5,19.82,mean(4),56.25,37.5,mean(4),40.5,7.14,mean(4),76.75,5.68,mean(4),79.25,7.18,mean(4),56.25,6.29,mean(4)
949,1573,从治外法权到域外规治——以管辖理论为视角,屈文生,中国社会科学,2021,国际法学,58.03,5.75,E1,False,,12.08,5.53,6.55,24.3,8.9,5,6,,0,0,0,,,,,,0,,,,37.5,5.0,mean(4),75,8.87,mean(4),47.5,2.89,mean(4),79.75,7.5,mean(4),79.5,1.91,mean(4),73.25,6.99,mean(4)
1396,1574,基层法院的执行生态与非均衡执行,于龙刚[1],法学研究,2020,环境与资源保护法学,58.01,8.0,E1,False,,11.82,7.73,4.08,22.6,16.9,4,6,,0,0,0,,,,,,0,,,,36.75,10.44,mean(4),63.75,6.29,mean(4),59.25,16.88,mean(4),83.25,1.5,mean(4),83.25,4.27,mean(4),53.5,7.05,mean(4)
1003,1575,政法范畴的本体论诠释,黄文艺[1],中国社会科学,2022,党内法规学,58.0,7.38,E1,False,,13.8,7.37,6.43,16.4,13.4,4,6,,0,0,0,,,,,,0,,,,38.75,4.79,mean(4),77.5,5.0,mean(4),37.5,13.4,mean(4),82.75,10.18,mean(4),72.75,7.27,mean(4),76.25,3.5,mean(4)
535,1576,法律实证研究的兴起与分化,陈柏峰,中国法学,2018,法学理论,57.97,8.02,E1,False,,13.63,7.17,6.47,19.4,12.2,4,6,1-empty-status,0,0,0,,,,,,0,,,,38.75,7.5,mean(4),77.5,8.81,mean(4),50,5.77,mean(4),73.25,12.2,mean(4),81.25,5.38,mean(4),80.25,3.3,mean(4)
1926,1577,经济法中的时间秩序,靳文辉[1],中国社会科学,2025,经济法学,57.91,6.17,E1,False,,13.3,6.95,6.35,21.5,15.6,4,6,,0,0,0,,,,,,0,,,,36.25,6.29,mean(4),60.25,5.56,mean(4),66,9.09,mean(4),82,0.0,mean(4),74.25,15.56,mean(4),70.75,5.06,mean(4)
1831,1578,面向共治格局的法治形态及其展开,杜辉[1],法学研究,2019,法学理论,57.82,6.65,E1,False,,13.15,5.32,7.83,22.7,11.4,4,6,,0,0,0,,,,,,0,,,,39.25,11.35,mean(4),67.5,3.32,mean(4),49.5,8.43,mean(4),82.25,5.44,mean(4),81,1.15,mean(4),77.25,2.22,mean(4)
643,1579,网络平台治理立法的反思与完善,张新平[1],中国法学,2023,经济法学,57.75,8.57,E1,False,,14.93,7.2,7.73,30.9,10.5,3,6,,0,0,0,,,,,,0,,,,35.75,10.28,mean(4),72.5,8.81,mean(4),53.75,6.24,mean(4),79,10.52,mean(4),81.25,6.4,mean(4),64.25,0.96,mean(4)
231,1580,刑事诉讼数据处理的全流程监管,郑曦[1],中国法学,2024,诉讼法学,57.71,2.88,E1,False,,11.42,3.42,8.0,17.0,5.6,6,6,,0,0,0,,,,,,0,,,,30,0.0,mean(4),60.25,5.56,mean(4),80,5.42,mean(4),80,2.31,mean(4),83.75,2.63,mean(4),67.25,4.57,mean(4)
1067,1581,论人类命运共同体构建中的和平搁置争端,黄瑶[1],中国社会科学,2019,国际法学,57.71,5.56,E1,False,,11.05,5.78,5.27,15.1,8.3,5,6,,0,0,0,,,,,,0,,,,37.5,6.45,mean(4),73.5,4.43,mean(4),47,3.46,mean(4),80.25,6.02,mean(4),79.25,5.97,mean(4),72.75,8.3,mean(4)
1222,1582,促进人与自然和谐共生的中国式法律协同观,张璐[1],法学研究,2023,环境与资源保护法学,57.71,9.98,E1,False,,16.58,9.9,6.68,27.8,20.0,3,6,,0,0,0,,,,,,0,,,,36.25,6.29,mean(4),60.75,19.97,mean(4),62.5,11.12,mean(4),83.25,3.5,mean(4),72,16.08,mean(4),71.75,2.36,mean(4)
1051,1583,罪刑关系的体系化及其实现,彭文华[1],中国社会科学,2024,刑法学,57.69,7.76,E1,False,,15.28,7.3,7.98,23.8,16.1,4,6,,0,0,0,,,,,,0,,,,34.25,5.68,mean(4),74.5,13.18,mean(4),46.75,16.09,mean(4),84.25,2.63,mean(4),77.5,3.32,mean(4),82,2.94,mean(4)
1071,1584,论司法决策的适度“再情感化”,杜宴林[1],中国社会科学,2025,法学理论,57.66,7.21,E1,False,,15.25,5.98,9.27,21.1,14.8,5,6,,0,0,0,,,,,,0,,,,52,14.81,mean(4),55,0.0,mean(4),45.75,5.91,mean(4),77.75,5.06,mean(4),82.5,7.14,mean(4),79.5,3.0,mean(4)
373,1585,我国公共卫生法治的理论坐标与制度构建,李广德[1],中国法学,2020,环境与资源保护法学,57.6,5.83,E1,False,,13.1,6.83,6.27,21.7,15.6,5,6,,0,0,0,,,,,,0,,,,33.75,7.5,mean(4),78,4.24,mean(4),46.25,3.5,mean(4),81.5,4.04,mean(4),79,6.16,mean(4),65.25,15.56,mean(4)
1609,1586,法治如何定量——我国法治评估量化方法评析,周祖成;杨惠琪,法学研究,2016,法学理论,57.59,9.59,E1,False,,15.32,7.77,7.55,27.4,18.7,4,6,,0,0,0,,,,,,0,,,,45.5,18.73,mean(4),68.75,6.5,mean(4),50,4.08,mean(4),70.25,4.79,mean(4),73.5,9.47,mean(4),74.5,3.0,mean(4)
104,1587,中国环境司法的能动协同现象与形成发展逻辑,"张忠民[1,2]",中国法学,2023,环境与资源保护法学,57.51,8.87,E1,False,,12.67,9.42,3.25,20.5,15.0,2,6,,0,0,0,,,,,,0,,,,37.5,12.58,mean(4),69.5,8.43,mean(4),49.25,6.5,mean(4),81.75,2.87,mean(4),71.5,11.09,mean(4),60.5,14.98,mean(4)
342,1588,审判委员会制度改革路径实证研究,无,中国法学,2018,诉讼法学,57.46,11.33,E1,False,,19.28,9.57,9.72,30.3,16.4,3,6,,0,0,0,,,,,,0,,,,53.75,13.62,mean(4),37.5,15.0,mean(4),60.75,16.4,mean(4),80.5,6.61,mean(4),80.75,3.4,mean(4),77,2.45,mean(4)
69,1589,"中国""宪法实施""的话语体系与演变脉络",苗连营[1],中国法学,2021,宪法学与行政法学,57.35,5.2,E1,False,,14.97,4.7,10.27,25.9,7.1,6,6,,0,0,0,,,,,,0,,,,35,7.07,mean(4),80.75,3.77,mean(4),50,2.31,mean(4),73,6.27,mean(4),78,5.72,mean(4),68.75,2.99,mean(4)
522,1590,民法法典化运动中的知识产权法,"吴汉东[1,2]",中国法学,2016,知识产权法学,57.34,10.24,E1,False,,21.43,9.22,12.22,28.1,16.1,3,6,,0,0,0,,,,,,0,,,,42.5,10.85,mean(4),52,16.1,mean(4),58.25,10.44,mean(4),84.25,6.24,mean(4),79.5,7.14,mean(4),71.75,4.72,mean(4)
1643,1591,生命科技时代民法中人的主体地位构造基础,汪志刚,法学研究,2016,民商法学,57.33,14.34,E1,False,,24.88,13.05,11.83,38.8,29.3,2,6,,0,0,0,,,,,,0,,,,46.25,11.79,mean(4),47.33,29.26,mean(3),64.25,17.56,mean(4),78.75,7.8,mean(4),80.25,3.3,mean(4),68.75,8.54,mean(4)
684,1592,行政法典编纂视角下明清会典的编纂理念、立法模式及启示,罗冠男[1],中国法学,2023,宪法学与行政法学,57.31,7.97,E1,False,,12.13,7.2,4.93,17.0,11.1,3,6,,0,0,0,,,,,,0,,,,36.25,11.09,mean(4),75.5,3.32,mean(4),41.25,10.31,mean(4),82.75,7.37,mean(4),74,8.16,mean(4),68.25,2.87,mean(4)
602,1593,社会自我规制与行政法的任务,高秦伟[1],中国法学,2015,宪法学与行政法学,57.28,5.24,E1,False,,12.23,4.77,7.47,19.8,7.7,6,6,,0,0,0,,,,,,0,,,,31.25,6.29,mean(4),79.5,1.91,mean(4),46.75,5.68,mean(4),82,7.66,mean(4),80.25,4.79,mean(4),77.25,2.22,mean(4)
76,1594,中国刑法学自主知识体系的内涵阐释与建构路径,姚建龙[1],中国法学,2025,刑法学,57.25,4.52,E1,False,,12.55,4.58,7.97,14.7,6.9,6,6,,0,0,0,,,,,,0,,,,31.25,2.5,mean(4),82.25,6.95,mean(4),48.25,5.32,mean(4),78,4.32,mean(4),80.75,5.97,mean(4),71.25,2.5,mean(4)
322,1595,备案审查实施法制统一原则的必要性、可能性及其难点,秦前红[1],中国法学,2024,宪法学与行政法学,57.25,7.0,E1,False,,10.28,5.8,4.48,18.8,12.5,4,6,,0,0,0,,,,,,0,,,,38.75,12.5,mean(4),69.25,5.06,mean(4),44.25,8.1,mean(4),82.75,3.2,mean(4),82.5,1.73,mean(4),70.5,4.2,mean(4)
612,1596,立案登记背景下立案庭的定位及其未来走向,张嘉军,中国法学,2018,诉讼法学,57.25,11.88,E1,False,,18.57,9.97,8.6,33.1,27.2,4,6,,0,0,0,,,,,,0,,,,40,12.25,mean(4),54,27.19,mean(4),63.75,6.75,mean(4),81.5,6.45,mean(4),77.25,2.22,mean(4),75.5,4.93,mean(4)
311,1597,城管柔性执法：非强制框架下的效益考虑与路径选择,刘福元,中国法学,2018,宪法学与行政法学,57.21,11.45,E1,False,,19.72,9.52,10.2,31.7,24.4,4,6,,0,0,0,,,,,,0,,,,50.5,16.66,mean(4),35.5,24.35,mean(4),72.5,3.32,mean(4),77.5,1.0,mean(4),69.5,5.97,mean(4),63.25,5.68,mean(4)
538,1598,法律权力的含义和属性,"吴玉章[1,2]",中国法学,2020,宪法学与行政法学,57.21,5.34,E1,False,,18.87,5.47,13.4,27.8,8.3,5,6,4-single-reject,0,0,0,,,,,,0,,,,45.75,8.3,mean(4),62.5,2.89,mean(4),46,4.24,mean(4),77.5,2.89,mean(4),66.75,6.7,mean(4),55.25,7.8,mean(4)
71,1599,"中国人权法学""三大体系""论纲",刘志强[1],中国法学,2022,法学理论,57.16,4.86,E1,False,,10.32,5.33,4.98,14.2,8.3,5,6,,0,0,0,,,,,,0,,,,33.75,4.79,mean(4),83.75,5.68,mean(4),45.75,1.5,mean(4),74.25,4.35,mean(4),72.25,8.26,mean(4),69,7.39,mean(4)
1461,1600,当代中国政法体制的形成及意义,侯猛,法学研究,2016,党内法规学,57.12,8.19,E1+E2,True,,13.07,6.1,6.97,26.6,10.8,5,6,,0,0,1,110,57.12,8.19,E1+E2,coverage_minimum,0,,,,41.0,10.35,median(8) [E1+E2],66.5,12.01,median(8) [E1+E2],49.0,6.3,median(8) [E1+E2],78.0,5.87,median(8) [E1+E2],84.5,3.0,median(8) [E1+E2],80,5.22,median(7) [E1+E2]
1674,1601,积极应对人口老龄化的法治进路,郭春镇[1],法学研究,2023,环境与资源保护法学,57.12,4.84,E1,False,,12.77,4.97,7.8,19.5,11.0,5,6,,0,0,0,,,,,,0,,,,32.75,3.2,mean(4),75.25,4.99,mean(4),44.5,11.0,mean(4),85,3.46,mean(4),72.75,3.59,mean(4),70.25,3.5,mean(4)
1523,1602,文化传承视角下的中国传统法典编纂,宋玲[1],法学研究,2025,法律史,57.04,6.69,E1,False,,20.17,6.87,13.3,42.4,12.9,4,6,,0,0,0,,,,,,0,,,,39,4.24,mean(4),71,12.91,mean(4),49.25,5.06,mean(4),76,6.16,mean(4),88,4.0,mean(4),37.5,8.81,mean(4)
1352,1603,周秦两汉法律“布之于民”考论,徐燕斌,法学研究,2017,法律史,56.97,12.92,E1,False,,18.42,10.98,7.43,26.8,19.7,1,6,,0,0,0,,,,,,0,,,,46.25,19.74,mean(4),67.5,8.81,mean(4),30,12.91,mean(4),82.75,11.03,mean(4),73.75,8.42,mean(4),70.75,5.06,mean(4)
1406,1604,备案审查的国家治理功能,王理万[1],法学研究,2024,宪法学与行政法学,56.96,11.65,E1,False,,16.9,10.3,6.6,31.0,23.8,3,6,,0,0,0,,,,,,0,,,,51,15.43,mean(4),47,23.76,mean(4),42.75,6.4,mean(4),86.5,1.73,mean(4),81.25,4.79,mean(4),65.75,9.74,mean(4)
310,1605,城乡融合发展视域下农村土地权利制度优化的实现路径,"蔡立东[1,2]",中国法学,2025,环境与资源保护法学,56.94,7.8,E1,False,,15.83,8.13,7.7,29.6,18.7,4,6,,0,0,0,,,,,,0,,,,48.75,4.79,mean(4),50.75,18.68,mean(4),47.5,3.7,mean(4),82.5,3.11,mean(4),77.75,10.59,mean(4),66.75,7.89,mean(4)
252,1606,双重社会转型下中国环境法的挑战与因应,秦天宝[1],中国法学,2024,环境与资源保护法学,56.81,8.07,E1,False,,13.25,6.68,6.57,17.9,13.1,4,6,,0,0,0,,,,,,0,,,,42.5,9.71,mean(4),56.25,13.15,mean(4),67.25,7.37,mean(4),71,4.24,mean(4),75.25,5.74,mean(4),68,0.0,mean(4)
100,1607,中国特色刑法域外适用规则的问题与完善,蒋娜[1],中国法学,2022,国际法学,56.72,8.93,E1,False,,17.95,8.3,9.65,37.5,21.0,4,6,,0,0,0,,,,,,0,,,,36.25,7.5,mean(4),68,6.78,mean(4),46.25,20.97,mean(4),84,9.2,mean(4),75.75,1.5,mean(4),75.25,3.77,mean(4)
1030,1608,生态环境刑法立法的内在构造,李梁[1],中国社会科学,2025,环境与资源保护法学,56.71,4.95,E1,False,,17.88,7.08,10.8,36.8,20.8,5,6,,0,0,0,,,,,,0,,,,38.75,4.79,mean(4),71.5,4.73,mean(4),47.5,3.32,mean(4),75.75,1.5,mean(4),70.75,7.37,mean(4),62.75,20.76,mean(4)
1036,1609,社会公共利益的私法实现机制,赵万一[1],中国社会科学,2024,民商法学,56.71,7.01,E1,False,,12.32,6.4,5.92,26.0,14.4,4,6,,0,0,0,,,,,,0,,,,34,4.62,mean(4),57.5,14.43,mean(4),68,9.93,mean(4),81.5,4.04,mean(4),86,3.37,mean(4),77.75,2.06,mean(4)
957,1610,公权与私权共治的法律机制,唐清利,中国社会科学,2016,法学理论,56.69,11.3,E1,False,,15.37,10.33,5.03,23.6,17.2,3,6,,0,0,0,,,,,,0,,,,33.75,14.36,mean(4),54.25,17.19,mean(4),75.75,2.87,mean(4),79.25,6.6,mean(4),70.25,15.15,mean(4),68,5.72,mean(4)
365,1611,当代中国的法律实证研究,程金华,中国法学,2015,法学理论,56.59,4.47,E1,False,,12.82,4.6,8.22,19.4,6.7,6,6,,0,0,0,,,,,,0,,,,38.75,4.79,mean(4),73.25,2.75,mean(4),36.5,1.73,mean(4),81.75,6.5,mean(4),80,6.73,mean(4),60.75,5.06,mean(4)
1550,1612,检察官相对独立论,朱孝清[1],法学研究,2015,诉讼法学,56.44,16.73,E1,False,,24.68,16.7,7.98,35.4,29.2,2,6,,0,0,0,,,,,,0,,,,42.5,16.58,mean(4),53.5,20.24,mean(4),58.5,29.22,mean(4),78.75,2.99,mean(4),67,23.22,mean(4),69.5,8.02,mean(4)
501,1613,民刑共治：中国式现代犯罪治理新模式,刘艳红[1],中国法学,2022,刑法学,56.41,8.24,E1,False,,15.62,7.73,7.88,24.1,14.2,4,6,,0,0,0,,,,,,0,,,,37.5,5.0,mean(4),65.25,14.17,mean(4),52,12.88,mean(4),79.25,6.75,mean(4),79.5,5.0,mean(4),56.25,2.5,mean(4)
320,1614,境外追赃中犯罪资产分享制度研究,商浩文[1],中国法学,2022,刑法学,56.37,3.06,E1,False,,11.15,3.75,7.4,20.5,11.4,5,6,,0,0,0,,,,,,0,,,,35,0.0,mean(4),58.75,2.99,mean(4),69.75,11.38,mean(4),76,1.41,mean(4),84.25,2.87,mean(4),75.25,3.77,mean(4)
856,1615,证券期货市场高频交易的法律监管框架研究,邢会强,中国法学,2016,民商法学,56.37,6.07,E1,False,,13.92,5.95,7.97,30.4,7.5,6,6,,0,0,0,,,,,,0,,,,36.25,7.5,mean(4),59,6.16,mean(4),62.25,5.06,mean(4),79.5,5.0,mean(4),89,4.76,mean(4),67.75,7.14,mean(4)
1084,1616,论法治思维的规则,陈金钊[1];李德进[2],中国社会科学,2025,法学理论,56.16,8.2,E1,False,,17.37,9.78,7.58,34.0,26.4,4,6,,0,0,0,,,,,,0,,,,32,4.0,mean(4),72.25,6.75,mean(4),55.25,26.45,mean(4),77,2.0,mean(4),78.5,6.03,mean(4),54.25,13.5,mean(4)
1522,1617,文化中国的法律构建——以历史文化遗产法为中心,李富鹏[1],法学研究,2025,法学理论,56.12,10.49,E1,False,,14.78,9.42,5.37,29.8,20.1,3,6,,0,0,0,,,,,,0,,,,40,10.0,mean(4),60,20.07,mean(4),43,5.77,mean(4),86.25,6.24,mean(4),73.5,12.92,mean(4),77.25,1.5,mean(4)
1112,1618,“祖制”的法律解读,朱勇,法学研究,2016,法律史,56.04,11.72,E1,False,,19.28,9.85,9.43,30.1,21.7,3,6,,0,0,0,,,,,,0,,,,49.25,21.65,mean(4),37.5,8.66,mean(4),61.75,6.24,mean(4),80.5,6.61,mean(4),72.5,8.81,mean(4),45,7.07,mean(4)
706,1619,认罪认罚从宽制度研究,陈卫东,中国法学,2016,刑法学,56.0,9.93,E1,False,,20.85,10.33,10.52,30.9,15.9,3,6,,0,0,0,,,,,,0,,,,42.5,6.45,mean(4),54.25,12.74,mean(4),52,15.9,mean(4),81,6.22,mean(4),68.5,15.72,mean(4),67.5,5.0,mean(4)
1305,1620,刑事速裁程序试点实效检验——基于12666份速裁案件裁判文书的实证分析,李本森,法学研究,2017,诉讼法学,55.94,14.6,E1,False,,22.1,15.52,6.58,31.6,28.2,1,6,,0,0,0,,,,,,0,,,,58.25,16.7,mean(4),29.5,18.01,mean(4),60.5,14.06,mean(4),75.5,1.73,mean(4),62.25,28.19,mean(4),51.25,14.36,mean(4)
1147,1621,中国式法治现代化概念的逻辑构造及其展开,郭晔[1],法学研究,2024,法学理论,55.93,5.26,E1,False,,13.38,5.33,8.05,35.7,12.2,5,6,,0,0,0,,,,,,0,,,,31.25,2.5,mean(4),74.25,12.18,mean(4),47.75,2.06,mean(4),80.75,4.86,mean(4),77.5,5.57,mean(4),58.5,4.73,mean(4)
512,1622,民法典编纂中的立法语言规范化,朱涛,中国法学,2017,民商法学,55.87,7.92,E1,False,,18.1,6.58,11.52,25.5,12.2,3,6,,0,0,0,,,,,,0,,,,40.75,12.2,mean(4),59.5,4.2,mean(4),43.75,8.54,mean(4),84,8.29,mean(4),74.5,3.32,mean(4),58.75,2.99,mean(4)
1081,1623,论法律学说的司法运用,彭中礼[1],中国社会科学,2020,法学理论,55.76,7.89,E1,False,,17.07,9.1,7.97,26.6,17.3,3,6,,0,0,0,,,,,,0,,,,47,2.45,mean(4),53.75,8.54,mean(4),58,17.26,mean(4),69.25,5.06,mean(4),68.5,15.72,mean(4),62.5,5.57,mean(4)
1044,1624,粤港澳大湾区治理创新的法治进路,石佑启[1];陈可翔[2],中国社会科学,2019,法学理论,55.75,5.39,E1,False,,10.87,5.95,4.92,20.8,8.8,5,6,,0,0,0,,,,,,0,,,,32.5,2.89,mean(4),75,7.07,mean(4),45.25,3.77,mean(4),79.25,6.75,mean(4),79.75,8.81,mean(4),80,6.27,mean(4)
244,1625,劳动法典编纂的重大意义与体例结构,谢增毅[1],中国法学,2023,经济法学,55.72,6.42,E1,False,,16.3,5.92,10.38,37.6,7.3,6,6,,0,0,0,,,,,,0,,,,36.25,6.29,mean(4),63,7.26,mean(4),46.25,6.29,mean(4),84.75,7.27,mean(4),86,5.42,mean(4),72.5,2.89,mean(4)
1656,1626,省级统管地方法院法官任用改革审思——基于实证考察的分析,左卫民[1],法学研究,2015,诉讼法学,55.69,9.21,E1,False,,15.83,8.97,6.87,29.2,21.0,4,6,,0,0,0,,,,,,0,,,,38.5,4.51,mean(4),52.5,21.02,mean(4),64.25,15.76,mean(4),78.25,2.87,mean(4),83,4.76,mean(4),75,4.76,mean(4)
439,1627,数字财产权对传统财产权理论的重构,孙建伟[1],中国法学,2024,民商法学,55.68,10.31,E1,False,,14.9,9.3,5.6,26.2,15.6,3,6,,0,0,0,,,,,,0,,,,40,12.25,mean(4),54,15.56,mean(4),55.5,12.79,mean(4),81,4.24,mean(4),78,4.24,mean(4),73.75,6.75,mean(4)
731,1628,论互联网法,周汉华[1],中国法学,2015,法学理论,55.65,9.33,E1,False,,15.25,9.47,5.78,36.7,22.5,3,6,,0,0,0,,,,,,0,,,,33.33,5.77,mean(3),68.33,11.93,mean(3),43.33,22.55,mean(3),85.67,2.08,mean(3),81,13.89,mean(3),72.33,0.58,mean(3)
763,1629,论唐代无主物法律制度,顾元[1],中国法学,2020,法律史,55.6,9.58,E1,False,,16.23,9.68,6.55,29.8,17.6,4,6,,0,0,0,,,,,,0,,,,43.25,5.68,mean(4),45.75,17.58,mean(4),56.25,16.52,mean(4),83.5,4.2,mean(4),76.75,6.7,mean(4),72.75,7.37,mean(4)
913,1630,"""一带一路""倡议与国际法——基于国际公共产品供给视角的分析",石静霞,中国社会科学,2021,国际法学,55.59,5.86,E1,False,,12.77,5.78,6.98,21.0,10.4,4,6,,0,0,0,,,,,,0,,,,34.25,2.87,mean(4),68.75,10.44,mean(4),47.5,9.57,mean(4),80.5,4.93,mean(4),78.25,2.87,mean(4),68.5,4.04,mean(4)
1692,1631,群体诉讼的博弈分析,王福华[1],法学研究,2022,诉讼法学,55.59,17.69,E1,False,,18.5,14.83,3.67,31.7,34.7,3,6,,0,0,0,,,,,,0,,,,46.75,20.55,mean(4),30,34.68,mean(4),68.5,20.36,mean(4),84.75,4.72,mean(4),77.75,3.1,mean(4),62.5,5.57,mean(4)
681,1632,行政检察：解决行政争议的第三条道路,"解志勇[1,2]",中国法学,2015,诉讼法学,55.56,9.75,E1,False,,17.82,9.57,8.25,30.5,24.9,4,6,,0,0,0,,,,,,0,,,,33.75,4.79,mean(4),59.25,24.86,mean(4),64,5.42,mean(4),78.25,5.68,mean(4),64.25,11.32,mean(4),74.75,5.25,mean(4)
85,1633,"中国宪法上""社会主义市场经济""的规范结构",韩大元[1],中国法学,2019,宪法学与行政法学,55.5,11.26,E1,False,,15.62,9.75,5.87,42.6,35.3,4,6,,0,0,0,,,,,,0,,,,46.25,8.54,mean(4),52.75,35.32,mean(4),47,2.45,mean(4),78.5,2.52,mean(4),79.75,5.56,mean(4),71,4.24,mean(4)
1002,1634,政府治理中社会整体利益的法治实现,冯辉[1],中国社会科学,2024,宪法学与行政法学,55.5,9.34,E1,False,,17.42,8.93,8.48,22.6,12.7,2,6,,0,0,0,,,,,,0,,,,36.25,9.46,mean(4),58.75,10.11,mean(4),55,9.63,mean(4),81.5,7.9,mean(4),62.75,12.69,mean(4),74.75,3.77,mean(4)
1822,1635,附条件不起诉制度实施状况研究,"何挺[1,2]",法学研究,2019,诉讼法学,55.5,9.36,E1,False,,15.07,8.82,6.25,29.1,19.8,4,6,,0,0,0,,,,,,0,,,,32.5,5.0,mean(4),53.75,19.81,mean(4),64.5,14.53,mean(4),85,5.29,mean(4),78,4.9,mean(4),79.25,3.4,mean(4)
484,1636,正确认识和评价马锡五审判方式,郝铁川[1],中国法学,2023,诉讼法学,55.46,4.78,E1,False,,11.03,5.25,5.78,21.2,10.9,5,6,,0,0,0,,,,,,0,,,,32.5,5.0,mean(4),74.5,1.73,mean(4),43.25,3.4,mean(4),80,5.42,mean(4),65.25,10.87,mean(4),69.25,5.06,mean(4)
1416,1637,婚姻家庭立法的同一性原理,以婚姻家庭理念、形态与财产法律结构为中心,法学研究,2017,民商法学,55.43,8.98,E1,False,,14.63,8.78,5.85,21.3,12.4,3,6,,0,0,0,,,,,,0,,,,44.5,7.59,mean(4),58.5,12.37,mean(4),38.75,9.46,mean(4),81.25,6.99,mean(4),73.5,12.02,mean(2),69.5,4.2,mean(4)
83,1638,中国基本法文化的特征及其当代变迁,陈晓枫[1],中国法学,2015,法律史,55.41,5.43,E1,False,,17.17,7.75,9.42,33.9,20.8,4,6,,0,0,0,,,,,,0,,,,31.25,2.5,mean(4),75,2.45,mean(4),39.5,12.82,mean(4),84,4.24,mean(4),80.75,3.77,mean(4),54.5,20.76,mean(4)
1366,1639,国家在国际造法进程中的角色与功能——以国际海洋法的形成与运作为例,罗欢欣[1],法学研究,2018,国际法学,55.41,10.74,E1,False,,20.25,9.18,11.07,30.7,18.1,2,6,,0,0,0,,,,,,0,,,,38,18.06,mean(4),72.75,9.43,mean(4),40,10.0,mean(4),75.75,5.91,mean(4),76.25,3.5,mean(4),55,8.16,mean(4)
277,1640,员额法官遴选机制改革实证研究:以A省为样板,左卫民[1],中国法学,2020,诉讼法学,55.38,16.87,E1,False,,24.65,15.43,9.22,35.2,28.9,2,6,,0,0,0,,,,,,0,,,,51.5,18.41,mean(4),40.75,28.91,mean(4),52.5,23.27,mean(4),78,0.0,mean(4),67.25,19.55,mean(4),68.25,2.36,mean(4)
59,1641,世界刑事诉讼的四次革命,"冀祥德[1,2]",中国法学,2024,刑法学,55.28,8.42,E1,False,,15.7,9.68,6.02,23.6,17.7,2,6,5-boundary-only,0,0,0,,,,,,0,,,,33.75,4.79,mean(4),60,6.27,mean(4),61.75,11.59,mean(4),78,8.91,mean(4),68.5,17.69,mean(4),64.5,8.81,mean(4)
429,1642,数字化时代国际贸易协定中的文化条款,时业伟[1],中国法学,2023,国际法学,55.25,10.62,E1,False,,18.02,9.55,8.47,25.9,17.1,3,6,,0,0,0,,,,,,0,,,,50,17.11,mean(4),58.5,13.03,mean(4),42.75,4.57,mean(4),69.25,5.06,mean(4),73,6.27,mean(4),68,11.22,mean(4)
270,1643,司法解释权限的界定与行使,刘风景,中国法学,2016,法学理论,55.21,12.53,E1,False,,22.83,12.67,10.17,35.1,26.4,2,6,,0,0,0,,,,,,0,,,,41.67,11.55,mean(3),54.25,26.37,mean(4),57.5,8.66,mean(4),74.75,6.8,mean(4),78,0.0,mean(4),55.75,22.56,mean(4)
887,1644,远程工作的立法理念与制度建构,谢增毅,中国法学,2021,法学理论,55.21,7.5,E1,False,,13.78,6.53,7.25,27.8,16.4,5,6,3-majority-reject,0,0,0,,,,,,0,,,,37.5,5.26,mean(4),47.25,16.4,mean(4),67.5,5.57,mean(4),80.5,6.14,mean(4),80.5,5.8,mean(4),65,0.0,mean(4)
459,1645,新时代司法改革的逻辑展开与路径思考,丁亮华[1],中国法学,2023,诉讼法学,55.12,7.22,E1,False,,14.92,8.8,6.12,24.6,17.0,3,6,,0,0,0,,,,,,0,,,,42.25,5.25,mean(4),61.75,8.3,mean(4),40.5,6.14,mean(4),78.75,3.77,mean(4),64.75,16.96,mean(4),69.75,12.28,mean(4)
86,1646,中国宪法的环境观及其规范表达,张震,中国法学,2018,宪法学与行政法学,55.07,5.48,E1,False,,14.78,5.72,9.07,34.5,11.0,5,6,,0,0,0,,,,,,0,,,,31.25,2.5,mean(4),65.75,11.03,mean(4),59.25,7.18,mean(4),77,3.46,mean(4),75.75,4.92,mean(4),69.5,5.2,mean(4)
1549,1647,检察人员对分类管理改革的立场——以问卷调查为基础,程金华[1],法学研究,2015,诉讼法学,55.0,11.47,E1,False,,19.3,9.48,9.82,26.4,19.5,3,6,,0,0,0,,,,,,0,,,,47.75,19.47,mean(4),58,10.61,mean(4),44.5,6.66,mean(4),70.75,8.85,mean(4),80.75,3.4,mean(4),68.75,7.89,mean(4)
646,1648,网络社会司法治理的实践探索与前景展望,李占国[1],中国法学,2020,诉讼法学,54.96,6.38,E1,False,,13.6,5.95,7.65,16.5,8.4,4,6,1-empty-status,0,0,0,,,,,,0,,,,36.75,5.38,mean(4),52.25,8.42,mean(4),59.25,5.06,mean(4),81.75,8.18,mean(4),73.5,5.26,mean(4),75.5,3.32,mean(4)
1159,1649,中国法治语境下的司法建议：机理、运用与制度完善,顾培东[1],法学研究,2025,诉讼法学,54.9,5.66,E1,False,,11.63,5.6,6.03,15.9,9.5,5,6,,0,0,0,,,,,,0,,,,35,4.08,mean(4),66.75,5.68,mean(4),50.75,5.06,mean(4),76,9.52,mean(4),88.33,3.51,mean(3),76.75,5.68,mean(4)
606,1650,私法渗入公法的必然与边界,张淑芳[1],中国法学,2019,民商法学,54.85,4.64,E1,False,,15.55,5.57,9.98,29.9,13.2,5,6,,0,0,0,,,,,,0,,,,36.75,5.38,mean(4),73.75,3.86,mean(4),45,4.08,mean(4),70.5,3.0,mean(4),68.75,3.77,mean(4),57.5,13.23,mean(4)
82,1651,中国基层法院财政制度实证研究,左卫民[1],中国法学,2015,诉讼法学,54.76,5.65,E1,False,,13.12,4.95,8.17,26.6,9.6,5,6,,0,0,0,,,,,,0,,,,43.25,5.68,mean(4),52.5,9.57,mean(4),40.5,1.91,mean(4),85,6.0,mean(4),84.25,4.35,mean(4),81.25,2.22,mean(4)
216,1652,刑事司法实证研究：以数据及其运用为中心的探讨,何挺,中国法学,2016,刑法学,54.74,8.3,E1,False,,19.65,7.72,11.93,32.3,15.5,4,6,1-empty-status,0,0,0,,,,,,0,,,,34.25,5.68,mean(4),62.5,15.55,mean(4),62,6.78,mean(4),72.25,7.59,mean(4),76.5,8.35,mean(4),77,2.45,mean(4)
551,1653,法治中国背景下国家责任论纲,陶凯元,中国法学,2016,法学理论,54.71,4.74,E1,False,,13.15,4.18,8.97,29.8,7.1,6,6,,0,0,0,,,,,,0,,,,32.5,5.0,mean(4),66,5.89,mean(4),58,7.07,mean(4),74.25,2.87,mean(4),79,4.24,mean(4),75,0.0,mean(4)
397,1654,我国网络信息的政府治理机制研究,尹建国[1],中国法学,2015,宪法学与行政法学,54.65,8.07,E1,False,,19.72,7.92,11.8,32.8,18.5,5,6,,0,0,0,,,,,,0,,,,33.5,3.7,mean(4),56.75,18.5,mean(4),65,7.26,mean(4),76.5,7.05,mean(4),76.75,4.27,mean(4),63.25,6.7,mean(4)
987,1655,地方政府的价值治理及其制度效能,周尚君,中国社会科学,2021,宪法学与行政法学,54.65,3.91,E1,False,,14.08,4.82,9.27,19.6,9.5,4,6,,0,0,0,,,,,,0,,,,35,0.0,mean(4),68.75,9.46,mean(4),55,0.0,mean(4),69.75,4.03,mean(4),68,8.91,mean(4),61,6.48,mean(4)
1838,1656,实质主义宪法监督：内涵、逻辑与实践,朱全宝[1],法学研究,2025,宪法学与行政法学,54.6,4.41,E1,False,,12.22,4.98,7.23,23.5,14.1,5,6,,0,0,0,,,,,,0,,,,30,0.0,mean(4),64.5,14.06,mean(4),54.75,0.5,mean(4),81.5,2.52,mean(4),76.25,7.68,mean(4),60.75,5.06,mean(4)
214,1657,减负与转型的经济法推进,张守文,中国法学,2017,经济法学,54.56,8.08,E1,False,,14.22,8.82,5.4,25.6,15.4,3,6,,0,0,0,,,,,,0,,,,32.5,5.0,mean(4),57.5,10.85,mean(4),54.5,15.37,mean(4),84.75,2.36,mean(4),74.5,13.33,mean(4),61.5,6.03,mean(4)
725,1658,论中国财税法学自主知识体系的建构,刘剑文[1],中国法学,2025,经济法学,54.54,8.8,E1,False,,14.93,8.17,6.77,31.9,24.5,5,6,,0,0,0,,,,,,0,,,,35,4.08,mean(4),60.75,24.47,mean(4),49.75,3.3,mean(4),81.25,6.4,mean(4),79,7.39,mean(4),64.5,3.32,mean(4)
1924,1659,中国妇女权利的宪法建构,任喜荣[1],中国社会科学,2025,宪法学与行政法学,54.54,8.05,E1,False,,14.7,8.17,6.53,27.8,18.4,4,6,,0,0,0,,,,,,0,,,,35.25,6.7,mean(4),59.25,18.41,mean(4),48.25,6.24,mean(4),83.5,1.73,mean(4),77.67,5.51,mean(3),70.25,10.53,mean(4)
1793,1660,迈向大数据法律研究,左卫民[1],法学研究,2018,民商法学,54.53,3.92,E1,False,,12.48,4.4,8.08,18.0,12.9,5,6,,0,0,0,,,,,,0,,,,35,0.0,mean(4),73,3.46,mean(4),37,12.88,mean(4),78.5,4.04,mean(4),72.75,3.59,mean(4),77,2.45,mean(4)
1921,1661,制度型开放的竞争法实现,孙晋[1],中国社会科学,2025,经济法学,54.53,7.59,E1,False,,12.53,8.17,4.37,21.7,17.5,4,6,,0,0,0,,,,,,0,,,,38.25,7.68,mean(4),63.5,9.81,mean(4),41.5,1.0,mean(4),79.75,5.19,mean(4),68,17.49,mean(4),64.75,7.8,mean(4)
15,1662,“南海仲裁案”有关岛礁的裁决与法律和事实不符,吴慧,中国法学,2016,国际法学,54.49,10.67,E1,False,,23.07,10.73,12.33,39.7,16.5,1,6,,0,0,0,,,,,,0,,,,63.25,9.95,mean(4),21.25,14.93,mean(4),46.25,16.52,mean(4),80.75,3.4,mean(4),68,11.2,mean(4),46.25,8.54,mean(4)
944,1663,人性民法与物性刑法的融合发展,刘艳红[1],中国社会科学,2020,刑法学,54.49,10.41,E1,False,,18.42,10.93,7.48,26.0,17.2,1,6,,0,0,0,,,,,,0,,,,26.25,9.46,mean(4),65.5,17.23,mean(4),63.25,8.88,mean(4),79.25,5.62,mean(4),76.75,8.88,mean(4),42.5,15.55,mean(4)
1623,1664,清代君臣的法外施仁博弈,蒋铁初,法学研究,2021,法律史,54.46,10.93,E1,False,,14.68,10.87,3.82,23.9,16.7,1,6,,0,0,0,,,,,,0,,,,43.75,10.31,mean(4),24.25,16.7,mean(4),70.75,8.85,mean(4),88.5,7.19,mean(4),60.75,12.58,mean(4),37.5,9.57,mean(4)
1688,1665,网络暴力治理的法治化转型及立法体系建构,刘艳红[1],法学研究,2023,法学理论,54.41,10.19,E1,False,,16.13,10.3,5.83,27.8,20.2,2,6,,0,0,0,,,,,,0,,,,37.5,8.66,mean(4),58,16.1,mean(4),51,20.17,mean(4),78.75,0.96,mean(4),82.75,7.27,mean(4),73.75,8.54,mean(4)
107,1666,中国语境下的“检察权”概念考察,王海军[1],中国法学,2022,诉讼法学,54.4,7.64,E1,False,,13.32,7.75,5.57,24.1,11.5,3,6,,0,0,0,,,,,,0,,,,36.25,6.29,mean(4),69.5,7.14,mean(4),40.75,8.5,mean(4),76.75,11.47,mean(4),79,2.0,mean(4),31.25,11.09,mean(4)
519,1667,民法分则继承编立法研究,"杨立新[1,2]",中国法学,2017,民商法学,54.37,7.2,E1,False,,16.22,6.82,9.4,26.6,18.1,4,6,,0,0,0,,,,,,0,,,,37.5,5.0,mean(4),70,18.06,mean(4),43.75,8.54,mean(4),72,1.63,mean(4),83.5,1.91,mean(4),60,5.77,mean(4)
179,1668,党内法规制定技术规范论纲,管华[1],中国法学,2019,党内法规学,54.31,7.9,E1,False,,14.58,7.22,7.37,26.4,21.1,5,6,,0,0,0,,,,,,0,,,,34,4.62,mean(4),56.25,21.11,mean(4),60.75,5.06,mean(4),78,4.32,mean(4),82.25,5.25,mean(4),74.25,2.87,mean(4)
1216,1669,依规治党与依法治国的关系,王若磊,法学研究,2016,党内法规学,54.31,9.85,E1,False,,12.3,7.78,4.52,22.9,17.2,4,6,,0,0,0,,,,,,0,,,,35.75,14.22,mean(4),54.25,17.19,mean(4),49.25,5.62,mean(4),86,4.62,mean(4),84,2.45,mean(4),81,2.71,mean(4)
1849,1670,人工智能时代的就业替代与法律应对：中国方案建构,杨建军[1],法学研究,2025,民商法学,54.28,5.46,E1,False,,15.3,5.38,9.92,37.9,8.9,5,6,,0,0,0,,,,,,0,,,,31.25,6.29,mean(4),72,8.91,mean(4),43.75,2.5,mean(4),79,2.0,mean(4),78,7.66,mean(4),75.5,4.93,mean(4)
912,1671,1768年叫魂案再审视与解读,茆巍[1],中国社会科学,2023,诉讼法学,54.21,9.21,E1,False,,15.48,8.12,7.37,32.9,13.4,3,6,3-majority-reject,0,0,0,,,,,,0,,,,38,13.39,mean(4),67,10.89,mean(4),32.5,8.66,mean(4),82,4.32,mean(4),77,5.6,mean(4),50,5.77,mean(4)
1465,1672,成文法背景下的判例实践——近代中国最高审判机构判例汇编与实效,刘昕杰[1],法学研究,2021,法律史,54.21,7.36,E1,False,,14.55,8.98,5.57,29.2,20.8,3,6,,0,0,0,,,,,,0,,,,38.25,4.72,mean(4),74,4.24,mean(4),27,9.27,mean(4),78.75,11.64,mean(4),74.5,3.32,mean(4),55,20.8,mean(4)
356,1673,市场主体规则平等的理论阐释与法律制度构建,"刘大洪[1,2]",中国法学,2019,民商法学,54.19,8.54,E1,False,,16.1,9.08,7.02,33.3,24.2,3,6,,0,0,0,,,,,,0,,,,36.25,2.5,mean(4),45.5,24.17,mean(4),63.25,8.06,mean(4),83,4.16,mean(4),81.75,2.87,mean(4),63.75,12.61,mean(4)
432,1674,数字时代科学立法的法理研究,金梦[1],中国法学,2024,法学理论,54.18,7.68,E1,False,,15.2,8.35,6.85,27.3,17.4,4,6,,0,0,0,,,,,,0,,,,37.5,5.0,mean(4),72.5,6.61,mean(4),30,12.75,mean(4),79,5.29,mean(4),59.75,17.4,mean(4),69.25,2.99,mean(4)
1150,1675,中国投资协议实体保护标准的自由化和多边化演进,沈伟[1],法学研究,2015,法学理论,54.13,13.24,E1,False,,21.42,13.3,8.12,29.8,20.6,1,6,,0,0,0,,,,,,0,,,,38.75,11.09,mean(4),58,20.64,mean(4),54.25,16.58,mean(4),73.25,5.85,mean(4),60,16.91,mean(4),67.5,8.66,mean(4)
759,1676,论司法权和司法行政事务管理权的分离,徐汉明,中国法学,2015,诉讼法学,54.1,12.49,E1,False,,20.7,10.62,10.08,34.9,21.7,3,6,,0,0,0,,,,,,0,,,,38.75,17.02,mean(4),47,21.71,mean(4),58.75,4.79,mean(4),80.75,5.97,mean(4),70.25,8.34,mean(4),74.25,5.91,mean(4)
176,1677,元宇宙的行政规制路径：一个框架性分析,黄锫[1],中国法学,2022,宪法学与行政法学,54.06,13.02,E1,False,,20.23,12.35,7.88,40.4,27.6,3,6,,0,0,0,,,,,,0,,,,37.5,8.66,mean(4),41.75,27.61,mean(4),63,23.92,mean(4),84.5,1.73,mean(4),69.25,7.18,mean(4),60,5.0,mean(3)
463,1678,新时代检察权的定位、特征与发展趋向,苗生明[1],中国法学,2019,诉讼法学,54.06,9.57,E1,False,,15.35,9.18,6.17,34.9,31.0,5,6,,0,0,0,,,,,,0,,,,32.5,2.89,mean(4),63.25,30.96,mean(4),47,4.76,mean(4),82.5,4.12,mean(4),75,7.26,mean(4),72.5,5.0,mean(4)
608,1679,科研项目经费管理改革的法治化路径,蒋悟真[1],中国法学,2020,法学理论,53.82,10.16,E1,False,,16.13,9.38,6.75,35.2,26.7,4,6,,0,0,0,,,,,,0,,,,36.25,4.79,mean(4),54.25,26.69,mean(4),55.5,13.33,mean(4),78.5,4.73,mean(4),82.25,2.06,mean(4),71.75,4.72,mean(4)
460,1680,新时代国家安全法学论纲,李翔[1],中国法学,2024,法学理论,53.79,8.54,E1,False,,15.13,8.67,6.47,27.0,20.6,4,6,,0,0,0,,,,,,0,,,,31.25,2.5,mean(4),78.75,5.38,mean(4),44,6.16,mean(4),70,20.64,mean(4),57.5,16.05,mean(4),79,1.15,mean(4)
78,1681,中国参与国际气候治理的法律立场和策略：以气候正义为视角,曹明德,中国法学,2016,环境与资源保护法学,53.78,6.45,E1,False,,16.73,6.48,10.25,24.3,10.1,5,6,,0,0,0,,,,,,0,,,,32.5,5.0,mean(4),68.25,10.08,mean(4),45.75,7.41,mean(4),77.25,4.57,mean(4),68.75,6.4,mean(4),68,5.42,mean(4)
1246,1682,党管政法：党与政法关系的演进,周尚君,法学研究,2017,党内法规学,53.75,5.6,E1,False,,16.38,6.65,9.73,24.1,11.6,3,6,,0,0,0,,,,,,0,,,,36.25,2.5,mean(4),71.75,2.87,mean(4),28.75,11.09,mean(4),80.75,8.5,mean(4),75.75,3.3,mean(4),57.25,11.59,mean(4)
1457,1683,庭审实质化的路径和方法,龙宗智[1],法学研究,2015,诉讼法学,53.75,8.84,E1,False,,15.98,8.43,7.55,28.7,22.5,4,6,,0,0,0,,,,,,0,,,,36.5,4.43,mean(4),50.75,14.91,mean(4),46.25,22.49,mean(4),88.25,4.19,mean(4),86.5,1.73,mean(4),75.75,2.87,mean(4)
751,1684,论农民集体土地所有权的管理权能,韩松,中国法学,2016,环境与资源保护法学,53.66,11.43,E1,False,,20.55,11.02,9.53,32.0,19.6,2,6,,0,0,0,,,,,,0,,,,32.5,8.66,mean(4),51.75,19.55,mean(4),66.75,7.46,mean(4),77.5,10.5,mean(4),65,14.14,mean(4),52,5.72,mean(4)
876,1685,赋能型人工智能治理的理念确立与机制构建,张吉豫[1],中国法学,2024,法学理论,53.66,7.69,E1,False,,12.6,7.05,5.55,23.6,14.7,5,6,,0,0,0,,,,,,0,,,,26.25,7.5,mean(4),68.75,14.68,mean(4),45.25,2.5,mean(4),86,5.94,mean(4),82.25,7.04,mean(4),68.25,4.72,mean(4)
896,1686,释宪机制的影响因子及其中国构造,刘国,中国法学,2016,法学理论,53.66,7.99,E1,False,,19.23,8.42,10.82,29.2,14.5,2,6,,0,0,0,,,,,,0,,,,48.75,7.5,mean(4),44.5,8.81,mean(4),46.25,2.5,mean(4),75.75,8.66,mean(4),61.25,14.45,mean(4),61.25,8.54,mean(4)
266,1687,司法裁判中的意义分歧及其消解路径,王林清[1],中国法学,2015,法学理论,53.6,10.45,E1,False,,18.4,9.23,9.17,26.9,17.0,3,6,,0,0,0,,,,,,0,,,,53.75,17.02,mean(4),64.5,4.93,mean(4),39.25,5.06,mean(4),53.25,10.56,mean(4),52.5,12.01,mean(4),40,5.77,mean(4)
766,1688,论国家治理体系下的检察公益诉讼,刘艺[1],中国法学,2020,诉讼法学,53.59,7.83,E1,False,,16.83,9.12,7.72,34.2,25.6,4,6,,0,0,0,,,,,,0,,,,36.25,6.29,mean(4),70.75,5.06,mean(4),41.5,11.09,mean(4),71.5,2.52,mean(4),55.5,25.63,mean(4),75,4.08,mean(4)
545,1689,法律解释方法在指导性案例中的运用及其完善,孙光宁,中国法学,2018,法学理论,53.51,5.25,E1,False,,12.32,5.35,6.97,18.2,12.6,5,6,,0,0,0,,,,,,0,,,,31.25,2.5,mean(4),65.5,12.56,mean(4),48.75,4.79,mean(4),78.5,2.52,mean(4),77,5.6,mean(4),72.5,4.12,mean(4)
1904,1690,政法范畴形成论,周尚君[1],中国法学,2025,党内法规学,53.47,9.16,E1,False,,11.68,10.48,1.2,19.6,18.9,3,6,,0,0,0,,,,,,0,,,,28.75,4.79,mean(4),68.25,18.95,mean(4),50.5,4.2,mean(4),78,4.97,mean(4),69,16.15,mean(4),47,13.88,mean(4)
723,1691,论中国法理学史学科的创立,喻中[1],中国法学,2024,法律史,53.43,10.69,E1,False,,16.6,9.92,6.68,33.5,25.0,4,6,,0,0,0,,,,,,0,,,,34.25,4.35,mean(4),56.25,24.96,mean(4),51.25,16.52,mean(4),81,6.63,mean(4),81.75,4.72,mean(4),74.75,2.36,mean(4)
81,1692,中国在南海的历史性权利,贾宇[1],中国法学,2015,法学理论,53.35,10.94,E1,False,,17.98,11.42,6.57,33.4,22.6,2,6,1-empty-status,0,0,0,,,,,,0,,,,35,2.45,mean(4),49.5,22.61,mean(4),63,19.65,mean(4),77.5,8.23,mean(4),87,6.22,mean(4),43.5,9.47,mean(4)
1382,1693,城市化与法治化：城市化的法律治理——农业转移人口公民化与城市治理秩序重建,马长山[1],法学研究,2015,法学理论,53.34,12.45,E1,False,,21.12,10.37,10.75,37.1,26.9,4,6,,0,0,0,,,,,,0,,,,51.75,15.78,mean(4),41.25,26.89,mean(4),48.75,7.5,mean(4),71.25,2.99,mean(4),77.5,3.32,mean(4),65.75,5.68,mean(4)
935,1694,中国自治型公司法的理论证成及制度实现,赵万一;赵吟,中国社会科学,2015,民商法学,53.31,8.34,E1,False,,12.5,8.07,4.43,28.1,25.5,4,6,,0,0,0,,,,,,0,,,,33.25,3.95,mean(4),63.75,25.54,mean(4),46.25,2.5,mean(4),78.25,4.5,mean(4),80.75,3.4,mean(4),64.75,8.62,mean(4)
989,1695,基于中国治理实践的行政法学命题转换,石佑启[1],中国社会科学,2023,宪法学与行政法学,53.15,9.98,E1,False,,14.93,8.87,6.07,29.2,24.0,3,6,,0,0,0,,,,,,0,,,,32.5,6.45,mean(4),66,24.0,mean(4),40.5,3.7,mean(4),80.75,8.85,mean(4),74.75,8.14,mean(4),77.75,2.06,mean(4)
1361,1696,四级两审制的发生和演化,刘忠,法学研究,2015,诉讼法学,53.12,16.51,E1,False,,20.47,14.12,6.35,33.0,27.7,2,6,,0,0,0,,,,,,0,,,,54,27.71,mean(4),25.5,15.2,mean(4),45,20.41,mean(4),85.5,1.0,mean(4),70.25,17.42,mean(4),69.25,2.99,mean(4)
724,1697,论中国特色国际税收法治体系之建构,崔晓静[1],中国法学,2020,法学理论,53.1,10.35,E1,False,,19.53,11.63,7.9,32.8,20.7,2,6,,0,0,0,,,,,,0,,,,37,6.27,mean(4),50.75,8.69,mean(4),48.25,20.71,mean(4),83.25,7.63,mean(4),70.75,15.44,mean(4),71.5,11.09,mean(4)
464,1698,新时代能动司法的倡导与回应型司法的构建,顾培东[1],中国法学,2024,法学理论,52.94,8.88,E1,False,,13.37,8.75,4.62,31.2,27.8,4,6,,0,0,0,,,,,,0,,,,32.5,2.89,mean(4),61.25,27.8,mean(4),47,3.46,mean(4),79.75,5.56,mean(4),79.25,3.77,mean(4),56.75,8.88,mean(4)
516,1699,民法分则合同编立法研究,"王利明[1,2]",中国法学,2017,民商法学,52.93,12.16,E1,False,,20.98,12.17,8.82,28.4,15.8,1,6,,0,0,0,,,,,,0,,,,42.5,15.84,mean(4),52,13.64,mean(4),44.25,14.22,mean(4),76,3.16,mean(4),72.5,12.01,mean(4),63.25,14.22,mean(4)
986,1700,在新的历史起点上推进中国特色法学体系构建,张文显[1],中国社会科学,2019,法学理论,52.82,7.77,E1,False,,18.75,7.83,10.92,31.8,15.6,3,6,,0,0,0,,,,,,0,,,,33.25,3.95,mean(4),70.5,15.63,mean(4),37.5,8.66,mean(4),76,4.24,mean(4),61.75,11.64,mean(4),78.75,2.99,mean(4)
1585,1701,治理体系的完善与民法典的时代精神,石佳友,法学研究,2016,环境与资源保护法学,52.74,4.92,E1,False,,10.95,4.37,6.58,18.1,8.3,5,6,,0,0,0,,,,,,0,,,,28.75,8.3,mean(4),74.5,3.0,mean(4),45,7.07,mean(4),72.75,1.5,mean(4),86,3.16,mean(4),76.5,3.11,mean(4)
97,1702,中国法域外适用法律体系:现状、问题与完善,廖诗评[1],中国法学,2019,国际法学,52.72,8.44,E1,False,,15.93,7.78,8.15,32.8,18.9,4,6,,0,0,0,,,,,,0,,,,37.5,5.0,mean(4),52.5,18.93,mean(4),50.75,15.13,mean(4),77.25,2.22,mean(4),84.5,3.42,mean(4),77.75,2.06,mean(4)
1438,1703,宪法相关规定直接实施工作机制的法理内涵与实践展开,莫纪宏[1],法学研究,2024,宪法学与行政法学,52.65,9.7,E1,False,,15.58,9.25,6.33,37.1,32.2,5,6,,0,0,0,,,,,,0,,,,35,4.08,mean(4),52,32.24,mean(4),53,2.45,mean(4),79.5,3.0,mean(4),66.75,7.46,mean(4),76.25,6.29,mean(4)
2,1704,APEC成员合作反腐司法一体化机制构建,楼伯坤,中国法学,2016,国际法学,52.47,7.93,E1,False,,15.08,8.08,7.0,26.7,16.4,4,6,,0,0,0,,,,,,0,,,,36.25,2.5,mean(4),45.5,13.7,mean(4),63.5,16.36,mean(4),75.5,6.61,mean(4),68.5,4.04,mean(4),62.5,5.26,mean(4)
183,1705,党领导立法的规范原理与构造,封丽霞[1],中国法学,2024,党内法规学,52.44,5.47,E1,False,,12.08,6.2,5.88,20.1,10.6,4,6,,0,0,0,,,,,,0,,,,34.5,3.32,mean(4),60.75,5.38,mean(4),47.5,2.89,mean(4),74.75,9.29,mean(4),71.5,5.74,mean(4),60,10.61,mean(4)
259,1706,司法判决对正当程序原则的发展,周佑勇[1],中国法学,2019,诉讼法学,52.43,8.48,E1,False,,14.92,7.1,7.82,25.9,14.8,4,6,,0,0,0,,,,,,0,,,,44.25,14.8,mean(4),46.25,6.29,mean(4),50.25,4.79,mean(4),72.5,5.0,mean(4),85,9.63,mean(4),42.25,2.06,mean(4)
289,1707,国家治理体系视角下党内法规研究的基础概念辨析,王伟国,中国法学,2018,宪法学与行政法学,52.41,5.36,E1,False,,15.17,5.6,9.57,22.2,10.3,4,6,,0,0,0,,,,,,0,,,,37.5,5.0,mean(4),55.25,10.05,mean(4),45,3.46,mean(4),77.5,3.32,mean(4),74.25,1.5,mean(4),43.75,10.31,mean(4)
1243,1708,党内法规体系的形成与完善,孟涛[1],法学研究,2021,党内法规学,52.38,11.25,E1,False,,15.65,11.25,4.4,25.3,17.6,3,6,,0,0,0,,,,,,0,,,,32.5,6.45,mean(4),58.25,17.58,mean(4),50.5,16.26,mean(4),77.75,7.5,mean(4),71.25,17.58,mean(4),79,2.0,mean(4)
1383,1709,城市化升级转型中的社会保障与社会法,魏建国[1],法学研究,2015,经济法学,52.38,6.54,E1,False,,13.75,6.48,7.27,26.1,15.6,5,6,,0,0,0,,,,,,0,,,,36.25,2.5,mean(4),66.5,15.59,mean(4),40,5.77,mean(4),71.75,4.72,mean(4),75.75,6.99,mean(4),57.5,3.32,mean(4)
795,1710,论技术范式转移下元宇宙的法律治理,马永强[1],中国法学,2024,法学理论,52.37,10.28,E1,False,,19.22,8.53,10.68,42.6,30.4,4,6,,0,0,0,,,,,,0,,,,42,8.12,mean(4),45.5,30.39,mean(4),45.75,1.5,mean(4),79.75,5.68,mean(4),85.25,2.5,mean(4),81.25,2.99,mean(4)
929,1711,中国法律规范体系与立法效果评估,"冯玉军[1,2]",中国社会科学,2017,法学理论,52.35,11.22,E1,False,,20.57,12.82,7.75,37.9,33.9,3,6,,0,0,0,,,,,,0,,,,32.5,2.89,mean(4),50,33.91,mean(4),59,9.2,mean(4),79.5,1.91,mean(4),72.75,7.27,mean(4),55.75,21.65,mean(4)
1065,1712,论中国法治评估的转型,钱弘道[1];王朝霞[2],中国社会科学,2015,法学理论,52.32,4.99,E1,False,,17.77,5.05,12.72,40.4,9.6,5,6,,0,0,0,,,,,,0,,,,33.25,3.95,mean(4),67,9.59,mean(4),45,2.45,mean(4),71.75,3.5,mean(4),77.5,5.57,mean(4),74.5,5.26,mean(4)
158,1713,作为方法论的“地方法制”,葛洪义,中国法学,2016,法学理论,52.25,10.75,E1,False,,21.73,8.3,13.43,45.6,17.8,3,6,,0,0,0,,,,,,0,,,,55,17.8,mean(4),12.5,14.43,mean(4),65.75,1.5,mean(4),77.75,9.18,mean(4),83.25,2.36,mean(4),78.5,4.51,mean(4)
1193,1714,从国家构建到共建共享的法治转向——基于社会组织与法治建设之间关系的考察,马长山,法学研究,2017,法学理论,52.22,4.62,E1,False,,13.58,4.27,9.32,18.6,6.3,6,6,,0,0,0,,,,,,0,,,,31.25,6.29,mean(4),69.25,5.62,mean(4),43.75,1.5,mean(4),73,4.16,mean(4),74.5,3.0,mean(4),63,5.03,mean(4)
1460,1715,当代中国司法生态及其改善,顾培东,法学研究,2016,环境与资源保护法学,52.21,9.46,E1,False,,13.63,7.85,5.78,30.6,25.5,4,6,,0,0,0,,,,,,0,,,,30,10.8,mean(4),51.75,25.47,mean(4),56.5,1.73,mean(4),82.75,1.5,mean(4),87.25,3.59,mean(4),69.67,4.04,mean(3)
470,1716,机关运行保障的立法逻辑,"湛中乐[1,2]",中国法学,2020,宪法学与行政法学,52.16,7.97,E1,False,,15.4,7.0,8.4,31.6,20.3,5,6,,0,0,0,,,,,,0,,,,32.5,6.45,mean(4),43,20.31,mean(4),68.25,5.32,mean(4),78.75,2.99,mean(4),82,4.76,mean(4),64.75,2.06,mean(4)
1702,1717,苏俄宪法在中国的传播及其当代意义,韩大元[1],法学研究,2018,宪法学与行政法学,52.13,7.06,E1,False,,13.48,7.58,5.9,22.1,15.6,4,6,,0,0,0,,,,,,0,,,,32,4.0,mean(4),58.25,15.56,mean(4),43.75,6.29,mean(4),82.5,3.32,mean(4),59.75,6.65,mean(4),42.5,9.57,mean(4)
1042,1718,税制变迁与税收法治现代化,张守文[1],中国社会科学,2015,法学理论,52.07,9.28,E1,False,,16.52,8.98,7.53,38.5,30.3,4,6,,0,0,0,,,,,,0,,,,38.25,3.3,mean(4),50,30.28,mean(4),54.25,1.5,mean(4),73.25,5.68,mean(4),84.25,4.35,mean(4),70.25,8.81,mean(4)
877,1719,走向“精明”的证券监管,张红,中国法学,2017,民商法学,52.01,13.45,E1,False,,19.47,12.35,7.12,42.4,33.5,4,6,,0,0,0,,,,,,0,,,,38.75,7.5,mean(4),46.75,33.5,mean(4),58.25,15.56,mean(4),72.5,7.14,mean(4),74,4.24,mean(4),66.25,6.24,mean(4)
1103,1720,马克思的法律发展思想及其当代意义,公丕祥,中国社会科学,2017,法学理论,51.97,4.76,E1,False,,11.57,5.85,5.72,19.1,9.7,5,6,,0,0,0,,,,,,0,,,,33.75,2.5,mean(4),55,2.45,mean(4),47,6.27,mean(4),80,6.73,mean(4),51.5,7.51,mean(4),62.5,9.71,mean(4)
256,1721,司法人员职务犯罪双重管辖制度的多维思考,吴建雄[1],中国法学,2020,诉讼法学,51.94,10.18,E1,False,,22.65,9.85,12.8,33.6,17.0,2,6,,0,0,0,,,,,,0,,,,43,10.3,mean(4),41.75,17.0,mean(4),50,5.77,mean(4),77,9.59,mean(4),73.5,1.73,mean(4),60,14.72,mean(4)
1756,1722,论政策对刑事诉讼的作用,孙皓[1],法学研究,2025,刑法学,51.76,7.04,E1,False,,10.07,6.57,3.5,18.5,14.1,5,6,,0,0,0,,,,,,0,,,,35,7.07,mean(4),55,14.14,mean(4),42,5.72,mean(4),81,3.16,mean(4),75.75,2.87,mean(4),65.5,6.35,mean(4)
96,1723,中国法史及法史学研究反思——兼论学术研究的规律,马小红[1],中国法学,2015,法律史,51.69,8.1,E1,False,,19.7,10.95,8.75,31.4,25.4,3,6,4-single-reject,0,0,0,,,,,,0,,,,39.25,6.5,mean(4),61.75,11.64,mean(4),33.75,2.5,mean(4),73.75,2.06,mean(4),61,17.64,mean(4),37,25.42,mean(4)
835,1724,论经济法治现代化,张守文[1],中国法学,2025,经济法学,51.69,2.51,E1,False,,8.88,3.08,5.8,16.3,6.2,6,6,,0,0,0,,,,,,0,,,,31.25,2.5,mean(4),63.75,1.5,mean(4),47.75,2.06,mean(4),73.25,1.5,mean(4),76,6.16,mean(4),69,4.69,mean(4)
392,1725,我国监察体制改革若干问题思考,"陈光中[1,2];邵俊[1,3]",中国法学,2017,诉讼法学,51.51,8.5,E1,False,,19.23,8.27,10.97,31.5,11.8,2,6,,0,0,0,,,,,,0,,,,39.5,8.43,mean(4),46,9.93,mean(4),46.25,11.81,mean(4),79,5.29,mean(4),67.5,8.81,mean(4),70.75,5.38,mean(4)
784,1726,论我国个人破产制度的构建,刘冰[1],中国法学,2019,民商法学,51.51,5.33,E1,False,,17.62,5.47,12.15,26.6,10.3,5,6,,0,0,0,,,,,,0,,,,33.75,2.5,mean(4),53.75,10.31,mean(4),48.75,7.5,mean(4),78,4.32,mean(4),75.25,2.5,mean(4),63.25,5.68,mean(4)
389,1727,我国海洋法权的宪法规范构建,杨华[1],中国法学,2024,宪法学与行政法学,51.5,4.88,E1,False,,11.57,4.73,6.83,16.5,6.7,6,6,,0,0,0,,,,,,0,,,,28.25,6.24,mean(4),68.25,4.72,mean(4),53,2.45,mean(4),68.5,4.04,mean(4),80,6.73,mean(4),60,4.4,mean(4)
1057,1728,行政法治视阈下的民生立法,张淑芳,中国社会科学,2016,宪法学与行政法学,51.47,6.53,E1,False,,13.97,6.72,7.25,25.1,12.3,5,6,,0,0,0,,,,,,0,,,,33.25,3.95,mean(4),58,12.33,mean(4),42.5,2.89,mean(4),79,6.83,mean(4),63,7.26,mean(4),60.5,7.14,mean(4)
466,1729,智慧社会背景下的“第四代人权”及其保障,马长山[1],中国法学,2019,宪法学与行政法学,51.41,11.17,E1,False,,17.42,12.03,5.38,38.7,27.3,2,6,5-boundary-only,0,0,0,,,,,,0,,,,33.75,4.79,mean(4),41.75,27.31,mean(4),61.5,9.0,mean(4),80,8.12,mean(4),80.75,2.99,mean(4),64.25,19.97,mean(4)
932,1730,中国海上航运的安保模式及其法律保障——以应对21世纪海上丝路的海盗为例,"李卫海[1,2]",中国社会科学,2015,国际法学,51.4,11.07,E1,False,,19.07,11.12,7.95,31.2,18.6,1,6,,0,0,0,,,,,,0,,,,32.5,8.66,mean(4),62.5,18.56,mean(4),56.25,10.31,mean(4),65,7.26,mean(4),56.5,13.53,mean(4),55.75,8.3,mean(4)
92,1731,中国最高审判体制的刑民分立——传统与现代化,聂鑫[1],中国法学,2022,刑法学,51.31,10.87,E1,False,,14.22,9.1,5.12,40.3,37.3,5,6,,0,0,0,,,,,,0,,,,35,7.07,mean(4),55.5,37.25,mean(4),43.75,2.5,mean(4),77.25,2.22,mean(4),81.5,4.04,mean(4),76.75,1.5,mean(4)
1888,1732,“依宪治国、依宪执政”：中国宪法学自主知识体系的标志性概念,周叶中[1],中国法学,2025,宪法学与行政法学,51.24,8.11,E1,False,,17.2,7.5,9.7,30.2,17.7,4,6,,0,0,0,,,,,,0,,,,37.5,6.45,mean(4),47,17.68,mean(4),42,5.42,mean(4),83,4.24,mean(4),58.25,8.3,mean(4),75.75,2.87,mean(4)
925,1733,中国式物权制度的文明刻度,蔡立东[1],中国社会科学,2022,民商法学,51.21,4.82,E1,False,,13.83,5.75,8.08,26.6,14.6,4,6,,0,0,0,,,,,,0,,,,35,0.0,mean(4),57,9.63,mean(4),48.5,4.93,mean(4),71.75,2.87,mean(4),67,14.58,mean(4),43.75,2.5,mean(4)
40,1734,“诉讼爆炸”的中国应对：基于W区法院近三十年审判实践的实证分析,左卫民,中国法学,2018,诉讼法学,51.16,9.71,E1,False,,15.6,7.78,7.82,22.3,17.3,4,6,,0,0,0,,,,,,0,,,,40,17.32,mean(4),60.75,11.79,mean(4),41.25,1.5,mean(4),65.75,5.91,mean(4),75,4.76,mean(4),79.75,5.44,mean(4)
730,1735,论习近平法治思想的法理学创新,邱水平[1],中国法学,2022,法学理论,50.99,9.53,E1,False,,18.9,9.78,9.12,32.9,20.1,3,6,,0,0,0,,,,,,0,,,,35,7.07,mean(4),54.5,20.09,mean(4),43.25,3.95,mean(4),77.25,4.57,mean(4),35,14.72,mean(4),44.25,8.3,mean(4)
1760,1736,论海法,司玉琢;李天生,法学研究,2017,国际法学,50.96,9.21,E1,False,,15.17,9.08,6.08,29.5,18.4,4,6,,0,0,0,,,,,,0,,,,32.5,5.26,mean(4),53.75,18.41,mean(4),45.75,6.99,mean(4),79.75,5.56,mean(4),70.75,17.67,mean(4),72.25,0.5,mean(4)
797,1737,论拒不履行信息网络安全管理义务罪,谢望原,中国法学,2017,刑法学,50.94,14.26,E1,False,,25.5,13.2,12.3,35.3,19.7,1,6,,0,0,0,,,,,,0,,,,38.75,17.5,mean(4),62.75,13.7,mean(4),37.5,15.55,mean(4),67.5,8.81,mean(4),64.25,19.7,mean(4),48.5,4.04,mean(4)
992,1738,多边主义与国际法治,廖凡[1],中国社会科学,2023,国际法学,50.91,7.03,E1,False,,16.18,7.37,8.82,26.7,9.6,4,6,,0,0,0,,,,,,0,,,,26.25,7.5,mean(4),63,7.26,mean(4),43,3.46,mean(4),81.75,6.95,mean(4),69,9.42,mean(4),67.5,9.57,mean(4)
276,1739,合规制度的公司法设计及其实现路径,赵万一[1],中国法学,2020,民商法学,50.9,7.53,E1,False,,17.1,8.02,9.08,32.8,16.7,4,6,,0,0,0,,,,,,0,,,,35,0.0,mean(4),48.25,16.7,mean(4),61.75,16.46,mean(4),69.25,5.06,mean(4),78.5,4.51,mean(4),65.25,5.25,mean(4)
1185,1740,互联网金融风险的社会特性与监管创新,许多奇[1],法学研究,2018,经济法学,50.79,17.02,E1,False,,20.88,14.73,6.15,42.6,34.8,3,6,,0,0,0,,,,,,0,,,,41.75,20.06,mean(4),29.5,34.85,mean(4),53,6.27,mean(4),84,6.16,mean(4),69.25,16.19,mean(4),69.5,4.8,mean(4)
363,1741,张居正改革中的考成法考论,陈国平[1],中国法学,2020,法律史,50.65,5.16,E1,False,,13.08,5.58,7.5,25.7,9.8,5,6,,0,0,0,,,,,,0,,,,32.5,2.89,mean(4),45.5,9.81,mean(4),50,5.77,mean(4),83.5,2.38,mean(4),51.5,7.23,mean(4),68.75,5.38,mean(4)
1178,1742,乡村司法与国家治理——以乡村微观权力的整合为线索,郑智航,法学研究,2016,法学理论,50.6,8.1,E1,False,,17.58,7.95,9.63,36.6,17.3,4,6,,0,0,0,,,,,,0,,,,32.75,1.5,mean(4),60,17.32,mean(4),43.25,14.68,mean(4),73.5,7.05,mean(4),74.25,4.35,mean(4),74.25,2.87,mean(4)
186,1743,全球治理背景下国际税收秩序的挑战与变革,张泽平,中国法学,2017,国际法学,50.49,3.62,E1,False,,10.5,4.05,6.45,14.8,7.3,6,6,5-boundary-only,0,0,0,,,,,,0,,,,31.25,2.5,mean(4),52.75,2.22,mean(4),46.25,2.5,mean(4),80.25,5.56,mean(4),82.75,7.27,mean(4),60.5,4.2,mean(4)
813,1744,论民事诉讼文书样式实例评注研究的引领功用,杨凯,中国法学,2018,诉讼法学,50.46,4.08,E1,False,,14.68,5.03,9.65,22.0,10.3,5,6,,0,0,0,,,,,,0,,,,35,0.0,mean(4),63.75,10.31,mean(4),43.25,4.27,mean(4),65.75,1.5,mean(4),54.5,7.33,mean(4),67.5,6.81,mean(4)
1062,1745,行政转型与行政法学的回应型变迁,江国华,中国社会科学,2016,宪法学与行政法学,50.34,4.35,E1,False,,11.85,4.38,7.47,19.5,7.5,6,6,,0,0,0,,,,,,0,,,,28.75,6.29,mean(4),70.75,3.4,mean(4),35.75,1.5,mean(4),73.25,4.27,mean(4),81.75,3.3,mean(4),66.25,7.5,mean(4)
994,1746,大变局背景下的国际商事仲裁：世界潮流与中国因应,刘晓红[1];冯硕[1],中国社会科学,2024,国际法学,49.93,7.18,E1,False,,17.98,10.98,7.0,38.9,38.0,4,6,,0,0,0,,,,,,0,,,,31.75,2.36,mean(4),54.25,15.13,mean(4),45.75,1.5,mean(4),76,4.24,mean(4),75.25,4.72,mean(4),57,38.03,mean(4)
1537,1747,智能互联网时代的法律变革,马长山[1],法学研究,2018,法学理论,49.9,6.86,E1,False,,15.03,7.05,7.98,30.2,12.2,4,6,,0,0,0,,,,,,0,,,,33.75,2.5,mean(4),71.25,12.2,mean(4),31.25,7.5,mean(4),66.75,8.88,mean(4),83,4.16,mean(4),63.5,7.05,mean(4)
115,1748,习近平法治思想中的构建新型诉讼格局理论,程琥[1],中国法学,2022,法学理论,49.88,8.76,E1,False,,18.17,9.67,8.5,31.4,21.4,3,6,,0,0,0,,,,,,0,,,,35,4.08,mean(4),51.25,21.36,mean(4),43,7.26,mean(4),76,1.41,mean(4),62.75,13.94,mean(4),55.5,9.88,mean(4)
1890,1749,卫生健康法法典化研究,解志勇[1],中国法学,2025,环境与资源保护法学,49.87,8.14,E1,False,,17.27,9.83,7.43,24.9,15.6,2,6,,0,0,0,,,,,,0,,,,31.25,2.5,mean(4),58.5,11.39,mean(4),57.75,12.28,mean(4),63.25,5.68,mean(4),65.25,15.56,mean(4),52,11.52,mean(4)
626,1750,系列杀人犯罪侦查分析模型的创建与检验,曾赟,中国法学,2018,刑法学,49.82,5.03,E1,False,,16.78,6.5,10.28,24.4,14.4,4,6,3-majority-reject,0,0,0,,,,,,0,,,,36.25,2.5,mean(4),13.75,8.54,mean(4),84.5,3.32,mean(4),80.25,3.3,mean(4),72.75,6.99,mean(4),41.25,14.36,mean(4)
923,1751,中国宪法权力监督功能的规范分析,刘练军[1],中国社会科学,2024,宪法学与行政法学,49.65,6.65,E1,False,,13.65,7.13,6.52,21.7,11.9,4,6,,0,0,0,,,,,,0,,,,28.33,5.77,mean(3),52.25,10.59,mean(4),45,0.0,mean(4),82.5,7.55,mean(4),76,6.98,mean(4),65.25,11.87,mean(4)
108,1752,主任检察官制度研究,"最高人民检察院2013年重点课题组[1,2]",中国法学,2015,诉讼法学,49.6,4.2,E1,False,,16.65,5.12,11.53,26.8,9.3,4,6,,0,0,0,,,,,,0,,,,30,0.0,mean(4),43.75,8.54,mean(4),65.75,5.91,mean(4),72.75,2.22,mean(4),61.75,9.25,mean(4),73,4.76,mean(4)
984,1753,国际法的守正与创新——以全球治理体系变革的规范需求为视角,赵骏,中国社会科学,2021,国际法学,49.6,11.39,E1,False,,16.17,10.98,5.18,31.9,24.9,3,6,,0,0,0,,,,,,0,,,,37.5,6.14,mean(4),45.25,24.92,mean(4),38.75,12.74,mean(4),80.25,5.68,mean(4),56,13.98,mean(4),66.25,2.5,mean(4)
743,1754,论公共法律服务与诉讼服务体系的制度协同,杨凯[1],中国法学,2021,法学理论,49.53,8.94,E1,False,,14.73,7.4,7.33,25.8,15.8,4,6,,0,0,0,,,,,,0,,,,28.75,14.36,mean(4),50.75,15.78,mean(4),54.5,1.0,mean(4),75.75,2.87,mean(4),79,4.76,mean(4),65.5,5.51,mean(4)
1889,1755,中国刑事司法治理的传统范式及其现代意蕴,陈卫东[1],中国法学,2025,法律史,49.51,8.14,E1,False,,18.03,8.47,9.57,36.4,21.4,3,6,,0,0,0,,,,,,0,,,,33.75,4.79,mean(4),46.25,21.36,mean(4),52.75,1.5,mean(4),74,3.65,mean(4),53.33,10.26,mean(3),66.75,9.07,mean(4)
1024,1756,海洋法权论,杨华,中国社会科学,2017,国际法学,49.47,8.9,E1,False,,17.48,8.32,9.17,25.5,15.0,3,6,,0,0,0,,,,,,0,,,,33.75,7.5,mean(4),52.25,14.97,mean(4),42.5,2.89,mean(4),75.5,9.88,mean(4),59,10.23,mean(4),60,4.4,mean(4)
479,1757,检察指导案例效力研究,万春,中国法学,2018,诉讼法学,49.46,4.95,E1,False,,16.52,4.82,11.7,22.9,10.4,5,6,,0,0,0,,,,,,0,,,,31.25,2.5,mean(4),42.5,10.41,mean(4),58.75,2.99,mean(4),76.75,4.72,mean(4),60.5,6.14,mean(4),57.25,2.22,mean(4)
370,1758,我国专利制度现代化的自主逻辑体系建构,马一德[1],中国法学,2025,知识产权法学,49.43,6.94,E1,False,,14.18,6.7,7.48,30.5,10.5,4,6,,0,0,0,,,,,,0,,,,32.5,5.0,mean(4),54.5,10.54,mean(4),41.75,5.32,mean(4),75.5,8.81,mean(4),78.75,4.99,mean(4),79.75,5.56,mean(4)
1011,1759,构建新时代法学学科体系,马怀德[1],中国社会科学,2025,法学理论,49.34,7.98,E1,False,,17.82,9.28,8.53,26.2,17.5,2,6,,0,0,0,,,,,,0,,,,33.75,2.5,mean(4),49.25,11.18,mean(4),43.75,6.29,mean(4),77,9.27,mean(4),60,17.49,mean(4),70.25,8.88,mean(4)
1009,1760,新税制改革与创新驱动发展战略,许多奇[1],中国社会科学,2018,经济法学,49.31,8.2,E1,False,,14.57,7.47,7.1,32.3,16.1,4,6,,0,0,0,,,,,,0,,,,35,7.07,mean(4),47.5,16.05,mean(4),45.75,1.5,mean(4),75.25,9.43,mean(4),74.25,4.35,mean(4),71.25,6.4,mean(4)
1083,1761,论法治体系概念,侯学宾[1],中国社会科学,2024,法学理论,49.29,3.1,E1,False,,14.68,4.27,10.42,26.8,11.2,5,6,,0,0,0,,,,,,0,,,,30,0.0,mean(4),53.75,1.26,mean(4),50,4.4,mean(4),73.25,4.27,mean(4),59.25,11.18,mean(4),60,4.4,mean(4)
776,1762,论宪法与国际法的互动,王德志[1],中国法学,2019,宪法学与行政法学,49.28,8.11,E1,False,,16.53,8.48,8.05,27.4,20.1,4,6,5-boundary-only,0,0,0,,,,,,0,,,,27.5,6.45,mean(4),72.75,12.84,mean(4),33.25,7.23,mean(4),70.5,1.91,mean(4),65,20.15,mean(4),75,2.45,mean(4)
1345,1763,合作治理语境下的法治化营商环境建设,石佑启;陈可翔,法学研究,2021,经济法学,49.28,9.96,E1,False,,17.7,10.63,7.07,24.7,23.1,2,6,,0,0,0,,,,,,0,,,,32,8.91,mean(4),61.25,13.25,mean(4),33.25,23.14,mean(4),75.25,0.5,mean(4),74.75,3.4,mean(4),56.75,14.57,mean(4)
145,1764,从立案审查到立案登记：法院在社会转型中的司法角色,陆永棣,中国法学,2016,诉讼法学,49.19,12.26,E1,False,,19.44,10.95,8.49,40.92,34.3,3,6,1-empty-status,0,0,0,,,,,,0,,,,35.5,8.43,mean(4),46,34.33,mean(4),40.75,3.4,mean(4),79.25,5.62,mean(4),63.5,10.63,mean(4),70.75,3.4,mean(4)
985,1765,国际贸易投资规则的再构建及中国的因应,石静霞[1],中国社会科学,2015,国际法学,49.07,7.91,E1,False,,18.53,8.65,9.88,31.7,16.6,3,6,,0,0,0,,,,,,0,,,,31.25,2.5,mean(4),43.5,16.62,mean(4),48.25,4.72,mean(4),82,7.66,mean(4),65.75,11.44,mean(4),71,9.02,mean(4)
1757,1766,论数字法院,贾宇[1],法学研究,2024,诉讼法学,49.06,4.58,E1,False,,16.27,4.33,11.93,23.1,10.4,5,6,,0,0,0,,,,,,0,,,,31.25,2.5,mean(4),48.25,10.44,mean(4),52.5,3.32,mean(4),74,4.24,mean(4),70,2.31,mean(4),75.75,3.3,mean(4)
789,1767,论我国数量刑法学的构建,储槐植[1];何群[2],中国法学,2019,刑法学,49.0,8.08,E1,False,,18.08,7.98,10.1,33.8,17.6,4,6,,0,0,0,,,,,,0,,,,32.5,2.89,mean(4),64.75,17.58,mean(4),50,6.27,mean(4),57.25,9.43,mean(4),64.25,5.68,mean(4),58.5,6.03,mean(4)
1148,1768,中国式现代化的宪法逻辑,韩大元[1],法学研究,2023,宪法学与行政法学,49.0,6.09,E1,False,,10.52,5.9,4.62,16.7,13.8,5,6,,0,0,0,,,,,,0,,,,31.25,6.29,mean(4),53.5,13.8,mean(4),42.5,2.89,mean(4),76,1.41,mean(4),74,3.65,mean(4),67,7.26,mean(4)
116,1769,习近平法治思想中的社会公平正义理论研究,胡玉鸿[1],中国法学,2024,法学理论,48.96,10.29,E1,False,,17.87,11.53,6.33,34.3,24.6,3,6,,0,0,0,,,,,,0,,,,32,4.0,mean(4),52.5,22.75,mean(4),38.75,4.79,mean(4),78.5,4.73,mean(4),48,24.62,mean(4),41.75,8.3,mean(4)
1010,1770,智慧社会建设中的“众创”式制度变革——基于“网约车”合法化进程的法理学分析,马长山[1],中国社会科学,2019,法学理论,48.93,6.03,E1,False,,10.87,6.15,4.72,20.9,15.9,4,6,,0,0,0,,,,,,0,,,,33.75,2.5,mean(4),49.25,15.88,mean(4),45.75,1.5,mean(4),73.75,3.5,mean(4),71,10.1,mean(4),60.75,3.4,mean(4)
5,1771,“一带一路”争端解决制度研究,王贵国,中国法学,2017,国际法学,48.81,7.35,E1,False,,17.2,7.45,9.75,27.1,12.5,3,6,,0,0,0,,,,,,0,,,,36.25,2.5,mean(4),41.25,12.5,mean(4),45.75,8.3,mean(4),77.5,9.57,mean(4),66.5,7.05,mean(4),64.25,4.79,mean(4)
847,1772,论行政法中技术标准的运用,关保英,中国法学,2017,宪法学与行政法学,48.79,7.61,E1,False,,18.52,8.83,9.68,27.8,12.6,2,6,1-empty-status,0,0,0,,,,,,0,,,,34.25,2.87,mean(4),49.25,12.42,mean(4),48,12.62,mean(4),70.75,3.4,mean(4),51.75,12.18,mean(4),70.25,9.54,mean(4)
1529,1773,方法论演进视野下的中国法律实证研究,雷鑫洪,法学研究,2017,法学理论,48.71,6.6,E1,False,,14.87,6.28,8.58,26.5,12.5,5,6,,0,0,0,,,,,,0,,,,35.5,6.66,mean(4),55,12.49,mean(4),35,0.0,mean(4),72.5,5.57,mean(4),78.75,6.99,mean(4),70,5.89,mean(4)
68,1774,中华法律文化之起源考,魏琼[1],中国法学,2024,法律史,48.63,6.13,E1,False,,10.95,6.13,4.82,19.0,14.6,5,6,,0,0,0,,,,,,0,,,,31.25,2.5,mean(4),56.75,14.57,mean(4),37.75,3.1,mean(4),74.75,5.74,mean(4),67.5,6.14,mean(4),33.75,4.79,mean(4)
341,1775,实验法院：近代中国司法改革的一次地方试点,刘昕杰[1],中国法学,2015,法律史,48.57,9.43,E1,False,,16.25,10.12,6.13,22.5,16.6,2,6,1-empty-status,0,0,0,,,,,,0,,,,39.5,8.43,mean(4),32.5,16.58,mean(4),41.25,7.5,mean(4),83.75,2.06,mean(4),66,14.9,mean(4),59.25,11.18,mean(4)
89,1776,中国式现代化背景下社会法体系的完善,"林嘉[1,2]",中国法学,2025,经济法学,48.38,5.99,E1,False,,15.38,6.52,8.87,33.3,10.5,5,6,,0,0,0,,,,,,0,,,,33.75,2.5,mean(4),62.5,10.5,mean(4),40,7.07,mean(4),62.5,5.0,mean(4),51.25,7.5,mean(4),58.25,6.5,mean(4)
454,1777,新时代“德法合治”方略的哲理思考,龙大轩[1],中国法学,2019,法学理论,48.34,6.93,E1,False,,14.65,8.12,6.53,23.1,13.5,3,6,,0,0,0,,,,,,0,,,,32.5,5.0,mean(4),55.5,13.08,mean(4),46.25,3.5,mean(4),66.5,1.73,mean(4),55.75,13.5,mean(4),47.5,11.9,mean(4)
1176,1778,习近平法治思想的数字法治观,周尚君[1],法学研究,2023,法学理论,48.25,4.86,E1,False,,13.55,5.48,8.07,28.9,7.6,6,6,,0,0,0,,,,,,0,,,,33.75,2.5,mean(4),55.5,7.59,mean(4),36.25,7.5,mean(4),71.75,2.87,mean(4),36.75,5.38,mean(4),45.75,6.99,mean(4)
931,1779,中国法理学进步的阶梯,徐显明[1],中国社会科学,2018,法学理论,48.22,6.43,E1,False,,13.48,6.75,6.73,26.7,14.1,4,6,,0,0,0,,,,,,0,,,,27.5,5.0,mean(4),59.25,8.5,mean(4),31.25,2.5,mean(4),81,6.16,mean(4),53,14.12,mean(4),60.5,4.2,mean(4)
792,1780,论我国现行宪法的人民民主原则,韩大元[1],中国法学,2023,宪法学与行政法学,48.09,8.44,E1,False,,13.37,9.15,4.22,24.0,24.0,4,6,,0,0,0,,,,,,0,,,,35.75,1.5,mean(4),42.5,23.98,mean(4),44,4.24,mean(4),75.25,2.5,mean(4),58,18.38,mean(4),58.75,4.35,mean(4)
1476,1781,我国法治政府建设地区差异的定量分析,王敬波,法学研究,2017,宪法学与行政法学,48.01,5.08,E1,False,,13.37,5.33,8.03,22.5,11.5,5,6,,0,0,0,,,,,,0,,,,32.25,2.06,mean(4),49,11.46,mean(4),41.25,7.5,mean(4),75.75,2.87,mean(4),76,1.41,mean(4),54.5,6.61,mean(4)
1073,1782,论国家治理商数,江必新[1];邵长茂[2],中国社会科学,2015,法学理论,47.87,9.46,E1,False,,20.17,10.3,9.87,38.4,19.6,3,6,,0,0,0,,,,,,0,,,,31.25,2.5,mean(4),42.5,19.6,mean(4),58.75,11.09,mean(4),70,6.27,mean(4),67.25,15.22,mean(4),55,7.07,mean(4)
455,1783,新时代中国国际法理论的发展,何志鹏[1],中国法学,2023,国际法学,47.68,8.22,E1,False,,15.63,8.65,6.98,27.3,18.4,2,6,,0,0,0,,,,,,0,,,,31.25,2.5,mean(4),60.25,18.37,mean(4),40,4.08,mean(4),65.5,9.57,mean(4),62,8.12,mean(4),66,9.2,mean(4)
1026,1784,犯罪统计与犯罪治理的优化,卢建平[1],中国社会科学,2021,刑法学,47.68,9.44,E1,False,,16.8,9.43,7.37,33.0,21.8,4,6,,0,0,0,,,,,,0,,,,32.5,2.89,mean(4),40.75,18.23,mean(4),47.5,21.79,mean(4),77.5,4.12,mean(4),79.5,7.05,mean(4),79,2.58,mean(4)
966,1785,包容性法治框架下的社会组织治理,张清;武艳,中国社会科学,2018,法学理论,47.63,10.54,E1,False,,16.47,10.33,6.13,33.8,26.4,3,6,,0,0,0,,,,,,0,,,,36.25,7.5,mean(4),49.75,26.41,mean(4),46.75,1.5,mean(4),63.25,5.68,mean(4),67.5,12.15,mean(4),54.25,8.66,mean(4)
885,1786,"迈向""规划""时代的法治中国建设",马怀德[1],中国法学,2021,法学理论,47.62,7.19,E1,False,,16.02,7.55,8.47,28.1,17.1,4,6,,0,0,0,,,,,,0,,,,35,7.07,mean(4),43.75,8.54,mean(4),37.5,2.89,mean(4),78,4.9,mean(4),52,17.11,mean(4),58.75,4.79,mean(4)
891,1787,通过立法的文化传承,杨建军[1],中国法学,2020,法学理论,47.4,5.73,E1,False,,14.73,6.02,8.72,24.8,10.6,4,6,,0,0,0,,,,,,0,,,,31.25,2.5,mean(4),55,7.07,mean(4),43.75,2.5,mean(4),66.75,10.56,mean(4),62.75,8.3,mean(4),63.75,5.06,mean(4)
1420,1788,孝道：中国传统法律的核心价值,龙大轩[1],法学研究,2015,法律史,47.4,8.83,E1,False,,18.63,8.87,9.77,27.4,19.1,3,6,,0,0,0,,,,,,0,,,,36.5,2.12,mean(2),30,19.15,mean(4),51.25,14.93,mean(4),78.25,5.32,mean(4),55.75,9.43,mean(4),73,2.45,mean(4)
719,1789,论中国古代的“六事法体系”,"朱勇[1,2]",中国法学,2019,法律史,47.32,7.13,E1,False,,14.08,8.83,5.25,24.9,17.6,3,6,,0,0,0,,,,,,0,,,,33.75,2.5,mean(4),33.75,2.5,mean(4),61,17.64,mean(4),71,10.74,mean(4),77.75,2.06,mean(4),38.25,17.58,mean(4)
550,1790,法治中国建设的“共建共享”路径与策略,马长山,中国法学,2016,法学理论,47.13,10.0,E1,False,,15.77,10.08,5.68,33.5,33.0,4,6,,0,0,0,,,,,,0,,,,30,0.0,mean(4),47,32.95,mean(4),38.75,4.79,mean(4),79.25,6.75,mean(4),57.5,11.0,mean(4),47.75,4.86,mean(4)
60,1791,东京审判与追究侵略之罪责,朱文奇,中国法学,2015,国际法学,47.04,7.91,E1,False,,20.02,8.7,11.32,29.2,15.5,3,6,5-boundary-only,0,0,0,,,,,,0,,,,46.5,7.05,mean(4),43.75,10.31,mean(4),26.25,11.81,mean(4),66.75,4.27,mean(4),72.5,3.32,mean(4),43.75,15.48,mean(4)
1048,1792,网络社会治理的法治模式,徐汉明;张新平,中国社会科学,2018,民商法学,46.9,7.87,E1,False,,17.2,8.78,8.42,26.6,11.8,1,6,,0,0,0,,,,,,0,,,,32.5,2.89,mean(4),60,8.12,mean(4),35.75,11.79,mean(4),63.75,10.59,mean(4),56.25,10.59,mean(4),47.5,8.66,mean(4)
477,1793,核心国际人权条约缔约国报告制度：困境与出路,尹生,中国法学,2015,国际法学,46.78,4.75,E1,False,,16.85,5.33,11.52,25.4,9.7,5,6,5-boundary-only,0,0,0,,,,,,0,,,,31.25,2.5,mean(4),45.75,1.5,mean(4),46.25,6.24,mean(4),71.5,7.9,mean(4),75.75,9.74,mean(4),70.5,4.2,mean(4)
185,1794,全球治理背景下人类命运共同体的阐释与构建,"廖凡[1,2]",中国法学,2018,国际法学,46.76,5.86,E1,False,,13.7,5.68,8.02,26.9,9.7,5,6,,0,0,0,,,,,,0,,,,28.75,4.79,mean(4),47,6.27,mean(4),39.5,4.2,mean(4),79,7.39,mean(4),68.25,9.74,mean(4),64.5,1.73,mean(4)
1253,1795,全面依法治国背景下的刑事公诉,孙谦,法学研究,2017,刑法学,46.74,7.43,E1,False,,18.22,7.42,10.8,38.8,27.5,5,6,,0,0,0,,,,,,0,,,,30,0.0,mean(4),48.75,27.5,mean(4),47.5,2.89,mean(4),69.25,2.99,mean(4),69.25,6.9,mean(4),59.5,4.2,mean(4)
787,1796,论我国司法体制的现代化改革,陈光中[1];魏晓娜[2],中国法学,2015,刑法学,46.57,7.85,E1,False,,15.18,8.35,6.83,37.7,27.8,4,6,,0,0,0,,,,,,0,,,,30,0.0,mean(4),38,27.8,mean(4),42.25,2.06,mean(4),83.25,5.68,mean(4),71.75,2.36,mean(4),72.75,12.09,mean(4)
504,1797,民法典人格权编的亮点与创新,"王利明[1,2]",中国法学,2020,民商法学,46.47,5.01,E1,False,,14.9,5.05,9.85,32.7,10.3,5,6,,0,0,0,,,,,,0,,,,32.5,2.08,mean(4),43.75,10.31,mean(4),37,3.37,mean(4),77.25,5.74,mean(4),74.75,4.72,mean(4),50,4.08,mean(4)
1101,1798,面向“三维世界”的数字法学,马长山[1],中国社会科学,2024,法学理论,46.41,9.92,E1,False,,19.17,12.08,7.08,39.7,24.4,3,6,,0,0,0,,,,,,0,,,,36.25,2.5,mean(4),34.5,24.45,mean(4),47.5,2.89,mean(4),72.75,7.37,mean(4),72.75,12.09,mean(4),59.25,23.21,mean(4)
443,1799,数据科技伦理法律化问题探究,黎四奇[1],中国法学,2022,法学理论,46.38,7.87,E1,False,,14.67,8.1,6.57,30.8,22.2,4,6,,0,0,0,,,,,,0,,,,32.5,2.89,mean(4),49.5,22.16,mean(4),42.5,2.08,mean(4),67,3.46,mean(4),60.25,13.48,mean(4),60,4.4,mean(4)
761,1800,论司法责任制综合配套改革,张智辉,中国法学,2018,诉讼法学,46.38,7.57,E1,False,,16.92,9.15,7.77,29.5,22.6,3,6,1-empty-status,0,0,0,,,,,,0,,,,33.75,2.5,mean(4),35,10.0,mean(4),45,8.16,mean(4),77.75,5.06,mean(4),63.75,22.63,mean(4),62.5,6.45,mean(4)
70,1801,中国与“一带一路”国家税收协定优惠安排与适用争议研究,崔晓静,中国法学,2017,国际法学,46.25,6.45,E1,False,,13.93,6.1,7.83,21.0,15.8,5,6,,0,0,0,,,,,,0,,,,33.75,4.79,mean(4),40,15.81,mean(4),47.25,3.59,mean(4),70.5,1.91,mean(4),71,8.04,mean(4),73.75,2.5,mean(4)
171,1802,健全保证宪法全面实施制度体系,韩大元[1],中国法学,2024,宪法学与行政法学,46.24,4.99,E1,False,,17.33,7.37,9.97,26.3,18.3,4,6,,0,0,0,,,,,,0,,,,30,0.0,mean(4),45,7.07,mean(4),49,4.24,mean(4),69.75,5.68,mean(4),53.25,8.88,mean(4),59,18.28,mean(4)
79,1803,中国参与极地全球治理的法治构建,杨华[1],中国法学,2020,民商法学,46.21,8.79,E1,False,,19.68,8.97,10.72,29.7,14.8,4,6,,0,0,0,,,,,,0,,,,33.75,4.79,mean(4),53.75,14.36,mean(4),34,14.76,mean(4),66.5,5.97,mean(4),63.25,7.63,mean(4),64,6.16,mean(4)
1836,1804,马克思主义法律理论中国化的当代意义,封丽霞,法学研究,2018,法学理论,46.13,5.9,E1,False,,13.87,6.9,6.97,27.0,14.4,4,6,,0,0,0,,,,,,0,,,,33.75,4.79,mean(4),42.25,8.66,mean(4),36.25,2.5,mean(4),76,5.42,mean(4),47.5,5.57,mean(4),23.33,14.43,mean(3)
30,1805,“枫桥经验”视野下的基层社会治理制度供给研究,汪世荣[1],中国法学,2018,法学理论,46.01,7.6,E1,False,,14.43,6.65,7.78,29.6,18.5,5,6,1-empty-status,0,0,0,,,,,,0,,,,36.25,6.29,mean(4),42.5,18.48,mean(4),44.25,1.5,mean(4),65.5,5.51,mean(4),65,5.72,mean(4),66.5,2.38,mean(4)
120,1806,习近平法治思想的法治文明论,郭晔[1],中国法学,2024,法律史,45.96,4.99,E1,False,,10.6,6.72,3.88,16.7,14.3,4,6,4-single-reject,0,0,0,,,,,,0,,,,30,0.0,mean(4),40.75,6.75,mean(4),43.75,2.5,mean(4),76.75,6.7,mean(4),56.5,14.27,mean(4),40,10.0,mean(4)
333,1807,婚姻家庭编的创新和发展,"夏吟兰[1,2]",中国法学,2020,民商法学,45.85,9.86,E1,False,,18.33,10.57,7.77,42.6,27.1,4,6,,0,0,0,,,,,,0,,,,33.75,2.5,mean(4),40.5,27.15,mean(4),38.75,7.89,mean(4),74.67,2.31,mean(3),55.5,17.06,mean(4),70.75,6.5,mean(4)
33,1808,“特区租管地”：一种区域合作法律制度创新模式,董皞[1],中国法学,2015,宪法学与行政法学,45.79,9.41,E1,False,,16.72,8.92,7.8,32.8,22.9,4,6,,0,0,0,,,,,,0,,,,32,4.0,mean(4),28.75,22.87,mean(4),47.5,11.9,mean(4),82.25,5.44,mean(4),80.25,5.91,mean(4),73.25,3.4,mean(4)
1165,1809,中国第一代马克思主义法学家的理论开创,程梦婧[1],法学研究,2020,法学理论,45.66,6.18,E1,False,,13.37,7.03,6.33,21.4,12.7,4,6,,0,0,0,,,,,,0,,,,31.25,2.5,mean(4),44.75,12.69,mean(4),41.25,4.79,mean(4),71.5,4.51,mean(4),78.5,7.72,mean(4),50,10.0,mean(4)
934,1810,中国知识产权法律变迁的基本面向,吴汉东[1],中国社会科学,2018,知识产权法学,45.62,12.55,E1,False,,19.58,12.97,6.62,39.7,25.9,3,6,,0,0,0,,,,,,0,,,,32.5,5.0,mean(4),37.5,25.33,mean(4),40.5,7.14,mean(4),77.25,10.63,mean(4),44.5,25.88,mean(4),73.25,3.95,mean(4)
121,1811,习近平法治思想的生态文明法治理论,吕忠梅,中国法学,2021,环境与资源保护法学,45.53,4.83,E1,False,,14.1,6.45,7.65,27.1,15.5,5,6,4-single-reject,0,0,0,,,,,,0,,,,33.75,2.5,mean(4),37,7.26,mean(4),46.5,1.73,mean(4),71,4.24,mean(4),41.25,7.5,mean(4),63.75,15.48,mean(4)
1532,1812,明代监察系统内部监察制度析论,陈国平[1],法学研究,2022,法律史,45.5,7.63,E1,False,,12.88,9.03,3.85,24.3,19.9,3,6,,0,0,0,,,,,,0,,,,33.25,3.95,mean(4),23.75,11.09,mean(4),53,3.37,mean(4),80,6.27,mean(4),64.5,19.94,mean(4),42.5,9.57,mean(4)
395,1813,我国继承制度的完善与规则适用,"杨立新[1,2]",中国法学,2020,民商法学,45.28,8.21,E1,False,,20.28,11.37,8.92,33.8,29.3,2,6,,0,0,0,,,,,,0,,,,35,0.0,mean(4),45.75,17.19,mean(4),34.25,4.35,mean(4),68.5,9.11,mean(4),55.75,8.3,mean(4),52.5,29.29,mean(4)
919,1814,中国刑事程序法治文明的新发展,陈卫东[1],中国社会科学,2022,刑法学,45.26,9.54,E1,False,,18.75,9.85,8.9,41.8,26.2,4,6,,0,0,0,,,,,,0,,,,31.25,2.5,mean(4),37.75,26.21,mean(4),45,4.08,mean(4),74,6.38,mean(4),64.75,13.2,mean(4),70,6.73,mean(4)
105,1815,中国知识产权制度现代化的实践与发展,吴汉东[1],中国法学,2022,知识产权法学,45.22,4.62,E1,False,,12.37,5.1,7.27,19.8,13.1,5,6,,0,0,0,,,,,,0,,,,30,0.0,mean(4),49.5,13.08,mean(4),36.25,2.5,mean(4),70.5,4.2,mean(4),62.25,5.06,mean(4),83.25,5.68,mean(4)
1796,1816,近代中国法学学术团体考证,王灏[1],法学研究,2018,法律史,45.22,5.32,E1,False,,12.72,5.88,6.83,16.3,13.1,5,6,,0,0,0,,,,,,0,,,,31.25,2.5,mean(4),48.25,4.72,mean(4),33.75,6.29,mean(4),71.75,6.24,mean(4),46.25,13.15,mean(4),33.75,2.5,mean(4)
163,1817,侵权责任编:在承继中完善和创新,"张新宝[1,2]",中国法学,2020,民商法学,45.21,5.01,E1,False,,17.32,5.33,11.98,38.3,9.5,5,6,,0,0,0,,,,,,0,,,,35.5,1.73,mean(4),41.25,9.46,mean(4),37.5,2.89,mean(4),69.5,6.61,mean(4),72.5,5.57,mean(4),76.75,5.68,mean(4)
948,1818,从民法通则到民法总则：中国当代民法的历史性跨越,杨立新,中国社会科学,2018,民商法学,45.12,6.88,E1,False,,16.58,7.42,9.17,27.5,9.1,3,6,,0,0,0,,,,,,0,,,,35,4.08,mean(4),41.25,7.5,mean(4),35,9.13,mean(4),71.75,8.66,mean(4),80.5,5.97,mean(4),60,9.13,mean(4)
638,1819,绿色“一带一路”环境法规制研究,"孙佑海[1,2]",中国法学,2017,环境与资源保护法学,45.1,4.72,E1,False,,12.3,5.45,6.85,19.9,8.0,6,6,,0,0,0,,,,,,0,,,,32.5,2.89,mean(4),40,7.07,mean(4),48.25,2.87,mean(4),66.75,4.27,mean(4),52.5,7.55,mean(4),61,8.04,mean(4)
1837,1820,习近平法治思想中的法治文化概念,刘晓林[1],法学研究,2025,法学理论,44.87,7.3,E1,False,,11.97,7.37,4.6,21.0,15.2,4,6,,0,0,0,,,,,,0,,,,27.5,5.0,mean(4),50.5,15.18,mean(4),46.25,2.5,mean(4),64.25,5.91,mean(4),51.25,8.54,mean(4),32.25,7.14,mean(4)
544,1821,法律规范体系化背景下的行政诉讼制度的完善,江必新[1],中国法学,2022,宪法学与行政法学,44.74,6.97,E1,False,,14.92,7.12,7.8,24.0,12.5,3,6,,0,0,0,,,,,,0,,,,31.25,2.5,mean(4),59,12.49,mean(4),40,5.77,mean(4),54.25,8.1,mean(4),62,10.92,mean(4),71.75,2.87,mean(4)
448,1822,文化法治体系的法理意蕴与实践展开,杨清望[1],中国法学,2025,法学理论,44.56,5.3,E1,False,,11.13,6.3,4.83,19.8,14.8,4,6,,0,0,0,,,,,,0,,,,33.25,2.36,mean(4),55.5,8.39,mean(4),43,4.76,mean(4),51.75,2.36,mean(4),64,14.76,mean(4),72.5,5.0,mean(4)
6,1823,“一带一路”多元争端解决中心构建的当下与未来,初北平,中国法学,2017,国际法学,44.46,5.67,E1,False,,16.65,5.98,10.67,26.4,11.1,4,6,1-empty-status,0,0,0,,,,,,0,,,,31.25,2.5,mean(4),39.25,11.06,mean(4),41.75,4.72,mean(4),71.5,4.04,mean(4),67,10.3,mean(4),77.5,3.32,mean(4)
1174,1824,习近平法治思想中的法治监督理论,江必新;张雨,法学研究,2021,法学理论,44.32,7.29,E1,False,,14.55,7.58,6.97,22.9,10.1,3,6,,0,0,0,,,,,,0,,,,36.25,6.29,mean(4),43.75,8.54,mean(4),33,10.13,mean(4),65.5,4.93,mean(4),45,8.16,mean(4),26.25,7.5,mean(4)
301,1825,"在法治轨道上有序推进""全过程人民民主""",莫纪宏[1],中国法学,2021,党内法规学,44.31,13.26,E1,False,,22.48,13.97,8.52,30.2,24.3,1,6,,0,0,0,,,,,,0,,,,40.75,10.44,mean(4),25.75,24.34,mean(4),50.25,3.3,mean(4),63.75,12.61,mean(4),54,11.75,mean(4),62,21.48,mean(4)
1534,1826,晚清时期国人对法院组织的认知,侯欣一[1],法学研究,2022,法律史,44.16,9.15,E1,False,,16.78,8.57,8.22,31.4,26.1,4,6,,0,0,0,,,,,,0,,,,35,4.08,mean(4),20,26.14,mean(4),47.25,1.5,mean(4),79.75,8.88,mean(4),77.25,3.2,mean(4),55.5,7.59,mean(4)
1201,1827,以习近平法治思想引领行政审判制度新发展,章志远[1],法学研究,2022,诉讼法学,44.12,11.14,E1,False,,18.6,11.43,7.17,34.7,28.2,3,6,,0,0,0,,,,,,0,,,,35,4.08,mean(4),40.75,28.21,mean(4),30,10.61,mean(4),71.75,2.87,mean(4),48,19.3,mean(4),66.25,3.5,mean(4)
918,1828,中国共产党创造法治文明新形态的历史叙事,付子堂[1],中国社会科学,2022,法学理论,43.96,7.29,E1,False,,14.05,7.93,6.12,21.6,11.1,3,6,,0,0,0,,,,,,0,,,,28.75,6.29,mean(4),53.25,10.9,mean(4),36.25,6.29,mean(4),63.25,4.27,mean(4),57.5,8.66,mean(4),31.25,11.09,mean(4)
77,1829,中国刑法立法晚近20年之回眸与前瞻,赵秉志,中国法学,2017,刑法学,43.84,7.33,E1,False,,14.95,7.65,7.3,36.7,17.7,3,6,,0,0,0,,,,,,0,,,,30,4.08,mean(4),40.75,17.67,mean(4),33.75,2.5,mean(4),75.25,4.72,mean(4),84.25,8.18,mean(4),74.25,8.66,mean(4)
721,1830,论中国古代的民本思想,张晋藩[1],中国法学,2022,法律史,43.81,6.12,E1,False,,13.07,7.5,5.57,26.2,15.3,4,6,5-boundary-only,0,0,0,,,,,,0,,,,31.25,2.5,mean(4),38.75,6.29,mean(4),43.75,3.5,mean(4),67.75,7.85,mean(4),66,15.34,mean(4),47.5,9.57,mean(4)
379,1831,我国刑法的新发展,"郎胜[1,2]",中国法学,2017,刑法学,43.5,6.13,E1,False,,12.8,6.23,6.57,26.9,11.5,5,6,4-single-reject,0,0,0,,,,,,0,,,,31.25,2.5,mean(4),30,11.55,mean(4),40,4.08,mean(4),78,8.04,mean(4),36.75,5.68,mean(4),62.5,5.57,mean(4)
13,1832,“南海仲裁案”后续法律应对的关键问题研究,管建强,中国法学,2016,国际法学,43.47,13.09,E1,False,,21.12,10.47,10.65,32.5,25.6,3,6,,0,0,0,,,,,,0,,,,36.75,25.6,mean(4),43.75,8.54,mean(4),28.5,9.85,mean(4),64.5,6.66,mean(4),52,5.72,mean(4),58.25,6.5,mean(4)
1891,1833,国际安全法的体系化构建研究,赵永琛[1],中国法学,2025,国际法学,43.31,13.64,E1,False,,18.57,12.78,5.78,38.8,30.0,3,6,,0,0,0,,,,,,0,,,,32.5,2.89,mean(4),43,29.99,mean(4),45.75,1.5,mean(4),58,25.46,mean(4),58.25,12.45,mean(4),60,4.4,mean(4)
1021,1834,法治：中国与世界——国际法治与中国法治建设,曾令良,中国社会科学,2015,国际法学,43.25,5.62,E1,False,,15.53,6.53,9.0,27.4,9.6,4,6,,0,0,0,,,,,,0,,,,30,0.0,mean(4),43.75,7.5,mean(4),33.75,6.29,mean(4),69.75,9.54,mean(4),62.5,9.57,mean(4),53,6.27,mean(4)
451,1835,新中国国际法学70年:历程、贡献与发展方向,杨泽伟[1],中国法学,2019,国际法学,43.16,6.61,E1,False,,17.88,8.25,9.63,30.3,14.4,2,6,1-empty-status,0,0,0,,,,,,0,,,,35,0.0,mean(4),55,11.55,mean(4),31.25,14.36,mean(4),52.5,2.89,mean(4),68.5,10.66,mean(4),65.25,10.05,mean(4)
467,1836,最高人民检察院司法解释研究,孙谦,中国法学,2016,诉讼法学,42.96,9.83,E1,False,,16.05,9.83,6.22,28.4,21.0,3,6,1-empty-status,0,0,0,,,,,,0,,,,26,4.62,mean(4),49,20.99,mean(4),28.75,9.46,mean(4),73,7.7,mean(4),52.5,9.57,mean(4),72.75,6.6,mean(4)
344,1837,宪法实施情况报告制度的理论阐释和体系构建,李云霖[1],中国法学,2025,宪法学与行政法学,42.68,2.35,E1,False,,9.2,3.03,6.17,16.1,4.9,6,6,,0,0,0,,,,,,0,,,,0.0,0.0,none(0),65.75,2.87,mean(4),44.5,4.93,mean(4),82.25,2.06,mean(4),77.5,4.12,mean(4),69.5,4.2,mean(4)
552,1838,法治体系形成指标的法理研究,关保英[1],中国法学,2015,法学理论,42.63,7.19,E1,False,,14.03,6.92,7.12,28.4,17.5,5,6,,0,0,0,,,,,,0,,,,28.75,4.79,mean(4),36.25,17.5,mean(4),43.75,2.5,mean(4),69,4.76,mean(4),49.25,6.75,mean(4),59.25,5.06,mean(4)
1251,1839,全过程人民民主的法治向度阐析,胡玉鸿[1],法学研究,2022,党内法规学,42.26,6.53,E1,False,,17.8,7.38,10.42,28.2,11.9,3,6,,0,0,0,,,,,,0,,,,31.25,2.5,mean(4),35,10.8,mean(4),47,2.45,mean(4),62.5,9.88,mean(4),52,6.78,mean(4),47.5,11.9,mean(4)
983,1840,国际法治的中国表达,何志鹏,中国社会科学,2015,国际法学,42.24,10.04,E1,False,,20.25,10.4,9.85,40.9,18.9,1,6,,0,0,0,,,,,,0,,,,33.75,2.5,mean(4),38.75,18.87,mean(4),32.5,8.66,mean(4),65.75,14.22,mean(4),51.75,9.43,mean(4),52.5,8.66,mean(4)
1173,1841,习近平法治思想中的依规治党理论及其原创性贡献,王伟国[1],法学研究,2023,党内法规学,42.22,4.79,E1,False,,12.7,5.08,7.62,31.3,9.1,4,6,,0,0,0,,,,,,0,,,,27.5,5.0,mean(4),45,0.0,mean(4),44.25,2.87,mean(4),60,8.49,mean(4),45,9.13,mean(4),37.5,5.0,mean(4)
1479,1842,我国社区矫正法的历史地位与立法特点,吴宗宪[1],法学研究,2020,刑法学,42.19,6.07,E1,False,,16.13,7.05,9.08,27.8,11.2,3,6,,0,0,0,,,,,,0,,,,31.25,2.5,mean(4),38.25,9.6,mean(4),41.25,4.79,mean(4),63.25,5.68,mean(4),56.75,11.21,mean(4),58,8.49,mean(4)
307,1843,坚持依规治党,宋功德,中国法学,2018,党内法规学,42.13,9.08,E1,False,,15.43,9.92,5.52,27.4,17.3,3,6,4-single-reject,0,0,0,,,,,,0,,,,32.5,2.89,mean(4),30,17.32,mean(4),43.75,2.5,mean(4),67.5,15.2,mean(4),39.25,5.06,mean(4),46.25,16.52,mean(4)
332,1844,契约文明起源考:以古代西亚为中心,魏琼[1],中国法学,2020,法律史,41.88,7.85,E1,False,,15.85,9.07,6.78,24.1,18.4,3,6,4-single-reject,0,0,0,,,,,,0,,,,32.5,2.89,mean(4),34.5,18.38,mean(4),35,4.08,mean(4),68.5,4.73,mean(4),59.67,10.79,mean(3),30,13.54,mean(4)
84,1845,中国大众平等观念评析,张永和,中国法学,2015,法学理论,41.68,7.21,E1,False,,19.48,8.43,11.05,27.4,15.0,3,6,,0,0,0,,,,,,0,,,,31.25,6.29,mean(4),37,2.45,mean(4),35,0.0,mean(4),67,14.0,mean(4),53.25,12.87,mean(4),50.75,15.0,mean(4)
1142,1846,中国司法体制改革的经验——习近平司法体制改革思想研究,陈卫东,法学研究,2017,诉讼法学,41.65,4.31,E1,False,,11.95,5.22,6.73,23.9,8.5,5,6,,0,0,0,,,,,,0,,,,30,0.0,mean(4),43.75,8.54,mean(4),35,4.08,mean(4),62,4.97,mean(4),36.25,6.29,mean(4),45.75,7.41,mean(4)
1525,1847,新时代中国法治理论创新发展的六个向度,李林[1],法学研究,2019,国际法学,41.6,6.64,E1,False,,14.37,7.5,6.87,21.4,14.5,3,6,,0,0,0,,,,,,0,,,,30,0.0,mean(4),37.5,5.0,mean(4),33.75,9.46,mean(4),69,14.54,mean(4),54,10.23,mean(4),60,5.77,mean(4)
720,1848,论中国古代的德法共治,张晋藩,中国法学,2018,法学理论,41.59,5.24,E1,False,,15.98,6.18,9.8,21.5,13.1,5,6,5-boundary-only,0,0,0,,,,,,0,,,,30,0.0,mean(4),45,7.07,mean(4),30,5.77,mean(4),64.25,7.23,mean(4),51.25,13.15,mean(4),33.25,3.95,mean(4)
160,1849,依法治国和依规治党有机统一研究,韩春晖[1],中国法学,2021,党内法规学,41.53,8.37,E1,False,,15.68,8.95,6.73,29.7,20.7,4,6,,0,0,0,,,,,,0,,,,28,4.0,mean(4),37.5,15.55,mean(4),42,5.72,mean(4),65.5,4.93,mean(4),68.5,20.68,mean(4),77.5,2.89,mean(4)
462,1850,新时代政法改革论纲,黄文艺[1],中国法学,2019,诉讼法学,41.51,8.89,E1,False,,16.33,9.82,6.52,32.0,17.6,3,6,5-boundary-only,0,0,0,,,,,,0,,,,27.5,6.45,mean(4),35.25,15.52,mean(4),41.25,4.79,mean(4),69,4.24,mean(4),60.5,17.64,mean(4),46.25,10.31,mean(4)
419,1851,推进中国式法治现代化 构建人类法治文明新形态——对党的二十大报告的法治要义阐释,黄文艺[1],中国法学,2022,法学理论,41.34,9.32,E1,False,,18.55,10.17,8.38,33.4,18.9,2,6,5-boundary-only,0,0,0,,,,,,0,,,,31.25,2.5,mean(4),38.75,18.87,mean(4),43.75,2.5,mean(4),57.25,12.15,mean(4),55,14.72,mean(4),36.25,10.31,mean(4)
632,1852,纪检监察学“三大体系”论纲,刘练军[1],中国法学,2024,法学理论,41.1,8.62,E1,False,,16.67,9.07,7.6,30.3,18.7,3,6,,0,0,0,,,,,,0,,,,28.75,4.79,mean(4),35.5,18.73,mean(4),32.75,12.42,mean(4),71.5,1.0,mean(4),66.5,9.98,mean(4),68.75,7.5,mean(4)
323,1853,大变局下中国式民主的制度优势与宪法保障,周佑勇[1],中国法学,2023,宪法学与行政法学,41.07,6.43,E1,False,,16.52,7.6,8.92,22.9,13.8,3,6,,0,0,0,,,,,,0,,,,30,0.0,mean(4),41.75,9.6,mean(4),33.75,11.81,mean(4),62.5,5.57,mean(4),47.75,13.82,mean(4),61.25,4.79,mean(4)
801,1854,论数字检察,贾宇[1],中国法学,2023,宪法学与行政法学,41.0,10.7,E1,False,,15.6,11.38,4.22,28.9,27.7,3,6,5-boundary-only,0,0,0,,,,,,0,,,,28.75,4.79,mean(4),23.25,27.73,mean(4),42.5,5.0,mean(4),76,4.24,mean(4),61.25,15.73,mean(4),53.25,10.9,mean(4)
1526,1855,新时代推进社会公平正义的法治要义,"胡玉鸿[1,2]",法学研究,2018,法学理论,40.97,7.13,E1,False,,11.92,7.03,4.88,25.9,10.4,4,6,,0,0,0,,,,,,0,,,,30,5.0,mean(3),28.75,10.31,mean(4),39.5,4.2,mean(4),70.75,10.44,mean(4),41.25,4.79,mean(4),51.25,7.5,mean(4)
16,1856,“南海仲裁案”裁决缘何非法无效,马新民,中国法学,2016,国际法学,40.72,10.0,E1,False,,23.4,12.23,11.17,37.2,23.9,2,6,,0,0,0,,,,,,0,,,,33,2.45,mean(4),15,14.72,mean(4),38.75,12.5,mean(4),79.5,7.05,mean(4),33.75,23.94,mean(4),20,12.91,mean(4)
14,1857,“南海仲裁案”最终裁决研判与我国的对策,邹立刚,中国法学,2016,国际法学,40.49,5.23,E1,False,,17.47,7.02,10.45,27.8,18.0,5,6,,0,0,0,,,,,,0,,,,31.25,2.5,mean(4),23.75,7.5,mean(4),31.25,4.79,mean(4),78,4.32,mean(4),47.5,5.0,mean(4),61.25,17.97,mean(4)
188,1858,全面深化改革中的民法典编纂,王利明,中国法学,2015,民商法学,40.49,6.32,E1,False,,16.92,6.52,10.4,34.3,17.2,4,6,,0,0,0,,,,,,0,,,,28.75,2.5,mean(4),35.75,17.19,mean(4),36.25,2.5,mean(4),66,4.9,mean(4),73,3.46,mean(4),73,8.52,mean(4)
1172,1859,习近平全面依法治国思想的理论逻辑与创新发展,李林,法学研究,2016,宪法学与行政法学,40.49,8.74,E1,False,,18.98,10.22,8.77,28.6,14.4,2,6,,0,0,0,,,,,,0,,,,30,0.0,mean(4),41.25,14.36,mean(4),33.75,7.5,mean(4),60.5,14.06,mean(4),33.75,13.15,mean(4),40,12.25,mean(4)
24,1860,“开元六典”的继受传播及对中华法系的影响,胡兴东[1],中国法学,2020,法律史,40.03,4.21,E1,False,,8.2,5.28,2.92,14.9,9.9,5,6,1-empty-status,0,0,0,,,,,,0,,,,32.5,2.89,mean(4),35.5,3.32,mean(4),32.5,2.89,mean(4),61.5,4.73,mean(4),40.25,8.02,mean(4),44.25,9.95,mean(4)
267,1861,司法规律层次论,江国华,中国法学,2016,法学理论,39.96,12.41,E1,False,,20.53,14.48,6.05,32.5,32.6,3,6,5-boundary-only,0,0,0,,,,,,0,,,,31.25,2.5,mean(4),28.25,32.64,mean(4),46.25,6.29,mean(4),60,6.73,mean(4),48,18.06,mean(4),55.25,20.71,mean(4)
181,1862,党内法规的百年演进与治理之道,宋功德[1],中国法学,2021,党内法规学,39.37,3.22,E1,False,,8.55,3.52,5.03,15.3,8.7,5,6,,0,0,0,,,,,,0,,,,30,0.0,mean(4),22.5,8.66,mean(4),43.75,2.5,mean(4),67,2.45,mean(4),37.5,5.0,mean(4),36.25,2.5,mean(4)
98,1863,中国法治主体性的文化向度,李拥军,中国法学,2018,法学理论,39.13,8.35,E1,False,,19.28,9.05,10.23,33.8,19.4,4,6,5-boundary-only,0,0,0,,,,,,0,,,,32,4.0,mean(4),27.5,19.36,mean(4),35.75,1.5,mean(4),64,4.9,mean(4),67.5,16.84,mean(4),58.25,7.68,mean(4)
348,1864,对“南海仲裁案”的反思：中国如何为国际法治做出贡献,傅崐成,中国法学,2016,国际法学,39.1,7.26,E1,False,,18.38,6.4,11.98,26.5,11.5,5,6,1-empty-status,0,0,0,,,,,,0,,,,30,11.55,mean(4),19.25,5.38,mean(4),40.25,3.3,mean(4),71.75,6.5,mean(4),58,6.78,mean(4),55.5,4.93,mean(4)
560,1865,深入推进依法行政,马怀德[1],中国法学,2024,宪法学与行政法学,39.09,5.39,E1,False,,14.53,7.47,7.07,25.3,12.8,3,6,,0,0,0,,,,,,0,,,,30,0.0,mean(4),26.25,7.5,mean(4),37.5,8.66,mean(4),66.75,3.5,mean(4),47.75,12.76,mean(4),65.75,12.34,mean(4)
601,1866,社会组织及其法制化研究,鲍绍坤,中国法学,2017,法学理论,38.84,7.65,E1,False,,15.75,7.67,8.08,28.4,16.4,4,6,,0,0,0,,,,,,0,,,,30,0.0,mean(4),43,14.58,mean(4),31.75,4.72,mean(4),53.25,16.4,mean(4),68.25,4.72,mean(4),60.25,5.56,mean(4)
88,1867,中国式现代化之党规回应,宋功德[1],中国法学,2025,党内法规学,38.82,6.13,E1,False,,15.73,9.0,6.73,31.2,20.2,3,6,3-majority-reject,0,0,0,,,,,,0,,,,30,0.0,mean(4),25,4.08,mean(4),40,0.0,mean(4),65,13.39,mean(4),50.75,16.28,mean(4),63.75,20.16,mean(4)
587,1868,用中国特色社会主义法治理论引领法治体系建设,胡明,中国法学,2018,法学理论,38.74,12.46,E1,False,,19.7,13.12,6.58,30.0,26.1,2,6,1-empty-status,0,0,0,,,,,,0,,,,22.5,5.0,mean(4),38.25,26.06,mean(4),42.5,2.89,mean(4),60.75,14.1,mean(4),27.5,19.36,mean(4),52,11.22,mean(4)
149,1869,以古代中国与日本为中心的中华法系之律家考,何勤华,中国法学,2017,法律史,38.63,5.21,E1,False,,11.63,5.8,5.83,22.3,12.2,4,6,1-empty-status,0,0,0,,,,,,0,,,,31.25,2.5,mean(4),32.5,11.9,mean(4),35.75,1.5,mean(4),58,5.72,mean(4),41.5,1.0,mean(4),45,12.25,mean(4)
728,1870,论习近平法治思想的制度逻辑,李林[1],中国法学,2022,法学理论,38.46,9.22,E1,False,,12.52,10.48,2.03,29.8,23.9,3,6,5-boundary-only,0,0,0,,,,,,0,,,,28.75,2.5,mean(4),35,23.86,mean(4),43.75,4.79,mean(4),52.5,6.45,mean(4),37.5,8.66,mean(4),23.75,16.52,mean(4)
74,1871,中国传统生态环境法文化及当代价值研究,柴荣[1],中国法学,2021,环境与资源保护法学,38.25,6.37,E1,False,,10.77,7.05,3.72,15.0,13.9,3,6,,0,0,0,,,,,,0,,,,30,0.0,mean(4),36.75,13.87,mean(4),32.75,6.4,mean(4),56.25,8.54,mean(4),47,5.03,mean(4),53.75,8.54,mean(4)
1160,1872,中国法科学生留学德国四十年的回顾与展望,,法学研究,2019,法学理论,38.15,14.21,E1,False,,20.95,12.87,8.08,30.4,20.3,0,6,,0,0,0,,,,,,0,,,,15,17.32,mean(4),47,20.31,mean(4),24.5,13.08,mean(4),74.25,8.3,mean(4),63.5,8.35,mean(4),57.5,9.88,mean(4)
260,1873,司法大数据在中国法院的应用与前景展望,孙晓勇[1],中国法学,2021,诉讼法学,37.97,7.77,E1,False,,13.8,8.27,5.53,21.4,14.9,3,6,4-single-reject,0,0,0,,,,,,0,,,,31.25,2.5,mean(4),18.75,14.93,mean(4),32,5.72,mean(4),71.75,9.25,mean(4),41.25,9.46,mean(4),76.25,7.68,mean(4)
914,1874,“中国特色社会主义法治理论” 考,何勤华[1];周小凡[2],中国社会科学,2022,法学理论,37.91,6.79,E1,False,,13.88,6.43,7.45,23.4,10.6,3,6,,0,0,0,,,,,,0,,,,25,5.77,mean(4),32.25,8.96,mean(4),37.5,5.0,mean(4),63.25,10.56,mean(4),45,0.0,mean(4),45,8.16,mean(4)
398,1875,我国网络法治的经验与启示,徐汉明,中国法学,2018,经济法学,37.32,12.18,E1,False,,17.88,11.47,6.42,29.2,25.0,2,6,1-empty-status,0,0,0,,,,,,0,,,,26.25,7.5,mean(4),35.75,25.01,mean(4),38,8.91,mean(4),55,12.08,mean(4),45,8.16,mean(4),79.5,7.14,mean(4)
46,1876,《大清律例》条标的运用与启示,王立民[1],中国法学,2019,法律史,36.9,8.86,E1,False,,14.25,9.98,4.27,26.0,23.2,2,6,4-single-reject,0,0,0,,,,,,0,,,,30,0.0,mean(4),28.75,23.23,mean(4),40.75,10.59,mean(4),52.5,8.81,mean(4),45,0.0,mean(4),40.5,17.25,mean(4)
174,1877,儒家民族观影响下的中国古代民族法制,邵方,中国法学,2018,法律史,36.87,3.73,E1,False,,6.15,4.1,2.05,11.9,6.3,6,6,,0,0,0,,,,,,0,,,,31.25,2.5,mean(4),37.5,2.89,mean(4),33.75,2.5,mean(4),47,6.27,mean(4),37.5,5.0,mean(4),29.25,5.38,mean(4)
114,1878,习近平文物事业法治思想研究,张舜玺,中国法学,2017,法学理论,36.4,8.67,E1,False,,15.2,9.05,6.15,29.0,19.1,3,6,4-single-reject,0,0,0,,,,,,0,,,,33.75,4.79,mean(4),26.25,10.31,mean(4),33.75,2.5,mean(4),52.5,19.09,mean(4),42.25,2.06,mean(4),46.25,15.46,mean(4)
1162,1879,中国特色社会主义人权理论体系论纲,,法学研究,2015,法学理论,36.18,8.37,E1,False,,15.77,9.67,6.1,27.5,18.9,2,6,,0,0,0,,,,,,0,,,,30,0.0,mean(4),27.5,18.93,mean(4),32,7.26,mean(4),57.25,8.3,mean(4),52.5,13.23,mean(4),11.25,10.31,mean(4)
456,1880,新时代中国法治现代化的战略安排,公丕祥,中国法学,2018,法学理论,36.15,6.0,E1,False,,9.37,6.28,3.08,17.1,13.5,4,6,1-empty-status,0,0,0,,,,,,0,,,,30,0.0,mean(4),20,13.54,mean(4),37.5,2.89,mean(4),60.5,9.88,mean(4),36.25,6.29,mean(4),39.25,5.06,mean(4)
44,1881,《中华人民共和国民法总则》的制定,"张鸣起[1,2,3]",中国法学,2017,民商法学,36.06,7.11,E1,False,,12.02,7.77,4.25,28.2,14.4,3,6,3-majority-reject,0,0,0,,,,,,0,,,,30,0.0,mean(4),35.75,13.12,mean(4),35,4.08,mean(4),46.25,14.36,mean(4),42.5,5.0,mean(4),30,10.0,mean(4)
722,1882,论中国式法治现代化新道路,张文显[1],中国法学,2022,法学理论,35.68,7.15,E1,False,,12.22,7.07,5.15,22.5,12.5,4,6,5-boundary-only,0,0,0,,,,,,0,,,,28.75,2.5,mean(4),6.25,12.5,mean(4),43,4.76,mean(4),70,12.08,mean(4),38.75,4.79,mean(4),62,5.72,mean(4)
461,1883,新时代坚定不移走中国特色社会主义法治道路,李林[1],中国法学,2019,法学理论,35.51,4.16,E1,False,,13.7,4.92,8.78,22.9,9.1,5,6,3-majority-reject,0,0,0,,,,,,0,,,,28.75,2.5,mean(4),21.25,7.5,mean(4),38.75,2.5,mean(4),57.5,2.89,mean(4),37.5,5.0,mean(4),40,9.13,mean(4)
118,1884,习近平法治思想是马克思主义法治理论中国化的新发展新飞跃,"王晨[1,2,3]",中国法学,2021,法学理论,35.21,6.92,E1,False,,15.37,9.63,5.73,26.6,25.3,2,6,3-majority-reject,0,0,0,,,,,,0,,,,30,0.0,mean(4),10,8.16,mean(4),37.5,2.89,mean(4),66.5,8.35,mean(4),28.75,25.29,mean(4),36.25,13.15,mean(4)
716,1885,论一体建设法治社会,"张鸣起[1,2]",中国法学,2016,宪法学与行政法学,35.04,11.24,E1,False,,21.17,10.78,10.38,41.5,24.5,4,6,,0,0,0,,,,,,0,,,,28.75,2.5,mean(4),28.75,20.56,mean(4),33.75,2.5,mean(4),51.75,24.54,mean(4),60.5,7.14,mean(4),36.25,7.5,mean(4)
1017,1886,治国理政的法治理念和法治思维,张文显,中国社会科学,2017,法学理论,34.56,11.72,E1,False,,15.73,11.1,4.63,25.8,16.0,1,6,,0,0,0,,,,,,0,,,,25,10.0,mean(4),23.75,16.01,mean(4),32.5,15.0,mean(4),61.25,10.44,mean(4),33,8.52,mean(4),20.25,6.65,mean(4)
1089,1887,论统筹推进国内法治和涉外法治,黄进[1],中国社会科学,2022,国际法学,34.32,5.76,E1,False,,10.0,5.47,4.53,19.7,18.9,5,6,,0,0,0,,,,,,0,,,,30,0.0,mean(4),13.75,18.87,mean(4),41.5,5.74,mean(4),56,4.24,mean(4),45.75,1.5,mean(4),48.75,2.5,mean(4)
938,1888,习近平法治思想的实践逻辑、理论逻辑和历史逻辑,张文显[1],中国社会科学,2021,法学理论,34.16,4.05,E1,False,,10.97,4.87,6.1,27.2,8.3,5,6,,0,0,0,,,,,,0,,,,30,0.0,mean(4),18.75,4.79,mean(4),36.25,2.5,mean(4),54.25,8.3,mean(4),38.75,7.5,mean(4),29.5,6.14,mean(4)
172,1889,健全公正执法司法体制机制,贺小荣[1],中国法学,2024,诉讼法学,34.15,6.46,E1,False,,12.95,6.32,6.63,24.7,10.4,4,6,4-single-reject,0,0,0,,,,,,0,,,,32,4.0,mean(4),20,10.0,mean(4),32.5,2.89,mean(4),52.75,10.37,mean(4),38.75,4.35,mean(4),56.25,6.29,mean(4)
741,1890,论全面依法治国的战略地位和作用,"熊选国[1,2]",中国法学,2023,法学理论,33.79,7.69,E1,False,,14.37,6.62,7.75,32.9,17.2,4,6,3-majority-reject,0,0,0,,,,,,0,,,,32.25,4.5,mean(4),8.75,11.81,mean(4),39,1.15,mean(4),57.25,17.15,mean(4),18.75,2.5,mean(4),13.75,2.5,mean(4)
111,1891,习近平互联网法治思想研究,周汉华,中国法学,2017,法学理论,33.31,7.98,E1,False,,19.5,9.2,10.3,31.5,14.7,1,6,4-single-reject,0,0,0,,,,,,0,,,,30,0.0,mean(4),12.5,10.41,mean(4),38.75,9.46,mean(4),55,14.72,mean(4),20,10.0,mean(4),42,10.61,mean(4)
698,1892,行政长官制是单一制下新的澳门特别行政区地方政权形式,肖蔚云,中国法学,2017,宪法学与行政法学,33.09,10.02,E1,False,,13.72,9.67,4.05,20.2,23.5,3,6,1-empty-status,0,0,0,,,,,,0,,,,31.67,2.89,mean(3),20,23.45,mean(4),27.5,11.9,mean(4),52.5,9.57,mean(4),55.25,5.25,mean(4),21.25,4.79,mean(4)
457,1893,新时代全面依法治国的思想、方略和实践,"张文显[1,2,3]",中国法学,2017,法学理论,33.01,7.11,E1,False,,17.32,8.9,8.42,34.7,20.2,3,6,1-empty-status,0,0,0,,,,,,0,,,,27.5,2.89,mean(4),10,12.25,mean(4),33.75,2.5,mean(4),63.75,8.54,mean(4),35,7.07,mean(4),43.75,20.16,mean(4)
804,1894,论新时代中国社会治理理论,徐汉明[1],中国法学,2023,法学理论,32.88,7.55,E1,False,,11.33,8.57,2.77,20.2,17.3,3,6,5-boundary-only,0,0,0,,,,,,0,,,,31.25,2.5,mean(4),15,17.32,mean(4),44.5,3.32,mean(4),44.5,6.66,mean(4),37.5,8.66,mean(4),30,12.91,mean(4)
1028,1895,现代化中华法治文明及其世界意义,李林[1],中国社会科学,2022,法律史,32.74,9.65,E1,False,,13.4,10.52,2.88,26.0,26.0,3,6,,0,0,0,,,,,,0,,,,30,0.0,mean(4),22.5,25.98,mean(4),29.5,6.14,mean(4),49.5,10.85,mean(4),40,7.07,mean(4),23.75,13.15,mean(4)
242,1896,加快推进新时代区域法治发展,公丕祥[1],中国法学,2024,法学理论,32.62,7.26,E1,False,,10.97,8.82,2.15,19.6,16.5,3,6,,0,0,0,,,,,,0,,,,32.5,2.89,mean(4),21.25,9.46,mean(4),29.5,12.82,mean(4),46.5,6.24,mean(4),42.5,5.0,mean(4),49.25,16.5,mean(4)
308,1897,坚持和发展中国特色社会主义法治理论,王乐泉[1],中国法学,2015,法学理论,32.5,6.75,E1,False,,13.97,9.43,4.53,27.8,23.2,3,6,3-majority-reject,0,0,0,,,,,,0,,,,30,0.0,mean(4),17.5,5.0,mean(4),32.5,5.0,mean(4),51.25,14.93,mean(4),35.75,8.5,mean(4),31.25,23.23,mean(4)
641,1898,编纂实施民法典是习近平法治思想的生动实践,"王轶[1,2]",中国法学,2021,民商法学,31.62,3.4,E1,False,,14.78,3.9,10.88,26.3,8.7,5,6,3-majority-reject,0,0,0,,,,,,0,,,,30,0.0,mean(4),17.5,8.66,mean(4),32.5,2.89,mean(4),47.5,2.89,mean(4),39.5,4.2,mean(4),18.25,4.72,mean(4)
1008,1899,新时代中国法治建设的基本问题,王利明,中国社会科学,2018,法学理论,31.43,6.54,E1,False,,15.4,7.97,7.43,26.1,13.8,2,6,,0,0,0,,,,,,0,,,,30,0.0,mean(4),11.25,10.31,mean(4),28.75,9.46,mean(4),55.75,9.43,mean(4),38.75,4.79,mean(4),45.5,13.82,mean(4)
309,1900,坚持抓住领导干部这个：关键少数,陈训秋,中国法学,2021,党内法规学,31.35,5.32,E1,False,,9.18,6.37,2.82,19.3,18.9,4,6,2-all-reject,0,0,0,,,,,,0,,,,30,0.0,mean(4),7.5,5.0,mean(4),35,0.0,mean(4),54.5,11.45,mean(4),28.75,18.87,mean(4),17.5,2.89,mean(4)
336,1901,完善推进法治社会建设机制,李林[1],中国法学,2024,法学理论,30.97,5.93,E1,False,,10.93,6.65,4.28,21.7,9.6,4,6,3-majority-reject,0,0,0,,,,,,0,,,,28.75,2.5,mean(4),10,7.07,mean(4),38,8.91,mean(4),50,7.7,mean(4),35,4.08,mean(4),52.5,9.57,mean(4)
119,1902,习近平法治思想的司法理论,游劝荣[1],中国法学,2023,诉讼法学,30.94,4.04,E1,False,,13.83,5.43,8.4,27.5,8.5,4,6,4-single-reject,0,0,0,,,,,,0,,,,30,0.0,mean(4),1.75,2.36,mean(4),30,7.07,mean(4),62.25,6.13,mean(4),31.25,8.54,mean(4),21.25,8.54,mean(4)
150,1903,以大协同格局加强涉外法治建设,郭雳[1],中国法学,2024,国际法学,30.81,4.63,E1,False,,14.4,6.15,8.25,24.9,14.1,4,6,3-majority-reject,0,0,0,,,,,,0,,,,30,0.0,mean(4),7.5,8.66,mean(4),31.25,7.5,mean(4),55,4.08,mean(4),43.75,2.5,mean(4),54.5,14.06,mean(4)
257,1904,司法体制综合配套改革的路径和重点,"姜伟[1,2]",中国法学,2017,诉讼法学,30.18,3.37,E1,False,,10.17,4.62,5.55,23.6,11.8,4,6,3-majority-reject,0,0,0,,,,,,0,,,,30,0.0,mean(4),10,8.16,mean(4),35,2.45,mean(4),47,2.45,mean(4),37.5,2.89,mean(4),36.25,11.81,mean(4)
300,1905,在全面依法治国实践中担当尽责沿着中国特色社会主义法治道路阔步前进,"王晨[1,2]",中国法学,2019,法学理论,30.0,6.44,E1,False,,14.37,7.97,6.4,22.2,17.5,3,6,2-all-reject,0,0,0,,,,,,0,,,,27.5,2.89,mean(4),15,11.55,mean(4),30,0.0,mean(4),48.75,4.79,mean(4),23.75,17.5,mean(4),43.75,11.09,mean(4)
1177,1906,习近平法治思想领航中国之治的实践机制,"陈柏峰[1,2]",法学研究,2022,法学理论,29.04,3.49,E1,False,,10.78,4.0,6.78,17.1,7.5,6,6,,0,0,0,,,,,,0,,,,30,0.0,mean(4),13.75,6.29,mean(4),41.25,2.5,mean(4),33.75,4.79,mean(4),43.75,7.5,mean(4),27.5,2.89,mean(4)
331,1907,奋力建设法治政府,"袁曙宏[1,2]",中国法学,2017,宪法学与行政法学,28.97,6.28,E1,False,,9.72,7.32,2.4,20.2,13.1,2,6,2-all-reject,0,0,0,,,,,,0,,,,30,0.0,mean(4),7.5,8.66,mean(4),32.5,2.89,mean(4),46.25,13.15,mean(4),34.5,10.54,mean(4),22.5,8.66,mean(4)
727,1908,论习近平法治思想的公正司法观,童建明[1],中国法学,2024,诉讼法学,28.85,6.54,E1,False,,15.83,6.93,8.9,24.7,11.0,3,6,3-majority-reject,0,0,0,,,,,,0,,,,22.5,8.66,mean(4),0,0.0,mean(4),34.5,11.0,mean(4),63,6.22,mean(4),36.75,5.38,mean(4),21.25,10.31,mean(4)
112,1909,习近平全球治理与国际法治思想研究,黄进,中国法学,2017,国际法学,28.57,8.63,E1,False,,13.83,7.87,5.97,23.5,14.4,4,6,3-majority-reject,0,0,0,,,,,,0,,,,24,6.93,mean(4),18.75,14.36,mean(4),31.25,7.5,mean(4),43.25,10.9,mean(4),35,0.0,mean(4),23.75,7.5,mean(4)
102,1910,中国特色社会主义法治体系的理论基础、指导思想和基本构成,李龙,中国法学,2015,法学理论,28.37,4.2,E1,False,,17.73,4.88,12.85,35.2,10.6,4,6,3-majority-reject,0,0,0,,,,,,0,,,,30,0.0,mean(4),12.5,8.66,mean(4),30.75,2.99,mean(4),40,4.08,mean(4),30.75,10.59,mean(4),32.5,2.89,mean(4)
103,1911,中国特色社会主义法治道路的时代进程,公丕祥,中国法学,2015,法学理论,28.16,5.68,E1,False,,9.49,6.73,2.76,16.51,10.3,3,6,1-empty-status,0,0,0,,,,,,0,,,,30,0.0,mean(4),7.5,8.66,mean(4),36.25,7.5,mean(4),40,9.13,mean(4),41.25,4.79,mean(4),35.75,10.28,mean(4)
122,1912,习近平法治思想要义的法理解读,卓泽渊,中国法学,2021,法学理论,27.93,7.15,E1,False,,12.57,6.58,5.98,16.1,12.4,3,6,3-majority-reject,0,0,0,,,,,,0,,,,22.5,8.66,mean(4),7.5,5.0,mean(4),32.25,12.39,mean(4),53.25,3.5,mean(4),34.5,9.88,mean(4),30,0.0,mean(4)
864,1913,谱写新时代人权法治保障的新篇章,"江必新[1,2]",中国法学,2017,法学理论,27.47,10.33,E1,False,,17.8,8.22,9.58,23.0,17.3,3,6,3-majority-reject,0,0,0,,,,,,0,,,,15,17.32,mean(4),13.75,9.46,mean(4),35,0.0,mean(4),54.25,12.47,mean(4),27.5,5.0,mean(4),32.5,5.0,mean(4)
1175,1914,习近平法治思想对马克思主义法治原理的传承与发展,孙谦[1],法学研究,2021,党内法规学,26.79,5.33,E1,False,,13.6,5.47,8.13,25.4,13.4,4,6,,0,0,0,,,,,,0,,,,30,0.0,mean(4),3.75,2.5,mean(4),17.5,11.9,mean(4),52,13.37,mean(4),31.25,2.5,mean(4),18.75,2.5,mean(4)
729,1915,论习近平法治思想的时代精神,汪习根,中国法学,2021,法学理论,26.71,7.25,E1,False,,14.7,8.38,6.32,23.1,17.8,3,6,1-empty-status,0,0,0,,,,,,0,,,,30,0.0,mean(3),3.33,5.77,mean(3),10,10.0,mean(3),57.67,17.79,mean(3),40,4.08,mean(4),28,12.62,mean(4)
113,1916,习近平总书记全面依法治国新理念新思想新战略:发展脉络、核心要义和时代意义,付子堂[1],中国法学,2019,法学理论,26.32,4.09,E1,False,,14.07,3.93,10.13,32.9,15.8,5,6,4-single-reject,0,0,0,,,,,,0,,,,30,0.0,mean(4),0,0.0,mean(4),42.5,2.89,mean(4),35,15.81,mean(4),35.5,4.93,mean(4),25,0.0,mean(4)
1524,1917,新思想引领法治新征程——习近平新时代中国特色社会主义思想对依法治国和法治建设的指导意义,张文显,法学研究,2017,法学理论,25.59,6.84,E1,False,,11.25,6.85,4.4,15.5,15.0,4,6,,0,0,0,,,,,,0,,,,22.5,15.0,mean(4),0,0.0,mean(4),35,0.0,mean(4),48.75,4.79,mean(4),36.25,6.29,mean(4),12.5,15.0,mean(4)
117,1918,"坚持抓住领导干部这个""关键少数""",陈训秋[1],中国法学,2021,法学理论,25.37,6.11,E1,False,,12.53,6.88,5.65,25.0,12.8,4,6,2-all-reject,0,0,0,,,,,,0,,,,28.75,2.5,mean(4),2.5,5.0,mean(4),31.25,7.5,mean(4),38.75,8.54,mean(4),38,12.75,mean(4),22.5,5.0,mean(4)
306,1919,坚持以习近平法治思想为指导 谱写新时代全面依法治国新篇章,王晨,中国法学,2021,法学理论,24.63,7.47,E1,False,,12.53,7.28,5.25,18.9,12.5,4,6,2-all-reject,0,0,0,,,,,,0,,,,23.75,12.5,mean(4),6.25,7.5,mean(4),33.75,2.5,mean(4),37.5,2.89,mean(4),35,7.07,mean(4),27,11.22,mean(4)
362,1920,建设中国特色社会主义法治文化,张苏军,中国法学,2017,法学理论,22.13,5.82,E1,False,,10.6,7.37,3.23,15.5,11.1,2,6,3-majority-reject,0,0,0,,,,,,0,,,,30,0.0,mean(4),5,5.77,mean(4),23.75,10.31,mean(4),26.25,8.54,mean(4),33.75,8.54,mean(4),21.25,11.09,mean(4)
