2026-06-10 16:37:03,010 [INFO] 读取 CSV: /Users/jinyh/Documents/AIProjects/SocialEval/raw/xueshuyuekan/97001X_学术月刊_法学院2015起.csv
2026-06-10 16:37:03,013 [INFO]   共 149 篇论文
2026-06-10 16:37:03,013 [INFO]   限制处理前 3 篇
2026-06-10 16:37:15,080 [INFO] 读取 CSV: /Users/jinyh/Documents/AIProjects/SocialEval/raw/xueshuyuekan/97001X_学术月刊_法学院2015起.csv
2026-06-10 16:37:15,083 [INFO]   共 149 篇论文
2026-06-10 16:37:15,083 [INFO]   限制处理前 3 篇
2026-06-10 16:37:17,893 [INFO] HTTP Request: POST https://dashscope.aliyuncs.com/compatible-mode/v1/chat/completions "HTTP/1.1 200 OK"
2026-06-10 16:37:17,897 [INFO] HTTP Request: POST https://dashscope.aliyuncs.com/compatible-mode/v1/chat/completions "HTTP/1.1 200 OK"
2026-06-10 16:37:18,044 [INFO] HTTP Request: POST https://dashscope.aliyuncs.com/compatible-mode/v1/chat/completions "HTTP/1.1 200 OK"
2026-06-10 16:37:22,608 [INFO] HTTP Request: POST https://dashscope.aliyuncs.com/compatible-mode/v1/chat/completions "HTTP/1.1 200 OK"
2026-06-10 16:37:24,051 [INFO] HTTP Request: POST https://dashscope.aliyuncs.com/compatible-mode/v1/chat/completions "HTTP/1.1 200 OK"
2026-06-10 16:37:27,851 [INFO] HTTP Request: POST https://dashscope.aliyuncs.com/compatible-mode/v1/chat/completions "HTTP/1.1 200 OK"
2026-06-10 16:37:30,234 [INFO] HTTP Request: POST https://dashscope.aliyuncs.com/compatible-mode/v1/chat/completions "HTTP/1.1 200 OK"
2026-06-10 16:37:32,572 [INFO] HTTP Request: POST https://dashscope.aliyuncs.com/compatible-mode/v1/chat/completions "HTTP/1.1 200 OK"
2026-06-10 16:37:36,277 [INFO] HTTP Request: POST https://dashscope.aliyuncs.com/compatible-mode/v1/chat/completions "HTTP/1.1 200 OK"
2026-06-10 16:37:52,270 [INFO] HTTP Request: POST https://dashscope.aliyuncs.com/compatible-mode/v1/chat/completions "HTTP/1.1 200 OK"
2026-06-10 16:37:52,271 [INFO] [663320596] 论中国私募基金管理人注册制度的完善 → {'Q': '经济法学', 'G': '经济法学', 'D': '经济法学', 'K': '经济法学'}
2026-06-10 16:37:54,070 [INFO] HTTP Request: POST https://dashscope.aliyuncs.com/compatible-mode/v1/chat/completions "HTTP/1.1 200 OK"
2026-06-10 16:37:54,071 [INFO] [663983549] 从国家理性到公共理性——康德政治哲学的革命 → {'Q': '法学理论', 'G': '法学理论', 'D': '法学理论', 'K': '法学理论'}
2026-06-10 16:37:55,279 [INFO] HTTP Request: POST https://dashscope.aliyuncs.com/compatible-mode/v1/chat/completions "HTTP/1.1 200 OK"
2026-06-10 16:37:55,282 [INFO] [663564065] 论登记型与占有型动产担保物权的冲突及其消解 → {'Q': '民商法学', 'G': '民商法学', 'D': '民商法学', 'K': '民商法学'}
2026-06-10 16:37:55,282 [INFO] 分类完成，耗时 40.2s
2026-06-10 16:37:55,295 [INFO] 已写入 /Users/jinyh/Documents/AIProjects/SocialEval/raw/xueshuyuekan/97001X_学术月刊_法学院2015起.csv，共 149 行，新增列: ['分类-Q', '分类-G', '分类-D', '分类-K', '分类']
2026-06-10 16:37:55,295 [INFO] 
=== 分类统计 ===
2026-06-10 16:37:55,295 [INFO] 总完成: 3 篇
2026-06-10 16:37:55,295 [INFO] 4 模型一致: 3/3 (100.0%)
2026-06-10 16:37:55,295 [INFO] 分类分布:
2026-06-10 16:37:55,295 [INFO]   经济法学: 1
2026-06-10 16:37:55,295 [INFO]   法学理论: 1
2026-06-10 16:37:55,295 [INFO]   民商法学: 1
2026-06-10 16:38:23,297 [INFO] 读取 CSV: /Users/jinyh/Documents/AIProjects/SocialEval/raw/xueshuyuekan/97001X_学术月刊_法学院2015起.csv
2026-06-10 16:38:23,301 [INFO]   共 149 篇论文
2026-06-10 16:38:23,301 [INFO]   已完成 3 篇，继续处理剩余论文
2026-06-10 16:38:25,756 [INFO] HTTP Request: POST https://dashscope.aliyuncs.com/compatible-mode/v1/chat/completions "HTTP/1.1 200 OK"
2026-06-10 16:38:26,141 [INFO] HTTP Request: POST https://dashscope.aliyuncs.com/compatible-mode/v1/chat/completions "HTTP/1.1 200 OK"
2026-06-10 16:38:26,252 [INFO] HTTP Request: POST https://dashscope.aliyuncs.com/compatible-mode/v1/chat/completions "HTTP/1.1 200 OK"
2026-06-10 16:38:27,497 [INFO] HTTP Request: POST https://dashscope.aliyuncs.com/compatible-mode/v1/chat/completions "HTTP/1.1 200 OK"
2026-06-10 16:38:31,369 [INFO] HTTP Request: POST https://dashscope.aliyuncs.com/compatible-mode/v1/chat/completions "HTTP/1.1 200 OK"
2026-06-10 16:38:32,960 [INFO] HTTP Request: POST https://dashscope.aliyuncs.com/compatible-mode/v1/chat/completions "HTTP/1.1 200 OK"
2026-06-10 16:38:33,001 [INFO] HTTP Request: POST https://dashscope.aliyuncs.com/compatible-mode/v1/chat/completions "HTTP/1.1 200 OK"
2026-06-10 16:38:37,280 [INFO] HTTP Request: POST https://dashscope.aliyuncs.com/compatible-mode/v1/chat/completions "HTTP/1.1 200 OK"
2026-06-10 16:38:38,148 [INFO] HTTP Request: POST https://dashscope.aliyuncs.com/compatible-mode/v1/chat/completions "HTTP/1.1 200 OK"
2026-06-10 16:38:45,818 [INFO] HTTP Request: POST https://dashscope.aliyuncs.com/compatible-mode/v1/chat/completions "HTTP/1.1 200 OK"
2026-06-10 16:39:27,899 [INFO] 读取 CSV: /Users/jinyh/Documents/AIProjects/SocialEval/raw/xueshuyuekan/97001X_学术月刊_法学院2015起.csv
2026-06-10 16:39:27,902 [INFO]   共 149 篇论文
2026-06-10 16:39:27,902 [INFO]   已完成 3 篇，继续处理剩余论文
2026-06-10 16:39:30,150 [INFO] HTTP Request: POST https://dashscope.aliyuncs.com/compatible-mode/v1/chat/completions "HTTP/1.1 200 OK"
2026-06-10 16:39:30,159 [INFO] HTTP Request: POST https://dashscope.aliyuncs.com/compatible-mode/v1/chat/completions "HTTP/1.1 200 OK"
2026-06-10 16:39:30,171 [INFO] HTTP Request: POST https://dashscope.aliyuncs.com/compatible-mode/v1/chat/completions "HTTP/1.1 200 OK"
2026-06-10 16:39:30,204 [INFO] HTTP Request: POST https://dashscope.aliyuncs.com/compatible-mode/v1/chat/completions "HTTP/1.1 200 OK"
2026-06-10 16:39:30,717 [INFO] HTTP Request: POST https://dashscope.aliyuncs.com/compatible-mode/v1/chat/completions "HTTP/1.1 200 OK"
2026-06-10 16:39:32,444 [INFO] HTTP Request: POST https://dashscope.aliyuncs.com/compatible-mode/v1/chat/completions "HTTP/1.1 200 OK"
2026-06-10 16:39:35,515 [INFO] HTTP Request: POST https://dashscope.aliyuncs.com/compatible-mode/v1/chat/completions "HTTP/1.1 200 OK"
2026-06-10 16:39:35,918 [INFO] HTTP Request: POST https://dashscope.aliyuncs.com/compatible-mode/v1/chat/completions "HTTP/1.1 200 OK"
2026-06-10 16:39:36,827 [INFO] HTTP Request: POST https://dashscope.aliyuncs.com/compatible-mode/v1/chat/completions "HTTP/1.1 200 OK"
2026-06-10 16:39:42,238 [INFO] HTTP Request: POST https://dashscope.aliyuncs.com/compatible-mode/v1/chat/completions "HTTP/1.1 200 OK"
2026-06-10 16:39:42,444 [INFO] HTTP Request: POST https://dashscope.aliyuncs.com/compatible-mode/v1/chat/completions "HTTP/1.1 200 OK"
2026-06-10 16:39:43,409 [INFO] HTTP Request: POST https://dashscope.aliyuncs.com/compatible-mode/v1/chat/completions "HTTP/1.1 200 OK"
2026-06-10 16:39:49,177 [INFO] HTTP Request: POST https://dashscope.aliyuncs.com/compatible-mode/v1/chat/completions "HTTP/1.1 200 OK"
2026-06-10 16:39:50,547 [INFO] HTTP Request: POST https://dashscope.aliyuncs.com/compatible-mode/v1/chat/completions "HTTP/1.1 200 OK"
2026-06-10 16:40:01,468 [INFO] HTTP Request: POST https://dashscope.aliyuncs.com/compatible-mode/v1/chat/completions "HTTP/1.1 200 OK"
2026-06-10 16:40:06,184 [INFO] HTTP Request: POST https://dashscope.aliyuncs.com/compatible-mode/v1/chat/completions "HTTP/1.1 200 OK"
2026-06-10 16:40:06,188 [INFO] [668194135] 检察建议用于刑事个案监督论要 → {'Q': '诉讼法学', 'G': '诉讼法学', 'D': '诉讼法学', 'K': '诉讼法学'}
2026-06-10 16:40:10,089 [INFO] HTTP Request: POST https://dashscope.aliyuncs.com/compatible-mode/v1/chat/completions "HTTP/1.1 200 OK"
2026-06-10 16:40:10,090 [INFO] [666246173] 论“家国天下”——对于这一伟大古典汉语修辞义理内涵的文化政治 → {'Q': '法学理论', 'G': '法学理论', 'D': '法学理论', 'K': '法学理论'}
2026-06-10 16:40:10,427 [INFO] HTTP Request: POST https://dashscope.aliyuncs.com/compatible-mode/v1/chat/completions "HTTP/1.1 200 OK"
2026-06-10 16:40:11,276 [INFO] HTTP Request: POST https://dashscope.aliyuncs.com/compatible-mode/v1/chat/completions "HTTP/1.1 200 OK"
2026-06-10 16:40:11,621 [INFO] HTTP Request: POST https://dashscope.aliyuncs.com/compatible-mode/v1/chat/completions "HTTP/1.1 200 OK"
2026-06-10 16:40:11,625 [INFO] [666611439] “第三方裁判被收买”对司法公正的影响 → {'Q': '法学理论', 'G': '法学理论', 'D': '法学理论', 'K': '法学理论'}
2026-06-10 16:40:12,132 [INFO] HTTP Request: POST https://dashscope.aliyuncs.com/compatible-mode/v1/chat/completions "HTTP/1.1 200 OK"
2026-06-10 16:40:15,624 [INFO] HTTP Request: POST https://dashscope.aliyuncs.com/compatible-mode/v1/chat/completions "HTTP/1.1 200 OK"
2026-06-10 16:40:16,585 [INFO] HTTP Request: POST https://dashscope.aliyuncs.com/compatible-mode/v1/chat/completions "HTTP/1.1 200 OK"
2026-06-10 16:40:21,152 [INFO] HTTP Request: POST https://dashscope.aliyuncs.com/compatible-mode/v1/chat/completions "HTTP/1.1 200 OK"
2026-06-10 16:40:26,839 [INFO] HTTP Request: POST https://dashscope.aliyuncs.com/compatible-mode/v1/chat/completions "HTTP/1.1 200 OK"
2026-06-10 16:40:27,424 [INFO] HTTP Request: POST https://dashscope.aliyuncs.com/compatible-mode/v1/chat/completions "HTTP/1.1 200 OK"
2026-06-10 16:40:27,427 [INFO] [669262573] 车辆限行规制的法经济学分析 → {'Q': '经济法学', 'G': '法学理论', 'D': '经济法学', 'K': '经济法学'}
2026-06-10 16:40:29,875 [INFO] HTTP Request: POST https://dashscope.aliyuncs.com/compatible-mode/v1/chat/completions "HTTP/1.1 200 OK"
2026-06-10 16:40:34,311 [INFO] HTTP Request: POST https://dashscope.aliyuncs.com/compatible-mode/v1/chat/completions "HTTP/1.1 200 OK"
2026-06-10 16:40:36,484 [INFO] HTTP Request: POST https://dashscope.aliyuncs.com/compatible-mode/v1/chat/completions "HTTP/1.1 200 OK"
2026-06-10 16:40:38,497 [INFO] HTTP Request: POST https://dashscope.aliyuncs.com/compatible-mode/v1/chat/completions "HTTP/1.1 200 OK"
2026-06-10 16:40:39,038 [INFO] HTTP Request: POST https://dashscope.aliyuncs.com/compatible-mode/v1/chat/completions "HTTP/1.1 200 OK"
2026-06-10 16:40:39,040 [INFO] [665987994] 依法执政：法治现代化的模型分析与路径选择 → {'Q': '法学理论', 'G': '法学理论', 'D': '宪法学与行政法学', 'K': '宪法学与行政法学'}
2026-06-10 16:40:41,066 [INFO] HTTP Request: POST https://dashscope.aliyuncs.com/compatible-mode/v1/chat/completions "HTTP/1.1 200 OK"
2026-06-10 16:40:46,456 [INFO] HTTP Request: POST https://dashscope.aliyuncs.com/compatible-mode/v1/chat/completions "HTTP/1.1 200 OK"
2026-06-10 16:40:51,858 [INFO] HTTP Request: POST https://dashscope.aliyuncs.com/compatible-mode/v1/chat/completions "HTTP/1.1 200 OK"
2026-06-10 16:40:55,638 [INFO] HTTP Request: POST https://dashscope.aliyuncs.com/compatible-mode/v1/chat/completions "HTTP/1.1 200 OK"
2026-06-10 16:40:55,642 [INFO] [669459539] 新中国刑释人员社会政策的历史演变 → {'Q': '法律史', 'G': '刑法学', 'D': '刑法学', 'K': '刑法学'}
2026-06-10 16:40:55,722 [INFO] HTTP Request: POST https://dashscope.aliyuncs.com/compatible-mode/v1/chat/completions "HTTP/1.1 200 OK"
2026-06-10 16:40:55,726 [INFO] [669459536] 纯粹理性的法律构造——《纯粹理性批判》的法哲学意蕴 → {'Q': '法学理论', 'G': '法学理论', 'D': '法学理论', 'K': '法学理论'}
2026-06-10 16:40:57,584 [INFO] HTTP Request: POST https://dashscope.aliyuncs.com/compatible-mode/v1/chat/completions "HTTP/1.1 200 OK"
2026-06-10 16:40:58,093 [INFO] HTTP Request: POST https://dashscope.aliyuncs.com/compatible-mode/v1/chat/completions "HTTP/1.1 200 OK"
2026-06-10 16:41:02,369 [INFO] HTTP Request: POST https://dashscope.aliyuncs.com/compatible-mode/v1/chat/completions "HTTP/1.1 200 OK"
2026-06-10 16:41:02,487 [INFO] HTTP Request: POST https://dashscope.aliyuncs.com/compatible-mode/v1/chat/completions "HTTP/1.1 200 OK"
2026-06-10 16:41:02,525 [INFO] HTTP Request: POST https://dashscope.aliyuncs.com/compatible-mode/v1/chat/completions "HTTP/1.1 200 OK"
2026-06-10 16:41:02,528 [INFO] [669769034] 当代中国利益表达机制的结构转型——基于国家与社会关系的理论视 → {'Q': '法学理论', 'G': '法学理论', 'D': '法学理论', 'K': '宪法学与行政法学'}
2026-06-10 16:41:03,724 [INFO] HTTP Request: POST https://dashscope.aliyuncs.com/compatible-mode/v1/chat/completions "HTTP/1.1 200 OK"
2026-06-10 16:41:03,728 [INFO] [670014753] 学术主体意识与国际化：中国人文社会科学评价规则往何处去？ → {'Q': '法学理论', 'G': '法学理论', 'D': '法学理论', 'K': '法学理论'}
2026-06-10 16:41:04,401 [INFO] HTTP Request: POST https://dashscope.aliyuncs.com/compatible-mode/v1/chat/completions "HTTP/1.1 200 OK"
2026-06-10 16:41:05,072 [INFO] HTTP Request: POST https://dashscope.aliyuncs.com/compatible-mode/v1/chat/completions "HTTP/1.1 200 OK"
2026-06-10 16:41:05,996 [INFO] HTTP Request: POST https://dashscope.aliyuncs.com/compatible-mode/v1/chat/completions "HTTP/1.1 200 OK"
2026-06-10 16:41:14,975 [INFO] HTTP Request: POST https://dashscope.aliyuncs.com/compatible-mode/v1/chat/completions "HTTP/1.1 200 OK"
2026-06-10 16:41:17,053 [INFO] HTTP Request: POST https://dashscope.aliyuncs.com/compatible-mode/v1/chat/completions "HTTP/1.1 200 OK"
2026-06-10 16:41:17,055 [INFO] [670014762] 卡尔霍恩的州人民主权论以及美国宪制结构的历史变革 → {'Q': '宪法学与行政法学', 'G': '宪法学与行政法学', 'D': '法律史', 'K': '宪法学与行政法学'}
2026-06-10 16:41:19,190 [INFO] HTTP Request: POST https://dashscope.aliyuncs.com/compatible-mode/v1/chat/completions "HTTP/1.1 200 OK"
2026-06-10 16:41:20,116 [INFO] HTTP Request: POST https://dashscope.aliyuncs.com/compatible-mode/v1/chat/completions "HTTP/1.1 200 OK"
2026-06-10 16:41:22,730 [INFO] HTTP Request: POST https://dashscope.aliyuncs.com/compatible-mode/v1/chat/completions "HTTP/1.1 200 OK"
2026-06-10 16:41:23,667 [INFO] HTTP Request: POST https://dashscope.aliyuncs.com/compatible-mode/v1/chat/completions "HTTP/1.1 200 OK"
2026-06-10 16:41:23,853 [INFO] HTTP Request: POST https://dashscope.aliyuncs.com/compatible-mode/v1/chat/completions "HTTP/1.1 200 OK"
2026-06-10 16:41:27,497 [INFO] HTTP Request: POST https://dashscope.aliyuncs.com/compatible-mode/v1/chat/completions "HTTP/1.1 200 OK"
2026-06-10 16:41:32,167 [INFO] HTTP Request: POST https://dashscope.aliyuncs.com/compatible-mode/v1/chat/completions "HTTP/1.1 200 OK"
2026-06-10 16:41:38,594 [INFO] HTTP Request: POST https://dashscope.aliyuncs.com/compatible-mode/v1/chat/completions "HTTP/1.1 200 OK"
2026-06-10 16:41:41,301 [INFO] HTTP Request: POST https://dashscope.aliyuncs.com/compatible-mode/v1/chat/completions "HTTP/1.1 200 OK"
2026-06-10 16:41:41,305 [INFO] [671047877] “人地钱”挂钩之后——中国城市化的体制性障碍与出路 → {'Q': '宪法学与行政法学', 'G': '宪法学与行政法学', 'D': '宪法学与行政法学', 'K': '宪法学与行政法学'}
2026-06-10 16:41:43,181 [INFO] HTTP Request: POST https://dashscope.aliyuncs.com/compatible-mode/v1/chat/completions "HTTP/1.1 200 OK"
2026-06-10 16:41:43,188 [INFO] [671047880] 从教派之争到文化战争——美国政教分离的宪法实践 → {'Q': '宪法学与行政法学', 'G': '宪法学与行政法学', 'D': '宪法学与行政法学', 'K': '宪法学与行政法学'}
2026-06-10 16:41:43,223 [INFO] HTTP Request: POST https://dashscope.aliyuncs.com/compatible-mode/v1/chat/completions "HTTP/1.1 200 OK"
2026-06-10 16:41:45,071 [INFO] HTTP Request: POST https://dashscope.aliyuncs.com/compatible-mode/v1/chat/completions "HTTP/1.1 200 OK"
2026-06-10 16:41:46,105 [INFO] HTTP Request: POST https://dashscope.aliyuncs.com/compatible-mode/v1/chat/completions "HTTP/1.1 200 OK"
2026-06-10 16:41:52,492 [INFO] HTTP Request: POST https://dashscope.aliyuncs.com/compatible-mode/v1/chat/completions "HTTP/1.1 200 OK"
2026-06-10 16:41:52,496 [INFO] [671609382] 脆弱性理论与国家治理责任新解 → {'Q': '法学理论', 'G': '法学理论', 'D': '法学理论', 'K': '法学理论'}
2026-06-10 16:41:53,263 [INFO] HTTP Request: POST https://dashscope.aliyuncs.com/compatible-mode/v1/chat/completions "HTTP/1.1 200 OK"
2026-06-10 16:41:53,267 [INFO] [671047881] 涪审团模式之行为实验比较研究 → {'Q': '诉讼法学', 'G': '诉讼法学', 'D': '诉讼法学', 'K': '诉讼法学'}
2026-06-10 16:41:54,717 [INFO] HTTP Request: POST https://dashscope.aliyuncs.com/compatible-mode/v1/chat/completions "HTTP/1.1 200 OK"
2026-06-10 16:41:54,800 [INFO] HTTP Request: POST https://dashscope.aliyuncs.com/compatible-mode/v1/chat/completions "HTTP/1.1 200 OK"
2026-06-10 16:41:55,147 [INFO] HTTP Request: POST https://dashscope.aliyuncs.com/compatible-mode/v1/chat/completions "HTTP/1.1 200 OK"
2026-06-10 16:41:55,661 [INFO] HTTP Request: POST https://dashscope.aliyuncs.com/compatible-mode/v1/chat/completions "HTTP/1.1 200 OK"
2026-06-10 16:41:55,664 [INFO] [671609379] 经理人权力与员工工资——来自五百家非上市公司的证据 → {'Q': '民商法学', 'G': '民商法学', 'D': '经济法学', 'K': '经济法学'}
2026-06-10 16:41:58,516 [INFO] HTTP Request: POST https://dashscope.aliyuncs.com/compatible-mode/v1/chat/completions "HTTP/1.1 200 OK"
2026-06-10 16:41:59,080 [INFO] HTTP Request: POST https://dashscope.aliyuncs.com/compatible-mode/v1/chat/completions "HTTP/1.1 200 OK"
2026-06-10 16:42:00,261 [INFO] HTTP Request: POST https://dashscope.aliyuncs.com/compatible-mode/v1/chat/completions "HTTP/1.1 200 OK"
2026-06-10 16:42:01,261 [INFO] HTTP Request: POST https://dashscope.aliyuncs.com/compatible-mode/v1/chat/completions "HTTP/1.1 200 OK"
2026-06-10 16:42:01,300 [INFO] HTTP Request: POST https://dashscope.aliyuncs.com/compatible-mode/v1/chat/completions "HTTP/1.1 200 OK"
2026-06-10 16:42:03,352 [INFO] HTTP Request: POST https://dashscope.aliyuncs.com/compatible-mode/v1/chat/completions "HTTP/1.1 200 OK"
2026-06-10 16:42:11,559 [INFO] HTTP Request: POST https://dashscope.aliyuncs.com/compatible-mode/v1/chat/completions "HTTP/1.1 200 OK"
2026-06-10 16:42:14,259 [INFO] HTTP Request: POST https://dashscope.aliyuncs.com/compatible-mode/v1/chat/completions "HTTP/1.1 200 OK"
2026-06-10 16:42:14,260 [INFO] [671862081] 行政执法中的非强制行为分析 → {'Q': '宪法学与行政法学', 'G': '宪法学与行政法学', 'D': '宪法学与行政法学', 'K': '宪法学与行政法学'}
2026-06-10 16:42:15,271 [INFO] HTTP Request: POST https://dashscope.aliyuncs.com/compatible-mode/v1/chat/completions "HTTP/1.1 200 OK"
2026-06-10 16:42:15,273 [INFO] [671862082] “主客体理论”与环保法治建设 → {'Q': '环境与资源保护法学', 'G': '环境与资源保护法学', 'D': '环境与资源保护法学', 'K': '环境与资源保护法学'}
2026-06-10 16:42:16,616 [INFO] HTTP Request: POST https://dashscope.aliyuncs.com/compatible-mode/v1/chat/completions "HTTP/1.1 200 OK"
2026-06-10 16:42:17,671 [INFO] HTTP Request: POST https://dashscope.aliyuncs.com/compatible-mode/v1/chat/completions "HTTP/1.1 200 OK"
2026-06-10 16:42:19,418 [INFO] HTTP Request: POST https://dashscope.aliyuncs.com/compatible-mode/v1/chat/completions "HTTP/1.1 200 OK"
2026-06-10 16:42:22,267 [INFO] HTTP Request: POST https://dashscope.aliyuncs.com/compatible-mode/v1/chat/completions "HTTP/1.1 200 OK"
2026-06-10 16:42:22,323 [INFO] HTTP Request: POST https://dashscope.aliyuncs.com/compatible-mode/v1/chat/completions "HTTP/1.1 200 OK"
2026-06-10 16:42:23,026 [INFO] HTTP Request: POST https://dashscope.aliyuncs.com/compatible-mode/v1/chat/completions "HTTP/1.1 200 OK"
2026-06-10 16:42:27,975 [INFO] HTTP Request: POST https://dashscope.aliyuncs.com/compatible-mode/v1/chat/completions "HTTP/1.1 200 OK"
2026-06-10 16:42:27,980 [INFO] [672684080] 论税法的合作治理机制 → {'Q': '经济法学', 'G': '经济法学', 'D': '经济法学', 'K': '经济法学'}
2026-06-10 16:42:28,035 [INFO] HTTP Request: POST https://dashscope.aliyuncs.com/compatible-mode/v1/chat/completions "HTTP/1.1 200 OK"
2026-06-10 16:42:28,038 [INFO] [672684086] 子孙“自置财产权”研究——以律令和判例为中心 → {'Q': '法律史', 'G': '法律史', 'D': '法律史', 'K': '法律史'}
2026-06-10 16:42:29,882 [INFO] HTTP Request: POST https://dashscope.aliyuncs.com/compatible-mode/v1/chat/completions "HTTP/1.1 200 OK"
2026-06-10 16:42:29,907 [INFO] HTTP Request: POST https://dashscope.aliyuncs.com/compatible-mode/v1/chat/completions "HTTP/1.1 200 OK"
2026-06-10 16:42:30,070 [INFO] HTTP Request: POST https://dashscope.aliyuncs.com/compatible-mode/v1/chat/completions "HTTP/1.1 200 OK"
2026-06-10 16:42:32,633 [INFO] HTTP Request: POST https://dashscope.aliyuncs.com/compatible-mode/v1/chat/completions "HTTP/1.1 200 OK"
2026-06-10 16:42:34,651 [INFO] HTTP Request: POST https://dashscope.aliyuncs.com/compatible-mode/v1/chat/completions "HTTP/1.1 200 OK"
2026-06-10 16:42:34,656 [INFO] [672116083] 法治国视阈下司法压力的发生机制及法律规制 → {'Q': '法学理论', 'G': '法学理论', 'D': '法学理论', 'K': '诉讼法学'}
2026-06-10 16:42:35,123 [INFO] HTTP Request: POST https://dashscope.aliyuncs.com/compatible-mode/v1/chat/completions "HTTP/1.1 200 OK"
2026-06-10 16:42:36,658 [INFO] HTTP Request: POST https://dashscope.aliyuncs.com/compatible-mode/v1/chat/completions "HTTP/1.1 200 OK"
2026-06-10 16:42:41,912 [INFO] HTTP Request: POST https://dashscope.aliyuncs.com/compatible-mode/v1/chat/completions "HTTP/1.1 200 OK"
2026-06-10 16:42:42,425 [INFO] HTTP Request: POST https://dashscope.aliyuncs.com/compatible-mode/v1/chat/completions "HTTP/1.1 200 OK"
2026-06-10 16:42:42,427 [INFO] [673240183] 论法外选法——瑞士国际私法的实践与启示 → {'Q': '国际法学', 'G': '国际法学', 'D': '国际法学', 'K': '国际法学'}
2026-06-10 16:42:44,624 [INFO] HTTP Request: POST https://dashscope.aliyuncs.com/compatible-mode/v1/chat/completions "HTTP/1.1 200 OK"
2026-06-10 16:42:45,384 [INFO] HTTP Request: POST https://dashscope.aliyuncs.com/compatible-mode/v1/chat/completions "HTTP/1.1 200 OK"
2026-06-10 16:42:46,418 [INFO] HTTP Request: POST https://dashscope.aliyuncs.com/compatible-mode/v1/chat/completions "HTTP/1.1 200 OK"
2026-06-10 16:42:46,853 [INFO] HTTP Request: POST https://dashscope.aliyuncs.com/compatible-mode/v1/chat/completions "HTTP/1.1 200 OK"
2026-06-10 16:42:51,531 [INFO] HTTP Request: POST https://dashscope.aliyuncs.com/compatible-mode/v1/chat/completions "HTTP/1.1 200 OK"
2026-06-10 16:42:52,593 [INFO] HTTP Request: POST https://dashscope.aliyuncs.com/compatible-mode/v1/chat/completions "HTTP/1.1 200 OK"
2026-06-10 16:42:55,327 [INFO] HTTP Request: POST https://dashscope.aliyuncs.com/compatible-mode/v1/chat/completions "HTTP/1.1 200 OK"
2026-06-10 16:42:55,332 [INFO] [673240185] 利益博弈-文化征服-身份认同：遗传资源知识产权的深层解读 → {'Q': '知识产权法学', 'G': '知识产权法学', 'D': '知识产权法学', 'K': '知识产权法学'}
2026-06-10 16:42:57,467 [INFO] HTTP Request: POST https://dashscope.aliyuncs.com/compatible-mode/v1/chat/completions "HTTP/1.1 200 OK"
2026-06-10 16:42:58,681 [INFO] HTTP Request: POST https://dashscope.aliyuncs.com/compatible-mode/v1/chat/completions "HTTP/1.1 200 OK"
2026-06-10 16:42:58,686 [INFO] [673776794] 论刑法上典型异样因果形态的因果关系特别判断 → {'Q': '刑法学', 'G': '刑法学', 'D': '刑法学', 'K': '刑法学'}
2026-06-10 16:43:00,544 [INFO] HTTP Request: POST https://dashscope.aliyuncs.com/compatible-mode/v1/chat/completions "HTTP/1.1 200 OK"
2026-06-10 16:43:00,991 [INFO] HTTP Request: POST https://dashscope.aliyuncs.com/compatible-mode/v1/chat/completions "HTTP/1.1 200 OK"
2026-06-10 16:43:03,573 [INFO] HTTP Request: POST https://dashscope.aliyuncs.com/compatible-mode/v1/chat/completions "HTTP/1.1 200 OK"
2026-06-10 16:43:03,962 [INFO] HTTP Request: POST https://dashscope.aliyuncs.com/compatible-mode/v1/chat/completions "HTTP/1.1 200 OK"
2026-06-10 16:43:03,967 [INFO] [673776795] 恶法非法论 → {'Q': '法学理论', 'G': '法学理论', 'D': '法学理论', 'K': '法学理论'}
2026-06-10 16:43:09,687 [INFO] HTTP Request: POST https://dashscope.aliyuncs.com/compatible-mode/v1/chat/completions "HTTP/1.1 200 OK"
2026-06-10 16:43:12,221 [INFO] HTTP Request: POST https://dashscope.aliyuncs.com/compatible-mode/v1/chat/completions "HTTP/1.1 200 OK"
2026-06-10 16:43:12,226 [INFO] [674002484] 《民法总则》与原有法律司法解释之间的规范竞合及其处理 → {'Q': '民商法学', 'G': '民商法学', 'D': '民商法学', 'K': '民商法学'}
2026-06-10 16:43:15,576 [INFO] HTTP Request: POST https://dashscope.aliyuncs.com/compatible-mode/v1/chat/completions "HTTP/1.1 200 OK"
2026-06-10 16:43:15,982 [INFO] HTTP Request: POST https://dashscope.aliyuncs.com/compatible-mode/v1/chat/completions "HTTP/1.1 200 OK"
2026-06-10 16:43:15,986 [INFO] [673379229] 绿色原则何以入民法典 → {'Q': '民商法学', 'G': '民商法学', 'D': '民商法学', 'K': '民商法学'}
2026-06-10 16:43:16,918 [INFO] HTTP Request: POST https://dashscope.aliyuncs.com/compatible-mode/v1/chat/completions "HTTP/1.1 200 OK"
2026-06-10 16:43:18,696 [INFO] HTTP Request: POST https://dashscope.aliyuncs.com/compatible-mode/v1/chat/completions "HTTP/1.1 200 OK"
2026-06-10 16:43:19,649 [INFO] HTTP Request: POST https://dashscope.aliyuncs.com/compatible-mode/v1/chat/completions "HTTP/1.1 200 OK"
2026-06-10 16:43:20,957 [INFO] HTTP Request: POST https://dashscope.aliyuncs.com/compatible-mode/v1/chat/completions "HTTP/1.1 200 OK"
2026-06-10 16:43:21,277 [INFO] HTTP Request: POST https://dashscope.aliyuncs.com/compatible-mode/v1/chat/completions "HTTP/1.1 200 OK"
2026-06-10 16:43:23,599 [INFO] HTTP Request: POST https://dashscope.aliyuncs.com/compatible-mode/v1/chat/completions "HTTP/1.1 200 OK"
2026-06-10 16:43:25,944 [INFO] HTTP Request: POST https://dashscope.aliyuncs.com/compatible-mode/v1/chat/completions "HTTP/1.1 200 OK"
2026-06-10 16:43:26,497 [INFO] HTTP Request: POST https://dashscope.aliyuncs.com/compatible-mode/v1/chat/completions "HTTP/1.1 200 OK"
2026-06-10 16:43:34,160 [INFO] HTTP Request: POST https://dashscope.aliyuncs.com/compatible-mode/v1/chat/completions "HTTP/1.1 200 OK"
2026-06-10 16:43:34,166 [INFO] [674370112] 国际公共产品供给：加总技术下的制度安排与全球治理 → {'Q': '国际法学', 'G': '国际法学', 'D': '国际法学', 'K': '国际法学'}
2026-06-10 16:43:34,453 [INFO] HTTP Request: POST https://dashscope.aliyuncs.com/compatible-mode/v1/chat/completions "HTTP/1.1 200 OK"
2026-06-10 16:43:36,128 [INFO] HTTP Request: POST https://dashscope.aliyuncs.com/compatible-mode/v1/chat/completions "HTTP/1.1 200 OK"
2026-06-10 16:43:40,093 [INFO] HTTP Request: POST https://dashscope.aliyuncs.com/compatible-mode/v1/chat/completions "HTTP/1.1 200 OK"
2026-06-10 16:43:44,815 [INFO] HTTP Request: POST https://dashscope.aliyuncs.com/compatible-mode/v1/chat/completions "HTTP/1.1 200 OK"
2026-06-10 16:43:44,816 [INFO] [674665054] 论佛教对中国传统法律中罪观念的影响 → {'Q': '法律史', 'G': '法律史', 'D': '法律史', 'K': '法律史'}
2026-06-10 16:43:47,438 [INFO] HTTP Request: POST https://dashscope.aliyuncs.com/compatible-mode/v1/chat/completions "HTTP/1.1 200 OK"
2026-06-10 16:43:51,137 [INFO] HTTP Request: POST https://dashscope.aliyuncs.com/compatible-mode/v1/chat/completions "HTTP/1.1 200 OK"
2026-06-10 16:43:51,350 [INFO] HTTP Request: POST https://dashscope.aliyuncs.com/compatible-mode/v1/chat/completions "HTTP/1.1 200 OK"
2026-06-10 16:43:51,353 [INFO] [674002486] 新桃换旧符：民法总则上的恶意串通行为无效规范 → {'Q': '民商法学', 'G': '民商法学', 'D': '民商法学', 'K': '民商法学'}
2026-06-10 16:43:53,204 [INFO] HTTP Request: POST https://dashscope.aliyuncs.com/compatible-mode/v1/chat/completions "HTTP/1.1 200 OK"
2026-06-10 16:43:55,131 [INFO] HTTP Request: POST https://dashscope.aliyuncs.com/compatible-mode/v1/chat/completions "HTTP/1.1 200 OK"
2026-06-10 16:43:55,302 [INFO] HTTP Request: POST https://dashscope.aliyuncs.com/compatible-mode/v1/chat/completions "HTTP/1.1 200 OK"
2026-06-10 16:44:00,587 [INFO] HTTP Request: POST https://dashscope.aliyuncs.com/compatible-mode/v1/chat/completions "HTTP/1.1 200 OK"
2026-06-10 16:44:01,378 [INFO] HTTP Request: POST https://dashscope.aliyuncs.com/compatible-mode/v1/chat/completions "HTTP/1.1 200 OK"
2026-06-10 16:44:02,925 [INFO] HTTP Request: POST https://dashscope.aliyuncs.com/compatible-mode/v1/chat/completions "HTTP/1.1 200 OK"
2026-06-10 16:44:02,930 [INFO] [675009937] 新制起于南国：烫治宪法学视野下的“东南互保” → {'Q': '宪法学与行政法学', 'G': '宪法学与行政法学', 'D': '宪法学与行政法学', 'K': '宪法学与行政法学'}
2026-06-10 16:44:03,905 [INFO] HTTP Request: POST https://dashscope.aliyuncs.com/compatible-mode/v1/chat/completions "HTTP/1.1 200 OK"
2026-06-10 16:44:03,907 [INFO] [675245371] 论行政规避法律 → {'Q': '宪法学与行政法学', 'G': '宪法学与行政法学', 'D': '宪法学与行政法学', 'K': '宪法学与行政法学'}
2026-06-10 16:44:05,355 [INFO] HTTP Request: POST https://dashscope.aliyuncs.com/compatible-mode/v1/chat/completions "HTTP/1.1 200 OK"
2026-06-10 16:44:06,310 [INFO] HTTP Request: POST https://dashscope.aliyuncs.com/compatible-mode/v1/chat/completions "HTTP/1.1 200 OK"
2026-06-10 16:44:11,397 [INFO] HTTP Request: POST https://dashscope.aliyuncs.com/compatible-mode/v1/chat/completions "HTTP/1.1 200 OK"
2026-06-10 16:44:12,620 [INFO] HTTP Request: POST https://dashscope.aliyuncs.com/compatible-mode/v1/chat/completions "HTTP/1.1 200 OK"
2026-06-10 16:44:13,919 [INFO] HTTP Request: POST https://dashscope.aliyuncs.com/compatible-mode/v1/chat/completions "HTTP/1.1 200 OK"
2026-06-10 16:44:17,499 [INFO] HTTP Request: POST https://dashscope.aliyuncs.com/compatible-mode/v1/chat/completions "HTTP/1.1 200 OK"
2026-06-10 16:44:17,501 [INFO] [675009945] 在世界学术的整体中推进中国的人文学-彭国翔教授访谈 → {'Q': '法学理论', 'G': '法律史', 'D': '法学理论', 'K': '法学理论'}
2026-06-10 16:44:20,747 [INFO] HTTP Request: POST https://dashscope.aliyuncs.com/compatible-mode/v1/chat/completions "HTTP/1.1 200 OK"
2026-06-10 16:44:24,776 [INFO] HTTP Request: POST https://dashscope.aliyuncs.com/compatible-mode/v1/chat/completions "HTTP/1.1 200 OK"
2026-06-10 16:44:24,781 [INFO] [675438273] 完善自然资源国家所有权行使人大监督立法的法理思考 → {'Q': '环境与资源保护法学', 'G': '环境与资源保护法学', 'D': '环境与资源保护法学', 'K': '环境与资源保护法学'}
2026-06-10 16:44:27,109 [INFO] HTTP Request: POST https://dashscope.aliyuncs.com/compatible-mode/v1/chat/completions "HTTP/1.1 200 OK"
2026-06-10 16:44:27,179 [INFO] HTTP Request: POST https://dashscope.aliyuncs.com/compatible-mode/v1/chat/completions "HTTP/1.1 200 OK"
2026-06-10 16:44:29,190 [INFO] HTTP Request: POST https://dashscope.aliyuncs.com/compatible-mode/v1/chat/completions "HTTP/1.1 200 OK"
2026-06-10 16:44:31,502 [INFO] HTTP Request: POST https://dashscope.aliyuncs.com/compatible-mode/v1/chat/completions "HTTP/1.1 200 OK"
2026-06-10 16:44:38,556 [INFO] HTTP Request: POST https://dashscope.aliyuncs.com/compatible-mode/v1/chat/completions "HTTP/1.1 200 OK"
2026-06-10 16:44:41,751 [INFO] HTTP Request: POST https://dashscope.aliyuncs.com/compatible-mode/v1/chat/completions "HTTP/1.1 200 OK"
2026-06-10 16:44:41,756 [INFO] [675668482] 知识分子：一个概念的社会学考评——基于“德雷福斯事件”的话语 → {'Q': '法学理论', 'G': '法学理论', 'D': '法学理论', 'K': '法学理论'}
2026-06-10 16:44:42,219 [INFO] HTTP Request: POST https://dashscope.aliyuncs.com/compatible-mode/v1/chat/completions "HTTP/1.1 200 OK"
2026-06-10 16:44:43,598 [INFO] HTTP Request: POST https://dashscope.aliyuncs.com/compatible-mode/v1/chat/completions "HTTP/1.1 200 OK"
2026-06-10 16:44:43,604 [INFO] [675668486] 坏声明与好法治——社会主义中国文艺法律政策中的权利书写 → {'Q': '知识产权法学', 'G': '知识产权法学', 'D': '知识产权法学', 'K': '知识产权法学'}
2026-06-10 16:44:44,923 [INFO] HTTP Request: POST https://dashscope.aliyuncs.com/compatible-mode/v1/chat/completions "HTTP/1.1 200 OK"
2026-06-10 16:44:45,634 [INFO] HTTP Request: POST https://dashscope.aliyuncs.com/compatible-mode/v1/chat/completions "HTTP/1.1 200 OK"
2026-06-10 16:44:54,042 [INFO] HTTP Request: POST https://dashscope.aliyuncs.com/compatible-mode/v1/chat/completions "HTTP/1.1 200 OK"
2026-06-10 16:44:54,221 [INFO] HTTP Request: POST https://dashscope.aliyuncs.com/compatible-mode/v1/chat/completions "HTTP/1.1 200 OK"
2026-06-10 16:44:59,400 [INFO] HTTP Request: POST https://dashscope.aliyuncs.com/compatible-mode/v1/chat/completions "HTTP/1.1 200 OK"
2026-06-10 16:45:02,509 [INFO] HTTP Request: POST https://dashscope.aliyuncs.com/compatible-mode/v1/chat/completions "HTTP/1.1 200 OK"
2026-06-10 16:45:02,513 [INFO] [676037573] 村务民主治理的类型与机制 → {'Q': '法学理论', 'G': '法学理论', 'D': '宪法学与行政法学', 'K': '法学理论'}
2026-06-10 16:45:04,544 [INFO] HTTP Request: POST https://dashscope.aliyuncs.com/compatible-mode/v1/chat/completions "HTTP/1.1 200 OK"
2026-06-10 16:45:04,571 [INFO] HTTP Request: POST https://dashscope.aliyuncs.com/compatible-mode/v1/chat/completions "HTTP/1.1 200 OK"
2026-06-10 16:45:04,573 [INFO] [676037574] 村级组织的土地控制：功能及其弱化——理解地权冲突的一个视角 → {'Q': '法学理论', 'G': '法学理论', 'D': '民商法学', 'K': '民商法学'}
2026-06-10 16:45:06,654 [INFO] HTTP Request: POST https://dashscope.aliyuncs.com/compatible-mode/v1/chat/completions "HTTP/1.1 200 OK"
2026-06-10 16:45:06,657 [INFO] [676037575] 基层社会的秩序生产能力——从计划性与自发性秩序的关系切入 → {'Q': '法学理论', 'G': '法学理论', 'D': '法学理论', 'K': '法学理论'}
2026-06-10 16:45:07,350 [INFO] HTTP Request: POST https://dashscope.aliyuncs.com/compatible-mode/v1/chat/completions "HTTP/1.1 200 OK"
2026-06-10 16:45:08,068 [INFO] HTTP Request: POST https://dashscope.aliyuncs.com/compatible-mode/v1/chat/completions "HTTP/1.1 200 OK"
2026-06-10 16:45:08,601 [INFO] HTTP Request: POST https://dashscope.aliyuncs.com/compatible-mode/v1/chat/completions "HTTP/1.1 200 OK"
2026-06-10 16:45:09,226 [INFO] HTTP Request: POST https://dashscope.aliyuncs.com/compatible-mode/v1/chat/completions "HTTP/1.1 200 OK"
2026-06-10 16:45:10,888 [INFO] HTTP Request: POST https://dashscope.aliyuncs.com/compatible-mode/v1/chat/completions "HTTP/1.1 200 OK"
2026-06-10 16:45:14,082 [INFO] HTTP Request: POST https://dashscope.aliyuncs.com/compatible-mode/v1/chat/completions "HTTP/1.1 200 OK"
2026-06-10 16:45:16,782 [INFO] HTTP Request: POST https://dashscope.aliyuncs.com/compatible-mode/v1/chat/completions "HTTP/1.1 200 OK"
2026-06-10 16:45:24,247 [INFO] HTTP Request: POST https://dashscope.aliyuncs.com/compatible-mode/v1/chat/completions "HTTP/1.1 200 OK"
2026-06-10 16:45:24,645 [INFO] HTTP Request: POST https://dashscope.aliyuncs.com/compatible-mode/v1/chat/completions "HTTP/1.1 200 OK"
2026-06-10 16:45:24,650 [INFO] [676636433] 中国革命和世界政治视野下的民主集中制 → {'Q': '宪法学与行政法学', 'G': '宪法学与行政法学', 'D': '宪法学与行政法学', 'K': '宪法学与行政法学'}
2026-06-10 16:45:25,672 [INFO] HTTP Request: POST https://dashscope.aliyuncs.com/compatible-mode/v1/chat/completions "HTTP/1.1 200 OK"
2026-06-10 16:45:27,261 [INFO] HTTP Request: POST https://dashscope.aliyuncs.com/compatible-mode/v1/chat/completions "HTTP/1.1 200 OK"
2026-06-10 16:45:27,827 [INFO] HTTP Request: POST https://dashscope.aliyuncs.com/compatible-mode/v1/chat/completions "HTTP/1.1 200 OK"
2026-06-10 16:45:32,154 [INFO] HTTP Request: POST https://dashscope.aliyuncs.com/compatible-mode/v1/chat/completions "HTTP/1.1 200 OK"
2026-06-10 16:45:34,155 [INFO] HTTP Request: POST https://dashscope.aliyuncs.com/compatible-mode/v1/chat/completions "HTTP/1.1 200 OK"
2026-06-10 16:45:34,163 [INFO] [676636432] “大国协调”与“大妥协”：条约网络、银行团与辛亥革命的路径 → {'Q': '法律史', 'G': '国际法学', 'D': '法律史', 'K': '法律史'}
2026-06-10 16:45:36,491 [INFO] HTTP Request: POST https://dashscope.aliyuncs.com/compatible-mode/v1/chat/completions "HTTP/1.1 200 OK"
2026-06-10 16:45:37,561 [INFO] HTTP Request: POST https://dashscope.aliyuncs.com/compatible-mode/v1/chat/completions "HTTP/1.1 200 OK"
2026-06-10 16:45:37,567 [INFO] [676838582] 环境权实践与理论的新发展 → {'Q': '环境与资源保护法学', 'G': '环境与资源保护法学', 'D': '环境与资源保护法学', 'K': '环境与资源保护法学'}
2026-06-10 16:45:38,306 [INFO] HTTP Request: POST https://dashscope.aliyuncs.com/compatible-mode/v1/chat/completions "HTTP/1.1 200 OK"
2026-06-10 16:45:38,312 [INFO] [6100043434] 美国宪制中的军政关系:传统与变迁 → {'Q': '宪法学与行政法学', 'G': '宪法学与行政法学', 'D': '宪法学与行政法学', 'K': '宪法学与行政法学'}
2026-06-10 16:45:39,220 [INFO] HTTP Request: POST https://dashscope.aliyuncs.com/compatible-mode/v1/chat/completions "HTTP/1.1 200 OK"
2026-06-10 16:45:40,029 [INFO] HTTP Request: POST https://dashscope.aliyuncs.com/compatible-mode/v1/chat/completions "HTTP/1.1 200 OK"
2026-06-10 16:45:40,035 [INFO] [676838583] 自然资源“环境权”在财产法中的理论逻辑 → {'Q': '环境与资源保护法学', 'G': '环境与资源保护法学', 'D': '环境与资源保护法学', 'K': '环境与资源保护法学'}
2026-06-10 16:45:40,273 [INFO] HTTP Request: POST https://dashscope.aliyuncs.com/compatible-mode/v1/chat/completions "HTTP/1.1 200 OK"
2026-06-10 16:45:40,701 [INFO] HTTP Request: POST https://dashscope.aliyuncs.com/compatible-mode/v1/chat/completions "HTTP/1.1 200 OK"
2026-06-10 16:45:42,437 [INFO] HTTP Request: POST https://dashscope.aliyuncs.com/compatible-mode/v1/chat/completions "HTTP/1.1 200 OK"
2026-06-10 16:45:44,729 [INFO] HTTP Request: POST https://dashscope.aliyuncs.com/compatible-mode/v1/chat/completions "HTTP/1.1 200 OK"
2026-06-10 16:45:45,588 [INFO] HTTP Request: POST https://dashscope.aliyuncs.com/compatible-mode/v1/chat/completions "HTTP/1.1 200 OK"
2026-06-10 16:45:47,094 [INFO] HTTP Request: POST https://dashscope.aliyuncs.com/compatible-mode/v1/chat/completions "HTTP/1.1 200 OK"
2026-06-10 16:45:47,586 [INFO] HTTP Request: POST https://dashscope.aliyuncs.com/compatible-mode/v1/chat/completions "HTTP/1.1 200 OK"
2026-06-10 16:45:53,331 [INFO] HTTP Request: POST https://dashscope.aliyuncs.com/compatible-mode/v1/chat/completions "HTTP/1.1 200 OK"
2026-06-10 16:45:55,887 [INFO] HTTP Request: POST https://dashscope.aliyuncs.com/compatible-mode/v1/chat/completions "HTTP/1.1 200 OK"
2026-06-10 16:45:56,423 [INFO] HTTP Request: POST https://dashscope.aliyuncs.com/compatible-mode/v1/chat/completions "HTTP/1.1 200 OK"
2026-06-10 16:46:00,293 [INFO] HTTP Request: POST https://dashscope.aliyuncs.com/compatible-mode/v1/chat/completions "HTTP/1.1 200 OK"
2026-06-10 16:46:00,296 [INFO] [6100043435] 国内公法的外部维度:美国地缘宪制的深层逻辑 → {'Q': '宪法学与行政法学', 'G': '宪法学与行政法学', 'D': '宪法学与行政法学', 'K': '宪法学与行政法学'}
2026-06-10 16:46:01,358 [INFO] HTTP Request: POST https://dashscope.aliyuncs.com/compatible-mode/v1/chat/completions "HTTP/1.1 200 OK"
2026-06-10 16:46:02,719 [INFO] HTTP Request: POST https://dashscope.aliyuncs.com/compatible-mode/v1/chat/completions "HTTP/1.1 200 OK"
2026-06-10 16:46:08,052 [INFO] HTTP Request: POST https://dashscope.aliyuncs.com/compatible-mode/v1/chat/completions "HTTP/1.1 200 OK"
2026-06-10 16:46:08,122 [INFO] HTTP Request: POST https://dashscope.aliyuncs.com/compatible-mode/v1/chat/completions "HTTP/1.1 200 OK"
2026-06-10 16:46:08,127 [INFO] [7001738926] “讼师恶报”话语模式的力量及其复合功能 → {'Q': '法律史', 'G': '法律史', 'D': '法律史', 'K': '法律史'}
2026-06-10 16:46:10,431 [INFO] HTTP Request: POST https://dashscope.aliyuncs.com/compatible-mode/v1/chat/completions "HTTP/1.1 200 OK"
2026-06-10 16:46:13,402 [INFO] HTTP Request: POST https://dashscope.aliyuncs.com/compatible-mode/v1/chat/completions "HTTP/1.1 200 OK"
2026-06-10 16:46:13,408 [INFO] [6100204231] 中国土地制度的宪法解释:问题、争议及权衡 → {'Q': '宪法学与行政法学', 'G': '宪法学与行政法学', 'D': '宪法学与行政法学', 'K': '宪法学与行政法学'}
2026-06-10 16:46:15,961 [INFO] HTTP Request: POST https://dashscope.aliyuncs.com/compatible-mode/v1/chat/completions "HTTP/1.1 200 OK"
2026-06-10 16:46:16,371 [INFO] HTTP Request: POST https://dashscope.aliyuncs.com/compatible-mode/v1/chat/completions "HTTP/1.1 200 OK"
2026-06-10 16:46:20,081 [INFO] HTTP Request: POST https://dashscope.aliyuncs.com/compatible-mode/v1/chat/completions "HTTP/1.1 200 OK"
2026-06-10 16:46:20,571 [INFO] HTTP Request: POST https://dashscope.aliyuncs.com/compatible-mode/v1/chat/completions "HTTP/1.1 200 OK"
2026-06-10 16:46:20,577 [INFO] [88838975504849574850484949] 重新发现社会规范:中国网络法的经济社会学视角 → {'Q': '数字法学', 'G': '数字法学', 'D': '数字法学', 'K': '数字法学'}
2026-06-10 16:46:23,231 [INFO] HTTP Request: POST https://dashscope.aliyuncs.com/compatible-mode/v1/chat/completions "HTTP/1.1 200 OK"
2026-06-10 16:46:24,325 [INFO] HTTP Request: POST https://dashscope.aliyuncs.com/compatible-mode/v1/chat/completions "HTTP/1.1 200 OK"
2026-06-10 16:46:24,408 [INFO] HTTP Request: POST https://dashscope.aliyuncs.com/compatible-mode/v1/chat/completions "HTTP/1.1 200 OK"
2026-06-10 16:46:24,413 [INFO] [88838975504849574850484948] 从开放资源到基础服务:平台监管的新视角 → {'Q': '数字法学', 'G': '数字法学', 'D': '经济法学', 'K': '数字法学'}
2026-06-10 16:46:25,773 [INFO] HTTP Request: POST https://dashscope.aliyuncs.com/compatible-mode/v1/chat/completions "HTTP/1.1 200 OK"
2026-06-10 16:46:26,446 [INFO] HTTP Request: POST https://dashscope.aliyuncs.com/compatible-mode/v1/chat/completions "HTTP/1.1 200 OK"
2026-06-10 16:46:33,113 [INFO] HTTP Request: POST https://dashscope.aliyuncs.com/compatible-mode/v1/chat/completions "HTTP/1.1 200 OK"
2026-06-10 16:46:33,678 [INFO] HTTP Request: POST https://dashscope.aliyuncs.com/compatible-mode/v1/chat/completions "HTTP/1.1 200 OK"
2026-06-10 16:46:40,664 [INFO] HTTP Request: POST https://dashscope.aliyuncs.com/compatible-mode/v1/chat/completions "HTTP/1.1 200 OK"
2026-06-10 16:46:40,670 [INFO] [88838975504849574852484949] 以科学立法促进刑法话语体系发展 → {'Q': '刑法学', 'G': '刑法学', 'D': '刑法学', 'K': '刑法学'}
2026-06-10 16:46:40,913 [INFO] HTTP Request: POST https://dashscope.aliyuncs.com/compatible-mode/v1/chat/completions "HTTP/1.1 200 OK"
2026-06-10 16:46:42,483 [INFO] HTTP Request: POST https://dashscope.aliyuncs.com/compatible-mode/v1/chat/completions "HTTP/1.1 200 OK"
2026-06-10 16:46:42,827 [INFO] HTTP Request: POST https://dashscope.aliyuncs.com/compatible-mode/v1/chat/completions "HTTP/1.1 200 OK"
2026-06-10 16:46:44,261 [INFO] HTTP Request: POST https://dashscope.aliyuncs.com/compatible-mode/v1/chat/completions "HTTP/1.1 200 OK"
2026-06-10 16:46:45,516 [INFO] HTTP Request: POST https://dashscope.aliyuncs.com/compatible-mode/v1/chat/completions "HTTP/1.1 200 OK"
2026-06-10 16:46:45,519 [INFO] [7001738927] 故事、图像与法律宣传——以清代《圣谕像解》为素材 → {'Q': '法律史', 'G': '法律史', 'D': '法律史', 'K': '法律史'}
2026-06-10 16:46:47,200 [INFO] HTTP Request: POST https://dashscope.aliyuncs.com/compatible-mode/v1/chat/completions "HTTP/1.1 200 OK"
2026-06-10 16:46:47,864 [INFO] HTTP Request: POST https://dashscope.aliyuncs.com/compatible-mode/v1/chat/completions "HTTP/1.1 200 OK"
2026-06-10 16:46:51,942 [INFO] HTTP Request: POST https://dashscope.aliyuncs.com/compatible-mode/v1/chat/completions "HTTP/1.1 200 OK"
2026-06-10 16:46:56,209 [INFO] HTTP Request: POST https://dashscope.aliyuncs.com/compatible-mode/v1/chat/completions "HTTP/1.1 200 OK"
2026-06-10 16:46:56,216 [INFO] [7002363983] 作为特许人的行政主体与“受许人的对象人”之间关系的变迁及价值 → {'Q': '宪法学与行政法学', 'G': '宪法学与行政法学', 'D': '宪法学与行政法学', 'K': '宪法学与行政法学'}
2026-06-10 16:46:56,759 [INFO] HTTP Request: POST https://dashscope.aliyuncs.com/compatible-mode/v1/chat/completions "HTTP/1.1 200 OK"
2026-06-10 16:46:56,768 [INFO] HTTP Request: POST https://dashscope.aliyuncs.com/compatible-mode/v1/chat/completions "HTTP/1.1 200 OK"
2026-06-10 16:46:56,774 [INFO] [7002363985] 论隐私的社会生成机制——以习俗和法律关系为视角 → {'Q': '法学理论', 'G': '法学理论', 'D': '民商法学', 'K': '民商法学'}
2026-06-10 16:46:58,211 [INFO] HTTP Request: POST https://dashscope.aliyuncs.com/compatible-mode/v1/chat/completions "HTTP/1.1 200 OK"
2026-06-10 16:46:59,625 [INFO] HTTP Request: POST https://dashscope.aliyuncs.com/compatible-mode/v1/chat/completions "HTTP/1.1 200 OK"
2026-06-10 16:47:01,989 [INFO] HTTP Request: POST https://dashscope.aliyuncs.com/compatible-mode/v1/chat/completions "HTTP/1.1 200 OK"
2026-06-10 16:47:05,968 [INFO] HTTP Request: POST https://dashscope.aliyuncs.com/compatible-mode/v1/chat/completions "HTTP/1.1 200 OK"
2026-06-10 16:47:06,407 [INFO] HTTP Request: POST https://dashscope.aliyuncs.com/compatible-mode/v1/chat/completions "HTTP/1.1 200 OK"
2026-06-10 16:47:06,414 [INFO] [7002655982] 论民法典物权编中居住权的若干问题 → {'Q': '民商法学', 'G': '民商法学', 'D': '民商法学', 'K': '民商法学'}
2026-06-10 16:47:08,698 [INFO] HTTP Request: POST https://dashscope.aliyuncs.com/compatible-mode/v1/chat/completions "HTTP/1.1 200 OK"
2026-06-10 16:47:09,802 [INFO] HTTP Request: POST https://dashscope.aliyuncs.com/compatible-mode/v1/chat/completions "HTTP/1.1 200 OK"
2026-06-10 16:47:10,272 [INFO] HTTP Request: POST https://dashscope.aliyuncs.com/compatible-mode/v1/chat/completions "HTTP/1.1 200 OK"
2026-06-10 16:47:10,278 [INFO] [7002154030] 行政理性场景的演变格局:传统、现实与未来 → {'Q': '宪法学与行政法学', 'G': '宪法学与行政法学', 'D': '宪法学与行政法学', 'K': '宪法学与行政法学'}
2026-06-10 16:47:12,368 [INFO] HTTP Request: POST https://dashscope.aliyuncs.com/compatible-mode/v1/chat/completions "HTTP/1.1 200 OK"
2026-06-10 16:47:13,665 [INFO] HTTP Request: POST https://dashscope.aliyuncs.com/compatible-mode/v1/chat/completions "HTTP/1.1 200 OK"
2026-06-10 16:47:16,311 [INFO] HTTP Request: POST https://dashscope.aliyuncs.com/compatible-mode/v1/chat/completions "HTTP/1.1 200 OK"
2026-06-10 16:47:18,759 [INFO] HTTP Request: POST https://dashscope.aliyuncs.com/compatible-mode/v1/chat/completions "HTTP/1.1 200 OK"
2026-06-10 16:47:18,765 [INFO] [7002655983] 从用益权到居住权:罗马法人役权的流变史 → {'Q': '法律史', 'G': '法律史', 'D': '法律史', 'K': '法律史'}
2026-06-10 16:47:20,031 [INFO] HTTP Request: POST https://dashscope.aliyuncs.com/compatible-mode/v1/chat/completions "HTTP/1.1 200 OK"
2026-06-10 16:47:20,665 [INFO] HTTP Request: POST https://dashscope.aliyuncs.com/compatible-mode/v1/chat/completions "HTTP/1.1 200 OK"
2026-06-10 16:47:21,551 [INFO] HTTP Request: POST https://dashscope.aliyuncs.com/compatible-mode/v1/chat/completions "HTTP/1.1 200 OK"
2026-06-10 16:47:25,070 [INFO] HTTP Request: POST https://dashscope.aliyuncs.com/compatible-mode/v1/chat/completions "HTTP/1.1 200 OK"
2026-06-10 16:47:25,473 [INFO] HTTP Request: POST https://dashscope.aliyuncs.com/compatible-mode/v1/chat/completions "HTTP/1.1 200 OK"
2026-06-10 16:47:34,550 [INFO] HTTP Request: POST https://dashscope.aliyuncs.com/compatible-mode/v1/chat/completions "HTTP/1.1 200 OK"
2026-06-10 16:47:34,556 [INFO] [7002846475] 清末四川财政的"集权"与"分权"之争:以经征局设立及其争议为 → {'Q': '法律史', 'G': '法律史', 'D': '法律史', 'K': '法律史'}
2026-06-10 16:47:36,013 [INFO] HTTP Request: POST https://dashscope.aliyuncs.com/compatible-mode/v1/chat/completions "HTTP/1.1 200 OK"
2026-06-10 16:47:36,753 [INFO] HTTP Request: POST https://dashscope.aliyuncs.com/compatible-mode/v1/chat/completions "HTTP/1.1 200 OK"
2026-06-10 16:47:36,790 [INFO] HTTP Request: POST https://dashscope.aliyuncs.com/compatible-mode/v1/chat/completions "HTTP/1.1 200 OK"
2026-06-10 16:47:39,164 [INFO] HTTP Request: POST https://dashscope.aliyuncs.com/compatible-mode/v1/chat/completions "HTTP/1.1 200 OK"
2026-06-10 16:47:45,053 [INFO] HTTP Request: POST https://dashscope.aliyuncs.com/compatible-mode/v1/chat/completions "HTTP/1.1 200 OK"
2026-06-10 16:47:45,060 [INFO] [7002846476] 儒法之间的刑罚根据论:清律窃盗罚则的古今之维 → {'Q': '法律史', 'G': '刑法学', 'D': '法律史', 'K': '法律史'}
2026-06-10 16:47:47,058 [INFO] HTTP Request: POST https://dashscope.aliyuncs.com/compatible-mode/v1/chat/completions "HTTP/1.1 200 OK"
2026-06-10 16:47:51,762 [INFO] HTTP Request: POST https://dashscope.aliyuncs.com/compatible-mode/v1/chat/completions "HTTP/1.1 200 OK"
2026-06-10 16:47:54,353 [INFO] HTTP Request: POST https://dashscope.aliyuncs.com/compatible-mode/v1/chat/completions "HTTP/1.1 200 OK"
2026-06-10 16:47:54,360 [INFO] [7003025618] 缔造社会主义的中华民族大家庭——新中国民族区域自治制度的奠基 → {'Q': '宪法学与行政法学', 'G': '宪法学与行政法学', 'D': '宪法学与行政法学', 'K': '宪法学与行政法学'}
2026-06-10 16:47:54,830 [INFO] HTTP Request: POST https://dashscope.aliyuncs.com/compatible-mode/v1/chat/completions "HTTP/1.1 200 OK"
2026-06-10 16:47:56,712 [INFO] HTTP Request: POST https://dashscope.aliyuncs.com/compatible-mode/v1/chat/completions "HTTP/1.1 200 OK"
2026-06-10 16:47:58,399 [INFO] HTTP Request: POST https://dashscope.aliyuncs.com/compatible-mode/v1/chat/completions "HTTP/1.1 200 OK"
2026-06-10 16:47:59,116 [INFO] HTTP Request: POST https://dashscope.aliyuncs.com/compatible-mode/v1/chat/completions "HTTP/1.1 200 OK"
2026-06-10 16:47:59,122 [INFO] [7003025619] 《共同纲领》与新中国的不成文宪法(1949-1954) → {'Q': '宪法学与行政法学', 'G': '宪法学与行政法学', 'D': '法律史', 'K': '宪法学与行政法学'}
2026-06-10 16:48:01,239 [INFO] HTTP Request: POST https://dashscope.aliyuncs.com/compatible-mode/v1/chat/completions "HTTP/1.1 200 OK"
2026-06-10 16:48:03,224 [INFO] HTTP Request: POST https://dashscope.aliyuncs.com/compatible-mode/v1/chat/completions "HTTP/1.1 200 OK"
2026-06-10 16:48:04,893 [INFO] HTTP Request: POST https://dashscope.aliyuncs.com/compatible-mode/v1/chat/completions "HTTP/1.1 200 OK"
2026-06-10 16:48:04,895 [INFO] [7100212662] 批判法律理论的场域——从《秋菊打官司》看批判法律理论的转向 → {'Q': '法学理论', 'G': '法学理论', 'D': '法学理论', 'K': '法学理论'}
2026-06-10 16:48:06,794 [INFO] HTTP Request: POST https://dashscope.aliyuncs.com/compatible-mode/v1/chat/completions "HTTP/1.1 200 OK"
2026-06-10 16:48:08,538 [INFO] HTTP Request: POST https://dashscope.aliyuncs.com/compatible-mode/v1/chat/completions "HTTP/1.1 200 OK"
2026-06-10 16:48:08,545 [INFO] [7100212663] 法治的社会基础——兼对“本土资源论”的新阐释 → {'Q': '法学理论', 'G': '法学理论', 'D': '法学理论', 'K': '法学理论'}
2026-06-10 16:48:10,418 [INFO] HTTP Request: POST https://dashscope.aliyuncs.com/compatible-mode/v1/chat/completions "HTTP/1.1 200 OK"
2026-06-10 16:48:10,562 [INFO] HTTP Request: POST https://dashscope.aliyuncs.com/compatible-mode/v1/chat/completions "HTTP/1.1 200 OK"
2026-06-10 16:48:10,602 [INFO] HTTP Request: POST https://dashscope.aliyuncs.com/compatible-mode/v1/chat/completions "HTTP/1.1 200 OK"
2026-06-10 16:48:10,609 [INFO] [7101006210] 中国法上的行为能力宣告:制度内涵与解释论重塑 → {'Q': '民商法学', 'G': '民商法学', 'D': '民商法学', 'K': '民商法学'}
2026-06-10 16:48:11,681 [INFO] HTTP Request: POST https://dashscope.aliyuncs.com/compatible-mode/v1/chat/completions "HTTP/1.1 200 OK"
2026-06-10 16:48:12,853 [INFO] HTTP Request: POST https://dashscope.aliyuncs.com/compatible-mode/v1/chat/completions "HTTP/1.1 200 OK"
2026-06-10 16:48:18,427 [INFO] HTTP Request: POST https://dashscope.aliyuncs.com/compatible-mode/v1/chat/completions "HTTP/1.1 200 OK"
2026-06-10 16:48:18,776 [INFO] HTTP Request: POST https://dashscope.aliyuncs.com/compatible-mode/v1/chat/completions "HTTP/1.1 200 OK"
2026-06-10 16:48:18,778 [INFO] HTTP Request: POST https://dashscope.aliyuncs.com/compatible-mode/v1/chat/completions "HTTP/1.1 200 OK"
2026-06-10 16:48:22,461 [INFO] HTTP Request: POST https://dashscope.aliyuncs.com/compatible-mode/v1/chat/completions "HTTP/1.1 200 OK"
2026-06-10 16:48:26,542 [INFO] HTTP Request: POST https://dashscope.aliyuncs.com/compatible-mode/v1/chat/completions "HTTP/1.1 200 OK"
2026-06-10 16:48:31,784 [INFO] HTTP Request: POST https://dashscope.aliyuncs.com/compatible-mode/v1/chat/completions "HTTP/1.1 200 OK"
2026-06-10 16:48:36,773 [INFO] HTTP Request: POST https://dashscope.aliyuncs.com/compatible-mode/v1/chat/completions "HTTP/1.1 200 OK"
2026-06-10 16:48:36,779 [INFO] [7101182959] 寻找失落的“精神”——从《刑法》第20条第3款的适用范围反思 → {'Q': '刑法学', 'G': '刑法学', 'D': '刑法学', 'K': '刑法学'}
2026-06-10 16:48:38,507 [INFO] HTTP Request: POST https://dashscope.aliyuncs.com/compatible-mode/v1/chat/completions "HTTP/1.1 200 OK"
2026-06-10 16:48:38,515 [INFO] [7101182876] 宋代司法中的事实认知与法律推理 → {'Q': '法律史', 'G': '法律史', 'D': '法律史', 'K': '法律史'}
2026-06-10 16:48:39,097 [INFO] HTTP Request: POST https://dashscope.aliyuncs.com/compatible-mode/v1/chat/completions "HTTP/1.1 200 OK"
2026-06-10 16:48:39,248 [INFO] HTTP Request: POST https://dashscope.aliyuncs.com/compatible-mode/v1/chat/completions "HTTP/1.1 200 OK"
2026-06-10 16:48:39,256 [INFO] [7101182958] 立法的特性——从阶层构造论到原则权衡理论 → {'Q': '宪法学与行政法学', 'G': '宪法学与行政法学', 'D': '法学理论', 'K': '宪法学与行政法学'}
2026-06-10 16:48:40,704 [INFO] HTTP Request: POST https://dashscope.aliyuncs.com/compatible-mode/v1/chat/completions "HTTP/1.1 200 OK"
2026-06-10 16:48:41,556 [INFO] HTTP Request: POST https://dashscope.aliyuncs.com/compatible-mode/v1/chat/completions "HTTP/1.1 200 OK"
2026-06-10 16:48:41,917 [INFO] HTTP Request: POST https://dashscope.aliyuncs.com/compatible-mode/v1/chat/completions "HTTP/1.1 200 OK"
2026-06-10 16:48:48,380 [INFO] HTTP Request: POST https://dashscope.aliyuncs.com/compatible-mode/v1/chat/completions "HTTP/1.1 200 OK"
2026-06-10 16:48:53,842 [INFO] HTTP Request: POST https://dashscope.aliyuncs.com/compatible-mode/v1/chat/completions "HTTP/1.1 200 OK"
2026-06-10 16:48:56,198 [INFO] HTTP Request: POST https://dashscope.aliyuncs.com/compatible-mode/v1/chat/completions "HTTP/1.1 200 OK"
2026-06-10 16:48:58,816 [INFO] HTTP Request: POST https://dashscope.aliyuncs.com/compatible-mode/v1/chat/completions "HTTP/1.1 200 OK"
2026-06-10 16:48:58,823 [INFO] [7101497695] 历史中国的分配正义:实践与思想 → {'Q': '法律史', 'G': '法律史', 'D': '法学理论', 'K': '法律史'}
2026-06-10 16:49:00,562 [INFO] HTTP Request: POST https://dashscope.aliyuncs.com/compatible-mode/v1/chat/completions "HTTP/1.1 200 OK"
2026-06-10 16:49:01,113 [INFO] HTTP Request: POST https://dashscope.aliyuncs.com/compatible-mode/v1/chat/completions "HTTP/1.1 200 OK"
2026-06-10 16:49:03,745 [INFO] HTTP Request: POST https://dashscope.aliyuncs.com/compatible-mode/v1/chat/completions "HTTP/1.1 200 OK"
2026-06-10 16:49:05,086 [INFO] HTTP Request: POST https://dashscope.aliyuncs.com/compatible-mode/v1/chat/completions "HTTP/1.1 200 OK"
2026-06-10 16:49:05,093 [INFO] [7101182877] 新中国政法话语的流变 → {'Q': '法学理论', 'G': '法学理论', 'D': '法学理论', 'K': '法学理论'}
2026-06-10 16:49:07,390 [INFO] HTTP Request: POST https://dashscope.aliyuncs.com/compatible-mode/v1/chat/completions "HTTP/1.1 200 OK"
2026-06-10 16:49:08,766 [INFO] HTTP Request: POST https://dashscope.aliyuncs.com/compatible-mode/v1/chat/completions "HTTP/1.1 200 OK"
2026-06-10 16:49:09,710 [INFO] HTTP Request: POST https://dashscope.aliyuncs.com/compatible-mode/v1/chat/completions "HTTP/1.1 200 OK"
2026-06-10 16:49:09,718 [INFO] [7101497703] 基于中国经验的学术创造——苏力教授访谈 → {'Q': '法学理论', 'G': '法学理论', 'D': '法学理论', 'K': '法学理论'}
2026-06-10 16:49:11,914 [INFO] HTTP Request: POST https://dashscope.aliyuncs.com/compatible-mode/v1/chat/completions "HTTP/1.1 200 OK"
2026-06-10 16:49:16,803 [INFO] HTTP Request: POST https://dashscope.aliyuncs.com/compatible-mode/v1/chat/completions "HTTP/1.1 200 OK"
2026-06-10 16:49:18,721 [INFO] HTTP Request: POST https://dashscope.aliyuncs.com/compatible-mode/v1/chat/completions "HTTP/1.1 200 OK"
2026-06-10 16:49:20,569 [INFO] HTTP Request: POST https://dashscope.aliyuncs.com/compatible-mode/v1/chat/completions "HTTP/1.1 200 OK"
2026-06-10 16:49:20,576 [INFO] [7102038023] 面向水利供给的农地制度模式选择 → {'Q': '民商法学', 'G': '民商法学', 'D': '民商法学', 'K': '民商法学'}
2026-06-10 16:49:21,198 [INFO] HTTP Request: POST https://dashscope.aliyuncs.com/compatible-mode/v1/chat/completions "HTTP/1.1 200 OK"
2026-06-10 16:49:22,775 [INFO] HTTP Request: POST https://dashscope.aliyuncs.com/compatible-mode/v1/chat/completions "HTTP/1.1 200 OK"
2026-06-10 16:49:27,329 [INFO] HTTP Request: POST https://dashscope.aliyuncs.com/compatible-mode/v1/chat/completions "HTTP/1.1 200 OK"
2026-06-10 16:49:27,429 [INFO] HTTP Request: POST https://dashscope.aliyuncs.com/compatible-mode/v1/chat/completions "HTTP/1.1 200 OK"
2026-06-10 16:49:32,100 [INFO] HTTP Request: POST https://dashscope.aliyuncs.com/compatible-mode/v1/chat/completions "HTTP/1.1 200 OK"
2026-06-10 16:49:32,371 [INFO] HTTP Request: POST https://dashscope.aliyuncs.com/compatible-mode/v1/chat/completions "HTTP/1.1 200 OK"
2026-06-10 16:49:32,374 [INFO] [7102601812] 环境法的定位及其法典化 → {'Q': '环境与资源保护法学', 'G': '环境与资源保护法学', 'D': '环境与资源保护法学', 'K': '环境与资源保护法学'}
2026-06-10 16:49:34,100 [INFO] HTTP Request: POST https://dashscope.aliyuncs.com/compatible-mode/v1/chat/completions "HTTP/1.1 200 OK"
2026-06-10 16:49:34,973 [INFO] HTTP Request: POST https://dashscope.aliyuncs.com/compatible-mode/v1/chat/completions "HTTP/1.1 200 OK"
2026-06-10 16:49:36,852 [INFO] HTTP Request: POST https://dashscope.aliyuncs.com/compatible-mode/v1/chat/completions "HTTP/1.1 200 OK"
2026-06-10 16:49:38,653 [INFO] HTTP Request: POST https://dashscope.aliyuncs.com/compatible-mode/v1/chat/completions "HTTP/1.1 200 OK"
2026-06-10 16:49:48,429 [INFO] HTTP Request: POST https://dashscope.aliyuncs.com/compatible-mode/v1/chat/completions "HTTP/1.1 200 OK"
2026-06-10 16:49:48,438 [INFO] [7102609322] 中国的新综合性视野和远瞻性愿景:“一带一路”倡议与亚投行 → {'Q': '国际法学', 'G': '法学理论', 'D': '国际法学', 'K': '国际法学'}
2026-06-10 16:49:50,211 [INFO] HTTP Request: POST https://dashscope.aliyuncs.com/compatible-mode/v1/chat/completions "HTTP/1.1 200 OK"
2026-06-10 16:49:51,946 [INFO] HTTP Request: POST https://dashscope.aliyuncs.com/compatible-mode/v1/chat/completions "HTTP/1.1 200 OK"
2026-06-10 16:49:52,108 [INFO] HTTP Request: POST https://dashscope.aliyuncs.com/compatible-mode/v1/chat/completions "HTTP/1.1 200 OK"
2026-06-10 16:49:52,114 [INFO] [7102609323] “门罗主义”话语的跨洋旅行——亚洲主义、省域空间与“旧邦新造 → {'Q': '法律史', 'G': '宪法学与行政法学', 'D': '法律史', 'K': '法律史'}
2026-06-10 16:49:54,371 [INFO] HTTP Request: POST https://dashscope.aliyuncs.com/compatible-mode/v1/chat/completions "HTTP/1.1 200 OK"
2026-06-10 16:49:55,582 [INFO] HTTP Request: POST https://dashscope.aliyuncs.com/compatible-mode/v1/chat/completions "HTTP/1.1 200 OK"
2026-06-10 16:49:55,590 [INFO] [7102601813] 我国国际法研究的主体性缺失问题:反思与祛魅 → {'Q': '国际法学', 'G': '国际法学', 'D': '国际法学', 'K': '国际法学'}
2026-06-10 16:49:56,313 [INFO] HTTP Request: POST https://dashscope.aliyuncs.com/compatible-mode/v1/chat/completions "HTTP/1.1 200 OK"
2026-06-10 16:49:57,516 [INFO] HTTP Request: POST https://dashscope.aliyuncs.com/compatible-mode/v1/chat/completions "HTTP/1.1 200 OK"
2026-06-10 16:50:01,489 [INFO] HTTP Request: POST https://dashscope.aliyuncs.com/compatible-mode/v1/chat/completions "HTTP/1.1 200 OK"
2026-06-10 16:50:03,591 [INFO] HTTP Request: POST https://dashscope.aliyuncs.com/compatible-mode/v1/chat/completions "HTTP/1.1 200 OK"
2026-06-10 16:50:03,599 [INFO] [7102601814] 法律儒家化及其解释力 → {'Q': '法律史', 'G': '法律史', 'D': '法律史', 'K': '法律史'}
2026-06-10 16:50:05,556 [INFO] HTTP Request: POST https://dashscope.aliyuncs.com/compatible-mode/v1/chat/completions "HTTP/1.1 200 OK"
2026-06-10 16:50:06,053 [INFO] HTTP Request: POST https://dashscope.aliyuncs.com/compatible-mode/v1/chat/completions "HTTP/1.1 200 OK"
2026-06-10 16:50:07,484 [INFO] HTTP Request: POST https://dashscope.aliyuncs.com/compatible-mode/v1/chat/completions "HTTP/1.1 200 OK"
2026-06-10 16:50:09,430 [INFO] HTTP Request: POST https://dashscope.aliyuncs.com/compatible-mode/v1/chat/completions "HTTP/1.1 200 OK"
2026-06-10 16:50:09,720 [INFO] HTTP Request: POST https://dashscope.aliyuncs.com/compatible-mode/v1/chat/completions "HTTP/1.1 200 OK"
2026-06-10 16:50:21,165 [INFO] HTTP Request: POST https://dashscope.aliyuncs.com/compatible-mode/v1/chat/completions "HTTP/1.1 200 OK"
2026-06-10 16:50:29,074 [INFO] HTTP Request: POST https://dashscope.aliyuncs.com/compatible-mode/v1/chat/completions "HTTP/1.1 200 OK"
2026-06-10 16:50:29,083 [INFO] [7103036692] 法治建设的国家能力基础:从国族认同建构能力切入 → {'Q': '法学理论', 'G': '法学理论', 'D': '法学理论', 'K': '法学理论'}
2026-06-10 16:50:31,158 [INFO] HTTP Request: POST https://dashscope.aliyuncs.com/compatible-mode/v1/chat/completions "HTTP/1.1 200 OK"
2026-06-10 16:50:31,165 [INFO] [7103609282] 民法典无因管理的内外体系与规范呈现 → {'Q': '民商法学', 'G': '民商法学', 'D': '民商法学', 'K': '民商法学'}
2026-06-10 16:50:31,595 [INFO] HTTP Request: POST https://dashscope.aliyuncs.com/compatible-mode/v1/chat/completions "HTTP/1.1 200 OK"
2026-06-10 16:50:32,122 [INFO] HTTP Request: POST https://dashscope.aliyuncs.com/compatible-mode/v1/chat/completions "HTTP/1.1 200 OK"
2026-06-10 16:50:32,131 [INFO] [7103036693] 清代四川州县的契税治理:以南部县契税诉讼为侧重点 → {'Q': '法律史', 'G': '法律史', 'D': '法律史', 'K': '法律史'}
2026-06-10 16:50:33,227 [INFO] HTTP Request: POST https://dashscope.aliyuncs.com/compatible-mode/v1/chat/completions "HTTP/1.1 200 OK"
2026-06-10 16:50:34,218 [INFO] HTTP Request: POST https://dashscope.aliyuncs.com/compatible-mode/v1/chat/completions "HTTP/1.1 200 OK"
2026-06-10 16:50:35,863 [INFO] HTTP Request: POST https://dashscope.aliyuncs.com/compatible-mode/v1/chat/completions "HTTP/1.1 200 OK"
2026-06-10 16:50:35,870 [INFO] [7101492303] 集体经营性建设用地入市的现实困境与理论误区——以“同地同权” → {'Q': '民商法学', 'G': '民商法学', 'D': '民商法学', 'K': '民商法学'}
2026-06-10 16:50:36,974 [INFO] HTTP Request: POST https://dashscope.aliyuncs.com/compatible-mode/v1/chat/completions "HTTP/1.1 200 OK"
2026-06-10 16:50:37,260 [INFO] HTTP Request: POST https://dashscope.aliyuncs.com/compatible-mode/v1/chat/completions "HTTP/1.1 200 OK"
2026-06-10 16:50:37,745 [INFO] HTTP Request: POST https://dashscope.aliyuncs.com/compatible-mode/v1/chat/completions "HTTP/1.1 200 OK"
2026-06-10 16:50:37,900 [INFO] HTTP Request: POST https://dashscope.aliyuncs.com/compatible-mode/v1/chat/completions "HTTP/1.1 200 OK"
2026-06-10 16:50:37,906 [INFO] [7103609281] 中国立法体制的组织生成与制度逻辑 → {'Q': '宪法学与行政法学', 'G': '法学理论', 'D': '法学理论', 'K': '宪法学与行政法学'}
2026-06-10 16:50:38,971 [INFO] HTTP Request: POST https://dashscope.aliyuncs.com/compatible-mode/v1/chat/completions "HTTP/1.1 200 OK"
2026-06-10 16:50:39,267 [INFO] HTTP Request: POST https://dashscope.aliyuncs.com/compatible-mode/v1/chat/completions "HTTP/1.1 200 OK"
2026-06-10 16:50:39,702 [INFO] HTTP Request: POST https://dashscope.aliyuncs.com/compatible-mode/v1/chat/completions "HTTP/1.1 200 OK"
2026-06-10 16:50:42,648 [INFO] HTTP Request: POST https://dashscope.aliyuncs.com/compatible-mode/v1/chat/completions "HTTP/1.1 200 OK"
2026-06-10 16:50:47,560 [INFO] HTTP Request: POST https://dashscope.aliyuncs.com/compatible-mode/v1/chat/completions "HTTP/1.1 200 OK"
2026-06-10 16:50:49,794 [INFO] HTTP Request: POST https://dashscope.aliyuncs.com/compatible-mode/v1/chat/completions "HTTP/1.1 200 OK"
2026-06-10 16:50:50,469 [INFO] HTTP Request: POST https://dashscope.aliyuncs.com/compatible-mode/v1/chat/completions "HTTP/1.1 200 OK"
2026-06-10 16:50:52,382 [INFO] HTTP Request: POST https://dashscope.aliyuncs.com/compatible-mode/v1/chat/completions "HTTP/1.1 200 OK"
2026-06-10 16:50:59,394 [INFO] HTTP Request: POST https://dashscope.aliyuncs.com/compatible-mode/v1/chat/completions "HTTP/1.1 200 OK"
2026-06-10 16:51:02,563 [INFO] HTTP Request: POST https://dashscope.aliyuncs.com/compatible-mode/v1/chat/completions "HTTP/1.1 200 OK"
2026-06-10 16:51:02,571 [INFO] [XSYK2021001009] 国际软法在全球治理中的效力探究 → {'Q': '国际法学', 'G': '国际法学', 'D': '国际法学', 'K': '国际法学'}
2026-06-10 16:51:04,459 [INFO] HTTP Request: POST https://dashscope.aliyuncs.com/compatible-mode/v1/chat/completions "HTTP/1.1 200 OK"
2026-06-10 16:51:05,961 [INFO] HTTP Request: POST https://dashscope.aliyuncs.com/compatible-mode/v1/chat/completions "HTTP/1.1 200 OK"
2026-06-10 16:51:05,969 [INFO] [XSYK2021003018] 北朝胡汉融合视域下中古"五刑"刑罚体系形成史新论——兼评冨谷 → {'Q': '法律史', 'G': '法律史', 'D': '法律史', 'K': '法律史'}
2026-06-10 16:51:08,819 [INFO] HTTP Request: POST https://dashscope.aliyuncs.com/compatible-mode/v1/chat/completions "HTTP/1.1 200 OK"
2026-06-10 16:51:09,346 [INFO] HTTP Request: POST https://dashscope.aliyuncs.com/compatible-mode/v1/chat/completions "HTTP/1.1 200 OK"
2026-06-10 16:51:09,349 [INFO] HTTP Request: POST https://dashscope.aliyuncs.com/compatible-mode/v1/chat/completions "HTTP/1.1 200 OK"
2026-06-10 16:51:09,354 [INFO] [XSYK2021003010] 法律的经验研究范式:以规范研究为参照 → {'Q': '法学理论', 'G': '法学理论', 'D': '法学理论', 'K': '法学理论'}
2026-06-10 16:51:11,486 [INFO] HTTP Request: POST https://dashscope.aliyuncs.com/compatible-mode/v1/chat/completions "HTTP/1.1 200 OK"
2026-06-10 16:51:11,730 [INFO] HTTP Request: POST https://dashscope.aliyuncs.com/compatible-mode/v1/chat/completions "HTTP/1.1 200 OK"
2026-06-10 16:51:15,903 [INFO] HTTP Request: POST https://dashscope.aliyuncs.com/compatible-mode/v1/chat/completions "HTTP/1.1 200 OK"
2026-06-10 16:51:15,911 [INFO] [XSYK2021003012] 事实的法律规范化——从农业社会到信息革命 → {'Q': '法学理论', 'G': '法学理论', 'D': '法学理论', 'K': '法学理论'}
2026-06-10 16:51:18,784 [INFO] HTTP Request: POST https://dashscope.aliyuncs.com/compatible-mode/v1/chat/completions "HTTP/1.1 200 OK"
2026-06-10 16:51:19,475 [INFO] HTTP Request: POST https://dashscope.aliyuncs.com/compatible-mode/v1/chat/completions "HTTP/1.1 200 OK"
2026-06-10 16:51:19,707 [INFO] HTTP Request: POST https://dashscope.aliyuncs.com/compatible-mode/v1/chat/completions "HTTP/1.1 200 OK"
2026-06-10 16:51:23,392 [INFO] HTTP Request: POST https://dashscope.aliyuncs.com/compatible-mode/v1/chat/completions "HTTP/1.1 200 OK"
2026-06-10 16:51:24,353 [INFO] HTTP Request: POST https://dashscope.aliyuncs.com/compatible-mode/v1/chat/completions "HTTP/1.1 200 OK"
2026-06-10 16:51:30,551 [INFO] HTTP Request: POST https://dashscope.aliyuncs.com/compatible-mode/v1/chat/completions "HTTP/1.1 200 OK"
2026-06-10 16:51:33,462 [INFO] HTTP Request: POST https://dashscope.aliyuncs.com/compatible-mode/v1/chat/completions "HTTP/1.1 200 OK"
2026-06-10 16:51:33,471 [INFO] [XSYK2021004008] 理解"中国之治"的密钥:"协同优势"与"优势协同" → {'Q': '宪法学与行政法学', 'G': '宪法学与行政法学', 'D': '法学理论', 'K': '宪法学与行政法学'}
2026-06-10 16:51:34,693 [INFO] HTTP Request: POST https://dashscope.aliyuncs.com/compatible-mode/v1/chat/completions "HTTP/1.1 200 OK"
2026-06-10 16:51:35,982 [INFO] HTTP Request: POST https://dashscope.aliyuncs.com/compatible-mode/v1/chat/completions "HTTP/1.1 200 OK"
2026-06-10 16:51:37,510 [INFO] HTTP Request: POST https://dashscope.aliyuncs.com/compatible-mode/v1/chat/completions "HTTP/1.1 200 OK"
2026-06-10 16:51:41,219 [INFO] HTTP Request: POST https://dashscope.aliyuncs.com/compatible-mode/v1/chat/completions "HTTP/1.1 200 OK"
2026-06-10 16:51:41,882 [INFO] HTTP Request: POST https://dashscope.aliyuncs.com/compatible-mode/v1/chat/completions "HTTP/1.1 200 OK"
2026-06-10 16:51:41,885 [INFO] [XSYK2021004011] 律贵诛心:清代盗律及实践中的"主观恶性" → {'Q': '法律史', 'G': '法律史', 'D': '法律史', 'K': '法律史'}
2026-06-10 16:51:44,103 [INFO] HTTP Request: POST https://dashscope.aliyuncs.com/compatible-mode/v1/chat/completions "HTTP/1.1 200 OK"
2026-06-10 16:51:49,245 [INFO] HTTP Request: POST https://dashscope.aliyuncs.com/compatible-mode/v1/chat/completions "HTTP/1.1 200 OK"
2026-06-10 16:51:51,285 [INFO] HTTP Request: POST https://dashscope.aliyuncs.com/compatible-mode/v1/chat/completions "HTTP/1.1 200 OK"
2026-06-10 16:51:54,063 [INFO] HTTP Request: POST https://dashscope.aliyuncs.com/compatible-mode/v1/chat/completions "HTTP/1.1 200 OK"
2026-06-10 16:51:54,073 [INFO] [XSYK2021006011] "革命的保卫者"—"大公安"格局发生的历史缘起 → {'Q': '法律史', 'G': '法律史', 'D': '法律史', 'K': '法律史'}
2026-06-10 16:51:54,838 [INFO] HTTP Request: POST https://dashscope.aliyuncs.com/compatible-mode/v1/chat/completions "HTTP/1.1 200 OK"
2026-06-10 16:51:54,846 [INFO] [XSYK2021004010] "看破不说破":一种基础隐私规范 → {'Q': '数字法学', 'G': '数字法学', 'D': '法学理论', 'K': '数字法学'}
2026-06-10 16:51:56,067 [INFO] HTTP Request: POST https://dashscope.aliyuncs.com/compatible-mode/v1/chat/completions "HTTP/1.1 200 OK"
2026-06-10 16:51:57,397 [INFO] HTTP Request: POST https://dashscope.aliyuncs.com/compatible-mode/v1/chat/completions "HTTP/1.1 200 OK"
2026-06-10 16:51:58,847 [INFO] HTTP Request: POST https://dashscope.aliyuncs.com/compatible-mode/v1/chat/completions "HTTP/1.1 200 OK"
2026-06-10 16:52:04,413 [INFO] HTTP Request: POST https://dashscope.aliyuncs.com/compatible-mode/v1/chat/completions "HTTP/1.1 200 OK"
2026-06-10 16:52:04,423 [INFO] [XSYK2021006012] 司法公正的象征建构:在认知与规范之间 → {'Q': '法学理论', 'G': '法学理论', 'D': '法学理论', 'K': '法学理论'}
2026-06-10 16:52:06,669 [INFO] HTTP Request: POST https://dashscope.aliyuncs.com/compatible-mode/v1/chat/completions "HTTP/1.1 200 OK"
2026-06-10 16:52:07,672 [INFO] HTTP Request: POST https://dashscope.aliyuncs.com/compatible-mode/v1/chat/completions "HTTP/1.1 200 OK"
2026-06-10 16:52:11,371 [INFO] HTTP Request: POST https://dashscope.aliyuncs.com/compatible-mode/v1/chat/completions "HTTP/1.1 200 OK"
2026-06-10 16:52:16,453 [INFO] HTTP Request: POST https://dashscope.aliyuncs.com/compatible-mode/v1/chat/completions "HTTP/1.1 200 OK"
2026-06-10 16:52:16,464 [INFO] [XSYK2021007002] "重大改革于法有据":习近平法治思想的重要论断 → {'Q': '法学理论', 'G': '法学理论', 'D': '法学理论', 'K': '法学理论'}
2026-06-10 16:52:18,726 [INFO] HTTP Request: POST https://dashscope.aliyuncs.com/compatible-mode/v1/chat/completions "HTTP/1.1 200 OK"
2026-06-10 16:52:20,336 [INFO] HTTP Request: POST https://dashscope.aliyuncs.com/compatible-mode/v1/chat/completions "HTTP/1.1 200 OK"
2026-06-10 16:52:22,896 [INFO] HTTP Request: POST https://dashscope.aliyuncs.com/compatible-mode/v1/chat/completions "HTTP/1.1 200 OK"
2026-06-10 16:52:22,962 [INFO] HTTP Request: POST https://dashscope.aliyuncs.com/compatible-mode/v1/chat/completions "HTTP/1.1 200 OK"
2026-06-10 16:52:23,863 [INFO] HTTP Request: POST https://dashscope.aliyuncs.com/compatible-mode/v1/chat/completions "HTTP/1.1 200 OK"
2026-06-10 16:52:29,561 [INFO] HTTP Request: POST https://dashscope.aliyuncs.com/compatible-mode/v1/chat/completions "HTTP/1.1 200 OK"
2026-06-10 16:52:29,567 [INFO] [XSYK2021005010] 家国关系:理解近代以来中国基层治理变迁的一个视角 → {'Q': '法学理论', 'G': '法学理论', 'D': '法学理论', 'K': '法学理论'}
2026-06-10 16:52:31,656 [INFO] HTTP Request: POST https://dashscope.aliyuncs.com/compatible-mode/v1/chat/completions "HTTP/1.1 200 OK"
2026-06-10 16:52:32,615 [INFO] HTTP Request: POST https://dashscope.aliyuncs.com/compatible-mode/v1/chat/completions "HTTP/1.1 200 OK"
2026-06-10 16:52:32,623 [INFO] [XSYK2021008009] 监管技术巨头:技术力量作为市场支配地位认定因素之再审视 → {'Q': '经济法学', 'G': '经济法学', 'D': '经济法学', 'K': '经济法学'}
2026-06-10 16:52:35,184 [INFO] HTTP Request: POST https://dashscope.aliyuncs.com/compatible-mode/v1/chat/completions "HTTP/1.1 200 OK"
2026-06-10 16:52:36,375 [INFO] HTTP Request: POST https://dashscope.aliyuncs.com/compatible-mode/v1/chat/completions "HTTP/1.1 200 OK"
2026-06-10 16:52:38,997 [INFO] HTTP Request: POST https://dashscope.aliyuncs.com/compatible-mode/v1/chat/completions "HTTP/1.1 200 OK"
2026-06-10 16:52:44,109 [INFO] HTTP Request: POST https://dashscope.aliyuncs.com/compatible-mode/v1/chat/completions "HTTP/1.1 200 OK"
2026-06-10 16:52:46,723 [INFO] HTTP Request: POST https://dashscope.aliyuncs.com/compatible-mode/v1/chat/completions "HTTP/1.1 200 OK"
2026-06-10 16:52:46,731 [INFO] [XSYK2021009011] 社会与历史语境中的法律修辞:共同体建构视角下的宏观功能 → {'Q': '法学理论', 'G': '法学理论', 'D': '法学理论', 'K': '法学理论'}
2026-06-10 16:52:47,382 [INFO] HTTP Request: POST https://dashscope.aliyuncs.com/compatible-mode/v1/chat/completions "HTTP/1.1 200 OK"
2026-06-10 16:52:48,802 [INFO] HTTP Request: POST https://dashscope.aliyuncs.com/compatible-mode/v1/chat/completions "HTTP/1.1 200 OK"
2026-06-10 16:52:50,692 [INFO] HTTP Request: POST https://dashscope.aliyuncs.com/compatible-mode/v1/chat/completions "HTTP/1.1 200 OK"
2026-06-10 16:52:51,260 [INFO] HTTP Request: POST https://dashscope.aliyuncs.com/compatible-mode/v1/chat/completions "HTTP/1.1 200 OK"
2026-06-10 16:52:51,269 [INFO] [XSYK2021010010] 中国共产党党章的百年变迁——主题与变奏 → {'Q': '党内法规学', 'G': '党内法规学', 'D': '党内法规学', 'K': '党内法规学'}
2026-06-10 16:52:53,714 [INFO] HTTP Request: POST https://dashscope.aliyuncs.com/compatible-mode/v1/chat/completions "HTTP/1.1 200 OK"
2026-06-10 16:52:56,568 [INFO] HTTP Request: POST https://dashscope.aliyuncs.com/compatible-mode/v1/chat/completions "HTTP/1.1 200 OK"
2026-06-10 16:52:58,394 [INFO] HTTP Request: POST https://dashscope.aliyuncs.com/compatible-mode/v1/chat/completions "HTTP/1.1 200 OK"
2026-06-10 16:52:59,645 [INFO] HTTP Request: POST https://dashscope.aliyuncs.com/compatible-mode/v1/chat/completions "HTTP/1.1 200 OK"
2026-06-10 16:53:03,274 [INFO] HTTP Request: POST https://dashscope.aliyuncs.com/compatible-mode/v1/chat/completions "HTTP/1.1 200 OK"
2026-06-10 16:53:03,284 [INFO] [XSYK2021008010] 新技术变革时代"人"的变迁与社会法回应 → {'Q': '数字法学', 'G': '数字法学', 'D': '经济法学', 'K': '经济法学'}
2026-06-10 16:53:05,291 [INFO] HTTP Request: POST https://dashscope.aliyuncs.com/compatible-mode/v1/chat/completions "HTTP/1.1 200 OK"
2026-06-10 16:53:05,845 [INFO] HTTP Request: POST https://dashscope.aliyuncs.com/compatible-mode/v1/chat/completions "HTTP/1.1 200 OK"
2026-06-10 16:53:08,985 [INFO] HTTP Request: POST https://dashscope.aliyuncs.com/compatible-mode/v1/chat/completions "HTTP/1.1 200 OK"
2026-06-10 16:53:09,474 [INFO] HTTP Request: POST https://dashscope.aliyuncs.com/compatible-mode/v1/chat/completions "HTTP/1.1 200 OK"
2026-06-10 16:53:11,287 [INFO] HTTP Request: POST https://dashscope.aliyuncs.com/compatible-mode/v1/chat/completions "HTTP/1.1 200 OK"
2026-06-10 16:53:11,301 [INFO] [XSYK2021011010] 论经验法则在刑事司法裁判中的论证 → {'Q': '诉讼法学', 'G': '诉讼法学', 'D': '诉讼法学', 'K': '诉讼法学'}
2026-06-10 16:53:13,359 [INFO] HTTP Request: POST https://dashscope.aliyuncs.com/compatible-mode/v1/chat/completions "HTTP/1.1 200 OK"
2026-06-10 16:53:18,087 [INFO] HTTP Request: POST https://dashscope.aliyuncs.com/compatible-mode/v1/chat/completions "HTTP/1.1 200 OK"
2026-06-10 16:53:18,570 [INFO] HTTP Request: POST https://dashscope.aliyuncs.com/compatible-mode/v1/chat/completions "HTTP/1.1 200 OK"
2026-06-10 16:53:18,580 [INFO] [XSYK2022001011] 文化主权视域下流失文物追索的法理思考——基于石窟寺流失文物的 → {'Q': '国际法学', 'G': '国际法学', 'D': '国际法学', 'K': '国际法学'}
2026-06-10 16:53:19,554 [INFO] HTTP Request: POST https://dashscope.aliyuncs.com/compatible-mode/v1/chat/completions "HTTP/1.1 200 OK"
2026-06-10 16:53:20,650 [INFO] HTTP Request: POST https://dashscope.aliyuncs.com/compatible-mode/v1/chat/completions "HTTP/1.1 200 OK"
2026-06-10 16:53:23,754 [INFO] HTTP Request: POST https://dashscope.aliyuncs.com/compatible-mode/v1/chat/completions "HTTP/1.1 200 OK"
2026-06-10 16:53:31,062 [INFO] HTTP Request: POST https://dashscope.aliyuncs.com/compatible-mode/v1/chat/completions "HTTP/1.1 200 OK"
2026-06-10 16:53:31,073 [INFO] [XSYK2022002009] 中国劳动法学的宪法观:成形、嬗变与展望 → {'Q': '宪法学与行政法学', 'G': '宪法学与行政法学', 'D': '法学理论', 'K': '宪法学与行政法学'}
2026-06-10 16:53:31,294 [INFO] HTTP Request: POST https://dashscope.aliyuncs.com/compatible-mode/v1/chat/completions "HTTP/1.1 200 OK"
2026-06-10 16:53:31,304 [INFO] [XSYK2022004010] 民法典精神损害赔偿制度的规范构造与价值定位 → {'Q': '民商法学', 'G': '民商法学', 'D': '民商法学', 'K': '民商法学'}
2026-06-10 16:53:32,673 [INFO] HTTP Request: POST https://dashscope.aliyuncs.com/compatible-mode/v1/chat/completions "HTTP/1.1 200 OK"
2026-06-10 16:53:33,225 [INFO] HTTP Request: POST https://dashscope.aliyuncs.com/compatible-mode/v1/chat/completions "HTTP/1.1 200 OK"
2026-06-10 16:53:33,775 [INFO] HTTP Request: POST https://dashscope.aliyuncs.com/compatible-mode/v1/chat/completions "HTTP/1.1 200 OK"
2026-06-10 16:53:35,209 [INFO] HTTP Request: POST https://dashscope.aliyuncs.com/compatible-mode/v1/chat/completions "HTTP/1.1 200 OK"
2026-06-10 16:53:36,511 [INFO] HTTP Request: POST https://dashscope.aliyuncs.com/compatible-mode/v1/chat/completions "HTTP/1.1 200 OK"
2026-06-10 16:53:39,319 [INFO] HTTP Request: POST https://dashscope.aliyuncs.com/compatible-mode/v1/chat/completions "HTTP/1.1 200 OK"
2026-06-10 16:53:45,942 [INFO] HTTP Request: POST https://dashscope.aliyuncs.com/compatible-mode/v1/chat/completions "HTTP/1.1 200 OK"
2026-06-10 16:53:47,479 [INFO] HTTP Request: POST https://dashscope.aliyuncs.com/compatible-mode/v1/chat/completions "HTTP/1.1 200 OK"
2026-06-10 16:53:48,605 [INFO] HTTP Request: POST https://dashscope.aliyuncs.com/compatible-mode/v1/chat/completions "HTTP/1.1 200 OK"
2026-06-10 16:53:48,616 [INFO] [XSYK2022006012] 国际法治中的“大国不可能三角” → {'Q': '国际法学', 'G': '国际法学', 'D': '国际法学', 'K': '国际法学'}
2026-06-10 16:53:50,852 [INFO] HTTP Request: POST https://dashscope.aliyuncs.com/compatible-mode/v1/chat/completions "HTTP/1.1 200 OK"
2026-06-10 16:53:53,113 [INFO] HTTP Request: POST https://dashscope.aliyuncs.com/compatible-mode/v1/chat/completions "HTTP/1.1 200 OK"
2026-06-10 16:53:53,122 [INFO] [XSYK2022005009] 行政执法中声誉制裁的法律性质与规范形态 → {'Q': '宪法学与行政法学', 'G': '宪法学与行政法学', 'D': '宪法学与行政法学', 'K': '宪法学与行政法学'}
2026-06-10 16:53:55,541 [INFO] HTTP Request: POST https://dashscope.aliyuncs.com/compatible-mode/v1/chat/completions "HTTP/1.1 200 OK"
2026-06-10 16:53:58,302 [INFO] HTTP Request: POST https://dashscope.aliyuncs.com/compatible-mode/v1/chat/completions "HTTP/1.1 200 OK"
2026-06-10 16:53:58,985 [INFO] HTTP Request: POST https://dashscope.aliyuncs.com/compatible-mode/v1/chat/completions "HTTP/1.1 200 OK"
2026-06-10 16:53:58,998 [INFO] [XSYK2022006020] 国际法的四重意象与中国国际法建设——何志鹏教授访谈 → {'Q': '国际法学', 'G': '国际法学', 'D': '国际法学', 'K': '国际法学'}
2026-06-10 16:53:59,560 [INFO] HTTP Request: POST https://dashscope.aliyuncs.com/compatible-mode/v1/chat/completions "HTTP/1.1 200 OK"
2026-06-10 16:53:59,571 [INFO] [XSYK2022005010] 从家国到人民共和国:"天下-中国"转型的历史逻辑 → {'Q': '宪法学与行政法学', 'G': '宪法学与行政法学', 'D': '宪法学与行政法学', 'K': '宪法学与行政法学'}
2026-06-10 16:54:00,913 [INFO] HTTP Request: POST https://dashscope.aliyuncs.com/compatible-mode/v1/chat/completions "HTTP/1.1 200 OK"
2026-06-10 16:54:01,941 [INFO] HTTP Request: POST https://dashscope.aliyuncs.com/compatible-mode/v1/chat/completions "HTTP/1.1 200 OK"
2026-06-10 16:54:02,742 [INFO] HTTP Request: POST https://dashscope.aliyuncs.com/compatible-mode/v1/chat/completions "HTTP/1.1 200 OK"
2026-06-10 16:54:02,786 [INFO] HTTP Request: POST https://dashscope.aliyuncs.com/compatible-mode/v1/chat/completions "HTTP/1.1 200 OK"
2026-06-10 16:54:02,796 [INFO] [XSYK2022006013] 新时代中国国际法观的理论构成与多元实践 → {'Q': '国际法学', 'G': '国际法学', 'D': '国际法学', 'K': '国际法学'}
2026-06-10 16:54:04,511 [INFO] HTTP Request: POST https://dashscope.aliyuncs.com/compatible-mode/v1/chat/completions "HTTP/1.1 200 OK"
2026-06-10 16:54:05,280 [INFO] HTTP Request: POST https://dashscope.aliyuncs.com/compatible-mode/v1/chat/completions "HTTP/1.1 200 OK"
2026-06-10 16:54:09,716 [INFO] HTTP Request: POST https://dashscope.aliyuncs.com/compatible-mode/v1/chat/completions "HTTP/1.1 200 OK"
2026-06-10 16:54:09,781 [INFO] HTTP Request: POST https://dashscope.aliyuncs.com/compatible-mode/v1/chat/completions "HTTP/1.1 200 OK"
2026-06-10 16:54:11,337 [INFO] HTTP Request: POST https://dashscope.aliyuncs.com/compatible-mode/v1/chat/completions "HTTP/1.1 200 OK"
2026-06-10 16:54:13,180 [INFO] HTTP Request: POST https://dashscope.aliyuncs.com/compatible-mode/v1/chat/completions "HTTP/1.1 200 OK"
2026-06-10 16:54:17,858 [INFO] HTTP Request: POST https://dashscope.aliyuncs.com/compatible-mode/v1/chat/completions "HTTP/1.1 200 OK"
2026-06-10 16:54:20,246 [INFO] HTTP Request: POST https://dashscope.aliyuncs.com/compatible-mode/v1/chat/completions "HTTP/1.1 200 OK"
2026-06-10 16:54:21,269 [INFO] HTTP Request: POST https://dashscope.aliyuncs.com/compatible-mode/v1/chat/completions "HTTP/1.1 200 OK"
2026-06-10 16:54:32,073 [INFO] HTTP Request: POST https://dashscope.aliyuncs.com/compatible-mode/v1/chat/completions "HTTP/1.1 200 OK"
2026-06-10 16:54:32,083 [INFO] [XSYK2022007011] 刑法谦抑性原则的价值定位与规范化构造——以刑民关系为切入点 → {'Q': '刑法学', 'G': '刑法学', 'D': '刑法学', 'K': '刑法学'}
2026-06-10 16:54:34,362 [INFO] HTTP Request: POST https://dashscope.aliyuncs.com/compatible-mode/v1/chat/completions "HTTP/1.1 200 OK"
2026-06-10 16:54:35,709 [INFO] HTTP Request: POST https://dashscope.aliyuncs.com/compatible-mode/v1/chat/completions "HTTP/1.1 200 OK"
2026-06-10 16:54:35,718 [INFO] [XSYK2022009009] 中国社会主义法治文化的历史回溯和进路 → {'Q': '法学理论', 'G': '法学理论', 'D': '法学理论', 'K': '法学理论'}
2026-06-10 16:54:37,693 [INFO] HTTP Request: POST https://dashscope.aliyuncs.com/compatible-mode/v1/chat/completions "HTTP/1.1 200 OK"
2026-06-10 16:54:38,864 [INFO] HTTP Request: POST https://dashscope.aliyuncs.com/compatible-mode/v1/chat/completions "HTTP/1.1 200 OK"
2026-06-10 16:54:38,874 [INFO] [XSYK2022007010] 法律之外的秩序：土地的“习惯性利益”及其治理——基于两个社区 → {'Q': '法学理论', 'G': '法学理论', 'D': '法学理论', 'K': '法学理论'}
2026-06-10 16:54:39,220 [INFO] HTTP Request: POST https://dashscope.aliyuncs.com/compatible-mode/v1/chat/completions "HTTP/1.1 200 OK"
2026-06-10 16:54:41,340 [INFO] HTTP Request: POST https://dashscope.aliyuncs.com/compatible-mode/v1/chat/completions "HTTP/1.1 200 OK"
2026-06-10 16:54:43,800 [INFO] HTTP Request: POST https://dashscope.aliyuncs.com/compatible-mode/v1/chat/completions "HTTP/1.1 200 OK"
2026-06-10 16:54:43,810 [INFO] [XSYK2023001010] 引入与调适：自然惩罚免刑规则的本土化建构 → {'Q': '刑法学', 'G': '刑法学', 'D': '刑法学', 'K': '刑法学'}
2026-06-10 16:54:44,300 [INFO] HTTP Request: POST https://dashscope.aliyuncs.com/compatible-mode/v1/chat/completions "HTTP/1.1 200 OK"
2026-06-10 16:54:45,771 [INFO] HTTP Request: POST https://dashscope.aliyuncs.com/compatible-mode/v1/chat/completions "HTTP/1.1 200 OK"
2026-06-10 16:54:46,460 [INFO] HTTP Request: POST https://dashscope.aliyuncs.com/compatible-mode/v1/chat/completions "HTTP/1.1 200 OK"
2026-06-10 16:54:46,469 [INFO] [XSYK2023002008] 法律儒家化未曾发生？——以家庭法制为中心 → {'Q': '法律史', 'G': '法律史', 'D': '法律史', 'K': '法律史'}
2026-06-10 16:54:47,520 [INFO] HTTP Request: POST https://dashscope.aliyuncs.com/compatible-mode/v1/chat/completions "HTTP/1.1 200 OK"
2026-06-10 16:54:48,502 [INFO] HTTP Request: POST https://dashscope.aliyuncs.com/compatible-mode/v1/chat/completions "HTTP/1.1 200 OK"
2026-06-10 16:54:53,220 [INFO] HTTP Request: POST https://dashscope.aliyuncs.com/compatible-mode/v1/chat/completions "HTTP/1.1 200 OK"
2026-06-10 16:54:54,312 [INFO] HTTP Request: POST https://dashscope.aliyuncs.com/compatible-mode/v1/chat/completions "HTTP/1.1 200 OK"
2026-06-10 16:54:56,753 [INFO] HTTP Request: POST https://dashscope.aliyuncs.com/compatible-mode/v1/chat/completions "HTTP/1.1 200 OK"
2026-06-10 16:54:57,931 [INFO] HTTP Request: POST https://dashscope.aliyuncs.com/compatible-mode/v1/chat/completions "HTTP/1.1 200 OK"
2026-06-10 16:54:59,520 [INFO] HTTP Request: POST https://dashscope.aliyuncs.com/compatible-mode/v1/chat/completions "HTTP/1.1 200 OK"
2026-06-10 16:55:01,239 [INFO] HTTP Request: POST https://dashscope.aliyuncs.com/compatible-mode/v1/chat/completions "HTTP/1.1 200 OK"
2026-06-10 16:55:09,193 [INFO] HTTP Request: POST https://dashscope.aliyuncs.com/compatible-mode/v1/chat/completions "HTTP/1.1 200 OK"
2026-06-10 16:55:09,203 [INFO] [XSYK2023004017] 法学学科十年发展综述及评价（2009-2018年）——基于人 → {'Q': '法学理论', 'G': '法学理论', 'D': '法学理论', 'K': '法学理论'}
2026-06-10 16:55:11,446 [INFO] HTTP Request: POST https://dashscope.aliyuncs.com/compatible-mode/v1/chat/completions "HTTP/1.1 200 OK"
2026-06-10 16:55:17,125 [INFO] HTTP Request: POST https://dashscope.aliyuncs.com/compatible-mode/v1/chat/completions "HTTP/1.1 200 OK"
2026-06-10 16:55:17,132 [INFO] [XSYK2023006016] 唐前律典的历史书写与谱系制造 → {'Q': '法律史', 'G': '法律史', 'D': '法律史', 'K': '法律史'}
2026-06-10 16:55:19,125 [INFO] HTTP Request: POST https://dashscope.aliyuncs.com/compatible-mode/v1/chat/completions "HTTP/1.1 200 OK"
2026-06-10 16:55:19,638 [INFO] HTTP Request: POST https://dashscope.aliyuncs.com/compatible-mode/v1/chat/completions "HTTP/1.1 200 OK"
2026-06-10 16:55:21,519 [INFO] HTTP Request: POST https://dashscope.aliyuncs.com/compatible-mode/v1/chat/completions "HTTP/1.1 200 OK"
2026-06-10 16:55:21,527 [INFO] [XSYK2023003009] “大国协调”的重负与近代中国的“旧邦新造” → {'Q': '国际法学', 'G': '国际法学', 'D': '国际法学', 'K': '国际法学'}
2026-06-10 16:55:22,576 [INFO] HTTP Request: POST https://dashscope.aliyuncs.com/compatible-mode/v1/chat/completions "HTTP/1.1 200 OK"
2026-06-10 16:55:22,585 [INFO] [XSYK2023008007] 一种“甜蜜的错觉”：自由意志是刑事责任的基础 → {'Q': '刑法学', 'G': '刑法学', 'D': '刑法学', 'K': '刑法学'}
2026-06-10 16:55:23,741 [INFO] HTTP Request: POST https://dashscope.aliyuncs.com/compatible-mode/v1/chat/completions "HTTP/1.1 200 OK"
2026-06-10 16:55:23,942 [INFO] HTTP Request: POST https://dashscope.aliyuncs.com/compatible-mode/v1/chat/completions "HTTP/1.1 200 OK"
2026-06-10 16:55:24,730 [INFO] HTTP Request: POST https://dashscope.aliyuncs.com/compatible-mode/v1/chat/completions "HTTP/1.1 200 OK"
2026-06-10 16:55:28,339 [INFO] HTTP Request: POST https://dashscope.aliyuncs.com/compatible-mode/v1/chat/completions "HTTP/1.1 200 OK"
2026-06-10 16:55:29,154 [INFO] HTTP Request: POST https://dashscope.aliyuncs.com/compatible-mode/v1/chat/completions "HTTP/1.1 200 OK"
2026-06-10 16:55:31,703 [INFO] HTTP Request: POST https://dashscope.aliyuncs.com/compatible-mode/v1/chat/completions "HTTP/1.1 200 OK"
2026-06-10 16:55:32,550 [INFO] HTTP Request: POST https://dashscope.aliyuncs.com/compatible-mode/v1/chat/completions "HTTP/1.1 200 OK"
2026-06-10 16:55:39,702 [INFO] HTTP Request: POST https://dashscope.aliyuncs.com/compatible-mode/v1/chat/completions "HTTP/1.1 200 OK"
2026-06-10 16:55:39,705 [INFO] [XSYK2023008012] 宋代流人量移考 → {'Q': '法律史', 'G': '法律史', 'D': '法律史', 'K': '法律史'}
2026-06-10 16:55:40,509 [INFO] HTTP Request: POST https://dashscope.aliyuncs.com/compatible-mode/v1/chat/completions "HTTP/1.1 200 OK"
2026-06-10 16:55:41,836 [INFO] HTTP Request: POST https://dashscope.aliyuncs.com/compatible-mode/v1/chat/completions "HTTP/1.1 200 OK"
2026-06-10 16:55:43,757 [INFO] HTTP Request: POST https://dashscope.aliyuncs.com/compatible-mode/v1/chat/completions "HTTP/1.1 200 OK"
2026-06-10 16:55:43,963 [INFO] HTTP Request: POST https://dashscope.aliyuncs.com/compatible-mode/v1/chat/completions "HTTP/1.1 200 OK"
2026-06-10 16:55:43,971 [INFO] [XSYK2023007009] 从不完整财产权到完整财产权的诠释：在归属和流转之间 → {'Q': '法学理论', 'G': '民商法学', 'D': '民商法学', 'K': '民商法学'}
2026-06-10 16:55:45,781 [INFO] HTTP Request: POST https://dashscope.aliyuncs.com/compatible-mode/v1/chat/completions "HTTP/1.1 200 OK"
2026-06-10 16:55:49,866 [INFO] HTTP Request: POST https://dashscope.aliyuncs.com/compatible-mode/v1/chat/completions "HTTP/1.1 200 OK"
2026-06-10 16:55:51,232 [INFO] HTTP Request: POST https://dashscope.aliyuncs.com/compatible-mode/v1/chat/completions "HTTP/1.1 200 OK"
2026-06-10 16:55:56,728 [INFO] HTTP Request: POST https://dashscope.aliyuncs.com/compatible-mode/v1/chat/completions "HTTP/1.1 200 OK"
2026-06-10 16:55:56,740 [INFO] [XSYK2024001010] 论数据要素市场的基础制度体系 → {'Q': '数字法学', 'G': '数字法学', 'D': '数字法学', 'K': '数字法学'}
2026-06-10 16:55:58,754 [INFO] HTTP Request: POST https://dashscope.aliyuncs.com/compatible-mode/v1/chat/completions "HTTP/1.1 200 OK"
2026-06-10 16:56:02,027 [INFO] HTTP Request: POST https://dashscope.aliyuncs.com/compatible-mode/v1/chat/completions "HTTP/1.1 200 OK"
2026-06-10 16:56:03,677 [INFO] HTTP Request: POST https://dashscope.aliyuncs.com/compatible-mode/v1/chat/completions "HTTP/1.1 200 OK"
2026-06-10 16:56:03,990 [INFO] HTTP Request: POST https://dashscope.aliyuncs.com/compatible-mode/v1/chat/completions "HTTP/1.1 200 OK"
2026-06-10 16:56:07,512 [INFO] HTTP Request: POST https://dashscope.aliyuncs.com/compatible-mode/v1/chat/completions "HTTP/1.1 200 OK"
2026-06-10 16:56:12,133 [INFO] HTTP Request: POST https://dashscope.aliyuncs.com/compatible-mode/v1/chat/completions "HTTP/1.1 200 OK"
2026-06-10 16:56:18,258 [INFO] HTTP Request: POST https://dashscope.aliyuncs.com/compatible-mode/v1/chat/completions "HTTP/1.1 200 OK"
2026-06-10 16:56:18,269 [INFO] [XSYK2023011009] 中国涉外法治研究主体性建构的悖论及其超越 → {'Q': '国际法学', 'G': '法学理论', 'D': '法学理论', 'K': '国际法学'}
2026-06-10 16:56:20,767 [INFO] HTTP Request: POST https://dashscope.aliyuncs.com/compatible-mode/v1/chat/completions "HTTP/1.1 200 OK"
2026-06-10 16:56:22,581 [INFO] HTTP Request: POST https://dashscope.aliyuncs.com/compatible-mode/v1/chat/completions "HTTP/1.1 200 OK"
2026-06-10 16:56:22,588 [INFO] [XSYK2023010009] 清律“财产犯罪”体系的比较法阐释 → {'Q': '刑法学', 'G': '法律史', 'D': '法律史', 'K': '法律史'}
2026-06-10 16:56:23,390 [INFO] HTTP Request: POST https://dashscope.aliyuncs.com/compatible-mode/v1/chat/completions "HTTP/1.1 200 OK"
2026-06-10 16:56:23,394 [INFO] [XSYK2024003009] 比例原则目的正当性审查方法新论——一个融合法经济学、商谈理论 → {'Q': '宪法学与行政法学', 'G': '宪法学与行政法学', 'D': '法学理论', 'K': '宪法学与行政法学'}
2026-06-10 16:56:24,764 [INFO] HTTP Request: POST https://dashscope.aliyuncs.com/compatible-mode/v1/chat/completions "HTTP/1.1 200 OK"
2026-06-10 16:56:25,162 [INFO] HTTP Request: POST https://dashscope.aliyuncs.com/compatible-mode/v1/chat/completions "HTTP/1.1 200 OK"
2026-06-10 16:56:25,172 [INFO] [XSYK2024002010] 从“权力主导”到“权利本位”：刑事在线诉讼的法治悖反与归位 → {'Q': '诉讼法学', 'G': '诉讼法学', 'D': '诉讼法学', 'K': '诉讼法学'}
2026-06-10 16:56:25,486 [INFO] HTTP Request: POST https://dashscope.aliyuncs.com/compatible-mode/v1/chat/completions "HTTP/1.1 200 OK"
2026-06-10 16:56:26,163 [INFO] HTTP Request: POST https://dashscope.aliyuncs.com/compatible-mode/v1/chat/completions "HTTP/1.1 200 OK"
2026-06-10 16:56:27,147 [INFO] HTTP Request: POST https://dashscope.aliyuncs.com/compatible-mode/v1/chat/completions "HTTP/1.1 200 OK"
2026-06-10 16:56:29,167 [INFO] HTTP Request: POST https://dashscope.aliyuncs.com/compatible-mode/v1/chat/completions "HTTP/1.1 200 OK"
2026-06-10 16:56:29,179 [INFO] [XSYK2024004002] 问题与愿景：中国刑法学转型发展的省思 → {'Q': '刑法学', 'G': '刑法学', 'D': '刑法学', 'K': '刑法学'}
2026-06-10 16:56:30,412 [INFO] HTTP Request: POST https://dashscope.aliyuncs.com/compatible-mode/v1/chat/completions "HTTP/1.1 200 OK"
2026-06-10 16:56:30,869 [INFO] HTTP Request: POST https://dashscope.aliyuncs.com/compatible-mode/v1/chat/completions "HTTP/1.1 200 OK"
2026-06-10 16:56:33,705 [INFO] HTTP Request: POST https://dashscope.aliyuncs.com/compatible-mode/v1/chat/completions "HTTP/1.1 200 OK"
2026-06-10 16:56:36,022 [INFO] HTTP Request: POST https://dashscope.aliyuncs.com/compatible-mode/v1/chat/completions "HTTP/1.1 200 OK"
2026-06-10 16:56:38,594 [INFO] HTTP Request: POST https://dashscope.aliyuncs.com/compatible-mode/v1/chat/completions "HTTP/1.1 200 OK"
2026-06-10 16:56:44,670 [INFO] HTTP Request: POST https://dashscope.aliyuncs.com/compatible-mode/v1/chat/completions "HTTP/1.1 200 OK"
2026-06-10 16:56:45,824 [INFO] HTTP Request: POST https://dashscope.aliyuncs.com/compatible-mode/v1/chat/completions "HTTP/1.1 200 OK"
2026-06-10 16:56:48,112 [INFO] HTTP Request: POST https://dashscope.aliyuncs.com/compatible-mode/v1/chat/completions "HTTP/1.1 200 OK"
2026-06-10 16:56:52,965 [INFO] HTTP Request: POST https://dashscope.aliyuncs.com/compatible-mode/v1/chat/completions "HTTP/1.1 200 OK"
2026-06-10 16:56:54,106 [INFO] HTTP Request: POST https://dashscope.aliyuncs.com/compatible-mode/v1/chat/completions "HTTP/1.1 200 OK"
2026-06-10 16:56:54,112 [INFO] [XSYK2024005011] 新型反补贴规则是优化还是异化——基于保护市场经济的视角 → {'Q': '国际法学', 'G': '国际法学', 'D': '经济法学', 'K': '国际法学'}
2026-06-10 16:56:56,821 [INFO] HTTP Request: POST https://dashscope.aliyuncs.com/compatible-mode/v1/chat/completions "HTTP/1.1 200 OK"
2026-06-10 16:56:59,564 [INFO] HTTP Request: POST https://dashscope.aliyuncs.com/compatible-mode/v1/chat/completions "HTTP/1.1 200 OK"
2026-06-10 16:57:05,621 [INFO] HTTP Request: POST https://dashscope.aliyuncs.com/compatible-mode/v1/chat/completions "HTTP/1.1 200 OK"
2026-06-10 16:57:05,631 [INFO] [XSYK2024008009] 老年权利话语的法律知识生成 → {'Q': '法学理论', 'G': '法学理论', 'D': '法学理论', 'K': '法学理论'}
2026-06-10 16:57:08,668 [INFO] HTTP Request: POST https://dashscope.aliyuncs.com/compatible-mode/v1/chat/completions "HTTP/1.1 200 OK"
2026-06-10 16:57:10,397 [INFO] HTTP Request: POST https://dashscope.aliyuncs.com/compatible-mode/v1/chat/completions "HTTP/1.1 200 OK"
2026-06-10 16:57:12,176 [INFO] HTTP Request: POST https://dashscope.aliyuncs.com/compatible-mode/v1/chat/completions "HTTP/1.1 200 OK"
2026-06-10 16:57:12,187 [INFO] [XSYK2024004012] 社会治理及其对企业合规治理的切入和渗透 → {'Q': '法学理论', 'G': '法学理论', 'D': '法学理论', 'K': '法学理论'}
2026-06-10 16:57:12,359 [INFO] HTTP Request: POST https://dashscope.aliyuncs.com/compatible-mode/v1/chat/completions "HTTP/1.1 200 OK"
2026-06-10 16:57:14,404 [INFO] HTTP Request: POST https://dashscope.aliyuncs.com/compatible-mode/v1/chat/completions "HTTP/1.1 200 OK"
2026-06-10 16:57:16,498 [INFO] HTTP Request: POST https://dashscope.aliyuncs.com/compatible-mode/v1/chat/completions "HTTP/1.1 200 OK"
2026-06-10 16:57:16,867 [INFO] HTTP Request: POST https://dashscope.aliyuncs.com/compatible-mode/v1/chat/completions "HTTP/1.1 200 OK"
2026-06-10 16:57:16,871 [INFO] [XSYK2024006012] 哲人入丛林：国际关系与政治哲学共同转型的可能 → {'Q': '国际法学', 'G': '法学理论', 'D': '法学理论', 'K': '国际法学'}
2026-06-10 16:57:17,642 [INFO] HTTP Request: POST https://dashscope.aliyuncs.com/compatible-mode/v1/chat/completions "HTTP/1.1 200 OK"
2026-06-10 16:57:18,833 [INFO] HTTP Request: POST https://dashscope.aliyuncs.com/compatible-mode/v1/chat/completions "HTTP/1.1 200 OK"
2026-06-10 16:57:26,889 [INFO] HTTP Request: POST https://dashscope.aliyuncs.com/compatible-mode/v1/chat/completions "HTTP/1.1 200 OK"
2026-06-10 16:57:29,815 [INFO] HTTP Request: POST https://dashscope.aliyuncs.com/compatible-mode/v1/chat/completions "HTTP/1.1 200 OK"
2026-06-10 16:57:29,825 [INFO] [XSYK2024005012] 数字资产属性的界定及其证成 → {'Q': '刑法学', 'G': '数字法学', 'D': '刑法学', 'K': '刑法学'}
2026-06-10 16:57:31,335 [INFO] HTTP Request: POST https://dashscope.aliyuncs.com/compatible-mode/v1/chat/completions "HTTP/1.1 200 OK"
2026-06-10 16:57:32,143 [INFO] HTTP Request: POST https://dashscope.aliyuncs.com/compatible-mode/v1/chat/completions "HTTP/1.1 200 OK"
2026-06-10 16:57:36,345 [INFO] HTTP Request: POST https://dashscope.aliyuncs.com/compatible-mode/v1/chat/completions "HTTP/1.1 200 OK"
2026-06-10 16:57:36,678 [INFO] HTTP Request: POST https://dashscope.aliyuncs.com/compatible-mode/v1/chat/completions "HTTP/1.1 200 OK"
2026-06-10 16:57:37,624 [INFO] HTTP Request: POST https://dashscope.aliyuncs.com/compatible-mode/v1/chat/completions "HTTP/1.1 200 OK"
2026-06-10 16:57:44,207 [INFO] HTTP Request: POST https://dashscope.aliyuncs.com/compatible-mode/v1/chat/completions "HTTP/1.1 200 OK"
2026-06-10 16:57:44,216 [INFO] [XSYK2024009002] 集体心灵的物理还原性问题 → {'Q': '法学理论', 'G': '法学理论', 'D': '法学理论', 'K': '法学理论'}
2026-06-10 16:57:46,258 [INFO] HTTP Request: POST https://dashscope.aliyuncs.com/compatible-mode/v1/chat/completions "HTTP/1.1 200 OK"
2026-06-10 16:57:46,369 [INFO] HTTP Request: POST https://dashscope.aliyuncs.com/compatible-mode/v1/chat/completions "HTTP/1.1 200 OK"
2026-06-10 16:57:46,374 [INFO] [XSYK2024010009] 超越对立：英美契约理论下的身份观 → {'Q': '民商法学', 'G': '民商法学', 'D': '法学理论', 'K': '民商法学'}
2026-06-10 16:57:47,381 [INFO] HTTP Request: POST https://dashscope.aliyuncs.com/compatible-mode/v1/chat/completions "HTTP/1.1 200 OK"
2026-06-10 16:57:48,331 [INFO] HTTP Request: POST https://dashscope.aliyuncs.com/compatible-mode/v1/chat/completions "HTTP/1.1 200 OK"
2026-06-10 16:57:52,196 [INFO] HTTP Request: POST https://dashscope.aliyuncs.com/compatible-mode/v1/chat/completions "HTTP/1.1 200 OK"
2026-06-10 16:57:58,153 [INFO] HTTP Request: POST https://dashscope.aliyuncs.com/compatible-mode/v1/chat/completions "HTTP/1.1 200 OK"
2026-06-10 16:57:58,157 [INFO] [XSYK2024012008] 从嵌入到融合：技术治理与法律治理的关系及其优化 → {'Q': '数字法学', 'G': '数字法学', 'D': '法学理论', 'K': '数字法学'}
2026-06-10 16:58:00,060 [INFO] HTTP Request: POST https://dashscope.aliyuncs.com/compatible-mode/v1/chat/completions "HTTP/1.1 200 OK"
2026-06-10 16:58:01,529 [INFO] HTTP Request: POST https://dashscope.aliyuncs.com/compatible-mode/v1/chat/completions "HTTP/1.1 200 OK"
2026-06-10 16:58:02,480 [INFO] HTTP Request: POST https://dashscope.aliyuncs.com/compatible-mode/v1/chat/completions "HTTP/1.1 200 OK"
2026-06-10 16:58:02,486 [INFO] [XSYK2024011009] 法学学术批评的两种形态及其意义 → {'Q': '法学理论', 'G': '法学理论', 'D': '法学理论', 'K': '法学理论'}
2026-06-10 16:58:04,603 [INFO] HTTP Request: POST https://dashscope.aliyuncs.com/compatible-mode/v1/chat/completions "HTTP/1.1 200 OK"
2026-06-10 16:58:05,408 [INFO] HTTP Request: POST https://dashscope.aliyuncs.com/compatible-mode/v1/chat/completions "HTTP/1.1 200 OK"
2026-06-10 16:58:07,308 [INFO] HTTP Request: POST https://dashscope.aliyuncs.com/compatible-mode/v1/chat/completions "HTTP/1.1 200 OK"
2026-06-10 16:58:08,279 [INFO] HTTP Request: POST https://dashscope.aliyuncs.com/compatible-mode/v1/chat/completions "HTTP/1.1 200 OK"
2026-06-10 16:58:09,828 [INFO] HTTP Request: POST https://dashscope.aliyuncs.com/compatible-mode/v1/chat/completions "HTTP/1.1 200 OK"
2026-06-10 16:58:09,836 [INFO] [XSYK2025001010] 超越“东西”之分：中国司法需求的空间演变与类型化 → {'Q': '法学理论', 'G': '法学理论', 'D': '法学理论', 'K': '法学理论'}
2026-06-10 16:58:11,915 [INFO] HTTP Request: POST https://dashscope.aliyuncs.com/compatible-mode/v1/chat/completions "HTTP/1.1 200 OK"
2026-06-10 16:58:19,426 [INFO] HTTP Request: POST https://dashscope.aliyuncs.com/compatible-mode/v1/chat/completions "HTTP/1.1 200 OK"
2026-06-10 16:58:20,158 [INFO] HTTP Request: POST https://dashscope.aliyuncs.com/compatible-mode/v1/chat/completions "HTTP/1.1 200 OK"
2026-06-10 16:58:22,422 [INFO] HTTP Request: POST https://dashscope.aliyuncs.com/compatible-mode/v1/chat/completions "HTTP/1.1 200 OK"
2026-06-10 16:58:22,639 [INFO] HTTP Request: POST https://dashscope.aliyuncs.com/compatible-mode/v1/chat/completions "HTTP/1.1 200 OK"
2026-06-10 16:58:25,272 [INFO] HTTP Request: POST https://dashscope.aliyuncs.com/compatible-mode/v1/chat/completions "HTTP/1.1 200 OK"
2026-06-10 16:58:25,278 [INFO] [XSYK2025001011] 社会知识在司法中的运用及其优化 → {'Q': '法学理论', 'G': '法学理论', 'D': '法学理论', 'K': '法学理论'}
2026-06-10 16:58:27,316 [INFO] HTTP Request: POST https://dashscope.aliyuncs.com/compatible-mode/v1/chat/completions "HTTP/1.1 200 OK"
2026-06-10 16:58:28,413 [INFO] HTTP Request: POST https://dashscope.aliyuncs.com/compatible-mode/v1/chat/completions "HTTP/1.1 200 OK"
2026-06-10 16:58:29,758 [INFO] HTTP Request: POST https://dashscope.aliyuncs.com/compatible-mode/v1/chat/completions "HTTP/1.1 200 OK"
2026-06-10 16:58:32,539 [INFO] HTTP Request: POST https://dashscope.aliyuncs.com/compatible-mode/v1/chat/completions "HTTP/1.1 200 OK"
2026-06-10 16:58:32,543 [INFO] [XSYK2025003009] 法律如何实现动态治理——人工智能不确定性的立法应对 → {'Q': '数字法学', 'G': '数字法学', 'D': '数字法学', 'K': '数字法学'}
2026-06-10 16:58:34,665 [INFO] HTTP Request: POST https://dashscope.aliyuncs.com/compatible-mode/v1/chat/completions "HTTP/1.1 200 OK"
2026-06-10 16:58:36,185 [INFO] HTTP Request: POST https://dashscope.aliyuncs.com/compatible-mode/v1/chat/completions "HTTP/1.1 200 OK"
2026-06-10 16:58:36,196 [INFO] [XSYK2025002009] 作为用户的平台劳动者：保护机制及其构建 → {'Q': '数字法学', 'G': '数字法学', 'D': '经济法学', 'K': '经济法学'}
2026-06-10 16:58:38,312 [INFO] HTTP Request: POST https://dashscope.aliyuncs.com/compatible-mode/v1/chat/completions "HTTP/1.1 200 OK"
2026-06-10 16:58:41,374 [INFO] HTTP Request: POST https://dashscope.aliyuncs.com/compatible-mode/v1/chat/completions "HTTP/1.1 200 OK"
2026-06-10 16:58:42,425 [INFO] HTTP Request: POST https://dashscope.aliyuncs.com/compatible-mode/v1/chat/completions "HTTP/1.1 200 OK"
2026-06-10 16:58:42,437 [INFO] [XSYK2025003010] 再论中国国际法知识体系的早期生成——对《万国公法》的溯源考察 → {'Q': '国际法学', 'G': '国际法学', 'D': '国际法学', 'K': '国际法学'}
2026-06-10 16:58:44,572 [INFO] HTTP Request: POST https://dashscope.aliyuncs.com/compatible-mode/v1/chat/completions "HTTP/1.1 200 OK"
2026-06-10 16:58:46,066 [INFO] HTTP Request: POST https://dashscope.aliyuncs.com/compatible-mode/v1/chat/completions "HTTP/1.1 200 OK"
2026-06-10 16:58:47,702 [INFO] HTTP Request: POST https://dashscope.aliyuncs.com/compatible-mode/v1/chat/completions "HTTP/1.1 200 OK"
2026-06-10 16:58:49,227 [INFO] HTTP Request: POST https://dashscope.aliyuncs.com/compatible-mode/v1/chat/completions "HTTP/1.1 200 OK"
2026-06-10 16:58:49,240 [INFO] [XSYK2025004009] 证据分析的叙事方法及其运用 → {'Q': '诉讼法学', 'G': '诉讼法学', 'D': '诉讼法学', 'K': '诉讼法学'}
2026-06-10 16:58:52,034 [INFO] HTTP Request: POST https://dashscope.aliyuncs.com/compatible-mode/v1/chat/completions "HTTP/1.1 200 OK"
2026-06-10 16:58:55,958 [INFO] HTTP Request: POST https://dashscope.aliyuncs.com/compatible-mode/v1/chat/completions "HTTP/1.1 200 OK"
2026-06-10 16:58:58,302 [INFO] HTTP Request: POST https://dashscope.aliyuncs.com/compatible-mode/v1/chat/completions "HTTP/1.1 200 OK"
2026-06-10 16:58:58,310 [INFO] [XSYK2025005009] 领域法学的理论反思与证成 → {'Q': '法学理论', 'G': '法学理论', 'D': '法学理论', 'K': '法学理论'}
2026-06-10 16:59:00,150 [INFO] HTTP Request: POST https://dashscope.aliyuncs.com/compatible-mode/v1/chat/completions "HTTP/1.1 200 OK"
2026-06-10 16:59:00,317 [INFO] HTTP Request: POST https://dashscope.aliyuncs.com/compatible-mode/v1/chat/completions "HTTP/1.1 200 OK"
2026-06-10 16:59:01,079 [INFO] HTTP Request: POST https://dashscope.aliyuncs.com/compatible-mode/v1/chat/completions "HTTP/1.1 200 OK"
2026-06-10 16:59:01,723 [INFO] HTTP Request: POST https://dashscope.aliyuncs.com/compatible-mode/v1/chat/completions "HTTP/1.1 200 OK"
2026-06-10 16:59:02,948 [INFO] HTTP Request: POST https://dashscope.aliyuncs.com/compatible-mode/v1/chat/completions "HTTP/1.1 200 OK"
2026-06-10 16:59:05,971 [INFO] HTTP Request: POST https://dashscope.aliyuncs.com/compatible-mode/v1/chat/completions "HTTP/1.1 200 OK"
2026-06-10 16:59:11,305 [INFO] HTTP Request: POST https://dashscope.aliyuncs.com/compatible-mode/v1/chat/completions "HTTP/1.1 200 OK"
2026-06-10 16:59:11,313 [INFO] [XSYK2025006009] 论著作权法中作品独创性的判断方法 → {'Q': '知识产权法学', 'G': '知识产权法学', 'D': '知识产权法学', 'K': '知识产权法学'}
2026-06-10 16:59:11,764 [INFO] HTTP Request: POST https://dashscope.aliyuncs.com/compatible-mode/v1/chat/completions "HTTP/1.1 200 OK"
2026-06-10 16:59:12,209 [INFO] HTTP Request: POST https://dashscope.aliyuncs.com/compatible-mode/v1/chat/completions "HTTP/1.1 200 OK"
2026-06-10 16:59:12,221 [INFO] [XSYK2025005010] 论“协商式” 刑事责任 → {'Q': '刑法学', 'G': '刑法学', 'D': '刑法学', 'K': '刑法学'}
2026-06-10 16:59:13,489 [INFO] HTTP Request: POST https://dashscope.aliyuncs.com/compatible-mode/v1/chat/completions "HTTP/1.1 200 OK"
2026-06-10 16:59:15,002 [INFO] HTTP Request: POST https://dashscope.aliyuncs.com/compatible-mode/v1/chat/completions "HTTP/1.1 200 OK"
2026-06-10 16:59:17,155 [INFO] HTTP Request: POST https://dashscope.aliyuncs.com/compatible-mode/v1/chat/completions "HTTP/1.1 200 OK"
2026-06-10 16:59:20,340 [INFO] HTTP Request: POST https://dashscope.aliyuncs.com/compatible-mode/v1/chat/completions "HTTP/1.1 200 OK"
2026-06-10 16:59:24,383 [INFO] HTTP Request: POST https://dashscope.aliyuncs.com/compatible-mode/v1/chat/completions "HTTP/1.1 200 OK"
2026-06-10 16:59:25,315 [INFO] HTTP Request: POST https://dashscope.aliyuncs.com/compatible-mode/v1/chat/completions "HTTP/1.1 200 OK"
2026-06-10 16:59:25,319 [INFO] [XSYK2025007011] 为何法治概念应包含“基本正义要求” → {'Q': '法学理论', 'G': '法学理论', 'D': '法学理论', 'K': '法学理论'}
2026-06-10 16:59:25,845 [INFO] HTTP Request: POST https://dashscope.aliyuncs.com/compatible-mode/v1/chat/completions "HTTP/1.1 200 OK"
2026-06-10 16:59:27,557 [INFO] HTTP Request: POST https://dashscope.aliyuncs.com/compatible-mode/v1/chat/completions "HTTP/1.1 200 OK"
2026-06-10 16:59:28,265 [INFO] HTTP Request: POST https://dashscope.aliyuncs.com/compatible-mode/v1/chat/completions "HTTP/1.1 200 OK"
2026-06-10 16:59:28,273 [INFO] [XSYK2025007002] 论中华条标传统的话语构建与创造性转化 → {'Q': '法律史', 'G': '法律史', 'D': '法学理论', 'K': '法律史'}
2026-06-10 16:59:30,986 [INFO] HTTP Request: POST https://dashscope.aliyuncs.com/compatible-mode/v1/chat/completions "HTTP/1.1 200 OK"
2026-06-10 16:59:32,744 [INFO] HTTP Request: POST https://dashscope.aliyuncs.com/compatible-mode/v1/chat/completions "HTTP/1.1 200 OK"
2026-06-10 16:59:34,753 [INFO] HTTP Request: POST https://dashscope.aliyuncs.com/compatible-mode/v1/chat/completions "HTTP/1.1 200 OK"
2026-06-10 16:59:40,557 [INFO] HTTP Request: POST https://dashscope.aliyuncs.com/compatible-mode/v1/chat/completions "HTTP/1.1 200 OK"
2026-06-10 16:59:46,094 [INFO] HTTP Request: POST https://dashscope.aliyuncs.com/compatible-mode/v1/chat/completions "HTTP/1.1 200 OK"
2026-06-10 16:59:54,503 [INFO] HTTP Request: POST https://dashscope.aliyuncs.com/compatible-mode/v1/chat/completions "HTTP/1.1 200 OK"
2026-06-10 16:59:54,514 [INFO] [XSYK2025008008] 应对气候变化的生态环境法典化表达 → {'Q': '环境与资源保护法学', 'G': '环境与资源保护法学', 'D': '环境与资源保护法学', 'K': '环境与资源保护法学'}
2026-06-10 16:59:56,429 [INFO] HTTP Request: POST https://dashscope.aliyuncs.com/compatible-mode/v1/chat/completions "HTTP/1.1 200 OK"
2026-06-10 16:59:56,440 [INFO] [XSYK2025007008] 平等与效率的兼顾——《慈善法》的激励与分配效应 → {'Q': '经济法学', 'G': '经济法学', 'D': '经济法学', 'K': '经济法学'}
2026-06-10 16:59:56,998 [INFO] HTTP Request: POST https://dashscope.aliyuncs.com/compatible-mode/v1/chat/completions "HTTP/1.1 200 OK"
2026-06-10 16:59:58,627 [INFO] HTTP Request: POST https://dashscope.aliyuncs.com/compatible-mode/v1/chat/completions "HTTP/1.1 200 OK"
2026-06-10 17:00:00,342 [INFO] HTTP Request: POST https://dashscope.aliyuncs.com/compatible-mode/v1/chat/completions "HTTP/1.1 200 OK"
2026-06-10 17:00:00,354 [INFO] [XSYK2025009010] 比例原则的基本观念及其普遍化 → {'Q': '宪法学与行政法学', 'G': '宪法学与行政法学', 'D': '法学理论', 'K': '宪法学与行政法学'}
2026-06-10 17:00:05,535 [INFO] HTTP Request: POST https://dashscope.aliyuncs.com/compatible-mode/v1/chat/completions "HTTP/1.1 200 OK"
2026-06-10 17:00:05,546 [INFO] [XSYK2025010009] 区域权利谱系及其构造论——区域经济法本体论的视域 → {'Q': '经济法学', 'G': '经济法学', 'D': '经济法学', 'K': '经济法学'}
2026-06-10 17:00:11,547 [INFO] HTTP Request: POST https://dashscope.aliyuncs.com/compatible-mode/v1/chat/completions "HTTP/1.1 200 OK"
2026-06-10 17:00:18,158 [INFO] HTTP Request: POST https://dashscope.aliyuncs.com/compatible-mode/v1/chat/completions "HTTP/1.1 200 OK"
2026-06-10 17:00:20,012 [INFO] HTTP Request: POST https://dashscope.aliyuncs.com/compatible-mode/v1/chat/completions "HTTP/1.1 200 OK"
2026-06-10 17:00:20,017 [INFO] [XSYK2025010010] 人工智能国际法与国内法的双向互动 → {'Q': '国际法学', 'G': '数字法学', 'D': '国际法学', 'K': '数字法学'}
2026-06-10 17:00:40,860 [INFO] HTTP Request: POST https://dashscope.aliyuncs.com/compatible-mode/v1/chat/completions "HTTP/1.1 200 OK"
2026-06-10 17:00:40,869 [INFO] [XSYK2025011008] 人格权法自主知识创新的理论基础与制度表达 → {'Q': '民商法学', 'G': '民商法学', 'D': '民商法学', 'K': '民商法学'}
2026-06-10 17:00:40,869 [INFO] 分类完成，耗时 1272.9s
2026-06-10 17:00:40,885 [INFO] 已写入 /Users/jinyh/Documents/AIProjects/SocialEval/raw/xueshuyuekan/97001X_学术月刊_法学院2015起.csv，共 149 行，新增列: ['分类-Q', '分类-G', '分类-D', '分类-K', '分类']
2026-06-10 17:00:40,885 [INFO] 
=== 分类统计 ===
2026-06-10 17:00:40,885 [INFO] 总完成: 149 篇
2026-06-10 17:00:40,885 [INFO] 4 模型一致: 112/149 (75.2%)
2026-06-10 17:00:40,885 [INFO] 分类分布:
2026-06-10 17:00:40,885 [INFO]   法学理论: 38
2026-06-10 17:00:40,885 [INFO]   宪法学与行政法学: 22
2026-06-10 17:00:40,886 [INFO]   法律史: 21
2026-06-10 17:00:40,886 [INFO]   国际法学: 15
2026-06-10 17:00:40,886 [INFO]   民商法学: 14
2026-06-10 17:00:40,886 [INFO]   刑法学: 10
2026-06-10 17:00:40,886 [INFO]   数字法学: 8
2026-06-10 17:00:40,886 [INFO]   经济法学: 6
2026-06-10 17:00:40,886 [INFO]   环境与资源保护法学: 6
2026-06-10 17:00:40,886 [INFO]   诉讼法学: 5
2026-06-10 17:00:40,886 [INFO]   知识产权法学: 3
2026-06-10 17:00:40,886 [INFO]   党内法规学: 1
